SYMBOL,trade_date,direction,signal_time,entry_time,entry_price,signal_close,signal_vwap,entry_open,entry_high,entry_low,entry_close,entry_vwap,orb_high,orb_low,orb_range,signal_vwap_distance,entry_vwap_distance,vwap_slope_5bars,signal_close_vs_orb,entry_bar_return_pct,risk,mfe,mae,mfe_r,mae_r,target_2r_reached,stop_1r_reached,entry_hour,entry_minute,minutes_from_open
INFY,2025-08-18,SELL,2025-08-18 10:20:00+05:30,2025-08-18 10:25:00+05:30,1411.0941,1411.8,1417.372144803484,1411.8,1412.4,1410.8,1411.2,1417.0830361297806,1433.7,1413.6,20.100000000000136,5.57214480348398,5.988936129780541,-0.1431739387128869,1.7999999999999545,-0.04249893752655831,10.050000000000068,11.794100000000071,1.3059000000000651,1.173542288557213,0.12994029850746827,False,False,10,25,70
INFY,2025-08-19,BUY,2025-08-19 09:55:00+05:30,2025-08-19 10:00:00+05:30,1413.60645,1412.8,1409.7435928487037,1412.9,1414.3,1412.5,1413.2,1410.0422418466499,1412.3,1402.4,9.899999999999864,3.0564071512962983,3.564208153350137,0.10032519293944578,0.5,0.021232925189318408,4.949999999999932,5.09355000000005,6.106449999999995,1.0290000000000243,1.2336262626262786,False,True,10,0,45
INFY,2025-08-20,BUY,2025-08-20 09:40:00+05:30,2025-08-20 09:45:00+05:30,1433.21625,1432.5,1426.3247957923018,1432.5,1434.0,1431.6,1433.4,1426.8601511620461,1431.4,1410.2,21.200000000000045,6.175204207698243,6.356098837953823,1.8612718787418112,1.099999999999909,0.06282722513089034,10.600000000000023,34.08375000000001,1.6162500000000364,3.215448113207541,0.15247641509434273,True,False,9,45,30
INFY,2025-08-22,SELL,2025-08-22 09:50:00+05:30,2025-08-22 09:55:00+05:30,1458.77025,1460.5,1462.9400285801446,1459.5,1462.2,1459.5,1461.0,1462.8738632802394,1472.4,1461.0,11.400000000000091,2.440028580144599,4.103613280239415,-0.35586061483999476,0.5,0.10277492291881352,5.7000000000000455,4.170250000000124,9.029749999999922,0.7316228070175598,1.5841666666666403,False,True,9,55,40
INFY,2025-08-25,BUY,2025-08-25 09:30:00+05:30,2025-08-25 09:35:00+05:30,1491.3453,1490.7,1484.4847515147455,1490.6,1493.5,1490.2,1492.8,1486.5678298760067,1488.7,1474.8,13.900000000000091,6.215248485254506,4.777470123993226,0.38824548637992917,2.0,0.1475915738628819,6.9500000000000455,15.054700000000139,4.345299999999952,2.166143884892092,0.6252230215827228,True,False,9,35,20
INFY,2025-08-26,BUY,2025-08-26 09:35:00+05:30,2025-08-26 09:40:00+05:30,1504.9521,1504.1,1499.2134302838813,1504.2,1505.8,1499.1,1499.8,1499.6278192957263,1503.1,1487.5,15.599999999999909,4.886569716118629,5.324280704273633,0.4870120119091696,1.0,-0.2925142933120628,7.7999999999999545,0.8478999999999814,18.552099999999882,0.10870512820512646,2.3784743589743575,False,True,9,40,25
INFY,2025-08-28,SELL,2025-08-28 10:10:00+05:30,2025-08-28 10:15:00+05:30,1473.8627,1474.6,1481.5475832628183,1474.6,1476.5,1473.5,1474.2,1480.9423373391355,1497.2,1477.5,19.700000000000045,6.947583262818398,7.0796373391356155,-0.2367625826933083,2.900000000000091,-0.02712600027124923,9.850000000000023,7.56269999999995,6.637300000000096,0.76778680203045,0.6738375634517848,False,False,10,15,60
INFY,2025-08-29,SELL,2025-08-29 09:30:00+05:30,2025-08-29 09:35:00+05:30,1454.57235,1455.6,1459.5269117644157,1455.3,1456.4,1453.5,1455.4,1458.9894531141676,1470.1,1456.3,13.799999999999955,3.926911764415763,4.41710311416773,-0.8039564905386135,0.7000000000000455,0.006871435442867835,6.899999999999977,17.972350000000006,4.127650000000131,2.604688405797111,0.5982101449275571,True,False,9,35,20
INFY,2025-09-02,BUY,2025-09-02 11:45:00+05:30,2025-09-02 11:50:00+05:30,1472.83605,1472.1,1463.878898962461,1472.1,1473.1,1470.9,1471.0,1464.220852128313,1471.2,1454.8,16.40000000000009,8.221101037538801,8.61519787168686,0.1570504230013959,0.8999999999998636,-0.07472318456626104,8.200000000000045,7.963950000000068,11.336049999999886,0.9712134146341492,1.382445121951198,False,True,11,50,155
INFY,2025-09-03,SELL,2025-09-03 09:45:00+05:30,2025-09-03 09:50:00+05:30,1447.37595,1448.1,1454.4401805033433,1448.1,1449.9,1448.1,1449.3,1454.1769778790228,1470.1,1450.7,19.399999999999864,6.34018050334339,6.80102787902274,-0.3524416175857911,2.6000000000001364,0.08286720530350511,9.699999999999932,5.575950000000148,2.824049999999943,0.5748402061855863,0.29113917525772814,False,False,9,50,35
INFY,2025-09-04,SELL,2025-09-04 09:40:00+05:30,2025-09-04 09:45:00+05:30,1439.57985,1440.3,1445.6777487364218,1440.3,1445.3,1439.5,1445.0,1444.853569887838,1452.6,1443.8,8.799999999999955,5.377748736421836,5.273719887837842,-0.43581489564344017,3.5,0.32632090536695024,4.399999999999977,10.379850000000033,5.720149999999876,2.359056818181838,1.3000340909090695,True,True,9,45,30
INFY,2025-09-05,SELL,2025-09-05 10:05:00+05:30,2025-09-05 10:10:00+05:30,1428.98515,1429.6,1436.5350372117398,1429.7,1429.7,1408.6,1413.7,1427.7306723539093,1441.5,1433.6,7.900000000000091,6.935037211739882,-1.2544776460906633,-0.24920685778671484,4.0,-1.1191158984402372,3.9500000000000455,26.385150000000067,0.7148500000000695,6.679784810126522,0.1809746835443193,True,False,10,10,55
INFY,2025-09-05,SELL,2025-09-05 14:20:00+05:30,2025-09-05 14:25:00+05:30,1413.4929,1414.2,1415.2348775760795,1414.2,1414.8,1413.9,1414.2,1415.2240036026255,1441.5,1433.6,7.900000000000091,1.0348775760794524,1.7311036026255806,-0.024493120063965014,19.399999999999864,0.0,3.9500000000000455,2.392900000000054,2.107099999999946,0.6057974683544372,0.5334430379746636,False,False,14,25,310
INFY,2025-09-08,SELL,2025-09-08 09:55:00+05:30,2025-09-08 10:00:00+05:30,1411.0941,1411.5,1417.4637593531238,1411.8,1413.3,1411.7,1411.9,1417.2935915131352,1427.1,1414.4,12.699999999999818,5.963759353123805,6.199491513135172,-0.15345053615795612,2.900000000000091,0.007083156254439338,6.349999999999909,13.094100000000026,2.2058999999999287,2.062062992126018,0.3473858267716473,True,False,10,0,45
INFY,2025-09-09,BUY,2025-09-09 09:30:00+05:30,2025-09-09 09:35:00+05:30,1454.1267,1454.2,1448.2647259619637,1453.4,1456.2,1452.2,1455.3,1448.6563029826968,1453.5,1441.3,12.200000000000045,5.935274038036368,5.470397017303185,0.6070928754225811,0.7000000000000455,0.13072794825923495,6.100000000000023,21.173299999999927,1.9266999999999825,3.471032786885221,0.3158524590163894,True,False,9,35,20
INFY,2025-09-10,BUY,2025-09-10 10:00:00+05:30,2025-09-10 10:05:00+05:30,1495.44735,1494.7,1489.4769929294266,1494.7,1495.0,1492.2,1493.2,1489.583774560025,1494.5,1477.3,17.200000000000045,5.223007070573431,5.863575439974966,0.16042138170961243,0.20000000000004547,-0.10035458620458737,8.600000000000023,6.952650000000176,4.347350000000006,0.808447674418623,0.5055058139534877,False,False,10,5,50
INFY,2025-09-11,SELL,2025-09-11 09:50:00+05:30,2025-09-11 09:55:00+05:30,1479.3599499999998,1480.2,1485.6294130082533,1480.1,1480.2,1478.3,1479.5,1485.1732247309967,1495.1,1480.7,14.399999999999864,5.429413008253277,5.813274730996909,-0.17442654695144943,0.5,-0.04053780149989583,7.199999999999932,4.75994999999989,4.74005000000011,0.6611041666666576,0.6583402777777994,False,False,9,55,40
INFY,2025-09-12,SELL,2025-09-12 09:40:00+05:30,2025-09-12 09:45:00+05:30,1490.95415,1491.7,1501.413721456216,1491.7,1492.7,1490.9,1492.6,1501.051267823434,1510.2,1496.4,13.799999999999955,9.713721456216035,10.097117823434019,0.10385705405815443,4.7000000000000455,0.06033384728831859,6.899999999999977,2.054149999999936,7.645849999999882,0.29770289855071635,1.1080942028985372,False,True,9,45,30
INFY,2025-09-16,BUY,2025-09-16 15:05:00+05:30,2025-09-16 15:10:00+05:30,1481.5404,1480.8,1475.030761376831,1480.8,1481.9,1478.0,1481.0,1475.3674105717632,1479.4,1471.7,7.7000000000000455,5.769238623169031,6.1729894282368605,0.10193301458716471,1.3999999999998636,0.013506212857916644,3.8500000000000227,0.35960000000000036,3.5404000000000906,0.09340259740259695,0.9195844155844337,False,False,15,10,355
INFY,2025-09-17,BUY,2025-09-17 11:45:00+05:30,2025-09-17 11:50:00+05:30,1491.9456,1491.2,1486.7696234475975,1491.2,1491.5,1490.0,1490.5,1486.9422962868161,1490.7,1481.9,8.799999999999955,4.430376552402549,5.003303713183868,0.10927311697778615,0.5,-0.046942060085841675,4.399999999999977,2.454400000000078,6.145600000000059,0.5578181818182024,1.3967272727272932,False,True,11,50,155
INFY,2025-09-18,SELL,2025-09-18 10:10:00+05:30,2025-09-18 10:15:00+05:30,1510.54435,1511.3,1517.4814691912613,1511.3,1513.0,1510.6,1512.1,1517.3817158456668,1522.1,1512.4,9.699999999999818,6.181469191261385,6.837365845666909,-0.12998547803116833,1.1000000000001364,0.05293455965063032,4.849999999999909,4.644349999999804,9.555650000000014,0.9575979381443074,1.9702371134021017,False,True,10,15,60
INFY,2025-09-19,SELL,2025-09-19 09:30:00+05:30,2025-09-19 09:35:00+05:30,1495.6518,1496.5,1506.981417980502,1496.4,1497.2,1494.1,1496.3,1506.1955795130252,1518.4,1498.1,20.300000000000182,10.481417980502101,10.543779513025129,-1.1541737202002444,1.599999999999909,-0.0066827051590556685,10.150000000000091,7.751800000000003,18.848199999999906,0.7637241379310279,1.8569655172413535,False,True,9,35,20
INFY,2025-09-22,BUY,2025-09-22 09:30:00+05:30,2025-09-22 09:35:00+05:30,1476.03765,1475.1,1466.0971641992471,1475.3,1478.7,1474.9,1478.0,1466.7918637638854,1472.2,1450.6,21.600000000000136,9.002835800752791,9.245786236114554,1.434286172552927,2.8999999999998636,0.18301362434758328,10.800000000000068,6.562349999999924,17.23765000000003,0.6076249999999891,1.5960787037036965,False,True,9,35,20
INFY,2025-09-24,SELL,2025-09-24 10:40:00+05:30,2025-09-24 10:45:00+05:30,1454.57235,1455.3,1459.912903390409,1455.3,1455.5,1454.0,1454.0,1459.7554977222696,1465.0,1455.7,9.299999999999955,4.612903390408974,5.183147722269723,-0.10495819899904617,0.40000000000009095,-0.08932866075722634,4.649999999999977,3.2723499999999603,10.22765000000004,0.7037311827956938,2.199494623655933,False,True,10,45,90
INFY,2025-09-25,SELL,2025-09-25 12:35:00+05:30,2025-09-25 12:40:00+05:30,1456.37145,1457.1,1464.7323304428573,1457.1,1457.2,1452.2,1453.0,1464.3853770304177,1470.9,1457.3,13.600000000000136,7.6323304428574374,8.013927030417562,-0.10860921501725004,0.20000000000004547,-0.28138082492621397,6.800000000000068,11.17145000000005,3.82854999999995,1.642860294117638,0.5630220588235164,False,False,12,40,205
INFY,2025-09-26,SELL,2025-09-26 09:40:00+05:30,2025-09-26 09:45:00+05:30,1427.38595,1428.0,1435.244807434701,1428.1,1433.2,1427.3,1432.5,1434.9073322920963,1447.4,1429.2,18.200000000000045,7.244807434700988,7.5213822920961775,-0.765814600509728,1.2000000000000455,0.3081016735522857,9.100000000000023,16.685950000000048,7.2140499999998156,1.83362087912088,0.792752747252725,False,False,9,45,30
INFY,2025-09-29,SELL,2025-09-29 11:45:00+05:30,2025-09-29 11:50:00+05:30,1418.79025,1419.4,1428.3305881579931,1419.5,1421.6,1419.3,1421.0,1428.1584068658722,1434.0,1422.4,11.599999999999909,8.930588157993043,9.368156865872152,-0.20578155386891053,3.0,0.10567101091933928,5.7999999999999545,12.690250000000106,7.3097499999998945,2.1879741379310698,1.2603017241379226,True,True,11,50,155
INFY,2025-09-30,SELL,2025-09-30 09:30:00+05:30,2025-09-30 09:35:00+05:30,1407.8956999999998,1408.6,1413.0472451828248,1408.6,1409.6,1408.0,1408.0,1412.610895488497,1418.2,1410.3,7.900000000000091,4.447245182824872,4.715195488497102,-0.37213163242767344,1.7000000000000455,-0.04259548487859366,3.9500000000000455,0.29569999999989705,13.504300000000285,0.07486075949364396,3.4188101265823114,False,True,9,35,20
INFY,2025-09-30,SELL,2025-09-30 14:55:00+05:30,2025-09-30 15:00:00+05:30,1409.79475,1410.2,1413.8372118138946,1410.5,1411.7,1409.5,1411.7,1413.6001549318012,1418.2,1410.3,7.900000000000091,3.6372118138945098,3.8054049318011494,-0.07831762574646359,0.09999999999990905,0.08507621410847044,3.9500000000000455,0.29475000000002183,3.205249999999978,0.07462025316456163,0.8114556962025168,False,False,15,0,345
INFY,2025-10-01,SELL,2025-10-01 10:00:00+05:30,2025-10-01 10:05:00+05:30,1398.7003000000002,1399.5,1404.3640979531415,1399.4,1399.7,1397.2,1398.6,1403.6766801694362,1415.4,1399.8,15.600000000000136,4.864097953141481,4.97638016943597,-0.11361095176271344,0.2999999999999545,-0.05716735743891421,7.800000000000068,1.500300000000152,20.099699999999757,0.19234615384617165,2.5768846153845617,False,True,10,5,50
INFY,2025-10-01,BUY,2025-10-01 14:40:00+05:30,2025-10-01 14:45:00+05:30,1416.60795,1415.9,1406.5999056466644,1415.9,1418.7,1415.3,1418.6,1406.92143368486,1415.4,1399.8,15.600000000000136,9.30009435333568,9.686516315140125,0.2844048225650347,0.5,0.19069143301080338,7.800000000000068,2.192049999999881,4.2079499999999825,0.28103205128203357,0.5394807692307623,False,False,14,45,330
INFY,2025-10-03,BUY,2025-10-03 09:45:00+05:30,2025-10-03 09:50:00+05:30,1413.3063,1412.6,1407.2816709996807,1412.6,1412.6,1410.4,1411.6,1407.511532024794,1411.5,1402.8,8.700000000000045,5.318329000319181,5.794767975206014,0.018724263974153714,1.099999999999909,-0.07079144839303719,4.350000000000023,4.293699999999944,5.806299999999965,0.9870574712643498,1.3347816091953872,False,True,9,50,35
INFY,2025-10-06,BUY,2025-10-06 09:45:00+05:30,2025-10-06 09:50:00+05:30,1425.3122999999998,1424.6,1419.96067448982,1424.6,1425.3,1421.0,1421.1,1420.2428115416685,1423.2,1411.8,11.400000000000091,4.639325510180015,5.069488458331307,0.22386990653761268,1.3999999999998636,-0.24568299873648503,5.7000000000000455,22.187700000000177,5.012299999999868,3.892578947368421,0.8793508771929524,True,False,9,50,35
INFY,2025-10-07,SELL,2025-10-07 09:35:00+05:30,2025-10-07 09:40:00+05:30,1434.3824499999998,1435.1,1442.146020225432,1435.1,1437.9,1435.0,1436.8,1441.8163558116923,1451.5,1435.9,15.599999999999909,7.04602022543213,7.433905811692512,-1.139520074326185,0.8000000000001819,0.11845864399693262,7.7999999999999545,11.18244999999979,7.217550000000074,1.4336474358974174,0.925326923076938,False,False,9,40,25
INFY,2025-10-08,BUY,2025-10-08 09:35:00+05:30,2025-10-08 09:40:00+05:30,1457.82855,1457.5,1451.4626324400738,1457.1,1459.8,1456.3,1457.6,1451.8466025095083,1456.4,1424.2,32.200000000000045,6.037367559926224,5.981947490491621,2.1601449678550915,1.099999999999909,0.034314734747109554,16.100000000000023,8.471450000000004,7.128549999999905,0.5261770186335399,0.44276708074533505,False,False,9,40,25
INFY,2025-10-09,SELL,2025-10-09 09:50:00+05:30,2025-10-09 09:55:00+05:30,1462.6683,1463.4,1468.5069650294292,1463.4,1464.1,1461.3,1461.7,1468.2427076935312,1477.4,1465.1,12.300000000000182,5.106965029429148,5.574407693531157,-0.19763648750379692,1.699999999999818,-0.11616782834494854,6.150000000000091,7.168300000000045,19.231700000000046,1.1655772357723477,3.127105691056872,False,True,9,55,40
INFY,2025-10-09,BUY,2025-10-09 14:50:00+05:30,2025-10-09 14:55:00+05:30,1479.23925,1478.4,1470.7679401350763,1478.5,1479.3,1478.0,1479.0,1470.8934213172006,1477.4,1465.1,12.300000000000182,7.632059864923804,8.345828682799493,0.19379612940084304,1.0,0.0338180588434156,6.150000000000091,1.2607499999999163,5.939250000000129,0.20499999999998336,0.9657317073170799,False,False,14,55,340
INFY,2025-10-13,SELL,2025-10-13 10:15:00+05:30,2025-10-13 10:20:00+05:30,1460.6693,1461.4,1467.253788345735,1461.4,1462.3,1460.5,1460.9,1467.0805415840205,1472.8,1462.8,10.0,5.8537883457349835,6.411241584020445,-0.1789165298511095,1.3999999999998636,-0.03421376762009487,5.0,8.669300000000021,8.830699999999979,1.7338600000000042,1.7661399999999958,False,True,10,20,65
INFY,2025-10-14,SELL,2025-10-14 09:55:00+05:30,2025-10-14 10:00:00+05:30,1463.268,1464.0,1473.7275352626327,1464.0,1467.1,1458.8,1462.6,1472.5211582578538,1479.5,1466.4,13.099999999999909,9.727535262632728,9.253158257853784,-0.24875850128300037,2.400000000000091,-0.09562841530055266,6.5499999999999545,8.268000000000029,9.33199999999988,1.262290076335891,1.4247328244274724,False,True,10,0,45
INFY,2025-10-15,SELL,2025-10-15 09:35:00+05:30,2025-10-15 09:40:00+05:30,1445.277,1446.0,1451.287221311195,1446.0,1448.7,1445.7,1446.8,1450.9851375382718,1457.1,1448.8,8.299999999999955,5.287221311195026,5.708137538271785,-0.09519918495465297,2.7999999999999545,0.055325034578146415,4.149999999999977,8.876999999999953,3.423000000000002,2.1390361445783137,0.8248192771084387,True,False,9,40,25
INFY,2025-10-16,BUY,2025-10-16 15:00:00+05:30,2025-10-16 15:05:00+05:30,1443.5214,1442.8,1436.6492573363184,1442.8,1443.3,1441.2,1442.3,1436.8267165714226,1442.7,1429.6,13.100000000000136,6.150742663681513,6.694683428577491,0.07281818667966837,0.09999999999990905,-0.03465483781536216,6.550000000000068,0.0,10.621399999999994,0.0,1.6215877862595243,False,True,15,5,350
INFY,2025-10-17,SELL,2025-10-17 09:35:00+05:30,2025-10-17 09:40:00+05:30,1415.19205,1415.9,1421.4121149321463,1415.9,1420.4,1415.7,1420.2,1421.2660159477637,1427.5,1416.6,10.900000000000091,5.512114932146233,6.073965947763554,-0.38028225098516943,0.6999999999998181,0.30369376368386547,5.4500000000000455,11.5920500000002,5.907949999999801,2.1269816513761657,1.0840275229357341,True,True,9,40,25
INFY,2025-10-20,BUY,2025-10-20 09:55:00+05:30,2025-10-20 10:00:00+05:30,1432.81605,1432.0,1427.5361043755447,1432.1,1432.9,1430.6,1431.5,1427.7616554905383,1430.6,1419.3,11.299999999999955,4.46389562445529,5.054394509461645,0.22629379082802614,1.400000000000091,-0.04189651560644325,5.649999999999977,3.0839500000001863,7.116049999999859,0.5458318584071148,1.259477876106175,False,True,10,0,45
INFY,2025-10-23,BUY,2025-10-23 09:35:00+05:30,2025-10-23 09:40:00+05:30,1492.3457999999998,1491.7,1484.9435849166016,1491.6,1494.7,1490.4,1493.0,1485.571142697726,1486.9,1474.1,12.800000000000182,6.756415083398451,6.7746573022739085,0.7012157013131299,4.7999999999999545,0.09385894341646939,6.400000000000091,20.954200000000128,3.545799999999872,3.2740937499999734,0.5540312499999721,True,False,9,40,25
INFY,2025-10-24,SELL,2025-10-24 10:40:00+05:30,2025-10-24 10:45:00+05:30,1487.95565,1488.8,1496.2720244580505,1488.7,1489.3,1487.0,1489.2,1495.9284279490232,1510.3,1490.9,19.399999999999864,7.472024458050555,7.972777949023111,-0.14322134880443813,2.1000000000001364,0.0335863505071643,9.699999999999932,2.1556500000001506,7.644349999999804,0.2222319587629037,0.7880773195876142,False,False,10,45,90
INFY,2025-10-27,BUY,2025-10-27 09:40:00+05:30,2025-10-27 09:45:00+05:30,1480.43985,1479.7,1474.8338313217491,1479.7,1480.5,1477.0,1480.5,1475.1055212830051,1479.2,1466.4,12.799999999999955,4.866168678250915,5.334328716994833,0.4290953438055396,0.5,0.05406501317835044,6.399999999999977,2.760150000000067,11.239849999999933,0.431273437500012,1.7562265624999958,False,True,9,45,30
INFY,2025-10-28,SELL,2025-10-28 10:05:00+05:30,2025-10-28 10:10:00+05:30,1462.9681500000002,1463.7,1469.8033004391484,1463.7,1467.5,1463.3,1467.0,1469.5005733044898,1474.6,1465.3,9.299999999999955,6.10330043914837,6.532423304489612,-0.21541709046287857,1.599999999999909,0.2254560360729574,4.649999999999977,4.06815000000006,8.43184999999994,0.8748709677419526,1.8133010752688132,False,True,10,10,55
INFY,2025-10-29,BUY,2025-10-29 10:25:00+05:30,2025-10-29 10:30:00+05:30,1482.3408,1481.8,1472.4396149165882,1481.6,1484.7,1479.7,1483.3,1473.2613391632485,1475.1,1465.2,9.899999999999864,9.360385083411757,9.079460836751423,0.31611605044636243,6.7000000000000455,0.11474082073434921,4.949999999999932,5.659200000000055,6.640799999999899,1.1432727272727543,1.3415757575757556,False,True,10,30,75
INFY,2025-10-30,SELL,2025-10-30 09:30:00+05:30,2025-10-30 09:35:00+05:30,1466.16655,1466.7,1470.640726447193,1466.9,1467.7,1465.8,1465.8,1470.1710950760753,1476.3,1468.7,7.599999999999909,3.940726447192901,4.004545076075374,-0.6415715282012684,2.0,-0.07498807007977337,3.7999999999999545,8.566550000000007,4.833450000000084,2.2543552631579233,1.271960526315827,True,True,9,35,20
INFY,2025-10-31,BUY,2025-10-31 09:40:00+05:30,2025-10-31 09:45:00+05:30,1466.03265,1465.2,1462.2232625570466,1465.3,1465.4,1462.7,1464.0,1462.3769319353141,1464.8,1455.5,9.299999999999955,2.9767374429534357,3.6557180646859706,0.47316426987289706,0.40000000000009095,-0.08871903364497946,4.649999999999977,0.0,16.73265000000015,0.0,3.598419354838759,False,True,9,45,30
INFY,2025-10-31,SELL,2025-10-31 10:35:00+05:30,2025-10-31 10:40:00+05:30,1454.2725,1454.9,1460.8992458608845,1455.0,1457.0,1454.7,1456.6,1460.7201264859007,1464.8,1455.5,9.299999999999955,5.999245860884457,6.447626485900628,-0.23643617485514656,0.599999999999909,0.1099656357388179,4.649999999999977,4.972500000000082,4.527499999999918,1.0693548387097003,0.9736559139784818,False,False,10,40,85
INFY,2025-11-03,SELL,2025-11-03 09:30:00+05:30,2025-11-03 09:35:00+05:30,1443.97765,1444.5,1447.5236872293365,1444.7,1444.9,1443.8,1444.4,1447.1009742168476,1453.4,1444.7,8.700000000000045,3.023687229336474,3.12332421684755,-0.6097573522096016,0.20000000000004547,-0.020765556863011625,4.350000000000023,0.9776500000000397,15.822349999999915,0.22474712643678954,3.637321839080421,False,True,9,35,20
INFY,2025-11-03,BUY,2025-11-03 11:15:00+05:30,2025-11-03 11:20:00+05:30,1454.3267999999998,1453.5,1447.9409269620023,1453.6,1459.8,1452.7,1457.1,1449.147639443597,1453.4,1444.7,8.700000000000045,5.559073037997678,5.179160556402849,0.29220449372412494,0.09999999999990905,0.24078150798019227,4.350000000000023,5.4732000000001335,9.526799999999866,1.2582068965517483,2.190068965517199,False,True,11,20,125
INFY,2025-11-04,SELL,2025-11-04 09:50:00+05:30,2025-11-04 09:55:00+05:30,1441.77875,1442.3,1445.0715686770643,1442.5,1442.8,1440.9,1441.8,1444.8456957801504,1450.5,1442.8,7.7000000000000455,2.7715686770643515,3.0669457801504905,-0.18593170102085832,0.5,-0.04852686308493004,3.8500000000000227,9.878749999999854,5.321249999999964,2.565909090909038,1.3821428571428396,True,True,9,55,40
INFY,2025-11-06,SELL,2025-11-06 09:35:00+05:30,2025-11-06 09:40:00+05:30,1441.57885,1442.0,1446.7286630217268,1442.3,1442.4,1439.8,1440.5,1446.3777914572297,1451.6,1443.8,7.7999999999999545,4.728663021726788,4.798941457229603,-0.28427060172495483,1.7999999999999545,-0.12480066560354164,3.8999999999999773,10.678850000000011,5.621149999999943,2.7381666666666855,1.4413205128205067,True,True,9,40,25
INFY,2025-11-07,SELL,2025-11-07 09:30:00+05:30,2025-11-07 09:35:00+05:30,1419.0901,1420.1,1428.0338387970776,1419.8,1422.6,1418.4,1422.1,1427.0277773973878,1444.0,1420.5,23.5,7.933838797077669,7.937677397387915,-1.9585581861407522,0.40000000000009095,0.16199464713340106,11.75,0.6900999999998021,30.409900000000107,0.058731914893600176,2.58807659574469,False,True,9,35,20
INFY,2025-11-07,BUY,2025-11-07 13:30:00+05:30,2025-11-07 13:35:00+05:30,1445.62245,1444.9,1430.3023378125763,1444.9,1445.7,1444.2,1444.6,1430.442401682685,1444.0,1420.5,23.5,14.597662187423794,15.18004831731514,0.21908853912165457,0.900000000000091,-0.020762682538599808,11.75,3.8775499999999283,3.822450000000117,0.33000425531914285,0.32531489361703125,False,False,13,35,260
INFY,2025-11-10,BUY,2025-11-10 10:15:00+05:30,2025-11-10 10:20:00+05:30,1475.23725,1474.5,1465.8720555985356,1474.5,1481.8,1474.5,1481.3,1467.6895345804924,1471.9,1458.4,13.5,8.627944401464447,7.54771541950754,0.4583192784104361,2.599999999999909,0.4611732790776424,6.75,12.562750000000051,0.7372499999999036,1.8611481481481558,0.10922222222220794,False,False,10,20,65
INFY,2025-11-11,SELL,2025-11-11 09:35:00+05:30,2025-11-11 09:40:00+05:30,1480.0596,1480.8,1487.5799306668257,1480.8,1483.9,1479.9,1483.7,1487.1865091931788,1497.6,1484.4,13.199999999999818,6.779930666825749,7.12690919317879,-0.7454646562813937,3.6000000000001364,0.19584008643975803,6.599999999999909,0.9596000000001368,20.840400000000045,0.1453939393939621,3.157636363636414,False,True,9,40,25
INFY,2025-11-11,BUY,2025-11-11 14:15:00+05:30,2025-11-11 14:20:00+05:30,1498.8490499999998,1498.0,1488.6030447802739,1498.1,1499.0,1497.6,1498.6,1488.8451994741645,1497.6,1484.4,13.199999999999818,9.396955219726124,10.003850525835333,0.17567254654702616,0.40000000000009095,0.033375609104857595,6.599999999999909,2.0509500000002845,3.2490499999998974,0.3107500000000474,0.4922803030302943,False,False,14,20,305
INFY,2025-11-12,BUY,2025-11-12 09:55:00+05:30,2025-11-12 10:00:00+05:30,1518.8590499999998,1518.0,1513.1209745370465,1518.1,1520.2,1517.5,1519.1,1513.8759696627392,1516.2,1505.5,10.700000000000045,4.87902546295345,4.983080337260617,0.0843814146472675,1.7999999999999545,0.06587181345103499,5.350000000000023,7.340950000000248,4.059049999999843,1.3721401869159284,0.7587009345794067,False,False,10,0,45
INFY,2025-11-14,SELL,2025-11-14 09:35:00+05:30,2025-11-14 09:40:00+05:30,1480.6593,1481.1,1486.8773654583144,1481.4,1481.6,1480.0,1480.0,1486.4315191660592,1497.6,1482.9,14.699999999999818,5.777365458314534,5.772219166059131,-0.576747825323188,1.800000000000182,-0.09450519778588795,7.349999999999909,23.359300000000076,0.9406999999998789,3.1781360544218185,0.12798639455780822,True,False,9,40,25
INFY,2025-11-17,BUY,2025-11-17 13:55:00+05:30,2025-11-17 14:00:00+05:30,1474.43685,1473.7,1467.982047296118,1473.7,1477.8,1473.5,1476.8,1468.2404651772786,1473.4,1460.9,12.5,5.71795270388202,6.196384822721484,0.07147956526667168,0.2999999999999545,0.21035488905476463,6.25,3.763149999999996,2.636850000000095,0.6021039999999993,0.4218960000000152,False,False,14,0,285
INFY,2025-11-18,SELL,2025-11-18 09:40:00+05:30,2025-11-18 09:45:00+05:30,1460.56935,1461.3,1466.6324779463164,1461.3,1462.5,1460.5,1460.9,1466.0877012441706,1474.1,1463.9,10.199999999999818,5.3324779463164305,5.518351244170617,-0.46708313222142,2.6000000000001364,-0.027372887155263648,5.099999999999909,8.769350000000031,2.7306499999999687,1.7194803921568995,0.5354215686274544,False,False,9,45,30
INFY,2025-11-19,BUY,2025-11-19 09:30:00+05:30,2025-11-19 09:35:00+05:30,1477.83855,1477.6,1470.941613838204,1477.1,1478.6,1473.9,1476.5,1471.4014808695622,1476.1,1458.9,17.199999999999818,6.658386161795988,6.437069130437749,1.528079884045079,1.5,-0.04062013404643183,8.599999999999909,32.46145000000001,3.93854999999985,3.774587209302367,0.45797093023254554,True,False,9,35,20
INFY,2025-11-21,BUY,2025-11-21 09:35:00+05:30,2025-11-21 09:40:00+05:30,1507.3533,1506.5,1503.2865093958376,1506.6,1508.2,1501.0,1501.5,1503.3242344146,1506.4,1494.0,12.400000000000091,3.2134906041624163,4.029065585400076,0.8322868662069279,0.09999999999990905,-0.3385105535643085,6.2000000000000455,11.246699999999919,9.553300000000036,1.8139838709677156,1.5408548387096719,False,True,9,40,25
INFY,2025-11-24,SELL,2025-11-24 11:30:00+05:30,2025-11-24 11:35:00+05:30,1529.33495,1530.0,1540.5859293585042,1530.1,1531.5,1527.9,1527.9,1540.4117741393027,1551.4,1530.5,20.90000000000009,10.585929358504245,11.076824139302744,-0.1471229313972206,0.5,-0.14378145219265948,10.450000000000045,20.934949999999844,4.36505000000011,2.003344497607632,0.4177081339713006,True,False,11,35,140
INFY,2025-11-25,SELL,2025-11-25 10:15:00+05:30,2025-11-25 10:20:00+05:30,1501.74875,1501.8,1506.3044706543878,1502.5,1502.5,1500.9,1501.8,1506.0882471178534,1517.8,1503.0,14.799999999999955,4.504470654387887,4.339497117853398,-0.10164274888838243,1.2000000000000455,-0.04658901830283391,7.399999999999977,8.148750000000064,3.1512500000001182,1.1011824324324444,0.4258445945946119,False,False,10,20,65
INFY,2025-11-26,BUY,2025-11-26 10:05:00+05:30,2025-11-26 10:10:00+05:30,1514.45685,1513.7,1506.677976181142,1513.7,1513.7,1511.3,1511.6,1506.8828308949849,1511.1,1499.6,11.5,7.022023818858088,7.574019105015168,0.22525568910693872,2.6000000000001364,-0.13873290612407274,5.75,12.843149999999923,8.356850000000122,2.233591304347813,1.4533652173913256,True,True,10,10,55
INFY,2025-11-27,BUY,2025-11-27 09:30:00+05:30,2025-11-27 09:35:00+05:30,1531.9656,1531.4,1527.8571033052367,1531.2,1533.4,1527.7,1527.7,1528.2154867125241,1530.9,1520.2,10.700000000000045,3.5428966947633853,3.7501132874758696,0.9348499394636872,0.5,-0.22857889237200002,5.350000000000023,9.034400000000005,12.66560000000004,1.6886728971962555,2.367401869158876,False,True,9,35,20
INFY,2025-11-27,BUY,2025-11-27 15:00:00+05:30,2025-11-27 15:05:00+05:30,1534.26675,1533.4,1529.699838314511,1533.5,1534.2,1531.2,1532.0,1529.826290890135,1530.9,1520.2,10.700000000000045,3.7001616854890926,4.44045910986506,0.03200302688554505,2.5,-0.09781545484186527,5.350000000000023,1.2332499999999982,3.0667499999999563,0.23051401869158747,0.57322429906541,False,False,15,5,350
INFY,2025-11-28,SELL,2025-11-28 10:20:00+05:30,2025-11-28 10:25:00+05:30,1523.53785,1524.3,1529.3472151823426,1524.3,1525.6,1524.2,1525.1,1529.1887879698736,1535.2,1525.1,10.100000000000136,5.0472151823425975,5.650937969873667,-0.12159365661304923,0.7999999999999545,0.0524831069999232,5.050000000000068,0.0,9.26215000000002,0.0,1.8340891089108702,False,True,10,25,70
INFY,2025-12-02,SELL,2025-12-02 11:15:00+05:30,2025-12-02 11:20:00+05:30,1529.235,1530.0,1536.5730580165086,1530.0,1530.0,1528.9,1529.9,1536.4784299414687,1546.4,1531.5,14.900000000000091,6.573058016508639,7.243429941468776,-0.07950721036888087,1.5,-0.006535947712416057,7.4500000000000455,6.134999999999991,8.465000000000146,0.8234899328858998,1.1362416107382676,False,True,11,20,125
INFY,2025-12-03,BUY,2025-12-03 11:00:00+05:30,2025-12-03 11:05:00+05:30,1545.67245,1544.9,1535.6623779061526,1544.9,1545.6,1543.0,1544.5,1536.0342711729359,1542.5,1521.2,21.299999999999955,9.237622093847449,9.638178827064166,0.31088054242263147,2.400000000000091,-0.02589164347207573,10.649999999999977,6.727550000000065,8.97244999999998,0.6316948356807586,0.8424835680751174,False,False,11,5,110
INFY,2025-12-04,BUY,2025-12-04 10:10:00+05:30,2025-12-04 10:15:00+05:30,1560.6799500000002,1559.7,1551.037758921042,1559.9,1560.9,1556.7,1556.9,1551.2796469961158,1558.3,1534.8,23.5,8.662241078958004,9.400303003884346,0.2606365968436953,1.400000000000091,-0.19232002051413621,11.75,4.420049999999719,6.279950000000099,0.3761744680850825,0.5344638297872425,False,False,10,15,60
INFY,2025-12-05,BUY,2025-12-05 10:05:00+05:30,2025-12-05 10:10:00+05:30,1580.9901,1580.2,1575.369994962862,1580.2,1580.7,1577.9,1578.4,1575.5330555746527,1578.5,1566.1,12.400000000000091,4.830005037138108,5.457044425347249,0.32568785514591314,1.7000000000000455,-0.11390963169218837,6.2000000000000455,16.20990000000006,10.790099999999939,2.6144999999999907,1.7403387096773966,True,True,10,10,55
INFY,2025-12-08,SELL,2025-12-08 13:20:00+05:30,2025-12-08 13:25:00+05:30,1577.6108000000002,1578.4,1588.7021485640855,1578.4,1578.4,1576.3,1577.1,1588.5474381842314,1594.4,1579.9,14.5,10.302148564085428,10.936638184231242,-0.10085524411440909,1.5,-0.0823618854536301,7.25,11.3108000000002,1.289199999999937,1.5601103448276137,0.17782068965516373,False,False,13,25,250
INFY,2025-12-09,SELL,2025-12-09 09:30:00+05:30,2025-12-09 09:35:00+05:30,1558.6203,1559.5,1564.9198205116334,1559.4,1560.5,1557.8,1560.2,1564.1280814714376,1572.9,1561.7,11.200000000000045,5.419820511633361,5.507781471437511,-0.7031030199193053,2.2000000000000455,0.051301782736956625,5.600000000000023,9.720299999999952,9.079700000000003,1.7357678571428414,1.6213749999999938,False,True,9,35,20
INFY,2025-12-10,SELL,2025-12-10 09:45:00+05:30,2025-12-10 09:50:00+05:30,1561.31895,1562.1,1567.0328987839582,1562.1,1562.2,1560.9,1561.1,1566.7228883315856,1573.9,1562.2,11.700000000000045,4.932898783958308,5.40393833158555,-0.2626675477532159,0.10000000000013642,-0.06401638819537592,5.850000000000023,12.018950000000132,4.581050000000005,2.054521367521382,0.7830854700854678,True,False,9,50,35
INFY,2025-12-11,SELL,2025-12-11 09:35:00+05:30,2025-12-11 09:40:00+05:30,1555.0221,1556.2,1565.5063707632921,1555.8,1558.0,1553.5,1554.5,1564.2093362445364,1573.4,1561.3,12.100000000000136,9.30637076329208,9.187236244536507,-0.47893141582996646,5.099999999999909,-0.08355829798174508,6.050000000000068,8.02209999999991,10.5779,1.3259669421487303,1.748413223140476,False,True,9,40,25
INFY,2025-12-12,SELL,2025-12-12 09:35:00+05:30,2025-12-12 09:40:00+05:30,1555.32195,1555.5,1561.1065876686364,1556.1,1556.6,1554.5,1556.3,1560.559269305975,1567.9,1558.5,9.400000000000091,5.606587668636394,5.2373193059750065,-0.4468273051357964,3.0,0.01285264443160461,4.7000000000000455,6.221950000000106,10.97804999999994,1.32381914893618,2.3357553191489004,False,True,9,40,25
INFY,2025-12-15,BUY,2025-12-15 10:10:00+05:30,2025-12-15 10:15:00+05:30,1567.08315,1566.8,1560.092513806211,1566.3,1569.3,1566.3,1568.9,1561.067687844292,1566.1,1551.4,14.699999999999818,6.707486193789009,6.015462155707837,0.30256367838411125,0.7000000000000455,0.1659962970056883,7.349999999999909,9.616850000000113,0.7831499999999778,1.3084149659864261,0.10655102040816157,False,False,10,15,60
INFY,2025-12-16,SELL,2025-12-16 09:30:00+05:30,2025-12-16 09:35:00+05:30,1553.6228,1554.3,1558.6145216263374,1554.4,1558.2,1552.6,1558.1,1558.2726280215356,1569.0,1554.7,14.299999999999955,4.3145216263374095,4.649828021535541,-0.8404568743032562,0.40000000000009095,0.23803396809056743,7.149999999999977,1.6228000000000975,12.277199999999993,0.22696503496504933,1.7170909090909137,False,True,9,35,20
INFY,2025-12-17,BUY,2025-12-17 09:30:00+05:30,2025-12-17 09:35:00+05:30,1568.784,1567.9,1562.3201249252095,1568.0,1570.8,1567.9,1568.9,1563.4191170292163,1567.1,1552.4,14.699999999999818,5.579875074790607,5.36488297078381,1.1317948647272373,0.8000000000001819,0.0573979591836693,7.349999999999909,4.1159999999999854,7.08400000000006,0.5600000000000049,0.9638095238095439,False,False,9,35,20
INFY,2025-12-18,BUY,2025-12-18 12:10:00+05:30,2025-12-18 12:15:00+05:30,1592.29575,1591.6,1586.9504183809877,1591.5,1592.0,1590.1,1590.8,1587.1020806602744,1590.4,1572.7,17.700000000000045,4.649581619012224,5.193669339725602,0.11175719259233036,1.199999999999818,-0.043983663210811486,8.850000000000023,3.204250000000002,4.995750000000044,0.36206214689265465,0.5644915254237323,False,False,12,15,180
INFY,2025-12-19,SELL,2025-12-19 11:45:00+05:30,2025-12-19 11:50:00+05:30,1602.4983499999998,1602.9,1610.1123711444025,1603.3,1605.3,1602.2,1603.6,1609.946553443644,1619.8,1603.3,16.5,7.212371144402368,7.448203443644161,-0.08950977569670067,0.3999999999998636,0.018711407721561102,8.25,7.198349999999891,4.901650000000245,0.8725272727272595,0.5941393939394236,False,False,11,50,155
INFY,2025-12-24,BUY,2025-12-24 15:20:00+05:30,2025-12-24 15:25:00+05:30,1631.71545,1630.8,1625.3441278483422,1630.9,1632.3,1628.0,1631.7,1625.5191092807324,1629.7,1618.0,11.700000000000045,5.455872151657786,6.196340719267482,0.1594900603129414,1.099999999999909,0.04905267030472782,5.850000000000023,0.5845500000000357,3.715449999999919,0.09992307692308262,0.6351196581196418,False,False,15,25,370
INFY,2025-12-26,SELL,2025-12-26 10:35:00+05:30,2025-12-26 10:40:00+05:30,1624.9871,1626.2,1629.5099041127964,1625.8,1627.3,1625.1,1626.0,1629.446185179137,1633.5,1626.8,6.7000000000000455,3.309904112796403,4.459085179136991,-0.09485423454050185,0.599999999999909,0.012301636117606485,3.3500000000000227,8.28710000000001,2.8128999999998996,2.4737611940298367,0.8396716417910091,True,False,10,40,85
INFY,2025-12-29,SELL,2025-12-29 09:55:00+05:30,2025-12-29 10:00:00+05:30,1620.7892,1621.6,1626.6435127849227,1621.6,1622.3,1618.9,1619.6,1626.1583353983492,1637.7,1622.9,14.799999999999955,5.043512784922768,5.369135398349272,-0.1430824681029236,1.300000000000182,-0.12333497779970504,7.399999999999977,18.389199999999846,1.5108000000000175,2.485027027027014,0.20416216216216515,True,False,10,0,45
INFY,2025-12-30,SELL,2025-12-30 12:10:00+05:30,2025-12-30 12:15:00+05:30,1596.30145,1597.1,1602.2347680198861,1597.1,1598.3,1596.6,1597.5,1601.9794803612738,1613.0,1600.7,12.299999999999955,5.1347680198862236,5.678030361273841,-0.09665317855543898,3.6000000000001364,0.025045394778033803,6.149999999999977,13.701450000000023,9.298549999999977,2.2278780487804997,1.5119593495934978,True,True,12,15,180
INFY,2025-12-31,SELL,2025-12-31 09:40:00+05:30,2025-12-31 09:45:00+05:30,1581.209,1582.0,1588.037942664764,1582.0,1583.5,1580.9,1583.3,1587.6603118611458,1594.1,1584.7,9.399999999999864,6.037942664763932,6.4513118611457685,-0.5026251126947004,2.7000000000000455,0.08217446270544215,4.699999999999932,6.109000000000151,8.090999999999894,1.2997872340426042,1.7214893617021303,False,True,9,45,30
INFY,2026-01-01,BUY,2026-01-01 10:25:00+05:30,2026-01-01 10:30:00+05:30,1592.3958,1591.5,1586.404247326412,1591.6,1592.9,1590.8,1592.6,1586.8263532905457,1590.2,1579.9,10.299999999999955,5.095752673588095,5.569446709454269,0.13941801561613232,1.2999999999999545,0.06282985674792574,5.149999999999977,12.504200000000083,4.695799999999963,2.4280000000000266,0.9118058252427153,True,False,10,30,75
INFY,2026-01-02,BUY,2026-01-02 11:10:00+05:30,2026-01-02 11:15:00+05:30,1605.10215,1604.3,1600.4804048041624,1604.3,1605.1,1603.7,1604.6,1600.5902467948513,1604.2,1593.0,11.200000000000045,3.8195951958375645,4.511903205148656,0.151418340002099,0.09999999999990905,0.018699744436823096,5.600000000000023,3.5978500000001077,3.9021499999998923,0.6424732142857309,0.696812499999978,False,False,11,15,120
INFY,2026-01-05,SELL,2026-01-05 09:30:00+05:30,2026-01-05 09:35:00+05:30,1562.0186,1563.0,1575.7430832314922,1562.8,1565.0,1556.3,1556.9,1573.1061967700334,1602.3,1568.3,34.0,12.743083231492164,11.087596770033315,-5.07571364306654,5.2999999999999545,-0.3775275147171686,17.0,12.418600000000197,15.18139999999994,0.7305058823529528,0.8930235294117611,False,False,9,35,20
INFY,2026-01-06,BUY,2026-01-06 11:05:00+05:30,2026-01-06 11:10:00+05:30,1584.29175,1583.4,1576.7846495585707,1583.5,1585.6,1582.8,1583.3,1577.2114429601897,1582.6,1565.1,17.5,6.6153504414294275,7.08030703981035,0.012309718075482375,0.8000000000001819,-0.01263024944743174,8.75,1.3082499999998163,13.291750000000093,0.14951428571426473,1.5190571428571535,False,True,11,10,115
INFY,2026-01-07,BUY,2026-01-07 09:35:00+05:30,2026-01-07 09:40:00+05:30,1601.0001,1600.7,1592.6188537225846,1600.2,1601.2,1589.3,1589.7,1592.7285380074209,1599.9,1580.8,19.100000000000136,8.081146277415428,8.271561992579109,1.1806143410665515,0.7999999999999545,-0.6561679790026198,9.550000000000068,6.199900000000071,12.30009999999993,0.6492041884816782,1.287968586387418,False,True,9,40,25
INFY,2026-01-08,SELL,2026-01-08 09:30:00+05:30,2026-01-08 09:35:00+05:30,1590.8041999999998,1591.6,1599.755686146624,1591.6,1594.5,1588.7,1593.1,1598.8510983247295,1609.5,1593.5,16.0,8.15568614662402,8.046898324729682,-1.7066244067158771,1.900000000000091,0.09424478512189971,8.0,16.30419999999981,4.095800000000281,2.038024999999976,0.5119750000000352,True,False,9,35,20
INFY,2026-01-09,SELL,2026-01-09 13:55:00+05:30,2026-01-09 14:00:00+05:30,1574.6123,1574.9,1583.705079655678,1575.4,1578.3,1574.9,1577.2,1583.6322412292127,1596.7,1575.9,20.799999999999955,8.8050796556779,9.01994122921269,-0.09071265288324305,1.0,0.11425669671194516,10.399999999999977,1.6123000000000047,11.08770000000004,0.15502884615384696,1.0661250000000062,False,True,14,0,285
INFY,2026-01-12,SELL,2026-01-12 09:30:00+05:30,2026-01-12 09:35:00+05:30,1561.0191,1562.2,1567.1017217452604,1561.8,1571.8,1561.8,1570.6,1567.266661353344,1578.5,1563.2,15.299999999999955,4.9017217452603745,6.247561353344054,-0.9660576906253698,1.0,0.563452426687161,7.649999999999977,2.1190999999998894,18.08089999999993,0.2770065359476988,2.3635163398692787,False,True,9,35,20
INFY,2026-01-12,SELL,2026-01-12 14:15:00+05:30,2026-01-12 14:20:00+05:30,1561.71875,1561.8,1567.2026922237121,1562.5,1565.0,1561.8,1564.7,1567.0818159508133,1578.5,1563.2,15.299999999999955,5.402692223712165,5.363065950813279,-0.06305270059012676,1.400000000000091,0.14080000000000759,7.649999999999977,2.318749999999909,3.28125,0.3031045751633877,0.42892156862745223,False,False,14,20,305
INFY,2026-01-13,SELL,2026-01-13 09:45:00+05:30,2026-01-13 09:50:00+05:30,1555.0221,1555.8,1564.9746593654695,1555.8,1559.0,1554.3,1557.1,1564.653329865604,1583.7,1556.5,27.200000000000045,9.174659365469552,9.631229865604155,-0.7911494742210399,0.7000000000000455,0.08355829798174508,13.600000000000023,2.222099999999955,13.5779,0.16338970588234936,0.9983749999999983,False,False,9,50,35
INFY,2026-01-14,SELL,2026-01-14 13:55:00+05:30,2026-01-14 14:00:00+05:30,1549.9246500000002,1550.8,1565.8960422093598,1550.7,1553.8,1550.7,1551.4,1565.7582396311955,1576.4,1552.9,23.5,15.096042209359894,15.83358963119531,-0.13909204211731133,2.1000000000001364,0.045140904107832114,11.75,0.0,32.8753499999998,0.0,2.7979021276595573,False,True,14,0,285
INFY,2026-01-16,BUY,2026-01-16 09:30:00+05:30,2026-01-16 09:35:00+05:30,1644.6219,1643.8,1633.7921328472821,1643.8,1644.8,1637.9,1639.0,1634.3710484862797,1642.7,1618.4,24.299999999999955,10.007867152717836,10.250851513720363,2.1210040609153933,1.099999999999909,-0.29200632680373984,12.149999999999977,13.478099999999813,10.92190000000005,1.1093086419752953,0.8989218106995943,False,False,9,35,20
INFY,2026-01-19,SELL,2026-01-19 09:35:00+05:30,2026-01-19 09:40:00+05:30,1632.88315,1634.0,1640.6111495163805,1633.7,1635.6,1633.5,1634.0,1639.9944069289022,1649.3,1635.6,13.700000000000045,6.611149516380465,7.111256928902321,-0.9194122708141813,1.599999999999909,0.01836322458224071,6.850000000000023,1.6831499999998414,16.116850000000113,0.24571532846712932,2.3528248175182567,False,True,9,40,25
INFY,2026-01-20,SELL,2026-01-20 09:40:00+05:30,2026-01-20 09:45:00+05:30,1634.5823,1635.4,1639.5818806797015,1635.4,1636.6,1633.8,1636.3,1639.13674956116,1644.6,1636.9,7.699999999999818,4.181880679701408,4.554449561160027,-0.37593011719134295,1.5,0.05503240797357645,3.849999999999909,16.68229999999994,4.517699999999877,4.333064935065022,1.1734285714285673,True,True,9,45,30
INFY,2026-01-21,SELL,2026-01-21 09:30:00+05:30,2026-01-21 09:35:00+05:30,1606.09655,1606.7,1614.3285577549,1606.9,1610.5,1605.6,1607.3,1613.318852094655,1621.9,1607.3,14.600000000000136,7.62855775489993,7.222302094655106,-1.0631952440246208,0.599999999999909,0.024892650444940934,7.300000000000068,9.396549999999934,15.803450000000112,1.2871986301369651,2.164856164383557,False,True,9,35,20
INFY,2026-01-22,SELL,2026-01-22 10:55:00+05:30,2026-01-22 11:00:00+05:30,1621.5888,1622.4,1629.398105964279,1622.4,1623.9,1621.3,1622.6,1629.2329287220232,1633.1,1625.3,7.7999999999999545,6.9981059642789205,7.644128722023197,-0.12952320190190073,2.8999999999998636,0.012327416173563144,3.8999999999999773,2.7888000000000375,10.211199999999963,0.7150769230769368,2.618256410256416,False,True,11,0,105
INFY,2026-01-23,SELL,2026-01-23 14:15:00+05:30,2026-01-23 14:20:00+05:30,1626.88615,1627.7,1632.8985025526028,1627.7,1628.9,1627.0,1628.2,1632.8250985098111,1640.2,1628.3,11.900000000000091,5.198502552602804,5.938948509811098,-0.06972096018166796,0.599999999999909,0.030718191312906207,5.9500000000000455,0.0,11.713849999999866,0.0,1.9687142857142481,False,True,14,20,305
INFY,2026-01-28,SELL,2026-01-28 09:45:00+05:30,2026-01-28 09:50:00+05:30,1633.9826,1634.6,1644.7717573007765,1634.8,1634.8,1630.0,1631.7,1644.0148797474938,1653.0,1638.5,14.5,10.171757300776562,10.032279747493703,-0.5379944344337951,3.900000000000091,-0.1896256422803999,7.25,18.88260000000014,2.317399999999907,2.604496551724157,0.319641379310332,True,False,9,50,35
INFY,2026-01-29,SELL,2026-01-29 10:45:00+05:30,2026-01-29 10:50:00+05:30,1607.29595,1608.1,1613.9209951481034,1608.1,1610.6,1607.8,1610.6,1613.84616856381,1624.7,1609.2,15.5,5.8209951481035205,6.550218563809949,-0.10899133912252418,1.1000000000001364,0.1554629687208431,7.75,0.0,23.904050000000097,0.0,3.0843935483871094,False,True,10,50,95
INFY,2026-01-29,BUY,2026-01-29 13:20:00+05:30,2026-01-29 13:25:00+05:30,1626.2127,1625.4,1615.6633129119252,1625.4,1625.8,1623.8,1624.5,1615.764795027495,1624.7,1609.2,15.5,9.73668708807486,10.447904972505057,0.18067140589075345,0.7000000000000455,-0.05537098560355336,7.75,4.987300000000005,5.712700000000041,0.6435225806451619,0.7371225806451666,False,False,13,25,250
INFY,2026-02-01,SELL,2026-02-01 09:50:00+05:30,2026-02-01 09:55:00+05:30,1570.4144,1571.5,1578.7488084480626,1571.2,1574.1,1571.1,1571.9,1578.2958258425926,1595.5,1574.9,20.59999999999991,7.2488084480626185,7.881425842592762,-0.4759628515355881,3.400000000000091,0.04455193482688635,10.299999999999955,0.0,71.38560000000007,0.0,6.930640776699066,False,True,9,55,40
INFY,2026-02-01,BUY,2026-02-01 12:45:00+05:30,2026-02-01 12:50:00+05:30,1599.7995,1599.0,1592.2413063088613,1599.0,1602.8,1596.5,1600.9,1592.3420951918379,1595.5,1574.9,20.59999999999991,6.75869369113866,7.4574048081622095,0.05019671003512274,3.5,0.11882426516574007,10.299999999999955,42.000499999999874,3.29950000000008,4.077718446601947,0.3203398058252519,True,False,12,50,215
INFY,2026-02-02,SELL,2026-02-02 09:40:00+05:30,2026-02-02 09:45:00+05:30,1596.2015,1596.5,1607.2356401231132,1597.0,1600.2,1595.5,1597.2,1605.799510330298,1626.8,1599.4,27.399999999999864,10.735640123113171,9.598010330298166,-1.3090655878533517,2.900000000000091,0.01252348152787075,13.699999999999932,12.50149999999985,9.098500000000058,0.9125182481751761,0.6641240875912484,False,False,9,45,30
INFY,2026-02-03,SELL,2026-02-03 09:30:00+05:30,2026-02-03 09:35:00+05:30,1636.48135,1637.2,1660.2661622160308,1637.3,1642.2,1634.6,1636.7,1658.5589954963223,1691.4,1642.8,48.600000000000136,23.06616221603076,22.077645496322248,-2.3973051896078554,5.599999999999909,-0.03664569718437871,24.300000000000068,18.48135000000002,7.918650000000071,0.7605493827160481,0.32587037037037236,False,False,9,35,20
INFY,2026-02-04,SELL,2026-02-04 10:10:00+05:30,2026-02-04 10:15:00+05:30,1516.54135,1517.8,1525.5747284455053,1517.3,1517.8,1510.8,1511.1,1524.7104074541487,1551.3,1520.3,31.0,7.774728445505389,8.169057454148742,-0.4002222674460476,2.5,-0.4086205760231998,15.5,38.44135000000006,1.2586499999999887,2.4800870967741973,0.08120322580645088,True,False,10,15,60
INFY,2026-02-05,SELL,2026-02-05 11:45:00+05:30,2026-02-05 11:50:00+05:30,1491.9536500000002,1492.5,1505.9990620199833,1492.7,1493.1,1490.1,1490.8,1505.670679892571,1514.9,1492.7,22.200000000000045,13.499062019983285,13.717029892570736,-0.3099793758426028,0.20000000000004547,-0.12728612581228704,11.100000000000023,8.353650000000243,2.846349999999802,0.7525810810811014,0.2564279279279096,False,False,11,50,155
INFY,2026-02-09,SELL,2026-02-09 09:35:00+05:30,2026-02-09 09:40:00+05:30,1468.4654,1468.6,1476.5143175135981,1469.2,1471.9,1469.2,1470.7,1476.0207547276216,1495.6,1469.2,26.399999999999864,7.914317513598235,7.555354727621534,-1.5586137099370694,0.6000000000001364,0.10209637898175306,13.199999999999932,7.065399999999954,7.934600000000046,0.535257575757575,0.6011060606060672,False,False,9,40,25
INFY,2026-02-10,BUY,2026-02-10 10:05:00+05:30,2026-02-10 10:10:00+05:30,1472.736,1472.1,1466.9461840601919,1472.0,1472.1,1467.7,1469.9,1467.0392386869594,1472.0,1459.4,12.599999999999909,5.153815939808055,5.696761313040724,0.2045056747974905,0.09999999999990905,-0.14266304347825276,6.2999999999999545,11.06399999999985,11.236000000000104,1.7561904761904652,1.7834920634920928,False,True,10,10,55
INFY,2026-02-11,SELL,2026-02-11 09:30:00+05:30,2026-02-11 09:35:00+05:30,1463.8677,1464.8,1468.8491701112237,1464.6,1465.0,1461.6,1462.2,1468.2041266917645,1474.0,1465.3,8.700000000000045,4.049170111223702,4.336426691764473,-0.7118935657999732,0.5,-0.16386726751330682,4.350000000000023,25.967699999999923,1.1322999999999865,5.969586206896503,0.2602988505747082,True,False,9,35,20
INFY,2026-02-12,SELL,2026-02-12 09:30:00+05:30,2026-02-12 09:35:00+05:30,1368.41545,1368.8,1383.5193443484357,1369.1,1374.1,1365.9,1373.8,1382.173567503045,1405.3,1374.0,31.299999999999955,14.719344348435698,13.758117503045014,-2.89975505846496,5.2000000000000455,0.3432912132057542,15.649999999999977,17.11545000000001,10.784550000000081,1.0936389776357849,0.6891086261980892,False,False,9,35,20
INFY,2026-02-13,BUY,2026-02-13 10:40:00+05:30,2026-02-13 10:45:00+05:30,1299.8496,1299.3,1279.6577304626146,1299.2,1301.8,1296.9,1301.2,1280.3401347957692,1296.0,1254.4,41.59999999999991,19.642269537385346,19.509465204230764,0.46326737881703195,3.2999999999999545,0.15394088669951067,20.799999999999955,48.2503999999999,9.84960000000001,2.3197307692307696,0.473538461538463,True,False,10,45,90
INFY,2026-02-16,SELL,2026-02-16 09:45:00+05:30,2026-02-16 09:50:00+05:30,1317.24105,1317.8,1325.5692395027622,1317.9,1320.7,1315.6,1320.2,1325.060939685153,1346.9,1317.9,29.0,7.769239502762275,7.81988968515293,-0.6755884958476148,0.10000000000013642,0.17452006980802626,14.5,7.241050000000087,23.758949999999913,0.49938275862069564,1.638548275862063,False,True,9,50,35
INFY,2026-02-17,BUY,2026-02-17 09:30:00+05:30,2026-02-17 09:35:00+05:30,1372.686,1373.2,1360.2548343922126,1372.0,1372.6,1363.8,1372.3,1362.1181248667199,1365.0,1338.0,27.0,12.94516560778743,10.56787513328004,2.0160878998959166,8.200000000000045,0.021865889212824285,13.5,28.014000000000124,13.985999999999876,2.0751111111111205,1.035999999999991,True,True,9,35,20
INFY,2026-02-18,SELL,2026-02-18 09:40:00+05:30,2026-02-18 09:45:00+05:30,1329.4349499999998,1330.1,1345.0964208622784,1330.1,1332.9,1327.3,1331.2,1343.6397257098874,1371.3,1333.7,37.59999999999991,14.996420862278455,14.204775709887599,-1.2223258726091588,3.6000000000001364,0.08270054883092737,18.799999999999955,12.63494999999989,16.965050000000247,0.6720718085106341,0.9023962765957599,False,False,9,45,30
INFY,2026-02-19,BUY,2026-02-19 10:05:00+05:30,2026-02-19 10:10:00+05:30,1370.5849500000002,1370.1,1361.780612486988,1369.9,1370.2,1365.8,1366.6,1362.055045539977,1368.4,1352.9,15.5,8.319387513011861,8.52990446002309,0.36499393690761645,1.699999999999818,-0.24089349587562703,7.75,1.715049999999792,36.28495000000021,0.22129677419352153,4.6819290322580915,False,True,10,10,55
INFY,2026-02-19,SELL,2026-02-19 12:45:00+05:30,2026-02-19 12:50:00+05:30,1351.02415,1351.0,1361.9800995404519,1351.7,1355.4,1350.9,1353.0,1361.8666702916844,1368.4,1352.9,15.5,10.980099540451874,10.842520291684423,-0.08179982381865142,1.900000000000091,0.0961751868018057,7.75,16.72415000000001,7.575849999999946,2.1579548387096787,0.9775290322580575,True,False,12,50,215
INFY,2026-02-20,BUY,2026-02-20 10:15:00+05:30,2026-02-20 10:20:00+05:30,1331.4654,1330.8,1320.5901503240711,1330.8,1333.2,1329.4,1333.1,1321.2650717972544,1330.4,1309.9,20.5,10.209849675928808,10.200328202745595,0.2710257775441321,0.3999999999998636,0.1728283739104164,10.25,4.634599999999864,9.865400000000136,0.4521560975609623,0.962478048780501,False,False,10,20,65
INFY,2026-02-23,SELL,2026-02-23 09:45:00+05:30,2026-02-23 09:50:00+05:30,1305.44695,1306.1,1313.5691440359594,1306.1,1307.2,1302.8,1303.3,1312.9499714101235,1323.4,1308.0,15.400000000000091,7.469144035959516,7.503021410123438,-0.5011512507326357,1.900000000000091,-0.21437868463364262,7.7000000000000455,15.346950000000106,1.7530500000000302,1.9931103896103917,0.22766883116883374,False,False,9,50,35
INFY,2026-02-24,SELL,2026-02-24 09:35:00+05:30,2026-02-24 09:40:00+05:30,1254.67235,1255.1,1262.3305464860034,1255.3,1255.6,1250.1,1252.7,1260.8637023850015,1276.0,1257.0,19.0,7.2305464860035045,6.191352385001437,-0.6603542860372673,1.900000000000091,-0.2071218035529232,9.5,17.372350000000097,5.22765000000004,1.8286684210526418,0.5502789473684252,False,False,9,40,25
INFY,2026-02-25,BUY,2026-02-25 09:55:00+05:30,2026-02-25 10:00:00+05:30,1290.74505,1290.0,1277.6541345659095,1290.1,1295.6,1287.1,1293.4,1278.7123810034948,1287.0,1259.0,28.0,12.345865434090456,12.032668996505208,0.5061325628009722,3.0,0.25579412448648586,14.0,4.854949999999917,31.445050000000037,0.34678214285713693,2.2460750000000025,False,True,10,0,45
INFY,2026-02-26,SELL,2026-02-26 10:50:00+05:30,2026-02-26 10:55:00+05:30,1268.5654,1268.7,1278.6822143028214,1269.2,1271.1,1267.9,1270.7,1278.3470153016076,1285.0,1272.5,12.5,9.982214302821376,9.781615301607644,-0.17737237067538694,3.7999999999999545,0.1181846832650546,6.25,9.465400000000045,5.334600000000137,1.5144640000000071,0.8535360000000218,False,False,10,55,100
INFY,2026-02-27,SELL,2026-02-27 09:30:00+05:30,2026-02-27 09:35:00+05:30,1277.06115,1277.7,1290.3053005214624,1277.7,1281.1,1276.7,1280.2,1289.16966004252,1306.7,1282.9,23.799999999999955,12.605300521462368,12.108510042520038,-1.5795317668430287,5.2000000000000455,0.1956640839007484,11.899999999999977,10.261150000000043,10.038849999999911,0.8622815126050473,0.8436008403361286,False,False,9,35,20
INFY,2026-03-02,BUY,2026-03-02 09:30:00+05:30,2026-03-02 09:35:00+05:30,1271.53545,1270.6,1264.7445592167949,1270.9,1271.3,1265.7,1268.2,1265.2972411260457,1269.4,1254.8,14.600000000000136,5.85544078320504,6.238208873954363,0.7316276866922619,1.199999999999818,-0.21244787158706258,7.300000000000068,0.0,25.535450000000083,0.0,3.498006849315047,False,True,9,35,20
INFY,2026-03-02,SELL,2026-03-02 11:50:00+05:30,2026-03-02 11:55:00+05:30,1252.9732,1253.6,1263.7563248266376,1253.6,1253.9,1250.0,1250.2,1263.4510386706472,1269.4,1254.8,14.600000000000136,10.156324826637729,10.477838670647316,-0.34715940249135574,1.2000000000000455,-0.27121888959794616,7.300000000000068,6.973199999999906,10.926800000000185,0.9552328767123069,1.4968219178082305,False,True,11,55,160
INFY,2026-03-05,SELL,2026-03-05 09:30:00+05:30,2026-03-05 09:35:00+05:30,1272.5634,1273.2,1281.8713333191733,1273.2,1274.4,1270.1,1270.8,1280.7758579667604,1292.0,1276.5,15.5,8.6713333191733,8.21245796676044,-1.181224531168638,3.2999999999999545,-0.18850141376061114,7.75,9.763400000000047,10.83660000000009,1.2597935483871028,1.398270967741947,False,True,9,35,20
INFY,2026-03-09,BUY,2026-03-09 09:30:00+05:30,2026-03-09 09:35:00+05:30,1272.93615,1272.5,1264.8280810600008,1272.3,1273.4,1266.9,1267.6,1265.4285584592624,1272.4,1255.3,17.100000000000136,7.671918939999159,7.5075915407376215,0.6150570501250661,0.09999999999990905,-0.36940973040949787,8.550000000000068,17.16384999999991,12.136150000000043,2.0074678362572835,1.4194327485380054,True,True,9,35,20
INFY,2026-03-10,SELL,2026-03-10 09:35:00+05:30,2026-03-10 09:40:00+05:30,1270.06465,1270.5,1279.8344353782386,1270.7,1271.8,1267.4,1271.0,1277.5154511870771,1293.0,1272.6,20.40000000000009,9.334435378238595,7.450801187077104,-1.3653170427681587,2.099999999999909,0.023609034390492667,10.200000000000045,13.164649999999938,4.335350000000062,1.2906519607843019,0.4250343137254944,False,False,9,40,25
INFY,2026-03-11,SELL,2026-03-11 09:40:00+05:30,2026-03-11 09:45:00+05:30,1259.46995,1259.9,1264.962756227316,1260.1,1263.1,1259.9,1262.0,1264.772577406488,1272.0,1260.1,11.900000000000091,5.062756227315958,5.302627406488,-0.4649102223791878,0.1999999999998181,0.15078168399333958,5.9500000000000455,15.069949999999835,3.630049999999983,2.5327647058823057,0.6100924369747823,True,False,9,45,30
INFY,2026-03-12,SELL,2026-03-12 10:10:00+05:30,2026-03-12 10:15:00+05:30,1234.08265,1235.2,1240.1899192602118,1234.7,1235.1,1231.4,1234.4,1239.7751173953488,1245.9,1235.9,10.0,4.989919260211764,5.692467395348785,-0.049519047874328294,0.7000000000000455,-0.024297400178174833,5.0,2.682649999999967,17.417349999999942,0.5365299999999934,3.4834699999999885,False,True,10,15,60
INFY,2026-03-12,BUY,2026-03-12 11:20:00+05:30,2026-03-12 11:25:00+05:30,1246.0227,1246.0,1240.8150281019143,1245.4,1247.5,1244.8,1246.1,1240.885486077558,1245.9,1235.9,10.0,5.184971898085678,5.137213922442015,0.16228148843021514,0.09999999999990905,0.056206841175510114,5.0,5.477300000000014,12.32269999999994,1.0954600000000028,2.464539999999988,False,True,11,25,130
INFY,2026-03-13,BUY,2026-03-13 10:10:00+05:30,2026-03-13 10:15:00+05:30,1230.31485,1229.6,1225.5604966616324,1229.7,1234.4,1229.3,1234.0,1226.1418618217087,1228.4,1221.5,6.900000000000091,4.039503338367467,4.172988178291234,0.092790885171429,1.199999999999818,0.3496787834431192,3.4500000000000455,12.385150000000067,14.014850000000024,3.5898985507246097,4.062275362318794,True,True,10,15,60
INFY,2026-03-16,SELL,2026-03-16 10:15:00+05:30,2026-03-16 10:20:00+05:30,1207.396,1208.2,1216.0263594053004,1208.0,1208.0,1204.1,1204.3,1215.3653386923445,1227.7,1209.8,17.90000000000009,7.826359405300309,7.969338692344536,-0.21713182383571072,1.599999999999909,-0.3062913907284859,8.950000000000045,9.096000000000004,20.20399999999995,1.0163128491620064,2.2574301675977484,False,True,10,20,65
INFY,2026-03-17,SELL,2026-03-17 09:30:00+05:30,2026-03-17 09:35:00+05:30,1189.405,1189.4,1199.635788398897,1190.0,1196.0,1189.4,1192.8,1198.66630526883,1218.6,1192.3,26.299999999999955,10.23578839889683,9.261305268830029,-3.0866126687710413,2.8999999999998636,0.23529411764704466,13.149999999999977,0.004999999999881766,25.394999999999982,0.0003802281368731387,1.9311787072243365,False,True,9,35,20
INFY,2026-03-18,BUY,2026-03-18 09:35:00+05:30,2026-03-18 09:40:00+05:30,1237.6185,1236.8,1227.0593866814302,1237.0,1243.1,1236.9,1243.0,1228.7195961810867,1233.5,1208.7,24.799999999999955,9.740613318569785,8.898903818913368,1.4001527540863403,3.2999999999999545,0.48504446240904553,12.399999999999977,25.88149999999996,0.9184999999999945,2.0872177419354845,0.07407258064516098,True,False,9,40,25
INFY,2026-03-19,SELL,2026-03-19 09:45:00+05:30,2026-03-19 09:50:00+05:30,1212.89325,1213.4,1216.739831684284,1213.5,1215.6,1213.0,1215.2,1216.587925928528,1228.4,1213.7,14.700000000000045,3.3398316842838085,3.694675928527886,-0.403188126990074,0.2999999999999545,0.14009064688915718,7.350000000000023,23.49324999999999,2.706749999999829,3.1963605442176757,0.3682653061224246,True,False,9,50,35
INFY,2026-03-20,BUY,2026-03-20 10:25:00+05:30,2026-03-20 10:30:00+05:30,1227.6135,1227.0,1219.6654872612767,1227.0,1227.5,1223.8,1224.3,1219.785659913516,1224.7,1212.1,12.600000000000136,7.334512738723333,7.827840086484002,0.18239614829344086,2.2999999999999545,-0.22004889975550945,6.300000000000068,10.38650000000007,24.413499999999885,1.6486507936507868,3.87515873015867,False,True,10,30,75
INFY,2026-03-20,SELL,2026-03-20 13:05:00+05:30,2026-03-20 13:10:00+05:30,1210.1946,1210.6,1218.4695288472649,1210.8,1212.7,1210.7,1212.5,1218.4273793671766,1224.7,1212.1,12.600000000000136,7.869528847264974,8.23277936717659,-0.12079250759729482,1.5,0.14040303931286413,6.300000000000068,6.994599999999991,27.805399999999963,1.110253968253955,4.413555555555502,False,True,13,10,235
INFY,2026-03-23,BUY,2026-03-23 09:30:00+05:30,2026-03-23 09:35:00+05:30,1217.0082,1216.4,1211.1244725606884,1216.4,1224.2,1216.2,1216.9,1212.2663487631748,1215.4,1201.4,14.0,5.275527439311645,4.741851236825141,0.7617538332946833,1.0,0.04110489970403641,7.0,17.391800000000103,0.8081999999999425,2.484542857142872,0.11545714285713464,True,False,9,35,20
INFY,2026-03-24,BUY,2026-03-24 10:25:00+05:30,2026-03-24 10:30:00+05:30,1246.52295,1245.9,1235.7934486843985,1245.9,1245.9,1241.3,1242.2,1236.519047617283,1243.5,1224.5,19.0,10.106551315601564,10.003902382717115,0.4415073443827447,2.400000000000091,-0.29697407496589445,9.5,22.977049999999963,6.922950000000128,2.418636842105259,0.7287315789473819,True,False,10,30,75
INFY,2026-03-25,BUY,2026-03-25 09:45:00+05:30,2026-03-25 09:50:00+05:30,1246.92315,1246.3,1240.8261169263228,1246.3,1248.0,1244.5,1245.0,1241.5214757366264,1245.6,1230.5,15.099999999999909,5.473883073677143,5.401674263373707,0.2871287563891113,0.7000000000000455,-0.10430875391157501,7.5499999999999545,16.376849999999877,3.023149999999987,2.16911920529801,0.400417218543047,True,False,9,50,35
INFY,2026-03-27,SELL,2026-03-27 09:55:00+05:30,2026-03-27 10:00:00+05:30,1250.07465,1250.7,1258.9894543840014,1250.7,1253.6,1250.3,1251.1,1258.508837048617,1267.4,1252.0,15.400000000000091,8.289454384001374,8.434187048616877,-0.27252696704002327,1.2999999999999545,0.031982090029569754,7.7000000000000455,13.674649999999929,9.225349999999935,1.7759285714285518,1.1980974025973872,False,True,10,0,45
INFY,2026-03-30,BUY,2026-03-30 09:35:00+05:30,2026-03-30 09:40:00+05:30,1237.8186,1237.7,1231.8169369335722,1237.2,1237.2,1233.3,1234.6,1232.1855902858833,1235.4,1220.6,14.800000000000182,5.883063066427894,5.633009714116724,0.4902410398442672,2.2999999999999545,-0.21015195602975822,7.400000000000091,0.0,21.118600000000015,0.0,2.853864864864832,False,True,9,40,25
INFY,2026-04-01,SELL,2026-04-01 09:30:00+05:30,2026-04-01 09:35:00+05:30,1253.27305,1253.9,1259.7814230807662,1253.9,1258.7,1253.0,1256.0,1259.5306648283242,1270.3,1255.4,14.899999999999864,5.881423080766126,6.257614828324222,-0.5755000884082203,1.5,0.16747747029268734,7.449999999999932,10.673050000000103,22.12695000000008,1.4326241610738524,2.9700604026846014,False,True,9,35,20
INFY,2026-04-01,BUY,2026-04-01 10:35:00+05:30,2026-04-01 10:40:00+05:30,1271.53545,1270.9,1264.1183642589556,1270.9,1272.4,1269.5,1270.8,1264.3250086598464,1270.3,1255.4,14.899999999999864,6.781635741044511,7.210441340153693,0.2420570279147744,0.6000000000001364,-0.007868439688418771,7.449999999999932,0.8645500000000084,28.935450000000174,0.116046979865774,3.883953020134287,False,True,10,40,85
INFY,2026-04-01,SELL,2026-04-01 13:20:00+05:30,2026-04-01 13:25:00+05:30,1254.07265,1254.7,1264.582737468249,1254.7,1254.7,1252.9,1253.2,1264.4880428524175,1270.3,1255.4,14.899999999999864,9.882737468248934,10.415392852417426,-0.07222476476591007,0.7000000000000455,-0.11955049015700547,7.449999999999932,11.472650000000158,0.6273499999999785,1.5399530201342635,0.08420805369127306,False,False,13,25,250
INFY,2026-04-02,BUY,2026-04-02 13:20:00+05:30,2026-04-02 13:25:00+05:30,1253.52645,1252.9,1241.952906697065,1252.9,1254.9,1251.3,1254.7,1242.31859630902,1249.7,1233.1,16.600000000000136,10.947093302935173,11.207853690980073,0.12948996738331703,3.2000000000000455,0.14366669327161574,8.300000000000068,24.273549999999886,2.426450000000159,2.9245240963855044,0.29234337349399264,True,False,13,25,250
INFY,2026-04-07,BUY,2026-04-07 09:50:00+05:30,2026-04-07 09:55:00+05:30,1284.54195,1283.4,1277.657136483629,1283.9,1291.8,1283.0,1291.8,1279.5071985661787,1283.1,1266.1,17.0,5.742863516371017,5.034751433821384,0.2905578512868649,0.3000000000001819,0.6153127190591023,8.5,32.05804999999987,1.5419500000000426,3.771535294117631,0.1814058823529462,True,False,9,55,40
INFY,2026-04-08,SELL,2026-04-08 09:30:00+05:30,2026-04-08 09:35:00+05:30,1309.04515,1309.5,1325.208652704568,1309.7,1313.2,1308.7,1309.4,1323.8430119652999,1347.7,1312.8,34.90000000000009,15.708652704568067,14.797861965299944,-1.8981699987106087,3.2999999999999545,-0.022906009009693307,17.450000000000045,6.245149999999967,12.054849999999988,0.3578882521489943,0.6908223495701981,False,False,9,35,20
INFY,2026-04-09,BUY,2026-04-09 15:05:00+05:30,2026-04-09 15:10:00+05:30,1306.35285,1305.7,1296.9535695464601,1305.7,1306.3,1304.3,1306.3,1297.2661692221711,1304.3,1286.9,17.399999999999864,8.746430453539915,9.08668077782886,0.27678251470174936,1.400000000000091,0.0459523627173164,8.699999999999932,0.0,6.9528499999998985,0.0,0.7991781609195349,False,False,15,10,355
INFY,2026-04-10,SELL,2026-04-10 09:30:00+05:30,2026-04-10 09:35:00+05:30,1269.7648000000002,1270.4,1276.9415834789997,1270.4,1270.4,1266.1,1267.2,1275.643018762563,1291.0,1270.5,20.5,6.541583478999655,5.878218762562938,-1.602528187724268,0.09999999999990905,-0.25188916876575096,10.25,13.664800000000241,0.9351999999998952,1.3331512195122186,0.09123902439023368,False,False,9,35,20
INFY,2026-04-13,SELL,2026-04-13 09:30:00+05:30,2026-04-13 09:35:00+05:30,1241.07915,1241.7,1247.400649347042,1241.7,1241.9,1238.9,1241.0,1246.7619752712008,1261.7,1243.2,18.5,5.700649347041917,5.682825271200727,-1.2570950336000815,1.5,-0.056374325521468815,9.25,2.179149999999936,12.720849999999928,0.23558378378377687,1.3752270270270193,False,True,9,35,20
INFY,2026-04-16,SELL,2026-04-16 12:00:00+05:30,2026-04-16 12:05:00+05:30,1284.65735,1285.5,1294.5849621799923,1285.3,1286.5,1283.5,1284.8,1294.4312101050832,1302.8,1286.6,16.200000000000045,9.084962179992317,9.773860105083259,-0.06011416652201175,1.099999999999909,-0.03890142379211481,8.100000000000023,3.3573499999999967,11.542650000000094,0.4144876543209861,1.4250185185185262,False,True,12,5,170
INFY,2026-04-21,BUY,2026-04-21 09:45:00+05:30,2026-04-21 09:50:00+05:30,1283.2413,1282.6,1276.9008950374814,1282.6,1283.2,1280.1,1281.4,1277.19782474187,1282.3,1271.8,10.5,5.699104962518504,6.043475258130002,0.1710977603710491,0.2999999999999545,-0.09355995633867353,5.25,13.65870000000018,3.24129999999991,2.601657142857177,0.6173904761904591,True,False,9,50,35
INFY,2026-04-22,SELL,2026-04-22 10:05:00+05:30,2026-04-22 10:10:00+05:30,1244.47745,1245.1,1252.8738283226087,1245.1,1246.2,1243.3,1244.7,1252.5120328439384,1270.2,1245.3,24.90000000000009,7.773828322608779,8.034582843938324,-0.2819851414667877,0.20000000000004547,-0.032125933659932215,12.450000000000045,15.177450000000135,1.8225499999998647,1.219072289156633,0.14638955823292032,False,False,10,10,55
INFY,2026-04-23,SELL,2026-04-23 12:30:00+05:30,2026-04-23 12:35:00+05:30,1223.1880999999998,1223.8,1229.5178814833773,1223.8,1224.4,1223.5,1224.1,1229.442875924767,1238.9,1224.6,14.300000000000182,5.717881483377369,6.254775924767046,-0.06714513948577305,0.7999999999999545,0.024513809445991797,7.150000000000091,23.18809999999985,5.511900000000196,3.2430909090908466,0.7708951048951225,True,False,12,35,200
INFY,2026-04-24,SELL,2026-04-24 09:45:00+05:30,2026-04-24 09:50:00+05:30,1170.31455,1171.3,1182.9859201387164,1170.9,1171.1,1168.7,1169.6,1182.1779293278194,1198.0,1173.6,24.40000000000009,11.685920138716483,11.863379327819302,-0.9166282005750259,2.2999999999999545,-0.11102570672134604,12.200000000000045,42.5145500000001,0.7854499999998552,3.484799180327864,0.0643811475409715,True,False,9,50,35
INFY,2026-04-27,BUY,2026-04-27 09:45:00+05:30,2026-04-27 09:50:00+05:30,1154.07675,1153.0,1145.66771118065,1153.5,1153.5,1148.2,1150.8,1146.1716748758652,1151.1,1130.0,21.09999999999991,7.332288819349969,7.9050751241347825,0.5121132590689627,1.900000000000091,-0.23407022106632924,10.549999999999955,0.8232500000001437,11.276749999999993,0.0780331753554642,1.0688862559241745,False,True,9,50,35
INFY,2026-04-28,SELL,2026-04-28 09:50:00+05:30,2026-04-28 09:55:00+05:30,1130.8343,1131.4,1137.7810102208555,1131.4,1135.4,1131.1,1135.2,1137.447918436062,1144.6,1131.9,12.699999999999818,6.381010220855387,6.613618436062097,-0.44813753935583933,0.5,0.3358670673501818,6.349999999999909,5.434299999999894,9.165700000000015,0.8557952755905467,1.4434173228346687,False,True,9,55,40
INFY,2026-04-29,BUY,2026-04-29 09:35:00+05:30,2026-04-29 09:40:00+05:30,1142.47095,1141.9,1137.117074033592,1141.9,1145.1,1141.9,1143.5,1138.2630798434727,1140.3,1132.3,8.0,4.782925966408129,4.2078701565271786,0.2477998556244324,1.6000000000001364,0.14011734827916733,4.0,10.729050000000143,1.270949999999857,2.6822625000000357,0.31773749999996426,True,False,9,40,25
INFY,2026-04-30,BUY,2026-04-30 09:35:00+05:30,2026-04-30 09:40:00+05:30,1147.5735,1147.0,1141.7152472571859,1147.0,1148.0,1144.7,1145.6,1142.084776162974,1145.6,1135.0,10.599999999999909,5.284752742814135,5.488723837025873,-0.1244105105870238,1.400000000000091,-0.12205754141239034,5.2999999999999545,17.026499999999942,7.273500000000013,3.2125471698113373,1.372358490566052,True,True,9,40,25
INFY,2026-05-04,SELL,2026-05-04 10:10:00+05:30,2026-05-04 10:15:00+05:30,1152.92325,1153.4,1161.4191456798637,1153.5,1155.9,1153.2,1155.0,1161.1700452413747,1169.7,1158.2,11.5,8.019145679863641,8.246795241374684,-0.22002807582382972,4.7999999999999545,0.13003901170351995,5.75,12.423250000000053,2.976750000000038,2.1605652173913135,0.5176956521739197,True,False,10,15,60
INFY,2026-05-06,SELL,2026-05-06 09:30:00+05:30,2026-05-06 09:35:00+05:30,1157.421,1157.9,1162.2896733580096,1158.0,1158.7,1154.6,1156.4,1161.5950399582453,1166.3,1159.2,7.099999999999909,4.3896733580095315,4.174039958245203,0.15649656739784124,1.2999999999999545,-0.1381692573402371,3.5499999999999545,18.020999999999958,1.2789999999999964,5.076338028169068,0.36028169014084865,True,False,9,35,20
INFY,2026-05-07,SELL,2026-05-07 09:30:00+05:30,2026-05-07 09:35:00+05:30,1138.73035,1139.3,1144.1731362465885,1139.3,1141.3,1139.2,1141.1,1143.870981080246,1150.5,1140.4,10.099999999999909,4.873136246588501,5.140631080246067,-0.9645520414350568,1.1000000000001364,0.15799174931976356,5.0499999999999545,4.130350000000135,9.669650000000047,0.817891089108945,1.9147821782178482,False,True,9,35,20
INFY,2026-05-08,BUY,2026-05-08 10:25:00+05:30,2026-05-08 10:30:00+05:30,1148.27385,1147.7,1144.0844811499305,1147.7,1149.6,1147.5,1148.4,1144.4620247536348,1147.3,1134.3,13.0,3.6155188500695203,3.811825246365288,0.14275174296379203,0.40000000000009095,0.060991548314026645,6.5,10.126150000000052,5.073849999999993,1.5578692307692388,0.7805923076923066,False,False,10,30,75
INFY,2026-05-11,BUY,2026-05-11 09:45:00+05:30,2026-05-11 09:50:00+05:30,1155.1772999999998,1154.6,1151.765643361318,1154.6,1155.1,1153.1,1154.4,1151.9233261387747,1154.0,1147.3,6.7000000000000455,2.834356638681811,3.2539738612251767,0.06795778612158002,0.599999999999909,-0.017322016282683705,3.3500000000000227,6.722700000000259,5.877299999999877,2.0067761194030487,1.7544179104477127,True,True,9,50,35
INFY,2026-05-12,SELL,2026-05-12 09:45:00+05:30,2026-05-12 09:50:00+05:30,1110.8443000000002,1111.4,1117.3219263733406,1111.4,1111.9,1109.0,1110.7,1116.8178701055833,1137.4,1112.3,25.100000000000136,5.921926373340511,5.973570105583121,-0.6811149492352414,0.8999999999998636,-0.06298362425769533,12.550000000000068,11.644300000000158,7.755699999999706,0.9278326693227167,0.6179840637449932,False,False,9,50,35
INFY,2026-05-13,SELL,2026-05-13 09:45:00+05:30,2026-05-13 09:50:00+05:30,1105.0472,1105.1,1110.3967656372583,1105.6,1109.0,1105.3,1108.9,1110.1803987639742,1118.4,1107.2,11.200000000000045,5.2967656372584315,5.133198763974178,-0.2751424569382177,2.1000000000001364,0.29848046309697285,5.600000000000023,7.747200000000021,9.352800000000116,1.3834285714285695,1.670142857142871,False,True,9,50,35
INFY,2026-05-14,SELL,2026-05-14 09:30:00+05:30,2026-05-14 09:35:00+05:30,1084.75735,1085.2,1090.6874904421227,1085.3,1085.5,1080.7,1081.6,1089.1649281944765,1098.1,1086.1,12.0,5.487490442122635,4.4075781944764,-0.7821903931159836,0.8999999999998636,-0.3409195614115901,6.0,18.857349999999997,0.7426499999999123,3.142891666666666,0.12377499999998538,True,False,9,35,20
INFY,2026-05-18,BUY,2026-05-18 12:10:00+05:30,2026-05-18 12:15:00+05:30,1115.9577000000002,1115.4,1106.4489988043956,1115.4,1117.7,1112.7,1112.9,1106.7948814441743,1112.7,1094.3,18.40000000000009,8.951001195604476,9.16281855582588,0.1256741117233805,2.7000000000000455,-0.224134839519452,9.200000000000045,5.8422999999997955,5.457700000000159,0.6350326086956268,0.5932282608695796,False,False,12,15,180
INFY,2026-05-19,BUY,2026-05-19 15:05:00+05:30,2026-05-19 15:10:00+05:30,1173.1862999999998,1172.6,1164.7361907896427,1172.6,1173.0,1171.5,1172.8,1164.9231684880594,1172.3,1137.4,34.899999999999864,7.8638092103572035,8.2631315119404,0.11560141258191595,0.2999999999999545,0.01705611461708667,17.449999999999932,0.0,5.486299999999801,0.0,0.314401146131795,False,False,15,10,355
INFY,2026-05-20,BUY,2026-05-20 09:30:00+05:30,2026-05-20 09:35:00+05:30,1177.9887,1177.5,1171.6232970958306,1177.4,1180.5,1176.5,1179.2,1172.6372330285972,1175.6,1159.8,15.799999999999955,5.876702904169406,5.351466971402942,0.7008961671903914,1.900000000000091,0.15287922541191712,7.899999999999977,3.3112999999998465,16.8887000000002,0.419151898734159,2.13781012658231,False,True,9,35,20
INFY,2026-05-21,SELL,2026-05-21 09:35:00+05:30,2026-05-21 09:40:00+05:30,1162.4185,1163.0,1167.9138674633132,1163.0,1166.0,1162.4,1165.8,1167.658804690816,1176.3,1163.8,12.5,4.913867463313181,5.240304690815947,-0.37443169706941354,0.7999999999999545,0.24075666380050098,6.25,10.318500000000085,7.6814999999999145,1.6509600000000137,1.2290399999999864,False,True,9,40,25
INFY,2026-05-22,BUY,2026-05-22 10:35:00+05:30,2026-05-22 10:40:00+05:30,1162.88115,1162.3,1154.2472362675967,1162.3,1166.6,1162.1,1164.6,1154.811218652955,1161.9,1147.7,14.200000000000045,8.052763732403264,8.069931347044985,0.15081669471264675,0.3999999999998636,0.19788350683989098,7.100000000000023,3.718849999999975,14.681149999999889,0.5237816901408399,2.0677676056337804,False,True,10,40,85
INFY,2026-05-25,SELL,2026-05-25 15:05:00+05:30,2026-05-25 15:10:00+05:30,1144.12765,1144.4,1149.3070165284594,1144.7,1144.8,1143.8,1144.4,1149.1364516539575,1159.9,1144.6,15.300000000000182,4.90701652845928,5.008801653957562,-0.06983369606363093,0.1999999999998181,-0.02620774001921289,7.650000000000091,2.7276499999998123,0.6723500000000513,0.35655555555552676,0.08788888888889455,False,False,15,10,355
INFY,2026-05-29,BUY,2026-05-29 09:45:00+05:30,2026-05-29 09:50:00+05:30,1181.6905499999998,1181.1,1173.3681378633562,1181.1,1181.9,1177.5,1178.4,1173.7389644251132,1179.5,1155.2,24.299999999999955,7.731862136643713,7.9515855748866215,0.41527135181019775,1.599999999999909,-0.2286004572009004,12.149999999999977,2.709450000000288,52.49054999999976,0.22300000000002412,4.320209876543198,False,True,9,50,35
INFY,2026-06-01,BUY,2026-06-01 09:30:00+05:30,2026-06-01 09:35:00+05:30,1172.88615,1172.0,1165.4009241785577,1172.3,1174.6,1168.7,1168.7,1166.1466269393097,1171.8,1148.8,23.0,6.599075821442284,6.739523060690317,1.202109723281982,0.20000000000004547,-0.3070886291904773,11.5,18.313850000000002,4.686149999999998,1.5925086956521741,0.4074913043478259,False,False,9,35,20
INFY,2026-06-02,BUY,2026-06-02 09:40:00+05:30,2026-06-02 09:45:00+05:30,1228.8141,1228.2,1220.1479898751152,1228.2,1231.3,1226.3,1226.7,1221.442992604192,1224.5,1206.4,18.09999999999991,8.052010124884873,7.37110739580794,0.8940252705771883,3.7000000000000455,-0.1221299462628278,9.049999999999955,22.9858999999999,2.714100000000144,2.5398784530386758,0.2999005524862053,True,False,9,45,30
INFY,2026-06-03,SELL,2026-06-03 09:30:00+05:30,2026-06-03 09:35:00+05:30,1203.09815,1203.7,1210.849599640983,1203.7,1204.2,1199.5,1200.0,1209.9054347257497,1223.4,1204.0,19.40000000000009,7.149599640982842,6.807284725749696,-1.2477770462008166,0.2999999999999545,-0.3073855611863463,9.700000000000045,12.898149999999987,2.701849999999922,1.3297061855670027,0.27854123711339274,False,False,9,35,20
INFY,2026-06-04,SELL,2026-06-04 10:25:00+05:30,2026-06-04 10:30:00+05:30,1174.51245,1174.8,1180.8229876114817,1175.1,1178.2,1174.4,1175.9,1180.6581854304422,1189.5,1175.7,13.799999999999955,6.022987611481767,6.145735430442301,-0.2932620990915103,0.900000000000091,0.06807931239896092,6.899999999999977,0.9124500000000353,6.387550000000147,0.13223913043478816,0.9257318840579953,False,False,10,30,75
INFY,2026-06-05,SELL,2026-06-05 10:25:00+05:30,2026-06-05 10:30:00+05:30,1178.91025,1179.8,1183.442400984906,1179.5,1180.5,1177.5,1177.8,1183.2812356862378,1197.9,1180.5,17.40000000000009,3.6424009849060894,4.370985686237873,-0.13112795640477412,0.7000000000000455,-0.14412886816448367,8.700000000000045,9.910249999999905,2.1897500000000036,1.139109195402282,0.2516954022988497,False,False,10,30,75
INFY,2026-06-08,BUY,2026-06-08 10:00:00+05:30,2026-06-08 10:05:00+05:30,1164.28185,1164.3,1157.213083233424,1163.7,1164.2,1161.9,1162.8,1157.4154287731014,1162.3,1151.6,10.700000000000045,7.086916766575996,6.8664212268986375,0.2945720980118539,2.0,-0.07733952049497894,5.350000000000023,11.018149999999878,4.681850000000168,2.0594672897195947,0.8751121495327379,True,False,10,5,50
INFY,2026-06-09,SELL,2026-06-09 09:35:00+05:30,2026-06-09 09:40:00+05:30,1147.8258,1148.2,1155.2490778723948,1148.4,1148.4,1146.3,1146.5,1154.496664784812,1168.3,1151.3,17.0,7.049077872394719,6.670864784812011,-1.0678555991158563,3.099999999999909,-0.1654475792406851,8.5,5.225800000000163,10.974199999999882,0.6148000000000192,1.2910823529411626,False,True,9,40,25
INFY,2026-06-10,BUY,2026-06-10 09:45:00+05:30,2026-06-10 09:50:00+05:30,1168.584,1168.0,1163.9627263092477,1168.0,1171.4,1167.0,1169.5,1164.8165625432443,1166.4,1159.1,7.300000000000182,4.037273690752272,3.767437456755715,0.07897840105474102,1.599999999999909,0.12842465753424293,3.650000000000091,2.816000000000031,25.284000000000106,0.7715068493150578,6.9271232876710895,False,True,9,50,35
INFY,2026-06-10,SELL,2026-06-10 10:35:00+05:30,2026-06-10 10:40:00+05:30,1158.0206999999998,1158.6,1164.593395715801,1158.6,1159.1,1157.5,1158.5,1164.465082705603,1166.4,1159.1,7.300000000000182,5.993395715801171,6.444382705603175,-0.13440405483947027,0.5,-0.008631106507850372,3.650000000000091,14.720699999999852,2.7793000000001484,4.033068493150544,0.7614520547945423,True,False,10,40,85
INFY,2026-06-11,SELL,2026-06-11 10:00:00+05:30,2026-06-11 10:05:00+05:30,1110.14465,1110.8,1115.2213081899606,1110.7,1113.7,1110.7,1113.0,1115.1004522075268,1133.7,1111.1,22.600000000000136,4.421308189960655,4.955802207526858,-0.25381377440665703,0.2999999999999545,0.20707661834877822,11.300000000000068,0.04465000000004693,15.455349999999953,0.003951327433632448,1.3677300884955628,False,True,10,5,50
INFY,2026-06-12,SELL,2026-06-12 09:45:00+05:30,2026-06-12 09:50:00+05:30,1112.8433,1113.3,1116.9030587509458,1113.4,1113.5,1112.0,1112.0,1116.5664619761744,1123.3,1114.3,9.0,3.60305875094582,3.723161976174424,-0.12621585952689274,1.0,-0.1257409735944015,4.5,1.3432999999999993,10.1567,0.29851111111111095,2.2570444444444444,False,True,9,50,35
INFY,2026-06-15,BUY,2026-06-15 10:50:00+05:30,2026-06-15 10:55:00+05:30,1135.3674,1135.0,1129.493573862321,1134.8,1148.8,1134.8,1146.0,1132.0147590992813,1134.1,1123.0,11.099999999999909,5.506426137679,3.352640900718825,0.21894657674704468,0.900000000000091,0.986958054282705,5.5499999999999545,15.632599999999911,2.7674000000001797,2.8166846846846916,0.4986306306306671,True,False,10,55,100
INFY,2026-06-16,BUY,2026-06-16 09:30:00+05:30,2026-06-16 09:35:00+05:30,1142.67105,1142.2,1134.7331311480038,1142.1,1145.4,1140.0,1144.5,1135.926937359211,1139.7,1123.2,16.5,7.466868851996196,6.744112640788899,0.8460354757323477,2.5,0.21013921723143092,8.25,11.128950000000032,8.671049999999923,1.3489636363636401,1.0510363636363542,False,True,9,35,20
INFY,2026-06-17,BUY,2026-06-17 09:30:00+05:30,2026-06-17 09:35:00+05:30,1162.3809,1161.8,1156.8255239324114,1161.8,1162.5,1161.0,1161.8,1157.4051963433744,1160.5,1148.0,12.5,4.974476067588512,4.975703656625683,0.526152645801096,1.2999999999999545,0.0,6.25,0.1190999999998894,10.98090000000002,0.019055999999982306,1.7569440000000032,False,True,9,35,20
INFY,2026-06-22,BUY,2026-06-22 14:05:00+05:30,2026-06-22 14:10:00+05:30,1072.7361,1072.1,1066.032300935202,1072.2,1076.0,1071.6,1074.7,1066.4636976080626,1071.9,1055.0,16.90000000000009,6.067699064797807,6.272402391937476,0.11425874965848427,0.1999999999998181,0.23316545420630774,8.450000000000045,7.563899999999876,10.736100000000079,0.8951360946745367,1.2705443786982273,False,True,14,10,295
INFY,2026-06-23,SELL,2026-06-23 10:35:00+05:30,2026-06-23 10:40:00+05:30,1033.58295,1033.6,1038.8091751531583,1034.1,1035.3,1033.5,1034.0,1038.7238547956583,1055.3,1034.0,21.299999999999955,5.209175153158412,5.140904795658344,-0.129884730845188,0.40000000000009095,-0.009670244657178362,10.649999999999977,7.5829499999999825,5.117050000000063,0.7120140845070422,0.48047417840376283,False,False,10,40,85
INFY,2026-06-24,BUY,2026-06-24 10:15:00+05:30,2026-06-24 10:20:00+05:30,1047.6235499999998,1047.1,1042.9660405915124,1047.1,1049.4,1046.5,1048.5,1043.2692786956504,1046.5,1037.7,8.799999999999955,4.133959408487499,4.354271304349368,0.03252081735853549,0.599999999999909,0.13370260720084737,4.399999999999977,17.876450000000204,3.6235499999997955,4.062829545454613,0.8235340909090487,True,False,10,20,65
INFY,2026-06-25,SELL,2026-06-25 09:30:00+05:30,2026-06-25 09:35:00+05:30,1044.7773499999998,1045.3,1052.634571733149,1045.3,1046.9,1044.1,1046.0,1051.8597032693178,1068.0,1048.1,19.90000000000009,7.334571733149005,7.082353269317991,-1.0501095433919032,2.7999999999999545,0.066966421123138,9.950000000000045,5.677349999999933,14.122650000000249,0.5705879396984831,1.4193618090452447,False,True,9,35,20
INFY,2026-06-30,SELL,2026-06-30 09:30:00+05:30,2026-06-30 09:35:00+05:30,1008.6954,1009.1,1017.6198042782901,1009.2,1010.6,1006.2,1009.3,1016.3672897743191,1030.4,1013.4,17.000000000000114,8.519804278290053,7.671889774319197,-1.6623306210174609,4.2999999999999545,0.00990883868410286,8.500000000000057,12.69539999999995,8.30460000000005,1.4935764705882193,0.9770117647058818,False,False,9,35,20
INFY,2026-07-01,SELL,2026-07-01 09:35:00+05:30,2026-07-01 09:40:00+05:30,1003.0982,1003.8,1008.8764614066155,1003.6,1004.2,1001.2,1002.4,1008.275388311601,1014.0,1004.8,9.200000000000045,5.076461406615522,5.177188311600958,-0.4671577219265525,1.0,-0.11956954962136779,4.600000000000023,20.698200000000043,3.7017999999999347,4.499608695652161,0.8047391304347644,True,False,9,40,25
INFY,2026-07-02,BUY,2026-07-02 09:35:00+05:30,2026-07-02 09:40:00+05:30,1031.7156,1030.9,1023.2270212568361,1031.2,1034.5,1030.2,1034.3,1024.053444958983,1029.8,1006.0,23.799999999999955,7.672978743163981,7.6621550410170585,1.335163155425685,1.1000000000001364,0.30062063615203805,11.899999999999977,13.284400000000005,3.0155999999999494,1.116336134453784,0.25341176470587856,False,False,9,40,25
INFY,2026-07-03,SELL,2026-07-03 09:30:00+05:30,2026-07-03 09:35:00+05:30,1051.2741,1051.5,1057.6590198862611,1051.8,1052.8,1049.0,1050.4,1057.0613355327303,1068.7,1052.2,16.5,6.159019886261149,5.787235532730165,-0.7669794595897852,0.7000000000000455,-0.13310515307091153,8.25,9.27410000000009,7.525899999999865,1.124133333333344,0.9122303030302866,False,False,9,35,20
INFY,2026-07-06,SELL,2026-07-06 09:50:00+05:30,2026-07-06 09:55:00+05:30,1040.57945,1041.1,1044.6113945822246,1041.1,1041.1,1037.5,1038.3,1043.5734868169782,1053.0,1041.2,11.799999999999955,3.5113945822247388,2.994036816978223,-0.14690140401203375,0.10000000000013642,-0.2689463067908848,5.899999999999977,7.579449999999952,4.720550000000003,1.284652542372878,0.8000932203389867,False,False,9,55,40
INFY,2026-07-07,BUY,2026-07-07 09:40:00+05:30,2026-07-07 09:45:00+05:30,1069.23435,1069.2,1061.656811112668,1068.7,1074.8,1068.1,1070.7,1064.074780045796,1067.5,1040.6,26.90000000000009,7.543188887332008,5.1595699542040165,1.2317021018093677,1.7000000000000455,0.18714325816413524,13.450000000000045,18.26565000000005,3.434349999999995,1.3580408921933078,0.255342007434943,False,False,9,45,30
INFY,2026-07-10,SELL,2026-07-10 09:30:00+05:30,2026-07-10 09:35:00+05:30,1065.16715,1066.2,1078.624983660407,1065.7,1069.3,1064.7,1068.1,1077.1641103086727,1091.3,1069.2,22.09999999999991,12.424983660406951,11.99696030867267,-1.9237470416280449,3.0,0.2252040912076536,11.049999999999955,0.4671499999999469,9.232850000000099,0.04227601809954288,0.8355520361991073,False,False,9,35,20
INFY,2026-07-13,BUY,2026-07-13 10:40:00+05:30,2026-07-13 10:45:00+05:30,1075.5375,1075.4,1068.240235557996,1075.0,1081.4,1074.9,1080.4,1069.2196905256521,1073.4,1057.1,16.300000000000182,7.159764442004189,6.317809474347769,0.19830875342901047,2.0,0.5023255813953575,8.150000000000091,39.36250000000018,0.6374999999998181,4.829754601226962,0.07822085889568232,True,False,10,45,90
INFY,2026-07-14,SELL,2026-07-14 09:30:00+05:30,2026-07-14 09:35:00+05:30,1101.74885,1101.8,1106.198158030251,1102.3,1102.6,1098.0,1101.5,1105.3638469511563,1113.5,1102.6,10.900000000000091,4.398158030251125,3.6149969511563995,-0.153190460994815,0.7999999999999545,-0.07257552390456112,5.4500000000000455,11.748849999999948,10.651150000000143,2.155752293577954,1.9543394495412945,True,True,9,35,20
INFY,2026-07-16,SELL,2026-07-16 15:20:00+05:30,2026-07-16 15:25:00+05:30,1080.0597,1080.7,1088.482382816641,1080.6,1085.6,1077.9,1085.0,1088.1312199106158,1097.3,1081.0,16.299999999999955,7.7823828166408475,8.071519910615734,-0.2378792937306999,0.2999999999999545,0.4071811956320559,8.149999999999977,2.15969999999993,5.540299999999888,0.26499386503066696,0.679791411042933,False,False,15,25,370
INFY,2026-07-17,SELL,2026-07-17 09:30:00+05:30,2026-07-17 09:35:00+05:30,1101.449,1101.5,1109.167311309693,1102.0,1109.3,1101.3,1104.3,1108.733443088528,1116.8,1104.0,12.799999999999955,7.667311309693105,7.284443088527951,-0.5041684607145817,2.5,0.208711433756803,6.399999999999977,9.44900000000007,7.850999999999885,1.4764062500000161,1.2267187499999865,False,True,9,35,20
INFY,2026-07-20,SELL,2026-07-20 10:10:00+05:30,2026-07-20 10:15:00+05:30,1089.95475,1090.4,1095.7049827638077,1090.5,1092.0,1089.2,1090.8,1095.40747773523,1103.8,1091.0,12.799999999999955,5.3049827638076295,5.452727735229928,-0.19828447183981868,0.599999999999909,0.02751031636862855,6.399999999999977,6.754750000000058,6.745249999999942,1.0554296875000129,1.0539453124999947,False,True,10,15,60
INFY,2026-07-21,SELL,2026-07-21 09:45:00+05:30,2026-07-21 09:50:00+05:30,1076.56145,1077.3,1086.4622647083281,1077.1,1082.8,1077.1,1080.9,1085.9071270691109,1094.4,1078.0,16.40000000000009,9.162264708328166,9.345677069110934,0.09880252878939207,0.7000000000000455,0.35279918299138124,8.200000000000045,9.361449999999877,6.238550000000032,1.1416402439024178,0.7607987804878046,False,False,9,50,35
INFY,2026-07-22,SELL,2026-07-22 10:20:00+05:30,2026-07-22 10:25:00+05:30,1058.0707,1058.1,1064.2431669591194,1058.6,1060.1,1056.4,1059.3,1063.6670993015844,1067.3,1058.2,9.099999999999909,6.143166959119526,5.59639930158437,-0.03973973194795852,0.10000000000013642,0.06612507084828856,4.5499999999999545,11.870699999999943,4.1293000000000575,2.6089450549450683,0.9075384615384833,True,False,10,25,70
INFY,2026-07-23,BUY,2026-07-23 11:10:00+05:30,2026-07-23 11:15:00+05:30,1049.1243,1048.2,1042.1287124256564,1048.6,1050.5,1047.4,1048.0,1042.3372793001126,1046.9,1032.0,14.900000000000091,6.071287574343614,6.787020699887307,0.13579119634391557,1.2999999999999545,-0.057219149341969366,7.4500000000000455,9.375700000000052,8.624299999999948,1.2584832214765094,1.1576241610738116,False,True,11,15,120
INFY,2026-07-24,SELL,2026-07-24 10:25:00+05:30,2026-07-24 10:30:00+05:30,1021.98875,1022.2,1035.1288463637975,1022.5,1022.6,1019.0,1020.2,1034.5611363387184,1042.6,1023.0,19.59999999999991,12.928846363797447,12.572386338718388,-0.23342710070462563,0.7999999999999545,-0.22493887530561363,9.799999999999955,8.088750000000005,21.41125000000011,0.8253826530612288,2.18482142857145,False,True,10,30,75
INFY,2026-07-27,BUY,2026-07-27 09:30:00+05:30,2026-07-27 09:35:00+05:30,1075.03725,1074.3,1066.1156094552866,1074.5,1077.5,1073.2,1073.6,1066.9575128176934,1072.0,1057.4,14.599999999999909,8.184390544713324,8.079737182306644,1.6097794025357064,2.2999999999999545,-0.08375988832015624,7.2999999999999545,6.9627499999999145,5.83725000000004,0.9538013698630079,0.7996232876712434,False,False,9,35,20
INFY,2026-07-28,BUY,2026-07-28 09:30:00+05:30,2026-07-28 09:35:00+05:30,1110.6550499999998,1110.4,1106.0963272368172,1110.1,1111.7,1108.1,1110.7,1106.722225506971,1110.0,1097.0,13.0,4.303672763182931,3.9328244930288747,0.40270876086390317,0.40000000000009095,0.054049184758131474,6.5,7.8449500000001535,6.7550499999997555,1.2069153846154081,1.039238461538424,False,True,9,35,20
INFY,2026-07-29,BUY,2026-07-29 10:20:00+05:30,2026-07-29 10:25:00+05:30,1154.9772,1154.4,1144.4224880571182,1154.4,1156.2,1151.0,1151.0,1145.077815068104,1152.0,1128.4,23.59999999999991,9.977511942881847,9.899384931896066,0.36941508569660847,2.400000000000091,-0.2945252945253052,11.799999999999955,9.522799999999961,5.977200000000039,0.8070169491525422,0.5065423728813612,False,False,10,25,70
INFY,2026-07-30,SELL,2026-07-30 14:05:00+05:30,2026-07-30 14:10:00+05:30,1165.31705,1165.8,1177.3976724402646,1165.9,1165.9,1162.5,1163.0,1177.1672403432788,1186.3,1166.2,20.09999999999991,11.59767244026466,11.850190343278655,-0.17828236087607724,0.40000000000009095,-0.248734882923074,10.049999999999955,14.017050000000154,0.5829499999999825,1.3947313432836037,0.058004975124376634,False,False,14,10,295
INFY,2026-07-31,BUY,2026-07-31 09:40:00+05:30,2026-07-31 09:45:00+05:30,1122.3609,1121.9,1114.613656492199,1121.8,1126.6,1121.5,1126.4,1116.0225905834102,1119.0,1107.2,11.799999999999955,7.286343507801121,6.338309416589709,0.25945026212530214,2.900000000000091,0.41005526831878747,5.899999999999977,16.939100000000053,0.9608999999998105,2.8710338983051047,0.16286440677962952,True,False,9,45,30
INFY,2026-08-03,BUY,2026-08-03 10:10:00+05:30,2026-08-03 10:15:00+05:30,1158.67905,1158.0,1146.0221494742652,1158.1,1159.8,1156.5,1157.3,1146.9369279124933,1151.2,1138.1,13.100000000000136,11.977850525734766,11.742122087506687,0.4998625782299752,6.7999999999999545,-0.0690786633278595,6.550000000000068,17.82095000000004,3.579050000000052,2.720755725190817,0.5464198473282466,True,False,10,15,60
INFY,2026-08-04,SELL,2026-08-04 09:50:00+05:30,2026-08-04 09:55:00+05:30,1160.4195,1161.0,1164.5225946097598,1161.0,1162.0,1160.6,1161.1,1164.2783413144302,1175.7,1161.9,13.799999999999955,3.5225946097598353,3.858841314430265,-0.261806300599454,0.900000000000091,0.008613264427204115,6.899999999999977,7.119500000000016,2.180499999999938,1.0318115942029042,0.31601449275361526,False,False,9,55,40
INFY,2026-08-05,SELL,2026-08-05 09:50:00+05:30,2026-08-05 09:55:00+05:30,1163.6179,1164.1,1169.2152121015347,1164.2,1165.5,1163.2,1164.0,1168.9443996299788,1177.5,1165.4,12.099999999999909,5.11521210153478,5.326499629978798,-0.10638124371626484,1.300000000000182,-0.017179178835258213,6.0499999999999545,1.3179000000000087,10.482099999999946,0.21783471074380473,1.7325785123966984,False,True,9,55,40
INFY,2026-08-06,SELL,2026-08-06 10:05:00+05:30,2026-08-06 10:10:00+05:30,1169.11515,1169.7,1175.0199025444067,1169.7,1171.9,1169.3,1171.5,1174.895482105088,1185.8,1170.0,15.799999999999955,5.319902544406659,5.780332105087837,-0.24427373471508537,0.2999999999999545,0.15388561169529247,7.899999999999977,6.115150000000085,3.884849999999915,0.7740696202531776,0.49175316455695267,False,False,10,10,55
INFY,2026-08-07,BUY,2026-08-07 09:30:00+05:30,2026-08-07 09:35:00+05:30,1180.69005,1180.2,1173.1539770436432,1180.1,1181.4,1178.0,1180.9,1174.411552593438,1177.7,1155.6,22.100000000000136,7.046022956356865,6.278497406561883,2.7652574839349002,2.5,0.06779086518093891,11.050000000000068,2.3099500000000717,10.190049999999928,0.20904524886878348,0.9221764705882232,False,False,9,35,20
INFY,2026-08-10,BUY,2026-08-10 09:55:00+05:30,2026-08-10 10:00:00+05:30,1189.9947000000002,1189.0,1180.8895706563633,1189.4,1189.6,1184.3,1187.0,1181.3319238423283,1185.0,1175.2,9.799999999999955,8.110429343636724,8.662776157671942,0.20058673928884901,4.0,-0.20178241129982233,4.899999999999977,5.0052999999998065,9.294700000000148,1.0214897959183327,1.8968775510204472,False,True,10,0,45
INFY,2026-08-11,BUY,2026-08-11 09:30:00+05:30,2026-08-11 09:35:00+05:30,1193.7966,1193.3,1190.0812303362811,1193.2,1193.5,1191.3,1191.3,1190.3077748233904,1192.6,1183.2,9.399999999999864,3.218769663718831,3.4888251766094527,0.46644351026106384,0.7000000000000455,-0.15923566878981443,4.699999999999932,0.0,11.796599999999899,0.0,2.509914893617036,False,True,9,35,20
INFY,2026-08-12,BUY,2026-08-12 09:40:00+05:30,2026-08-12 09:45:00+05:30,1189.69455,1189.1,1186.8768729232672,1189.1,1189.3,1186.7,1187.2,1186.9739642736454,1189.0,1183.0,6.0,2.2231270767326805,2.7205857263545568,0.28761317355322735,0.09999999999990905,-0.1597847111260542,3.0,0.0,26.39454999999998,0.0,8.798183333333327,False,True,9,45,30
INFY,2026-08-13,SELL,2026-08-13 10:20:00+05:30,2026-08-13 10:25:00+05:30,1159.32005,1160.0,1164.652027017821,1159.9,1160.1,1157.5,1157.7,1164.213104338928,1170.0,1161.2,8.799999999999955,4.652027017820956,4.893054338927868,-0.13272644633263947,1.2000000000000455,-0.18967152340719773,4.399999999999977,2.3200500000000375,14.779949999999872,0.5272840909091021,3.3590795454545335,False,True,10,25,70
INFY,2026-08-13,BUY,2026-08-13 12:20:00+05:30,2026-08-13 12:25:00+05:30,1170.6850499999998,1170.1,1164.465784676933,1170.1,1171.1,1169.2,1169.2,1164.6061812172256,1170.0,1161.2,8.799999999999955,5.634215323066883,6.07886878277418,0.15495355688135226,0.09999999999990905,-0.07691650286298923,4.399999999999977,2.814950000000181,6.385049999999865,0.639761363636408,1.451147727272704,False,True,12,25,190
INFY,2026-08-14,SELL,2026-08-14 10:50:00+05:30,2026-08-14 10:55:00+05:30,1161.8188,1162.2,1167.698667393778,1162.4,1162.7,1159.2,1159.6,1167.3065005096917,1173.1,1164.1,9.0,5.4986673937778505,5.487700509691649,-0.1281605173567995,1.8999999999998636,-0.2408809359945141,4.5,2.9187999999999192,10.981199999999944,0.6486222222222042,2.440266666666654,False,True,10,55,100
RELIANCE,2025-08-18,BUY,2025-08-18 09:35:00+05:30,2025-08-18 09:40:00+05:30,1394.79705,1394.2,1387.8592743753081,1394.1,1394.8,1392.4,1393.2,1388.326771262604,1391.0,1382.6,8.400000000000091,6.340725624691913,6.470278737395802,0.4988639219290639,3.2000000000000455,-0.06455777921238193,4.2000000000000455,0.10295000000019172,17.7970499999999,0.024511904761950143,4.237392857142788,False,True,9,40,25
RELIANCE,2025-08-18,SELL,2025-08-18 11:35:00+05:30,2025-08-18 11:40:00+05:30,1380.20955,1380.9,1387.2058594585792,1380.9,1382.9,1380.6,1380.9,1387.1340719589332,1391.0,1382.6,8.400000000000091,6.305859458579107,6.9245219589331555,-0.23748964668079198,1.699999999999818,0.0,4.2000000000000455,3.2095500000000357,6.390449999999873,0.7641785714285716,1.5215357142856676,False,True,11,40,145
RELIANCE,2025-08-19,BUY,2025-08-19 09:45:00+05:30,2025-08-19 09:50:00+05:30,1412.60595,1412.0,1406.7319677836163,1411.9,1412.4,1410.6,1411.4,1406.9315210905208,1411.1,1389.1,22.0,5.2680322163837445,5.674428909479047,0.5924889896386969,0.900000000000091,-0.03541327289467988,11.0,8.394050000000107,5.505949999999984,0.7630954545454642,0.5005409090909076,False,False,9,50,35
RELIANCE,2025-08-20,BUY,2025-08-20 09:40:00+05:30,2025-08-20 09:45:00+05:30,1419.40935,1418.5,1415.197392367221,1418.7,1421.8,1418.6,1421.7,1415.9225636527015,1417.3,1411.0,6.2999999999999545,3.3026076327789724,3.486786347298448,0.22609874194597582,1.2000000000000455,0.21146119687036613,3.1499999999999773,5.490650000000187,9.409349999999904,1.743063492063564,2.9870952380952294,False,True,9,45,30
RELIANCE,2025-08-21,BUY,2025-08-21 09:45:00+05:30,2025-08-21 09:50:00+05:30,1429.7145,1429.0,1426.4671467392675,1429.0,1429.7,1428.0,1428.2,1426.583300969685,1428.9,1420.3,8.600000000000136,2.5328532607325087,3.131199030314974,0.4501347115314036,0.09999999999990905,-0.05598320503849008,4.300000000000068,2.1855000000000473,8.714500000000044,0.5082558139534913,2.026627906976722,False,True,9,50,35
RELIANCE,2025-08-22,SELL,2025-08-22 11:10:00+05:30,2025-08-22 11:15:00+05:30,1413.6928,1414.4,1417.5168088105036,1414.4,1414.4,1413.0,1413.9,1417.4154195345798,1423.4,1415.0,8.400000000000091,3.1168088105034712,3.722619534579735,-0.12353569535274844,0.599999999999909,-0.0353506787330371,4.2000000000000455,5.792799999999943,3.207200000000057,1.3792380952380667,0.763619047619053,False,False,11,15,120
RELIANCE,2025-08-25,SELL,2025-08-25 10:00:00+05:30,2025-08-25 10:05:00+05:30,1408.79525,1409.2,1413.4995130863279,1409.5,1409.5,1406.0,1406.0,1412.9980072985493,1417.0,1409.7,7.2999999999999545,4.299513086327806,4.202757298549386,-0.1525327629813352,0.5,-0.24831500532103146,3.6499999999999773,3.095249999999851,10.704750000000104,0.8480136986301015,2.932808219178129,False,True,10,5,50
RELIANCE,2025-08-26,SELL,2025-08-26 09:45:00+05:30,2025-08-26 09:50:00+05:30,1400.6993,1401.7,1405.9750003911554,1401.4,1402.0,1398.5,1400.9,1405.388554930091,1410.0,1404.0,6.0,4.275000391155345,4.6892549300910105,-0.19487305573644814,2.2999999999999545,-0.03567860710718129,3.0,19.099300000000085,3.200700000000097,6.366433333333362,1.0669000000000324,True,True,9,50,35
RELIANCE,2025-08-28,BUY,2025-08-28 15:20:00+05:30,2025-08-28 15:25:00+05:30,1391.0952000000002,1390.4,1380.3595489658294,1390.4,1392.2,1389.1,1390.9,1380.6176591664973,1389.9,1368.0,21.90000000000009,10.040451034170701,10.477540833502871,0.23057701304007733,0.5,0.03596087456847474,10.950000000000045,1.104799999999841,1.9952000000002954,0.10089497716893484,0.18221004566212667,False,False,15,25,370
RELIANCE,2025-08-29,SELL,2025-08-29 14:25:00+05:30,2025-08-29 14:30:00+05:30,1367.5159,1368.4,1386.3932088002593,1368.2,1372.0,1363.0,1367.1,1385.4422938756807,1396.6,1381.1,15.5,17.993208800259254,17.92639387568056,-0.14171022931506716,12.699999999999818,-0.08039760268967466,7.75,17.5159000000001,4.4840999999998985,2.260116129032271,0.5785935483870837,True,False,14,30,315
RELIANCE,2025-09-01,BUY,2025-09-01 12:30:00+05:30,2025-09-01 12:35:00+05:30,1358.37885,1357.7,1351.7608159994134,1357.7,1358.3,1355.3,1357.0,1351.8608386869298,1357.0,1340.6,16.40000000000009,5.9391840005866925,6.518011313070247,0.10592789890409446,0.7000000000000455,-0.05155778154232182,8.200000000000045,4.821149999999989,5.878850000000057,0.5879451219512148,0.7169329268292712,False,False,12,35,200
RELIANCE,2025-09-02,BUY,2025-09-02 09:35:00+05:30,2025-09-02 09:40:00+05:30,1380.0897,1379.3,1371.8948553484277,1379.4,1381.0,1375.0,1377.4,1372.3635987507807,1378.6,1354.5,24.09999999999991,7.4051446515723,7.726101249219255,0.8909031819404872,0.7000000000000455,-0.14499057561258022,12.049999999999955,4.4103000000000065,16.589699999999993,0.36600000000000193,1.3767385892116228,False,True,9,40,25
RELIANCE,2025-09-03,BUY,2025-09-03 12:10:00+05:30,2025-09-03 12:15:00+05:30,1373.8866,1373.2,1366.9564206431164,1373.2,1374.5,1372.0,1373.1,1367.234282870423,1372.5,1360.5,12.0,6.243579356883629,6.6523171295771135,0.06405903564299084,0.7000000000000455,-0.007282260413643549,6.0,2.613399999999956,7.786600000000135,0.43556666666665933,1.2977666666666892,False,True,12,15,180
RELIANCE,2025-09-04,SELL,2025-09-04 10:40:00+05:30,2025-09-04 10:45:00+05:30,1360.9191999999998,1361.8,1366.4572542771941,1361.6,1364.2,1360.3,1364.2,1366.2756448572195,1374.0,1362.6,11.400000000000091,4.65725427719417,5.356444857219685,-0.16298120891196946,0.7999999999999545,0.19095182138662015,5.7000000000000455,3.81919999999991,6.18080000000009,0.6700350877192771,1.0843508771929897,False,True,10,45,90
RELIANCE,2025-09-05,SELL,2025-09-05 10:50:00+05:30,2025-09-05 10:55:00+05:30,1359.61985,1360.6,1367.3777077748682,1360.3,1363.2,1360.1,1361.4,1366.6766580242902,1371.8,1363.0,8.799999999999955,6.777707774868304,7.056808024290149,-0.13730834220622873,2.400000000000091,0.08086451518047877,4.399999999999977,0.0,21.380149999999958,0.0,4.859125000000016,False,True,10,55,100
RELIANCE,2025-09-05,BUY,2025-09-05 14:40:00+05:30,2025-09-05 14:45:00+05:30,1373.2863,1372.6,1369.2954247844789,1372.6,1374.0,1372.6,1373.8,1369.336871703659,1371.8,1363.0,8.799999999999955,3.3045752155210266,3.9494282963410114,0.0857894832312465,0.7999999999999545,0.08742532420225047,4.399999999999977,3.113700000000108,0.6863000000000739,0.7076590909091192,0.1559772727272903,False,False,14,45,330
RELIANCE,2025-09-08,BUY,2025-09-08 12:45:00+05:30,2025-09-08 12:50:00+05:30,1382.59095,1381.8,1376.9057250147512,1381.9,1383.0,1381.5,1383.0,1377.0593870168163,1381.5,1373.5,8.0,4.894274985248785,5.531562983183676,0.09272514348179443,0.2999999999999545,0.07960054996742905,4.0,3.4090499999999793,6.090950000000021,0.8522624999999948,1.5227375000000052,False,True,12,50,215
RELIANCE,2025-09-09,SELL,2025-09-09 10:05:00+05:30,2025-09-09 10:10:00+05:30,1374.9122,1375.4,1377.428743456608,1375.6,1375.7,1373.8,1373.9,1377.2309535380114,1381.2,1375.7,5.5,2.028743456607799,2.3187535380113786,-0.062322533493066504,0.2999999999999545,-0.12358243675485436,2.75,6.212199999999939,4.087800000000016,2.258981818181796,1.486472727272733,True,True,10,10,55
RELIANCE,2025-09-10,BUY,2025-09-10 09:40:00+05:30,2025-09-10 09:45:00+05:30,1388.19375,1387.6,1382.0647565409533,1387.5,1388.5,1384.9,1386.4,1382.8021588010354,1384.4,1378.0,6.400000000000091,5.535243459046569,5.391591198964534,0.21524194370973063,3.199999999999818,-0.07927927927927625,3.2000000000000455,0.30625000000009095,14.09375,0.09570312500002706,4.404296874999938,False,True,9,45,30
RELIANCE,2025-09-11,BUY,2025-09-11 10:35:00+05:30,2025-09-11 10:40:00+05:30,1384.39185,1383.6,1380.9562416828503,1383.7,1383.7,1382.8,1383.0,1381.080626425384,1383.0,1375.0,8.0,2.6437583171496044,3.3112235746159513,0.07276763877295406,0.599999999999909,-0.05058900050589621,4.0,1.1081500000000233,5.491849999999886,0.2770375000000058,1.3729624999999714,False,True,10,40,85
RELIANCE,2025-09-12,BUY,2025-09-12 09:40:00+05:30,2025-09-12 09:45:00+05:30,1391.7955499999998,1391.1,1386.97182835303,1391.1,1392.0,1390.7,1390.8,1387.5298259095377,1388.2,1380.5,7.7000000000000455,4.128171646969804,4.265724090462072,0.29751272351286184,2.8999999999998636,-0.021565667457401627,3.8500000000000227,4.5044500000001335,2.4955499999998665,1.1699870129870407,0.6481948051947667,False,False,9,45,30
RELIANCE,2025-09-15,SELL,2025-09-15 09:35:00+05:30,2025-09-15 09:40:00+05:30,1390.80425,1391.6,1394.1794039782335,1391.5,1392.5,1391.2,1392.0,1393.9834695825198,1396.9,1392.1,4.800000000000182,2.579403978233586,3.1792195825198633,-0.15582523008858618,0.5,0.03593244699964249,2.400000000000091,2.204250000000002,9.995750000000044,0.9184374999999659,4.164895833333194,False,True,9,40,25
RELIANCE,2025-09-15,BUY,2025-09-15 13:55:00+05:30,2025-09-15 14:00:00+05:30,1397.6985,1397.0,1394.5562235907528,1397.0,1397.6,1396.4,1397.2,1394.5832466061022,1396.9,1392.1,4.800000000000182,2.4437764092472207,3.115253393897774,0.04781031666523473,0.09999999999990905,0.014316392269142497,2.400000000000091,3.1014999999999873,3.598500000000058,1.2922916666666124,1.4993749999999675,False,True,14,0,285
RELIANCE,2025-09-16,BUY,2025-09-16 10:35:00+05:30,2025-09-16 10:40:00+05:30,1407.20325,1406.5,1404.0193035983857,1406.5,1408.0,1406.0,1406.7,1404.2259061717466,1405.9,1400.0,5.900000000000091,2.4806964016142956,2.9773438282534244,0.03264601410679821,0.599999999999909,0.014219694276573769,2.9500000000000455,0.7967499999999745,9.00324999999998,0.2700847457626991,3.0519491525423192,False,True,10,40,85
RELIANCE,2025-09-16,SELL,2025-09-16 13:30:00+05:30,2025-09-16 13:35:00+05:30,1398.5004,1399.2,1404.0148000078939,1399.2,1399.9,1399.2,1399.7,1403.9751000659196,1405.9,1400.0,5.900000000000091,4.814800007893837,5.474700065919706,-0.04280323488086555,0.7999999999999545,0.03573470554603109,2.9500000000000455,0.3003999999998541,8.399600000000191,0.10183050847452525,2.847322033898326,False,True,13,35,260
RELIANCE,2025-09-17,BUY,2025-09-17 11:50:00+05:30,2025-09-17 11:55:00+05:30,1413.40635,1412.9,1410.6090198143563,1412.7,1413.0,1412.2,1412.9,1410.6300320433616,1412.5,1406.9,5.599999999999909,2.2909801856437753,2.7763179566384224,0.023388493264676645,0.40000000000009095,0.014157287463723023,2.7999999999999545,2.7936500000000706,4.10635000000002,0.9977321428571843,1.4665535714286024,False,True,11,55,160
RELIANCE,2025-09-18,SELL,2025-09-18 11:20:00+05:30,2025-09-18 11:25:00+05:30,1414.3924499999998,1414.9,1417.7046998766155,1415.1,1415.7,1414.7,1415.6,1417.6671886994402,1422.0,1415.1,6.900000000000091,2.8046998766153592,3.274738699440377,-0.03637942850553565,0.1999999999998181,0.03533319200057505,3.4500000000000455,3.6924499999997806,2.607550000000174,1.0702753623187629,0.755811594202939,False,False,11,25,130
RELIANCE,2025-09-19,SELL,2025-09-19 09:35:00+05:30,2025-09-19 09:40:00+05:30,1407.19605,1408.0,1410.6735591910533,1407.9,1408.8,1406.8,1408.2,1410.3991500588472,1417.0,1408.1,8.900000000000091,2.6735591910533003,3.2031000588472125,-0.2273697939023307,0.09999999999990905,0.021308331557645666,4.4500000000000455,3.5960500000001048,7.303949999999986,0.8081011235955209,1.6413370786516654,False,True,9,40,25
RELIANCE,2025-09-22,BUY,2025-09-22 09:45:00+05:30,2025-09-22 09:50:00+05:30,1409.5044,1408.8,1406.172630476269,1408.8,1409.9,1407.6,1408.2,1406.3548442159044,1408.6,1401.1,7.5,2.6273695237309767,3.1495557840955826,0.19905436933783455,0.20000000000004547,-0.04258943781941804,3.75,1.195600000000013,21.504400000000032,0.31882666666667014,5.734506666666675,False,True,9,50,35
RELIANCE,2025-09-23,SELL,2025-09-23 09:40:00+05:30,2025-09-23 09:45:00+05:30,1384.9072,1385.8,1389.3282038072027,1385.6,1385.7,1382.4,1382.7,1388.6827166560229,1393.0,1387.0,6.0,3.5282038072027717,3.7755166560227735,-0.06691815911520092,1.2000000000000455,-0.20929561200923041,3.0,8.107200000000148,10.092799999999897,2.702400000000049,3.3642666666666323,True,True,9,45,30
RELIANCE,2025-09-23,BUY,2025-09-23 14:20:00+05:30,2025-09-23 14:25:00+05:30,1393.99665,1393.4,1385.422155629116,1393.3,1393.5,1391.6,1392.4,1385.5215217925552,1393.0,1387.0,6.0,7.977844370883986,8.475128207444868,0.19546341140282347,0.40000000000009095,-0.0645948467666635,3.0,0.10334999999986394,5.496650000000045,0.03444999999995465,1.8322166666666817,False,True,14,25,310
RELIANCE,2025-09-24,BUY,2025-09-24 11:25:00+05:30,2025-09-24 11:30:00+05:30,1390.5949500000002,1389.9,1386.2823670391292,1389.9,1392.5,1389.9,1391.8,1386.517882779905,1389.6,1383.2,6.399999999999864,3.6176329608708784,4.077067220095159,0.03901260216577048,0.3000000000001819,0.13670048204905694,3.199999999999932,5.4050499999998465,10.194950000000063,1.689078124999988,3.1859218750000875,False,True,11,30,135
RELIANCE,2025-09-25,SELL,2025-09-25 12:00:00+05:30,2025-09-25 12:05:00+05:30,1373.313,1374.0,1377.8178798799033,1374.0,1374.6,1373.0,1373.3,1377.7317666264132,1384.5,1374.3,10.200000000000045,3.81787987990333,4.418766626413117,-0.20212470592681475,0.2999999999999545,-0.05094614264919972,5.100000000000023,4.313000000000102,5.986999999999853,0.8456862745098201,1.173921568627417,False,True,12,5,170
RELIANCE,2025-09-26,SELL,2025-09-26 09:30:00+05:30,2025-09-26 09:35:00+05:30,1365.7168,1366.3,1369.4496689036555,1366.4,1368.5,1366.0,1367.3,1369.184303164985,1372.1,1367.2,4.899999999999864,3.149668903655538,3.467503164985146,-0.39137567118841443,0.900000000000091,0.0658665105386369,2.449999999999932,0.0,16.983200000000124,0.0,6.9319183673471825,False,True,9,35,20
RELIANCE,2025-09-26,BUY,2025-09-26 14:10:00+05:30,2025-09-26 14:15:00+05:30,1377.4884,1376.7,1376.191442908061,1376.8,1376.8,1373.8,1375.1,1376.1631228818187,1372.1,1367.2,4.899999999999864,0.5085570919391103,1.3252771181812477,-0.016440803610892212,4.600000000000136,-0.12347472399767412,2.449999999999932,2.611599999999953,3.6884000000000015,1.0659591836734799,1.5054693877551446,False,True,14,15,300
RELIANCE,2025-09-29,BUY,2025-09-29 09:35:00+05:30,2025-09-29 09:40:00+05:30,1385.59245,1384.9,1383.3772612708424,1384.9,1385.5,1383.4,1383.7,1383.4802043817483,1384.7,1379.0,5.7000000000000455,1.5227387291577088,2.112245618251791,0.17429360657039442,0.20000000000004547,-0.08664885551303847,2.8500000000000227,3.407549999999901,17.5924500000001,1.1956315789473242,6.172789473684196,False,True,9,40,25
RELIANCE,2025-09-29,SELL,2025-09-29 12:35:00+05:30,2025-09-29 12:40:00+05:30,1373.61285,1374.1,1381.111950629843,1374.3,1374.9,1373.4,1374.6,1381.016011826817,1384.7,1379.0,5.7000000000000455,7.011950629843113,7.4031618268170405,-0.22414696794890626,4.900000000000091,0.021829294913766617,2.8500000000000227,5.61284999999998,3.9871499999999287,1.9694210526315563,1.3989999999999638,False,True,12,40,205
RELIANCE,2025-09-30,SELL,2025-09-30 10:30:00+05:30,2025-09-30 10:35:00+05:30,1365.4169499999998,1366.2,1369.4807454198726,1366.1,1366.2,1363.1,1363.7,1369.0123770100672,1377.1,1367.0,10.099999999999909,3.2807454198725736,3.5954270100673966,-0.07344175258307122,0.7999999999999545,-0.17568260010246695,5.0499999999999545,2.6169499999998607,3.8830500000001393,0.5182079207920562,0.7689207920792425,False,False,10,35,80
RELIANCE,2025-10-01,BUY,2025-10-01 09:30:00+05:30,2025-10-01 09:35:00+05:30,1377.8886,1377.2,1372.784879162148,1377.2,1377.9,1374.4,1375.1,1373.009657259602,1374.9,1366.1,8.800000000000182,4.4151208378521005,4.878942740398088,0.468603467019763,2.2999999999999545,-0.15248329944816952,4.400000000000091,0.11140000000000327,15.188599999999951,0.025318181818182038,3.451954545454463,False,True,9,35,20
RELIANCE,2025-10-01,SELL,2025-10-01 13:15:00+05:30,2025-10-01 13:20:00+05:30,1365.01715,1365.7,1372.2790252244224,1365.7,1366.3,1365.4,1366.3,1372.1969232423721,1374.9,1366.1,8.800000000000182,6.579025224422367,7.179773242372221,-0.15094059786992126,0.3999999999998636,0.04393351394889056,4.400000000000091,2.317149999999856,5.982850000000099,0.5266249999999564,1.3597386363636306,False,True,13,20,245
RELIANCE,2025-10-03,SELL,2025-10-03 09:45:00+05:30,2025-10-03 09:50:00+05:30,1361.1191,1362.0,1365.4231195832233,1361.8,1363.9,1361.0,1363.6,1365.153588318463,1371.6,1363.1,8.5,3.423119583223297,4.034488318463218,-0.2456001068868727,1.099999999999909,0.1321779997062622,4.25,4.2190999999997985,3.8809000000001106,0.9927294117646585,0.9131529411764966,False,False,9,50,35
RELIANCE,2025-10-06,BUY,2025-10-06 10:35:00+05:30,2025-10-06 10:40:00+05:30,1367.0832,1366.2,1363.2394590570702,1366.4,1366.6,1365.0,1365.0,1363.2623228087812,1365.9,1359.0,6.900000000000091,2.9605409429298106,3.8208771912188695,0.023830736474930374,0.2999999999999545,-0.10245901639345245,3.4500000000000455,10.316800000000057,3.383199999999988,2.9903768115941802,0.9806376811594039,True,False,10,40,85
RELIANCE,2025-10-07,BUY,2025-10-07 09:40:00+05:30,2025-10-07 09:45:00+05:30,1384.59195,1384.0,1381.1929339100748,1383.9,1384.6,1383.0,1383.4,1381.3978155000802,1383.7,1375.9,7.7999999999999545,2.807066089925229,3.1941344999197554,0.18311017154908565,0.2999999999999545,-0.036129778163163095,3.8999999999999773,11.308050000000094,4.591949999999997,2.899500000000041,1.1774230769230831,True,True,9,45,30
RELIANCE,2025-10-08,BUY,2025-10-08 09:30:00+05:30,2025-10-08 09:35:00+05:30,1388.0937,1387.3,1383.749449287593,1387.4,1389.0,1385.7,1387.1,1384.19755708772,1386.9,1378.8,8.100000000000136,3.5505507124069027,3.8961429122798563,0.371623499867901,0.3999999999998636,-0.021623180049024082,4.050000000000068,0.9063000000001011,23.5936999999999,0.22377777777779898,5.825604938271482,False,True,9,35,20
RELIANCE,2025-10-08,SELL,2025-10-08 10:40:00+05:30,2025-10-08 10:45:00+05:30,1377.01115,1377.7,1382.6170330412883,1377.7,1377.7,1376.2,1376.9,1382.2740214717485,1386.9,1378.8,8.100000000000136,4.917033041288278,5.26287147174844,-0.15949940878403077,1.099999999999909,-0.05806779414966323,4.050000000000068,12.511150000000043,0.6888500000000022,3.0891728395061313,0.17008641975308408,True,False,10,45,90
RELIANCE,2025-10-09,BUY,2025-10-09 11:10:00+05:30,2025-10-09 11:15:00+05:30,1380.18975,1379.5,1375.5287288454315,1379.5,1379.8,1376.0,1377.1,1375.6823488820298,1379.3,1369.1,10.200000000000045,3.9712711545685124,4.507401117970176,0.033605823837418454,0.20000000000004547,-0.17397607828923967,5.100000000000023,0.0,9.589750000000095,0.0,1.8803431372549122,False,True,11,15,120
RELIANCE,2025-10-10,BUY,2025-10-10 09:40:00+05:30,2025-10-10 09:45:00+05:30,1385.59245,1384.9,1381.8602022470998,1384.9,1385.5,1384.2,1384.4,1382.2559226551086,1383.9,1375.1,8.800000000000182,3.039797752900313,3.336527344891465,0.3017463544507709,1.0,-0.03610368979709566,4.400000000000091,2.407549999999901,5.592450000000099,0.5471704545454208,1.2710113636363598,False,True,9,45,30
RELIANCE,2025-10-13,SELL,2025-10-13 10:40:00+05:30,2025-10-13 10:45:00+05:30,1369.7148000000002,1370.4,1372.4564019956233,1370.4,1370.6,1369.9,1370.1,1372.3555842156184,1376.9,1370.5,6.400000000000091,2.0564019956232187,2.6407842156181687,-0.059030216966814736,0.09999999999990905,-0.021891418563935172,3.2000000000000455,1.9148000000002412,7.98519999999985,0.5983750000000668,2.4953749999999175,False,True,10,45,90
RELIANCE,2025-10-14,SELL,2025-10-14 09:55:00+05:30,2025-10-14 10:00:00+05:30,1377.5109,1378.2,1383.0149795160114,1378.2,1380.0,1376.0,1376.4,1382.5246763508958,1388.0,1378.4,9.599999999999909,4.814979516011363,5.013776350895796,-0.26985721496062454,0.20000000000004547,-0.13060513713538668,4.7999999999999545,7.410900000000083,4.889100000000099,1.543937500000032,1.0185625000000302,False,True,10,0,45
RELIANCE,2025-10-15,SELL,2025-10-15 09:40:00+05:30,2025-10-15 09:45:00+05:30,1376.7113000000002,1377.4,1379.8487298706614,1377.4,1377.9,1376.2,1376.5,1379.6960103795789,1384.0,1378.0,6.0,2.448729870661282,2.9847103795787007,-0.11502758331210212,0.599999999999909,-0.06534049658778462,3.0,4.011300000000119,5.188699999999926,1.3371000000000397,1.729566666666642,False,True,9,45,30
RELIANCE,2025-10-16,BUY,2025-10-16 12:10:00+05:30,2025-10-16 12:15:00+05:30,1384.0917000000002,1383.4,1379.234085457275,1383.4,1384.8,1383.0,1383.7,1379.5126270948526,1381.9,1375.0,6.900000000000091,4.165914542725204,4.579072905147541,0.0879718429595383,1.5,0.021685701893892073,3.4500000000000455,16.408299999999826,3.891700000000128,4.756028985507133,1.1280289855072687,True,True,12,15,180
RELIANCE,2025-10-17,BUY,2025-10-17 10:30:00+05:30,2025-10-17 10:35:00+05:30,1413.9066,1413.1,1405.8381931465774,1413.2,1413.6,1411.8,1412.8,1406.1078139253143,1410.8,1399.6,11.200000000000045,7.261806853422513,7.798786074685722,0.1901192423158437,2.2999999999999545,-0.02830455703368706,5.600000000000023,9.393399999999929,3.906600000000026,1.6773928571428376,0.6976071428571446,False,False,10,35,80
RELIANCE,2025-10-20,BUY,2025-10-20 10:00:00+05:30,2025-10-20 10:05:00+05:30,1465.03215,1464.8,1454.1541945981426,1464.3,1465.0,1459.4,1460.5,1454.4287450299707,1460.6,1433.3,27.299999999999955,10.645805401857388,10.60340497002926,0.1956966641556565,4.2000000000000455,-0.2595096633203564,13.649999999999977,8.767849999999953,5.832149999999956,0.642333333333331,0.42726373626373376,False,False,10,5,50
RELIANCE,2025-10-23,BUY,2025-10-23 09:30:00+05:30,2025-10-23 09:35:00+05:30,1480.3398,1479.2,1475.7434173754414,1479.6,1479.6,1475.2,1476.3,1475.8841353460707,1478.9,1470.4,8.5,3.4565826245586777,4.4556646539292615,0.6824557477556686,0.2999999999999545,-0.22303325223033132,4.25,0.0,35.73980000000006,0.0,8.409364705882368,False,True,9,35,20
RELIANCE,2025-10-23,SELL,2025-10-23 12:55:00+05:30,2025-10-23 13:00:00+05:30,1468.36545,1469.3,1469.3618966784566,1469.1,1469.8,1468.4,1469.1,1469.357505538155,1478.9,1470.4,8.5,0.061896678456605514,0.9920555381550002,0.012097258755879628,1.1000000000001364,0.0,4.25,23.7654500000001,3.534550000000081,5.5918705882353175,0.8316588235294309,True,False,13,0,225
RELIANCE,2025-10-24,BUY,2025-10-24 11:35:00+05:30,2025-10-24 11:40:00+05:30,1452.5259,1451.8,1447.1968434400105,1451.8,1455.0,1451.6,1454.6,1447.350596782699,1450.2,1441.0,9.200000000000045,4.603156559989429,5.175303217301007,0.0655548215683488,1.599999999999909,0.19286403085823078,4.600000000000023,7.274099999999862,5.025900000000092,1.581326086956484,1.0925869565217539,False,True,11,40,145
RELIANCE,2025-10-27,BUY,2025-10-27 09:30:00+05:30,2025-10-27 09:35:00+05:30,1473.1362,1472.4,1466.559267771744,1472.4,1476.9,1472.2,1476.5,1468.319640259268,1468.6,1458.0,10.599999999999909,5.840732228256002,4.816559740731918,0.8104799058442428,3.800000000000182,0.2784569410486215,5.2999999999999545,11.863800000000083,0.9361999999998716,2.238452830188714,0.17664150943393955,True,False,9,35,20
RELIANCE,2025-10-28,BUY,2025-10-28 09:40:00+05:30,2025-10-28 09:45:00+05:30,1491.3453,1490.6,1485.8310600311463,1490.6,1492.0,1488.2,1489.5,1486.173236155978,1489.0,1481.2,7.7999999999999545,4.768939968853601,5.172063844021977,0.3532396096345543,1.599999999999909,-0.07379578693142985,3.8999999999999773,0.654700000000048,13.745300000000043,0.16787179487180817,3.524435897435929,False,True,9,45,30
RELIANCE,2025-10-28,SELL,2025-10-28 10:50:00+05:30,2025-10-28 10:55:00+05:30,1479.1600500000002,1479.6,1485.1374193581987,1479.9,1480.8,1479.1,1479.5,1484.9530040897046,1489.0,1481.2,7.7999999999999545,5.537419358198804,5.792954089704381,-0.09368886051860907,1.6000000000001364,-0.02702885330090332,3.8999999999999773,1.560050000000274,10.839949999999817,0.4000128205128931,2.779474358974328,False,True,10,55,100
RELIANCE,2025-10-28,SELL,2025-10-28 14:30:00+05:30,2025-10-28 14:35:00+05:30,1479.26,1479.9,1484.8022067173754,1480.0,1481.0,1477.8,1480.7,1484.6571938505747,1489.0,1481.2,7.7999999999999545,4.902206717375293,5.397193850574695,-0.06284022759765584,1.2999999999999545,0.04729729729731069,3.8999999999999773,1.4600000000000364,10.740000000000009,0.37435897435898585,2.753846153846172,False,True,14,35,320
RELIANCE,2025-10-29,BUY,2025-10-29 10:05:00+05:30,2025-10-29 10:10:00+05:30,1501.65045,1500.9,1496.9956737348266,1500.9,1505.4,1500.9,1503.6,1498.3670527396225,1500.6,1488.1,12.5,3.904326265173495,3.283397260377569,0.14250535656318938,0.3000000000001819,0.1798920647611224,6.25,6.649549999999863,2.7504500000000007,1.063927999999978,0.44007200000000013,False,False,10,10,55
RELIANCE,2025-10-30,SELL,2025-10-30 09:40:00+05:30,2025-10-30 09:45:00+05:30,1493.0531,1493.6,1495.6109659692288,1493.8,1494.0,1492.7,1493.7,1495.1731739267348,1501.3,1494.0,7.2999999999999545,2.0109659692288915,2.120073926734676,-0.3178302793804903,0.40000000000009095,-0.006694336591239747,3.6499999999999773,9.053100000000086,10.046899999999823,2.4803013698630525,2.752575342465722,True,True,9,45,30
RELIANCE,2025-10-30,SELL,2025-10-30 13:05:00+05:30,2025-10-30 13:10:00+05:30,1492.6533000000002,1493.2,1495.975588679692,1493.4,1494.5,1492.7,1494.0,1495.9285753282954,1501.3,1494.0,7.2999999999999545,2.775588679691964,3.2752753282952654,-0.010025952993783388,0.7999999999999545,0.04017677782242046,3.6499999999999773,8.653300000000172,2.946699999999737,2.370767123287733,0.8073150684930837,True,False,13,10,235
RELIANCE,2025-10-31,SELL,2025-10-31 10:00:00+05:30,2025-10-31 10:05:00+05:30,1485.55685,1486.8,1491.9138033204697,1486.3,1486.8,1484.5,1486.0,1491.4855188362064,1497.5,1488.1,9.400000000000091,5.113803320469742,5.928668836206498,-0.3075473468758353,1.2999999999999545,-0.02018435040032074,4.7000000000000455,3.256849999999986,7.243150000000014,0.6929468085106286,1.541095744680839,False,True,10,5,50
RELIANCE,2025-11-03,SELL,2025-11-03 09:30:00+05:30,2025-11-03 09:35:00+05:30,1479.55985,1479.4,1484.3006337261045,1480.3,1485.1,1479.3,1483.2,1483.9466260857362,1488.9,1482.3,6.600000000000136,4.900633726104388,4.386776085736074,-0.5264791093860168,2.8999999999998636,0.1959062352225871,3.300000000000068,0.25985000000014224,15.440149999999903,0.07874242424246572,4.678833333333207,False,True,9,35,20
RELIANCE,2025-11-03,BUY,2025-11-03 09:55:00+05:30,2025-11-03 10:00:00+05:30,1491.84555,1491.7,1486.0473060189142,1491.1,1491.5,1488.0,1488.7,1486.3472376350664,1488.9,1482.3,6.600000000000136,5.652693981085804,5.498312364933554,0.4006288042025676,2.7999999999999545,-0.1609549996646642,3.300000000000068,3.154449999999997,8.545550000000048,0.9558939393939188,2.589560606060567,False,True,10,0,45
RELIANCE,2025-11-04,SELL,2025-11-04 13:10:00+05:30,2025-11-04 13:15:00+05:30,1479.8597,1480.5,1486.9196927189416,1480.6,1482.3,1479.5,1480.0,1486.7224469845335,1492.8,1481.2,11.599999999999909,6.419692718941633,6.862746984533487,-0.16544127275496479,0.7000000000000455,-0.04052411184654048,5.7999999999999545,9.759700000000066,3.740299999999934,1.6827068965517487,0.6448793103448213,False,False,13,15,240
RELIANCE,2025-11-06,BUY,2025-11-06 09:35:00+05:30,2025-11-06 09:40:00+05:30,1499.24925,1498.5,1491.3276388715947,1498.5,1499.8,1495.8,1498.9,1492.6960656274996,1496.5,1476.2,20.299999999999955,7.172361128405328,6.553184372500482,1.1752186921124272,2.0,0.0266933600266972,10.149999999999977,2.3507499999998345,12.94925000000012,0.2316009852216591,1.2757881773399162,False,True,9,40,25
RELIANCE,2025-11-07,BUY,2025-11-07 09:45:00+05:30,2025-11-07 09:50:00+05:30,1498.24875,1497.4,1492.2216539085655,1497.5,1497.6,1493.2,1494.9,1492.56263323981,1495.3,1487.3,8.0,5.178346091434605,5.6861167601898615,0.3607527633848954,2.1000000000001364,-0.1736227045075034,4.0,0.0,22.34874999999988,0.0,5.58718749999997,False,True,9,50,35
RELIANCE,2025-11-07,SELL,2025-11-07 12:20:00+05:30,2025-11-07 12:25:00+05:30,1486.2565,1487.0,1492.5988719289737,1487.0,1487.4,1484.6,1484.9,1492.4305117636543,1495.3,1487.3,8.0,5.598871928973722,6.174011763654335,-0.098698865500166,0.2999999999999545,-0.1412239408204341,4.0,10.356499999999869,1.143500000000131,2.5891249999999673,0.28587500000003274,True,False,12,25,190
RELIANCE,2025-11-10,BUY,2025-11-10 09:30:00+05:30,2025-11-10 09:35:00+05:30,1493.84655,1492.9,1488.0540437171387,1493.1,1494.8,1492.8,1494.0,1489.0558022301564,1492.6,1475.5,17.09999999999991,4.84595628286138,4.79074776984362,0.7480742531957322,0.3000000000001819,0.060277275467157665,8.549999999999955,7.153450000000021,6.046550000000025,0.8366608187134572,0.7071988304093634,False,False,9,35,20
RELIANCE,2025-11-11,SELL,2025-11-11 09:30:00+05:30,2025-11-11 09:35:00+05:30,1487.4559000000002,1488.0,1491.770323494915,1488.2,1489.4,1487.1,1489.0,1491.4484641219403,1498.8,1488.1,10.700000000000045,3.770323494914919,3.992564121940177,-0.6779347655907239,0.09999999999990905,0.05375621556242827,5.350000000000023,7.255900000000111,8.444099999999935,1.3562429906542206,1.578336448598112,False,True,9,35,20
RELIANCE,2025-11-12,BUY,2025-11-12 11:15:00+05:30,2025-11-12 11:20:00+05:30,1515.9576,1515.0,1509.0711734163015,1515.2,1517.0,1514.5,1516.1,1509.2274943464117,1513.5,1500.0,13.5,5.928826583698537,6.730105653588225,0.2096003368875486,1.5,0.05939809926081008,6.75,8.742400000000089,7.357600000000048,1.2951703703703836,1.0900148148148219,False,True,11,20,125
RELIANCE,2025-11-13,BUY,2025-11-13 11:00:00+05:30,2025-11-13 11:05:00+05:30,1517.45835,1516.7,1511.456054333038,1516.7,1517.8,1516.5,1516.9,1511.6772901257114,1516.0,1506.8,9.200000000000045,5.243945666961963,5.781059874288758,0.15342292024358647,0.7000000000000455,0.013186523373120984,4.600000000000023,4.6416499999997995,9.45835000000011,1.0090543478260383,2.0561630434782745,False,True,11,5,110
RELIANCE,2025-11-14,BUY,2025-11-14 09:30:00+05:30,2025-11-14 09:35:00+05:30,1515.7575,1515.0,1510.9433402141658,1515.0,1515.0,1512.5,1513.7,1511.619011965217,1513.5,1505.5,8.0,4.056659785834199,4.138488034782995,0.13207666721498915,1.5,-0.08580858085808218,4.0,5.142500000000155,4.757499999999936,1.2856250000000387,1.189374999999984,False,True,9,35,20
RELIANCE,2025-11-17,SELL,2025-11-17 11:20:00+05:30,2025-11-17 11:25:00+05:30,1514.2425,1515.0,1519.1970642341305,1515.0,1515.0,1513.1,1513.8,1519.0544492440995,1522.9,1516.0,6.900000000000091,4.197064234130494,4.811949244099424,-0.17607509471329508,1.0,-0.07920792079207928,3.4500000000000455,2.7425000000000637,5.457499999999982,0.794927536231892,1.5818840579709883,False,True,11,25,130
RELIANCE,2025-11-18,BUY,2025-11-18 13:05:00+05:30,2025-11-18 13:10:00+05:30,1523.3612999999998,1522.5,1517.1408676443664,1522.6,1523.4,1521.4,1522.0,1517.422504016906,1521.7,1510.5,11.200000000000045,5.359132355633619,5.938795983093769,0.15952842523793564,0.7999999999999545,-0.03940627873373348,5.600000000000023,4.4387000000001535,7.6612999999997555,0.7926250000000242,1.3680892857142366,False,True,13,10,235
RELIANCE,2025-11-19,BUY,2025-11-19 10:10:00+05:30,2025-11-19 10:15:00+05:30,1520.9601,1520.2,1517.0553300849083,1520.2,1520.7,1520.0,1520.0,1517.300761180363,1519.5,1514.9,4.599999999999909,3.144669915091754,3.6593388196370142,0.08030175860944246,0.7000000000000455,-0.013156163662675358,2.2999999999999545,1.3398999999999432,8.960100000000011,0.5825652173912912,3.895695652173995,False,True,10,15,60
RELIANCE,2025-11-19,BUY,2025-11-19 12:30:00+05:30,2025-11-19 12:35:00+05:30,1521.26025,1520.5,1516.9386255335971,1520.5,1521.0,1518.6,1519.9,1517.0431976580087,1519.5,1514.9,4.599999999999909,3.5613744664028673,4.217052341991348,0.03803801508576429,1.0,-0.03946070371587673,2.2999999999999545,1.0397499999999127,4.660250000000133,0.4520652173912753,2.0261956521740108,False,True,12,35,200
RELIANCE,2025-11-20,BUY,2025-11-20 09:30:00+05:30,2025-11-20 09:35:00+05:30,1538.66895,1538.2,1533.4366048041666,1537.9,1538.5,1535.1,1535.7,1533.6988932592806,1537.0,1526.7,10.299999999999955,4.763395195833482,4.9700567407194285,0.6857089800958017,1.2000000000000455,-0.14305221405813695,5.149999999999977,12.231050000000096,9.96894999999995,2.374961165048573,1.9357184466019406,True,True,9,35,20
RELIANCE,2025-11-24,SELL,2025-11-24 10:40:00+05:30,2025-11-24 10:45:00+05:30,1539.52985,1540.2,1543.4068712213036,1540.3,1542.3,1540.1,1542.0,1543.3335623095356,1550.0,1540.3,9.700000000000045,3.2068712213035724,3.80371230953574,-0.29075507584536814,0.09999999999990905,0.11036811010842751,4.850000000000023,7.729849999999942,4.870150000000194,1.5937835051546199,1.0041546391752931,False,True,10,45,90
RELIANCE,2025-11-25,BUY,2025-11-25 09:30:00+05:30,2025-11-25 09:35:00+05:30,1555.9776,1555.2,1544.3920751313385,1555.2,1555.8,1553.7,1555.3,1545.2723450492622,1553.9,1525.1,28.800000000000182,10.80792486866153,10.705254950737753,3.450248442632479,1.2999999999999545,0.00643004115226109,14.400000000000091,3.6223999999999705,18.577599999999848,0.2515555555555519,1.2901111111110923,False,True,9,35,20
RELIANCE,2025-11-26,BUY,2025-11-26 09:50:00+05:30,2025-11-26 09:55:00+05:30,1554.777,1554.0,1548.7360041151517,1554.0,1554.7,1551.7,1552.1,1549.009224380042,1552.5,1540.5,12.0,5.2639958848483275,5.767775619958002,0.18102870438129007,1.5,-0.12226512226513053,6.0,16.822999999999865,4.376999999999953,2.8038333333333108,0.7294999999999922,True,False,9,55,40
RELIANCE,2025-11-27,SELL,2025-11-27 10:30:00+05:30,2025-11-27 10:35:00+05:30,1564.91715,1565.6,1568.9480867705795,1565.7,1565.9,1564.1,1565.0,1568.8110535409185,1575.5,1565.9,9.599999999999909,3.3480867705795845,3.8939035409184726,-0.09485732319689669,0.3000000000001819,-0.04470843712077732,4.7999999999999545,8.917149999999992,4.482850000000099,1.8577395833333494,0.9339270833333627,False,False,10,35,80
RELIANCE,2025-11-28,BUY,2025-11-28 09:30:00+05:30,2025-11-28 09:35:00+05:30,1578.789,1578.0,1571.2293342937073,1578.0,1580.0,1573.3,1574.4,1572.3314845563748,1573.8,1563.0,10.799999999999955,6.770665706292675,6.457515443625198,1.7135671966716377,4.2000000000000455,-0.22813688212927064,5.399999999999977,2.5109999999999673,12.888999999999896,0.4649999999999959,2.386851851851843,False,True,9,35,20
RELIANCE,2025-12-01,SELL,2025-12-01 14:35:00+05:30,2025-12-01 14:40:00+05:30,1569.0150999999998,1569.8,1573.1618784819036,1569.8,1571.0,1569.8,1570.2,1573.1242872010628,1577.5,1571.0,6.5,3.361878481903659,4.109187201062923,-0.01732639852385117,1.2000000000000455,0.0254809529876443,3.25,5.4150999999999385,1.9849000000001524,1.6661846153845965,0.6107384615385084,False,False,14,40,325
RELIANCE,2025-12-02,SELL,2025-12-02 09:35:00+05:30,2025-12-02 09:40:00+05:30,1557.52085,1558.3,1561.7995703583483,1558.3,1559.5,1558.0,1558.7,1561.421216979545,1567.5,1558.6,8.900000000000091,3.4995703583483646,3.9003669795449696,-0.2783448554898038,0.2999999999999545,0.025668998267347476,4.4500000000000455,15.52085000000011,3.3791499999999814,3.4878314606741463,0.7593595505617858,True,False,9,40,25
RELIANCE,2025-12-03,SELL,2025-12-03 10:00:00+05:30,2025-12-03 10:05:00+05:30,1541.229,1542.0,1546.262715827226,1542.0,1542.0,1538.0,1539.4,1545.5986161471315,1552.4,1543.4,9.0,4.262715827225975,4.36961614713141,-0.2664565771244355,1.400000000000091,-0.16861219195849486,4.5,8.229000000000042,0.7709999999999582,1.828666666666676,0.17133333333332404,False,False,10,5,50
RELIANCE,2025-12-04,BUY,2025-12-04 09:35:00+05:30,2025-12-04 09:40:00+05:30,1547.7735,1547.0,1540.7215625195774,1547.0,1547.3,1546.1,1546.8,1541.019858908303,1545.0,1535.5,9.5,6.278437480422554,6.753641091697091,0.4295356665609075,2.0,-0.012928248222365823,4.75,12.726499999999987,30.173500000000104,2.6792631578947343,6.352315789473706,True,True,9,40,25
RELIANCE,2025-12-04,SELL,2025-12-04 15:20:00+05:30,2025-12-04 15:25:00+05:30,1533.33295,1534.2,1546.2803408709894,1534.1,1534.5,1517.6,1525.9,1543.5032853623607,1545.0,1535.5,9.5,12.080340870989403,10.170335362360674,-0.3159599048043605,1.2999999999999545,-0.5345153510201262,4.75,15.732950000000073,1.1670500000000175,3.3122000000000154,0.24569473684210894,True,False,15,25,370
RELIANCE,2025-12-05,SELL,2025-12-05 09:35:00+05:30,2025-12-05 09:40:00+05:30,1520.53935,1521.3,1525.3294914053122,1521.3,1524.9,1521.1,1524.5,1525.1751923300194,1532.0,1522.4,9.599999999999909,4.029491405312228,4.635842330019386,-0.4845831909758789,1.1000000000001364,0.21034641425097256,4.7999999999999545,0.0,25.26064999999994,0.0,5.262635416666704,False,True,9,40,25
RELIANCE,2025-12-05,BUY,2025-12-05 11:00:00+05:30,2025-12-05 11:05:00+05:30,1533.06615,1532.9,1526.549340170561,1532.3,1533.0,1531.3,1531.9,1526.6875688973726,1532.0,1522.4,9.599999999999909,6.35065982943911,6.37858110262755,0.17729574428484565,0.900000000000091,-0.026104548717609255,4.7999999999999545,12.733849999999848,2.566150000000107,2.6528854166666602,0.5346145833333606,True,False,11,5,110
RELIANCE,2025-12-08,SELL,2025-12-08 12:40:00+05:30,2025-12-08 12:45:00+05:30,1536.53135,1537.2,1542.1401504660387,1537.3,1538.9,1536.7,1538.5,1541.9457857752964,1551.0,1539.2,11.799999999999955,4.940150466038631,5.414435775296397,-0.14491936703625566,2.0,0.07805893449555068,5.899999999999977,1.531349999999975,9.568649999999934,0.25955084745762386,1.621805084745758,False,True,12,45,210
RELIANCE,2025-12-09,SELL,2025-12-09 09:40:00+05:30,2025-12-09 09:45:00+05:30,1522.73825,1523.1,1527.1451160443976,1523.5,1525.0,1522.4,1523.8,1526.9655980967607,1542.5,1523.9,18.59999999999991,4.045116044397673,4.227348096760579,-1.0336913017648526,0.8000000000001819,0.019691499835894355,9.299999999999955,1.1382500000001983,13.061749999999847,0.12239247311830148,1.4044892473118185,False,True,9,45,30
RELIANCE,2025-12-10,BUY,2025-12-10 10:10:00+05:30,2025-12-10 10:15:00+05:30,1542.3708,1541.7,1538.009549681624,1541.6,1544.7,1540.4,1541.0,1538.4144337369758,1539.8,1531.4,8.399999999999864,3.6904503183759516,3.956366263024165,-0.009570949099656298,1.900000000000091,-0.038920601971970115,4.199999999999932,5.129200000000083,10.370799999999917,1.2212380952381348,2.469238095238116,False,True,10,15,60
RELIANCE,2025-12-11,SELL,2025-12-11 09:35:00+05:30,2025-12-11 09:40:00+05:30,1524.8372,1525.6,1531.72521372506,1525.6,1527.0,1524.0,1526.8,1531.059077458538,1538.5,1530.5,8.0,6.125213725060121,6.221877458538074,-0.7037878360857219,4.900000000000091,0.07865757734661916,4.0,0.8371999999999389,25.16280000000006,0.20929999999998472,6.290700000000015,False,True,9,40,25
RELIANCE,2025-12-11,BUY,2025-12-11 11:55:00+05:30,2025-12-11 12:00:00+05:30,1540.06965,1539.3,1532.8625445414223,1539.3,1544.1,1539.1,1544.1,1533.3273692496346,1538.5,1530.5,8.0,6.437455458577688,6.742280750365353,0.18173858023251763,0.7999999999999545,0.31183005262132024,4.0,9.93035000000009,0.9696500000000015,2.4825875000000224,0.24241250000000036,True,False,12,0,165
RELIANCE,2025-12-12,BUY,2025-12-12 11:55:00+05:30,2025-12-12 12:00:00+05:30,1557.3783,1556.6,1551.4125067510986,1556.6,1558.9,1556.6,1557.2,1551.7249442587936,1555.0,1547.7,7.2999999999999545,5.187493248901319,5.6533557412064965,0.07628462063608869,1.599999999999909,0.038545547989210505,3.6499999999999773,2.4216999999998734,3.378300000000081,0.663479452054764,0.9255616438356444,False,False,12,0,165
RELIANCE,2025-12-15,SELL,2025-12-15 09:30:00+05:30,2025-12-15 09:35:00+05:30,1547.0261,1547.8,1550.9831733273065,1547.8,1549.9,1547.7,1547.9,1550.7030870493877,1556.0,1548.3,7.7000000000000455,3.1831733273065765,3.6769870493876624,-0.7495189523348357,0.5,0.006460783046913221,3.8500000000000227,0.5261000000000422,11.573899999999867,0.1366493506493608,3.0062077922077397,False,True,9,35,20
RELIANCE,2025-12-15,BUY,2025-12-15 13:10:00+05:30,2025-12-15 13:15:00+05:30,1557.27825,1556.4,1551.7928047683818,1556.5,1556.5,1555.0,1555.8,1551.8652501188926,1556.0,1548.3,7.7000000000000455,4.607195231618334,5.412999881107453,0.0629201632140937,0.40000000000009095,-0.04497269514938118,3.8500000000000227,1.321749999999838,4.778250000000071,0.3433116883116442,1.2411038961039071,False,True,13,15,240
RELIANCE,2025-12-16,SELL,2025-12-16 09:55:00+05:30,2025-12-16 10:00:00+05:30,1542.52835,1543.3,1547.046414314122,1543.3,1543.3,1541.6,1542.0,1546.642962317227,1551.7,1545.0,6.7000000000000455,3.7464143141221484,4.114612317227056,-0.23517189865984187,1.7000000000000455,-0.08423508067129104,3.3500000000000227,3.7283500000000913,7.771649999999909,1.1129402985074823,2.3198955223880167,False,True,10,0,45
RELIANCE,2025-12-17,SELL,2025-12-17 10:25:00+05:30,2025-12-17 10:30:00+05:30,1540.8292,1541.5,1545.4725721235425,1541.6,1542.5,1541.1,1541.9,1545.2588772680838,1550.0,1542.1,7.900000000000091,3.972572123542477,4.4296772680838785,-0.14443692734719304,0.599999999999909,0.019460300986007262,3.9500000000000455,1.5291999999999462,7.170800000000099,0.38713924050631104,1.8153924050632955,False,True,10,30,75
RELIANCE,2025-12-18,BUY,2025-12-18 11:50:00+05:30,2025-12-18 11:55:00+05:30,1549.3743,1548.6,1542.7839435456574,1548.6,1550.0,1548.6,1549.6,1543.264487397945,1548.3,1535.2,13.099999999999909,5.816056454342515,6.109812602054944,0.09599380490389775,0.2999999999999545,0.06457445434586706,6.5499999999999545,2.1257000000000517,7.474299999999857,0.3245343511450483,1.14111450381678,False,True,11,55,160
RELIANCE,2025-12-19,BUY,2025-12-19 10:40:00+05:30,2025-12-19 10:45:00+05:30,1572.68595,1571.9,1564.4952615037168,1571.9,1573.1,1571.3,1572.3,1564.8599086713346,1567.9,1551.0,16.90000000000009,7.404738496283244,7.826041328665497,0.14681043616185,4.0,0.025446911381132864,8.450000000000045,1.5140499999999975,8.585950000000139,0.17917751479289815,1.0160887573964608,False,True,10,45,90
RELIANCE,2025-12-22,BUY,2025-12-22 09:50:00+05:30,2025-12-22 09:55:00+05:30,1575.48735,1574.7,1572.1528147029355,1574.7,1575.5,1574.6,1575.1,1572.3542916106187,1573.5,1569.0,4.5,2.547185297064516,3.1330583893814037,0.1503590388383839,1.2000000000000455,0.025401663808977126,2.25,2.012649999999894,10.187350000000151,0.8945111111110641,4.527711111111178,False,True,9,55,40
RELIANCE,2025-12-22,SELL,2025-12-22 12:00:00+05:30,2025-12-22 12:05:00+05:30,1568.11555,1568.9,1572.321205860801,1568.9,1571.0,1568.4,1568.4,1572.2164649833398,1573.5,1569.0,4.5,3.42120586080091,4.100914983339862,-0.05947825809778465,0.09999999999990905,-0.031869462680855776,2.25,2.81555000000003,9.384450000000015,1.2513555555555689,4.170866666666673,False,True,12,5,170
RELIANCE,2025-12-22,BUY,2025-12-22 15:00:00+05:30,2025-12-22 15:05:00+05:30,1575.28725,1574.9,1571.3212961555914,1574.5,1575.1,1574.3,1574.5,1571.4123617644116,1573.5,1569.0,4.5,3.5787038444086647,3.8748882355885144,0.056276180234542235,1.400000000000091,0.0,2.25,2.2127499999999145,0.987250000000131,0.9834444444444065,0.438777777777836,False,False,15,5,350
RELIANCE,2025-12-23,SELL,2025-12-23 09:30:00+05:30,2025-12-23 09:35:00+05:30,1572.0136,1573.0,1575.7322649706505,1572.8,1574.0,1572.2,1572.5,1575.508530891077,1580.9,1573.5,7.400000000000091,2.7322649706504762,3.494930891077047,-0.30813803472335327,0.5,-0.019074262461848956,3.7000000000000455,3.9136000000000877,5.686400000000049,1.0577297297297403,1.536864864864859,False,True,9,35,20
RELIANCE,2025-12-24,SELL,2025-12-24 10:45:00+05:30,2025-12-24 10:50:00+05:30,1566.51635,1567.3,1569.849496916143,1567.3,1567.8,1566.4,1566.7,1569.7676627624314,1575.7,1568.2,7.5,2.549496916142971,3.2513127624313256,-0.0760045279188976,0.900000000000091,-0.03828239647801768,3.75,12.916350000000193,1.2836499999998523,3.4443600000000516,0.3423066666666273,True,False,10,50,95
RELIANCE,2025-12-29,SELL,2025-12-29 10:15:00+05:30,2025-12-29 10:20:00+05:30,1549.72475,1550.4,1554.023898291626,1550.5,1552.8,1549.8,1552.7,1553.9099415381047,1558.1,1551.0,7.099999999999909,3.623898291625892,4.185191538104618,-0.1764188003318483,0.599999999999909,0.1418897129958019,3.5499999999999545,6.124750000000176,3.075249999999869,1.725281690140917,0.866267605633777,False,False,10,20,65
RELIANCE,2025-12-30,BUY,2025-12-30 09:30:00+05:30,2025-12-30 09:35:00+05:30,1551.27525,1550.5,1546.8046291844894,1550.5,1553.6,1550.1,1552.3,1549.374189267628,1549.4,1543.1,6.300000000000182,3.695370815510614,1.9010607323718887,0.3623461219156538,1.099999999999909,0.11609158336021164,3.150000000000091,2.3247499999999945,13.47524999999996,0.7380158730158499,4.277857142857006,False,True,9,35,20
RELIANCE,2025-12-30,SELL,2025-12-30 12:00:00+05:30,2025-12-30 12:05:00+05:30,1541.4289,1542.2,1547.8328894309902,1542.2,1544.0,1542.0,1543.6,1547.7442818082816,1549.4,1543.1,6.300000000000182,5.63288943099019,6.315381808281472,-0.0915626241617041,0.8999999999998636,0.09077940604329537,3.150000000000091,3.628900000000158,5.4710999999999785,1.1520317460317628,1.7368571428570858,False,True,12,5,170
RELIANCE,2025-12-31,BUY,2025-12-31 11:00:00+05:30,2025-12-31 11:05:00+05:30,1552.776,1552.0,1547.9929162689211,1552.0,1554.0,1551.7,1553.6,1548.222117448019,1549.6,1541.0,8.599999999999909,4.007083731078865,4.553882551981133,0.07844206486690504,2.400000000000091,0.10309278350515427,4.2999999999999545,24.223999999999933,1.0760000000000218,5.633488372093067,0.2502325581395426,True,False,11,5,110
RELIANCE,2026-01-01,SELL,2026-01-01 15:20:00+05:30,2026-01-01 15:25:00+05:30,1571.91365,1572.1,1578.8276200455425,1572.7,1573.0,1571.1,1572.7,1578.6700701852012,1589.6,1572.3,17.299999999999955,6.727620045542608,6.75642018520125,-0.21995780659441608,0.20000000000004547,0.0,8.649999999999977,0.8136500000000524,1.0863500000000386,0.09406358381503521,0.12558959537572734,False,False,15,25,370
RELIANCE,2026-01-02,BUY,2026-01-02 09:40:00+05:30,2026-01-02 09:45:00+05:30,1589.1942,1588.4,1584.8990260643666,1588.4,1588.6,1587.1,1588.0,1585.2392513175046,1587.5,1578.2,9.299999999999955,3.5009739356335103,3.954948682495342,0.36775348275181524,0.900000000000091,-0.02518257365903276,4.649999999999977,5.405799999999999,6.594200000000001,1.1625376344086076,1.4181075268817276,False,True,9,45,30
RELIANCE,2026-01-05,SELL,2026-01-05 12:00:00+05:30,2026-01-05 12:05:00+05:30,1591.204,1591.9,1598.94623529195,1592.0,1592.5,1590.0,1592.0,1598.836104380768,1611.8,1592.3,19.5,7.04623529194987,7.632104380767942,-0.0974988973081625,0.3999999999998636,0.0,9.75,15.903999999999996,1.2960000000000491,1.631179487179487,0.13292307692308197,False,False,12,5,170
RELIANCE,2026-01-06,SELL,2026-01-06 11:10:00+05:30,2026-01-06 11:15:00+05:30,1510.4444,1510.3,1528.958211582537,1511.2,1511.2,1496.3,1502.3,1525.9439910629671,1569.0,1517.8,51.200000000000045,18.65821158253698,15.499591062967056,-0.20833473599068222,7.5,-0.5889359449444243,25.600000000000023,14.144400000000132,3.8555999999998676,0.5525156250000047,0.1506093749999947,False,False,11,15,120
RELIANCE,2026-01-07,SELL,2026-01-07 12:20:00+05:30,2026-01-07 12:25:00+05:30,1503.34795,1504.1,1511.106952274124,1504.1,1504.9,1504.0,1504.1,1511.0313037474336,1519.5,1504.4,15.099999999999909,7.00695227412416,7.683353747433557,-0.09739019484998264,0.3000000000001819,0.0,7.5499999999999545,5.347950000000083,3.0520500000000084,0.7083377483443861,0.4042450331125863,False,False,12,25,190
RELIANCE,2026-01-08,SELL,2026-01-08 10:00:00+05:30,2026-01-08 10:05:00+05:30,1489.255,1489.6,1494.7912246377027,1490.0,1493.0,1489.5,1492.3,1494.5571469040149,1503.9,1491.1,12.800000000000182,5.191224637702817,5.302146904014762,-0.20082888945544788,1.5,0.15436241610737866,6.400000000000091,20.455000000000155,4.244999999999891,3.196093749999979,0.6632812499999735,True,False,10,5,50
RELIANCE,2026-01-12,SELL,2026-01-12 11:10:00+05:30,2026-01-12 11:15:00+05:30,1455.17205,1455.9,1461.8053630192915,1455.9,1456.6,1455.0,1455.7,1461.6638086892017,1477.9,1456.3,21.600000000000136,5.9053630192913715,6.491758689201788,-0.3874149400813513,0.3999999999998636,-0.01373720722577243,10.800000000000068,4.172049999999899,30.127950000000055,0.38630092592591414,2.7896249999999876,False,True,11,15,120
RELIANCE,2026-01-12,BUY,2026-01-12 14:05:00+05:30,2026-01-12 14:10:00+05:30,1480.5399,1479.8,1463.9195864403514,1479.8,1480.7,1478.5,1478.7,1464.2282756455875,1477.9,1456.3,21.600000000000136,15.88041355964856,16.311624354412515,0.22609712450966057,1.8999999999998636,-0.07433436950938788,10.800000000000068,4.760099999999966,3.0398999999999887,0.44074999999999404,0.2814722222222194,False,False,14,10,295
RELIANCE,2026-01-13,SELL,2026-01-13 09:30:00+05:30,2026-01-13 09:35:00+05:30,1466.2665,1467.0,1473.8369364044481,1467.0,1467.0,1463.2,1465.0,1471.5533187613075,1485.8,1468.0,17.799999999999955,6.8369364044481244,5.286818761307586,-1.4205291617712943,1.0,-0.13633265167007913,8.899999999999977,21.566499999999905,3.5335000000000036,2.4232022471910066,0.3970224719101138,True,False,9,35,20
RELIANCE,2026-01-14,BUY,2026-01-14 09:30:00+05:30,2026-01-14 09:35:00+05:30,1455.7275,1455.0,1448.9321239631252,1455.0,1456.6,1453.1,1454.0,1449.6191919751925,1453.8,1440.2,13.599999999999909,6.06787603687485,6.108308024807457,0.8246990235270256,1.2000000000000455,-0.06872852233676952,6.7999999999999545,11.272500000000036,6.127500000000055,1.6577205882353105,0.9011029411764846,False,False,9,35,20
RELIANCE,2026-01-16,BUY,2026-01-16 10:35:00+05:30,2026-01-16 10:40:00+05:30,1475.5374,1474.8,1466.3898339860932,1474.8,1478.1,1473.1,1474.1,1466.700471859303,1472.5,1458.8,13.700000000000045,8.410166013906746,8.836928140696955,0.31007574833894597,2.2999999999999545,-0.047464062923785466,6.850000000000023,4.462600000000066,20.437400000000025,0.651474452554752,2.9835620437956143,False,True,10,40,85
RELIANCE,2026-01-16,SELL,2026-01-16 13:00:00+05:30,2026-01-16 13:05:00+05:30,1457.6708,1458.4,1468.3663039464416,1458.4,1458.8,1456.7,1457.9,1468.26173043861,1472.5,1458.8,13.700000000000045,9.966303946441485,10.590930438609803,-0.09224300886045457,0.3999999999998636,-0.034284147010421595,6.850000000000023,2.5708000000001903,7.129199999999855,0.3752992700730192,1.0407591240875667,False,True,13,5,230
RELIANCE,2026-01-19,SELL,2026-01-19 10:25:00+05:30,2026-01-19 10:30:00+05:30,1412.2935,1412.8,1426.1526325379145,1413.0,1414.4,1406.3,1408.1,1424.0479626754206,1450.6,1418.6,32.0,13.352632537914587,11.754462675420655,-0.48378738945447936,5.7999999999999545,-0.34677990092003563,16.0,8.99350000000004,3.8064999999999145,0.5620937500000025,0.23790624999999466,False,False,10,30,75
RELIANCE,2026-01-20,SELL,2026-01-20 09:50:00+05:30,2026-01-20 09:55:00+05:30,1402.4984,1403.2,1409.777022379159,1403.2,1406.0,1403.0,1403.9,1408.9694168673261,1416.0,1405.6,10.400000000000091,6.5770223791589615,6.4710168673261705,-0.3243041665127413,2.3999999999998636,0.04988597491448754,5.2000000000000455,12.498399999999947,7.401600000000144,2.4035384615384303,1.4233846153846306,True,True,9,55,40
RELIANCE,2026-01-21,BUY,2026-01-21 09:30:00+05:30,2026-01-21 09:35:00+05:30,1398.59895,1397.9,1393.1099355016852,1397.9,1398.2,1395.1,1395.4,1393.5117257847417,1397.1,1384.2,12.899999999999864,4.790064498314905,5.087224215258402,0.35327185264739064,0.8000000000001819,-0.17883968810358253,6.449999999999932,14.301050000000032,25.59895000000006,2.2172170542635943,3.968829457364392,True,True,9,35,20
RELIANCE,2026-01-21,SELL,2026-01-21 11:25:00+05:30,2026-01-21 11:30:00+05:30,1383.1081,1383.8,1387.391024331487,1383.8,1386.0,1383.5,1384.8,1387.3570663222115,1397.1,1384.2,12.899999999999864,3.591024331487006,4.248966322211572,-0.07336491702020972,0.40000000000009095,0.07226477814712418,6.449999999999932,1.1080999999999221,29.79190000000017,0.17179844961239285,4.618899224806277,False,True,11,30,135
RELIANCE,2026-01-21,BUY,2026-01-21 12:30:00+05:30,2026-01-21 12:35:00+05:30,1403.7015,1403.3,1388.291548898795,1403.0,1407.0,1403.0,1405.9,1388.8398723332937,1397.1,1384.2,12.899999999999864,15.008451101204855,14.861627666706227,0.21145815089032477,6.2000000000000455,0.20669992872417442,6.449999999999932,9.198500000000195,5.201499999999896,1.4261240310077972,0.8064341085271243,False,False,12,35,200
RELIANCE,2026-01-22,BUY,2026-01-22 09:30:00+05:30,2026-01-22 09:35:00+05:30,1419.7095,1418.8,1413.4617668252297,1419.0,1419.5,1415.0,1415.5,1413.8707226520714,1416.7,1406.8,9.900000000000091,5.3382331747702665,5.838777347928499,0.906826746850182,2.099999999999909,-0.24665257223396297,4.9500000000000455,0.0,24.709499999999935,0.0,4.991818181818123,False,True,9,35,20
RELIANCE,2026-01-22,SELL,2026-01-22 10:30:00+05:30,2026-01-22 10:35:00+05:30,1405.8967,1406.6,1412.5452728472437,1406.6,1407.5,1402.7,1403.0,1412.1051999988524,1416.7,1406.8,9.900000000000091,5.945272847243814,6.208499998852403,-0.2636254438070902,0.20000000000004547,-0.25593630029858705,4.9500000000000455,10.89670000000001,1.6032999999999902,2.201353535353517,0.3238989898989849,True,False,10,35,80
RELIANCE,2026-01-23,SELL,2026-01-23 11:15:00+05:30,2026-01-23 11:20:00+05:30,1397.9007,1398.6,1402.160859836356,1398.6,1398.8,1396.1,1398.4,1402.0193453641104,1407.0,1399.4,7.599999999999909,3.5608598363560304,4.1186453641105345,-0.05074888388803327,0.8000000000001819,-0.014300014300006048,3.7999999999999545,16.900699999999915,1.2993000000001302,4.447552631578978,0.3419210526316173,True,False,11,20,125
RELIANCE,2026-01-27,BUY,2026-01-27 10:20:00+05:30,2026-01-27 10:25:00+05:30,1389.39435,1388.7,1380.642723325444,1388.7,1389.9,1387.9,1387.9,1380.819992320816,1388.6,1368.0,20.59999999999991,8.057276674556078,8.574357679184004,0.1480632611384741,0.10000000000013642,-0.05760783466550734,10.299999999999955,2.2056499999998778,14.094350000000077,0.2141407766990182,1.3683834951456446,False,True,10,25,70
RELIANCE,2026-01-29,SELL,2026-01-29 09:35:00+05:30,2026-01-29 09:40:00+05:30,1391.40395,1392.7,1397.851385739268,1392.1,1393.7,1390.6,1390.7,1397.2314072864947,1402.9,1393.7,9.200000000000045,5.15138573926788,5.827457286494791,-0.18969331498765665,1.0,-0.10056748796780646,4.600000000000023,7.403949999999895,10.496050000000196,1.6095543478260563,2.2817500000000313,False,True,9,40,25
RELIANCE,2026-01-30,BUY,2026-01-30 09:35:00+05:30,2026-01-30 09:40:00+05:30,1388.694,1388.0,1384.0088128176108,1388.0,1389.0,1386.4,1387.5,1384.246174006629,1386.9,1378.5,8.400000000000091,3.9911871823892398,4.447825993370998,0.21490928575655754,1.099999999999909,-0.036023054755041084,4.2000000000000455,9.30600000000004,3.594000000000051,2.215714285714271,0.8557142857142885,True,False,9,40,25
RELIANCE,2026-02-01,BUY,2026-02-01 09:40:00+05:30,2026-02-01 09:45:00+05:30,1403.7015,1403.0,1398.3573283892574,1403.0,1405.0,1400.6,1401.9,1398.7930643000411,1401.9,1388.0,13.900000000000091,4.642671610742582,4.908435699958773,0.8246646323303867,1.099999999999909,-0.07840342124019184,6.9500000000000455,7.298500000000104,68.7014999999999,1.0501438848920943,9.885107913668985,False,True,9,45,30
RELIANCE,2026-02-02,BUY,2026-02-02 09:45:00+05:30,2026-02-02 09:50:00+05:30,1364.4819,1364.0,1355.8121013583414,1363.8,1368.4,1362.2,1368.3,1356.7942199861166,1363.0,1335.5,27.5,8.187898641658649,7.687680013883437,1.0468921203641162,1.0,0.3299604047514393,13.75,28.418100000000095,5.6819000000000415,2.066770909090916,0.41322909090909393,True,False,9,50,35
RELIANCE,2026-02-03,SELL,2026-02-03 09:40:00+05:30,2026-02-03 09:45:00+05:30,1435.282,1436.0,1451.3693097098674,1436.0,1445.7,1435.6,1445.3,1450.787803864991,1489.5,1436.9,52.59999999999991,15.369309709867366,15.505803864991094,-1.1474164832285334,0.900000000000091,0.6476323119777083,26.299999999999955,5.08199999999988,20.618000000000166,0.19323193916349388,0.7839543726235818,False,False,9,45,30
RELIANCE,2026-02-04,BUY,2026-02-04 09:30:00+05:30,2026-02-04 09:35:00+05:30,1460.73,1460.0,1453.8382109120505,1460.0,1460.0,1456.3,1456.4,1454.133532797041,1459.0,1440.3,18.700000000000045,6.161789087949501,6.596467202959047,1.7970995828219982,1.0,-0.24657534246574908,9.350000000000023,3.269999999999982,12.029999999999973,0.34973262032085284,1.2866310160427747,False,True,9,35,20
RELIANCE,2026-02-05,SELL,2026-02-05 09:50:00+05:30,2026-02-05 09:55:00+05:30,1442.57835,1443.3,1450.1584158655787,1443.3,1444.4,1442.0,1443.4,1449.6713290449982,1461.5,1445.5,16.0,6.858415865578763,7.092979044998174,-0.46429719524841323,2.2000000000000455,0.006928566479613707,8.0,3.0783500000000004,9.221649999999954,0.38479375000000005,1.1527062499999943,False,True,9,55,40
RELIANCE,2026-02-06,BUY,2026-02-06 10:35:00+05:30,2026-02-06 10:40:00+05:30,1448.42385,1447.7,1440.761344860495,1447.7,1448.1,1446.0,1446.3,1441.0107425900303,1445.0,1433.5,11.5,6.938655139505045,7.413107409969598,0.09408450947314682,2.7000000000000455,-0.09670511846378016,5.75,4.376150000000052,13.723849999999857,0.7610695652174004,2.3867565217391054,False,True,10,40,85
RELIANCE,2026-02-09,BUY,2026-02-09 11:20:00+05:30,2026-02-09 11:25:00+05:30,1465.7325,1465.0,1461.5577338401097,1465.0,1465.0,1463.0,1463.3,1461.6171409236047,1464.9,1453.0,11.900000000000091,3.4422661598903233,4.115359076395407,0.04909328831071218,0.09999999999990905,-0.11604095563140238,5.9500000000000455,0.1675000000000182,5.432500000000118,0.028151260504204523,0.9130252100840465,False,False,11,25,130
RELIANCE,2026-02-10,SELL,2026-02-10 10:10:00+05:30,2026-02-10 10:15:00+05:30,1462.6683,1463.4,1466.2786206396938,1463.4,1464.4,1463.1,1464.0,1466.182753831265,1471.0,1463.6,7.400000000000091,2.878620639693736,3.514453831264973,-0.0703783450360331,0.1999999999998181,0.041000410004099486,3.7000000000000455,10.4683,3.731700000000046,2.8292702702702353,1.0085675675675676,True,True,10,15,60
RELIANCE,2026-02-11,BUY,2026-02-11 12:10:00+05:30,2026-02-11 12:15:00+05:30,1467.23325,1466.4,1461.6828998837636,1466.5,1466.9,1464.6,1465.7,1461.969352009634,1464.7,1453.6,11.100000000000136,4.717100116236452,5.263897990366104,0.08933117233087225,1.7000000000000455,-0.054551653597001426,5.550000000000068,2.766750000000002,6.133250000000089,0.4985135135135077,1.1050900900900926,False,True,12,15,180
RELIANCE,2026-02-12,SELL,2026-02-12 09:35:00+05:30,2026-02-12 09:40:00+05:30,1463.56785,1464.4,1466.4151523772628,1464.3,1464.8,1463.5,1464.5,1466.2920507480003,1473.0,1464.5,8.5,2.015152377262666,2.724200748000385,-0.2671304432834184,0.09999999999990905,0.013658403332650337,4.25,18.067849999999908,3.232150000000047,4.25125882352939,0.7605058823529522,True,False,9,40,25
RELIANCE,2026-02-13,SELL,2026-02-13 09:35:00+05:30,2026-02-13 09:40:00+05:30,1437.18105,1438.3,1443.1159449185452,1437.9,1440.2,1437.1,1439.8,1442.6472485885474,1450.7,1438.5,12.200000000000045,4.815944918545256,5.466198588547513,-0.2630485716492166,0.20000000000004547,0.1321371444467534,6.100000000000023,20.88104999999996,3.0189500000001317,3.4231229508196526,0.4949098360655935,True,False,9,40,25
RELIANCE,2026-02-16,SELL,2026-02-16 09:35:00+05:30,2026-02-16 09:40:00+05:30,1413.293,1414.0,1419.5959485085043,1414.0,1414.0,1410.1,1410.1,1418.4340554676098,1423.5,1416.3,7.2000000000000455,5.595948508504307,5.141055467609931,-0.1806563600269505,2.2999999999999545,-0.27581329561527923,3.6000000000000227,3.992999999999938,26.307000000000016,1.1091666666666424,7.307499999999958,False,True,9,40,25
RELIANCE,2026-02-16,BUY,2026-02-16 13:00:00+05:30,2026-02-16 13:05:00+05:30,1423.7115,1423.6,1419.109917276928,1423.0,1423.8,1422.7,1423.8,1419.1672313091713,1423.5,1416.3,7.2000000000000455,4.490082723071964,4.5442686908286305,0.03918878755948634,0.09999999999990905,0.05621925509486925,3.6000000000000227,15.888500000000022,2.9114999999999327,4.4134722222222,0.8087499999999762,True,False,13,5,230
RELIANCE,2026-02-17,SELL,2026-02-17 10:35:00+05:30,2026-02-17 10:40:00+05:30,1421.58885,1422.3,1424.642077624967,1422.3,1422.5,1419.5,1420.0,1424.2977260231166,1431.8,1423.1,8.700000000000045,2.3420776249670325,2.708876023116545,-0.04967890011024582,0.7999999999999545,-0.16170990648948225,4.350000000000023,2.988850000000184,4.911149999999907,0.6870919540230273,1.1289999999999727,False,True,10,40,85
RELIANCE,2026-02-18,SELL,2026-02-18 09:45:00+05:30,2026-02-18 09:50:00+05:30,1422.0886,1422.6,1426.2667635984997,1422.8,1423.1,1422.1,1422.5,1426.0821291289833,1429.1,1423.4,5.699999999999818,3.666763598499756,3.993529128983255,-0.07240291517646978,0.8000000000001819,-0.021085184143943003,2.849999999999909,2.8885999999999967,20.011399999999867,1.013543859649154,7.0215438596493005,False,True,9,50,35
RELIANCE,2026-02-18,BUY,2026-02-18 12:30:00+05:30,2026-02-18 12:35:00+05:30,1430.3148,1429.6,1425.0311369825572,1429.6,1431.0,1429.2,1430.9,1425.1975470791842,1429.1,1423.4,5.699999999999818,4.568863017442709,5.117252920815872,0.06750177719758262,0.5,0.09093452714046268,2.849999999999909,11.785199999999804,1.2148000000001957,4.135157894736905,0.42624561403517,True,False,12,35,200
RELIANCE,2026-02-19,SELL,2026-02-19 09:45:00+05:30,2026-02-19 09:50:00+05:30,1434.0826,1435.0,1437.5281886569107,1434.8,1435.0,1433.4,1433.9,1437.211756523715,1443.0,1435.2,7.7999999999999545,2.528188656910743,3.1291565237149825,-0.3128225307155548,0.20000000000004547,-0.06272651240589733,3.8999999999999773,34.08259999999996,0.9174000000000433,8.739128205128244,0.2352307692307817,True,False,9,50,35
RELIANCE,2026-02-20,BUY,2026-02-20 09:30:00+05:30,2026-02-20 09:35:00+05:30,1415.20725,1414.5,1410.6921607992103,1414.5,1416.8,1413.5,1415.1,1412.8931246130892,1413.9,1406.1,7.800000000000182,3.807839200789658,2.314125386910746,0.2595680931911467,0.599999999999909,0.04241781548248724,3.900000000000091,12.19275000000016,4.707249999999931,3.126346153846122,1.2069871794871336,True,True,9,35,20
RELIANCE,2026-02-23,SELL,2026-02-23 11:40:00+05:30,2026-02-23 11:45:00+05:30,1421.98865,1422.7,1428.0176095073584,1422.7,1422.9,1419.6,1420.4,1427.778115982907,1434.9,1423.0,11.900000000000091,5.317609507358384,5.789465982906904,-0.06818696067644621,0.2999999999999545,-0.16166444085189413,5.9500000000000455,3.6886500000000524,8.011349999999993,0.6199411764705923,1.346445378151249,False,True,11,45,150
RELIANCE,2026-02-24,SELL,2026-02-24 09:35:00+05:30,2026-02-24 09:40:00+05:30,1418.8901999999998,1419.7,1423.5251637318736,1419.6,1420.2,1417.5,1419.1,1423.0095078292309,1427.3,1420.3,7.0,3.8251637318735447,4.119307829231047,-0.01925771270722029,0.599999999999909,-0.03522118906734706,3.5,3.8901999999998225,14.409800000000132,1.1114857142856636,4.117085714285752,False,True,9,40,25
RELIANCE,2026-02-24,BUY,2026-02-24 15:05:00+05:30,2026-02-24 15:10:00+05:30,1430.0146499999998,1429.5,1423.7698989151618,1429.3,1430.8,1428.3,1429.3,1424.1424830500491,1427.3,1420.3,7.0,5.730101084838225,5.872166949950724,0.13637824038194257,2.2000000000000455,0.0,3.5,3.2853500000001077,1.7146499999998923,0.9386714285714594,0.48989999999996925,False,False,15,10,355
RELIANCE,2026-02-25,SELL,2026-02-25 09:40:00+05:30,2026-02-25 09:45:00+05:30,1430.1845500000002,1430.3,1434.4835161338294,1430.9,1433.1,1430.0,1432.5,1434.3560215347582,1440.5,1432.0,8.5,4.183516133829471,4.171471534757984,-0.1650108627590856,1.7000000000000455,0.1118177370885487,4.25,36.68455000000017,5.6154499999997824,8.631658823529452,1.3212823529411253,True,True,9,45,30
RELIANCE,2026-02-26,BUY,2026-02-26 11:15:00+05:30,2026-02-26 11:20:00+05:30,1407.5034,1406.8,1401.837656454271,1406.8,1406.8,1405.2,1405.5,1401.9577631384684,1406.1,1396.9,9.199999999999818,4.962343545729027,5.545636861531648,0.09997070417743172,0.7000000000000455,-0.09240830253056664,4.599999999999909,5.396600000000035,15.603399999999965,1.173173913043509,3.3920434782609292,False,True,11,20,125
RELIANCE,2026-02-26,BUY,2026-02-26 12:40:00+05:30,2026-02-26 12:45:00+05:30,1408.80405,1408.1,1401.3917443064065,1408.1,1408.6,1406.0,1406.1,1401.4739769896328,1406.1,1396.9,9.199999999999818,6.708255693593401,7.330073010367187,0.10057908730549067,2.0,-0.14203536680633677,4.599999999999909,4.09595000000013,9.90404999999987,0.8904239130435241,2.1530543478261013,False,True,12,45,210
RELIANCE,2026-02-27,BUY,2026-02-27 11:45:00+05:30,2026-02-27 11:50:00+05:30,1405.3022999999998,1404.6,1397.580996831693,1404.6,1407.2,1404.1,1407.2,1397.9996185743262,1403.2,1388.1,15.100000000000136,7.019003168306881,7.302681425673654,0.17938886917044536,1.3999999999998636,0.18510608002280105,7.550000000000068,5.097700000000259,14.802299999999832,0.6751920529801606,1.9605695364238012,False,True,11,50,155
RELIANCE,2026-03-02,SELL,2026-03-02 11:25:00+05:30,2026-03-02 11:30:00+05:30,1359.02015,1359.8,1367.7032637945772,1359.7,1365.4,1359.0,1362.9,1367.0481330486914,1377.9,1362.3,15.600000000000136,7.903263794577242,8.02798304869134,-0.21588487109038434,2.5,0.23534603221300188,7.800000000000068,17.520150000000058,6.379850000000033,2.2461730769230646,0.8179294871794842,True,False,11,30,135
RELIANCE,2026-03-04,BUY,2026-03-04 10:30:00+05:30,2026-03-04 10:35:00+05:30,1339.6695,1338.8,1320.4573336402525,1339.0,1341.5,1335.7,1338.0,1320.8331737703334,1338.2,1308.6,29.600000000000136,18.342666359747454,18.83632622966661,0.5153414949863773,0.599999999999909,-0.07468259895444529,14.800000000000068,13.130499999999984,5.469499999999925,0.8871959459459408,0.36956081081080405,False,False,10,35,80
RELIANCE,2026-03-05,BUY,2026-03-05 09:45:00+05:30,2026-03-05 09:50:00+05:30,1381.19025,1380.1,1372.2504667662204,1380.5,1385.9,1380.1,1383.3,1373.0473470534198,1378.9,1353.1,25.800000000000182,7.849533233779539,8.142902946580307,0.7628358760280545,1.199999999999818,0.20282506338282769,12.900000000000091,17.809749999999894,6.890250000000151,1.3806007751937805,0.5341279069767522,False,False,9,50,35
RELIANCE,2026-03-06,BUY,2026-03-06 09:30:00+05:30,2026-03-06 09:35:00+05:30,1417.20825,1416.6,1407.1073480286861,1416.5,1419.5,1413.8,1414.2,1408.7997982358252,1415.7,1390.3,25.40000000000009,9.492651971313762,8.408451764174742,3.2030748382124625,0.8999999999998636,-0.16237204376985392,12.700000000000045,7.091750000000047,16.208249999999907,0.5584055118110254,1.276240157480303,False,True,9,35,20
RELIANCE,2026-03-09,BUY,2026-03-09 09:55:00+05:30,2026-03-09 10:00:00+05:30,1412.3058,1411.6,1397.603310207135,1411.6,1412.0,1407.6,1408.1,1398.082088177937,1407.0,1370.0,37.0,13.9966897928648,14.223711822063024,0.6160761269755695,4.599999999999909,-0.24794559365258761,18.5,17.0942,21.20580000000018,0.9240108108108108,1.1462594594594693,False,True,10,0,45
RELIANCE,2026-03-11,SELL,2026-03-11 09:30:00+05:30,2026-03-11 09:35:00+05:30,1412.0936,1412.8,1424.588116370797,1412.8,1413.0,1404.0,1406.7,1422.2080833167583,1434.0,1416.0,18.0,11.78811637079707,10.114483316758424,-0.6624071389058864,3.2000000000000455,-0.43176670441675835,9.0,28.493600000000015,0.906400000000076,3.1659555555555574,0.10071111111111956,True,False,9,35,20
RELIANCE,2026-03-12,BUY,2026-03-12 09:55:00+05:30,2026-03-12 10:00:00+05:30,1398.59895,1397.9,1392.2504705806907,1397.9,1398.9,1394.5,1395.2,1392.486514348114,1397.0,1381.1,15.900000000000091,5.649529419309374,6.112435651886017,0.1346960936639422,0.900000000000091,-0.1931468631518718,7.9500000000000455,12.301050000000032,10.49895000000015,1.547301886792448,1.3206226415094453,False,True,10,0,45
RELIANCE,2026-03-13,BUY,2026-03-13 10:25:00+05:30,2026-03-13 10:30:00+05:30,1399.8996,1399.2,1394.896146838324,1399.2,1400.8,1394.0,1394.4,1394.9718470280993,1397.8,1383.7,14.099999999999909,4.303853161675988,4.927752971900645,0.07552158163940649,1.400000000000091,-0.34305317324184736,7.0499999999999545,0.9003999999999905,21.499599999999873,0.12771631205673706,3.0495886524822713,False,True,10,30,75
RELIANCE,2026-03-13,SELL,2026-03-13 12:50:00+05:30,2026-03-13 12:55:00+05:30,1382.40845,1383.1,1393.2675073696294,1383.1,1384.1,1381.2,1382.2,1393.099458229827,1397.8,1383.7,14.099999999999909,10.167507369629448,10.691008229827048,-0.18971246315782742,0.6000000000001364,-0.06507121683174688,7.0499999999999545,4.0084499999998116,6.5915500000000975,0.5685744680850833,0.9349716312056936,False,False,12,55,220
RELIANCE,2026-03-16,BUY,2026-03-16 09:30:00+05:30,2026-03-16 09:35:00+05:30,1387.19325,1386.5,1380.1833867785072,1386.5,1389.3,1385.1,1385.8,1381.5016600787947,1384.6,1373.5,11.099999999999909,6.316613221492844,5.691589921205377,0.5127722584313755,1.900000000000091,-0.05048683736026405,5.5499999999999545,10.10674999999992,23.693250000000035,1.8210360360360365,4.269054054054095,False,True,9,35,20
RELIANCE,2026-03-16,SELL,2026-03-16 11:40:00+05:30,2026-03-16 11:45:00+05:30,1372.01365,1372.5,1377.0397826015417,1372.7,1374.9,1372.5,1374.3,1376.9422910741403,1384.6,1373.5,11.099999999999909,4.539782601541674,4.92864107414016,0.0017695095694178601,1.0,0.11655860712462829,5.5499999999999545,0.0,25.286349999999857,0.0,4.556099099099111,False,True,11,45,150
RELIANCE,2026-03-16,BUY,2026-03-16 14:15:00+05:30,2026-03-16 14:20:00+05:30,1387.99365,1387.2,1378.1428202888396,1387.3,1393.5,1387.0,1393.1,1378.865543024314,1384.6,1373.5,11.099999999999909,9.057179711160416,9.128106975685796,0.1454409298659864,2.6000000000001364,0.41807828155409066,5.5499999999999545,9.306350000000066,0.9936499999998887,1.6768198198198454,0.17903603603601745,False,False,14,20,305
RELIANCE,2026-03-17,SELL,2026-03-17 11:20:00+05:30,2026-03-17 11:25:00+05:30,1393.60285,1394.4,1399.08631637529,1394.3,1394.9,1391.3,1392.0,1398.839346017724,1403.0,1394.8,8.200000000000045,4.6863163752898345,5.236496017723994,-0.08011401212500302,0.3999999999998636,-0.16495732625689818,4.100000000000023,5.402849999999944,12.297150000000101,1.317768292682906,2.9993048780487888,False,True,11,25,130
RELIANCE,2026-03-17,BUY,2026-03-17 14:55:00+05:30,2026-03-17 15:00:00+05:30,1405.60245,1405.0,1398.6751983393142,1404.9,1404.9,1396.2,1397.4,1398.7767522498148,1403.0,1394.8,8.200000000000045,6.324801660685807,6.825697750185327,0.06404387487580555,2.0,-0.5338458253256406,4.100000000000023,0.0,13.302450000000135,0.0,3.244500000000015,False,True,15,0,345
RELIANCE,2026-03-17,SELL,2026-03-17 15:20:00+05:30,2026-03-17 15:25:00+05:30,1393.303,1394.0,1398.529135976185,1394.0,1395.0,1393.6,1394.8,1398.4758141680431,1403.0,1394.8,8.200000000000045,4.529135976184989,5.172814168043033,-0.03203802110906602,0.7999999999999545,0.05738880918220168,4.100000000000023,0.0,1.696999999999889,0.0,0.4139024390243609,False,False,15,25,370
RELIANCE,2026-03-18,BUY,2026-03-18 09:45:00+05:30,2026-03-18 09:50:00+05:30,1410.705,1410.0,1406.3435013712249,1410.0,1412.1,1409.6,1410.9,1407.008692087396,1409.7,1397.2,12.5,3.6564986287751253,3.69630791260397,0.29782381578490086,0.2999999999999545,0.06382978723404875,6.25,2.1950000000001637,5.605000000000018,0.3512000000000262,0.8968000000000029,False,False,9,50,35
RELIANCE,2026-03-19,BUY,2026-03-19 10:00:00+05:30,2026-03-19 10:05:00+05:30,1407.60345,1406.9,1400.3308440921826,1406.9,1408.0,1405.0,1406.7,1400.6510117534958,1405.7,1385.9,19.799999999999955,6.569155907817503,6.952438246504244,0.20879170540699873,1.2000000000000455,-0.014215651432225584,9.899999999999977,8.09654999999998,31.503450000000157,0.8178333333333331,3.18216666666669,False,True,10,5,50
RELIANCE,2026-03-19,SELL,2026-03-19 15:10:00+05:30,2026-03-19 15:15:00+05:30,1385.00715,1385.7,1394.9487830979017,1385.7,1390.1,1385.6,1389.9,1394.7561863709464,1405.7,1385.9,19.799999999999955,9.24878309790165,9.749036370946442,-1.3329248417743857,0.20000000000004547,0.3030959082052531,9.899999999999977,0.0,8.99285000000009,0.0,0.908368686868698,False,False,15,15,360
RELIANCE,2026-03-20,BUY,2026-03-20 09:55:00+05:30,2026-03-20 10:00:00+05:30,1415.80755,1415.1,1410.675608592239,1415.1,1416.7,1414.0,1416.0,1410.945559388781,1413.8,1396.1,17.700000000000045,4.424391407760822,4.861990611218971,0.45550706779921013,1.2999999999999545,0.06359974560101733,8.850000000000023,14.192450000000008,5.207550000000083,1.6036666666666635,0.5884237288135672,False,False,10,0,45
RELIANCE,2026-03-23,SELL,2026-03-23 10:20:00+05:30,2026-03-23 10:25:00+05:30,1391.7038,1392.7,1402.9347617916696,1392.4,1395.5,1392.0,1393.2,1402.6455867943762,1409.6,1395.2,14.399999999999864,10.234761791669598,10.941786794376185,-0.30288148068149306,2.5,0.05745475438092562,7.199999999999932,0.7038000000000011,23.896199999999908,0.09775000000000107,3.318916666666685,False,True,10,25,70
RELIANCE,2026-03-23,BUY,2026-03-23 14:15:00+05:30,2026-03-23 14:20:00+05:30,1411.40535,1410.7,1401.7038065653237,1410.7,1411.5,1409.0,1409.1,1401.8596337126348,1409.6,1395.2,14.399999999999864,8.996193434676343,9.545716287365167,0.24363963317270396,1.1000000000001364,-0.1134188700645189,7.199999999999932,4.1946499999999105,8.705349999999953,0.5825902777777708,1.2090763888888938,False,True,14,20,305
RELIANCE,2026-03-24,SELL,2026-03-24 09:35:00+05:30,2026-03-24 09:40:00+05:30,1409.6948,1410.4,1414.8639234998084,1410.4,1413.5,1410.0,1411.7,1414.4557695728076,1422.4,1410.7,11.700000000000045,4.463923499808288,4.760969572807653,-0.157857976816334,0.2999999999999545,0.09217243335224445,5.850000000000023,3.0948000000000775,10.405199999999923,0.5290256410256522,1.7786666666666464,False,True,9,40,25
RELIANCE,2026-03-25,BUY,2026-03-25 10:35:00+05:30,2026-03-25 10:40:00+05:30,1425.01215,1423.9,1418.7510928487766,1424.3,1426.9,1424.2,1425.8,1419.1769386685467,1421.9,1414.1,7.800000000000182,5.148907151223511,5.835211331453365,0.09610632944328752,2.0,0.1053148915256541,3.900000000000091,5.48784999999998,16.61214999999993,1.4071410256409878,4.259525641025523,False,True,10,40,85
RELIANCE,2026-03-25,SELL,2026-03-25 15:05:00+05:30,2026-03-25 15:10:00+05:30,1413.19305,1414.0,1420.1246675866694,1413.9,1416.2,1410.2,1411.8,1419.276626600259,1421.9,1414.1,7.800000000000182,6.124667586669375,6.0835766002589935,-0.5497884607289465,0.09999999999990905,-0.14852535539996436,3.900000000000091,3.1930500000000848,3.0069499999999607,0.8187307692307719,0.7710128205127924,False,False,15,10,355
RELIANCE,2026-03-27,SELL,2026-03-27 09:30:00+05:30,2026-03-27 09:35:00+05:30,1378.3105,1379.3,1388.7423772780419,1379.0,1379.9,1375.7,1378.9,1386.7668242637717,1404.7,1385.1,19.600000000000136,9.442377278041931,8.456324263771648,-2.022409424541138,5.7999999999999545,-0.007251631617111176,9.800000000000068,33.31050000000005,3.4894999999999072,3.399030612244879,0.3560714285714166,True,False,9,35,20
RELIANCE,2026-03-30,BUY,2026-03-30 09:30:00+05:30,2026-03-30 09:35:00+05:30,1360.2797999999998,1359.7,1351.5253421072036,1359.6,1364.5,1358.6,1362.8,1352.77549552101,1358.9,1334.1,24.800000000000182,8.174657892796404,7.504304478989752,1.2795653304213752,0.7999999999999545,0.23536334215945587,12.400000000000091,4.7202000000002045,21.97979999999984,0.3806612903225943,1.7725645161290065,False,True,9,35,20
RELIANCE,2026-04-01,SELL,2026-04-01 14:55:00+05:30,2026-04-01 15:00:00+05:30,1363.9177,1364.2,1371.7814840090143,1364.6,1369.3,1364.6,1368.2,1371.5562510822576,1384.4,1364.5,19.90000000000009,7.581484009014275,7.638551082257663,-0.11727557527823551,0.2999999999999545,0.26381357174265485,9.950000000000045,0.0,7.3822999999999865,0.0,0.7419396984924576,False,False,15,0,345
RELIANCE,2026-04-02,SELL,2026-04-02 09:35:00+05:30,2026-04-02 09:40:00+05:30,1345.82675,1346.7,1351.5226101495496,1346.5,1347.8,1343.1,1343.5,1350.6974161848332,1358.0,1349.0,9.0,4.822610149549519,4.870666184833226,-0.2869055896161081,2.2999999999999545,-0.22279985146677062,4.5,17.826749999999947,12.373250000000098,3.9614999999999885,2.749611111111133,True,True,9,40,25
RELIANCE,2026-04-06,SELL,2026-04-06 09:35:00+05:30,2026-04-06 09:40:00+05:30,1321.7388,1322.1,1331.4767429708065,1322.4,1324.0,1316.0,1317.0,1329.4896688658762,1359.0,1324.2,34.799999999999955,9.376742970806617,7.7508688658761,-3.264583089013836,2.1000000000001364,-0.4083484573502827,17.399999999999977,31.738800000000083,2.261199999999917,1.8240689655172486,0.12995402298850114,False,False,9,40,25
RELIANCE,2026-04-07,BUY,2026-04-07 15:00:00+05:30,2026-04-07 15:05:00+05:30,1303.6515,1303.0,1297.096759570669,1303.0,1306.3,1300.7,1305.5,1297.6941093113833,1301.6,1291.1,10.5,5.9032404293309355,5.95739068861667,0.18942729447735587,1.400000000000091,0.19186492709133418,5.25,4.348500000000058,2.9514999999998963,0.8282857142857254,0.5621904761904565,False,False,15,5,350
RELIANCE,2026-04-08,BUY,2026-04-08 13:25:00+05:30,2026-04-08 13:30:00+05:30,1350.17475,1349.4,1341.5749104805848,1349.5,1349.5,1346.2,1348.2,1341.6529490753928,1349.0,1326.2,22.799999999999955,7.8250895194153145,8.521800924607078,0.03962637528904382,0.40000000000009095,-0.09633197480547473,11.399999999999977,0.42525000000000546,6.774749999999813,0.03730263157894792,0.5942763157894584,False,False,13,30,255
RELIANCE,2026-04-09,SELL,2026-04-09 09:55:00+05:30,2026-04-09 10:00:00+05:30,1336.03165,1336.7,1344.1848524061725,1336.7,1337.2,1333.7,1336.9,1343.5054762607635,1350.0,1338.0,12.0,7.484852406172422,7.473826260763644,-0.4347276651675985,1.2999999999999545,0.014962220393499592,6.0,9.731649999999945,3.668350000000146,1.6219416666666575,0.611391666666691,False,False,10,0,45
RELIANCE,2026-04-10,BUY,2026-04-10 09:45:00+05:30,2026-04-10 09:50:00+05:30,1349.17425,1348.9,1342.0404877613216,1348.5,1351.0,1348.3,1349.4,1343.450000927445,1344.5,1331.5,13.0,6.859512238678462,5.72424907255504,0.35210628748345757,4.400000000000091,0.06674082313682383,6.5,3.1257499999999254,6.674250000000029,0.4808846153846039,1.0268076923076968,False,True,9,50,35
RELIANCE,2026-04-15,BUY,2026-04-15 10:45:00+05:30,2026-04-15 10:50:00+05:30,1341.6705,1341.0,1337.5506787233905,1341.0,1341.9,1339.2,1341.3,1337.6858066135394,1338.9,1334.2,4.7000000000000455,3.449321276609453,3.984693386460549,0.045779876067772236,2.099999999999909,0.022371364653239745,2.3500000000000227,5.329500000000053,5.670499999999947,2.2678723404255323,2.4129787234042097,True,True,10,50,95
RELIANCE,2026-04-16,SELL,2026-04-16 09:35:00+05:30,2026-04-16 09:40:00+05:30,1338.7303000000002,1339.4,1343.344465017421,1339.4,1339.9,1338.0,1338.1,1342.9595969907048,1353.8,1340.0,13.799999999999955,3.944465017420953,4.229296990704597,-0.48612107381795716,0.599999999999909,-0.09705838435121183,6.899999999999977,8.73030000000017,8.069699999999784,1.2652608695652463,1.1695217391304074,False,True,9,40,25
RELIANCE,2026-04-17,BUY,2026-04-17 11:05:00+05:30,2026-04-17 11:10:00+05:30,1357.6785,1357.0,1348.925472847668,1357.0,1364.4,1356.8,1361.5,1350.1114108356044,1351.9,1340.0,11.900000000000091,8.074527152331939,7.567089164395611,0.1555002088891757,5.099999999999909,0.3316138540899072,5.9500000000000455,10.721500000000106,0.8785000000000309,1.8019327731092476,0.1476470588235335,False,False,11,10,115
RELIANCE,2026-04-20,BUY,2026-04-20 10:25:00+05:30,2026-04-20 10:30:00+05:30,1367.4833999999998,1366.8,1360.3394237452833,1366.8,1369.7,1366.8,1369.1,1361.0704879148618,1364.9,1352.8,12.100000000000136,6.4605762547166705,6.412912085138032,0.1690792859948745,1.8999999999998636,0.16827626573017174,6.050000000000068,5.516600000000153,7.383399999999938,0.9118347107438167,1.220396694214852,False,True,10,30,75
RELIANCE,2026-04-21,BUY,2026-04-21 11:00:00+05:30,2026-04-21 11:05:00+05:30,1368.684,1368.0,1363.0902029472095,1368.0,1369.8,1367.0,1367.6,1363.5005478106953,1367.7,1359.0,8.700000000000045,4.909797052790509,5.183452189304717,0.11789242243820142,0.2999999999999545,-0.029239766081878837,4.350000000000023,1.1159999999999854,18.58400000000006,0.2565517241379264,4.272183908045968,False,True,11,5,110
RELIANCE,2026-04-21,SELL,2026-04-21 11:45:00+05:30,2026-04-21 11:50:00+05:30,1357.62085,1358.3,1362.7945068750541,1358.3,1360.0,1358.2,1359.6,1362.754553231347,1367.7,1359.0,8.700000000000045,4.494506875054185,5.133703231346999,-0.19057642941911804,0.7000000000000455,0.09570787013177817,4.350000000000023,7.5208500000001095,3.179149999999936,1.7289310344827749,0.7308390804597515,False,False,11,50,155
RELIANCE,2026-04-22,BUY,2026-04-22 10:15:00+05:30,2026-04-22 10:20:00+05:30,1359.4794,1358.8,1353.4835531206727,1358.8,1359.6,1357.0,1358.1,1354.077611936019,1358.0,1350.2,7.7999999999999545,5.316446879327259,5.40178806398103,0.03142259925150278,0.7999999999999545,-0.05151604356785633,3.8999999999999773,6.520600000000059,2.4793999999999414,1.6719487179487427,0.6357435897435785,False,False,10,20,65
RELIANCE,2026-04-23,SELL,2026-04-23 14:40:00+05:30,2026-04-23 14:45:00+05:30,1343.02815,1343.7,1349.981174993999,1343.7,1344.7,1342.5,1343.7,1349.89281189495,1355.5,1344.0,11.5,6.281174993999002,6.864661894949904,-0.06883114108744944,0.2999999999999545,0.0,5.75,2.3281500000000506,3.571849999999813,0.4048956521739218,0.6211913043477936,False,False,14,45,330
RELIANCE,2026-04-24,SELL,2026-04-24 09:40:00+05:30,2026-04-24 09:45:00+05:30,1335.1321,1335.5,1340.4052027495322,1335.8,1337.0,1334.3,1337.0,1340.1526786739942,1345.9,1337.3,8.600000000000136,4.905202749532236,5.020578673994123,-0.30474486298660425,1.7999999999999545,0.08983380745621883,4.300000000000068,10.132100000000037,3.8678999999999633,2.3563023255813667,0.8995116279069539,True,False,9,45,30
RELIANCE,2026-04-27,BUY,2026-04-27 09:50:00+05:30,2026-04-27 09:55:00+05:30,1337.4684,1336.7,1326.076228658239,1336.8,1342.9,1336.0,1342.4,1327.7745873184213,1331.0,1311.0,20.0,10.623771341761085,9.69381268157872,0.32693185638801353,5.7000000000000455,0.418910831837227,10.0,34.131599999999935,4.568399999999883,3.4131599999999933,0.4568399999999883,True,False,9,55,40
RELIANCE,2026-04-28,BUY,2026-04-28 09:55:00+05:30,2026-04-28 10:00:00+05:30,1368.98415,1368.4,1363.920240944177,1368.3,1370.0,1365.5,1365.6,1365.060015160556,1367.7,1357.0,10.700000000000045,4.479759055823024,3.924134839443923,0.20792013089375547,0.7000000000000455,-0.19732514799386536,5.350000000000023,26.215850000000046,6.884150000000091,4.90015887850466,1.2867570093458058,True,True,10,0,45
RELIANCE,2026-04-29,BUY,2026-04-29 10:05:00+05:30,2026-04-29 10:10:00+05:30,1410.40485,1410.3,1404.2030568856503,1409.7,1412.3,1409.2,1412.0,1404.648756031086,1409.5,1391.3,18.200000000000045,6.096943114349642,5.756093968914001,0.28493760317644723,0.7999999999999545,0.1631552812655146,9.100000000000023,23.395150000000058,1.2048499999998512,2.5708956043956044,0.13240109890108223,True,False,10,10,55
RELIANCE,2026-04-30,SELL,2026-04-30 09:40:00+05:30,2026-04-30 09:45:00+05:30,1405.99665,1406.4,1410.729403775949,1406.7,1407.0,1403.4,1403.9,1410.2835480562808,1415.9,1407.3,8.600000000000136,4.329403775949004,4.286898056280734,-0.28528076991644835,0.8999999999998636,-0.1990474159380029,4.300000000000068,12.896650000000136,31.003349999999955,2.9992209302325423,7.210081395348713,True,True,9,45,30
RELIANCE,2026-04-30,BUY,2026-04-30 12:25:00+05:30,2026-04-30 12:30:00+05:30,1417.3083,1416.8,1404.8541010817041,1416.6,1417.9,1415.2,1417.8,1405.066510581838,1415.9,1407.3,8.600000000000136,11.945898918295825,12.241789418161943,0.1786648368489756,0.8999999999998636,0.08470986869970609,4.300000000000068,19.691700000000083,2.108299999999872,4.5794651162790165,0.4903023255813578,True,False,12,30,195
RELIANCE,2026-05-04,BUY,2026-05-04 11:10:00+05:30,2026-05-04 11:15:00+05:30,1448.82405,1448.5,1442.8602564178523,1448.1,1451.0,1448.0,1448.1,1443.2071986683318,1446.5,1433.4,13.099999999999909,5.63974358214773,5.616851331668158,0.172311222319719,2.0,0.0,6.5499999999999545,18.575950000000148,2.324049999999943,2.836022900763401,0.35481679389312354,True,False,11,15,120
RELIANCE,2026-05-05,BUY,2026-05-05 09:30:00+05:30,2026-05-05 09:35:00+05:30,1471.23525,1470.8,1464.9754273526796,1470.5,1473.4,1468.4,1468.4,1465.669112282124,1469.3,1455.0,14.299999999999955,5.824572647320338,5.566137717876018,0.452877404130428,1.5,-0.14280856851410784,7.149999999999977,2.16475000000014,21.23524999999995,0.3027622377622583,2.9699650349650377,False,True,9,35,20
RELIANCE,2026-05-05,SELL,2026-05-05 10:30:00+05:30,2026-05-05 10:35:00+05:30,1451.77375,1452.5,1464.0139677715854,1452.5,1454.1,1451.0,1452.7,1463.4776639530965,1469.3,1455.0,14.299999999999955,11.513967771585385,11.70391395309639,-0.43321691448963984,2.5,0.013769363166948878,7.149999999999977,1.7737500000000637,15.426249999999982,0.24807692307693277,2.1575174825174868,False,True,10,35,80
RELIANCE,2026-05-06,SELL,2026-05-06 09:55:00+05:30,2026-05-06 10:00:00+05:30,1461.0691,1461.8,1466.4386848065635,1461.8,1461.8,1456.1,1457.5,1465.5454978584228,1473.3,1463.0,10.299999999999955,4.63868480656356,4.4763978584228425,-0.3511802486272094,1.2000000000000455,-0.2941578875359063,5.149999999999977,33.569099999999935,0.7309000000000196,6.518271844660211,0.14192233009709182,True,False,10,0,45
RELIANCE,2026-05-06,SELL,2026-05-06 14:35:00+05:30,2026-05-06 14:40:00+05:30,1444.8772,1445.7,1446.8037106172696,1445.6,1446.7,1442.9,1445.4,1446.7727037798288,1473.3,1463.0,10.299999999999955,1.1037106172695985,1.895503779828914,-0.04426523286121587,17.299999999999955,-0.0138350857775138,5.149999999999977,9.877199999999903,1.822800000000143,1.9179029126213487,0.35394174757284486,False,False,14,40,325
RELIANCE,2026-05-07,BUY,2026-05-07 09:40:00+05:30,2026-05-07 09:45:00+05:30,1443.02115,1442.3,1436.5176471603695,1442.3,1444.0,1440.2,1440.2,1437.1566000717976,1442.1,1430.3,11.799999999999955,5.782352839630448,5.86454992820245,0.1446132724906113,0.20000000000004547,-0.14560077653746895,5.899999999999977,6.478849999999966,12.021150000000034,1.0981101694915238,2.037483050847471,False,True,9,45,30
RELIANCE,2026-05-08,BUY,2026-05-08 10:20:00+05:30,2026-05-08 10:25:00+05:30,1431.61545,1431.0,1424.0416672728147,1430.9,1433.0,1430.1,1432.0,1424.362464485032,1429.5,1417.5,12.0,6.9583327271852795,7.252985514968032,0.19437380751034286,1.5,0.07687469424837445,6.0,11.184549999999945,9.915449999999964,1.8640916666666574,1.6525749999999941,False,True,10,25,70
RELIANCE,2026-05-11,SELL,2026-05-11 09:30:00+05:30,2026-05-11 09:35:00+05:30,1416.79125,1417.5,1421.087208002775,1417.5,1417.9,1416.0,1416.2,1420.655350991045,1428.0,1418.0,10.0,3.5872080027750144,3.8641009910450066,-0.6547488941506165,0.5,-0.09171075837741682,5.0,34.79124999999999,4.908750000000055,6.958249999999998,0.9817500000000109,True,False,9,35,20
RELIANCE,2026-05-12,SELL,2026-05-12 10:05:00+05:30,2026-05-12 10:10:00+05:30,1378.5104,1380.2,1386.586332726433,1379.2,1380.9,1377.4,1380.3,1386.1863114743512,1393.4,1381.2,12.200000000000045,6.386332726433011,7.675911474351324,-0.17614734726696823,1.0,0.07975638051043177,6.100000000000023,18.210399999999936,14.98960000000011,2.9853114754098145,2.457311475409845,True,True,10,10,55
RELIANCE,2026-05-12,SELL,2026-05-12 12:20:00+05:30,2026-05-12 12:25:00+05:30,1379.31,1379.9,1385.948237253328,1380.0,1381.9,1379.5,1381.1,1385.871493450647,1393.4,1381.2,12.200000000000045,6.048237253327898,6.561493450647049,-0.04763392321847764,1.2999999999999545,0.07971014492753614,6.100000000000023,19.00999999999999,2.5900000000001455,3.116393442622938,0.4245901639344485,True,False,12,25,190
RELIANCE,2026-05-13,SELL,2026-05-13 09:35:00+05:30,2026-05-13 09:40:00+05:30,1354.3225,1355.0,1363.0153001800654,1355.0,1359.5,1354.1,1356.3,1362.3652104182318,1372.4,1357.1,15.300000000000182,8.015300180065424,8.042710418231763,-0.9289915741832812,2.099999999999909,0.09594095940959058,7.650000000000091,1.9224999999999,15.677500000000009,0.2513071895424676,2.049346405228735,False,True,9,40,25
RELIANCE,2026-05-14,SELL,2026-05-14 09:35:00+05:30,2026-05-14 09:40:00+05:30,1363.5179,1364.0,1367.2735499588846,1364.2,1364.6,1363.2,1363.6,1366.9197326989297,1369.9,1365.2,4.7000000000000455,3.273549958884587,3.4018326989296384,0.02218408749388794,1.2000000000000455,-0.043981820847394104,2.3500000000000227,5.117899999999963,14.482099999999946,2.177829787234006,6.162595744680768,True,True,9,40,25
RELIANCE,2026-05-14,BUY,2026-05-14 12:15:00+05:30,2026-05-14 12:20:00+05:30,1372.18575,1371.5,1366.835620971829,1371.5,1372.9,1371.0,1371.8,1366.9227993186425,1369.9,1365.2,4.7000000000000455,4.66437902817097,5.262950681357552,0.1228187774588083,1.599999999999909,0.021873860736421058,2.3500000000000227,4.014249999999947,13.785750000000007,1.7081914893616632,5.866276595744627,False,True,12,20,185
RELIANCE,2026-05-14,SELL,2026-05-14 14:30:00+05:30,2026-05-14 14:35:00+05:30,1363.9177,1364.6,1367.8298559226212,1364.6,1364.6,1362.2,1362.7,1367.689152082561,1369.9,1365.2,4.7000000000000455,3.2298559226212546,3.771452082560927,-0.041720572261474034,0.6000000000001364,-0.1392349406419413,2.3500000000000227,5.517699999999877,4.682299999999941,2.3479574468084357,1.9924680851063385,True,True,14,35,320
RELIANCE,2026-05-15,SELL,2026-05-15 09:30:00+05:30,2026-05-15 09:35:00+05:30,1343.9277,1345.1,1351.7374989259959,1344.6,1344.7,1341.5,1342.6,1351.010825236502,1364.8,1348.6,16.200000000000045,6.637498925995942,7.083125236501928,-1.0085761431623932,3.5,-0.14874312063066775,8.100000000000023,14.727699999999913,4.072300000000041,1.8182345679012188,0.5027530864197568,False,False,9,35,20
RELIANCE,2026-05-18,SELL,2026-05-18 09:35:00+05:30,2026-05-18 09:40:00+05:30,1319.34,1320.0,1324.8314218352928,1320.0,1324.2,1319.5,1323.5,1324.6185993372299,1334.0,1322.5,11.5,4.831421835292758,5.2785993372299345,-0.5921075032277514,2.5,0.26515151515151825,5.75,0.2400000000000091,22.660000000000082,0.04173913043478419,3.9408695652174055,False,True,9,40,25
RELIANCE,2026-05-18,BUY,2026-05-18 10:55:00+05:30,2026-05-18 11:00:00+05:30,1337.16825,1336.5,1326.2027323361804,1336.5,1338.0,1335.1,1335.7,1326.5461166004447,1334.0,1322.5,11.5,10.297267663819639,10.622133399555196,0.4583945602805305,2.5,-0.05985783763561292,5.75,4.831750000000056,7.068250000000035,0.8403043478260968,1.2292608695652234,False,True,11,0,105
RELIANCE,2026-05-19,SELL,2026-05-19 11:30:00+05:30,2026-05-19 11:35:00+05:30,1334.83225,1335.5,1339.6018862241067,1335.5,1335.9,1333.5,1335.0,1339.3892822478945,1344.0,1335.9,8.099999999999909,4.101886224106693,4.55703224789454,-0.06628215868240962,0.40000000000009095,-0.03743916136278447,4.0499999999999545,16.43224999999984,2.8677500000001146,4.057345679012352,0.7080864197531227,True,False,11,35,140
RELIANCE,2026-05-20,BUY,2026-05-20 09:30:00+05:30,2026-05-20 09:35:00+05:30,1326.663,1326.1,1320.6764817334022,1326.0,1326.6,1322.5,1325.4,1321.3270020162486,1323.8,1312.6,11.200000000000045,5.423518266597739,5.33599798375144,1.1641108454286424,2.2999999999999545,-0.04524886877826928,5.600000000000023,36.23700000000008,6.563000000000102,6.470892857142845,1.1719642857142991,True,True,9,35,20
RELIANCE,2026-05-21,SELL,2026-05-21 09:30:00+05:30,2026-05-21 09:35:00+05:30,1356.7213000000002,1357.3,1361.7450799480582,1357.4,1359.6,1356.9,1359.1,1361.2759380727755,1370.9,1358.4,12.5,4.445079948058265,4.554638072775333,-0.8683018885084621,1.1000000000001364,0.12523942831883517,6.25,11.52130000000011,3.6786999999999352,1.8434080000000177,0.5885919999999897,False,False,9,35,20
RELIANCE,2026-05-22,BUY,2026-05-22 11:40:00+05:30,2026-05-22 11:45:00+05:30,1358.57895,1358.2,1354.4823749545494,1357.9,1359.4,1357.9,1357.9,1354.7548176154992,1357.9,1349.1,8.800000000000182,3.7176250454506317,3.824132384500899,0.03567696094888593,0.2999999999999545,0.0,4.400000000000091,8.821050000000014,6.178949999999986,2.0047840909090526,1.404306818181786,True,True,11,45,150
RELIANCE,2026-05-25,SELL,2026-05-25 09:35:00+05:30,2026-05-25 09:40:00+05:30,1359.02015,1359.0,1363.841116826529,1359.7,1359.7,1358.0,1359.4,1363.4026762573906,1371.1,1360.2,10.899999999999864,4.84111682652906,4.382526257390509,-0.7144202605116532,1.2000000000000455,-0.022063690519968926,5.449999999999932,2.020150000000058,9.779849999999897,0.37066972477065746,1.7944678899082604,False,True,9,40,25
RELIANCE,2026-05-26,BUY,2026-05-26 09:55:00+05:30,2026-05-26 10:00:00+05:30,1366.0827000000002,1365.0,1362.3587483030678,1365.4,1365.5,1363.9,1365.3,1362.6389343448648,1364.6,1357.4,7.199999999999818,2.6412516969321587,3.443765655135394,0.0855470151900028,0.40000000000009095,-0.00732386113960759,3.599999999999909,2.417299999999841,13.682700000000068,0.671472222222195,3.800750000000115,False,True,10,0,45
RELIANCE,2026-05-26,SELL,2026-05-26 14:00:00+05:30,2026-05-26 14:05:00+05:30,1356.5214,1357.2,1362.0309338990646,1357.2,1358.8,1356.5,1357.0,1361.8914553099278,1364.6,1357.4,7.199999999999818,4.830933899064576,5.370055309927693,-0.04145255735204388,0.20000000000004547,-0.014736221632771773,3.599999999999909,4.121399999999994,3.6785999999999603,1.1448333333333607,1.021833333333348,False,True,14,5,290
RELIANCE,2026-05-27,BUY,2026-05-27 09:45:00+05:30,2026-05-27 09:50:00+05:30,1359.8796,1359.2,1355.0350046928925,1359.2,1361.0,1356.0,1356.9,1355.3393805828107,1358.2,1351.2,7.0,4.164995307107574,4.540219417189292,-0.05238823249183413,1.0,-0.16921718658033935,3.5,1.1204000000000178,11.279600000000073,0.3201142857142908,3.2227428571428782,False,True,9,50,35
RELIANCE,2026-05-27,SELL,2026-05-27 14:40:00+05:30,2026-05-27 14:45:00+05:30,1350.1246,1350.9,1355.8279268496105,1350.8,1351.8,1350.2,1351.2,1355.7575617157217,1358.2,1351.2,7.0,4.927926849610458,5.632961715721649,-0.10315827790157575,0.2999999999999545,0.029612081729357698,3.5,1.5246000000001914,3.8753999999998996,0.43560000000005467,1.107257142857114,False,True,14,45,330
RELIANCE,2026-05-29,SELL,2026-05-29 10:20:00+05:30,2026-05-29 10:25:00+05:30,1345.2270500000002,1345.6,1353.3183807947657,1345.9,1346.9,1344.7,1345.1,1352.8140568981635,1369.0,1348.7,20.299999999999955,7.718380794765835,7.587006898163281,-0.38395901606665067,3.1000000000001364,-0.05943978007282302,10.149999999999977,28.22705000000019,4.572949999999764,2.7809901477832764,0.45053694581278564,True,False,10,25,70
RELIANCE,2026-06-01,SELL,2026-06-01 14:05:00+05:30,2026-06-01 14:10:00+05:30,1320.1396,1320.4,1325.661099971342,1320.8,1321.7,1320.3,1320.9,1325.6043904866647,1335.5,1320.8,14.700000000000045,5.2610999713419915,5.464790486664697,-0.09143492768973141,0.3999999999998636,0.007571168988507182,7.350000000000023,1.639599999999973,2.960399999999936,0.22307482993196845,0.40277551020407165,False,False,14,10,295
RELIANCE,2026-06-02,SELL,2026-06-02 11:00:00+05:30,2026-06-02 11:05:00+05:30,1305.347,1306.0,1314.5042983318688,1306.0,1306.9,1305.9,1306.5,1314.3208416232628,1320.2,1307.5,12.700000000000045,8.504298331868767,8.973841623262842,-0.3419315920032751,1.5,0.03828483920367276,6.350000000000023,5.0470000000000255,22.452999999999975,0.7948031496063004,3.535905511811007,False,True,11,5,110
RELIANCE,2026-06-03,SELL,2026-06-03 10:05:00+05:30,2026-06-03 10:10:00+05:30,1304.04765,1304.8,1309.7926821095434,1304.7,1305.5,1303.3,1305.5,1309.5874954078745,1324.0,1305.3,18.700000000000045,4.992682109543466,5.539845407874509,-0.2534240137132849,0.5,0.0613167778033219,9.350000000000023,3.047649999999976,13.752349999999979,0.32595187165775064,1.4708395721925076,False,True,10,10,55
RELIANCE,2026-06-04,SELL,2026-06-04 13:10:00+05:30,2026-06-04 13:15:00+05:30,1294.45245,1295.2,1304.2818116859432,1295.1,1297.4,1293.4,1296.8,1303.9913628643023,1309.6,1300.1,9.5,9.081811685943194,9.538912864302347,-0.14949472347640702,4.899999999999864,0.131263995058295,4.75,1.3524500000000899,14.047550000000001,0.2847263157894926,2.9573789473684213,False,True,13,15,240
RELIANCE,2026-06-05,SELL,2026-06-05 10:30:00+05:30,2026-06-05 10:35:00+05:30,1296.9512,1297.8,1300.4832180991446,1297.6,1298.0,1294.6,1295.4,1300.0987681876306,1306.0,1298.4,7.599999999999909,2.6832180991445966,3.147568187630668,-0.03509666087378007,0.6000000000001364,-0.1695437731195959,3.7999999999999545,8.951199999999972,4.148799999999937,2.355578947368442,1.091789473684207,True,True,10,35,80
RELIANCE,2026-06-08,SELL,2026-06-08 13:20:00+05:30,2026-06-08 13:25:00+05:30,1271.86375,1272.6,1276.6922197258566,1272.5,1272.6,1270.6,1272.0,1276.5570256697629,1281.5,1273.5,8.0,4.092219725856694,4.6932756697628975,-0.031172042505896305,0.900000000000091,-0.039292730844797674,4.0,12.663749999999936,1.0362500000001091,3.165937499999984,0.2590625000000273,True,False,13,25,250
RELIANCE,2026-06-09,SELL,2026-06-09 10:45:00+05:30,2026-06-09 10:50:00+05:30,1261.66885,1262.4,1269.2552506537638,1262.3,1264.0,1262.2,1262.9,1269.0263192818668,1274.2,1265.1,9.100000000000136,6.855250653763733,7.35746928186677,-0.17168147456161031,2.699999999999818,0.047532282341777865,4.550000000000068,4.16885000000002,11.23115000000007,0.91623076923076,2.468384615384594,False,True,10,50,95
RELIANCE,2026-06-10,BUY,2026-06-10 09:30:00+05:30,2026-06-10 09:35:00+05:30,1297.54845,1297.0,1289.612345648784,1296.9,1297.0,1292.7,1293.5,1290.0296264207902,1292.9,1275.0,17.90000000000009,7.387654351216042,7.518823579209766,1.2764612885708895,4.099999999999909,-0.2621636209422573,8.950000000000045,2.151550000000043,43.14844999999991,0.24039664804469632,4.821055865921753,False,True,9,35,20
RELIANCE,2026-06-10,SELL,2026-06-10 12:15:00+05:30,2026-06-10 12:20:00+05:30,1273.363,1274.0,1285.3528584833443,1274.0,1274.5,1271.5,1271.7,1284.9933005267144,1292.9,1275.0,17.90000000000009,11.352858483344335,11.630300526714336,-0.152493264845743,1.0,-0.18053375196231958,8.950000000000045,18.962999999999965,2.0370000000000346,2.118770949720656,0.2275977653631312,True,False,12,20,185
RELIANCE,2026-06-11,BUY,2026-06-11 09:35:00+05:30,2026-06-11 09:40:00+05:30,1262.0307,1261.5,1258.2319399390885,1261.4,1262.5,1260.1,1262.5,1258.5032446830332,1261.2,1253.2,8.0,3.2680600609114663,3.5274553169667797,0.46036864537563055,0.2999999999999545,0.0872046931980286,4.0,13.969299999999976,4.030700000000024,3.492324999999994,1.007675000000006,True,True,9,40,25
RELIANCE,2026-06-12,SELL,2026-06-12 09:35:00+05:30,2026-06-12 09:40:00+05:30,1269.365,1270.0,1274.2828432978172,1270.0,1270.8,1269.6,1270.2,1273.8275362821223,1281.4,1271.0,10.400000000000091,4.28284329781718,4.462536282122301,-0.7138325827227353,1.0,0.01574803149606563,5.2000000000000455,6.865000000000009,27.63499999999999,1.320192307692298,5.3144230769230285,False,True,9,40,25
RELIANCE,2026-06-15,SELL,2026-06-15 12:40:00+05:30,2026-06-15 12:45:00+05:30,1304.24755,1304.7,1313.1848989590685,1304.9,1305.6,1304.8,1305.0,1313.0913680687097,1325.0,1305.0,20.0,8.48489895906846,8.843818068709652,-0.17775265851886157,0.2999999999999545,0.007663422484482929,10.0,0.947550000000092,5.452449999999999,0.0947550000000092,0.5452449999999999,False,False,12,45,210
RELIANCE,2026-06-16,BUY,2026-06-16 09:35:00+05:30,2026-06-16 09:40:00+05:30,1315.55745,1314.8,1311.3012970092554,1314.9,1315.1,1313.1,1313.8,1311.812672157214,1313.4,1306.4,7.0,3.498702990744505,3.7447778427861067,0.322187521880388,1.3999999999998636,-0.08365655182904774,3.5,17.842550000000074,2.557450000000017,5.09787142857145,0.7307000000000049,True,False,9,40,25
RELIANCE,2026-06-18,SELL,2026-06-18 11:15:00+05:30,2026-06-18 11:20:00+05:30,1324.03765,1324.9,1328.012732455035,1324.7,1325.3,1324.0,1325.0,1327.8992359108556,1333.9,1326.0,7.900000000000091,3.112732455034802,3.861585910855638,-0.034887625508942664,1.099999999999909,0.022646636974399392,3.9500000000000455,2.037649999999985,8.962350000000015,0.5158607594936612,2.2689493670885854,False,True,11,20,125
RELIANCE,2026-06-19,BUY,2026-06-19 10:05:00+05:30,2026-06-19 10:10:00+05:30,1336.76805,1336.3,1332.5849917501841,1336.1,1338.2,1335.6,1338.1,1333.1136941018772,1336.0,1324.9,11.099999999999909,3.71500824981581,3.6543558981227307,0.16210091839425822,0.2999999999999545,0.14968939450639152,5.5499999999999545,1.4319500000001426,31.46804999999995,0.25800900900903684,5.669918918918956,False,True,10,10,55
RELIANCE,2026-06-19,SELL,2026-06-19 11:20:00+05:30,2026-06-19 11:25:00+05:30,1323.6378499999998,1324.0,1331.1066323768075,1324.3,1325.1,1324.1,1325.0,1331.0352731287373,1336.0,1324.9,11.099999999999909,7.106632376807511,7.3974231287375005,-0.24067865005718736,0.900000000000091,0.05285811372046645,5.5499999999999545,18.33784999999989,12.362150000000156,3.304117117117124,2.227414414414461,True,True,11,25,130
RELIANCE,2026-06-19,SELL,2026-06-19 14:20:00+05:30,2026-06-19 14:25:00+05:30,1315.1421,1315.9,1328.342214857639,1315.8,1317.3,1307.0,1307.0,1327.1427706623733,1336.0,1324.9,11.099999999999909,12.442214857638874,12.000670662373295,-0.14495723529160034,9.0,-0.668794649642801,5.5499999999999545,9.842100000000073,6.857899999999972,1.773351351351379,1.2356576576576628,False,True,14,25,310
RELIANCE,2026-06-23,SELL,2026-06-23 11:55:00+05:30,2026-06-23 12:00:00+05:30,1322.9381999999998,1323.6,1327.5446852517678,1323.6,1324.0,1321.3,1322.7,1327.3949743700646,1333.0,1323.8,9.200000000000045,3.944685251767851,4.45677437006475,-0.0587637108138471,0.20000000000004547,-0.06799637352673527,4.600000000000023,18.938199999999824,1.0618000000001757,4.116999999999941,0.2308260869565588,True,False,12,0,165
RELIANCE,2026-06-24,SELL,2026-06-24 09:45:00+05:30,2026-06-24 09:50:00+05:30,1297.25105,1297.8,1303.3411400941266,1297.9,1300.0,1297.5,1299.6,1302.9006095217844,1308.8,1301.0,7.7999999999999545,5.541140094126604,5.64955952178434,-0.38635195629259705,3.2000000000000455,0.1309808151629399,3.8999999999999773,0.0,24.748949999999923,0.0,6.345884615384633,False,True,9,50,35
RELIANCE,2026-06-24,BUY,2026-06-24 10:05:00+05:30,2026-06-24 10:10:00+05:30,1312.15575,1311.5,1303.6999457121103,1311.5,1311.5,1309.1,1309.9,1303.9423792953237,1308.8,1301.0,7.7999999999999545,7.8000542878896795,8.213370704676208,-0.1481519645787808,2.7000000000000455,-0.12199771254288727,3.8999999999999773,9.844250000000102,3.055749999999989,2.5241666666667073,0.7835256410256428,True,False,10,10,55
RELIANCE,2026-06-25,BUY,2026-06-25 09:50:00+05:30,2026-06-25 09:55:00+05:30,1326.76305,1326.2,1322.341432750115,1326.1,1328.0,1325.1,1327.3,1322.8589007458138,1324.0,1316.8,7.2000000000000455,3.858567249885027,3.9041492541862226,0.16493134503027207,2.2000000000000455,0.09049091320414426,3.6000000000000227,1.236949999999979,12.163050000000112,0.34359722222221417,3.3786250000000098,False,True,9,55,40
RELIANCE,2026-06-25,SELL,2026-06-25 14:40:00+05:30,2026-06-25 14:45:00+05:30,1314.84225,1315.3,1322.2174166008872,1315.5,1318.8,1315.0,1317.5,1322.0341633958765,1324.0,1316.8,7.2000000000000455,6.917416600887236,7.191913395876554,-0.11462653822831236,1.5,0.15203344735841284,3.6000000000000227,0.24225000000001273,6.057750000000169,0.06729166666666977,1.6827083333333697,False,True,14,45,330
RELIANCE,2026-06-29,SELL,2026-06-29 11:40:00+05:30,2026-06-29 11:45:00+05:30,1304.44745,1305.1,1309.3072973276155,1305.1,1305.8,1303.8,1304.0,1309.1162317544747,1313.7,1306.0,7.7000000000000455,4.207297327615606,4.668781754474821,-0.11354570792560055,0.900000000000091,-0.08428472913952767,3.8500000000000227,11.84744999999998,1.3525500000000648,3.0772597402597173,0.35131168831170306,True,False,11,45,150
RELIANCE,2026-06-30,SELL,2026-06-30 09:30:00+05:30,2026-06-30 09:35:00+05:30,1290.9542,1291.6,1296.26270769717,1291.6,1293.2,1290.0,1290.4,1295.4702979666947,1306.9,1292.2,14.700000000000045,4.662707697170163,4.516097966694815,-1.449218241053171,0.6000000000001364,-0.09290802105913487,7.350000000000023,0.9541999999999007,9.0458000000001,0.12982312925168676,1.2307210884353839,False,True,9,35,20
RELIANCE,2026-07-01,BUY,2026-07-01 09:55:00+05:30,2026-07-01 10:00:00+05:30,1308.0537000000002,1307.4,1300.6947388766478,1307.4,1311.6,1307.3,1307.5,1302.241811780691,1301.3,1296.5,4.7999999999999545,6.705261123352329,5.8118882193091395,0.24534165612027,6.100000000000136,0.0076487685482629075,2.3999999999999773,4.146299999999883,5.053700000000163,1.7276249999999675,2.1057083333334212,False,True,10,0,45
RELIANCE,2026-07-02,SELL,2026-07-02 10:10:00+05:30,2026-07-02 10:15:00+05:30,1304.3475,1305.0,1308.6940665648124,1305.0,1305.0,1303.0,1303.7,1308.3235748385935,1312.6,1305.3,7.2999999999999545,3.694066564812374,3.9760748385933766,-0.2977888083194272,0.2999999999999545,-0.09961685823753896,3.6499999999999773,5.347500000000082,2.652499999999918,1.4650684931507165,0.7267123287671053,False,False,10,15,60
RELIANCE,2026-07-03,SELL,2026-07-03 10:00:00+05:30,2026-07-03 10:05:00+05:30,1303.7478,1304.4,1307.4261739013975,1304.4,1306.6,1304.1,1306.0,1307.1926244899967,1312.0,1306.0,6.0,3.026173901397442,3.444824489996563,-0.11911958190884052,1.599999999999909,0.12266176019624098,3.0,1.7478000000000975,6.2521999999999025,0.5826000000000325,2.0840666666666343,False,True,10,5,50
RELIANCE,2026-07-06,BUY,2026-07-06 10:20:00+05:30,2026-07-06 10:25:00+05:30,1307.35335,1306.7,1303.1787072809682,1306.7,1309.8,1306.3,1309.2,1303.716104737891,1305.9,1299.4,6.5,3.5212927190318624,3.6372452621089906,0.10269581636876929,0.7999999999999545,0.19132164995789847,3.25,18.246649999999818,1.0533500000001368,5.61435384615379,0.3241076923077344,True,False,10,25,70
RELIANCE,2026-07-07,SELL,2026-07-07 11:40:00+05:30,2026-07-07 11:45:00+05:30,1311.9436999999998,1312.4,1318.635389595319,1312.6,1314.1,1311.8,1313.5,1318.2246294355257,1328.0,1315.2,12.799999999999955,6.23538959531902,6.280929435525877,-0.14004387427065387,2.7999999999999545,0.06856620447965867,6.399999999999977,7.843699999999899,4.956300000000283,1.2255781249999886,0.774421875000047,False,False,11,45,150
RELIANCE,2026-07-08,SELL,2026-07-08 14:05:00+05:30,2026-07-08 14:10:00+05:30,1274.9622,1275.7,1287.715735966129,1275.6,1276.6,1271.6,1276.5,1287.306852932544,1302.3,1278.0,24.299999999999955,12.015735966128887,12.344652932544022,-0.13288353756224444,2.2999999999999545,0.07055503292567877,12.149999999999977,3.36220000000003,5.63779999999997,0.27672427983539394,0.4640164609053482,False,False,14,10,295
RELIANCE,2026-07-09,BUY,2026-07-09 09:35:00+05:30,2026-07-09 09:40:00+05:30,1288.74405,1288.0,1282.6424619021225,1288.1,1288.2,1285.8,1287.9,1283.0374602029617,1286.6,1274.2,12.399999999999864,5.357538097877523,5.706589797038305,1.096224371990558,1.400000000000091,-0.015526744817939697,6.199999999999932,7.755949999999984,11.944050000000061,1.250959677419366,1.9264596774193858,False,True,9,40,25
RELIANCE,2026-07-10,BUY,2026-07-10 09:45:00+05:30,2026-07-10 09:50:00+05:30,1304.0517,1303.3,1297.1371762000822,1303.4,1304.0,1301.8,1303.8,1297.4766674311866,1302.0,1287.8,14.200000000000045,6.16282379991776,6.575032568813413,0.6249569489408363,1.2999999999999545,0.030688967316239157,7.100000000000023,7.0482999999999265,4.251700000000028,0.9927183098591414,0.598830985915495,False,False,9,50,35
RELIANCE,2026-07-13,SELL,2026-07-13 11:40:00+05:30,2026-07-13 11:45:00+05:30,1296.7513,1297.4,1301.3194775224185,1297.4,1298.5,1297.3,1297.7,1301.2623846257663,1305.5,1298.8,6.7000000000000455,3.919477522418447,4.511084625766443,-0.09400704963589461,1.3999999999998636,0.023123169415750766,3.3500000000000227,1.751299999999901,6.0487000000000535,0.522776119402952,1.8055820895522425,False,True,11,45,150
RELIANCE,2026-07-14,BUY,2026-07-14 10:00:00+05:30,2026-07-14 10:05:00+05:30,1299.8496,1299.2,1296.9883879786537,1299.2,1300.3,1299.1,1300.1,1297.1764566776162,1298.8,1290.0,8.799999999999955,2.2116120213463546,2.673143322383794,0.14452473837709967,0.40000000000009095,0.0692733990147687,4.399999999999977,8.15039999999999,12.949599999999919,1.8523636363636438,2.943090909090906,False,True,10,5,50
RELIANCE,2026-07-14,SELL,2026-07-14 15:15:00+05:30,2026-07-14 15:20:00+05:30,1289.355,1289.9,1297.1669064965959,1290.0,1295.7,1286.9,1295.1,1296.84599079349,1298.8,1290.0,8.799999999999955,7.266906496595766,7.4909907934900275,-0.28641595812438136,0.09999999999990905,0.39534883720928615,4.399999999999977,2.4549999999999272,6.944999999999936,0.5579545454545318,1.5784090909090847,False,True,15,20,365
RELIANCE,2026-07-16,BUY,2026-07-16 09:40:00+05:30,2026-07-16 09:45:00+05:30,1308.55395,1307.9,1302.3837865864728,1307.9,1307.9,1303.9,1304.0,1302.5805580142755,1304.0,1295.5,8.5,5.516213413527339,5.973391985724447,0.3426408283291448,3.900000000000091,-0.2981879348574079,4.25,0.24604999999996835,16.75395000000003,0.05789411764705138,3.9421058823529487,False,True,9,45,30
RELIANCE,2026-07-17,BUY,2026-07-17 09:35:00+05:30,2026-07-17 09:40:00+05:30,1313.15625,1312.6,1308.3957304274898,1312.5,1318.5,1312.4,1317.5,1311.3458302385363,1311.6,1296.1,15.5,4.204269572510157,1.8104197614636632,0.7189668498489346,1.0,0.3809523809523707,7.75,17.143749999999955,0.756249999999909,2.2120967741935424,0.09758064516127858,True,False,9,40,25
RELIANCE,2026-07-21,SELL,2026-07-21 09:30:00+05:30,2026-07-21 09:35:00+05:30,1313.64285,1314.3,1318.1262615449102,1314.3,1318.9,1314.2,1318.0,1317.9720133532212,1326.9,1316.1,10.800000000000182,3.826261544910267,4.329163353221247,-0.6681800953813127,1.7999999999999545,0.2815186791447877,5.400000000000091,10.942849999999908,6.257150000000138,2.0264537037036523,1.1587314814814875,True,True,9,35,20
RELIANCE,2026-07-22,SELL,2026-07-22 09:30:00+05:30,2026-07-22 09:35:00+05:30,1293.85275,1294.5,1299.3413808961996,1294.5,1297.7,1293.2,1297.2,1298.9838182944889,1304.6,1298.2,6.399999999999864,4.841380896199553,5.131068294488841,-0.574015594032914,3.7000000000000455,0.2085747392815751,3.199999999999932,13.152749999999969,3.847250000000031,4.110234375000078,1.2022656250000352,True,True,9,35,20
RELIANCE,2026-07-23,BUY,2026-07-23 10:00:00+05:30,2026-07-23 10:05:00+05:30,1285.34235,1284.7,1281.8378489753732,1284.7,1284.7,1282.8,1283.4,1282.023259118051,1284.0,1278.3,5.7000000000000455,2.8621510246268826,3.319090881948796,0.05658408678742092,0.7000000000000455,-0.10119093951894698,2.8500000000000227,1.9576500000000578,17.342349999999897,0.6868947368421201,6.085035087719214,False,True,10,5,50
RELIANCE,2026-07-24,BUY,2026-07-24 10:25:00+05:30,2026-07-24 10:30:00+05:30,1272.0357,1271.4,1265.651189119771,1271.4,1271.9,1270.4,1270.5,1265.8122301446292,1271.0,1249.8,21.200000000000045,5.74881088022903,6.223469855370695,0.14958548306300024,0.40000000000009095,-0.07078810759792997,10.600000000000023,11.364300000000185,1.8356999999998607,1.0721037735849208,0.17317924528300535,False,False,10,30,75
RELIANCE,2026-07-27,SELL,2026-07-27 09:50:00+05:30,2026-07-27 09:55:00+05:30,1281.7588,1282.4,1284.615281183122,1282.4,1283.7,1281.3,1283.5,1284.414951021004,1288.7,1282.5,6.2000000000000455,2.215281183121988,2.656151021004007,-0.020527536119287537,0.09999999999990905,0.08577666874609591,3.1000000000000227,3.7588000000000648,2.2411999999999352,1.2125161290322701,0.7229677419354577,False,False,9,55,40
RELIANCE,2026-07-28,BUY,2026-07-28 10:55:00+05:30,2026-07-28 11:00:00+05:30,1279.0392000000002,1278.4,1274.609225330473,1278.4,1279.2,1276.4,1277.2,1274.8454505969346,1277.0,1268.5,8.5,3.7907746695270816,4.193749403065567,0.09876695841337157,1.400000000000091,-0.09386733416770765,4.25,0.16079999999988104,13.139200000000073,0.037835294117619066,3.0915764705882527,False,True,11,0,105
RELIANCE,2026-07-28,SELL,2026-07-28 14:45:00+05:30,2026-07-28 14:50:00+05:30,1266.46645,1267.2,1273.3359733332038,1267.1,1268.4,1266.5,1267.9,1273.1322358384332,1277.0,1268.5,8.5,6.135973333203765,6.665785838433294,-0.09898849550261749,1.2999999999999545,0.06313629547787247,4.25,0.5664499999998043,5.533550000000105,0.13328235294113042,1.302011764705907,False,True,14,50,335
RELIANCE,2026-07-29,BUY,2026-07-29 09:35:00+05:30,2026-07-29 09:40:00+05:30,1277.93865,1277.2,1275.1470963791635,1277.3,1278.5,1275.7,1276.0,1275.3253529651492,1276.8,1271.2,5.599999999999909,2.0529036208365596,2.6132970348508024,0.30812410869316575,0.40000000000009095,-0.10177718625224985,2.7999999999999545,4.461350000000039,9.238650000000007,1.5933392857143254,3.2995178571429133,False,True,9,40,25
RELIANCE,2026-07-29,SELL,2026-07-29 10:45:00+05:30,2026-07-29 10:50:00+05:30,1269.7648000000002,1270.3,1274.0830112295394,1270.4,1270.4,1269.1,1269.8,1273.8986059456995,1276.8,1271.2,5.599999999999909,3.7830112295393974,4.133805945699351,-0.09831359695906715,0.900000000000091,-0.047229219143585244,2.7999999999999545,1.0648000000001048,12.63519999999994,0.38028571428575786,4.512571428571481,False,True,10,50,95
RELIANCE,2026-07-29,BUY,2026-07-29 14:35:00+05:30,2026-07-29 14:40:00+05:30,1278.73905,1278.1,1275.1598331880496,1278.1,1278.6,1276.8,1278.0,1275.219045147927,1276.8,1271.2,5.599999999999909,2.9401668119503483,3.520004852072816,0.04943717282210129,1.2999999999999545,-0.007824113919097098,2.7999999999999545,1.960950000000139,4.039049999999861,0.7003392857143467,1.442517857142831,False,True,14,40,325
RELIANCE,2026-07-30,BUY,2026-07-30 10:35:00+05:30,2026-07-30 10:40:00+05:30,1284.54195,1283.9,1280.9274647080942,1283.9,1286.9,1283.7,1285.5,1281.5194449583228,1283.0,1275.3,7.7000000000000455,2.9725352919058423,3.0225050416772774,0.04538078045203493,0.900000000000091,0.12462029753095294,3.8500000000000227,12.458049999999957,0.8419499999999971,3.2358571428571126,0.21868831168830963,True,False,10,40,85
RELIANCE,2026-07-31,SELL,2026-07-31 09:30:00+05:30,2026-07-31 09:35:00+05:30,1293.65285,1294.6,1297.3073113371534,1294.3,1296.6,1293.6,1296.5,1297.09446417179,1300.9,1295.0,5.900000000000091,2.707311337153442,3.441614171789979,0.03784161640463803,0.40000000000009095,0.1699760488294899,2.9500000000000455,0.052850000000034925,16.0471500000001,0.0179152542372997,5.43971186440673,False,True,9,35,20
RELIANCE,2026-07-31,BUY,2026-07-31 12:25:00+05:30,2026-07-31 12:30:00+05:30,1301.6505,1301.0,1298.2718288210176,1301.0,1301.0,1300.2,1300.9,1298.3043509596657,1300.9,1295.0,5.900000000000091,2.728171178982393,3.3461490403342395,0.03368551408965333,0.09999999999990905,-0.007686395080697128,2.9500000000000455,8.04950000000008,1.6504999999999654,2.728644067796595,0.5594915254237085,True,False,12,30,195
RELIANCE,2026-08-03,SELL,2026-08-03 09:45:00+05:30,2026-08-03 09:50:00+05:30,1310.24455,1310.8,1313.0916300413883,1310.9,1311.5,1310.0,1311.5,1312.9242763077086,1315.8,1311.2,4.599999999999909,2.2916300413883164,2.6797263077087337,-0.02584242787978266,0.40000000000009095,0.04577008162329754,2.2999999999999545,4.24454999999989,4.655450000000201,1.8454565217391192,2.024108695652301,False,True,9,50,35
RELIANCE,2026-08-04,SELL,2026-08-04 09:30:00+05:30,2026-08-04 09:35:00+05:30,1304.44745,1305.2,1308.3548749190588,1305.1,1305.5,1304.0,1304.3,1307.6282084398572,1315.0,1306.0,9.0,3.154874919058784,3.1807584398573,-0.2565281634247449,0.7999999999999545,-0.06129798482874538,4.5,18.0474499999998,3.1525500000000193,4.0105444444444,0.700566666666671,True,False,9,35,20
RELIANCE,2026-08-05,SELL,2026-08-05 09:50:00+05:30,2026-08-05 09:55:00+05:30,1290.7543,1291.2,1294.9412594684686,1291.4,1291.5,1290.6,1290.7,1294.705255455895,1299.0,1292.5,6.5,3.74125946846857,3.9509554558949276,-0.10286744814921506,1.2999999999999545,-0.05420473904290679,3.25,20.65430000000015,3.445699999999988,6.355169230769277,1.060215384615381,True,True,9,55,40
RELIANCE,2026-08-06,BUY,2026-08-06 09:45:00+05:30,2026-08-06 09:50:00+05:30,1304.2518,1303.5,1296.573956523533,1303.6,1304.9,1303.0,1303.9,1297.020259684658,1301.1,1281.2,19.899999999999864,6.92604347646693,7.231540315342045,0.4873414132945611,2.400000000000091,0.023013194231369383,9.949999999999932,20.948200000000043,6.051799999999957,2.1053467336683602,0.6082211055276381,True,False,9,50,35
RELIANCE,2026-08-07,SELL,2026-08-07 09:35:00+05:30,2026-08-07 09:40:00+05:30,1318.64035,1319.0,1325.1532474781718,1319.3,1320.6,1318.1,1320.3,1324.7256972566227,1331.6,1320.0,11.599999999999909,6.1532474781718065,6.085347256622754,-0.3015941985480143,1.0,0.07579777154551604,5.7999999999999545,2.0403499999999894,18.3596500000001,0.3517844827586216,3.1654568965517664,False,True,9,40,25
RELIANCE,2026-08-07,BUY,2026-08-07 12:30:00+05:30,2026-08-07 12:35:00+05:30,1333.6665,1333.0,1327.9577812147434,1333.0,1334.7,1332.0,1334.4,1328.0208518028599,1331.6,1320.0,11.599999999999909,5.042218785256637,5.64564819714019,0.062183421519417865,1.400000000000091,0.10502625656414466,5.7999999999999545,1.0335000000000036,8.466499999999996,0.1781896551724158,1.4597413793103557,False,True,12,35,200
RELIANCE,2026-08-10,SELL,2026-08-10 09:40:00+05:30,2026-08-10 09:45:00+05:30,1323.1381,1323.5,1326.3632989399614,1323.8,1324.2,1322.1,1323.3,1325.8485196586048,1332.1,1324.2,7.899999999999864,2.863298939961396,2.7104196586049056,-0.5035622399853596,0.7000000000000455,-0.03777005589967741,3.949999999999932,1.8380999999999403,9.761900000000196,0.46534177215189165,2.4713670886076873,False,True,9,45,30
RELIANCE,2026-08-12,SELL,2026-08-12 09:45:00+05:30,2026-08-12 09:50:00+05:30,1315.24205,1315.5,1318.6312439684511,1315.9,1315.9,1315.0,1315.4,1318.411803663795,1326.0,1316.0,10.0,3.1312439684511446,3.169753663794836,-0.255861672543921,0.5,-0.0379968082681037,5.0,6.0420500000000175,8.257949999999937,1.2084100000000035,1.6515899999999875,False,True,9,50,35
RELIANCE,2026-08-13,SELL,2026-08-13 11:30:00+05:30,2026-08-13 11:35:00+05:30,1308.5454,1309.2,1312.6370118807638,1309.2,1309.6,1309.0,1309.2,1312.5801961102345,1327.8,1310.0,17.799999999999955,3.437011880763748,4.034796110234538,-0.05694802987490202,0.7999999999999545,0.0,8.899999999999977,0.0,8.354600000000119,0.0,0.9387191011236112,False,False,11,35,140
RELIANCE,2026-08-14,SELL,2026-08-14 10:30:00+05:30,2026-08-14 10:35:00+05:30,1305.84675,1306.5,1309.1245766066936,1306.5,1307.0,1305.9,1307.0,1309.0451115444039,1317.5,1307.2,10.299999999999955,2.6245766066936085,3.1983615444039515,-0.10208145233427225,0.7000000000000455,0.03827018752391442,5.149999999999977,4.346749999999929,7.25324999999998,0.8440291262135822,1.4083980582524296,False,True,10,35,80
ICICIBANK,2025-08-18,BUY,2025-08-18 09:30:00+05:30,2025-08-18 09:35:00+05:30,1452.62595,1451.9,1448.2799157989255,1451.9,1452.4,1450.0,1450.3,1448.6061113417616,1451.7,1441.6,10.100000000000136,3.620084201074633,4.019838658238541,0.27302895793636855,0.20000000000004547,-0.11020042702666322,5.050000000000068,0.0,21.625950000000103,0.0,4.2823663366336255,False,True,9,35,20
ICICIBANK,2025-08-19,SELL,2025-08-19 10:00:00+05:30,2025-08-19 10:05:00+05:30,1429.18505,1429.9,1434.237283162167,1429.9,1430.1,1428.3,1429.2,1433.9847035686207,1438.5,1431.1,7.400000000000091,4.337283162166841,4.79965356862067,-0.18481121277142212,1.199999999999818,-0.04895447234072314,3.7000000000000455,2.885050000000092,9.014949999999999,0.7797432432432585,2.436472972972943,False,True,10,5,50
ICICIBANK,2025-08-20,SELL,2025-08-20 09:35:00+05:30,2025-08-20 09:40:00+05:30,1424.0876,1424.6,1428.5038166863296,1424.8,1428.1,1423.0,1426.6,1427.9464601250927,1435.9,1426.0,9.900000000000091,3.9038166863297192,3.858860125092633,-0.5519645684057237,1.400000000000091,0.12633352049409297,4.9500000000000455,1.0876000000000658,9.712399999999889,0.219717171717183,1.9621010101009695,False,True,9,40,25
ICICIBANK,2025-08-21,BUY,2025-08-21 10:00:00+05:30,2025-08-21 10:05:00+05:30,1445.22225,1444.5,1439.419722620613,1444.5,1445.9,1443.2,1443.5,1439.6652588239133,1442.0,1436.4,5.599999999999909,5.080277379387098,5.55699117608674,0.14537651536376012,2.5,-0.06922810661128542,2.7999999999999545,2.5777499999999236,7.422250000000076,0.9206249999999877,2.650803571428642,False,True,10,5,50
ICICIBANK,2025-08-22,SELL,2025-08-22 09:55:00+05:30,2025-08-22 10:00:00+05:30,1430.8842,1431.5,1436.4717736326336,1431.6,1433.0,1430.2,1432.2,1436.2028071809277,1446.0,1433.5,12.5,4.971773632633585,5.318607180927756,-0.16262771264857462,2.0,0.04191114836546994,6.25,1.4841999999998734,10.615800000000036,0.23747199999997975,1.6985280000000058,False,True,10,0,45
ICICIBANK,2025-08-25,SELL,2025-08-25 09:55:00+05:30,2025-08-25 10:00:00+05:30,1424.2875,1425.2,1429.3017752063322,1425.0,1425.3,1424.5,1425.3,1429.097429556703,1435.9,1425.8,10.100000000000136,4.1017752063321495,4.809929556703082,-0.15334845732582048,0.599999999999909,0.02105263157894388,5.050000000000068,0.28749999999990905,10.912500000000136,0.05693069306928815,2.1608910891089086,False,True,10,0,45
ICICIBANK,2025-08-26,SELL,2025-08-26 09:35:00+05:30,2025-08-26 09:40:00+05:30,1414.2925,1414.6,1419.0212344618553,1415.0,1415.8,1414.3,1415.1,1418.8604219722852,1427.9,1415.7,12.200000000000045,4.42123446185542,4.5679219722851485,-0.9635222124425981,1.1000000000001364,0.007067137809180224,6.100000000000023,1.1925000000001091,7.607500000000073,0.1954918032787057,1.247131147540991,False,True,9,40,25
ICICIBANK,2025-08-28,BUY,2025-08-28 09:50:00+05:30,2025-08-28 09:55:00+05:30,1410.60495,1410.0,1404.748479417248,1409.9,1410.9,1408.1,1409.6,1405.1612664088664,1408.0,1400.0,8.0,5.251520582751937,5.443683591133549,0.18987514799389668,2.0,-0.021278104830146916,4.0,0.2950500000001739,14.304949999999963,0.07376250000004347,3.5762374999999906,False,True,9,55,40
ICICIBANK,2025-08-28,SELL,2025-08-28 15:05:00+05:30,2025-08-28 15:10:00+05:30,1398.00065,1398.7,1403.6685126370453,1398.7,1400.2,1398.7,1399.3,1403.3982747607877,1408.0,1400.0,8.0,4.968512637045251,5.397624760787721,-0.1998160822623534,1.2999999999999545,0.042896975763206946,4.0,1.700649999999996,2.699350000000095,0.425162499999999,0.6748375000000237,False,False,15,10,355
ICICIBANK,2025-08-29,BUY,2025-08-29 09:35:00+05:30,2025-08-29 09:40:00+05:30,1402.3008,1401.2,1397.8105288372706,1401.6,1403.8,1401.4,1402.3,1398.3631934404261,1400.6,1392.1,8.5,3.3894711627294782,3.937606559573851,0.7456309392400631,0.6000000000001364,0.049942922374435206,4.25,2.699200000000019,7.300799999999981,0.6351058823529456,1.7178352941176427,False,True,9,40,25
ICICIBANK,2025-09-01,BUY,2025-09-01 13:00:00+05:30,2025-09-01 13:05:00+05:30,1410.3048,1409.5,1405.155772322721,1409.6,1410.0,1409.0,1409.9,1405.2342269304336,1408.7,1398.1,10.600000000000136,4.344227677278923,5.070573069566308,0.07852107944199524,0.7999999999999545,0.021282633371177972,5.300000000000068,2.0952000000002045,4.104799999999841,0.3953207547170146,0.7744905660376958,False,False,13,5,230
ICICIBANK,2025-09-02,SELL,2025-09-02 11:50:00+05:30,2025-09-02 11:55:00+05:30,1405.6968000000002,1406.4,1409.7521403190829,1406.4,1407.1,1405.7,1405.8,1409.6892577496487,1413.9,1406.6,7.300000000000182,3.352140319082764,3.9924577496485654,-0.055691242766685856,0.1999999999998181,-0.042662116040970144,3.650000000000091,15.696800000000167,1.4031999999997424,4.30049315068487,0.38443835616430344,True,False,11,55,160
ICICIBANK,2025-09-03,BUY,2025-09-03 10:00:00+05:30,2025-09-03 10:05:00+05:30,1392.8961,1392.2,1389.120298981133,1392.2,1392.5,1391.6,1392.4,1389.1919242103597,1391.7,1384.2,7.5,3.0797010188671265,3.704175789640203,0.1453246231794138,0.5,0.01436575204711854,3.75,7.103900000000067,3.5960999999999785,1.8943733333333512,0.9589599999999943,False,False,10,5,50
ICICIBANK,2025-09-04,BUY,2025-09-04 09:30:00+05:30,2025-09-04 09:35:00+05:30,1413.80655,1413.2,1407.6036063945553,1413.1,1413.9,1411.0,1412.1,1408.0034830280272,1411.0,1401.9,9.099999999999909,5.596393605444746,5.803066971972839,0.6021199419428398,2.2000000000000455,-0.07076640011323132,4.5499999999999545,1.2934499999998934,9.806550000000016,0.2842747252747047,2.155285714285739,False,True,9,35,20
ICICIBANK,2025-09-05,SELL,2025-09-05 09:35:00+05:30,2025-09-05 09:40:00+05:30,1402.0986,1402.8,1405.9866346313438,1402.8,1402.8,1401.6,1401.7,1405.842778346574,1411.5,1403.0,8.5,3.18663463134385,3.7441783465740173,-0.20125924844095014,0.20000000000004547,-0.07841459937267814,4.25,14.398599999999988,3.501399999999876,3.387905882352938,0.8238588235293826,True,False,9,40,25
ICICIBANK,2025-09-08,BUY,2025-09-08 09:40:00+05:30,2025-09-08 09:45:00+05:30,1407.00315,1406.7,1403.7926279997394,1406.3,1406.8,1405.1,1406.2,1404.0072939570357,1405.6,1400.0,5.599999999999909,2.9073720002606933,2.9958560429643057,0.16015249917412075,1.1000000000001364,-0.007110858280590104,2.7999999999999545,3.596849999999904,9.403150000000096,1.2845892857142722,3.358267857142946,False,True,9,45,30
ICICIBANK,2025-09-08,SELL,2025-09-08 10:50:00+05:30,2025-09-08 10:55:00+05:30,1398.3005,1399.0,1402.655722095246,1399.0,1399.8,1398.2,1399.5,1402.5837780995093,1405.6,1400.0,5.599999999999909,3.655722095245892,4.283278099509289,-0.1276297697286778,1.0,0.03573981415296856,2.7999999999999545,0.10050000000001091,12.299499999999853,0.035892857142861626,4.39267857142859,False,True,10,55,100
ICICIBANK,2025-09-08,BUY,2025-09-08 14:50:00+05:30,2025-09-08 14:55:00+05:30,1408.5039,1407.6,1405.0923182857878,1407.8,1408.4,1406.5,1408.0,1405.1550307020511,1405.6,1400.0,5.599999999999909,2.50768171421214,3.348869297948795,0.12973606814929817,2.0,0.01420656343231741,2.7999999999999545,0.0,8.203899999999976,0.0,2.9299642857143247,False,True,14,55,340
ICICIBANK,2025-09-09,SELL,2025-09-09 11:35:00+05:30,2025-09-09 11:40:00+05:30,1396.60135,1397.4,1399.267472537585,1397.3,1398.2,1397.0,1398.1,1399.2406037081641,1402.1,1397.6,4.5,1.8674725375849448,2.639253708164233,-0.0623932838051099,0.1999999999998181,0.05725327417160919,2.25,1.4013499999998658,10.898650000000089,0.6228222222221625,4.843844444444484,False,True,11,40,145
ICICIBANK,2025-09-09,BUY,2025-09-09 13:50:00+05:30,2025-09-09 13:55:00+05:30,1403.00115,1402.5,1398.8374254625128,1402.3,1403.4,1402.0,1403.3,1398.9413584589108,1402.1,1397.6,4.5,3.6625745374872167,4.059791541089226,0.05214236943702427,0.40000000000009095,0.07131141695786436,2.25,4.498849999999948,1.2011500000000979,1.9994888888888656,0.533844444444488,False,False,13,55,280
ICICIBANK,2025-09-10,BUY,2025-09-10 09:55:00+05:30,2025-09-10 10:00:00+05:30,1412.20575,1411.4,1408.824186618577,1411.5,1412.3,1410.6,1411.3,1408.932406164629,1410.0,1405.5,4.5,2.5758133814231314,3.273343835371179,0.15831533711429865,1.400000000000091,-0.014169323414814361,2.25,1.4942499999999654,10.105750000000171,0.6641111111110958,4.491444444444521,False,True,10,0,45
ICICIBANK,2025-09-10,SELL,2025-09-10 13:10:00+05:30,2025-09-10 13:15:00+05:30,1404.2975,1404.8,1408.8145314907847,1405.0,1405.8,1404.0,1404.9,1408.7038092748126,1410.0,1405.5,4.5,4.014531490784748,4.406309274812656,-0.04261523052107352,0.7000000000000455,-0.007117437722414799,2.25,2.197499999999991,5.502500000000055,0.9766666666666626,2.44555555555558,False,True,13,15,240
ICICIBANK,2025-09-11,BUY,2025-09-11 10:45:00+05:30,2025-09-11 10:50:00+05:30,1406.703,1406.1,1403.1907199352736,1406.0,1406.2,1405.4,1405.9,1403.2817890734127,1405.8,1396.0,9.799999999999955,2.9092800647263175,3.421210926587264,0.06554841163364782,0.2999999999999545,-0.007112375533424586,4.899999999999977,1.2970000000000255,7.6030000000000655,0.26469387755102686,1.551632653061245,False,True,10,50,95
ICICIBANK,2025-09-12,SELL,2025-09-12 09:30:00+05:30,2025-09-12 09:35:00+05:30,1400.2995,1401.0,1404.212228885726,1401.0,1401.0,1400.2,1400.3,1404.0358361596768,1407.9,1401.6,6.300000000000182,3.212228885726063,3.736336159676739,-0.2970670079717408,0.599999999999909,-0.049964311206285306,3.150000000000091,0.19950000000017099,19.400499999999965,0.06333333333338578,6.1588888888887,False,True,9,35,20
ICICIBANK,2025-09-15,BUY,2025-09-15 10:10:00+05:30,2025-09-15 10:15:00+05:30,1425.21225,1424.5,1421.1218468832415,1424.5,1424.9,1422.1,1422.7,1421.280737022681,1423.5,1418.3,5.2000000000000455,3.37815311675854,3.9315129773190165,0.10371217881591038,1.0,-0.1263601263601255,2.6000000000000227,1.5877499999999145,8.912250000000085,0.6106730769230387,3.4277884615384644,False,True,10,15,60
ICICIBANK,2025-09-16,BUY,2025-09-16 09:30:00+05:30,2025-09-16 09:35:00+05:30,1422.9111,1422.5,1419.0342993536117,1422.2,1422.6,1421.1,1422.0,1419.1638512091788,1422.0,1413.7,8.299999999999955,3.4657006463883135,3.7472487908212315,0.16258612507488304,0.5,-0.014062719730001394,4.149999999999977,1.9889000000000578,5.011099999999942,0.47925301204820936,1.2074939759036072,False,True,9,35,20
ICICIBANK,2025-09-17,SELL,2025-09-17 11:35:00+05:30,2025-09-17 11:40:00+05:30,1418.99015,1419.4,1422.1661738859648,1419.7,1420.9,1419.7,1419.8,1422.1019619063222,1425.8,1420.1,5.7000000000000455,2.7661738859646903,3.1118119063221457,-0.051680622958795414,0.6999999999998181,0.007043741635559542,2.8500000000000227,2.590149999999994,5.009849999999915,0.9088245614034994,1.757842105263114,False,True,11,40,145
ICICIBANK,2025-09-18,SELL,2025-09-18 09:45:00+05:30,2025-09-18 09:50:00+05:30,1421.98865,1422.6,1425.795536580447,1422.7,1423.0,1421.0,1422.7,1425.618679077845,1432.8,1422.8,10.0,3.1955365804471967,3.630029077844938,-0.2007976149693936,0.20000000000004547,0.0,5.0,6.688650000000052,4.311349999999948,1.3377300000000105,0.8622699999999895,False,False,9,50,35
ICICIBANK,2025-09-19,SELL,2025-09-19 09:50:00+05:30,2025-09-19 09:55:00+05:30,1406.0966,1406.7,1411.1017206856304,1406.8,1407.1,1405.2,1405.7,1410.896995451173,1418.0,1408.0,10.0,4.40172068563038,4.800395451173017,-0.13997824273620083,1.2999999999999545,-0.07819164060277606,5.0,5.896600000000035,1.2033999999998741,1.179320000000007,0.24067999999997483,False,False,9,55,40
ICICIBANK,2025-09-22,BUY,2025-09-22 12:40:00+05:30,2025-09-22 12:45:00+05:30,1407.5034,1406.7,1403.0633331715296,1406.8,1407.6,1406.5,1407.6,1403.1184300006848,1406.4,1397.2,9.200000000000045,3.6366668284704247,4.384969999315217,0.04354357395725062,0.2999999999999545,0.056866647711117935,4.600000000000023,2.396600000000035,7.603399999999965,0.521000000000005,1.652913043478245,False,True,12,45,210
ICICIBANK,2025-09-24,SELL,2025-09-24 10:25:00+05:30,2025-09-24 10:30:00+05:30,1379.60985,1380.2,1382.4552296685247,1380.3,1381.7,1379.6,1381.7,1382.398051996403,1390.9,1380.3,10.600000000000136,2.2552296685246347,2.788201996402904,-0.07291525207054517,0.09999999999990905,0.10142722596537812,5.300000000000068,3.1098500000000513,8.390149999999949,0.5867641509433984,1.5830471698112907,False,True,10,30,75
ICICIBANK,2025-09-26,SELL,2025-09-26 10:00:00+05:30,2025-09-26 10:05:00+05:30,1361.5189,1362.5,1365.9373561596847,1362.2,1362.9,1361.2,1361.5,1365.8603835065194,1372.7,1363.2,9.5,3.4373561596846685,4.341483506519353,-0.059244028020526425,0.7000000000000455,-0.05138746145940676,4.75,4.518900000000031,5.38110000000006,0.951347368421059,1.1328631578947495,False,True,10,5,50
ICICIBANK,2025-09-29,SELL,2025-09-29 11:35:00+05:30,2025-09-29 11:40:00+05:30,1354.9222,1355.6,1361.1011657754489,1355.6,1356.1,1354.4,1355.1,1360.927007328414,1366.2,1355.7,10.5,5.501165775448953,6.004807328414017,-0.14669542553434234,0.10000000000013642,-0.03688403658896888,5.25,8.72219999999993,3.5778000000000247,1.6613714285714152,0.681485714285719,False,False,11,40,145
ICICIBANK,2025-09-30,SELL,2025-09-30 09:30:00+05:30,2025-09-30 09:35:00+05:30,1348.1255999999998,1348.9,1351.5401063107038,1348.8,1349.3,1347.5,1348.5,1351.1357538178565,1356.6,1349.2,7.399999999999864,2.640106310703686,3.01015381785669,-0.5077270556312672,0.2999999999999545,-0.022241992882554573,3.699999999999932,5.52559999999994,7.47440000000006,1.4934054054054169,2.0201081081081615,False,True,9,35,20
ICICIBANK,2025-10-01,BUY,2025-10-01 09:45:00+05:30,2025-10-01 09:50:00+05:30,1358.2787999999998,1357.5,1353.8984761971406,1357.6,1358.4,1356.8,1358.0,1354.169851646435,1356.9,1347.1,9.800000000000182,3.6015238028594467,4.108948353564756,0.6954685348116276,0.599999999999909,0.029463759575731885,4.900000000000091,21.12120000000027,1.4787999999998647,4.310448979591812,0.30179591836731373,True,False,9,50,35
ICICIBANK,2025-10-06,SELL,2025-10-06 10:45:00+05:30,2025-10-06 10:50:00+05:30,1363.7178,1364.1,1368.5676154358457,1364.4,1364.6,1363.1,1364.4,1368.4440573862666,1372.6,1365.3,7.2999999999999545,4.467615435845801,4.726257386266752,-0.0613286675136578,1.2000000000000455,0.0,3.6499999999999773,4.617799999999988,5.982200000000148,1.2651506849315115,1.6389589041096397,False,True,10,50,95
ICICIBANK,2025-10-07,BUY,2025-10-07 09:30:00+05:30,2025-10-07 09:35:00+05:30,1377.0882,1376.4,1370.7959308241075,1376.4,1380.2,1375.8,1379.1,1373.0678768056189,1374.9,1363.6,11.300000000000182,5.604069175892619,4.020323194381035,0.9922529923323277,1.5,0.19616390584131782,5.650000000000091,6.011799999999994,5.188199999999824,1.0640353982300703,0.9182654867256178,False,False,9,35,20
ICICIBANK,2025-10-08,SELL,2025-10-08 11:20:00+05:30,2025-10-08 11:25:00+05:30,1369.81475,1370.4,1375.4873618238128,1370.5,1372.7,1370.4,1370.7,1375.192565718639,1381.6,1370.6,11.0,5.087361823812671,5.377815718638885,-0.033577579890179746,0.1999999999998181,0.014593214155422807,5.5,5.514750000000049,3.485249999999951,1.0026818181818271,0.6336818181818092,False,False,11,25,130
ICICIBANK,2025-10-09,BUY,2025-10-09 10:55:00+05:30,2025-10-09 11:00:00+05:30,1375.2873,1374.1,1369.8428196099114,1374.6,1375.3,1373.4,1374.0,1370.0551635154907,1372.8,1365.1,7.7000000000000455,4.257180390088479,5.232136484509283,0.08918851163451982,1.2999999999999545,-0.04364906154517012,3.8500000000000227,3.412700000000086,4.68730000000005,0.8864155844156015,1.2174805194805254,False,True,11,0,105
ICICIBANK,2025-10-10,BUY,2025-10-10 09:40:00+05:30,2025-10-10 09:45:00+05:30,1379.8896,1379.3,1376.57311376293,1379.2,1381.7,1379.1,1380.4,1376.7042340245541,1378.7,1370.3,8.400000000000091,2.726886237069948,3.1853659754458477,0.37792844855007396,0.599999999999909,0.08700696055685686,4.2000000000000455,5.110400000000027,3.1895999999999276,1.216761904761898,0.7594285714285459,False,False,9,45,30
ICICIBANK,2025-10-14,SELL,2025-10-14 09:45:00+05:30,2025-10-14 09:50:00+05:30,1380.00965,1380.7,1384.637701297244,1380.7,1381.9,1380.4,1381.3,1384.5011181028426,1389.0,1382.2,6.7999999999999545,3.937701297243848,4.491468102842646,-0.13544546251002373,1.5,0.04345621786050469,3.3999999999999773,4.909650000000056,5.990350000000035,1.4440147058823791,1.7618676470588457,False,True,9,50,35
ICICIBANK,2025-10-15,BUY,2025-10-15 10:30:00+05:30,2025-10-15 10:35:00+05:30,1394.19675,1393.4,1389.5142569575194,1393.5,1394.5,1393.0,1393.1,1389.7605376068245,1392.0,1386.5,5.5,3.885743042480726,4.436212393175538,0.0739099082332563,1.400000000000091,-0.02870470039469941,2.75,6.2032500000000255,5.6967500000000655,2.255727272727282,2.0715454545454786,True,True,10,35,80
ICICIBANK,2025-10-16,BUY,2025-10-16 12:15:00+05:30,2025-10-16 12:20:00+05:30,1411.20525,1410.5,1404.628545692239,1410.5,1411.9,1410.4,1411.9,1404.8275855865127,1410.0,1399.4,10.599999999999909,5.8714543077610415,6.3776644134873095,0.0996505183694558,0.5,0.09925558312655625,5.2999999999999545,7.694750000000113,0.8052499999998872,1.451839622641543,0.15193396226413097,False,False,12,20,185
ICICIBANK,2025-10-17,BUY,2025-10-17 09:30:00+05:30,2025-10-17 09:35:00+05:30,1424.1117000000002,1423.5,1417.4675043130328,1423.4,1424.6,1420.6,1420.9,1418.225703574657,1419.4,1410.9,8.5,6.032495686967195,5.885996425343137,1.1447345324107292,4.099999999999909,-0.17563580160180337,4.25,15.488299999999754,8.111700000000155,3.6443058823528833,1.9086352941176836,True,True,9,35,20
ICICIBANK,2025-10-20,SELL,2025-10-20 14:25:00+05:30,2025-10-20 14:30:00+05:30,1395.80175,1396.8,1406.0679715962278,1396.5,1397.0,1394.1,1394.6,1405.4194929715177,1445.0,1397.8,47.200000000000045,9.26797159622788,9.6177429715176,-0.10837171072788207,1.0,-0.13605442176871652,23.600000000000023,6.601750000000038,1.1982499999999163,0.27973516949152677,0.05077330508474217,False,False,14,30,315
ICICIBANK,2025-10-23,BUY,2025-10-23 09:30:00+05:30,2025-10-23 09:35:00+05:30,1389.7945499999998,1389.4,1386.3857988854315,1389.1,1389.7,1388.2,1388.2,1386.5669194687707,1389.0,1383.1,5.900000000000091,3.01420111456855,3.2276305312291242,0.3250501796148999,0.40000000000009095,-0.06479015189689852,2.9500000000000455,0.0,29.694549999999936,0.0,10.065949152542196,False,True,9,35,20
ICICIBANK,2025-10-23,SELL,2025-10-23 10:50:00+05:30,2025-10-23 10:55:00+05:30,1382.1086,1382.9,1385.8501400393675,1382.8,1383.8,1382.0,1383.7,1385.8017862192517,1389.0,1383.1,5.900000000000091,2.9501400393673975,3.693186219251629,-0.12380038527275952,0.1999999999998181,0.06508533410471973,2.9500000000000455,22.008600000000115,4.6913999999999305,7.46054237288128,1.5903050847457147,True,True,10,55,100
ICICIBANK,2025-10-24,BUY,2025-10-24 09:55:00+05:30,2025-10-24 10:00:00+05:30,1378.689,1378.0,1374.79473298674,1378.0,1378.2,1377.2,1377.6,1374.9312646469273,1377.8,1368.1,9.700000000000045,3.205267013260027,3.7577353530728033,0.07806000336550456,0.20000000000004547,-0.02902757619739349,4.850000000000023,2.910999999999831,9.58900000000017,0.6002061855669726,1.9771134020618812,False,True,10,0,45
ICICIBANK,2025-10-27,SELL,2025-10-27 09:50:00+05:30,2025-10-27 09:55:00+05:30,1377.81075,1378.5,1382.30802851638,1378.5,1379.3,1378.1,1378.3,1382.14442921538,1386.8,1378.8,8.0,3.808028516380091,4.333679215379789,-0.1632009213960339,0.2999999999999545,-0.014508523757705838,4.0,3.8107500000000982,5.089249999999993,0.9526875000000246,1.2723124999999982,False,True,9,55,40
ICICIBANK,2025-10-28,SELL,2025-10-28 10:00:00+05:30,2025-10-28 10:05:00+05:30,1359.7198,1360.6,1365.8682528228528,1360.4,1361.4,1359.1,1359.9,1365.3271593543639,1375.8,1361.1,14.700000000000045,5.268252822852901,5.60735935436378,-0.24398930615935407,0.5,-0.03675389591296652,7.350000000000023,3.519800000000032,6.7801999999999225,0.47888435374149946,0.9224761904761771,False,False,10,5,50
ICICIBANK,2025-10-29,SELL,2025-10-29 10:10:00+05:30,2025-10-29 10:15:00+05:30,1361.2190500000002,1361.7,1364.596323139295,1361.9,1362.4,1361.2,1361.8,1364.545879762652,1367.9,1362.5,5.400000000000091,2.8963231392949638,3.326829762651869,-0.024009611095020346,0.7999999999999545,-0.007342683016386964,2.7000000000000455,2.819050000000061,10.480949999999893,1.0440925925925977,3.8818333333332284,False,True,10,15,60
ICICIBANK,2025-10-30,SELL,2025-10-30 14:45:00+05:30,2025-10-30 14:50:00+05:30,1361.81875,1362.3,1364.9981654481526,1362.5,1362.9,1362.1,1362.6,1364.9449343056433,1370.2,1362.4,7.7999999999999545,2.698165448152622,3.126184305643392,-0.034624514318323314,0.10000000000013642,0.007339449541277077,3.8999999999999773,0.5187499999999545,2.3812500000001364,0.13301282051280963,0.6105769230769617,False,False,14,50,335
ICICIBANK,2025-10-31,BUY,2025-10-31 09:35:00+05:30,2025-10-31 09:40:00+05:30,1361.18025,1360.6,1358.4442459366362,1360.5,1360.8,1358.9,1359.3,1358.5351556429277,1360.3,1356.0,4.2999999999999545,2.155754063363702,2.6450943570721392,0.07312395254337506,0.2999999999999545,-0.08820286659316778,2.1499999999999773,0.21975000000020373,17.880249999999933,0.10220930232567724,8.316395348837267,False,True,9,40,25
ICICIBANK,2025-11-03,SELL,2025-11-03 09:30:00+05:30,2025-11-03 09:35:00+05:30,1338.63035,1338.8,1340.9428512605546,1339.3,1342.9,1338.3,1342.4,1341.013500713877,1345.0,1340.0,5.0,2.1428512605546075,2.3831507138770576,-0.4791797494683108,1.2000000000000455,0.23146419771522542,2.5,0.33034999999995307,12.969650000000001,0.13213999999998122,5.187860000000001,False,True,9,35,20
ICICIBANK,2025-11-03,BUY,2025-11-03 10:35:00+05:30,2025-11-03 10:40:00+05:30,1346.2728,1345.8,1342.8068182499724,1345.6,1347.5,1345.3,1346.2,1343.2394745885754,1345.0,1340.0,5.0,2.9931817500275884,3.0333254114245847,0.05279059456233498,0.7999999999999545,0.04458977407848508,2.5,5.327199999999948,5.37279999999987,2.130879999999979,2.149119999999948,True,True,10,40,85
ICICIBANK,2025-11-04,SELL,2025-11-04 09:30:00+05:30,2025-11-04 09:35:00+05:30,1341.42895,1342.1,1345.8531325301205,1342.1,1343.2,1341.5,1342.9,1345.3608077382141,1349.8,1342.6,7.2000000000000455,3.753132530120638,3.9318577382141484,-0.262287825249989,0.5,0.059608076894424045,3.6000000000000227,8.22894999999994,1.7710500000000593,2.2858194444444133,0.4919583333333467,True,False,9,35,20
ICICIBANK,2025-11-06,SELL,2025-11-06 09:40:00+05:30,2025-11-06 09:45:00+05:30,1329.335,1329.7,1334.1134327291109,1330.0,1331.4,1329.2,1330.3,1333.8464082127869,1342.2,1330.0,12.200000000000045,4.413432729110809,4.511408212786819,-0.5621279820653078,0.2999999999999545,0.022556390977435115,6.100000000000023,11.934999999999945,3.365000000000009,1.956557377049164,0.5516393442622946,False,False,9,45,30
ICICIBANK,2025-11-07,BUY,2025-11-07 09:35:00+05:30,2025-11-07 09:40:00+05:30,1329.0642,1328.3,1324.2480960377707,1328.4,1329.0,1326.2,1328.8,1324.703852581331,1327.2,1318.6,8.600000000000136,4.051903962229289,4.360347418669107,0.4597130564115638,1.099999999999909,0.030111412225219958,4.300000000000068,15.235799999999927,2.8641999999999825,3.5432093023255082,0.6660930232557993,True,False,9,40,25
ICICIBANK,2025-11-10,BUY,2025-11-10 14:15:00+05:30,2025-11-10 14:20:00+05:30,1349.77455,1349.1,1344.9623855528896,1349.1,1349.6,1348.1,1349.0,1345.1234467452775,1348.3,1341.8,6.5,4.137614447110309,4.651103254722557,0.03680626127969347,0.7999999999999545,-0.007412348973379057,3.25,0.0,3.5745500000000447,0.0,1.0998615384615522,False,True,14,20,305
ICICIBANK,2025-11-11,BUY,2025-11-11 13:10:00+05:30,2025-11-11 13:15:00+05:30,1355.6775,1355.0,1351.299276037747,1355.0,1356.0,1354.9,1355.8,1351.397547610942,1354.9,1346.2,8.700000000000045,3.7007239622530506,4.279952389058053,0.040939635648867885,0.09999999999990905,0.05904059040588994,4.350000000000023,4.722500000000082,1.5775000000001,1.0856321839080592,0.3626436781609406,False,False,13,15,240
ICICIBANK,2025-11-12,SELL,2025-11-12 09:35:00+05:30,2025-11-12 09:40:00+05:30,1358.22055,1358.9,1362.5101197356048,1358.9,1360.0,1358.4,1359.2,1362.3398859891834,1370.0,1359.0,11.0,3.6101197356047123,4.119335989183355,-0.34607434953922456,0.09999999999990905,0.022076679667382137,5.5,2.820549999999912,8.979450000000043,0.5128272727272567,1.6326272727272804,False,True,9,40,25
ICICIBANK,2025-11-13,BUY,2025-11-13 09:35:00+05:30,2025-11-13 09:40:00+05:30,1370.4849,1369.9,1366.7152568308409,1369.8,1375.0,1369.8,1374.9,1367.5207216594392,1369.7,1358.5,11.200000000000045,3.184743169159219,2.964178340560693,0.8068875419941216,0.20000000000004547,0.3723171265878289,5.600000000000023,19.915100000000166,0.6848999999999705,3.5562678571428723,0.12230357142856567,True,False,9,40,25
ICICIBANK,2025-11-14,SELL,2025-11-14 10:05:00+05:30,2025-11-14 10:10:00+05:30,1373.01315,1373.5,1377.6027655119096,1373.7,1373.7,1371.8,1372.2,1377.258294532883,1381.2,1374.0,7.2000000000000455,4.102765511909638,4.245144532882932,-0.15673274339198948,0.5,-0.10919414719371412,3.6000000000000227,9.81314999999995,1.7868499999999585,2.725874999999969,0.49634722222220756,True,False,10,10,55
ICICIBANK,2025-11-17,BUY,2025-11-17 10:20:00+05:30,2025-11-17 10:25:00+05:30,1381.4904,1380.9,1378.7218649794218,1380.8,1381.2,1378.2,1379.0,1378.787833714944,1380.0,1373.6,6.400000000000091,2.1781350205783383,2.702566285055809,0.2308064160189383,0.900000000000091,-0.1303592120509789,3.2000000000000455,0.0,4.990399999999909,0.0,1.5594999999999493,False,True,10,25,70
ICICIBANK,2025-11-18,SELL,2025-11-18 15:10:00+05:30,2025-11-18 15:15:00+05:30,1371.21405,1371.9,1375.0878830216088,1371.9,1374.4,1370.7,1372.1,1374.9390721949774,1382.8,1373.0,9.799999999999955,3.187883021608741,3.7250221949773277,-0.07749869440574442,1.099999999999909,0.01457832203513032,4.899999999999977,2.114050000000134,3.185950000000048,0.4314387755102334,0.6501938775510332,False,False,15,15,360
ICICIBANK,2025-11-19,BUY,2025-11-19 10:35:00+05:30,2025-11-19 10:40:00+05:30,1377.6885,1377.2,1375.7749484563153,1377.0,1378.0,1376.4,1377.7,1375.8340999511013,1377.1,1371.6,5.5,1.4250515436847309,1.8544000488986967,0.03836205164405362,0.10000000000013642,0.05083514887436191,2.75,6.311500000000024,1.8885000000000218,2.2950909090909177,0.6867272727272806,True,False,10,40,85
ICICIBANK,2025-11-20,BUY,2025-11-20 11:05:00+05:30,2025-11-20 11:10:00+05:30,1382.99115,1382.2,1379.0986074603004,1382.3,1382.5,1380.4,1380.4,1379.1652562504719,1382.1,1375.4,6.699999999999818,3.1013925396996456,3.825893749528177,0.0725182101900927,0.10000000000013642,-0.1374520726325601,3.349999999999909,5.308849999999893,4.4911500000000615,1.5847313432835932,1.340641791044831,False,True,11,10,115
ICICIBANK,2025-11-21,SELL,2025-11-21 09:35:00+05:30,2025-11-21 09:40:00+05:30,1370.3145,1370.8,1373.0426877038674,1371.0,1371.1,1369.3,1369.8,1372.841706104423,1376.0,1371.0,5.0,2.242687703867432,2.5272061044231577,-0.20768652229494852,0.20000000000004547,-0.08752735229760056,2.5,5.714500000000044,2.1855000000000473,2.2858000000000174,0.874200000000019,True,False,9,40,25
ICICIBANK,2025-11-24,SELL,2025-11-24 09:30:00+05:30,2025-11-24 09:35:00+05:30,1367.5159,1367.6,1371.4068192164923,1368.2,1368.2,1366.5,1368.0,1370.7804848759104,1377.0,1370.0,7.0,3.8068192164923857,3.264584875910259,-0.5276918549648304,2.400000000000091,-0.01461774594357923,3.5,6.0159000000001015,7.284099999999853,1.7188285714286005,2.0811714285713867,False,True,9,35,20
ICICIBANK,2025-11-25,BUY,2025-11-25 09:30:00+05:30,2025-11-25 09:35:00+05:30,1371.4854,1370.8,1365.001180327747,1370.8,1371.2,1369.2,1370.1,1365.3025230914175,1367.9,1356.2,11.700000000000045,5.7988196722528755,6.182876908582557,0.3713554867144938,2.8999999999998636,-0.051065071491107616,5.850000000000023,5.414600000000064,17.185400000000072,0.925572649572657,2.9376752136752144,False,True,9,35,20
ICICIBANK,2025-11-26,BUY,2025-11-26 12:25:00+05:30,2025-11-26 12:30:00+05:30,1370.5849500000002,1369.9,1366.4503048706463,1369.9,1370.4,1369.1,1370.1,1366.5212808883518,1369.7,1359.9,9.799999999999955,3.449695129353813,4.0636691116483235,0.06296738292360426,0.20000000000004547,0.014599605810627914,4.899999999999977,6.415049999999837,2.884950000000117,1.3091938775509933,0.5887653061224756,False,False,12,30,195
ICICIBANK,2025-11-27,BUY,2025-11-27 09:30:00+05:30,2025-11-27 09:35:00+05:30,1388.2938,1387.6,1384.300330121547,1387.6,1387.6,1383.5,1383.5,1384.328549717798,1386.4,1375.7,10.700000000000045,3.29966987845296,3.9652502822018505,1.9516583220076276,1.199999999999818,-0.2954742000576438,5.350000000000023,5.706200000000081,5.593799999999874,1.066579439252347,1.045570093457916,False,True,9,35,20
ICICIBANK,2025-11-28,SELL,2025-11-28 11:50:00+05:30,2025-11-28 11:55:00+05:30,1388.20555,1388.9,1393.1531536405075,1388.9,1389.0,1388.0,1388.5,1393.0405878776385,1398.5,1389.0,9.5,4.253153640507435,4.83503787763857,-0.0694971711865984,0.09999999999990905,-0.02879976960185049,4.75,2.605549999999994,1.7944500000000971,0.5485368421052619,0.3777789473684415,False,False,11,55,160
ICICIBANK,2025-12-01,BUY,2025-12-01 09:30:00+05:30,2025-12-01 09:35:00+05:30,1395.6975,1395.2,1392.1662211280006,1395.0,1396.0,1394.2,1396.0,1392.831103181556,1394.8,1388.4,6.399999999999864,3.0337788719994023,2.8663968184439454,0.25164304583732,0.40000000000009095,0.07168458781361409,3.199999999999932,4.302500000000009,10.2974999999999,1.3445312500000315,3.217968750000037,False,True,9,35,20
ICICIBANK,2025-12-01,SELL,2025-12-01 14:45:00+05:30,2025-12-01 14:50:00+05:30,1386.80625,1387.5,1394.1186547041443,1387.5,1387.5,1385.4,1385.8,1393.8825892635052,1394.8,1388.4,6.399999999999864,6.618654704144319,7.076339263505133,-0.059584369257850926,0.900000000000091,-0.12252252252252793,3.199999999999932,1.40625,4.3937499999999545,0.4394531250000094,1.373046875000015,False,True,14,50,335
ICICIBANK,2025-12-02,SELL,2025-12-02 09:45:00+05:30,2025-12-02 09:50:00+05:30,1371.5139,1372.3,1374.8145440026656,1372.2,1375.7,1372.0,1375.3,1374.7702767985902,1381.8,1372.5,9.299999999999955,2.514544002665616,3.2563767985902814,-0.2465997346807244,0.20000000000004547,0.22591458970995237,4.649999999999977,0.01389999999992142,7.986100000000079,0.0029892473118110726,1.717440860215079,False,True,9,50,35
ICICIBANK,2025-12-03,BUY,2025-12-03 10:35:00+05:30,2025-12-03 10:40:00+05:30,1379.38935,1378.7,1373.7243955815657,1378.7,1378.9,1377.6,1378.7,1373.902295707676,1378.4,1367.0,11.400000000000091,4.975604418434386,5.487054292323819,0.12833863736333023,0.2999999999999545,0.0,5.7000000000000455,14.810650000000123,3.389349999999922,2.598359649122808,0.5946228070175255,True,False,10,40,85
ICICIBANK,2025-12-04,BUY,2025-12-04 09:50:00+05:30,2025-12-04 09:55:00+05:30,1390.99515,1390.3,1386.9550516186468,1390.3,1391.5,1389.2,1389.2,1387.0561993215572,1390.0,1382.5,7.5,3.344948381353106,3.9389506784427795,0.28713403464009857,0.2999999999999545,-0.07911961447168991,3.75,0.5048500000000331,11.095149999999876,0.1346266666666755,2.9587066666666337,False,True,9,55,40
ICICIBANK,2025-12-04,SELL,2025-12-04 12:45:00+05:30,2025-12-04 12:50:00+05:30,1381.6088499999998,1382.3,1386.004376314224,1382.3,1382.7,1381.7,1382.1,1385.9546175003422,1390.0,1382.5,7.5,3.704376314223964,4.34576750034239,-0.039642254352602234,0.20000000000004547,-0.014468639224485269,3.75,1.7088499999997566,6.291150000000243,0.45569333333326845,1.6776400000000649,False,True,12,50,215
ICICIBANK,2025-12-05,BUY,2025-12-05 10:00:00+05:30,2025-12-05 10:05:00+05:30,1395.0972000000002,1394.7,1388.3967370017624,1394.4,1395.3,1390.2,1391.6,1388.9913982689977,1390.0,1381.0,9.0,6.303262998237642,6.10580173100243,0.2614488805030671,4.7000000000000455,-0.20080321285141922,4.5,0.20279999999979736,8.997200000000248,0.04506666666662164,1.999377777777833,False,True,10,5,50
ICICIBANK,2025-12-08,BUY,2025-12-08 10:10:00+05:30,2025-12-08 10:15:00+05:30,1392.696,1391.9,1386.9754202079787,1392.0,1394.0,1391.8,1391.8,1387.3853636576496,1389.7,1383.3,6.400000000000091,4.9245797920214045,5.310636342350335,0.09481368449340022,2.2000000000000455,-0.014367816091953589,3.2000000000000455,2.2040000000001783,9.395999999999958,0.6887500000000459,2.936249999999945,False,True,10,15,60
ICICIBANK,2025-12-08,BUY,2025-12-08 15:05:00+05:30,2025-12-08 15:10:00+05:30,1390.8951,1390.2,1388.8004073448683,1390.2,1390.8,1389.6,1390.3,1388.8530739242265,1389.7,1383.3,6.400000000000091,1.3995926551317552,2.0420260757734923,0.027021029981595415,0.5,0.007193209610112383,3.2000000000000455,0.0,5.095100000000002,0.0,1.592218749999978,False,True,15,10,355
ICICIBANK,2025-12-09,SELL,2025-12-09 11:40:00+05:30,2025-12-09 11:45:00+05:30,1375.21205,1375.7,1380.6566923889561,1375.9,1376.4,1374.5,1375.0,1380.5231797578476,1384.3,1376.9,7.399999999999864,4.956692388956071,5.311129757847539,-0.07239112461652544,1.2000000000000455,-0.06541173050367277,3.699999999999932,1.8120499999999993,3.1879500000000007,0.4897432432432521,0.8616081081081242,False,False,11,45,150
ICICIBANK,2025-12-10,SELL,2025-12-10 11:30:00+05:30,2025-12-10 11:35:00+05:30,1369.5149,1370.4,1375.321357144623,1370.2,1370.5,1369.1,1369.7,1375.0701561384617,1379.0,1370.5,8.5,4.921357144623016,5.5552561384618,-0.0895479920071983,0.09999999999990905,-0.036491023208296,4.25,11.614899999999807,2.5851000000000113,2.732917647058778,0.6082588235294144,True,False,11,35,140
ICICIBANK,2025-12-11,SELL,2025-12-11 09:35:00+05:30,2025-12-11 09:40:00+05:30,1356.02165,1356.7,1361.1762981906165,1356.7,1357.3,1355.1,1356.4,1360.7378094285793,1366.6,1359.8,6.7999999999999545,4.47629819061649,4.716159428579431,-0.42768977340286035,3.099999999999909,-0.022112478808866687,3.3999999999999773,3.221649999999954,9.57835,0.9475441176470517,2.8171617647059013,False,True,9,40,25
ICICIBANK,2025-12-12,SELL,2025-12-12 10:25:00+05:30,2025-12-12 10:30:00+05:30,1363.61785,1364.4,1366.990725331354,1364.3,1366.2,1364.1,1366.2,1366.9546218039657,1368.9,1364.6,4.300000000000182,2.5907253313539513,3.3367718039655756,-0.023726110087926217,0.1999999999998181,0.13926555742871383,2.150000000000091,0.0,7.082149999999956,0.0,3.294023255813794,False,True,10,30,75
ICICIBANK,2025-12-12,SELL,2025-12-12 13:25:00+05:30,2025-12-12 13:30:00+05:30,1363.81775,1364.3,1366.9464204854528,1364.5,1364.7,1364.1,1364.7,1366.9116311064051,1368.9,1364.6,4.300000000000182,2.646420485452836,3.093881106405206,-0.019685834323349492,0.2999999999999545,0.01465738365702407,2.150000000000091,0.017749999999978172,3.0822500000001583,0.00825581395347787,1.4336046511628036,False,True,13,30,255
ICICIBANK,2025-12-15,BUY,2025-12-15 12:30:00+05:30,2025-12-15 12:35:00+05:30,1369.18425,1369.1,1364.3048300929001,1368.5,1369.2,1368.2,1368.4,1364.3748890089314,1369.0,1356.1,12.900000000000091,4.795169907099762,4.8093609910686155,0.10853508087660171,0.09999999999990905,-0.007307270734369098,6.4500000000000455,0.015750000000025466,4.68425000000002,0.00244186046512021,0.7262403100775173,False,False,12,35,200
ICICIBANK,2025-12-16,SELL,2025-12-16 09:35:00+05:30,2025-12-16 09:40:00+05:30,1355.62185,1356.4,1359.9503003830225,1356.3,1358.1,1355.7,1358.1,1359.7472016387303,1367.1,1357.0,10.099999999999909,3.5503003830224316,4.125351638730308,-0.7527102235951966,0.599999999999909,0.13271400132712774,5.0499999999999545,0.0,13.07815000000005,0.0,2.5897326732673602,False,True,9,40,25
ICICIBANK,2025-12-17,SELL,2025-12-17 09:40:00+05:30,2025-12-17 09:45:00+05:30,1348.3255,1349.0,1353.515895494491,1349.0,1349.3,1346.0,1346.5,1352.451402833085,1365.0,1351.1,13.900000000000091,4.5158954944909055,4.125902833085092,-0.420830583732452,2.099999999999909,-0.18532246108228234,6.9500000000000455,5.225500000000011,6.574500000000171,0.7518705035971189,0.9459712230216012,False,False,9,45,30
ICICIBANK,2025-12-18,BUY,2025-12-18 09:55:00+05:30,2025-12-18 10:00:00+05:30,1353.57645,1352.9,1349.4176585543012,1352.9,1354.4,1352.0,1354.2,1349.7218096609624,1351.9,1345.5,6.400000000000091,3.4823414456989212,3.854640339037587,0.10485770819722671,1.0,0.09608988099636395,3.2000000000000455,15.923549999999977,1.5764500000000226,4.976109374999922,0.49264062500000005,True,False,10,0,45
ICICIBANK,2025-12-19,SELL,2025-12-19 11:45:00+05:30,2025-12-19 11:50:00+05:30,1351.1241,1351.8,1356.2618745168606,1351.8,1352.7,1351.5,1351.8,1356.1702955253488,1360.4,1352.2,8.200000000000045,4.461874516860689,5.046195525348821,-0.09270422883298278,0.40000000000009095,0.0,4.100000000000023,0.2240999999999076,5.9758999999999105,0.05465853658534301,1.4575365853658238,False,True,11,50,155
ICICIBANK,2025-12-22,BUY,2025-12-22 10:00:00+05:30,2025-12-22 10:05:00+05:30,1365.18225,1364.5,1360.630542924651,1364.5,1364.5,1364.0,1364.0,1360.9478952999411,1363.0,1354.8,8.200000000000045,3.869457075348919,4.23435470005893,0.2402863666977852,1.5,-0.03664345914253797,4.100000000000023,6.117749999999887,5.382250000000113,1.4921341463414277,1.3127439024390446,False,True,10,5,50
ICICIBANK,2025-12-23,SELL,2025-12-23 09:40:00+05:30,2025-12-23 09:45:00+05:30,1359.7198,1360.4,1362.4289290883264,1360.4,1361.5,1360.1,1360.7,1362.2165846234586,1365.0,1361.1,3.900000000000091,2.028929088326322,2.4967846234585522,-0.22527156089426245,0.6999999999998181,0.02205233754777325,1.9500000000000455,2.7198000000000775,4.980199999999968,1.394769230769238,2.553948717948642,False,True,9,45,30
ICICIBANK,2025-12-24,BUY,2025-12-24 09:40:00+05:30,2025-12-24 09:45:00+05:30,1367.6835,1367.0,1364.506099224888,1367.0,1367.2,1367.0,1367.0,1364.8805775835401,1365.7,1359.6,6.100000000000136,2.4939007751120243,2.802922416459978,0.3233343901020047,1.2999999999999545,0.0,3.050000000000068,0.5164999999999509,10.083500000000186,0.16934426229506208,3.3060655737704785,False,True,9,45,30
ICICIBANK,2025-12-24,SELL,2025-12-24 13:20:00+05:30,2025-12-24 13:25:00+05:30,1358.82025,1359.4,1363.8493386261234,1359.5,1360.9,1358.9,1360.1,1363.7227651421854,1365.7,1359.6,6.100000000000136,4.449338626123335,4.902515142185393,-0.10514949442644794,0.1999999999998181,0.044133872747331715,3.050000000000068,1.2202500000000782,4.979749999999967,0.40008196721313144,1.6327049180327395,False,True,13,25,250
ICICIBANK,2025-12-26,SELL,2025-12-26 09:30:00+05:30,2025-12-26 09:35:00+05:30,1355.322,1356.0,1358.1638510508824,1356.0,1356.4,1354.7,1354.7,1357.7246710352133,1362.0,1356.5,5.5,2.1638510508823856,2.402671035213416,-0.5017849114603767,0.5,-0.09587020648966771,2.75,6.821999999999889,2.9780000000000655,2.4807272727272323,1.0829090909091148,True,True,9,35,20
ICICIBANK,2025-12-29,SELL,2025-12-29 09:50:00+05:30,2025-12-29 09:55:00+05:30,1348.02565,1348.8,1351.412670464056,1348.7,1349.4,1348.1,1348.8,1351.2439929922532,1355.7,1349.1,6.600000000000136,2.6126704640560092,3.218342992253156,-0.07257789069821137,0.2999999999999545,0.007414547341877409,3.300000000000068,6.5256500000000415,3.674350000000004,1.9774696969696686,1.113439393939372,False,True,9,55,40
ICICIBANK,2025-12-30,SELL,2025-12-30 10:40:00+05:30,2025-12-30 10:45:00+05:30,1340.02965,1340.5,1343.2332578066018,1340.7,1342.0,1340.3,1342.0,1343.1705100663273,1345.9,1341.4,4.5,2.7332578066018414,3.1408600663273774,0.01782747302131318,0.900000000000091,0.09696427239500593,2.25,1.9296500000000378,7.070349999999962,0.857622222222239,3.142377777777761,False,True,10,45,90
ICICIBANK,2025-12-31,SELL,2025-12-31 10:20:00+05:30,2025-12-31 10:25:00+05:30,1341.22905,1341.5,1343.8507616057095,1341.9,1342.2,1340.1,1341.0,1343.5738438385897,1347.9,1341.8,6.100000000000136,2.350761605709522,2.344793838589794,-0.1054994978809056,0.2999999999999545,-0.06706908115359234,3.050000000000068,1.7290499999999156,8.770950000000084,0.566901639344222,2.875721311475373,False,True,10,25,70
ICICIBANK,2025-12-31,BUY,2025-12-31 14:35:00+05:30,2025-12-31 14:40:00+05:30,1349.17425,1348.6,1344.4654810408254,1348.5,1350.0,1348.1,1349.6,1344.5827736567455,1347.9,1341.8,6.100000000000136,4.134518959174557,4.591476343254499,0.09446859070531449,0.6999999999998181,0.0815721171672168,3.050000000000068,0.8257499999999709,7.674250000000029,0.2707377049180172,2.51614754098356,False,True,14,40,325
ICICIBANK,2026-01-01,BUY,2026-01-01 09:40:00+05:30,2026-01-01 09:45:00+05:30,1348.4739,1347.8,1346.0935443163407,1347.8,1348.3,1346.4,1347.3,1346.2459626119487,1347.7,1343.0,4.7000000000000455,1.7064556836592146,2.2279373880512594,0.13569726927600914,0.09999999999990905,-0.03709749220952574,2.3500000000000227,0.0,12.473899999999958,0.0,5.30804255319142,False,True,9,45,30
ICICIBANK,2026-01-01,SELL,2026-01-01 11:30:00+05:30,2026-01-01 11:35:00+05:30,1342.02865,1342.7,1345.2424890259238,1342.7,1343.4,1342.3,1342.8,1345.2065434106544,1347.7,1343.0,4.7000000000000455,2.5424890259237145,3.1778934106544057,-0.05603994497722366,0.2999999999999545,0.007447680047656391,2.3500000000000227,6.0286499999999705,1.3713500000001204,2.565382978723367,0.5835531914894073,True,False,11,35,140
ICICIBANK,2026-01-02,BUY,2026-01-02 09:30:00+05:30,2026-01-02 09:35:00+05:30,1343.57145,1343.8,1341.368489309809,1342.9,1345.2,1342.9,1345.0,1341.771546785433,1343.4,1336.3,7.100000000000136,2.431510690190862,1.799903214566939,0.4062131632726633,0.3999999999998636,0.15637798793655122,3.550000000000068,13.328550000000178,3.0714499999999134,3.754521126760541,0.8651971830985505,True,False,9,35,20
ICICIBANK,2026-01-05,BUY,2026-01-05 09:55:00+05:30,2026-01-05 10:00:00+05:30,1370.78505,1369.8,1365.2965695083321,1370.1,1370.5,1368.9,1369.3,1365.5271886390763,1369.6,1352.6,17.0,4.503430491667814,5.257861360923698,0.31270556478130507,0.20000000000004547,-0.05838989854755061,8.5,4.714950000000044,6.685050000000047,0.5547000000000052,0.7864764705882408,False,False,10,0,45
ICICIBANK,2026-01-06,BUY,2026-01-06 09:30:00+05:30,2026-01-06 09:35:00+05:30,1405.40235,1404.7,1389.5324410443523,1404.7,1410.9,1403.3,1404.3,1392.749939884038,1396.4,1366.0,30.40000000000009,15.167558955647792,12.652410115962084,2.445176729355749,8.299999999999955,-0.02847583113833041,15.200000000000045,8.19764999999984,3.702350000000024,0.5393190789473562,0.2435756578947377,False,False,9,35,20
ICICIBANK,2026-01-07,BUY,2026-01-07 09:40:00+05:30,2026-01-07 09:45:00+05:30,1415.20725,1414.5,1409.9025755012144,1414.5,1417.4,1413.9,1415.2,1410.2334899515715,1413.2,1404.2,9.0,4.5974244987855855,4.973760048428403,0.16995241579803025,1.2999999999999545,0.04948745139625732,4.5,14.69275000000016,2.607250000000022,3.265055555555591,0.5793888888888937,True,False,9,45,30
ICICIBANK,2026-01-08,BUY,2026-01-08 09:30:00+05:30,2026-01-08 09:35:00+05:30,1439.7195,1438.4,1434.9011093232605,1439.0,1440.5,1437.5,1438.2,1435.9186381622694,1438.0,1423.3,14.700000000000045,3.49889067673962,3.8008618377305083,0.6211574818037284,0.40000000000009095,-0.05559416261292638,7.350000000000023,2.48050000000012,10.219499999999925,0.3374829931972942,1.3904081632652916,False,True,9,35,20
ICICIBANK,2026-01-09,SELL,2026-01-09 09:45:00+05:30,2026-01-09 09:50:00+05:30,1413.59285,1414.3,1420.1101444805474,1414.3,1415.9,1413.9,1415.0,1419.8810442178633,1429.5,1417.2,12.299999999999955,5.8101444805474785,6.288194217863293,-0.36574182758289586,2.900000000000091,0.04949444955102411,6.149999999999977,12.092849999999999,2.9071500000000015,1.9663170731707387,0.4727073170731727,False,False,9,50,35
ICICIBANK,2026-01-12,BUY,2026-01-12 10:00:00+05:30,2026-01-12 10:05:00+05:30,1403.5014,1402.7,1396.529535818522,1402.8,1404.0,1399.8,1402.7,1397.0710532764847,1400.1,1391.7,8.399999999999864,6.17046418147811,6.430346723515413,0.20197199273233565,2.6000000000001364,-0.007128599942962666,4.199999999999932,20.79859999999985,3.701400000000149,4.952047619047664,0.8812857142857641,True,False,10,5,50
ICICIBANK,2026-01-13,BUY,2026-01-13 10:05:00+05:30,2026-01-13 10:10:00+05:30,1425.21225,1424.4,1418.1125101468187,1424.5,1424.9,1422.1,1422.7,1418.4734846372487,1423.0,1412.2,10.799999999999955,6.2874898531813415,6.738765362751337,0.1357940218369215,1.400000000000091,-0.1263601263601255,5.399999999999977,16.587749999999915,4.112250000000131,3.0718055555555526,0.7615277777778052,True,False,10,10,55
ICICIBANK,2026-01-14,SELL,2026-01-14 10:05:00+05:30,2026-01-14 10:10:00+05:30,1422.0886,1422.8,1434.548558367429,1422.8,1423.0,1420.6,1421.1,1434.1212269686634,1443.9,1425.1,18.800000000000182,11.748558367429041,12.032626968663408,-0.517671383054635,2.2999999999999545,-0.11948271014901035,9.400000000000091,7.188599999999951,9.711399999999912,0.7647446808510513,1.0331276595744487,False,True,10,10,55
ICICIBANK,2026-01-16,BUY,2026-01-16 10:35:00+05:30,2026-01-16 10:40:00+05:30,1420.71,1420.1,1414.0873623505247,1420.0,1420.2,1417.9,1418.3,1414.2415861474076,1419.7,1409.1,10.600000000000136,6.012637649475209,6.468413852592448,0.23399764019310867,0.3999999999998636,-0.11971830985916254,5.300000000000068,8.289999999999964,20.50999999999999,1.5641509433961993,3.8698113207546654,False,True,10,40,85
ICICIBANK,2026-01-16,SELL,2026-01-16 15:10:00+05:30,2026-01-16 15:15:00+05:30,1407.59585,1408.3,1413.2103365318758,1408.3,1410.8,1407.9,1410.5,1413.1311476241679,1419.7,1409.1,10.600000000000136,4.910336531875828,5.535297624167924,-0.03472769831741405,0.7999999999999545,0.15621671518852853,5.300000000000068,0.0,21.404150000000072,0.0,4.03851886792449,False,True,15,15,360
ICICIBANK,2026-01-19,SELL,2026-01-19 10:05:00+05:30,2026-01-19 10:10:00+05:30,1361.41895,1362.3,1374.7558482845702,1362.1,1364.4,1361.1,1362.3,1374.3452373458265,1400.0,1364.3,35.700000000000045,12.455848284570266,12.926287345826495,-0.36553111245271863,2.0,0.0146832097496441,17.850000000000023,1.4189499999999953,24.481050000000096,0.07949299719887919,1.3714873949579869,False,True,10,10,55
ICICIBANK,2026-01-20,BUY,2026-01-20 09:30:00+05:30,2026-01-20 09:35:00+05:30,1384.79205,1384.1,1376.607184112843,1384.1,1384.1,1382.0,1383.3,1377.0689923450627,1378.7,1371.6,7.100000000000136,7.492815887156894,7.723057654937293,0.3803606683598394,5.399999999999864,-0.05779929195867117,3.550000000000068,3.007949999999937,13.292050000000017,0.8473098591548955,3.7442394366196514,False,True,9,35,20
ICICIBANK,2026-01-21,SELL,2026-01-21 09:30:00+05:30,2026-01-21 09:35:00+05:30,1355.42195,1356.1,1360.2070389782923,1356.1,1357.0,1354.1,1354.1,1359.9935932692092,1371.5,1357.0,14.5,4.107038978292394,4.571643269209289,-1.537049168675282,0.900000000000091,-0.14748174913354894,7.25,15.921949999999924,4.778050000000121,2.196131034482748,0.6590413793103616,True,False,9,35,20
ICICIBANK,2026-01-22,SELL,2026-01-22 10:25:00+05:30,2026-01-22 10:30:00+05:30,1344.82725,1346.0,1350.6510512116527,1345.5,1346.3,1342.8,1345.8,1350.0014498911066,1358.0,1347.5,10.5,4.651051211652657,5.174199891106582,-0.15657179081881947,1.5,0.022296544035671495,5.25,6.827250000000049,3.77274999999986,1.3004285714285808,0.718619047619021,False,False,10,30,75
ICICIBANK,2026-01-23,SELL,2026-01-23 09:30:00+05:30,2026-01-23 09:35:00+05:30,1338.1306,1338.6,1341.2519260127328,1338.8,1338.9,1337.0,1337.9,1340.8716785261151,1345.6,1339.1,6.5,2.651926012732929,2.7410785261151887,-0.27661734516252207,0.5,-0.0672243800418193,3.25,2.430599999999913,17.069400000000087,0.7478769230768963,5.2521230769231035,False,True,9,35,20
ICICIBANK,2026-01-23,BUY,2026-01-23 11:10:00+05:30,2026-01-23 11:15:00+05:30,1346.57295,1346.0,1340.7130574497373,1345.9,1345.9,1344.7,1344.8,1340.8182754237253,1345.6,1339.1,6.5,5.2869425502626655,5.754674576274738,0.1354256211967951,0.40000000000009095,-0.08172969760013027,3.25,8.627050000000054,6.972950000000083,2.6544769230769396,2.1455230769231024,True,True,11,15,120
ICICIBANK,2026-01-27,BUY,2026-01-27 12:55:00+05:30,2026-01-27 13:00:00+05:30,1353.0762000000002,1352.5,1341.6803715835447,1352.4,1354.7,1351.9,1353.4,1342.030553662823,1351.3,1331.3,20.0,10.819628416455316,11.045646337177232,0.18905604388181516,1.2000000000000455,0.07394262052646816,10.0,16.02379999999971,1.97620000000029,1.602379999999971,0.197620000000029,False,False,13,0,225
ICICIBANK,2026-01-29,BUY,2026-01-29 10:10:00+05:30,2026-01-29 10:15:00+05:30,1364.4819,1363.9,1356.9818210289416,1363.8,1364.8,1362.2,1363.7,1357.2802876529886,1363.1,1355.2,7.899999999999864,6.9181789710585235,7.201612347011405,0.06260488976958276,0.8000000000001819,-0.007332453438912978,3.949999999999932,23.21810000000005,2.2818999999999505,5.878000000000114,0.577696202531643,True,False,10,15,60
ICICIBANK,2026-01-30,SELL,2026-01-30 11:05:00+05:30,2026-01-30 11:10:00+05:30,1363.7178,1364.6,1373.0625794276418,1364.4,1365.9,1364.2,1364.9,1372.9793001133435,1381.9,1368.2,13.700000000000045,8.462579427641913,9.261500113343573,-0.10059548932822869,3.6000000000001364,0.03664614482556949,6.850000000000023,10.517799999999852,2.1822000000001935,1.5354452554744258,0.3185693430657206,False,False,11,10,115
ICICIBANK,2026-02-01,SELL,2026-02-01 09:30:00+05:30,2026-02-01 09:35:00+05:30,1349.5249,1350.5,1354.108280972075,1350.2,1351.5,1348.8,1350.0,1353.3970544835138,1359.9,1351.0,8.900000000000091,3.6082809720749083,3.8721544835138957,-0.41051304761620083,0.5,-0.014812620352544492,4.4500000000000455,20.724899999999934,16.375100000000202,4.657280898876342,3.6797977528089967,True,True,9,35,20
ICICIBANK,2026-02-01,BUY,2026-02-01 11:05:00+05:30,2026-02-01 11:10:00+05:30,1363.18125,1363.1,1354.0855830219145,1362.5,1362.9,1360.4,1360.9,1354.1843697439597,1359.9,1351.0,8.900000000000091,9.014416978085364,8.996880256040413,0.17948977281208264,3.199999999999818,-0.11743119266054425,4.4500000000000455,2.71875,34.381250000000136,0.6109550561797691,7.72612359550557,False,True,11,10,115
ICICIBANK,2026-02-01,SELL,2026-02-01 12:40:00+05:30,2026-02-01 12:45:00+05:30,1346.22655,1347.8,1354.702234338121,1346.9,1350.6,1344.5,1345.9,1354.5743844413057,1359.9,1351.0,8.900000000000091,6.902234338120934,8.347834441305622,-0.2667461334684638,3.2000000000000455,-0.07424456158586779,4.4500000000000455,17.426550000000134,5.873449999999821,3.916078651685383,1.3198764044943283,True,True,12,45,210
ICICIBANK,2026-02-02,BUY,2026-02-02 09:45:00+05:30,2026-02-02 09:50:00+05:30,1346.673,1346.0,1340.3459569180363,1346.0,1346.0,1344.0,1345.5,1340.632857902528,1343.2,1329.1,14.100000000000136,5.654043081963664,6.040142097471971,0.4115528535237406,2.7999999999999545,-0.03714710252600284,7.050000000000068,7.727000000000089,10.472999999999956,1.0960283687943282,1.4855319148935964,False,True,9,50,35
ICICIBANK,2026-02-05,SELL,2026-02-05 13:55:00+05:30,2026-02-05 14:00:00+05:30,1400.99915,1401.7,1406.3179682080472,1401.7,1402.1,1400.7,1401.9,1406.1242725599504,1414.0,1402.2,11.799999999999955,4.617968208047159,5.125122559950341,-0.09842936695222328,0.5,0.014268388385541009,5.899999999999977,7.699150000000145,1.1008499999998094,1.3049406779661312,0.18658474576268028,False,False,14,0,285
ICICIBANK,2026-02-06,SELL,2026-02-06 12:05:00+05:30,2026-02-06 12:10:00+05:30,1394.4024499999998,1395.0,1401.1962282316076,1395.1,1395.8,1394.7,1395.6,1401.1533849226018,1406.9,1396.7,10.200000000000045,6.19622823160762,6.750934922602028,-0.08864079422931548,1.7000000000000455,0.03583972475091901,5.100000000000023,0.0,16.097550000000183,0.0,3.1563823529411983,False,True,12,10,175
ICICIBANK,2026-02-09,SELL,2026-02-09 10:15:00+05:30,2026-02-09 10:20:00+05:30,1398.3005,1398.6,1403.2968260980135,1399.0,1399.9,1397.1,1398.3,1402.9310216813192,1414.0,1400.0,14.0,4.6968260980136165,4.630521681319124,-0.11345841459368328,1.400000000000091,-0.05003573981415821,7.0,9.500500000000102,1.899499999999989,1.3572142857143004,0.2713571428571413,False,False,10,20,65
ICICIBANK,2026-02-10,SELL,2026-02-10 09:45:00+05:30,2026-02-10 09:50:00+05:30,1395.302,1396.0,1400.0484615579398,1396.0,1397.5,1395.5,1396.2,1399.7645585590599,1402.6,1396.3,6.2999999999999545,4.048461557939845,4.462558559059971,-0.16932783805106738,0.2999999999999545,0.014326647564466555,3.1499999999999773,0.0,14.198000000000093,0.0,4.507301587301649,False,True,9,50,35
ICICIBANK,2026-02-10,BUY,2026-02-10 13:00:00+05:30,2026-02-10 13:05:00+05:30,1405.5024,1404.8,1400.581483752659,1404.8,1406.6,1404.1,1405.8,1400.956195168956,1402.6,1396.3,6.2999999999999545,4.218516247340858,4.546204831044179,0.34721158955401693,2.2000000000000455,0.07118451025056594,3.1499999999999773,3.9975999999999203,6.00240000000008,1.269079365079349,1.9055238095238485,False,True,13,5,230
ICICIBANK,2026-02-11,SELL,2026-02-11 09:35:00+05:30,2026-02-11 09:40:00+05:30,1402.19855,1402.9,1407.9120920714283,1402.9,1403.8,1402.3,1402.8,1407.611685291947,1413.0,1405.0,8.0,5.012092071428242,5.413135291946901,-0.12368738408436401,2.099999999999909,-0.007128091809827097,4.0,1.7985499999999774,6.801449999999932,0.44963749999999436,1.700362499999983,False,True,9,40,25
ICICIBANK,2026-02-12,BUY,2026-02-12 09:30:00+05:30,2026-02-12 09:35:00+05:30,1424.01165,1423.0,1418.6305039338308,1423.3,1425.4,1421.2,1424.3,1419.1832548231198,1422.7,1405.3,17.40000000000009,4.369496066169177,4.828395176880122,1.8085934126217562,0.2999999999999545,0.07025925665706811,8.700000000000045,8.988350000000082,3.3116499999998723,1.0331436781609236,0.38064942528733964,False,False,9,35,20
ICICIBANK,2026-02-13,SELL,2026-02-13 10:30:00+05:30,2026-02-13 10:35:00+05:30,1420.8891999999998,1421.6,1427.9802083724785,1421.6,1422.4,1420.7,1422.1,1427.7493148301276,1434.4,1425.0,9.400000000000091,6.380208372478592,6.8601148301277135,-0.04282813072379545,3.400000000000091,0.03517163759143571,4.7000000000000455,10.1891999999998,1.710800000000063,2.167914893616958,0.36400000000000987,True,False,10,35,80
ICICIBANK,2026-02-16,BUY,2026-02-16 14:45:00+05:30,2026-02-16 14:50:00+05:30,1413.7065,1412.6,1408.4932437718546,1413.0,1413.0,1411.1,1411.5,1408.5175353633697,1411.7,1400.5,11.200000000000045,4.1067562281452865,5.188964636630317,0.03722236074726397,0.8999999999998636,-0.10615711252653925,5.600000000000023,0.29349999999999454,4.3064999999999145,0.052410714285713096,0.7690178571428388,False,False,14,50,335
ICICIBANK,2026-02-17,SELL,2026-02-17 09:30:00+05:30,2026-02-17 09:35:00+05:30,1393.80275,1394.4,1400.085202150212,1394.5,1396.3,1393.7,1396.1,1399.6021090307745,1413.6,1395.0,18.59999999999991,5.685202150211808,5.79935903077444,-1.7214825709991173,0.599999999999909,0.11473646468267429,9.299999999999955,0.10275000000001455,16.59725000000003,0.011048387096775813,1.7846505376344206,False,True,9,35,20
ICICIBANK,2026-02-18,SELL,2026-02-18 10:40:00+05:30,2026-02-18 10:45:00+05:30,1400.2995,1401.0,1403.2088119652024,1401.0,1401.7,1400.6,1401.5,1403.176761011125,1412.3,1401.3,11.0,2.208811965202358,2.8772610111250287,-0.12597082148683444,0.2999999999999545,0.035688793718779976,5.5,1.399499999999989,9.70049999999992,0.2544545454545435,1.7637272727272582,False,True,10,45,90
ICICIBANK,2026-02-19,SELL,2026-02-19 10:10:00+05:30,2026-02-19 10:15:00+05:30,1402.2985,1403.4,1405.8674234594932,1403.0,1403.7,1402.3,1402.6,1405.7697132848596,1412.3,1403.5,8.799999999999955,2.4674234594931477,3.4712132848594592,-0.09147358120644411,0.09999999999990905,-0.028510334996445508,4.399999999999977,17.49850000000015,1.4014999999999418,3.9769318181818725,0.3185227272727157,True,False,10,15,60
ICICIBANK,2026-02-20,BUY,2026-02-20 09:55:00+05:30,2026-02-20 10:00:00+05:30,1396.79805,1395.8,1392.0023341933618,1396.1,1396.9,1395.1,1396.5,1392.2460099645139,1395.7,1384.0,11.700000000000045,3.7976658066381788,4.552040035486243,0.18926580781074084,0.09999999999990905,0.02865124274766817,5.850000000000023,6.9019499999999425,4.5980500000000575,1.1798205128204984,0.7859914529914598,False,False,10,0,45
ICICIBANK,2026-02-23,BUY,2026-02-23 09:30:00+05:30,2026-02-23 09:35:00+05:30,1405.80255,1405.2,1402.8796015030125,1405.1,1406.2,1404.0,1404.3,1403.2407193155814,1405.0,1395.3,9.700000000000045,2.3203984969875364,2.5618306844187373,0.8971444396068792,0.20000000000004547,-0.05693544943420337,4.850000000000023,2.4974499999998443,10.102550000000065,0.5149381443298624,2.0830000000000037,False,True,9,35,20
ICICIBANK,2026-02-24,SELL,2026-02-24 10:20:00+05:30,2026-02-24 10:25:00+05:30,1392.60335,1393.2,1396.3135529171284,1393.3,1395.0,1392.5,1394.6,1396.2747048832668,1400.9,1393.3,7.600000000000136,3.113552917128345,3.6713548832667584,-0.0465183830228161,0.09999999999990905,0.09330366755184727,3.800000000000068,10.303350000000137,2.596649999999954,2.7114078947368294,0.6833289473683968,True,False,10,25,70
ICICIBANK,2026-02-25,BUY,2026-02-25 09:35:00+05:30,2026-02-25 09:40:00+05:30,1400.4999,1399.8,1396.298963702765,1399.8,1400.0,1398.3,1400.0,1396.3780636084985,1398.1,1388.2,9.899999999999864,3.501036297235032,4.121836391501574,0.7642051044112923,1.7000000000000455,0.014287755393627144,4.949999999999932,6.900100000000066,5.999900000000025,1.3939595959596285,1.2121010101010319,False,True,9,40,25
ICICIBANK,2026-02-26,BUY,2026-02-26 14:55:00+05:30,2026-02-26 15:00:00+05:30,1409.00415,1408.3,1402.8229539892682,1408.3,1410.0,1403.7,1403.9,1403.173176006923,1408.0,1392.9,15.099999999999909,5.477046010731783,5.830973993076896,0.11317590666476343,0.2999999999999545,-0.31243343037704596,7.5499999999999545,0.9958500000000186,8.404150000000072,0.1319006622516589,1.1131324503311422,False,True,15,0,345
ICICIBANK,2026-02-27,SELL,2026-02-27 10:15:00+05:30,2026-02-27 10:20:00+05:30,1391.60385,1392.3,1397.2143151382631,1392.3,1393.2,1392.1,1392.6,1397.0142560015017,1402.2,1394.3,7.900000000000091,4.914315138263191,5.410406001501769,-0.14891408135447887,2.0,0.021547080370609706,3.9500000000000455,14.90384999999992,2.4961499999999432,3.7731265822784175,0.6319367088607378,True,False,10,20,65
ICICIBANK,2026-03-02,BUY,2026-03-02 15:15:00+05:30,2026-03-02 15:20:00+05:30,1379.38935,1378.5,1369.2328717079208,1378.7,1378.7,1374.4,1374.8,1369.4625573034675,1377.6,1355.0,22.59999999999991,9.267128292079178,9.926792696532402,0.4157694219460575,0.900000000000091,-0.28287517226373016,11.299999999999955,0.0,6.189349999999877,0.0,0.5477300884955665,False,False,15,20,365
ICICIBANK,2026-03-04,BUY,2026-03-04 13:40:00+05:30,2026-03-04 13:45:00+05:30,1361.18025,1360.5,1350.4829703662213,1360.5,1361.6,1360.3,1360.8,1350.6839739746074,1358.3,1326.0,32.299999999999955,10.017029633778748,10.49627602539249,0.27919728569829766,2.2000000000000455,0.022050716648291946,16.149999999999977,14.819750000000113,1.3802499999999327,0.9176315789473767,0.08546439628482567,False,False,13,45,270
ICICIBANK,2026-03-05,BUY,2026-03-05 11:05:00+05:30,2026-03-05 11:10:00+05:30,1370.38485,1369.7,1361.4414542845304,1369.7,1370.8,1368.9,1368.9,1361.8341944715812,1368.9,1355.0,13.900000000000091,8.258545715469609,8.550655528418702,0.330896578274277,0.7999999999999545,-0.05840695042709232,6.9500000000000455,0.41515000000003965,22.784850000000006,0.0597338129496456,3.278395683453217,False,True,11,10,115
ICICIBANK,2026-03-05,SELL,2026-03-05 13:15:00+05:30,2026-03-05 13:20:00+05:30,1353.9226999999998,1354.2,1360.1648408080428,1354.6,1354.9,1353.2,1354.2,1360.1208631218594,1368.9,1355.0,13.900000000000091,5.964840808042709,6.198163121859579,-0.129789215670292,0.7999999999999545,-0.029529012254525533,6.9500000000000455,6.322699999999941,9.277300000000196,0.9097410071942301,1.3348633093525375,False,True,13,20,245
ICICIBANK,2026-03-06,SELL,2026-03-06 13:45:00+05:30,2026-03-06 13:50:00+05:30,1319.5399,1320.2,1326.8978833496565,1320.2,1320.2,1318.2,1318.5,1326.6864489302754,1357.6,1320.3,37.299999999999955,6.697883349656422,7.146548930275458,-0.09454281512759537,0.09999999999990905,-0.12876836842903305,18.649999999999977,9.139899999999898,0.7600999999999658,0.4900750670241238,0.040756032171579984,False,False,13,50,275
ICICIBANK,2026-03-10,BUY,2026-03-10 10:15:00+05:30,2026-03-10 10:20:00+05:30,1302.651,1301.9,1294.625792297499,1302.0,1302.5,1298.0,1299.3,1294.723543679163,1299.5,1285.6,13.900000000000091,7.274207702501144,7.927456320837109,0.04923063125255004,2.400000000000091,-0.20737327188939947,6.9500000000000455,12.348999999999933,4.651000000000067,1.7768345323740795,0.6692086330935305,False,False,10,20,65
ICICIBANK,2026-03-11,SELL,2026-03-11 10:05:00+05:30,2026-03-11 10:10:00+05:30,1296.1516,1296.8,1300.1986293782722,1296.8,1298.0,1296.5,1297.2,1300.0149478188775,1306.5,1297.0,9.5,3.3986293782722896,3.863347818877628,-0.05217286540052251,0.20000000000004547,0.03084515731031079,4.75,5.251599999999826,7.748400000000174,1.1055999999999633,1.6312421052631947,False,True,10,10,55
ICICIBANK,2026-03-12,BUY,2026-03-12 10:35:00+05:30,2026-03-12 10:40:00+05:30,1278.0387,1277.5,1269.510561125202,1277.4,1278.0,1274.0,1274.3,1269.607879448224,1276.7,1258.3,18.40000000000009,7.989438874797997,8.43082055177615,0.08361457631280458,0.7999999999999545,-0.24268044465320937,9.200000000000045,2.4612999999999374,14.638699999999972,0.26753260869564405,1.59116304347825,False,True,10,40,85
ICICIBANK,2026-03-13,BUY,2026-03-13 11:30:00+05:30,2026-03-13 11:35:00+05:30,1258.8291000000002,1258.2,1252.8964662103997,1258.2,1260.5,1258.0,1260.4,1253.0484944641137,1256.7,1250.0,6.7000000000000455,5.303533789600351,5.78060553588648,0.102392451953838,1.5,0.17485296455252985,3.3500000000000227,3.4708999999998014,9.429100000000062,1.0360895522387397,2.8146567164179097,False,True,11,35,140
ICICIBANK,2026-03-13,BUY,2026-03-13 14:10:00+05:30,2026-03-13 14:15:00+05:30,1258.2288,1257.2,1254.0490045342196,1257.6,1257.8,1255.9,1257.6,1254.1203500715617,1256.7,1250.0,6.7000000000000455,3.1509954657803974,4.108449928438404,0.040094205058147044,0.5,0.0,3.3500000000000227,3.4711999999999534,6.228800000000092,1.036179104477591,1.8593432835821044,False,True,14,15,300
ICICIBANK,2026-03-16,SELL,2026-03-16 10:20:00+05:30,2026-03-16 10:25:00+05:30,1243.67785,1244.3,1251.5890748896518,1244.3,1244.3,1240.8,1241.0,1251.113451428172,1258.3,1245.0,13.299999999999955,7.289074889651829,7.435601428172049,-0.24081751366221862,0.7000000000000455,-0.2652093546572365,6.649999999999977,3.577850000000126,33.12214999999992,0.5380225563909982,4.980774436090231,False,True,10,25,70
ICICIBANK,2026-03-16,BUY,2026-03-16 14:00:00+05:30,2026-03-16 14:05:00+05:30,1259.12925,1258.4,1251.239188689082,1258.5,1258.6,1255.8,1257.9,1251.3753871960578,1258.3,1245.0,13.299999999999955,7.160811310918007,7.753862803942184,0.14573918046299103,0.10000000000013642,-0.04767580452919029,6.649999999999977,17.670749999999998,3.329250000000002,2.657255639097753,0.5006390977443629,True,False,14,5,290
ICICIBANK,2026-03-17,BUY,2026-03-17 09:40:00+05:30,2026-03-17 09:45:00+05:30,1285.0422,1284.4,1278.205570485314,1284.4,1285.0,1281.8,1284.5,1278.6251861219762,1282.2,1273.0,9.200000000000045,6.194429514686135,6.4170138780239085,0.12608219559953032,2.2000000000000455,0.007785736530663279,4.600000000000023,9.357799999999997,10.042200000000093,2.0343043478260765,2.183086956521749,True,True,9,45,30
ICICIBANK,2026-03-18,SELL,2026-03-18 09:35:00+05:30,2026-03-18 09:40:00+05:30,1275.7618,1276.3,1280.9141026654997,1276.4,1276.9,1275.2,1275.3,1280.2485115174952,1290.1,1277.1,13.0,4.614102665499786,4.486711517495223,-0.7031786744206799,0.7999999999999545,-0.08617988091508266,6.5,4.961800000000039,21.338199999999915,0.7633538461538522,3.282799999999987,False,True,9,40,25
ICICIBANK,2026-03-18,BUY,2026-03-18 11:20:00+05:30,2026-03-18 11:25:00+05:30,1290.8451,1290.2,1280.912710831348,1290.2,1291.9,1288.8,1291.7,1281.1165755014363,1290.1,1277.1,13.0,9.287289168652023,9.72852449856373,0.4132698626733688,0.10000000000013642,0.11626104479924848,6.5,6.254899999999907,4.845100000000002,0.9622923076922933,0.7454000000000003,False,False,11,25,130
ICICIBANK,2026-03-19,SELL,2026-03-19 14:40:00+05:30,2026-03-19 14:45:00+05:30,1255.372,1256.1,1265.306499045719,1256.0,1258.0,1255.4,1256.4,1265.0090307478838,1285.9,1256.2,29.700000000000045,9.206499045719056,9.637030747883728,-0.10228411529311009,0.10000000000013642,0.03184713375796733,14.850000000000023,11.672000000000025,4.727999999999838,0.7859932659932665,0.318383838383827,False,False,14,45,330
ICICIBANK,2026-03-20,SELL,2026-03-20 12:20:00+05:30,2026-03-20 12:25:00+05:30,1255.5719,1256.3,1267.969580113188,1256.2,1257.4,1255.0,1256.2,1267.6259761108079,1274.0,1258.4,15.599999999999909,11.669580113187976,12.054076110807955,-0.3572089557950745,2.1000000000001364,0.0,7.7999999999999545,13.871899999999869,10.928100000000086,1.7784487179487114,1.4010384615384808,False,True,12,25,190
ICICIBANK,2026-03-23,SELL,2026-03-23 09:55:00+05:30,2026-03-23 10:00:00+05:30,1222.68835,1222.9,1227.3026310951236,1223.3,1224.5,1221.8,1223.7,1226.3158080135952,1234.9,1225.0,9.900000000000091,4.402631095123525,3.6274580135952874,-0.19156297250837814,2.099999999999909,0.032698438649569894,4.9500000000000455,4.588349999999991,8.3116500000001,0.9269393939393836,1.679121212121217,False,True,10,0,45
ICICIBANK,2026-03-24,BUY,2026-03-24 09:30:00+05:30,2026-03-24 09:35:00+05:30,1242.12075,1241.8,1237.004447404625,1241.5,1244.0,1241.0,1241.3,1237.4216597696723,1241.3,1231.6,9.700000000000045,4.795552595375057,4.6990902303277835,0.5340700721258864,0.5,-0.01610954490536276,4.850000000000023,11.779250000000047,18.420749999999998,2.428711340206184,3.7980927835051363,True,True,9,35,20
ICICIBANK,2026-03-24,SELL,2026-03-24 10:50:00+05:30,2026-03-24 10:55:00+05:30,1228.88525,1229.4,1237.0337195617833,1229.5,1229.7,1226.0,1226.8,1236.4460946173926,1241.3,1231.6,9.700000000000045,7.633719561783209,7.560844617392604,-0.3779744455793957,2.199999999999818,-0.21960146400976654,4.850000000000023,5.185249999999996,25.01475000000005,1.0691237113402003,5.15768041237112,False,True,10,55,100
ICICIBANK,2026-03-25,BUY,2026-03-25 10:25:00+05:30,2026-03-25 10:30:00+05:30,1266.4329,1265.7,1262.1101029234674,1265.8,1266.6,1264.0,1265.1,1262.2348477592764,1265.1,1256.8,8.299999999999955,3.5898970765326794,4.198052240723655,0.16857743600496958,0.6000000000001364,-0.05530099541791733,4.149999999999977,6.467100000000073,12.032899999999927,1.5583373493976165,2.8994939759036127,False,True,10,30,75
ICICIBANK,2026-03-27,SELL,2026-03-27 11:15:00+05:30,2026-03-27 11:20:00+05:30,1246.07665,1246.7,1252.9657458886888,1246.7,1247.7,1246.1,1246.5,1252.8383729788748,1260.9,1248.5,12.400000000000091,6.265745888688798,6.761722978874786,-0.23228861192435785,1.7999999999999545,-0.016042351808776,6.2000000000000455,15.976650000000063,8.623350000000073,2.5768790322580557,1.390862903225808,True,True,11,20,125
ICICIBANK,2026-03-30,SELL,2026-03-30 15:00:00+05:30,2026-03-30 15:05:00+05:30,1202.4984499999998,1203.3,1213.8424692520425,1203.1,1203.8,1200.4,1201.7,1212.6168901836843,1222.6,1206.0,16.59999999999991,10.542469252042565,10.11844018368447,-0.3268906694313336,2.7000000000000455,-0.11636605435956238,8.299999999999955,2.0984499999997297,9.50155000000018,0.2528253012047881,1.1447650602409918,False,True,15,5,350
ICICIBANK,2026-04-01,SELL,2026-04-01 09:30:00+05:30,2026-04-01 09:35:00+05:30,1220.08965,1220.7,1224.4296095356246,1220.7,1222.3,1218.1,1221.4,1224.1742870268383,1234.0,1221.2,12.799999999999955,3.729609535624604,4.084637026838436,-0.9508211401066969,0.5,0.057344146801030504,6.399999999999977,10.089649999999892,6.910350000000108,1.5765078124999887,1.0797421875000206,False,True,9,35,20
ICICIBANK,2026-04-02,BUY,2026-04-02 10:10:00+05:30,2026-04-02 10:15:00+05:30,1201.10025,1200.5,1194.6778798558319,1200.5,1200.5,1197.6,1198.6,1194.816836642227,1197.7,1187.6,10.100000000000136,5.822120144168139,6.283413357773043,0.32023324672454323,2.7999999999999545,-0.15826738858809586,5.050000000000068,20.99974999999995,13.000250000000051,4.1583663366335974,2.574306930693045,True,True,10,15,60
ICICIBANK,2026-04-06,BUY,2026-04-06 12:45:00+05:30,2026-04-06 12:50:00+05:30,1217.0082,1216.4,1209.4406466557277,1216.4,1220.0,1215.9,1217.0,1209.7543500727381,1215.0,1201.1,13.900000000000091,6.959353344272358,7.253849927261854,0.06568873274485695,1.400000000000091,0.04932587964485702,6.9500000000000455,17.391800000000103,1.108199999999897,2.5024172661870487,0.1594532374100561,True,False,12,50,215
ICICIBANK,2026-04-07,BUY,2026-04-07 13:25:00+05:30,2026-04-07 13:30:00+05:30,1233.11625,1232.4,1224.3155287450834,1232.5,1239.0,1232.2,1238.0,1224.865160635123,1229.0,1216.6,12.400000000000091,8.084471254916707,8.251089364877089,0.09240047382185969,3.400000000000091,0.44624746450303565,6.2000000000000455,17.283750000000055,1.2162499999999454,2.787701612903214,0.19616935483869943,True,False,13,30,255
ICICIBANK,2026-04-09,SELL,2026-04-09 09:30:00+05:30,2026-04-09 09:35:00+05:30,1294.1526,1295.0,1300.3358855191025,1294.8,1296.8,1293.9,1296.8,1300.009957849887,1308.0,1296.5,11.5,5.335885519102476,5.857357849887194,-0.5276745897826819,1.5,0.15446400988570197,5.75,18.252599999999802,4.6474000000000615,3.1743652173912698,0.8082434782608803,True,False,9,35,20
ICICIBANK,2026-04-10,BUY,2026-04-10 09:40:00+05:30,2026-04-10 09:45:00+05:30,1313.6565,1313.5,1303.5085336345767,1313.0,1313.9,1310.0,1310.1,1304.2640687622772,1303.4,1288.5,14.900000000000091,9.991466365423321,9.392431237722803,1.053420347389439,10.099999999999909,-0.22086824067022448,7.4500000000000455,10.343499999999949,3.656500000000051,1.3883892617449511,0.4908053691275206,False,False,9,45,30
ICICIBANK,2026-04-13,BUY,2026-04-13 09:45:00+05:30,2026-04-13 09:50:00+05:30,1308.55395,1307.3,1301.940617820333,1307.9,1311.1,1307.2,1309.4,1303.0372911513505,1306.3,1296.7,9.599999999999909,5.359382179666909,5.516658848649513,0.12697518563506047,1.0,0.11468766725284407,4.7999999999999545,48.446050000000014,1.3539499999999407,10.092927083333432,0.28207291666665696,True,False,9,50,35
ICICIBANK,2026-04-15,SELL,2026-04-15 09:30:00+05:30,2026-04-15 09:35:00+05:30,1349.9246999999998,1350.6,1356.761774458442,1350.6,1350.6,1347.0,1347.5,1355.7972949181462,1364.8,1351.1,13.700000000000045,6.161774458442096,5.872594918146433,-0.9293101290553882,0.5,-0.22952761735524074,6.850000000000023,11.924699999999802,2.4753000000002885,1.7408321167882865,0.36135766423361754,False,False,9,35,20
ICICIBANK,2026-04-16,SELL,2026-04-16 12:00:00+05:30,2026-04-16 12:05:00+05:30,1350.1246,1351.0,1359.5451542136434,1350.8,1351.2,1349.6,1350.1,1359.2378117067217,1366.9,1352.0,14.900000000000091,8.5451542136434,9.113211706721586,-0.17387747210790486,1.0,-0.051821143026353766,7.4500000000000455,9.924600000000055,2.175399999999854,1.3321610738255025,0.2919999999999786,False,False,12,5,170
ICICIBANK,2026-04-17,SELL,2026-04-17 09:35:00+05:30,2026-04-17 09:40:00+05:30,1339.42995,1340.1,1342.2340723974687,1340.1,1341.7,1340.1,1340.4,1341.8348462505357,1348.0,1340.2,7.7999999999999545,2.134072397468799,2.404896250535785,-0.1284756282873936,0.10000000000013642,0.022386389075457203,3.8999999999999773,5.4299499999999625,13.470050000000128,1.3922948717948702,3.4538589743590276,False,True,9,40,25
ICICIBANK,2026-04-20,BUY,2026-04-20 09:30:00+05:30,2026-04-20 09:35:00+05:30,1374.0867,1374.0,1367.2759027261807,1373.4,1376.4,1372.0,1372.4,1367.881123468344,1371.9,1355.1,16.800000000000182,6.724097273819325,6.2055765316561065,1.5986863282767036,2.099999999999909,-0.07281199941749916,8.400000000000091,2.3133000000000266,21.086700000000064,0.27539285714285733,2.5103214285714093,False,True,9,35,20
ICICIBANK,2026-04-20,SELL,2026-04-20 14:35:00+05:30,2026-04-20 14:40:00+05:30,1354.4224499999998,1355.0,1363.9909070518602,1355.1,1356.6,1353.6,1356.4,1363.8676313331205,1371.9,1355.1,16.800000000000182,8.990907051860177,9.445181333120672,-0.09270525980342924,0.09999999999990905,0.09593387941850828,8.400000000000091,1.4224499999997988,3.8775500000001557,0.16933928571425994,0.4616130952381088,False,False,14,40,325
ICICIBANK,2026-04-21,BUY,2026-04-21 10:40:00+05:30,2026-04-21 10:45:00+05:30,1380.8901,1380.5,1372.614340439492,1380.2,1380.9,1377.3,1379.9,1372.7767845371259,1379.8,1360.0,19.799999999999955,7.885659560507975,8.113315462874198,0.3492002393569043,0.7000000000000455,-0.021735980292703072,9.899999999999977,12.209899999999834,3.5901000000001204,1.2333232323232184,0.36263636363637664,False,False,10,45,90
ICICIBANK,2026-04-22,SELL,2026-04-22 09:30:00+05:30,2026-04-22 09:35:00+05:30,1369.315,1369.6,1371.5401721057915,1370.0,1370.0,1368.0,1368.7,1371.015777647552,1380.1,1370.2,9.899999999999864,1.9401721057915893,1.7007776475520586,-1.444395463781478,0.6000000000001364,-0.09489051094889733,4.949999999999932,4.315000000000055,3.7849999999998545,0.8717171717171948,0.7646464646464458,False,False,9,35,20
ICICIBANK,2026-04-24,SELL,2026-04-24 09:50:00+05:30,2026-04-24 09:55:00+05:30,1333.63285,1334.5,1338.4808496470357,1334.3,1334.3,1332.5,1333.3,1338.2870702482355,1348.8,1335.0,13.799999999999955,3.9808496470357113,4.654220248235561,-0.25121564643318595,0.5,-0.07494566439331107,6.899999999999977,9.632849999999962,3.0671500000000833,1.3960652173913035,0.44451449275363675,False,False,9,55,40
ICICIBANK,2026-04-27,SELL,2026-04-27 10:20:00+05:30,2026-04-27 10:25:00+05:30,1321.339,1322.0,1329.7086453737322,1322.0,1322.3,1319.3,1320.5,1329.1859724813285,1335.9,1326.1,9.800000000000182,7.7086453737322245,7.846972481328521,-0.09387347384818026,4.099999999999909,-0.11346444780635512,4.900000000000091,10.43899999999985,2.561000000000149,2.130408163265236,0.5226530612245105,True,False,10,25,70
ICICIBANK,2026-04-28,SELL,2026-04-28 09:35:00+05:30,2026-04-28 09:40:00+05:30,1310.64435,1311.2,1313.8452924677995,1311.3,1313.5,1311.0,1312.2,1313.647269215264,1317.7,1312.0,5.7000000000000455,2.645292467799436,3.0029192152640007,-0.15285531928796656,0.7999999999999545,0.06863417982154729,2.8500000000000227,23.944349999999986,4.055650000000014,8.401526315789402,1.4230350877192919,True,True,9,40,25
ICICIBANK,2026-04-29,SELL,2026-04-29 14:15:00+05:30,2026-04-29 14:20:00+05:30,1280.7593000000002,1281.4,1289.806087338955,1281.4,1283.7,1281.2,1283.0,1289.689123215949,1296.8,1282.2,14.599999999999909,8.406087338954876,8.929823215948772,-0.07364874373837366,0.7999999999999545,0.12486343062274585,7.2999999999999545,4.559300000000121,3.8406999999997424,0.624561643835637,0.5261232876712009,False,False,14,20,305
ICICIBANK,2026-04-30,BUY,2026-04-30 13:45:00+05:30,2026-04-30 13:50:00+05:30,1270.8351,1270.5,1264.111686144244,1270.2,1270.6,1267.4,1269.4,1264.231473158194,1270.2,1260.0,10.200000000000045,6.388313855755996,6.60362684180609,0.0840784099804032,0.2999999999999545,-0.06298220752637418,5.100000000000023,1.3649000000000342,10.135099999999966,0.2676274509803977,1.987274509803906,False,True,13,50,275
ICICIBANK,2026-05-04,BUY,2026-05-04 09:30:00+05:30,2026-05-04 09:35:00+05:30,1279.13925,1278.6,1274.0673575999137,1278.5,1279.6,1276.5,1278.0,1274.6620664977793,1278.1,1264.3,13.799999999999955,4.532642400086161,4.477183502220669,0.993547812805272,0.5,-0.03910833007431114,6.899999999999977,3.0607500000000982,13.839249999999993,0.44358695652175484,2.005688405797107,False,True,9,35,20
ICICIBANK,2026-05-05,SELL,2026-05-05 10:00:00+05:30,2026-05-05 10:05:00+05:30,1252.67335,1253.1,1257.5340380851535,1253.3,1253.7,1250.7,1251.3,1256.8845333733632,1266.7,1255.1,11.600000000000136,4.434038085153588,4.211183373363156,-0.3405533721219037,2.0,-0.1595787121997927,5.800000000000068,7.173350000000028,3.626649999999927,1.236784482758611,0.6252844827586007,False,False,10,5,50
ICICIBANK,2026-05-06,SELL,2026-05-06 09:30:00+05:30,2026-05-06 09:35:00+05:30,1257.371,1258.0,1263.0287612064851,1258.0,1259.3,1257.9,1259.0,1262.9032844181968,1269.4,1258.5,10.900000000000091,5.028761206485115,5.532284418196696,-0.3683113947372091,0.5,0.07949125596184992,5.4500000000000455,5.2710000000001855,25.42899999999986,0.9671559633027783,4.665871559632963,False,True,9,35,20
ICICIBANK,2026-05-07,BUY,2026-05-07 10:00:00+05:30,2026-05-07 10:05:00+05:30,1291.74555,1291.1,1283.593128022116,1291.1,1291.3,1287.0,1289.0,1283.9083879864836,1288.1,1276.2,11.899999999999864,7.506871977883975,7.83716201351649,0.4314840640831632,3.0,-0.16265200216868392,5.949999999999932,2.254449999999906,18.54555000000005,0.3788991596638541,3.1168991596639093,False,True,10,5,50
ICICIBANK,2026-05-07,SELL,2026-05-07 15:20:00+05:30,2026-05-07 15:25:00+05:30,1275.06215,1275.7,1282.6987825745714,1275.7,1279.8,1275.2,1279.0,1282.6331464241568,1288.1,1276.2,11.899999999999864,6.998782574571351,7.570996424156874,-0.36364788136837173,0.5,0.25868150819157165,5.949999999999932,0.0,4.73784999999998,0.0,0.7962773109243756,False,False,15,25,370
ICICIBANK,2026-05-08,SELL,2026-05-08 10:50:00+05:30,2026-05-08 10:55:00+05:30,1265.86675,1266.4,1270.9099859802725,1266.5,1266.6,1264.2,1264.7,1270.4208425280053,1279.6,1266.8,12.799999999999955,4.509985980272404,4.5540925280054125,-0.09479042888999613,0.3999999999998636,-0.14212396367943025,6.399999999999977,4.666749999999865,3.133250000000089,0.7291796874999815,0.48957031250001565,False,False,10,55,100
ICICIBANK,2026-05-11,BUY,2026-05-11 10:50:00+05:30,2026-05-11 10:55:00+05:30,1263.6315,1262.9,1258.8248822753853,1263.0,1264.1,1262.6,1262.9,1258.9532000966042,1262.8,1252.0,10.799999999999955,4.075117724614756,4.678299903395782,0.07458675620849131,0.10000000000013642,-0.007917656373701565,5.399999999999977,12.068500000000085,1.3315000000000055,2.2349074074074324,0.2465740740740761,True,False,10,55,100
ICICIBANK,2026-05-12,SELL,2026-05-12 09:30:00+05:30,2026-05-12 09:35:00+05:30,1248.9752,1249.2,1253.9970932045828,1249.6,1251.4,1249.3,1249.9,1253.6421394485858,1259.9,1249.6,10.300000000000182,4.797093204582779,4.666939448585708,-0.7560416666198575,0.3999999999998636,0.024007682458404567,5.150000000000091,12.675200000000132,2.4248000000000047,2.4612038834951275,0.4708349514563033,True,False,9,35,20
ICICIBANK,2026-05-13,SELL,2026-05-13 09:30:00+05:30,2026-05-13 09:35:00+05:30,1230.7843,1231.2,1237.43453339193,1231.4,1231.4,1227.4,1227.7,1236.1573998612848,1248.2,1234.3,13.900000000000091,6.234533391929972,5.3730998612848,-1.1701875875794836,3.099999999999909,-0.30047100860809417,6.9500000000000455,3.5842999999999847,18.415700000000015,0.5157266187050304,2.6497410071942293,False,True,9,35,20
ICICIBANK,2026-05-14,SELL,2026-05-14 10:45:00+05:30,2026-05-14 10:50:00+05:30,1236.5814,1237.4,1242.339401224887,1237.2,1240.4,1236.6,1239.9,1242.146131920782,1248.8,1239.1,9.700000000000045,4.9394012248869785,5.564731920781924,-0.07570349325974254,1.699999999999818,0.2182347235693438,4.850000000000023,0.5814000000000306,20.118600000000015,0.11987628865979956,4.148164948453592,False,True,10,50,95
ICICIBANK,2026-05-15,SELL,2026-05-15 15:05:00+05:30,2026-05-15 15:10:00+05:30,1242.27855,1242.9,1248.649029388583,1242.9,1243.8,1242.3,1243.8,1248.5068143997416,1258.0,1243.3,14.700000000000045,5.749029388582812,6.228264399741647,-0.10386624926002272,0.3999999999998636,0.07241129616220032,7.350000000000023,0.07854999999995016,5.621450000000095,0.01068707482992516,0.7648231292517113,False,False,15,10,355
ICICIBANK,2026-05-18,BUY,2026-05-18 11:30:00+05:30,2026-05-18 11:35:00+05:30,1242.12075,1241.5,1236.707753263459,1241.5,1243.3,1241.0,1243.0,1237.2329116236892,1240.8,1232.0,8.799999999999955,4.792246736541074,4.88783837631081,0.08214390450073693,0.7000000000000455,0.12082158679016519,4.399999999999977,11.579250000000002,7.420749999999998,2.631647727272741,1.6865340909090991,True,True,11,35,140
ICICIBANK,2026-05-19,SELL,2026-05-19 09:30:00+05:30,2026-05-19 09:35:00+05:30,1242.0786500000002,1242.7,1249.1780980470826,1242.7,1245.3,1241.8,1245.3,1247.6468832007586,1256.3,1246.2,10.099999999999909,6.47809804708254,5.568233200758414,-1.284066942490864,3.5,0.20922185563692075,5.0499999999999545,12.278650000000198,6.621349999999893,2.4314158415842195,1.3111584158415748,True,True,9,35,20
ICICIBANK,2026-05-20,BUY,2026-05-20 09:30:00+05:30,2026-05-20 09:35:00+05:30,1233.51645,1232.9,1227.863188939545,1232.9,1232.9,1231.1,1232.5,1228.2123418242516,1230.7,1223.3,7.400000000000091,5.036811060455193,5.3041081757485244,0.21891781214049966,2.2000000000000455,-0.03244383161652431,3.7000000000000455,6.183549999999968,6.816450000000032,1.6712297297297007,1.8422837837837698,False,True,9,35,20
ICICIBANK,2026-05-21,SELL,2026-05-21 09:30:00+05:30,2026-05-21 09:35:00+05:30,1239.7798,1240.9,1242.85097848273,1240.4,1244.2,1239.5,1243.8,1242.768630673011,1247.7,1241.1,6.600000000000136,1.9509784827298517,2.98883067301108,-0.3090271371787188,0.1999999999998181,0.27410512737824355,3.300000000000068,5.379799999999932,8.520199999999932,1.6302424242423699,2.581878787878714,False,True,9,35,20
ICICIBANK,2026-05-21,SELL,2026-05-21 12:35:00+05:30,2026-05-21 12:40:00+05:30,1239.1801,1240.2,1244.2255927682095,1239.8,1241.6,1238.0,1240.2,1243.9641114480114,1247.7,1241.1,6.600000000000136,4.025592768209435,4.78401144801137,-0.046100338610962764,0.8999999999998636,0.03226326826908377,3.300000000000068,4.780099999999948,6.619899999999916,1.4485151515151058,2.006030303030236,False,True,12,40,205
ICICIBANK,2026-05-22,BUY,2026-05-22 09:30:00+05:30,2026-05-22 09:35:00+05:30,1265.13225,1264.5,1258.1786812233897,1264.5,1264.8,1261.4,1262.0,1258.9459420391825,1261.2,1242.0,19.200000000000045,6.321318776610269,6.186307960817658,3.165956528587238,3.2999999999999545,-0.19770660340054924,9.600000000000023,5.667749999999842,5.532250000000204,0.5903906249999821,0.5762760416666866,False,False,9,35,20
ICICIBANK,2026-05-25,BUY,2026-05-25 14:20:00+05:30,2026-05-25 14:25:00+05:30,1285.14225,1284.8,1280.0475105703442,1284.5,1285.6,1284.2,1285.1,1280.079408493403,1284.3,1270.9,13.399999999999864,4.752489429655725,5.062841506597124,0.05388896781460205,0.5,0.04671078240559012,6.699999999999932,8.357749999999896,0.9422500000000582,1.2474253731343257,0.14063432835821907,False,False,14,25,310
ICICIBANK,2026-05-26,BUY,2026-05-26 09:35:00+05:30,2026-05-26 09:40:00+05:30,1300.95015,1300.2,1293.4948447329632,1300.3,1301.8,1299.2,1299.3,1294.5836215669678,1296.4,1282.9,13.5,6.705155267036844,6.366528433032045,1.7421181716896175,3.7999999999999545,-0.07690532953933404,6.75,0.8498500000000604,24.75014999999985,0.12590370370371265,3.6666888888888667,False,True,9,40,25
ICICIBANK,2026-05-26,SELL,2026-05-26 14:10:00+05:30,2026-05-26 14:15:00+05:30,1281.359,1282.0,1291.7359605141344,1282.0,1282.7,1280.4,1282.2,1291.60643003358,1296.4,1282.9,13.5,9.735960514134376,10.24743003358003,-0.1845228881601938,0.900000000000091,0.015600624024969534,6.75,5.158999999999878,1.7409999999999854,0.7642962962962783,0.2579259259259238,False,False,14,15,300
ICICIBANK,2026-05-27,BUY,2026-05-27 10:10:00+05:30,2026-05-27 10:15:00+05:30,1288.644,1288.4,1281.376510190408,1288.0,1289.5,1287.8,1289.0,1281.773521725679,1287.0,1275.2,11.799999999999955,7.023489809592093,6.870478274320931,0.27442403639142215,1.400000000000091,0.07763975155279379,5.899999999999977,4.7560000000000855,21.94399999999996,0.8061016949152718,3.7193220338983126,False,True,10,15,60
ICICIBANK,2026-05-27,SELL,2026-05-27 14:05:00+05:30,2026-05-27 14:10:00+05:30,1271.66385,1272.3,1281.6079049682824,1272.3,1272.8,1270.5,1270.6,1281.4474352994293,1287.0,1275.2,11.799999999999955,9.3079049682824,9.783585299429433,-0.07653706982082562,2.900000000000091,-0.133616285467264,5.899999999999977,4.963849999999866,3.436149999999998,0.8413305084745568,0.5823983050847477,False,False,14,10,295
ICICIBANK,2026-05-29,SELL,2026-05-29 09:50:00+05:30,2026-05-29 09:55:00+05:30,1273.86275,1274.5,1279.5894134039545,1274.5,1276.2,1274.1,1275.4,1279.260683935903,1287.8,1275.1,12.700000000000045,5.089413403954495,5.397933935902984,-0.4071130601851661,0.599999999999909,0.07061592781483217,6.350000000000023,25.962749999999915,12.037250000000085,4.088622047244066,1.8956299212598493,True,True,9,55,40
ICICIBANK,2026-06-01,SELL,2026-06-01 11:30:00+05:30,2026-06-01 11:35:00+05:30,1249.4749499999998,1250.4,1255.1935167891363,1250.1,1252.4,1250.1,1251.9,1255.0755661089295,1261.0,1251.1,9.900000000000091,4.79351678913622,5.600616108929671,-0.08099024764666961,0.6999999999998181,0.14398848092154193,4.9500000000000455,13.574949999999717,3.425050000000283,2.7424141414140593,0.6919292929293438,True,False,11,35,140
ICICIBANK,2026-06-02,SELL,2026-06-02 09:45:00+05:30,2026-06-02 09:50:00+05:30,1226.68635,1227.2,1230.7574209079696,1227.3,1229.4,1225.9,1229.4,1230.6180007298403,1235.8,1228.0,7.7999999999999545,3.557420907969572,3.931650729840385,-0.07830730414875885,0.7999999999999545,0.1711073087264925,3.8999999999999773,5.986349999999902,11.013650000000098,1.5349615384615223,2.8240128205128623,False,True,9,50,35
ICICIBANK,2026-06-02,BUY,2026-06-02 13:25:00+05:30,2026-06-02 13:30:00+05:30,1236.618,1236.0,1228.4892666032772,1236.0,1237.3,1235.5,1236.4,1228.5998242536584,1235.8,1228.0,7.7999999999999545,7.510733396722799,8.018175746341512,0.12451989261726924,0.20000000000004547,0.032362459546941835,3.8999999999999773,0.6820000000000164,12.917999999999893,0.1748717948718001,3.312307692307684,False,True,13,30,255
ICICIBANK,2026-06-03,SELL,2026-06-03 09:30:00+05:30,2026-06-03 09:35:00+05:30,1214.89225,1215.8,1220.0193349588997,1215.5,1219.0,1215.0,1218.2,1219.7749371337281,1226.6,1217.3,9.299999999999955,4.219334958899708,4.882687133728041,-0.42433148149396205,1.5,0.2221308103661057,4.649999999999977,1.1922500000000582,33.40774999999985,0.25639784946237937,7.184462365591401,False,True,9,35,20
ICICIBANK,2026-06-04,BUY,2026-06-04 09:40:00+05:30,2026-06-04 09:45:00+05:30,1243.6215,1243.0,1239.053593441039,1243.0,1245.9,1243.0,1244.3,1239.5871856672607,1242.4,1232.2,10.200000000000045,3.9464065589609163,4.034314332739314,0.20204527377677578,0.599999999999909,0.10458567980691225,5.100000000000023,18.678499999999985,0.6214999999999691,3.662450980392138,0.1218627450980326,True,False,9,45,30
ICICIBANK,2026-06-05,SELL,2026-06-05 10:35:00+05:30,2026-06-05 10:40:00+05:30,1249.87475,1250.3,1257.1756112730336,1250.5,1252.5,1250.0,1252.0,1256.7494894852382,1263.4,1255.1,8.300000000000182,6.875611273033655,6.874739485238251,-0.08190955640577344,4.7999999999999545,0.11995201919232645,4.150000000000091,0.0,15.125250000000051,0.0,3.6446385542168,False,True,10,40,85
ICICIBANK,2026-06-09,BUY,2026-06-09 09:30:00+05:30,2026-06-09 09:35:00+05:30,1273.2362999999998,1272.5,1264.8170194176096,1272.6,1273.0,1268.3,1269.7,1265.7056095945695,1269.8,1252.7,17.09999999999991,7.682980582390428,7.530690405430278,1.3426199135463825,2.7000000000000455,-0.22787993085021663,8.549999999999955,6.66370000000029,15.33629999999971,0.7793801169591024,1.7937192982455896,False,True,9,35,20
ICICIBANK,2026-06-10,BUY,2026-06-10 09:45:00+05:30,2026-06-10 09:50:00+05:30,1290.4449,1289.7,1283.997094312729,1289.8,1290.9,1288.2,1290.5,1284.7545397238853,1288.6,1271.3,17.299999999999955,5.702905687271141,5.6903602761146885,0.5207018696892936,1.1000000000001364,0.054271980151954224,8.649999999999977,15.555100000000039,7.144900000000007,1.798277456647408,0.826000000000003,False,False,9,50,35
ICICIBANK,2026-06-11,BUY,2026-06-11 09:35:00+05:30,2026-06-11 09:40:00+05:30,1303.35135,1302.7,1300.1053588488307,1302.7,1308.9,1301.5,1308.7,1300.8116725402524,1302.5,1286.5,16.0,2.5946411511692986,2.5396774597475087,0.90500025953784,0.20000000000004547,0.46058186842712345,8.0,29.64865000000009,1.8513499999999112,3.706081250000011,0.2314187499999889,True,False,9,40,25
ICICIBANK,2026-06-12,SELL,2026-06-12 10:00:00+05:30,2026-06-12 10:05:00+05:30,1320.7393000000002,1321.4,1329.8000920474724,1321.4,1322.7,1321.0,1322.3,1329.5274778515368,1338.8,1324.2,14.599999999999909,8.400092047472299,8.788177851536602,-0.3412265539838247,2.7999999999999545,0.06810958074767726,7.2999999999999545,2.0393000000001393,23.56069999999977,0.27935616438358246,3.22749315068492,False,True,10,5,50
ICICIBANK,2026-06-12,BUY,2026-06-12 14:15:00+05:30,2026-06-12 14:20:00+05:30,1339.96965,1339.5,1329.1843194297785,1339.3,1339.9,1338.6,1339.2,1329.4154365475963,1338.8,1324.2,14.599999999999909,10.315680570221502,10.554213452403701,0.17179249009488498,0.7000000000000455,-0.007466587023063909,7.2999999999999545,4.330349999999953,1.669650000000047,0.5931986301369836,0.22871917808219963,False,False,14,20,305
ICICIBANK,2026-06-15,SELL,2026-06-15 09:35:00+05:30,2026-06-15 09:40:00+05:30,1345.5269,1346.1,1350.8697641295776,1346.2,1347.4,1345.0,1346.2,1350.5224459589645,1362.7,1347.0,15.700000000000045,4.769764129577652,4.995545958964385,-0.9148566394912528,0.900000000000091,0.0,7.850000000000023,20.226900000000114,6.373100000000022,2.576675159235676,0.8118598726114654,True,False,9,40,25
ICICIBANK,2026-06-16,SELL,2026-06-16 10:00:00+05:30,2026-06-16 10:05:00+05:30,1326.23655,1326.9,1330.4879675666382,1326.9,1328.0,1326.3,1327.2,1330.2932617003903,1334.9,1328.8,6.100000000000136,3.587967566638099,4.056711700390224,-0.0631451392462667,1.8999999999998636,0.02260908885372004,3.050000000000068,0.0,11.063449999999875,0.0,3.627360655737583,False,True,10,5,50
ICICIBANK,2026-06-16,BUY,2026-06-16 15:05:00+05:30,2026-06-16 15:10:00+05:30,1337.2683,1336.6,1331.19563842285,1336.6,1337.3,1335.8,1336.5,1331.3381120517274,1334.9,1328.8,6.100000000000136,5.404361577149984,5.930187948272533,0.10762988376068476,1.699999999999818,-0.00748166990871546,3.050000000000068,0.03170000000000073,3.268299999999954,0.010393442622950826,1.071573770491764,False,True,15,10,355
ICICIBANK,2026-06-17,BUY,2026-06-17 10:20:00+05:30,2026-06-17 10:25:00+05:30,1345.17225,1344.5,1340.4964007112692,1344.5,1346.0,1342.8,1343.2,1340.766549819156,1343.6,1337.2,6.399999999999864,4.003599288730811,4.405700180844178,0.09840989922706182,0.900000000000091,-0.09669021941242084,3.199999999999932,0.8277499999999236,11.772249999999985,0.2586718749999816,3.678828125000074,False,True,10,25,70
ICICIBANK,2026-06-17,SELL,2026-06-17 14:20:00+05:30,2026-06-17 14:25:00+05:30,1335.5319,1336.2,1339.1249970655679,1336.2,1336.4,1334.0,1335.0,1339.0731218741594,1343.6,1337.2,6.399999999999864,2.9249970655678226,3.541221874159419,-0.025947783178980974,1.0,-0.08980691513247319,3.199999999999932,2.1318999999998596,2.668100000000095,0.6662187499999703,0.8337812500000474,False,False,14,25,310
ICICIBANK,2026-06-18,SELL,2026-06-18 10:35:00+05:30,2026-06-18 10:40:00+05:30,1331.334,1332.1,1337.0508560891196,1332.0,1334.0,1331.5,1333.0,1336.6161389373042,1341.3,1333.6,7.7000000000000455,4.950856089119725,5.282138937304126,-0.11395141782659443,1.5,0.07507507507507061,3.8500000000000227,0.0,15.566000000000031,0.0,4.043116883116867,False,True,10,40,85
ICICIBANK,2026-06-18,BUY,2026-06-18 14:55:00+05:30,2026-06-18 15:00:00+05:30,1342.17075,1341.9,1340.2589535146922,1341.5,1343.5,1339.6,1340.9,1340.3988576522843,1341.3,1333.6,7.7000000000000455,1.6410464853079247,1.7718923477157205,0.03063270043597344,0.6000000000001364,-0.04472605292582532,3.8500000000000227,2.929249999999911,2.570750000000089,0.7608441558441282,0.6677272727272919,False,False,15,0,345
ICICIBANK,2026-06-19,BUY,2026-06-19 10:40:00+05:30,2026-06-19 10:45:00+05:30,1347.57345,1346.9,1344.004684681216,1346.9,1347.4,1346.5,1346.6,1344.071449441667,1346.8,1332.0,14.799999999999955,2.8953153187840144,3.502000558333066,0.07182693107905863,0.10000000000013642,-0.0222733684757781,7.399999999999977,4.726549999999861,6.5734500000000935,0.6387229729729561,0.8883040540540694,False,False,10,45,90
ICICIBANK,2026-06-22,BUY,2026-06-22 10:20:00+05:30,2026-06-22 10:25:00+05:30,1359.6795,1359.1,1355.973925639211,1359.0,1360.9,1358.9,1360.0,1356.3798625469822,1358.4,1348.4,10.0,3.1260743607888344,3.2996374530177945,0.11984981937312988,0.6999999999998181,0.07358351729211954,5.0,3.0205000000000837,9.579500000000053,0.6041000000000167,1.9159000000000106,False,True,10,25,70
ICICIBANK,2026-06-23,BUY,2026-06-23 09:30:00+05:30,2026-06-23 09:35:00+05:30,1361.98065,1361.2,1358.2734762395792,1361.3,1366.0,1360.9,1364.6,1359.98405969343,1359.9,1354.2,5.7000000000000455,2.926523760420878,1.9965903065699422,0.37352092773149864,1.2999999999999545,0.24241533827957795,2.8500000000000227,7.11934999999994,30.48064999999997,2.4980175438596084,10.694964912280605,True,True,9,35,20
ICICIBANK,2026-06-23,SELL,2026-06-23 12:45:00+05:30,2026-06-23 12:50:00+05:30,1353.82275,1354.0,1362.3582354638934,1354.5,1356.1,1354.2,1356.0,1362.3022485253662,1359.9,1354.2,5.7000000000000455,8.35823546389338,8.479498525366125,-0.1188659777522946,0.20000000000004547,0.11074197120708451,2.8500000000000227,22.322750000000042,2.3772500000000036,7.832543859649075,0.8341228070175385,True,False,12,50,215
ICICIBANK,2026-06-24,BUY,2026-06-24 09:30:00+05:30,2026-06-24 09:35:00+05:30,1363.18125,1362.5,1355.438805681424,1362.5,1364.7,1360.5,1364.4,1356.5759300231925,1361.1,1340.6,20.5,7.061194318576099,6.60531997680755,2.3452867252160057,1.400000000000091,0.1394495412844199,10.25,14.418749999999818,4.081250000000182,1.406707317073153,0.3981707317073348,False,False,9,35,20
ICICIBANK,2026-06-25,BUY,2026-06-25 09:55:00+05:30,2026-06-25 10:00:00+05:30,1391.2953,1390.8,1386.5637551909772,1390.6,1390.8,1388.1,1389.7,1386.7142350983993,1390.5,1380.1,10.400000000000091,4.2362448090227645,4.581064901600712,0.1357824919670353,0.2999999999999545,-0.06472026463396618,5.2000000000000455,12.704700000000003,8.595299999999952,2.4432115384615174,1.652942307692284,True,True,10,0,45
ICICIBANK,2026-06-29,SELL,2026-06-29 09:30:00+05:30,2026-06-29 09:35:00+05:30,1382.9082,1383.3,1393.9289859482378,1383.6,1386.6,1383.2,1386.6,1393.3003029647534,1402.0,1387.6,14.400000000000091,10.628985948237869,10.392102964753349,-0.7979056183574222,4.2999999999999545,0.21682567215959292,7.2000000000000455,0.0,10.091799999999921,0.0,1.4016388888888691,False,True,9,35,20
ICICIBANK,2026-06-30,SELL,2026-06-30 09:45:00+05:30,2026-06-30 09:50:00+05:30,1384.5074,1384.8,1390.5054050871713,1385.2,1385.5,1382.7,1384.7,1390.1583733796065,1402.0,1388.6,13.400000000000091,5.705405087171357,5.650973379606512,-0.32930196353809144,3.7999999999999545,-0.03609587063240216,6.7000000000000455,18.407400000000052,6.3926000000001295,2.747373134328347,0.9541194029850875,True,False,9,50,35
ICICIBANK,2026-07-01,BUY,2026-07-01 10:05:00+05:30,2026-07-01 10:10:00+05:30,1375.0872000000002,1374.9,1372.2477972809158,1374.4,1375.6,1373.1,1373.7,1372.4073559888495,1374.8,1367.7,7.099999999999909,2.6522027190842437,2.679844011150635,0.12861694638397014,0.10000000000013642,-0.050931315483127015,3.5499999999999545,10.012799999999743,4.087200000000166,2.820507042253485,1.1513239436620335,True,True,10,10,55
ICICIBANK,2026-07-02,BUY,2026-07-02 09:30:00+05:30,2026-07-02 09:35:00+05:30,1391.6955,1390.6,1384.445673241479,1391.0,1392.1,1389.7,1391.5,1384.896900336654,1388.0,1376.8,11.200000000000045,6.154326758520938,6.798599663346067,0.9411988725217384,2.599999999999909,0.03594536304816209,5.600000000000023,13.304499999999962,6.795499999999947,2.375803571428555,1.2134821428571285,True,True,9,35,20
ICICIBANK,2026-07-07,SELL,2026-07-07 12:35:00+05:30,2026-07-07 12:40:00+05:30,1418.4904,1419.2,1426.3268101668546,1419.2,1420.4,1417.8,1419.4,1426.1043494437818,1433.0,1421.4,11.599999999999909,7.126810166854511,7.6139494437818485,-0.040663296500390606,2.2000000000000455,0.014092446448699114,5.7999999999999545,8.490399999999909,2.209600000000137,1.463862068965513,0.38096551724140587,False,False,12,40,205
ICICIBANK,2026-07-08,BUY,2026-07-08 09:45:00+05:30,2026-07-08 09:50:00+05:30,1417.4083500000002,1416.8,1413.5749725919172,1416.7,1417.7,1415.1,1416.1,1413.8008553481002,1416.1,1410.3,5.7999999999999545,3.225027408082724,3.6074946518999695,0.1681356483979582,0.7000000000000455,-0.04235194466013503,2.8999999999999773,0.8916499999997995,41.508350000000064,0.3074655172413126,14.313224137931169,False,True,9,50,35
ICICIBANK,2026-07-09,BUY,2026-07-09 09:50:00+05:30,2026-07-09 09:55:00+05:30,1399.39935,1399.0,1394.786740405594,1398.7,1399.3,1397.0,1398.4,1395.0015240763516,1398.0,1381.4,16.59999999999991,4.213259594406054,4.39782592364827,0.39920553760123767,1.0,-0.021448487881603473,8.299999999999955,4.200649999999996,22.09934999999996,0.5061024096385565,2.662572289156636,False,True,9,55,40
ICICIBANK,2026-07-09,SELL,2026-07-09 15:00:00+05:30,2026-07-09 15:05:00+05:30,1379.31,1380.0,1388.687671059945,1380.0,1380.8,1377.3,1380.4,1388.060464832639,1398.0,1381.4,16.59999999999991,8.687671059944932,8.750464832638954,-0.08964479672186383,1.400000000000091,0.028985507246392928,8.299999999999955,2.009999999999991,4.690000000000055,0.2421686746987954,0.5650602409638651,False,False,15,5,350
ICICIBANK,2026-07-10,BUY,2026-07-10 09:30:00+05:30,2026-07-10 09:35:00+05:30,1405.40235,1404.7,1400.1825873165253,1404.7,1404.8,1402.3,1404.2,1400.691755385827,1403.0,1389.6,13.400000000000091,4.517412683474731,4.710594614173033,0.8338689733591758,1.7000000000000455,-0.035594788922899134,6.7000000000000455,2.797649999999976,7.0023499999999785,0.4175597014925309,1.0451268656716315,False,True,9,35,20
ICICIBANK,2026-07-13,BUY,2026-07-13 09:45:00+05:30,2026-07-13 09:50:00+05:30,1397.8986,1397.2,1391.967946337898,1397.2,1398.8,1395.1,1398.8,1392.8795806480948,1393.5,1386.3,7.2000000000000455,5.232053662102089,5.019019351905172,0.458032222524028,3.7000000000000455,0.1145147437732641,3.6000000000000227,15.101400000000012,2.7986000000000786,4.19483333333331,0.7773888888889058,True,False,9,50,35
ICICIBANK,2026-07-14,SELL,2026-07-14 09:50:00+05:30,2026-07-14 09:55:00+05:30,1393.20305,1393.4,1396.6806507468982,1393.9,1396.5,1393.1,1396.2,1396.5284548285206,1402.5,1393.5,9.0,3.280650746898118,3.3254048285205045,-0.4103684620091798,0.09999999999990905,0.16500466317526108,4.5,0.8030499999999847,18.59694999999988,0.17845555555555215,4.132655555555528,False,True,9,55,40
ICICIBANK,2026-07-14,BUY,2026-07-14 13:45:00+05:30,2026-07-14 13:50:00+05:30,1404.3018,1403.3,1402.8192617261634,1403.6,1404.8,1402.8,1404.7,1402.84575582036,1402.5,1393.5,9.0,0.48073827383655043,1.4560441796400028,0.005167683298112031,0.7999999999999545,0.07836990595613269,4.5,4.798199999999952,1.501800000000003,1.0662666666666558,0.333733333333334,False,False,13,50,275
ICICIBANK,2026-07-16,SELL,2026-07-16 09:55:00+05:30,2026-07-16 10:00:00+05:30,1411.39395,1412.1,1416.5567830942027,1412.1,1412.5,1410.4,1411.7,1415.9870138627043,1423.7,1413.2,10.5,4.4567830942028195,4.593063862704412,-0.09137356100915481,1.1000000000001364,-0.028326605764450452,5.25,5.193949999999859,12.206050000000005,0.9893238095237826,2.3249619047619055,False,True,10,0,45
ICICIBANK,2026-07-17,BUY,2026-07-17 10:15:00+05:30,2026-07-17 10:20:00+05:30,1432.61595,1431.9,1428.6749955871667,1431.9,1432.2,1431.4,1432.0,1428.7468760832833,1431.5,1419.7,11.799999999999955,3.225004412833414,3.869073916716843,0.11401087242236863,0.40000000000009095,0.006983727913945081,5.899999999999977,22.484049999999797,2.6159500000001117,3.81085593220337,0.44338135593222405,True,False,10,20,65
ICICIBANK,2026-07-20,SELL,2026-07-20 09:40:00+05:30,2026-07-20 09:45:00+05:30,1443.3779499999998,1444.3,1459.0016119501386,1444.1,1445.6,1439.5,1444.5,1458.005238840411,1480.0,1444.5,35.5,14.701611950138613,14.627288840411211,-0.6616379478748734,0.20000000000004547,0.027698912817686328,17.75,3.877949999999828,22.22205000000008,0.21847605633801848,1.251946478873244,False,True,9,45,30
ICICIBANK,2026-07-21,SELL,2026-07-21 09:35:00+05:30,2026-07-21 09:40:00+05:30,1460.56935,1461.4,1469.08999654388,1461.3,1464.0,1461.3,1462.6,1468.768708237883,1473.9,1465.6,8.300000000000182,7.689996543879943,8.199358237882961,-0.2522279694964711,4.199999999999818,0.08896188325462351,4.150000000000091,3.9693500000000768,6.430650000000014,0.9564698795180698,1.5495542168674394,False,True,9,40,25
ICICIBANK,2026-07-22,SELL,2026-07-22 09:30:00+05:30,2026-07-22 09:35:00+05:30,1446.77625,1447.4,1452.8459238648838,1447.5,1448.0,1444.2,1444.8,1451.4560250245374,1466.4,1449.1,17.300000000000182,5.445923864883753,4.679775024537548,-1.3498821618491939,1.699999999999818,-0.18652849740933286,8.650000000000091,8.3762499999998,5.1237500000002,0.968352601156036,0.5923410404624446,False,False,9,35,20
ICICIBANK,2026-07-23,SELL,2026-07-23 12:35:00+05:30,2026-07-23 12:40:00+05:30,1431.78375,1432.3,1437.7502590368133,1432.5,1432.5,1428.7,1428.7,1437.5921661840553,1446.0,1432.5,13.5,5.45025903681335,5.808416184055204,-0.016768766315943838,0.20000000000004547,-0.265270506108195,6.75,5.1837500000001455,5.116250000000036,0.7679629629629845,0.7579629629629684,False,False,12,40,205
ICICIBANK,2026-07-24,SELL,2026-07-24 09:40:00+05:30,2026-07-24 09:45:00+05:30,1423.0881,1423.7,1424.6666101920705,1423.8,1423.9,1420.2,1420.9,1424.545328863794,1432.0,1423.8,8.200000000000045,0.9666101920704477,1.457228863794171,-0.9424614653571376,0.09999999999990905,-0.20368029217585626,4.100000000000023,7.688099999999849,16.91190000000006,1.8751463414633676,4.124853658536577,False,True,9,45,30
ICICIBANK,2026-07-24,BUY,2026-07-24 15:15:00+05:30,2026-07-24 15:20:00+05:30,1434.01665,1433.6,1427.6033063513496,1433.3,1436.2,1432.9,1434.5,1427.7655076035999,1432.0,1423.8,8.200000000000045,5.996693648650307,6.251142396400155,0.12353829629885461,1.599999999999909,0.08372287727622663,4.100000000000023,2.1833500000000186,1.116649999999936,0.532524390243904,0.27235365853656823,False,False,15,20,365
ICICIBANK,2026-07-27,BUY,2026-07-27 13:40:00+05:30,2026-07-27 13:45:00+05:30,1440.5199,1439.8,1435.6627329483704,1439.8,1442.8,1439.2,1442.1,1435.763423534,1439.6,1429.2,10.399999999999864,4.137267051629578,4.756476466000095,0.07587412098870774,0.20000000000004547,0.15974440894568342,5.199999999999932,8.480099999999993,1.3198999999999614,1.6307884615384816,0.253826923076919,False,False,13,45,270
ICICIBANK,2026-07-28,BUY,2026-07-28 09:35:00+05:30,2026-07-28 09:40:00+05:30,1445.7225,1445.5,1443.1332210339046,1445.0,1445.9,1441.6,1441.6,1443.108437651118,1445.3,1440.3,5.0,2.366778966095353,2.614062348882044,-0.02312814473111451,0.20000000000004547,-0.23529411764706687,2.5,0.1775000000000091,27.82249999999999,0.07100000000000364,11.128999999999996,False,True,9,40,25
ICICIBANK,2026-07-28,SELL,2026-07-28 10:00:00+05:30,2026-07-28 10:05:00+05:30,1439.1800500000002,1439.9,1442.6109300920987,1439.9,1441.1,1439.0,1439.4,1442.465755957407,1445.3,1440.3,5.0,2.710930092098579,3.28570595740689,-0.11307323497193811,0.3999999999998636,-0.034724633655114356,2.5,21.280050000000074,2.0199499999998807,8.51202000000003,0.8079799999999523,True,False,10,5,50
ICICIBANK,2026-07-28,SELL,2026-07-28 15:20:00+05:30,2026-07-28 15:25:00+05:30,1425.0871,1426.8,1430.9084168207828,1425.8,1427.8,1417.9,1418.0,1429.9128680815502,1445.3,1440.3,5.0,4.10841682078285,4.825768081550223,-0.12270572600572685,13.5,-0.5470612989199042,2.5,7.187099999999873,2.7128999999999905,2.874839999999949,1.0851599999999961,True,True,15,25,370
ICICIBANK,2026-07-30,BUY,2026-07-30 15:20:00+05:30,2026-07-30 15:25:00+05:30,1440.41985,1439.7,1430.9092428399663,1439.7,1439.8,1426.5,1429.5,1431.0191806054195,1434.8,1423.8,11.0,8.790757160033763,9.400669394580518,0.4698597134356942,4.900000000000091,-0.7084809335278219,5.5,0.0,13.919849999999997,0.0,2.530881818181818,False,True,15,25,370
ICICIBANK,2026-07-31,SELL,2026-07-31 10:05:00+05:30,2026-07-31 10:10:00+05:30,1432.6833,1433.5,1436.9920227153686,1433.4,1435.3,1433.4,1434.1,1436.9312643073433,1441.9,1434.3,7.600000000000136,3.4920227153686483,4.247964307343409,-0.25261184766163064,0.7999999999999545,0.04883493790985849,3.800000000000068,1.2832999999998265,4.516700000000128,0.3377105263157377,1.1886052631579072,False,True,10,10,55
ICICIBANK,2026-08-03,BUY,2026-08-03 09:30:00+05:30,2026-08-03 09:35:00+05:30,1448.02365,1447.7,1440.6820973371834,1447.3,1448.8,1446.6,1448.2,1441.6265437642858,1446.4,1433.0,13.400000000000091,7.017902662816596,6.397106235714318,1.0382335955397501,1.2999999999999545,0.062184757824912396,6.7000000000000455,1.8763500000000022,6.023650000000089,0.2800522388059686,0.8990522388059773,False,False,9,35,20
ICICIBANK,2026-08-04,BUY,2026-08-04 09:40:00+05:30,2026-08-04 09:45:00+05:30,1452.82605,1452.1,1448.3358213574772,1452.1,1452.9,1451.7,1452.8,1448.906240583088,1452.0,1443.1,8.900000000000091,3.7641786425226655,3.919809416911903,-0.0004561186590075231,0.09999999999990905,0.048206046415533166,4.4500000000000455,0.5739500000001954,22.02604999999994,0.1289775280899302,4.949674157303307,False,True,9,45,30
ICICIBANK,2026-08-04,SELL,2026-08-04 12:00:00+05:30,2026-08-04 12:05:00+05:30,1440.8792,1441.7,1447.4553884197253,1441.6,1442.0,1440.9,1441.9,1447.3100234090969,1452.0,1443.1,8.900000000000091,5.75538841972525,6.430823409096774,-0.10584403881359357,1.3999999999998636,0.020810210876809343,4.4500000000000455,10.079200000000128,2.820799999999963,2.2649887640449493,0.6338876404494234,True,False,12,5,170
ICICIBANK,2026-08-05,SELL,2026-08-05 11:50:00+05:30,2026-08-05 11:55:00+05:30,1443.278,1443.8,1448.519845313817,1444.0,1444.7,1442.7,1443.6,1448.318886618402,1454.6,1444.3,10.299999999999955,4.719845313817132,5.040886618402055,-0.08208779217857785,0.5,-0.027700831024934924,5.149999999999977,12.077999999999975,2.321999999999889,2.3452427184466074,0.45087378640774745,True,False,11,55,160
ICICIBANK,2026-08-07,SELL,2026-08-07 10:35:00+05:30,2026-08-07 10:40:00+05:30,1448.8752,1449.7,1452.8059252507105,1449.6,1449.7,1449.0,1449.2,1452.6432724412855,1455.0,1449.8,5.2000000000000455,3.10592525071047,3.7680724412855398,-0.05757451846053375,0.09999999999990905,-0.027593818984539276,2.6000000000000227,30.675199999999904,1.0248000000001412,11.798153846153706,0.394153846153897,True,False,10,40,85
ICICIBANK,2026-08-10,SELL,2026-08-10 09:35:00+05:30,2026-08-10 09:40:00+05:30,1426.18655,1427.3,1433.668746905843,1426.9,1427.3,1425.4,1426.9,1433.414193597412,1441.9,1428.1,13.800000000000182,6.368746905842954,7.227643597411998,-0.7678287825230133,0.7999999999999545,0.0,6.900000000000091,10.686549999999897,3.3134500000001026,1.5487753623188052,0.48021014492754477,False,False,9,40,25
ICICIBANK,2026-08-11,SELL,2026-08-11 09:50:00+05:30,2026-08-11 09:55:00+05:30,1422.0886,1422.6,1425.9827205778997,1422.8,1423.6,1421.2,1423.0,1425.8232173450217,1434.0,1422.8,11.200000000000045,3.3827205778998177,3.734617345021661,-0.15377237900309593,0.20000000000004547,0.014056789429295335,5.600000000000023,9.888599999999997,5.211399999999912,1.7658214285714209,0.9306071428571234,False,False,9,55,40
ICICIBANK,2026-08-12,BUY,2026-08-12 10:20:00+05:30,2026-08-12 10:25:00+05:30,1433.7165,1432.9,1428.101388382383,1433.0,1433.0,1432.1,1432.4,1428.2233643005693,1431.9,1418.6,13.300000000000182,4.798611617617098,5.493135699430695,0.09567906661729605,1.0,-0.041870202372640275,6.650000000000091,1.2835000000000036,12.316499999999905,0.19300751879699038,1.8521052631578552,False,True,10,25,70
ICICIBANK,2026-08-13,SELL,2026-08-13 09:30:00+05:30,2026-08-13 09:35:00+05:30,1415.292,1416.0,1419.9212325502092,1416.0,1416.7,1414.1,1416.2,1419.2563976626352,1429.0,1416.5,12.5,3.921232550209197,3.9643976626352924,-1.00680359878659,0.5,0.014124293785311437,6.25,8.891999999999825,3.008000000000038,1.422719999999972,0.4812800000000061,False,False,9,35,20
ICICIBANK,2026-08-14,BUY,2026-08-14 09:40:00+05:30,2026-08-14 09:45:00+05:30,1413.5064,1412.8,1407.511105822856,1412.8,1413.8,1412.0,1412.0,1407.9708614943906,1410.5,1401.0,9.5,5.288894177143902,5.535538505609338,0.44613243206717157,2.2999999999999545,-0.05662514156284937,4.75,4.293599999999969,10.006399999999985,0.9039157894736778,2.1066105263157864,False,True,9,45,30
TMPV,2025-08-18,BUY,2025-08-18 09:40:00+05:30,2025-08-18 09:45:00+05:30,469.484625,469.1,466.8663264964347,469.25,470.05,469.0,469.2,466.97195003331746,468.75,463.3,5.449999999999989,2.233673503565342,2.512674966682539,0.23553163213075817,0.35000000000002274,-0.010655301012252316,2.7249999999999943,2.1153750000000286,4.734624999999994,0.7762844036697369,1.7374770642201849,False,True,9,45,30
TMPV,2025-08-19,BUY,2025-08-19 09:45:00+05:30,2025-08-19 09:50:00+05:30,467.483625,467.2,465.95296726387465,467.25,471.15,467.1,470.3,466.83244694063563,466.95,463.45,3.5,1.247032736125334,0.6511780593643834,0.1694045038716073,0.25,0.6527554842161498,1.75,16.766374999999982,0.383624999999995,9.580785714285705,0.21921428571428286,True,False,9,50,35
TMPV,2025-08-20,SELL,2025-08-20 09:35:00+05:30,2025-08-20 09:40:00+05:30,476.26175,476.5,478.2002308474932,476.5,478.0,476.45,477.85,478.1314694332515,482.5,477.15,5.350000000000023,1.7002308474931738,1.8697194332514755,-0.21947139003505345,0.6499999999999773,0.28331584470095983,2.6750000000000114,1.861750000000029,2.538250000000005,0.6959813084112229,0.948878504672895,False,False,9,40,25
TMPV,2025-08-21,SELL,2025-08-21 10:10:00+05:30,2025-08-21 10:15:00+05:30,475.712025,475.95,476.9192695475856,475.95,476.45,475.2,475.5,476.8468512316402,478.15,476.15,2.0,0.9692695475856112,1.1348262316402042,-0.01648181005952808,0.19999999999998863,-0.09454774661203924,1.0,4.11202499999996,2.737975000000006,4.11202499999996,2.737975000000006,True,True,10,15,60
TMPV,2025-08-22,SELL,2025-08-22 09:30:00+05:30,2025-08-22 09:35:00+05:30,469.765,470.2,472.15667664292124,470.0,470.65,469.95,470.45,471.94654617756925,476.1,470.5,5.600000000000023,1.956676642921252,2.1815461775692597,-0.6022730815079567,0.30000000000001137,0.09574468085105092,2.8000000000000114,2.5649999999999977,1.7350000000000136,0.916071428571424,0.6196428571428595,False,False,9,35,20
TMPV,2025-08-25,BUY,2025-08-25 09:35:00+05:30,2025-08-25 09:40:00+05:30,472.185975,471.95,470.28040477985235,471.95,472.6,471.6,472.45,470.55694384818037,471.4,468.4,3.0,1.6695952201476416,1.6290311518196177,0.12765702062886713,0.5500000000000114,0.10594342621039754,1.5,2.1140250000000265,1.3359749999999622,1.4093500000000176,0.8906499999999747,False,False,9,40,25
TMPV,2025-08-28,SELL,2025-08-28 09:45:00+05:30,2025-08-28 09:50:00+05:30,462.9684,463.0,465.2689211013728,463.2,463.65,462.9,463.0,465.0696761764933,468.1,463.45,4.650000000000034,2.2689211013728254,2.101276176493343,-0.14486308070979376,0.44999999999998863,-0.043177892918822014,2.325000000000017,3.168399999999963,5.831600000000037,1.3627526881720171,2.5082150537634385,False,True,9,50,35
TMPV,2025-08-29,SELL,2025-08-29 09:30:00+05:30,2025-08-29 09:35:00+05:30,460.919425,461.2,464.3623476702369,461.15,461.9,460.65,461.8,463.9545742379442,468.95,462.0,6.949999999999989,3.1623476702368976,3.0351492379442107,-0.5784059242963392,0.8000000000000114,0.14095196790633313,3.4749999999999943,1.0194250000000125,7.280574999999999,0.2933597122302199,2.0951294964028806,False,True,9,35,20
TMPV,2025-09-01,BUY,2025-09-01 11:15:00+05:30,2025-09-01 11:20:00+05:30,465.382575,465.1,463.4316868851839,465.15,465.65,465.1,465.45,463.5943270755142,464.55,461.65,2.900000000000034,1.668313114816101,1.7882479244858018,0.029883277303239645,0.5500000000000114,0.06449532408900893,1.450000000000017,10.717425000000048,0.332574999999963,7.391327586206843,0.22936206896548902,True,False,11,20,125
TMPV,2025-09-02,BUY,2025-09-02 10:25:00+05:30,2025-09-02 10:30:00+05:30,477.13845,476.75,474.83280461524146,476.9,477.3,476.55,476.7,474.94773660050805,476.45,472.15,4.300000000000011,1.9171953847585428,2.1907133994919263,0.07340250358847943,0.30000000000001137,-0.041937513105472224,2.1500000000000057,1.1115500000000225,7.838449999999966,0.5170000000000091,3.6457906976743932,False,True,10,30,75
TMPV,2025-09-02,SELL,2025-09-02 14:20:00+05:30,2025-09-02 14:25:00+05:30,471.764,472.0,475.0664014344681,472.0,472.45,469.3,470.5,474.8718248756702,476.45,472.15,4.300000000000011,3.066401434468105,3.1078248756701896,-0.05810834774676621,0.14999999999997726,-0.31779661016949623,2.1500000000000057,2.4639999999999986,1.0360000000000014,1.1460465116279033,0.48186046511627845,False,False,14,25,310
TMPV,2025-09-03,BUY,2025-09-03 11:35:00+05:30,2025-09-03 11:40:00+05:30,475.0374,474.8,473.1143224830967,474.8,475.35,474.6,474.95,473.2088228451808,474.15,471.6,2.5499999999999545,1.6856775169032971,1.828577154819186,0.013803935458417653,0.6500000000000341,0.03159224936815086,1.2749999999999773,2.4125999999999976,0.8874000000000137,1.892235294117679,0.6960000000000232,False,False,11,40,145
TMPV,2025-09-04,SELL,2025-09-04 10:00:00+05:30,2025-09-04 10:05:00+05:30,480.5596,481.0,483.3566600211105,480.8,481.4,479.7,479.75,483.1362447036024,486.3,481.1,5.199999999999989,2.3566600211104856,2.576644703602426,-0.055651684906711726,0.10000000000002274,-0.2183860232945145,2.5999999999999943,8.459599999999966,1.3903999999999996,3.253692307692302,0.5347692307692318,True,False,10,5,50
TMPV,2025-09-05,BUY,2025-09-05 09:45:00+05:30,2025-09-05 09:50:00+05:30,479.389575,479.15,477.255293320888,479.15,480.15,478.7,478.8,477.4608394176614,478.8,473.4,5.400000000000034,1.894706679112005,1.928735582338561,0.2986228415609978,0.3499999999999659,-0.07304601899196239,2.700000000000017,0.7604249999999979,9.089574999999968,0.28163888888888633,3.3665092592592263,False,True,9,50,35
TMPV,2025-09-08,BUY,2025-09-08 09:30:00+05:30,2025-09-08 09:35:00+05:30,489.194475,488.85,485.45155671501976,488.95,492.3,488.2,491.65,486.97021473135385,487.8,477.85,9.949999999999989,3.39844328498026,2.2242602686461623,0.6312545837686553,1.0500000000000114,0.5522037018099946,4.974999999999994,7.9055250000000115,0.9944750000000226,1.5890502512562856,0.19989447236181382,False,False,9,35,20
TMPV,2025-09-09,SELL,2025-09-09 09:30:00+05:30,2025-09-09 09:35:00+05:30,492.45365,492.7,494.68229669694216,492.7,493.5,492.3,492.75,494.44620182091404,497.25,493.3,3.9499999999999886,1.9822966969421714,1.9925518209140591,-0.16169339212792835,0.6000000000000227,0.010148163182477354,1.9749999999999943,1.203649999999982,2.796350000000018,0.6094430379746761,1.4158734177215322,False,True,9,35,20
TMPV,2025-09-10,BUY,2025-09-10 11:00:00+05:30,2025-09-10 11:05:00+05:30,495.8478,495.6,492.42898555466013,495.6,495.7,494.65,495.2,492.55795054914995,495.0,489.0,6.0,3.1710144453398925,3.289849450850056,0.08944468087964332,0.6000000000000227,-0.08071025020178757,3.0,0.0,12.047799999999995,0.0,4.015933333333332,False,True,11,5,110
TMPV,2025-09-10,SELL,2025-09-10 12:35:00+05:30,2025-09-10 12:40:00+05:30,488.85545,488.95,491.2740425129984,489.1,489.65,488.9,489.4,491.2531522975265,495.0,489.0,6.0,2.3240425129984033,2.397702297526507,-0.044692389252980864,0.05000000000001137,0.061337149867091156,3.0,2.4054500000000303,0.9945500000000038,0.8018166666666767,0.33151666666666796,False,False,12,40,205
TMPV,2025-09-11,SELL,2025-09-11 09:30:00+05:30,2025-09-11 09:35:00+05:30,487.805975,488.05,489.00620260791516,488.05,488.5,487.75,488.2,488.91352196436503,490.2,488.3,1.8999999999999773,0.9562026079151451,1.1075469643650422,-0.09250256022070105,0.25,0.030734555885669756,0.9499999999999886,2.7059749999999667,0.7940250000000333,2.848394736842104,0.8358157894737293,True,False,9,35,20
TMPV,2025-09-12,BUY,2025-09-12 09:30:00+05:30,2025-09-12 09:35:00+05:30,494.196975,493.8,491.30932313505264,493.95,494.9,493.15,494.4,491.96374331182295,493.2,487.0,6.199999999999989,2.4906768649473747,2.2332316881770566,0.8672490269994158,0.6000000000000227,0.09110233829334735,3.0999999999999943,0.7530249999999796,4.296975000000032,0.24291129032257452,1.3861209677419484,False,True,9,35,20
TMPV,2025-09-15,SELL,2025-09-15 11:15:00+05:30,2025-09-15 11:20:00+05:30,490.25475,490.5,493.5483368099092,490.5,490.9,490.4,490.75,493.5123104903943,497.05,490.6,6.449999999999989,3.0483368099091877,3.257560490394326,-0.05583319359787529,0.10000000000002274,0.05096839959224386,3.2249999999999943,0.3547500000000241,1.6952499999999873,0.11000000000000766,0.5256589147286791,False,False,11,20,125
TMPV,2025-09-16,BUY,2025-09-16 10:00:00+05:30,2025-09-16 10:05:00+05:30,495.097425,494.85,492.528627543932,494.85,494.95,494.15,494.5,492.74622837938074,492.95,491.05,1.8999999999999773,2.3213724560680475,2.3511966206192483,0.07651155689341364,1.900000000000034,-0.0707285035869476,0.9499999999999886,0.402575000000013,9.69742500000001,0.4237631578947556,10.207815789473816,False,True,10,5,50
TMPV,2025-09-16,SELL,2025-09-16 12:45:00+05:30,2025-09-16 12:50:00+05:30,490.104825,490.45,492.8326863351565,490.35,490.5,488.85,489.15,492.628060761532,492.95,491.05,1.8999999999999773,2.3826863351565066,2.523235761532021,-0.03969266082662574,0.6000000000000227,-0.24472315692873892,0.9499999999999886,4.704825000000028,2.4951750000000175,4.952447368421141,2.62650000000005,True,True,12,50,215
TMPV,2025-09-17,BUY,2025-09-17 09:35:00+05:30,2025-09-17 09:40:00+05:30,496.298025,496.05,495.03004025142593,496.05,496.4,495.4,496.35,495.15532016561247,495.7,491.8,3.8999999999999773,1.019959748574081,1.14270483438753,0.20847609224975638,0.35000000000002274,0.0604777744179108,1.9499999999999886,0.45197500000000446,2.448024999999973,0.23178205128205492,1.2553974358974294,False,True,9,40,25
TMPV,2025-09-18,SELL,2025-09-18 11:25:00+05:30,2025-09-18 11:30:00+05:30,495.05235,495.35,496.80760800817427,495.3,495.5,495.25,495.45,496.78593550418987,499.35,495.4,3.9500000000000455,1.4576080081742475,1.7335855041898753,-0.025766182704539165,0.049999999999954525,0.030284675953962115,1.9750000000000227,7.852350000000001,0.49765000000002146,3.975873417721474,0.25197468354431174,True,False,11,30,135
TMPV,2025-09-19,SELL,2025-09-19 09:55:00+05:30,2025-09-19 10:00:00+05:30,487.706025,488.0,489.5225754054269,487.95,488.05,487.55,487.85,489.4042340928117,491.25,488.5,2.75,1.5225754054268918,1.6982090928116804,-0.06271430590860971,0.5,-0.02049390306383403,1.375,2.3560249999999883,3.1439750000000117,1.7134727272727188,2.286527272727281,False,True,10,0,45
TMPV,2025-09-22,SELL,2025-09-22 14:35:00+05:30,2025-09-22 14:40:00+05:30,481.209275,481.35,485.54546101986375,481.45,481.6,480.1,480.1,485.36800800358014,490.2,482.8,7.399999999999977,4.195461019863728,4.158733003580153,-0.05809873941453031,1.4499999999999886,-0.2804029494236082,3.6999999999999886,2.8092750000000137,0.39072500000003174,0.7592635135135195,0.10560135135136026,False,False,14,40,325
TMPV,2025-09-23,SELL,2025-09-23 11:35:00+05:30,2025-09-23 11:40:00+05:30,479.76,480.0,483.2436274151504,480.0,480.35,479.9,480.25,483.19631536335845,487.3,480.25,7.050000000000011,3.2436274151503994,3.43631536335846,-0.055064604992537194,0.25,0.05208333333333037,3.5250000000000057,0.0,4.139999999999986,0.0,1.1744680851063771,False,True,11,40,145
TMPV,2025-09-24,SELL,2025-09-24 14:20:00+05:30,2025-09-24 14:25:00+05:30,471.514125,471.75,474.98457140988285,471.75,472.3,471.6,471.95,474.9319539422832,484.2,472.65,11.550000000000011,3.2345714098828466,3.417828942283222,-0.029912277950497227,0.8999999999999773,0.04239533651297922,5.775000000000006,2.4641249999999673,0.7858750000000327,0.4266883116883056,0.1360822510822566,False,False,14,25,310
TMPV,2025-09-25,SELL,2025-09-25 09:50:00+05:30,2025-09-25 09:55:00+05:30,458.3707,458.6,461.15877715653403,458.6,460.0,457.85,459.45,461.014324141382,464.75,458.8,5.949999999999989,2.5587771565340063,2.64362414138202,-0.14263550598997796,0.19999999999998863,0.1853467073702486,2.9749999999999943,7.220700000000022,2.429300000000012,2.42712605042018,0.8165714285714342,True,False,9,55,40
TMPV,2025-09-26,BUY,2025-09-26 09:35:00+05:30,2025-09-26 09:40:00+05:30,464.33205,463.95,460.03898644844077,464.1,466.0,462.65,463.0,460.9264585485541,461.8,456.05,5.75,3.911013551559222,3.4055914514459005,0.5243678276229877,2.1499999999999773,-0.23701788407671787,2.875,4.067949999999996,3.7320499999999583,1.4149391304347814,1.2981043478260725,False,True,9,40,25
TMPV,2025-09-29,SELL,2025-09-29 09:40:00+05:30,2025-09-29 09:45:00+05:30,464.66755,464.9,467.02963925059163,464.9,465.05,463.35,463.85,466.7131437104399,471.6,465.6,6.0,2.1296392505916515,2.0455937104399027,-0.10459077341523892,0.7000000000000455,-0.22585502258549717,3.0,3.3675499999999943,2.782449999999983,1.1225166666666648,0.9274833333333277,False,False,9,45,30
TMPV,2025-09-30,SELL,2025-09-30 10:35:00+05:30,2025-09-30 10:40:00+05:30,459.07035,459.3,461.7786016681931,459.3,459.9,459.0,459.9,461.68253431963404,464.3,459.35,4.949999999999989,2.4786016681931073,2.612184319634025,-0.05052951187929846,0.05000000000001137,0.1306335728282093,2.4749999999999943,0.07035000000001901,11.529650000000004,0.02842424242425017,4.658444444444457,False,True,10,40,85
TMPV,2025-10-01,BUY,2025-10-01 09:35:00+05:30,2025-10-01 09:40:00+05:30,473.386575,473.15,471.0498867911254,473.15,474.4,473.0,474.0,471.54143549696767,472.5,467.65,4.850000000000023,2.100113208874575,1.8451395030323283,0.3830315966607532,0.6499999999999773,0.1796470463912181,2.4250000000000114,22.313424999999995,0.38657499999999345,9.201412371133976,0.15941237113401718,True,False,9,40,25
TMPV,2025-10-03,SELL,2025-10-03 11:55:00+05:30,2025-10-03 12:00:00+05:30,492.703525,492.95,500.2853381576116,492.95,494.3,492.75,493.4,500.2041966683433,509.3,494.7,14.600000000000023,7.335338157611602,7.500671668343273,-0.07695997041325407,1.75,0.09128714879804711,7.300000000000011,0.4035250000000019,3.346474999999998,0.05527739726027415,0.4584212328767113,False,False,12,0,165
TMPV,2025-10-07,SELL,2025-10-07 11:15:00+05:30,2025-10-07 11:20:00+05:30,485.9569,486.2,488.13450102432955,486.2,486.2,484.7,484.85,487.9054426338728,490.85,486.3,4.550000000000011,1.9345010243295633,1.948542633872762,-0.020270673133561228,0.10000000000002274,-0.2776635129576266,2.2750000000000057,5.956900000000019,0.2430999999999699,2.618417582417584,0.10685714285712936,True,False,11,20,125
TMPV,2025-10-08,SELL,2025-10-08 11:00:00+05:30,2025-10-08 11:05:00+05:30,472.913425,473.25,477.94330966625273,473.15,473.3,471.85,472.95,477.69159225651913,483.35,474.3,9.050000000000011,4.6933096662527305,4.778167256519112,-0.07583812394012163,1.0500000000000114,-0.0422698932685206,4.525000000000006,5.413425000000018,3.1365749999999935,1.1963370165745881,0.6931657458563513,False,False,11,5,110
TMPV,2025-10-09,SELL,2025-10-09 09:40:00+05:30,2025-10-09 09:45:00+05:30,462.7685,463.1,466.5744585558071,463.0,463.0,460.45,462.55,465.5785313956046,471.35,464.05,7.300000000000011,3.4744585558070753,2.8100313956045966,-0.09198950384310813,0.9499999999999886,-0.09719222462202248,3.6500000000000057,2.3185000000000286,8.831500000000005,0.6352054794520616,2.4195890410958882,False,True,9,45,30
TMPV,2025-10-10,BUY,2025-10-10 10:10:00+05:30,2025-10-10 10:15:00+05:30,471.8358,471.55,470.15044937113237,471.6,472.15,471.4,472.05,470.23180963139964,471.5,467.0,4.5,1.3995506288676438,1.603990368600364,0.059157616538498624,0.05000000000001137,0.0954198473282375,2.25,2.2642000000000166,12.685800000000029,1.0063111111111185,5.6381333333333465,False,True,10,15,60
TMPV,2025-10-10,SELL,2025-10-10 12:10:00+05:30,2025-10-10 12:15:00+05:30,466.616575,466.8,469.3172753390124,466.85,467.5,466.1,466.8,469.2495669141266,471.5,467.0,4.5,2.5172753390123717,2.632991914126592,-0.05376492802601464,0.19999999999998863,-0.01071007818357339,2.25,1.5665750000000003,2.083424999999977,0.6962555555555556,0.9259666666666564,False,False,12,15,180
TMPV,2025-10-13,SELL,2025-10-13 13:00:00+05:30,2025-10-13 13:05:00+05:30,457.1713,457.5,460.4777939615894,457.4,458.0,457.25,457.5,460.44199955527523,467.75,458.0,9.75,2.9777939615893843,3.2706995552752574,-0.022238707758487474,0.5,0.021862702229991093,4.875,4.071299999999951,0.9787000000000035,0.8351384615384515,0.20075897435897508,False,False,13,5,230
TMPV,2025-10-14,SELL,2025-10-14 12:05:00+05:30,2025-10-14 12:10:00+05:30,405.447175,405.85,406.2130627928594,405.65,407.95,405.45,407.95,406.22125061176166,561.65,561.65,0.0,0.3630627928593526,0.7740756117616456,0.029992383984584644,155.79999999999995,0.5669912486133466,0.0,11.547175000000038,4.352824999999996,,,False,False,12,10,175
TMPV,2025-10-15,SELL,2025-10-15 11:10:00+05:30,2025-10-15 11:15:00+05:30,391.50415,391.6,395.7167219405506,391.7,392.0,391.2,391.2,395.63245261526487,403.0,392.1,10.899999999999977,4.116721940550576,4.128302615264886,-0.05036860102002161,0.5,-0.12764871074801842,5.449999999999989,3.5041499999999814,2.29585000000003,0.6429633027522915,0.42125688073395134,False,False,11,15,120
TMPV,2025-10-16,BUY,2025-10-16 09:45:00+05:30,2025-10-16 09:50:00+05:30,397.948875,397.6,393.7237318206385,397.75,397.85,395.6,396.25,393.9554922867747,395.45,389.55,5.899999999999977,3.8762681793615457,3.9933827132252873,0.3409361601656207,2.150000000000034,-0.37712130735386706,2.9499999999999886,2.501125000000002,2.698874999999987,0.8478389830508514,0.9148728813559313,False,False,9,50,35
TMPV,2025-10-17,BUY,2025-10-17 09:35:00+05:30,2025-10-17 09:40:00+05:30,401.6007,401.5,399.635300486492,401.4,402.5,400.15,400.6,399.85076637879814,400.65,396.15,4.5,1.8646995135080147,1.7499336212018761,0.2505593586748908,0.8500000000000227,-0.19930244145489606,2.25,0.8992999999999824,9.350700000000018,0.3996888888888811,4.155866666666674,False,True,9,40,25
TMPV,2025-10-17,SELL,2025-10-17 12:50:00+05:30,2025-10-17 12:55:00+05:30,395.452175,395.75,398.78352241179846,395.65,396.0,395.35,395.55,398.74531074967814,400.65,396.15,4.5,3.033522411798458,3.293135749678129,-0.029958220558866665,0.39999999999997726,-0.025274864147595277,2.25,3.202175000000011,1.9478249999999662,1.4231888888888937,0.8656999999999849,False,False,12,55,220
TMPV,2025-10-20,BUY,2025-10-20 10:45:00+05:30,2025-10-20 10:50:00+05:30,402.4011,402.15,399.5913987526338,402.2,402.2,401.0,401.2,399.66446374971554,400.4,396.6,3.7999999999999545,2.558601247366198,2.736636250284448,0.06972860945103758,1.75,-0.24863252113376255,1.8999999999999773,0.0,4.401099999999985,0.0,2.3163684210526516,False,True,10,50,95
TMPV,2025-10-23,BUY,2025-10-23 12:10:00+05:30,2025-10-23 12:15:00+05:30,408.50415,408.25,406.17291731905635,408.3,408.7,407.95,408.0,406.22712640727264,407.95,403.7,4.25,2.077082680943647,2.277023592727346,0.02166778994117473,0.30000000000001137,-0.07347538574578039,2.125,0.3958499999999958,3.45414999999997,0.1862823529411745,1.6254823529411624,False,True,12,15,180
TMPV,2025-10-24,SELL,2025-10-24 13:15:00+05:30,2025-10-24 13:20:00+05:30,403.3982,403.6,405.4636983043794,403.6,403.8,403.1,403.1,405.40158545543545,408.5,404.25,4.25,1.8636983043793975,2.0033854554354775,-0.013584833342255059,0.6499999999999773,-0.12388503468780954,2.125,2.3981999999999744,0.9518000000000484,1.128564705882341,0.44790588235296397,False,False,13,20,245
TMPV,2025-10-27,BUY,2025-10-27 09:35:00+05:30,2025-10-27 09:40:00+05:30,408.654225,408.45,407.1229979724361,408.45,409.85,408.45,409.35,407.5870636932499,408.2,403.65,4.550000000000011,1.3270020275638785,1.0671613067501085,0.4048596128019627,0.25,0.22034520749174558,2.2750000000000057,2.7457749999999805,0.8542249999999854,1.2069340659340544,0.3754835164835091,False,False,9,40,25
TMPV,2025-10-28,BUY,2025-10-28 09:35:00+05:30,2025-10-28 09:40:00+05:30,413.50665,413.2,411.28456300412205,413.3,414.15,413.2,413.9,411.73717203837055,411.9,409.75,2.1499999999999773,1.9154369958779398,1.769477961629434,0.012792175987557042,1.3000000000000114,0.1451729978223959,1.0749999999999886,0.6433499999999981,4.956649999999968,0.5984651162790743,4.610837209302344,False,True,9,40,25
TMPV,2025-10-28,SELL,2025-10-28 12:35:00+05:30,2025-10-28 12:40:00+05:30,409.345225,409.5,411.52533498719527,409.55,410.85,409.45,410.8,411.5044346965543,411.9,409.75,2.1499999999999773,2.025334987195265,2.159209696554285,-0.032620931119151,0.25,0.30521303870101324,1.0749999999999886,0.7952250000000163,3.1547749999999724,0.7397441860465346,2.9346744186046565,False,True,12,40,205
TMPV,2025-10-29,BUY,2025-10-29 10:00:00+05:30,2025-10-29 10:05:00+05:30,413.2065,413.0,410.4662150171723,413.0,413.15,412.4,413.0,410.5631024934217,412.65,407.05,5.599999999999966,2.533784982827683,2.64339750657831,0.23761751189465863,0.35000000000002274,0.0,2.799999999999983,1.7934999999999945,2.7065000000000055,0.6405357142857162,0.9666071428571507,False,False,10,5,50
TMPV,2025-10-30,SELL,2025-10-30 09:30:00+05:30,2025-10-30 09:35:00+05:30,411.29425,411.5,413.8818627482079,411.5,411.7,411.0,411.0,413.5150375114573,419.0,412.05,6.949999999999989,2.3818627482078796,2.220787511457331,-0.36885204377413483,0.5500000000000114,-0.12150668286755595,3.4749999999999943,3.194249999999954,2.2557500000000346,0.9192086330935134,0.649136690647493,False,False,9,35,20
TMPV,2025-10-31,BUY,2025-10-31 09:30:00+05:30,2025-10-31 09:35:00+05:30,415.0074,414.9,413.74690418202675,414.8,417.0,414.8,416.9,414.96824210168415,414.75,411.65,3.1000000000000227,1.1530958179732238,0.039157898315863804,0.27074890452906636,0.14999999999997726,0.5062680810028919,1.5500000000000114,2.4925999999999817,5.957400000000007,1.6081290322580408,3.8434838709677184,False,True,9,35,20
TMPV,2025-10-31,SELL,2025-10-31 14:15:00+05:30,2025-10-31 14:20:00+05:30,410.044875,410.25,414.29151210987436,410.25,410.95,409.75,410.65,414.2240390558515,414.75,411.65,3.1000000000000227,4.041512109874361,4.1791640558515155,-0.06298642688310697,1.3999999999999773,0.09750152346130747,1.5500000000000114,0.9948749999999791,1.4551250000000095,0.6418548387096592,0.9387903225806444,False,False,14,20,305
TMPV,2025-11-03,SELL,2025-11-03 10:10:00+05:30,2025-11-03 10:15:00+05:30,410.544625,410.85,411.9259112833947,410.75,411.9,410.6,411.65,411.90537854672726,414.5,410.95,3.5500000000000114,1.0759112833947029,1.360753546727267,-0.023287025552788443,0.0999999999999659,0.21911138161898602,1.7750000000000057,0.0,7.305375000000026,0.0,4.115704225352115,False,True,10,15,60
TMPV,2025-11-04,SELL,2025-11-04 09:30:00+05:30,2025-11-04 09:35:00+05:30,412.343725,412.55,414.6484008409609,412.55,412.8,412.2,412.6,414.3982175457,417.5,413.25,4.25,2.098400840960892,2.0544925456999863,-0.5808362281510382,0.6999999999999886,0.012119743061456134,2.125,7.2437249999999835,0.6062749999999824,3.4088117647058747,0.28530588235293286,True,False,9,35,20
TMPV,2025-11-06,SELL,2025-11-06 10:10:00+05:30,2025-11-06 10:15:00+05:30,405.747025,405.85,407.90009912080455,405.95,406.4,405.85,406.4,407.8204454510902,409.65,406.5,3.1499999999999773,2.050099120804532,2.0734204510902146,-0.07834965575598496,0.6499999999999773,0.11085109003572402,1.5749999999999886,0.34702500000003056,3.952974999999981,0.22033333333335434,2.509825396825403,False,True,10,15,60
TMPV,2025-11-07,SELL,2025-11-07 09:30:00+05:30,2025-11-07 09:35:00+05:30,403.648075,403.8,404.99475144534233,403.85,405.25,403.6,405.25,404.94728019697766,407.2,404.15,3.0500000000000114,1.1947514453423196,1.2992051969776526,-0.3333670334799531,0.3499999999999659,0.34666336511079976,1.5250000000000057,2.198075000000017,2.8519249999999943,1.4413606557377108,1.8701147540983498,False,True,9,35,20
TMPV,2025-11-10,BUY,2025-11-10 09:35:00+05:30,2025-11-10 09:40:00+05:30,409.654725,410.0,408.59989395845565,409.45,409.65,408.5,409.4,408.6574516827779,409.7,406.0,3.6999999999999886,1.4001060415443476,0.9972733172220956,0.07178123816100299,0.30000000000001137,-0.012211503236048138,1.8499999999999943,3.2952750000000037,2.654724999999985,1.7812297297297373,1.4349864864864827,False,True,9,40,25
TMPV,2025-11-11,SELL,2025-11-11 09:45:00+05:30,2025-11-11 09:50:00+05:30,404.8974500000001,405.1,407.3903857681667,405.1,405.1,402.8,403.75,406.7304021083226,413.7,405.75,7.949999999999989,2.2903857681666864,1.8329521083225018,-0.20685132287291627,0.6499999999999773,-0.333251049123684,3.9749999999999943,2.2474500000001285,3.5025499999998715,0.5653962264151274,0.8811446540880192,False,False,9,50,35
TMPV,2025-11-12,SELL,2025-11-12 10:00:00+05:30,2025-11-12 10:05:00+05:30,405.89695,406.1,408.3580464280503,406.1,406.3,404.75,404.85,407.7975787655715,411.4,407.5,3.8999999999999773,2.2580464280502497,1.9006287655714686,-0.12723586040324084,1.3999999999999773,-0.30780595912336395,1.9499999999999886,3.9969500000000266,0.40305000000000746,2.049717948717974,0.20669230769231273,True,False,10,5,50
TMPV,2025-11-13,SELL,2025-11-13 12:30:00+05:30,2025-11-13 12:35:00+05:30,398.2008,398.4,400.20674390074834,398.4,398.7,398.2,398.65,400.18226725013534,404.0,398.9,5.100000000000023,1.8067439007483586,1.9814672501353243,-0.015967310765366075,0.5,0.06275100401607059,2.5500000000000114,0.8008000000000379,3.4991999999999734,0.314039215686288,1.3722352941176306,False,True,12,35,200
TMPV,2025-11-14,SELL,2025-11-14 11:15:00+05:30,2025-11-14 11:20:00+05:30,393.753025,393.95,395.9065923332225,393.95,394.0,393.85,394.0,395.78413249010873,399.6,394.3,5.300000000000011,1.9565923332224884,2.0311074901087522,-0.026410634688095,0.35000000000002274,0.012691965985545117,2.6500000000000057,6.453024999999968,1.196975000000009,2.4351037735848884,0.45168867924528544,True,False,11,20,125
TMPV,2025-11-19,SELL,2025-11-19 12:35:00+05:30,2025-11-19 12:40:00+05:30,363.51815,363.7,365.98064964998775,363.7,363.85,363.6,363.85,365.93591431918696,371.25,364.2,7.050000000000011,2.2806496499877653,2.417764319186972,-0.035505876918082185,0.5,0.04124278251307345,3.5250000000000057,3.1681499999999687,0.6818499999999972,0.8987659574467982,0.19343262411347406,False,False,12,40,205
TMPV,2025-11-20,SELL,2025-11-20 10:00:00+05:30,2025-11-20 10:05:00+05:30,361.0194,361.05,362.6596746221679,361.2,361.4,361.0,361.05,362.6042568842877,364.4,361.3,3.099999999999966,1.6096746221679155,1.5848568842876603,-0.035919644813642744,0.25,-0.041528239202648365,1.549999999999983,1.7694000000000187,0.8805999999999585,1.1415483870967988,0.568129032258044,False,False,10,5,50
TMPV,2025-11-21,BUY,2025-11-21 09:30:00+05:30,2025-11-21 09:35:00+05:30,361.88085,361.5,359.94787981352954,361.7,361.85,360.75,361.35,360.1045429790642,360.8,358.0,2.8000000000000114,1.5521201864704608,1.7763070209358034,0.21286732505964723,0.6999999999999886,-0.09676527508984956,1.4000000000000057,2.3691499999999905,1.6808500000000208,1.6922499999999863,1.2006071428571528,False,True,9,35,20
TMPV,2025-11-25,SELL,2025-11-25 13:00:00+05:30,2025-11-25 13:05:00+05:30,354.32275,354.5,356.0437090606887,354.5,355.0,354.45,354.95,356.0326733532154,358.1,354.75,3.3500000000000227,1.543709060688684,1.7099233532154017,-0.02444983362343238,0.25,0.12693935119887367,1.6750000000000114,2.322749999999985,1.2772500000000377,1.3867164179104294,0.7625373134328531,False,False,13,5,230
TMPV,2025-11-27,SELL,2025-11-27 09:30:00+05:30,2025-11-27 09:35:00+05:30,358.8205,359.0,360.98172046043504,359.0,359.1,358.05,358.1,360.5808288124737,362.8,359.9,2.900000000000034,1.9817204604350422,1.7603288124737446,-0.29498945559562856,0.8999999999999773,-0.2506963788300731,1.450000000000017,2.3704999999999927,2.1795000000000186,1.6348275862068724,1.5031034482758572,False,True,9,35,20
TMPV,2025-11-28,SELL,2025-11-28 09:45:00+05:30,2025-11-28 09:50:00+05:30,355.6221,355.9,358.12381581954764,355.8,356.7,355.65,356.15,357.7852669120383,359.75,357.0,2.75,2.223815819547667,2.163166912038321,-0.09857747786391209,1.1000000000000227,0.09836987071387693,1.375,0.5220999999999663,2.7279000000000337,0.37970909090906635,1.9839272727272972,False,True,9,50,35
TMPV,2025-12-01,BUY,2025-12-01 10:00:00+05:30,2025-12-01 10:05:00+05:30,362.130975,361.95,360.7424380205686,361.95,363.2,361.8,363.1,361.0760418157955,361.75,358.7,3.0500000000000114,1.2075619794313752,1.054933184204458,0.026704596064126986,0.19999999999998863,0.31772344246443485,1.5250000000000057,2.869025000000022,3.0309749999999553,1.8813278688524664,1.9875245901638978,False,True,10,5,50
TMPV,2025-12-02,SELL,2025-12-02 09:45:00+05:30,2025-12-02 09:50:00+05:30,359.91995000000003,360.05,362.1883581585253,360.1,360.55,359.6,359.8,361.9060283931997,364.0,360.8,3.1999999999999886,2.138358158525307,1.986078393199648,-0.10790448867099554,0.75,-0.08331019161343933,1.5999999999999943,0.31995000000000573,2.28004999999996,0.1999687500000043,1.4250312499999802,False,True,9,50,35
TMPV,2025-12-03,SELL,2025-12-03 11:05:00+05:30,2025-12-03 11:10:00+05:30,356.42170000000004,356.4,357.9213618275176,356.6,356.9,356.45,356.6,357.8826400668644,361.7,357.1,4.599999999999966,1.5213618275176373,1.4609400668643389,-0.024234182180974322,0.7000000000000455,0.0,2.299999999999983,2.321700000000021,1.2782999999999447,1.0094347826087124,0.5557826086956322,False,False,11,10,115
TMPV,2025-12-04,BUY,2025-12-04 09:30:00+05:30,2025-12-04 09:35:00+05:30,358.929375,358.75,356.2629026159208,358.75,359.2,358.5,358.7,356.48326221893086,358.0,354.3,3.6999999999999886,2.4870973840792203,2.4461127810691323,0.2002870247498581,0.75,-0.013937282229969927,1.8499999999999943,0.5706250000000068,4.32937499999997,0.3084459459459506,2.340202702702694,False,True,9,35,20
TMPV,2025-12-05,SELL,2025-12-05 09:35:00+05:30,2025-12-05 09:40:00+05:30,354.372725,354.55,355.40706224244417,354.55,354.7,354.1,354.5,355.30091369321866,356.55,354.6,1.9499999999999886,0.8570622424441581,0.928188693218658,-0.063934215666334,0.05000000000001137,-0.014102383302783128,0.9749999999999943,1.3727250000000026,1.6272749999999974,1.407923076923088,1.669000000000007,False,True,9,40,25
TMPV,2025-12-08,SELL,2025-12-08 09:45:00+05:30,2025-12-08 09:50:00+05:30,353.373225,353.6,354.6136015507301,353.55,353.65,351.75,351.8,354.179474189208,356.2,353.7,2.5,1.0136015507300726,0.8062491892080175,-0.06265324323738537,0.0999999999999659,-0.49497949370669314,1.25,7.5732249999999794,0.27677499999998645,6.058579999999983,0.22141999999998915,True,False,9,50,35
TMPV,2025-12-09,SELL,2025-12-09 09:35:00+05:30,2025-12-09 09:40:00+05:30,343.078375,343.25,345.2812820869174,343.25,344.05,342.7,342.95,344.8686785294657,348.65,343.8,4.849999999999966,2.031282086917372,1.7903035294656888,-0.317816746446616,0.5500000000000114,-0.08739985433358077,2.424999999999983,1.3783750000000055,5.521625000000029,0.5684020618556763,2.276958762886626,False,True,9,40,25
TMPV,2025-12-10,BUY,2025-12-10 09:35:00+05:30,2025-12-10 09:40:00+05:30,347.02342500000003,347.2,345.82372981819566,346.85,347.1,345.1,345.45,345.8327562765867,347.15,344.2,2.9499999999999886,1.3762701818043297,1.1906687234133528,0.0438724485617609,0.05000000000001137,-0.403632694248246,1.4749999999999943,0.07657499999999118,5.073425000000043,0.051915254237282354,3.439610169491568,False,True,9,40,25
TMPV,2025-12-10,SELL,2025-12-10 11:40:00+05:30,2025-12-10 11:45:00+05:30,343.578125,343.75,344.75917349324084,343.75,343.8,343.35,343.5,344.74807842781826,347.15,344.2,2.9499999999999886,1.0091734932408372,1.1699534278182568,-0.027435843347451506,0.44999999999998863,-0.07272727272726875,1.4749999999999943,1.5281249999999886,1.171875,1.0360169491525386,0.7944915254237319,False,False,11,45,150
TMPV,2025-12-11,BUY,2025-12-11 10:10:00+05:30,2025-12-11 10:15:00+05:30,344.9724,344.8,343.09294097753485,344.8,345.6,344.75,345.0,343.235339320006,344.7,341.75,2.9499999999999886,1.7070590224651596,1.7370606799939878,0.023377361895142754,0.10000000000002274,0.058004640371223104,1.4749999999999943,3.2275999999999954,2.172399999999982,2.1882033898305138,1.4728135593220273,True,True,10,15,60
TMPV,2025-12-12,SELL,2025-12-12 09:30:00+05:30,2025-12-12 09:35:00+05:30,346.776525,347.0,347.90943444057723,346.95,347.15,346.15,346.4,347.6699678501076,349.15,347.15,2.0,0.909434440577229,0.89344285010759,-0.12081819987326874,0.14999999999997726,-0.15852428303790855,1.0,2.0265249999999924,2.5734750000000304,2.0265249999999924,2.5734750000000304,True,True,9,35,20
TMPV,2025-12-15,SELL,2025-12-15 09:30:00+05:30,2025-12-15 09:35:00+05:30,344.077875,344.25,345.10244746032674,344.25,344.7,343.7,344.3,345.01884568863346,347.45,344.4,3.0500000000000114,0.8524474603267436,0.9409706886334561,-0.23466162765649864,0.14999999999997726,0.014524328249820861,1.5250000000000057,1.0278749999999945,4.672124999999994,0.6740163934426169,3.0636885245901486,False,True,9,35,20
TMPV,2025-12-16,SELL,2025-12-16 12:45:00+05:30,2025-12-16 12:50:00+05:30,345.377225,345.5,346.8593105400194,345.55,345.9,345.5,345.7,346.8464756165539,349.35,345.8,3.5500000000000114,1.3593105400194077,1.469250616553893,-0.014014977528625983,0.30000000000001137,0.04340905802342476,1.7750000000000057,1.4772250000000327,0.9227750000000015,0.832239436619734,0.5198732394366189,False,False,12,50,215
TMPV,2025-12-17,BUY,2025-12-17 09:30:00+05:30,2025-12-17 09:35:00+05:30,349.9749,349.8,347.96347723255656,349.8,349.85,349.2,349.4,348.0819059830244,349.2,345.55,3.6499999999999773,1.836522767443455,1.8929940169755923,0.36325953558527513,0.6000000000000227,-0.11435105774729726,1.8249999999999886,0.0,4.574900000000014,0.0,2.5067945205479685,False,True,9,35,20
TMPV,2025-12-18,SELL,2025-12-18 09:30:00+05:30,2025-12-18 09:35:00+05:30,339.2303,339.4,340.9713457859132,339.4,339.65,338.5,339.1,340.7195919382731,346.45,339.6,6.849999999999966,1.571345785913195,1.4892919382730838,-0.34483735265919213,0.20000000000004547,-0.08839127872715125,3.424999999999983,1.530300000000011,8.219699999999989,0.44680291970803465,2.399912408759133,False,True,9,35,20
TMPV,2025-12-19,BUY,2025-12-19 15:20:00+05:30,2025-12-19 15:25:00+05:30,353.526675,353.5,352.42451508768147,353.35,354.8,353.05,354.55,352.5800060112845,353.1,347.0,6.100000000000023,1.0754849123185295,0.9466689887154871,0.2179567035023033,0.39999999999997726,0.339606622329125,3.0500000000000114,1.2733249999999998,0.4766750000000002,0.41748360655737543,0.15628688524590112,False,False,15,25,370
TMPV,2025-12-22,BUY,2025-12-22 10:10:00+05:30,2025-12-22 10:15:00+05:30,358.179,357.95,355.72801268719155,358.0,358.3,357.7,358.05,355.9225443947031,357.1,353.6,3.5,2.2219873128084373,2.2564556052968783,0.09603490174104114,0.8499999999999659,0.01396648044693638,1.75,2.771000000000015,1.0289999999999964,1.58342857142858,0.587999999999998,False,False,10,15,60
TMPV,2025-12-23,BUY,2025-12-23 10:20:00+05:30,2025-12-23 10:25:00+05:30,361.1805,361.2,359.77966012638666,361.0,362.2,361.0,362.05,359.9784196296978,361.15,357.65,3.5,1.4203398736133295,1.2020803703022125,0.06269848216654428,0.05000000000001137,0.29085872576177785,1.75,5.569500000000005,0.180499999999995,3.1825714285714315,0.10314285714285429,True,False,10,25,70
TMPV,2025-12-24,SELL,2025-12-24 09:30:00+05:30,2025-12-24 09:35:00+05:30,361.11935,361.3,362.90180209487596,361.3,361.35,360.45,360.55,362.60339124346285,364.9,362.0,2.8999999999999773,1.60180209487595,1.4840412434628547,-0.2432331692846643,0.6999999999999886,-0.20758372543592252,1.4499999999999886,2.569349999999986,0.23065000000002556,1.7719655172413835,0.15906896551726024,False,False,9,35,20
TMPV,2025-12-26,SELL,2025-12-26 10:05:00+05:30,2025-12-26 10:10:00+05:30,356.72155,356.95,358.5602893223418,356.9,357.2,356.5,356.9,358.48071141133687,360.4,357.0,3.3999999999999773,1.6102893223418278,1.7591614113368905,-0.1051036843564284,0.05000000000001137,0.0,1.6999999999999886,2.0215499999999906,3.4784500000000094,1.1891470588235318,2.0461470588235486,False,True,10,10,55
TMPV,2025-12-29,SELL,2025-12-29 12:20:00+05:30,2025-12-29 12:25:00+05:30,358.0209,358.2,360.5356030176083,358.2,358.65,358.0,358.4,360.49815490366143,362.8,358.25,4.550000000000011,2.335603017608321,2.4772549036614464,-0.033979425730544,0.05000000000001137,0.05583472920156485,2.2750000000000057,0.17089999999996053,1.779100000000028,0.07512087912086159,0.7820219780219885,False,False,12,25,190
TMPV,2025-12-30,BUY,2025-12-30 10:10:00+05:30,2025-12-30 10:15:00+05:30,362.731275,362.5,361.00395942653023,362.55,363.75,362.5,363.4,361.2365354944255,362.35,358.45,3.900000000000034,1.4960405734697702,1.4947395055745005,0.0717117622932781,0.14999999999997726,0.2344504206316378,1.950000000000017,1.2187250000000063,2.7312749999999824,0.6249871794871772,1.400653846153825,False,True,10,15,60
TMPV,2025-12-31,BUY,2025-12-31 09:30:00+05:30,2025-12-31 09:35:00+05:30,363.631725,363.45,362.32439959389603,363.45,363.5,362.2,362.35,362.4067857151658,362.85,360.65,2.2000000000000455,1.1256004061039562,1.2249392848341927,0.18445785724082572,0.5999999999999659,-0.3026551107442432,1.1000000000000227,4.868274999999983,2.331725000000006,4.425704545454439,2.1197499999999616,True,True,9,35,20
TMPV,2026-01-01,SELL,2026-01-01 09:35:00+05:30,2026-01-01 09:40:00+05:30,365.6171,365.8,367.08874309238956,365.8,366.7,365.6,366.5,367.0365773123003,369.65,366.05,3.599999999999966,1.2887430923895522,1.4194773123003301,-0.20664836205184534,0.25,0.1913613996719521,1.799999999999983,0.06709999999998217,5.3829000000000065,0.03727777777776823,2.990500000000032,False,True,9,40,25
TMPV,2026-01-01,SELL,2026-01-01 14:25:00+05:30,2026-01-01 14:30:00+05:30,365.667075,365.85,368.05775970657237,365.85,366.8,365.55,366.7,368.0271970134691,369.65,366.05,3.599999999999966,2.2077597065723467,2.360122013469095,-0.03408685117092141,0.19999999999998863,0.23233565668989709,1.799999999999983,0.11707499999999982,3.132925,0.06504166666666718,1.7405138888889056,False,True,14,30,315
TMPV,2026-01-05,BUY,2026-01-05 10:55:00+05:30,2026-01-05 11:00:00+05:30,371.9859,371.8,370.8593303814494,371.8,372.0,370.7,370.8,370.89942914669996,371.7,369.1,2.599999999999966,0.9406696185506007,1.0864708533000567,0.025079817831704578,0.10000000000002274,-0.2689618074233513,1.299999999999983,3.014099999999985,2.7859000000000265,2.3185384615384805,2.1430000000000486,True,True,11,0,105
TMPV,2026-01-07,SELL,2026-01-07 09:35:00+05:30,2026-01-07 09:40:00+05:30,360.51965,360.7,362.708118446807,360.7,361.5,360.6,360.6,362.5438155834038,367.25,361.3,5.949999999999989,2.008118446807032,2.0241655834037715,-0.5704109421014152,0.6000000000000227,-0.027723870252283067,2.9749999999999943,1.3196500000000242,3.480349999999987,0.4435798319327821,1.1698655462184853,False,True,9,40,25
TMPV,2026-01-08,SELL,2026-01-08 10:15:00+05:30,2026-01-08 10:20:00+05:30,361.4192000000001,361.55,363.7121618943004,361.6,361.6,360.35,361.0,363.5522965576661,365.35,362.0,3.3500000000000227,2.162161894300368,2.133096557666022,-0.07209551685059168,0.44999999999998863,-0.16592920353982743,1.6750000000000114,3.3692000000000917,0.1807999999999197,2.011462686567205,0.107940298507414,True,False,10,20,65
TMPV,2026-01-09,SELL,2026-01-09 09:30:00+05:30,2026-01-09 09:35:00+05:30,354.72255,354.95,357.3866472906119,354.9,355.05,354.15,354.85,357.0455544710462,359.75,355.75,4.0,2.4366472906119157,2.323004471046204,-0.4214487303988223,0.8000000000000114,-0.014088475626927721,2.0,2.522550000000024,4.477449999999976,1.261275000000012,2.238724999999988,False,True,9,35,20
TMPV,2026-01-12,SELL,2026-01-12 10:35:00+05:30,2026-01-12 10:40:00+05:30,349.17532500000004,349.25,351.7115340610833,349.35,350.8,349.25,350.25,351.64201626611975,354.15,349.8,4.349999999999966,2.4615340610832845,2.4666912661197102,-0.008212637147539673,0.5500000000000114,0.25762129669384404,2.174999999999983,1.5253250000000662,3.524674999999945,0.7012988505747486,1.6205402298850449,False,True,10,40,85
TMPV,2026-01-13,SELL,2026-01-13 09:30:00+05:30,2026-01-13 09:35:00+05:30,347.0264,347.2,349.15662622574143,347.2,347.8,346.3,346.3,348.82500966725,351.9,348.25,3.6499999999999773,1.956626225741445,1.7986096672499912,-0.3603003189240167,1.0500000000000114,-0.2592165898617438,1.8249999999999886,1.426400000000001,3.8735999999999535,0.7815890410958958,2.1225205479451934,False,True,9,35,20
TMPV,2026-01-14,BUY,2026-01-14 09:50:00+05:30,2026-01-14 09:55:00+05:30,352.926375,352.65,351.00583940899054,352.75,353.1,352.15,352.2,351.1585116390732,352.3,347.1,5.199999999999989,1.6441605910094381,1.7678633609268104,0.09720322947706683,0.3499999999999659,-0.15591778880227336,2.5999999999999943,1.0736249999999927,4.876374999999996,0.4129326923076904,1.8755288461538486,False,True,9,55,40
TMPV,2026-01-16,BUY,2026-01-16 10:15:00+05:30,2026-01-16 10:20:00+05:30,354.9774,354.8,353.15549976408704,354.8,356.3,354.8,355.5,353.4353876348387,353.95,349.65,4.300000000000011,1.6445002359129717,1.5420123651612698,0.04953400512606958,0.8500000000000227,0.1972942502818542,2.1500000000000057,4.7226,1.9773999999999887,2.196558139534878,0.9197209302325504,True,False,10,20,65
TMPV,2026-01-19,SELL,2026-01-19 09:30:00+05:30,2026-01-19 09:35:00+05:30,340.62960000000004,340.95,343.6487304438712,340.8,343.25,340.45,342.9,343.44465734884614,353.6,341.0,12.600000000000023,2.698730443871227,2.8150573488460964,-1.053542288611312,0.05000000000001137,0.6161971830985769,6.300000000000011,0.17960000000005039,6.020399999999938,0.028507936507944455,0.955619047619036,False,False,9,35,20
TMPV,2026-01-20,SELL,2026-01-20 09:35:00+05:30,2026-01-20 09:40:00+05:30,341.6291,341.8,343.91240939817715,341.8,342.3,340.85,341.6,343.4536208272587,346.6,342.65,3.9500000000000455,2.1124093981771352,1.8245208272587092,-0.2469414548692116,0.8499999999999659,-0.05851375073141485,1.9750000000000227,4.879099999999994,1.0708999999999946,2.470430379746804,0.5422278481012569,True,False,9,40,25
TMPV,2026-01-21,BUY,2026-01-21 09:30:00+05:30,2026-01-21 09:35:00+05:30,341.3706,341.05,339.37333575200876,341.2,341.2,339.6,339.8,339.48535169574416,340.9,335.95,4.949999999999989,1.6766642479912548,1.8852483042558674,0.2421854210196002,0.1500000000000341,-0.4103165298944833,2.4749999999999943,2.329399999999964,2.820600000000013,0.9411717171717049,1.1396363636363716,False,True,9,35,20
TMPV,2026-01-22,BUY,2026-01-22 09:30:00+05:30,2026-01-22 09:35:00+05:30,349.724775,349.55,346.2389905210102,349.55,349.55,348.7,348.75,346.5524590271523,348.4,343.1,5.2999999999999545,3.3110094789898312,3.1723159728477413,0.3913061831412089,1.150000000000034,-0.2288656844514403,2.6499999999999773,2.0252249999999776,4.824775000000045,0.7642358490566019,1.8206698113207873,False,True,9,35,20
TMPV,2026-01-23,BUY,2026-01-23 09:45:00+05:30,2026-01-23 09:50:00+05:30,349.47465,349.3,347.5315042132057,349.3,349.65,348.95,349.0,347.6973307984304,349.15,344.9,4.25,1.7684957867942899,1.7773192015695827,0.12937090805111964,0.1500000000000341,-0.08588605782995362,2.125,1.525350000000003,7.32465000000002,0.7178117647058838,3.446894117647068,False,True,9,50,35
TMPV,2026-01-23,SELL,2026-01-23 12:05:00+05:30,2026-01-23 12:10:00+05:30,344.67757500000005,344.85,347.9595520121277,344.85,344.9,344.65,344.75,347.9256955912579,349.15,344.9,4.25,3.109552012127665,3.248120591257873,-0.05276536267456521,0.049999999999954525,-0.028998115122524926,2.125,2.52757500000007,2.1224249999999643,1.1894470588235624,0.9987882352941009,False,False,12,10,175
TMPV,2026-01-27,SELL,2026-01-27 14:00:00+05:30,2026-01-27 14:05:00+05:30,336.581625,336.75,340.11246960477627,336.75,336.8,336.2,336.25,340.04522958746486,345.0,337.1,7.899999999999977,3.3624696047762654,3.4636045874648858,-0.03975889406759851,0.35000000000002274,-0.14847809948033142,3.9499999999999886,0.6816249999999968,4.568375000000003,0.1725632911392402,1.1565506329113966,False,True,14,5,290
TMPV,2026-01-28,SELL,2026-01-28 10:05:00+05:30,2026-01-28 10:10:00+05:30,340.379725,340.6,343.5837883477438,340.55,340.7,339.5,340.15,343.3866924130588,346.6,341.1,5.5,2.9837883477437686,3.006967413058817,-0.09218226698806004,0.5,-0.1174570547643583,2.75,3.3297249999999963,1.070274999999981,1.2108090909090896,0.3891909090909022,False,False,10,10,55
TMPV,2026-01-29,SELL,2026-01-29 09:35:00+05:30,2026-01-29 09:40:00+05:30,337.181325,337.35,339.12110532388937,337.35,337.9,337.2,337.2,338.9475316017338,341.3,338.35,2.9499999999999886,1.7711053238893442,1.7662066017337565,-0.19176670297182496,1.0,-0.04446420631393222,1.4749999999999943,1.5813249999999925,15.468674999999962,1.072084745762711,10.487237288135608,False,True,9,40,25
TMPV,2026-01-30,SELL,2026-01-30 10:05:00+05:30,2026-01-30 10:10:00+05:30,349.32525,349.5,351.45917900659276,349.5,350.2,349.35,350.1,351.4022575326969,353.0,349.85,3.1499999999999773,1.9591790065927626,2.077007532696939,-0.05408724092119551,0.35000000000002274,0.17167381974250162,1.5749999999999886,0.9252500000000055,1.6747500000000173,0.5874603174603251,1.063333333333352,False,True,10,10,55
TMPV,2026-02-01,BUY,2026-02-01 09:45:00+05:30,2026-02-01 09:50:00+05:30,351.67575,351.5,349.19349709303106,351.5,352.5,351.5,352.2,349.83599071072075,349.95,347.1,2.849999999999966,2.3065029069689444,1.8397592892792431,0.10951226835866544,1.5500000000000114,0.19914651493597724,1.424999999999983,8.974249999999984,12.325749999999971,6.297719298245678,8.6496491228071,True,True,9,50,35
TMPV,2026-02-01,SELL,2026-02-01 12:25:00+05:30,2026-02-01 12:30:00+05:30,345.277275,345.7,354.72916675486886,345.45,345.7,339.35,345.7,353.8388174061975,349.95,347.1,2.849999999999966,9.029166754868868,8.561542406197532,-0.17473679692836372,1.400000000000034,0.0723693732812336,1.424999999999983,5.927274999999952,4.372725000000003,4.159491228070191,3.0685789473684597,True,True,12,30,195
TMPV,2026-02-02,BUY,2026-02-02 09:50:00+05:30,2026-02-02 09:55:00+05:30,352.5762,352.45,349.18068762094714,352.4,352.65,350.95,351.05,349.322964862638,352.0,341.1,10.899999999999977,3.269312379052849,3.253235137361969,0.23431806387320867,0.44999999999998863,-0.38308740068103697,5.449999999999989,11.923800000000028,2.376199999999983,2.187853211009184,0.4359999999999978,True,False,9,55,40
TMPV,2026-02-03,SELL,2026-02-03 09:35:00+05:30,2026-02-03 09:40:00+05:30,369.2153,369.3,374.3355321087525,369.4,370.1,368.2,368.45,374.03416279931616,384.6,370.0,14.600000000000023,5.035532108752477,4.81886279931615,-0.6385349411522442,0.6999999999999886,-0.25717379534380136,7.300000000000011,3.2153000000000134,6.034699999999987,0.4404520547945217,0.8266712328767092,False,False,9,40,25
TMPV,2026-02-04,SELL,2026-02-04 10:35:00+05:30,2026-02-04 10:40:00+05:30,370.31475,370.4,374.1067575319059,370.5,370.95,370.4,370.6,374.00104178425624,377.6,370.8,6.800000000000011,3.7067575319059074,3.686291784256241,-0.11489965348015951,0.4000000000000341,0.026990553306349696,3.4000000000000057,1.864750000000015,6.485250000000008,0.5484558823529446,1.9074264705882344,False,True,10,40,85
TMPV,2026-02-05,SELL,2026-02-05 09:30:00+05:30,2026-02-05 09:35:00+05:30,364.91745,365.1,369.18023862299367,365.1,366.1,364.75,365.4,368.5448668123075,375.0,366.5,8.5,4.080238622993647,3.6274168123075015,-1.0520441545050894,1.3999999999999773,0.08216926869348828,4.25,0.6174499999999625,10.682550000000049,0.14528235294116765,2.5135411764706,False,True,9,35,20
TMPV,2026-02-06,BUY,2026-02-06 09:45:00+05:30,2026-02-06 09:50:00+05:30,378.88935,378.8,374.8454276229152,378.7,378.85,376.0,376.5,374.9273369467398,378.55,361.0,17.55000000000001,3.954572377084787,3.9620130532601934,0.5534991413984897,0.25,-0.5809347768682249,8.775000000000006,0.0,12.389349999999979,0.0,1.4118917378917346,False,True,9,50,35
TMPV,2026-02-09,BUY,2026-02-09 10:05:00+05:30,2026-02-09 10:10:00+05:30,375.08745,375.0,372.0730066203305,374.9,375.0,374.1,374.3,372.20770908157544,373.7,369.6,4.099999999999966,2.9269933796695113,2.8797409184245453,0.10689085694390729,1.3000000000000114,-0.1600426780474673,2.049999999999983,4.8125499999999874,1.1374500000000012,2.347585365853672,0.5548536585365905,True,False,10,10,55
TMPV,2026-02-10,SELL,2026-02-10 09:30:00+05:30,2026-02-10 09:35:00+05:30,377.0114,377.1,379.3458888037264,377.2,380.2,377.0,380.15,379.3083851261686,382.5,377.75,4.75,2.245888803726359,2.296985126168636,-0.42488521625524517,0.6499999999999773,0.7820784729586361,2.375,0.011399999999980537,5.188600000000008,0.004799999999991805,2.1846736842105297,False,True,9,35,20
TMPV,2026-02-11,BUY,2026-02-11 10:45:00+05:30,2026-02-11 10:50:00+05:30,385.9929,385.95,384.2830405313701,385.8,386.45,385.1,385.3,384.3459064078959,385.6,382.1,3.5,1.6669594686298979,1.6469935921041383,0.028568087941052513,0.3499999999999659,-0.12960082944530882,1.75,1.3571000000000026,1.9429000000000087,0.7754857142857158,1.1102285714285764,False,True,10,50,95
TMPV,2026-02-12,BUY,2026-02-12 10:20:00+05:30,2026-02-12 10:25:00+05:30,385.89285,385.65,383.13353840034995,385.7,385.85,384.5,385.85,383.3141438180132,385.6,380.45,5.150000000000034,2.516461599650029,2.5787061819868313,0.09486781862366168,0.049999999999954525,0.03889032927146818,2.575000000000017,1.0071499999999673,5.742850000000033,0.3911262135922177,2.2302330097087357,False,True,10,25,70
TMPV,2026-02-13,SELL,2026-02-13 09:30:00+05:30,2026-02-13 09:35:00+05:30,377.11135,377.4,378.9289596422432,377.3,378.3,377.3,377.75,378.8212966102585,382.25,377.7,4.550000000000011,1.528959642243251,1.7099466102584984,-0.13554954832685828,0.30000000000001137,0.11926848661543143,2.2750000000000057,2.7113500000000386,10.388649999999984,1.1918021978022117,4.566439560439542,False,True,9,35,20
TMPV,2026-02-13,BUY,2026-02-13 12:00:00+05:30,2026-02-13 12:05:00+05:30,383.241525,383.0,378.81013160092283,383.05,383.45,382.4,382.7,378.878780271835,382.25,377.7,4.550000000000011,4.18986839907717,4.362744728165012,0.1933875459505131,0.75,-0.09137188356611592,2.2750000000000057,4.258474999999976,4.8915250000000015,1.8718571428571276,2.1501208791208746,False,True,12,5,170
TMPV,2026-02-16,SELL,2026-02-16 09:45:00+05:30,2026-02-16 09:50:00+05:30,376.4117,376.5,377.9874414149336,376.6,376.6,375.1,375.65,377.7566101854886,379.6,376.55,3.0500000000000114,1.4874414149335848,1.3449101854886294,-0.10815571276864071,0.05000000000001137,-0.25225703664366605,1.5250000000000057,1.3116999999999734,2.338300000000004,0.860131147540963,1.533311475409833,False,True,9,50,35
TMPV,2026-02-17,BUY,2026-02-17 09:40:00+05:30,2026-02-17 09:45:00+05:30,377.238525,377.05,375.66786664930135,377.05,377.4,376.5,377.0,375.8468449722629,377.0,373.55,3.4499999999999886,1.3821333506986662,1.3916800277370953,0.029843770825477445,0.05000000000001137,-0.013260840737305823,1.7249999999999943,6.361475000000041,1.2385249999999814,3.687811594202935,0.7179855072463684,True,False,9,45,30
TMPV,2026-02-18,BUY,2026-02-18 09:35:00+05:30,2026-02-18 09:40:00+05:30,384.9924,384.8,383.27697128840333,384.8,385.5,383.7,384.0,383.5277209275988,384.5,381.0,3.5,1.5230287115966803,1.464679072401168,0.3138011363180199,0.30000000000001137,-0.20790020790021346,1.75,0.5076000000000249,5.992399999999975,0.2900571428571571,3.424228571428557,False,True,9,40,25
TMPV,2026-02-18,SELL,2026-02-18 11:40:00+05:30,2026-02-18 11:45:00+05:30,380.10985,380.3,382.71106826673383,380.3,380.55,380.3,380.45,382.6748837248045,384.5,381.0,3.5,2.411068266733821,2.5650337248044934,-0.07312536133473052,0.6999999999999886,0.03944254535892533,1.75,1.1098499999999945,3.4901500000000283,0.6341999999999969,1.9943714285714447,False,True,11,45,150
TMPV,2026-02-19,SELL,2026-02-19 11:55:00+05:30,2026-02-19 12:00:00+05:30,381.559125,381.7,384.5793981022755,381.75,382.0,381.3,381.7,384.51982778738017,386.45,381.9,4.550000000000011,2.879398102275502,2.9607027873801712,-0.03720278807157913,0.19999999999998863,-0.01309757694826219,2.2750000000000057,7.5591249999999945,0.44087500000000546,3.322692307692297,0.1937912087912107,True,False,12,0,165
TMPV,2026-02-20,BUY,2026-02-20 09:45:00+05:30,2026-02-20 09:50:00+05:30,378.339075,378.1,376.25689647784964,378.15,378.4,377.85,378.15,376.4508720182761,377.55,374.6,2.9499999999999886,1.8431035221503862,1.8882029817239072,0.06177287910552487,0.5500000000000114,0.0,1.4749999999999943,1.3609250000000088,1.9390750000000025,0.922661016949162,1.3146271186440746,False,True,9,50,35
TMPV,2026-02-23,SELL,2026-02-23 14:20:00+05:30,2026-02-23 14:25:00+05:30,377.261275,377.45,379.0847310492899,377.45,377.65,376.05,377.65,379.05874400741885,384.0,377.55,6.449999999999989,1.6347310492899396,1.7974690074188402,-0.004585077349673595,0.10000000000002274,0.05298715061596848,3.2249999999999943,1.2112750000000005,3.0387249999999995,0.3755891472868225,0.9422403100775208,False,False,14,25,310
TMPV,2026-02-24,BUY,2026-02-24 09:45:00+05:30,2026-02-24 09:50:00+05:30,379.5396750000001,379.15,377.96390224358976,379.35,379.5,379.05,379.5,378.05923949535463,378.5,376.25,2.25,1.18609775641022,1.4804355046454702,0.1622043889018601,0.6499999999999773,0.03954132068011429,1.125,0.7603249999999093,7.889675000000125,0.6758444444443639,7.013044444444556,False,True,9,50,35
TMPV,2026-02-24,SELL,2026-02-24 12:45:00+05:30,2026-02-24 12:50:00+05:30,375.861975,376.0,377.64230701682914,376.05,376.6,376.0,376.55,377.620997597276,378.5,376.25,2.25,1.642307016829136,1.7590225972760436,-0.10227884026784505,0.25,0.13296104241458107,1.125,1.5119749999999499,2.48802500000005,1.3439777777777333,2.2115777777778223,False,True,12,50,215
TMPV,2026-02-25,BUY,2026-02-25 10:00:00+05:30,2026-02-25 10:05:00+05:30,381.140475,380.95,379.4540042277841,380.95,381.4,380.1,380.45,379.50526232417326,380.25,376.1,4.149999999999977,1.495995772215906,1.6352126758267218,0.12910283442720924,0.6999999999999886,-0.1312508203176299,2.0749999999999886,4.459525000000042,1.2404750000000035,2.149168674698827,0.5978192771084387,True,False,10,5,50
TMPV,2026-02-26,BUY,2026-02-26 09:40:00+05:30,2026-02-26 09:45:00+05:30,383.941875,383.85,382.4897450774234,383.75,384.35,383.65,384.15,382.62922918813996,383.35,380.1,3.25,1.3602549225766438,1.3126458118600226,0.14743771373395906,0.5,0.1042345276872858,1.625,9.35812500000003,0.3418749999999591,5.758846153846172,0.2103846153845902,True,False,9,45,30
TMPV,2026-02-26,BUY,2026-02-26 14:40:00+05:30,2026-02-26 14:45:00+05:30,389.29455,389.0,388.74633988359375,389.1,389.35,388.7,388.9,388.75325789279964,383.35,380.1,3.25,0.25366011640625175,0.5412921072003769,-0.010206974888768696,5.649999999999977,-0.05140066820870093,1.625,4.005449999999996,1.144550000000038,2.4648923076923053,0.7043384615384849,True,False,14,45,330
TMPV,2026-02-27,SELL,2026-02-27 09:35:00+05:30,2026-02-27 09:40:00+05:30,389.70505,389.9,391.4266505364071,389.9,389.9,388.85,389.05,391.2117203942491,394.05,390.2,3.8500000000000227,1.5266505364071463,1.5066703942490562,-0.22598011874416005,0.30000000000001137,-0.2180046165683458,1.9250000000000114,8.75505000000004,1.0449499999999716,4.5480779220779155,0.5428311688311509,True,False,9,40,25
TMPV,2026-03-04,SELL,2026-03-04 10:20:00+05:30,2026-03-04 10:25:00+05:30,354.62260000000003,354.8,357.31357216199,354.8,356.0,354.55,355.35,357.22692468206304,363.9,355.2,8.699999999999989,2.513572161989998,2.604324682063009,-0.08873310207614579,0.39999999999997726,0.15501691093573466,4.349999999999994,4.522600000000011,1.7773999999999432,1.0396781609195442,0.4085977011494128,False,False,10,25,70
TMPV,2026-03-05,SELL,2026-03-05 09:35:00+05:30,2026-03-05 09:40:00+05:30,351.274275,351.55,353.7357053659154,351.45,352.3,351.35,352.0,353.6154934501395,355.9,353.0,2.8999999999999773,2.185705365915396,2.341218450139536,-0.14981508377569308,1.4499999999999886,0.15649452269170805,1.4499999999999886,3.324275,5.8757249999999885,2.29260344827588,4.052224137931058,True,True,9,40,25
TMPV,2026-03-06,SELL,2026-03-06 10:40:00+05:30,2026-03-06 10:45:00+05:30,350.274775,350.45,352.33179574293763,350.45,350.55,349.6,349.6,352.1596540869744,354.35,350.5,3.8500000000000227,1.8817957429376406,1.884879086974422,-0.08050551368381148,0.05000000000001137,-0.24254529890139764,1.9250000000000114,0.9247749999999542,3.225225000000023,0.48040259740257074,1.6754415584415605,False,True,10,45,90
TMPV,2026-03-09,SELL,2026-03-09 12:45:00+05:30,2026-03-09 12:50:00+05:30,330.23479999999995,330.4,333.0917607673104,330.4,331.25,330.4,331.0,333.06736338897525,342.9,330.85,12.049999999999955,2.691760767310427,2.832563388975302,-0.027334290068419108,0.4500000000000455,0.1815980629539915,6.024999999999977,1.584799999999973,2.9652000000000385,0.26303734439833676,0.49214937759336924,False,False,12,50,215
TMPV,2026-03-10,SELL,2026-03-10 09:30:00+05:30,2026-03-10 09:35:00+05:30,335.18232500000005,335.3,337.0326624989207,335.35,335.7,334.9,335.05,336.84148575253886,339.85,335.4,4.4500000000000455,1.7326624989206607,1.65916075253881,-0.263698185452718,0.0999999999999659,-0.08945877441479677,2.2250000000000227,0.9323250000000485,10.617674999999963,0.41902247191012987,4.771988764044878,False,True,9,35,20
TMPV,2026-03-10,BUY,2026-03-10 11:20:00+05:30,2026-03-10 11:25:00+05:30,341.1705,341.0,337.4877941172708,341.0,341.4,340.6,340.9,337.5808087003297,339.85,335.4,4.4500000000000455,3.5122058827291767,3.589691299670278,0.06311289335168806,1.1499999999999773,-0.029325513196487574,2.2250000000000227,4.629500000000007,2.8204999999999814,2.0806741573033527,1.267640449438181,True,True,11,25,130
TMPV,2026-03-11,SELL,2026-03-11 10:05:00+05:30,2026-03-11 10:10:00+05:30,342.978425,343.2,344.89122951120453,343.15,343.55,343.0,343.15,344.82377436908126,347.0,343.55,3.4499999999999886,1.69122951120454,1.845349369081248,-0.10455647314433014,0.35000000000002274,0.0,1.7249999999999943,8.328425000000038,0.7715749999999844,4.828072463768154,0.44728985507245617,True,False,10,10,55
TMPV,2026-03-13,SELL,2026-03-13 09:30:00+05:30,2026-03-13 09:35:00+05:30,319.390225,319.65,321.23529785140096,319.55,319.9,317.65,317.9,320.6842097366073,324.15,320.05,4.099999999999966,1.5852978514009806,1.2939847366072854,-0.35424126252673344,0.4000000000000341,-0.5163511187607717,2.049999999999983,10.890224999999987,0.5097749999999905,5.312304878048818,0.24867073170731452,True,False,9,35,20
TMPV,2026-03-13,SELL,2026-03-13 15:20:00+05:30,2026-03-13 15:25:00+05:30,313.843,313.95,314.04906394380953,314.0,314.25,313.8,314.2,314.04968610385606,324.15,320.05,4.099999999999966,0.09906394380953998,0.20668610385604325,0.003297916756793441,6.100000000000023,0.06369426751591245,2.049999999999983,0.043000000000006366,0.40699999999998226,0.02097560975610084,0.19853658536584665,False,False,15,25,370
TMPV,2026-03-16,SELL,2026-03-16 09:55:00+05:30,2026-03-16 10:00:00+05:30,310.54465,310.7,313.2992702553775,310.7,311.4,310.5,311.2,313.1687474423495,316.45,311.55,4.899999999999977,2.599270255377519,2.624097442349523,-0.06382478568766516,0.8500000000000227,0.16092693916962553,2.4499999999999886,3.644650000000013,4.95535000000001,1.4876122448979714,2.022591836734707,False,True,10,0,45
TMPV,2026-03-17,BUY,2026-03-17 09:35:00+05:30,2026-03-17 09:40:00+05:30,316.5582,316.45,314.585374684483,316.4,316.5,315.55,316.2,314.7215095393421,315.85,313.0,2.8500000000000227,1.864625315517003,1.8366904606579055,0.05367013668612791,0.5999999999999659,-0.06321112515802474,1.4250000000000114,4.441800000000001,3.3582000000000107,3.117052631578923,2.3566315789473573,True,True,9,40,25
TMPV,2026-03-18,BUY,2026-03-18 09:45:00+05:30,2026-03-18 09:50:00+05:30,327.313575,327.2,324.0742425511936,327.15,328.45,326.1,326.3,324.419015429857,324.25,319.9,4.350000000000023,3.1257574488063824,2.8945595701430307,0.2987941705564722,2.9499999999999886,-0.25981965459268563,2.1750000000000114,2.8864249999999743,4.113575000000026,1.3270919540229698,1.8912988505747146,False,True,9,50,35
TMPV,2026-03-19,SELL,2026-03-19 13:15:00+05:30,2026-03-19 13:20:00+05:30,310.294775,310.45,313.65498200725153,310.45,311.25,310.4,311.15,313.61031132695905,318.95,311.6,7.349999999999966,3.2049820072515445,3.315536326959034,-0.05503199804801567,1.150000000000034,0.22547914317925244,3.674999999999983,2.7947750000000156,1.1052249999999617,0.7604829931972866,0.3007414965986304,False,False,13,20,245
TMPV,2026-03-23,SELL,2026-03-23 10:25:00+05:30,2026-03-23 10:30:00+05:30,305.0474,305.2,307.34962248180415,305.2,305.75,304.95,305.1,307.10301655937917,311.05,305.5,5.550000000000011,2.1496224818041583,2.055616559379189,-0.11343360625519341,0.30000000000001137,-0.032765399737866296,2.7750000000000057,1.547399999999982,2.3525999999999954,0.557621621621614,0.8477837837837804,False,False,10,30,75
TMPV,2026-03-24,SELL,2026-03-24 10:05:00+05:30,2026-03-24 10:10:00+05:30,306.496675,306.8,308.86511753807883,306.65,307.7,306.45,307.3,308.80718985443826,312.95,307.1,5.849999999999966,2.065117538078823,2.3105148544382814,-0.043881382803862855,0.30000000000001137,0.21196804174141715,2.924999999999983,0.996674999999982,7.703325000000007,0.3407435897435856,2.6336153846154025,False,True,10,10,55
TMPV,2026-03-24,BUY,2026-03-24 13:15:00+05:30,2026-03-24 13:20:00+05:30,313.1565,313.2,308.9863441612431,313.0,313.4,312.65,312.8,309.0241421452331,312.95,307.1,5.849999999999966,4.2136558387568925,4.132357854766894,0.05702828884987066,0.25,-0.06389776357826893,2.924999999999983,1.0434999999999945,3.8064999999999714,0.35675213675213696,1.301367521367519,False,True,13,20,245
TMPV,2026-03-25,BUY,2026-03-25 10:40:00+05:30,2026-03-25 10:45:00+05:30,320.56019999999995,320.4,318.49365761915897,320.4,320.5,320.1,320.25,318.5352405762483,320.3,314.6,5.699999999999989,1.9063423808410107,2.024959423751625,0.03544684227863823,0.0999999999999659,-0.0468164794007464,2.8499999999999943,1.689800000000048,3.5101999999999407,0.5929122807017724,1.2316491228069992,False,True,10,45,90
TMPV,2026-03-27,SELL,2026-03-27 09:45:00+05:30,2026-03-27 09:50:00+05:30,304.94745,304.9,307.9922495834317,305.1,305.1,303.6,303.8,307.2978485042237,312.85,306.65,6.2000000000000455,3.0922495834317374,2.3503985042236764,-0.18150335421621322,1.75,-0.42608980662078855,3.1000000000000227,3.897449999999992,1.7025499999999738,1.257241935483859,0.5492096774193423,False,False,9,50,35
TMPV,2026-03-30,BUY,2026-03-30 09:30:00+05:30,2026-03-30 09:35:00+05:30,301.7508,301.75,298.87388800501174,301.6,302.4,301.3,301.6,299.17258028551356,300.7,295.75,4.949999999999989,2.876111994988264,2.5782197144864654,0.2713286999818193,1.0500000000000114,0.0,2.4749999999999943,1.7491999999999734,7.450800000000015,0.7067474747474657,3.0104242424242553,False,True,9,35,20
TMPV,2026-03-30,SELL,2026-03-30 14:40:00+05:30,2026-03-30 14:45:00+05:30,295.55215,295.7,299.689886979456,295.7,296.15,295.0,295.35,299.58528202782736,300.7,295.75,4.949999999999989,3.989886979456003,4.033132027827378,-0.08081719120641948,0.05000000000001137,-0.1183632059519657,2.4749999999999943,1.252149999999972,2.4478500000000167,0.5059191919191818,0.989030303030312,False,False,14,45,330
TMPV,2026-04-01,SELL,2026-04-01 10:10:00+05:30,2026-04-01 10:15:00+05:30,303.44820000000004,303.55,305.2438264625899,303.6,304.1,303.55,304.05,305.21254493233323,310.0,303.9,6.100000000000023,1.6938264625898682,1.764344932333188,-0.09479680696179213,0.3499999999999659,0.14822134387351138,3.0500000000000114,1.3982000000000312,1.4017999999999802,0.4584262295082052,0.459606557377041,False,False,10,15,60
TMPV,2026-04-02,SELL,2026-04-02 10:45:00+05:30,2026-04-02 10:50:00+05:30,295.15235,295.45,297.2386607483886,295.3,296.0,295.05,295.65,297.17866059055854,299.95,295.75,4.199999999999989,1.7886607483886223,2.0263105905585235,-0.05268064207567099,0.30000000000001137,0.11852353538772675,2.0999999999999943,0.10235000000000127,9.147649999999999,0.048738095238095976,4.356023809523821,False,True,10,50,95
TMPV,2026-04-02,BUY,2026-04-02 13:35:00+05:30,2026-04-02 13:40:00+05:30,301.000425,300.85,297.1999733155583,300.85,301.1,300.6,300.9,297.24612711762813,299.95,295.75,4.199999999999989,3.650026684441741,3.7542978823718727,0.052155180474555675,0.9000000000000341,0.016619577862697632,2.0999999999999943,3.2995750000000044,0.40042499999998427,1.5712261904761968,0.19067857142856445,False,False,13,40,265
TMPV,2026-04-06,BUY,2026-04-06 10:40:00+05:30,2026-04-06 10:45:00+05:30,305.3526,305.2,303.1595297592321,305.2,305.6,304.85,305.05,303.24226605781803,305.1,299.85,5.25,2.0404702407678883,2.110333942181967,0.04421024427140177,0.0999999999999659,-0.04914809960681055,2.625,2.7474000000000274,1.802599999999984,1.046628571428582,0.6867047619047558,False,False,10,45,90
TMPV,2026-04-07,BUY,2026-04-07 13:40:00+05:30,2026-04-07 13:45:00+05:30,307.50367500000004,307.4,304.6386147284856,307.35,307.5,306.55,307.1,304.6850938463251,306.75,301.85,4.899999999999977,2.7613852715143707,2.818581153674927,0.040429563175837194,0.6499999999999773,-0.08134049129656651,2.4499999999999886,1.846324999999979,1.5036750000000438,0.7536020408163214,0.6137448979592044,False,False,13,45,270
TMPV,2026-04-08,BUY,2026-04-08 09:30:00+05:30,2026-04-08 09:35:00+05:30,328.164,328.0,324.5831141668529,328.0,329.75,327.55,328.2,325.2858869699873,326.6,318.95,7.650000000000034,3.4168858331470915,2.8781130300126847,0.5312384328396159,1.3999999999999773,0.06097560975608651,3.825000000000017,8.636000000000024,1.01400000000001,2.257777777777774,0.2650980392156877,True,False,9,35,20
TMPV,2026-04-10,BUY,2026-04-10 09:55:00+05:30,2026-04-10 10:00:00+05:30,338.71927500000004,338.35,337.2270530474119,338.55,339.0,337.65,337.65,337.2780924166732,338.2,335.0,3.1999999999999886,1.1229469525881086,1.4411825833268495,0.05003995862279201,0.1500000000000341,-0.2658396101019145,1.5999999999999943,5.080724999999973,2.51927500000005,3.175453124999994,1.5745468750000369,True,True,10,0,45
TMPV,2026-04-13,BUY,2026-04-13 09:45:00+05:30,2026-04-13 09:50:00+05:30,338.46915,338.2,336.3046790967618,338.3,339.4,337.95,338.9,336.46608413258514,338.0,332.0,6.0,1.8953209032382006,2.0030658674148754,0.15467567090155385,0.19999999999998863,0.1773573751108426,3.0,8.330849999999998,0.5191500000000246,2.7769499999999994,0.17305000000000823,True,False,9,50,35
TMPV,2026-04-15,BUY,2026-04-15 09:50:00+05:30,2026-04-15 09:55:00+05:30,354.727275,354.4,352.11933736699604,354.55,355.25,354.4,355.25,352.37018133927086,354.15,349.25,4.899999999999977,2.280662633003942,2.357093660729163,0.10646314435783817,0.25,0.19743336623889718,2.4499999999999886,7.372725000000003,0.32727500000004284,3.009275510204097,0.13358163265307932,True,False,9,55,40
TMPV,2026-04-16,SELL,2026-04-16 09:40:00+05:30,2026-04-16 09:45:00+05:30,356.571625,356.75,357.93729996245133,356.75,357.0,356.15,356.95,357.85893816555324,360.0,356.8,3.1999999999999886,1.187299962451334,1.2873131655532575,-0.1666240417025643,0.05000000000001137,0.05606166783460598,1.5999999999999943,2.4716249999999604,0.9283750000000168,1.5447656249999808,0.5802343750000126,False,False,9,45,30
TMPV,2026-04-17,BUY,2026-04-17 10:15:00+05:30,2026-04-17 10:20:00+05:30,360.18,360.1,358.164771725798,360.0,360.25,359.5,359.6,358.2169574493884,359.9,352.0,7.899999999999977,1.935228274202018,1.9630425506115898,0.08381727387188294,0.20000000000004547,-0.11111111111110628,3.9499999999999886,1.170000000000016,3.5300000000000296,0.29620253164557453,0.8936708860759595,False,False,10,20,65
TMPV,2026-04-20,SELL,2026-04-20 09:30:00+05:30,2026-04-20 09:35:00+05:30,352.873475,352.8,355.54873664000917,353.05,353.7,352.6,353.3,355.32242906455116,358.3,353.6,4.699999999999989,2.748736640009156,2.448954064551174,-0.09655876600667473,0.8000000000000114,0.07081149978755974,2.3499999999999943,0.3734749999999849,6.9265250000000265,0.15892553191488756,2.947457446808529,False,True,9,35,20
TMPV,2026-04-20,BUY,2026-04-20 11:45:00+05:30,2026-04-20 11:50:00+05:30,358.529175,358.35,355.92465406188984,358.35,358.55,358.2,358.55,355.9572748640804,358.3,353.6,4.699999999999989,2.4253459381101834,2.571900135919634,0.08172306214136846,0.05000000000001137,0.05581135761127953,2.3499999999999943,0.32082500000001346,4.529175000000009,0.13652127659575075,1.9273085106383065,False,True,11,50,155
TMPV,2026-04-21,BUY,2026-04-21 09:50:00+05:30,2026-04-21 09:55:00+05:30,358.67925,358.6,356.87399220659404,358.5,358.8,358.25,358.4,356.9560660111018,358.0,353.45,4.550000000000011,1.7260077934059836,1.7231839888981995,0.06380500769101888,0.6000000000000227,-0.027894002789408123,2.2750000000000057,0.2207499999999527,3.1792500000000246,0.097032967032946,1.3974725274725348,False,True,9,55,40
TMPV,2026-04-22,BUY,2026-04-22 10:50:00+05:30,2026-04-22 10:55:00+05:30,362.831325,362.5,360.3993721624122,362.65,362.8,361.2,361.35,360.4793687974324,362.2,353.4,8.800000000000011,2.1006278375878082,2.351956202567578,0.05504022840702908,0.30000000000001137,-0.3584723562663594,4.400000000000006,5.118674999999996,2.73132499999997,1.1633352272727249,0.6207556818181742,False,False,10,55,100
TMPV,2026-04-23,SELL,2026-04-23 10:55:00+05:30,2026-04-23 11:00:00+05:30,355.672075,355.8,358.09397614665994,355.85,356.25,355.7,355.8,358.05554735047076,361.2,356.35,4.849999999999966,2.2939761466599293,2.383472350470754,-0.058982717032377355,0.5500000000000114,-0.014050864128145601,2.424999999999983,5.672075000000007,0.6279250000000047,2.339000000000019,0.2589381443299007,True,False,11,0,105
TMPV,2026-04-24,SELL,2026-04-24 09:35:00+05:30,2026-04-24 09:40:00+05:30,348.6256,349.0,351.23190348513265,348.8,349.45,348.45,349.2,351.08454381312526,355.85,349.3,6.550000000000011,2.231903485132648,2.458943813125245,-0.308655701431102,0.30000000000001137,0.11467889908256534,3.2750000000000057,1.12560000000002,2.62439999999998,0.34369465648855513,0.8013435114503742,False,False,9,40,25
TMPV,2026-04-27,SELL,2026-04-27 09:30:00+05:30,2026-04-27 09:35:00+05:30,350.574625,350.85,352.0327497112147,350.75,351.55,350.6,350.95,351.89856207043823,353.75,351.0,2.75,1.182749711214683,1.3239370704382054,0.0273523831206673,0.14999999999997726,0.05702066999286881,1.375,0.3246250000000259,6.2253749999999854,0.23609090909092795,4.527545454545444,False,True,9,35,20
TMPV,2026-04-27,BUY,2026-04-27 13:30:00+05:30,2026-04-27 13:35:00+05:30,354.227025,354.05,352.2014411490217,354.05,354.4,353.95,354.15,352.2190614173592,353.75,351.0,2.75,1.8485588509782929,2.007963582640798,0.05139566849157149,0.30000000000001137,0.02824459822057257,1.375,2.5729749999999854,0.9270250000000146,1.8712545454545348,0.6742000000000107,False,False,13,35,260
TMPV,2026-04-28,SELL,2026-04-28 10:10:00+05:30,2026-04-28 10:15:00+05:30,352.37372500000004,352.5,354.12478085624815,352.55,353.15,352.55,352.75,354.0752614349428,356.0,352.55,3.4499999999999886,1.624780856248151,1.7015364349427387,-0.11406598000152647,0.05000000000001137,0.05672954190893975,1.7249999999999943,3.023725000000013,2.626274999999964,1.7528840579710279,1.5224782608695495,False,True,10,15,60
TMPV,2026-04-29,BUY,2026-04-29 09:40:00+05:30,2026-04-29 09:45:00+05:30,361.1805,360.8,357.20297891278096,361.0,363.65,359.8,362.25,358.40973093760147,357.9,351.0,6.899999999999977,3.597021087219048,2.7707690623985286,0.32386804829182403,2.900000000000034,0.3462603878116255,3.4499999999999886,2.4694999999999823,10.130499999999984,0.7157971014492726,2.936376811594208,False,True,9,45,30
TMPV,2026-04-30,SELL,2026-04-30 09:45:00+05:30,2026-04-30 09:50:00+05:30,343.877975,344.15,346.2536381157981,344.05,344.25,343.5,343.85,346.08527763577547,352.0,344.2,7.800000000000011,2.1036381157981054,2.207302635775477,-0.1954070933100417,0.05000000000001137,-0.05813108559802327,3.9000000000000057,6.377974999999992,1.2220250000000306,1.6353782051282006,0.313339743589751,False,False,9,50,35
TMPV,2026-05-04,BUY,2026-05-04 09:45:00+05:30,2026-05-04 09:50:00+05:30,344.822325,344.65,341.8354965987038,344.65,345.25,344.45,345.2,342.1359753077779,343.55,338.0,5.550000000000011,2.8145034012961787,2.686349692222052,0.19990996752460802,1.099999999999966,0.15958218482519104,2.7750000000000057,1.0776749999999993,3.4223250000000007,0.3883513513513503,1.233270270270268,False,True,9,50,35
TMPV,2026-05-05,BUY,2026-05-05 09:30:00+05:30,2026-05-05 09:35:00+05:30,342.87135,342.75,341.4231077144086,342.7,343.2,342.05,342.4,341.55764401225673,342.65,339.0,3.6499999999999773,1.3268922855913843,1.3137059877432762,0.13914325237956546,0.10000000000002274,-0.08754012255617338,1.8249999999999886,1.1286499999999933,3.421350000000018,0.6184383561643837,1.8747123287671448,False,True,9,35,20
TMPV,2026-05-06,BUY,2026-05-06 13:25:00+05:30,2026-05-06 13:30:00+05:30,349.224525,349.0,345.87794737063285,349.05,351.7,348.7,351.05,346.47403125467025,348.15,344.0,4.149999999999977,3.122052629367147,2.750493745329777,0.03592842658032885,0.8500000000000227,0.5729838132072729,2.0749999999999886,9.72547499999996,0.5245250000000397,4.6869759036144645,0.25278313253014095,True,False,13,30,255
TMPV,2026-05-07,SELL,2026-05-07 10:05:00+05:30,2026-05-07 10:10:00+05:30,357.12135,357.35,358.8272709633606,357.3,358.2,357.3,357.65,358.797963216028,361.0,357.5,3.5,1.4772709633605814,1.676613216027988,-0.04116272376834779,0.14999999999997726,0.09795689896443527,1.75,0.07134999999999536,4.328649999999982,0.04077142857142592,2.4735142857142756,False,True,10,10,55
TMPV,2026-05-08,BUY,2026-05-08 12:25:00+05:30,2026-05-08 12:30:00+05:30,357.47865,357.25,355.46522518516684,357.3,357.35,356.25,356.5,355.48411600861203,356.9,354.1,2.7999999999999545,1.7847748148331561,1.994533991387982,0.010993977019715502,0.35000000000002274,-0.22390148334733295,1.3999999999999773,0.0,3.4286500000000046,0.0,2.4490357142857575,False,True,12,30,195
TMPV,2026-05-08,BUY,2026-05-08 14:45:00+05:30,2026-05-08 14:50:00+05:30,357.27855,357.1,355.51645575102856,357.1,357.25,356.4,356.55,355.5280637977354,356.9,354.1,2.7999999999999545,1.5835442489714637,1.7504862022645966,0.017432884350285185,0.20000000000004547,-0.15401848221786585,1.3999999999999773,0.0,2.2785499999999956,0.0,1.6275357142857376,False,True,14,50,335
TMPV,2026-05-11,SELL,2026-05-11 10:15:00+05:30,2026-05-11 10:20:00+05:30,348.52565,348.85,350.2788991546531,348.7,349.15,348.2,348.8,350.2267629014939,352.3,348.95,3.3500000000000227,1.4288991546530951,1.7011129014939002,-0.03627815910297249,0.0999999999999659,0.028677946659017017,1.6750000000000114,3.325649999999996,1.2743500000000267,1.9854626865671483,0.7608059701492645,False,False,10,20,65
TMPV,2026-05-12,SELL,2026-05-12 09:30:00+05:30,2026-05-12 09:35:00+05:30,339.13035,339.5,342.24675530580026,339.3,341.05,339.25,340.15,342.039648623243,345.7,340.0,5.699999999999989,2.7467553058002636,2.9092986232429894,-0.8124786445672287,0.5,0.25051576775714235,2.8499999999999943,3.1303500000000213,3.8696499999999787,1.0983684210526412,1.3577719298245567,False,True,9,35,20
TMPV,2026-05-13,BUY,2026-05-13 10:10:00+05:30,2026-05-13 10:15:00+05:30,339.919875,339.75,337.66152711219473,339.75,341.15,339.65,341.15,337.85728232349004,339.6,334.0,5.600000000000023,2.088472887805267,2.0625926765099507,0.11543071777319075,0.14999999999997726,0.41206769683590494,2.8000000000000114,2.480124999999987,4.019875000000013,0.8857589285714202,1.4356696428571418,False,True,10,15,60
TMPV,2026-05-14,SELL,2026-05-14 09:35:00+05:30,2026-05-14 09:40:00+05:30,336.13185,336.3,338.449717298071,336.3,336.3,335.2,335.55,338.14256935755105,340.6,337.65,2.9500000000000455,2.149717298070982,2.010719357551068,-0.1754398252591296,1.349999999999966,-0.2230151650312262,1.4750000000000227,2.4818500000000085,3.968150000000037,1.6826101694915052,2.6902711864406617,False,True,9,40,25
TMPV,2026-05-19,BUY,2026-05-19 09:40:00+05:30,2026-05-19 09:45:00+05:30,356.82832499999995,356.65,354.8944141631591,356.65,358.65,356.35,358.65,355.7009616873416,355.9,352.9,3.0,1.7555858368408508,1.1273633126583604,0.0782093379956679,0.75,0.5607738679377583,1.5,8.971675000000062,0.47832499999992706,5.981116666666708,0.3188833333332847,True,False,9,45,30
TMPV,2026-05-20,BUY,2026-05-20 09:30:00+05:30,2026-05-20 09:35:00+05:30,360.330075,360.3,358.63019759535655,360.15,361.3,360.05,360.65,358.91505797040674,359.8,356.1,3.6999999999999886,1.6698024046434625,1.4150170295932867,0.1973344610726971,0.5,0.13883104262113477,1.8499999999999943,4.669924999999978,0.48007499999999936,2.5242837837837797,0.25950000000000045,True,False,9,35,20
TMPV,2026-05-21,SELL,2026-05-21 11:15:00+05:30,2026-05-21 11:20:00+05:30,361.6191,361.9,363.77226960075046,361.8,362.9,361.8,362.75,363.7444369674919,366.0,362.75,3.25,1.872269600750485,2.125336967491876,-0.022854645911686518,0.8500000000000227,0.2625760088446727,1.625,2.619100000000003,3.0808999999999855,1.611753846153848,1.8959384615384527,False,True,11,20,125
TMPV,2026-05-22,SELL,2026-05-22 09:40:00+05:30,2026-05-22 09:45:00+05:30,362.31875,362.5,363.53444186998564,362.5,362.65,362.15,362.15,363.46340857873264,365.65,362.7,2.9499999999999886,1.034441869985642,1.1446585787326171,-0.16074052371595088,0.19999999999998863,-0.09655172413793878,1.4749999999999943,0.5687500000000227,2.1812499999999773,0.38559322033899995,1.4788135593220242,False,True,9,45,30
TMPV,2026-05-25,BUY,2026-05-25 10:20:00+05:30,2026-05-25 10:25:00+05:30,372.08595,371.75,370.2273041047269,371.9,372.0,371.4,371.75,370.2883195915108,371.45,366.15,5.300000000000011,1.5226958952731025,1.7976304084892263,0.03350630147212248,0.30000000000001137,-0.040333422963156895,2.6500000000000057,2.214049999999986,1.7359500000000025,0.8354905660377288,0.6550754716981128,False,False,10,25,70
TMPV,2026-05-26,BUY,2026-05-26 09:55:00+05:30,2026-05-26 10:00:00+05:30,377.88885,377.7,375.4632895821155,377.7,379.5,377.45,378.85,375.8772629567677,376.7,371.8,4.899999999999977,2.236710417884467,2.011587043232282,0.07472227201802963,1.0,0.30447445062220524,2.4499999999999886,9.41115000000002,0.4388500000000022,3.8412857142857404,0.17912244897959356,True,False,10,0,45
TMPV,2026-05-27,SELL,2026-05-27 09:30:00+05:30,2026-05-27 09:35:00+05:30,385.10735,385.4,386.8307802521877,385.3,385.45,384.0,384.5,386.4404530125421,388.9,385.6,3.2999999999999545,1.4307802521877306,1.3331030125420966,-0.12423935114793314,0.20000000000004547,-0.20763041785621938,1.6499999999999773,1.407350000000008,18.892650000000003,0.8529393939394107,11.450090909091069,False,True,9,35,20
TMPV,2026-05-27,BUY,2026-05-27 09:50:00+05:30,2026-05-27 09:55:00+05:30,389.29455,388.95,386.73897282048875,389.1,389.5,388.2,389.05,386.8945064864619,388.9,385.6,3.2999999999999545,2.211027179511234,2.400043513538094,-0.07802414780680686,0.05000000000001137,-0.012850167052169681,1.6499999999999773,14.705449999999985,1.144550000000038,8.912393939394054,0.6936666666666992,True,False,9,55,40
TMPV,2026-05-29,SELL,2026-05-29 10:25:00+05:30,2026-05-29 10:30:00+05:30,400.29975,400.4,403.20211616541957,400.5,400.65,400.0,400.15,403.084082540957,408.0,400.5,7.5,2.8021161654195907,2.7843325409569957,-0.03316109445448728,0.10000000000002274,-0.08739076154806735,3.75,9.599750000000029,3.500249999999994,2.559933333333341,0.9333999999999985,True,False,10,30,75
TMPV,2026-06-01,SELL,2026-06-01 09:40:00+05:30,2026-06-01 09:45:00+05:30,392.853475,393.15,394.83971808218786,393.05,394.5,393.05,394.5,394.7702243892877,398.85,393.2,5.650000000000034,1.6897180821878806,1.9167493892877019,-0.252003345751676,0.05000000000001137,0.3689098079124875,2.825000000000017,9.00347499999998,2.146524999999997,3.187070796460151,0.759831858407074,True,False,9,45,30
TMPV,2026-06-02,SELL,2026-06-02 11:00:00+05:30,2026-06-02 11:05:00+05:30,378.260775,378.45,382.5341998576457,378.45,378.8,377.3,377.8,382.41562795450415,388.95,379.55,9.399999999999977,4.084199857645729,4.154852954504122,-0.09181686582912067,1.1000000000000227,-0.17175320385783843,4.699999999999989,0.9607750000000124,13.639224999999954,0.20442021276596056,2.901962765957444,False,True,11,5,110
TMPV,2026-06-02,BUY,2026-06-02 13:50:00+05:30,2026-06-02 13:55:00+05:30,389.1945,389.05,382.6055406046223,389.0,389.35,387.9,389.0,382.69994767882156,388.95,379.55,9.399999999999977,6.444459395377692,6.494552321178446,0.07479174751616566,0.10000000000002274,0.0,4.699999999999989,2.7054999999999723,1.9945000000000164,0.5756382978723359,0.4243617021276641,False,False,13,55,280
TMPV,2026-06-03,SELL,2026-06-03 10:40:00+05:30,2026-06-03 10:45:00+05:30,386.30675,386.5,388.5084825688662,386.5,386.8,386.1,386.35,388.4501847093539,392.7,386.7,6.0,2.0084825688662136,2.143434709353869,-0.026715025052759998,0.19999999999998863,-0.03880983182406039,3.0,1.4567499999999995,13.493249999999989,0.4855833333333332,4.497749999999996,False,True,10,45,90
TMPV,2026-06-03,BUY,2026-06-03 12:55:00+05:30,2026-06-03 13:00:00+05:30,393.09645,392.9,388.8248115353414,392.9,393.1,392.25,392.4,388.8762296104309,392.7,386.7,6.0,4.075188464658595,4.220220389569079,0.13051596543960925,0.19999999999998863,-0.12725884448969715,3.0,6.703550000000007,1.046449999999993,2.234516666666669,0.34881666666666433,True,False,13,0,225
TMPV,2026-06-04,SELL,2026-06-04 09:30:00+05:30,2026-06-04 09:35:00+05:30,391.853975,392.15,394.3070052609361,392.05,393.0,391.0,391.5,393.9165002505982,396.85,393.95,2.900000000000034,2.157005260936103,2.062525250598185,-0.5227990376547258,1.8000000000000114,-0.14028822854228462,1.450000000000017,0.8539749999999913,9.346024999999997,0.588948275862056,6.445534482758543,False,True,9,35,20
TMPV,2026-06-04,BUY,2026-06-04 10:00:00+05:30,2026-06-04 10:05:00+05:30,397.7988,397.6,394.3993436151915,397.6,399.7,397.5,398.15,394.75287094602373,396.85,393.95,2.900000000000034,3.2006563848084966,3.0459290539762947,0.09692216261394151,0.75,0.1383299798792592,1.450000000000017,3.4011999999999603,4.948800000000006,2.345655172413738,3.412965517241343,True,True,10,5,50
TMPV,2026-06-04,SELL,2026-06-04 11:05:00+05:30,2026-06-04 11:10:00+05:30,393.70305,393.9,395.0442341370414,393.9,394.2,393.7,394.15,395.03427510825867,396.85,393.95,2.900000000000034,1.144234137041451,1.33122510825865,-0.008635495717309349,0.05000000000001137,0.06346788525006808,1.450000000000017,0.8530499999999961,7.49694999999997,0.5883103448275766,5.170310344827505,False,True,11,10,115
TMPV,2026-06-04,BUY,2026-06-04 12:00:00+05:30,2026-06-04 12:05:00+05:30,397.1985,397.0,395.0570487646407,397.0,397.9,396.4,397.0,395.11378494525917,396.85,393.95,2.900000000000034,1.9429512353593168,2.0847150547408546,0.020817325085526264,0.14999999999997726,0.0,1.450000000000017,4.0014999999999645,1.8485000000000014,2.759655172413736,1.2748275862068825,True,True,12,5,170
TMPV,2026-06-05,SELL,2026-06-05 09:55:00+05:30,2026-06-05 10:00:00+05:30,396.8015,396.85,399.56074765784854,397.0,397.8,396.5,397.45,399.20289191333865,403.05,398.25,4.800000000000011,2.710747657848515,2.4013919133386707,-0.12976721148509868,1.3999999999999773,0.11335012594457794,2.4000000000000057,3.201499999999953,4.648500000000013,1.3339583333333107,1.9368750000000008,False,True,10,0,45
TMPV,2026-06-08,SELL,2026-06-08 10:45:00+05:30,2026-06-08 10:50:00+05:30,387.556125,387.75,390.3722360580527,387.75,388.0,387.0,387.25,390.237675834828,392.9,388.2,4.699999999999989,2.6222360580526924,2.6815508348279877,-0.05468608333248403,0.44999999999998863,-0.12894906511927706,2.3499999999999943,0.5561250000000086,4.443874999999991,0.236648936170217,1.8910106382978733,False,True,10,50,95
TMPV,2026-06-09,SELL,2026-06-09 09:45:00+05:30,2026-06-09 09:50:00+05:30,390.70455,390.9,392.4522597217069,390.9,391.75,390.85,391.75,392.3912768236048,395.45,391.0,4.449999999999989,1.552259721706946,1.686726823604829,-0.04662333803890848,0.10000000000002274,0.21744691737017874,2.2249999999999943,3.904549999999972,1.0454500000000166,1.7548539325842616,0.4698651685393345,False,False,9,50,35
TMPV,2026-06-10,SELL,2026-06-10 10:10:00+05:30,2026-06-10 10:15:00+05:30,383.808,384.1,385.7369784630237,384.0,384.6,383.45,384.6,385.64759585354363,388.8,384.55,4.25,1.636978463023695,1.839595853543642,-0.10532713318179533,0.44999999999998863,0.15625000000001332,2.125,3.8079999999999927,3.1920000000000073,1.7919999999999965,1.5021176470588269,False,True,10,15,60
TMPV,2026-06-12,SELL,2026-06-12 10:45:00+05:30,2026-06-12 10:50:00+05:30,379.260275,379.45,381.9992721869399,379.45,379.9,379.25,379.9,381.93089825190765,385.7,380.2,5.5,2.549272186939902,2.6706232519076707,-0.062198080252767476,0.75,0.11859269996046251,2.75,0.2602749999999787,13.68972500000001,0.0946454545454468,4.978081818181821,False,True,10,50,95
TMPV,2026-06-12,BUY,2026-06-12 14:10:00+05:30,2026-06-12 14:15:00+05:30,386.343075,386.0,382.10401118648974,386.15,387.85,385.9,387.5,382.2790857893951,385.7,380.2,5.5,3.8959888135102574,4.063989210604916,0.12521094406648123,0.30000000000001137,0.349605075747772,2.75,6.60692499999999,0.44307500000002165,2.402518181818178,0.16111818181818968,True,False,14,15,300
TMPV,2026-06-15,BUY,2026-06-15 09:30:00+05:30,2026-06-15 09:35:00+05:30,406.6032,406.5,403.42828470945193,406.4,407.8,405.75,406.15,403.83924347904303,405.85,396.1,9.75,3.0717152905480702,2.763956520956981,0.8302969053602589,0.6499999999999773,-0.06151574803149318,4.875,1.196799999999996,11.353200000000015,0.24549743589743508,2.3288615384615414,False,True,9,35,20
TMPV,2026-06-15,SELL,2026-06-15 15:20:00+05:30,2026-06-15 15:25:00+05:30,395.452175,395.65,401.13342878093266,395.65,396.7,395.25,396.5,401.0206518203874,405.85,396.1,9.75,5.483428780932684,5.568476820387389,-0.11996435099929784,0.4500000000000455,0.21483634525465423,4.875,0.2021750000000111,1.2478249999999775,0.04147179487179715,0.25596410256409796,False,False,15,25,370
TMPV,2026-06-16,SELL,2026-06-16 09:55:00+05:30,2026-06-16 10:00:00+05:30,392.353725,392.5,394.40039571488427,392.55,392.8,392.2,392.35,394.2677205258475,398.65,393.2,5.449999999999989,1.9003957148842687,1.913995525847497,-0.1306917107692126,0.6999999999999886,-0.05094892370398618,2.7249999999999943,4.803724999999986,2.146275000000003,1.7628348623853196,0.7876238532110118,False,False,10,0,45
TMPV,2026-06-17,SELL,2026-06-17 09:45:00+05:30,2026-06-17 09:50:00+05:30,389.355225,389.55,391.0023162821423,389.55,389.95,389.0,389.0,390.7581784950728,395.6,389.7,5.900000000000034,1.4523162821423057,1.4029534950727793,-0.18056110624811084,0.14999999999997726,-0.1411885508920574,2.950000000000017,34.35522500000002,0.5947749999999701,11.645838983050787,0.2016186440677853,True,False,9,50,35
TMPV,2026-06-18,SELL,2026-06-18 10:40:00+05:30,2026-06-18 10:45:00+05:30,361.819,361.95,363.8412919348535,362.0,362.5,361.95,362.15,363.80881503636215,366.25,362.45,3.8000000000000114,1.8912919348534842,1.9898150363621312,-0.04484345061426281,0.5,0.04143646408838464,1.9000000000000057,2.6690000000000396,3.5809999999999604,1.4047368421052797,1.8847368421052366,False,True,10,45,90
TMPV,2026-06-19,SELL,2026-06-19 10:00:00+05:30,2026-06-19 10:05:00+05:30,357.52115,357.75,358.98163756026315,357.7,357.9,357.6,357.8,358.94155796977606,363.75,358.1,5.649999999999977,1.2316375602631524,1.420407969776079,-0.07997042011671175,0.35000000000002274,0.027956388034677815,2.8249999999999886,1.0211499999999774,2.8288500000000454,0.36146902654866603,1.0013628318584271,False,True,10,5,50
TMPV,2026-06-22,BUY,2026-06-22 09:35:00+05:30,2026-06-22 09:40:00+05:30,365.132475,364.9,362.4812763963623,364.95,365.0,363.6,363.7,362.63331625197156,363.5,360.0,3.5,2.418723603637659,2.499158748028435,0.2930160552871756,1.3999999999999773,-0.34251267296889765,1.75,5.3675250000000005,4.532474999999977,3.0671571428571434,2.589985714285701,True,True,9,40,25
TMPV,2026-06-23,SELL,2026-06-23 09:35:00+05:30,2026-06-23 09:40:00+05:30,358.770525,358.9,359.9080771905011,358.95,359.35,358.75,358.95,359.8247057845871,361.9,359.15,2.75,1.008077190501126,1.0541807845870608,-0.10440214073152417,0.25,0.0,1.375,8.670524999999998,2.279474999999991,6.305836363636362,1.6577999999999933,True,True,9,40,25
TMPV,2026-06-23,SELL,2026-06-23 15:00:00+05:30,2026-06-23 15:05:00+05:30,354.8225,355.0,355.6981025946764,355.0,355.65,354.85,355.1,355.6895279278565,361.9,359.15,2.75,0.6981025946764134,0.8670279278564976,0.012146789480246804,4.149999999999977,0.028169014084511446,1.375,1.572499999999991,0.8274999999999864,1.1436363636363571,0.6018181818181719,False,False,15,5,350
TMPV,2026-06-24,SELL,2026-06-24 09:35:00+05:30,2026-06-24 09:40:00+05:30,354.32275,354.5,355.5757430840501,354.5,354.8,353.65,354.3,355.41990957245775,356.8,354.6,2.1999999999999886,1.0757430840500888,1.0971595724577696,-0.040861471591911475,0.10000000000002274,-0.056417489421722866,1.0999999999999943,6.322749999999985,2.427250000000015,5.7479545454545615,2.206590909090934,True,True,9,40,25
TMPV,2026-06-29,SELL,2026-06-29 10:35:00+05:30,2026-06-29 10:40:00+05:30,349.72504999999995,349.9,351.31025567944323,349.9,349.95,349.2,349.35,351.2541534287476,354.45,350.0,4.449999999999989,1.410255679443253,1.5291034287476464,-0.05051960154460874,0.10000000000002274,-0.15718776793368638,2.2249999999999943,6.325049999999976,0.2249500000000353,2.842719101123592,0.10110112359552173,True,False,10,40,85
TMPV,2026-06-30,SELL,2026-06-30 09:30:00+05:30,2026-06-30 09:35:00+05:30,343.52815,343.8,345.47728679482225,343.7,344.8,343.7,344.6,345.360863027089,349.1,344.0,5.100000000000023,1.677286794822237,1.832713027089028,-0.2607977612308815,0.19999999999998863,0.2618562700029248,2.5500000000000114,0.0,12.871849999999995,0.0,5.047784313725466,False,True,9,35,20
TMPV,2026-06-30,BUY,2026-06-30 11:10:00+05:30,2026-06-30 11:15:00+05:30,350.225025,350.0,346.38720957278684,350.05,350.15,349.5,350.0,346.49642478844214,349.1,344.0,5.100000000000023,3.612790427213156,3.7286002115578754,0.18290146338153007,0.8999999999999773,-0.014283673760895343,2.5500000000000114,6.174974999999961,0.7250250000000165,2.4215588235293857,0.2843235294117699,True,False,11,15,120
TMPV,2026-07-01,SELL,2026-07-01 10:40:00+05:30,2026-07-01 10:45:00+05:30,349.72504999999995,349.9,351.1087475109337,349.9,350.35,349.75,350.2,351.0776336244929,353.95,350.05,3.8999999999999773,1.2087475109337333,1.3525836244929224,-0.01079980172238284,0.1500000000000341,0.08573878250928146,1.9499999999999886,3.2250499999999533,4.874950000000069,1.6538717948717805,2.4999743589744092,False,True,10,45,90
TMPV,2026-07-01,SELL,2026-07-01 14:35:00+05:30,2026-07-01 14:40:00+05:30,349.2253,349.4,350.2761972910457,349.4,349.9,349.3,349.6,350.26827782227645,353.95,350.05,3.8999999999999773,0.8761972910457416,1.0429778222764412,0.1442489671300825,0.6500000000000341,0.05724098454493731,1.9499999999999886,2.0253000000000156,0.674699999999973,1.0386153846153987,0.34599999999998815,False,False,14,40,325
TMPV,2026-07-02,SELL,2026-07-02 09:50:00+05:30,2026-07-02 09:55:00+05:30,347.4262,347.5,348.9179321847012,347.6,347.6,347.2,347.45,348.8168728525415,351.25,347.65,3.6000000000000227,1.4179321847012147,1.3906728525415133,-0.10858436280467965,0.14999999999997726,-0.04315304948216969,1.8000000000000114,2.4261999999999944,0.2237999999999829,1.3478888888888771,0.12433333333332305,False,False,9,55,40
TMPV,2026-07-03,BUY,2026-07-03 10:40:00+05:30,2026-07-03 10:45:00+05:30,347.47365,347.15,343.94917815880405,347.3,347.55,346.35,346.65,344.02592968492127,347.0,341.0,6.0,3.200821841195932,3.4477203150787545,0.07689001260721219,0.14999999999997726,-0.18715807659085426,3.0,0.07634999999999081,5.273650000000032,0.025449999999996937,1.757883333333344,False,True,10,45,90
TMPV,2026-07-06,BUY,2026-07-06 10:20:00+05:30,2026-07-06 10:25:00+05:30,346.67325,346.45,343.75596683186484,346.5,347.25,345.65,345.85,343.8939590522371,345.6,341.6,4.0,2.6940331681351495,2.779290947762888,0.1199493947416632,0.8499999999999659,-0.18759018759018087,2.0,1.9767499999999814,1.423249999999996,0.9883749999999907,0.711624999999998,False,False,10,25,70
TMPV,2026-07-07,SELL,2026-07-07 09:30:00+05:30,2026-07-07 09:35:00+05:30,344.977425,345.15,346.9211749368017,345.15,345.75,344.45,344.7,346.5466562205623,348.8,346.0,2.8000000000000114,1.7711749368017422,1.5692312205623011,-0.19271127205293442,0.8500000000000227,-0.13037809647978849,1.4000000000000057,3.277424999999994,0.7725750000000176,2.3410178571428433,0.551839285714296,True,False,9,35,20
TMPV,2026-07-08,SELL,2026-07-08 09:30:00+05:30,2026-07-08 09:35:00+05:30,338.080875,338.3,340.0242555685582,338.25,338.3,337.6,338.05,339.6256742935589,341.4,339.0,2.3999999999999773,1.724255568558192,1.544799293558924,-0.17723176030224577,0.6999999999999886,-0.05912786400591452,1.1999999999999886,7.330874999999992,1.7191250000000196,6.109062500000051,1.4326041666666964,True,True,9,35,20
TMPV,2026-07-09,SELL,2026-07-09 09:55:00+05:30,2026-07-09 10:00:00+05:30,332.283775,332.4,333.4250603626542,332.45,332.6,332.25,332.25,333.3542920922948,334.6,332.8,1.8000000000000114,1.0250603626542443,1.0705170922948355,-0.03096816705244681,0.4000000000000341,-0.0601594224695412,0.9000000000000057,2.2837749999999915,1.51622500000002,2.5375277777777523,1.684694444444456,True,True,10,0,45
TMPV,2026-07-10,BUY,2026-07-10 09:45:00+05:30,2026-07-10 09:50:00+05:30,335.917875,335.7,335.12390014817373,335.75,336.2,335.5,335.85,335.171538538465,335.6,333.65,1.9500000000000455,0.5760998518262568,0.7463364615350088,0.07650281038870728,0.0999999999999659,0.029784065524940395,0.9750000000000227,4.332125000000019,2.167874999999981,4.443205128205044,2.223461538461467,True,True,9,50,35
TMPV,2026-07-13,BUY,2026-07-13 12:45:00+05:30,2026-07-13 12:50:00+05:30,340.5702,340.4,337.21982718769857,340.4,342.35,340.2,341.35,337.4412618894774,339.5,335.2,4.300000000000011,3.1801728123014072,3.128938110522597,0.05336584784052727,0.8999999999999773,0.27908343125735424,2.1500000000000057,3.4298,0.9701999999999771,1.5952558139534843,0.4512558139534765,False,False,12,50,215
TMPV,2026-07-14,SELL,2026-07-14 09:45:00+05:30,2026-07-14 09:50:00+05:30,336.6316,336.8,338.3434131756989,336.8,336.8,336.1,336.15,338.02393574004026,340.75,337.3,3.4499999999999886,1.5434131756989018,1.3923357400402665,-0.14081791412751532,0.5,-0.1929928741092768,1.7249999999999943,4.08159999999998,0.16840000000001965,2.366144927536228,0.09762318840580882,True,False,9,50,35
TMPV,2026-07-15,SELL,2026-07-15 12:55:00+05:30,2026-07-15 13:00:00+05:30,331.53415,331.65,333.6453146210912,331.7,332.1,331.3,331.9,333.5703692070932,335.1,332.55,2.5500000000000114,1.995314621091211,2.036219207093211,-0.04945427511981617,0.9000000000000341,0.06029544769370343,1.2750000000000057,0.23414999999999964,2.6658499999999776,0.1836470588235283,2.090862745098012,False,True,13,0,225
TMPV,2026-07-16,SELL,2026-07-16 11:40:00+05:30,2026-07-16 11:45:00+05:30,333.283275,333.5,335.5100167083115,333.45,333.5,333.25,333.45,335.4508356469504,339.2,334.0,5.199999999999989,2.0100167083115252,2.167560646950392,-0.031620721823196564,0.5,0.0,2.5999999999999943,1.983274999999992,1.2167249999999967,0.7627980769230754,0.4679711538461536,False,False,11,45,150
TMPV,2026-07-17,BUY,2026-07-17 10:15:00+05:30,2026-07-17 10:20:00+05:30,333.716775,333.5,332.0827219142592,333.55,333.6,332.9,333.25,332.1405189906503,332.85,330.2,2.650000000000034,1.4172780857408043,1.5762560093496631,0.013340679903233319,0.6499999999999773,-0.08994153800030436,1.325000000000017,3.083225000000027,2.1167749999999614,2.326962264150934,1.5975660377357994,True,True,10,20,65
TMPV,2026-07-20,SELL,2026-07-20 11:25:00+05:30,2026-07-20 11:30:00+05:30,333.2333,333.5,335.2206439845107,333.4,333.95,333.4,333.9,335.16560366324416,336.75,333.75,3.0,1.720643984510673,1.93230366324417,-0.04783666035977632,0.25,0.14997000599878962,1.5,0.783299999999997,4.366700000000037,0.522199999999998,2.911133333333358,False,True,11,30,135
TMPV,2026-07-20,BUY,2026-07-20 14:20:00+05:30,2026-07-20 14:25:00+05:30,337.218525,337.05,334.9036154178238,337.05,337.3,337.0,337.15,334.9241516126712,336.75,333.75,3.0,2.1463845821762106,2.2943733873287897,0.06479377861837823,0.30000000000001137,0.029669188547676306,1.5,0.18147499999997763,1.3185250000000224,0.12098333333331841,0.8790166666666815,False,False,14,25,310
TMPV,2026-07-21,SELL,2026-07-21 10:00:00+05:30,2026-07-21 10:05:00+05:30,334.2328,334.45,335.9855205455434,334.4,334.65,334.3,334.6,335.923163254739,337.65,334.75,2.8999999999999773,1.5355205455434202,1.6903632547389975,-0.08282613987665823,0.30000000000001137,0.05980861244021529,1.4499999999999886,2.432799999999986,0.4171999999999798,1.6777931034482794,0.2877241379310228,False,False,10,5,50
TMPV,2026-07-22,SELL,2026-07-22 09:30:00+05:30,2026-07-22 09:35:00+05:30,330.8345,331.0,332.6213070386977,331.0,331.4,330.9,331.2,332.40516221696,334.6,331.85,2.75,1.6213070386976938,1.5706622169599882,-0.4694605343372183,0.8500000000000227,0.06042296072508169,1.375,3.7344999999999686,1.0155000000000314,2.715999999999977,0.7385454545454774,True,False,9,35,20
TMPV,2026-07-23,SELL,2026-07-23 09:35:00+05:30,2026-07-23 09:40:00+05:30,325.837,326.0,326.7820350985553,326.0,326.0,325.35,325.7,326.69588138320034,327.9,326.1,1.7999999999999545,0.7820350985552977,0.8588813832003552,-0.02444748280488883,0.10000000000002274,-0.09202453987730008,0.8999999999999773,2.0369999999999777,2.663000000000011,2.2633333333333656,2.9588888888889757,True,True,9,40,25
TMPV,2026-07-23,BUY,2026-07-23 10:40:00+05:30,2026-07-23 10:45:00+05:30,328.113975,328.1,326.88080189067443,327.95,328.15,327.8,327.9,326.91311744588245,327.9,326.1,1.7999999999999545,1.219198109325589,1.2008575541175333,0.039593657197282146,0.20000000000004547,-0.015246226558929266,0.8999999999999773,0.3860250000000178,4.313974999999971,0.4289166666666973,4.793305555555644,False,True,10,45,90
TMPV,2026-07-23,SELL,2026-07-23 12:35:00+05:30,2026-07-23 12:40:00+05:30,325.886975,326.0,327.1650479601818,326.05,326.3,325.25,325.75,327.0477949604595,327.9,326.1,1.7999999999999545,1.1650479601818233,1.1608199604594915,-0.004206038147259479,0.10000000000002274,-0.0920104278484879,0.8999999999999773,2.0869749999999954,0.6630250000000046,2.3188611111111643,0.7366944444444682,True,False,12,40,205
TMPV,2026-07-24,SELL,2026-07-24 10:00:00+05:30,2026-07-24 10:05:00+05:30,318.94045,319.25,320.1269937626352,319.1,319.3,318.75,319.1,320.01678964980374,321.9,319.4,2.5,0.8769937626352089,1.0763396498037423,-0.03644666695140997,0.14999999999997726,0.0,1.25,0.6904499999999985,6.8095500000000015,0.5523599999999987,5.447640000000002,False,True,10,5,50
TMPV,2026-07-24,BUY,2026-07-24 11:40:00+05:30,2026-07-24 11:45:00+05:30,322.110975,321.95,320.20955613815477,321.95,322.3,321.85,322.2,320.2445270740934,321.9,319.4,2.5,1.7404438618452218,1.8664479259065843,0.05657230731378787,0.05000000000001137,0.07765180928716031,1.25,3.6390250000000037,0.26097499999997353,2.911220000000003,0.20877999999997882,True,False,11,45,150
TMPV,2026-07-27,BUY,2026-07-27 09:40:00+05:30,2026-07-27 09:45:00+05:30,328.46415,328.25,327.28666689839974,328.3,328.7,327.65,327.8,327.37579442872766,327.8,326.3,1.5,0.9633331016002558,1.0883555712723592,0.06835133695333914,0.44999999999998863,-0.15229972586049412,0.75,0.5858499999999935,2.364149999999995,0.7811333333333247,3.1521999999999935,False,True,9,45,30
TMPV,2026-07-27,SELL,2026-07-27 11:00:00+05:30,2026-07-27 11:05:00+05:30,326.33675,326.25,327.2719579672738,326.5,327.25,326.4,327.15,327.2605514130926,327.8,326.3,1.5,1.0219579672738064,0.9238014130926331,-0.011913469434027445,0.05000000000001137,0.1990811638590939,0.75,0.0,2.7132500000000164,0.0,3.6176666666666883,False,True,11,5,110
TMPV,2026-07-27,BUY,2026-07-27 13:15:00+05:30,2026-07-27 13:20:00+05:30,328.314075,328.05,327.26703910343366,328.15,328.2,328.0,328.05,327.27530742095246,327.8,326.3,1.5,0.782960896566351,1.0387675790475441,0.005731521365117376,0.25,-0.03047386865762114,0.75,0.7359250000000088,1.0640750000000025,0.9812333333333451,1.41876666666667,False,True,13,20,245
TMPV,2026-07-28,SELL,2026-07-28 09:50:00+05:30,2026-07-28 09:55:00+05:30,323.688075,323.85,324.434212333864,323.85,324.2,323.7,323.75,324.4081353700539,327.35,323.9,3.4500000000000455,0.5842123338640022,0.7200603700538863,-0.09862608149662386,0.049999999999954525,-0.030878493129538054,1.7250000000000227,0.28807500000004893,2.211924999999951,0.16700000000002616,1.2822753623187952,False,True,9,55,40
TMPV,2026-07-29,BUY,2026-07-29 09:45:00+05:30,2026-07-29 09:50:00+05:30,330.06494999999995,329.9,328.36772694089575,329.9,330.0,328.2,328.25,328.41438907808083,329.2,325.35,3.849999999999966,1.5322730591042273,1.6505609219191228,0.0349786355325263,0.6999999999999886,-0.5001515610791096,1.924999999999983,0.43505000000004657,3.864949999999965,0.22600000000002618,2.007766233766233,False,True,9,50,35
TMPV,2026-07-30,BUY,2026-07-30 09:40:00+05:30,2026-07-30 09:45:00+05:30,330.815325,330.7,329.8672588212306,330.65,331.3,330.55,330.75,329.9444529641671,330.65,328.05,2.599999999999966,0.8327411787693677,0.8708720358328605,0.09078836875725828,0.05000000000001137,0.03024345985180865,1.299999999999983,4.184675000000027,1.2653249999999616,3.218980769230832,0.9733269230769063,True,False,9,45,30
TMPV,2026-07-31,BUY,2026-07-31 11:35:00+05:30,2026-07-31 11:40:00+05:30,338.169,338.0,336.41915257738526,338.0,338.55,338.0,338.15,336.51377424656476,337.6,334.5,3.1000000000000227,1.5808474226147382,1.655225753435218,0.06013346110852914,0.39999999999997726,0.04437869822484508,1.5500000000000114,3.781000000000006,0.6689999999999827,2.4393548387096633,0.43161290322579215,True,False,11,40,145
TMPV,2026-08-04,BUY,2026-08-04 11:25:00+05:30,2026-08-04 11:30:00+05:30,349.624725,349.45,347.85538487134687,349.45,349.5,348.6,348.85,347.876302664755,348.95,345.3,3.6499999999999773,1.5946151286531176,1.7484223352450385,0.03331397319739041,0.5,-0.17169838317354635,1.8249999999999886,0.0,4.624725000000012,0.0,2.534095890410981,False,True,11,30,135
TMPV,2026-08-04,SELL,2026-08-04 14:25:00+05:30,2026-08-04 14:30:00+05:30,345.0274,345.2,347.15855320512037,345.2,345.45,345.05,345.15,347.13298064545285,348.95,345.3,3.6499999999999773,1.9585532051203813,2.1055806454528465,-0.02641320409434549,0.10000000000002274,-0.014484356894561845,1.8249999999999886,0.02740000000000009,0.7726000000000113,0.015013698630137129,0.4233424657534335,False,False,14,30,315
TMPV,2026-08-05,SELL,2026-08-05 15:05:00+05:30,2026-08-05 15:10:00+05:30,346.92645000000005,347.1,350.1722743325795,347.1,347.5,346.4,347.5,350.05814831125764,352.75,347.2,5.550000000000011,3.072274332579468,3.131698311257594,-0.04319501762297887,0.0999999999999659,0.11524056467875354,2.7750000000000057,0.526450000000068,0.5735499999999547,0.18971171171173584,0.20668468468466794,False,False,15,10,355
TMPV,2026-08-06,SELL,2026-08-06 11:35:00+05:30,2026-08-06 11:40:00+05:30,345.4272,345.6,346.7561666924006,345.6,346.1,345.1,345.95,346.72062251764635,349.0,346.0,3.0,1.156166692400575,1.29342251764632,-0.024013258974558995,0.39999999999997726,0.10127314814813992,1.5,2.4272000000000276,0.7727999999999611,1.6181333333333516,0.515199999999974,False,False,11,40,145
TMPV,2026-08-07,BUY,2026-08-07 09:45:00+05:30,2026-08-07 09:50:00+05:30,346.27305,346.1,344.8667523226553,346.1,346.25,345.85,346.1,344.94212023619,346.0,343.65,2.3500000000000227,1.233247677344707,1.3309297638099906,0.021266966822604757,0.10000000000002274,0.0,1.1750000000000114,3.5269499999999994,1.8730500000000347,3.0016595744680554,1.5940851063829928,True,True,9,50,35
TMPV,2026-08-11,BUY,2026-08-11 10:30:00+05:30,2026-08-11 10:35:00+05:30,348.07395,347.95,346.6210954963531,347.9,347.95,346.5,346.65,346.64708301248845,347.7,344.85,2.849999999999966,1.3289045036468679,1.4268669875115734,0.03254609775410595,0.25,-0.3592986490370764,1.424999999999983,0.6260499999999638,3.823950000000025,0.4393333333333132,2.683473684210576,False,True,10,35,80
TMPV,2026-08-11,SELL,2026-08-11 11:10:00+05:30,2026-08-11 11:15:00+05:30,344.477675,344.8,346.0784857953224,344.65,345.2,344.6,344.9,346.04353513903715,347.7,344.85,2.849999999999966,1.2784857953224105,1.56586013903717,-0.11311958780416347,0.05000000000001137,0.07253735673871109,1.424999999999983,0.22767499999997654,4.222325000000012,0.15977192982454685,2.963035087719342,False,True,11,15,120
TMPV,2026-08-11,BUY,2026-08-11 13:25:00+05:30,2026-08-11 13:30:00+05:30,348.023925,347.85,346.1334996148212,347.85,348.0,347.75,347.8,346.1440592466385,347.7,344.85,2.849999999999966,1.716500385178847,1.8798657533615142,0.031152592041710555,0.1500000000000341,-0.014374011786688623,1.424999999999983,0.6760749999999689,1.3739250000000425,0.4744385964912119,0.9641578947368834,False,False,13,30,255
TMPV,2026-08-12,SELL,2026-08-12 09:50:00+05:30,2026-08-12 09:55:00+05:30,346.97642499999995,347.15,349.1266192363345,347.15,347.15,346.1,346.55,348.8937698231192,351.25,347.25,4.0,1.9766192363344999,1.9173448231192651,-0.11169849031701401,0.10000000000002274,-0.17283594987757,2.0,12.77642499999996,0.173575000000028,6.38821249999998,0.086787500000014,True,False,9,55,40
TMPV,2026-08-13,BUY,2026-08-13 09:35:00+05:30,2026-08-13 09:40:00+05:30,345.422625,345.35,344.4242817586202,345.25,351.55,345.1,350.85,346.6834850303774,345.25,342.45,2.8000000000000114,0.9257182413797977,-1.2608600303774438,0.23085659181303406,0.10000000000002274,1.6220130340333094,1.4000000000000057,6.127375000000029,0.3226249999999595,4.376696428571432,0.23044642857139871,True,False,9,40,25
TMPV,2026-08-13,BUY,2026-08-13 11:00:00+05:30,2026-08-13 11:05:00+05:30,348.47415,348.5,348.0554128540666,348.3,348.55,347.7,348.15,348.0562732810956,345.25,342.45,2.8000000000000114,0.444587145933383,0.41787671890438105,-0.005108455176561751,3.25,-0.04306632213609829,1.4000000000000057,2.2758499999999913,1.0741500000000315,1.62560714285713,0.7672500000000194,False,False,11,5,110
ASHOKLEY,2025-08-18,BUY,2025-08-18 10:00:00+05:30,2025-08-18 10:05:00+05:30,130.97545499999998,130.95,129.20198364567366,130.91,131.4,130.87,131.18,129.33547201652348,130.54,125.1,5.439999999999998,1.7480163543263245,1.6399829834765,0.06710597955968826,0.4099999999999966,0.20624856771829236,2.719999999999999,1.824545000000029,0.1254549999999881,0.6707886029411874,0.04612316176470153,False,False,10,5,50
ASHOKLEY,2025-08-19,BUY,2025-08-19 12:05:00+05:30,2025-08-19 12:10:00+05:30,132.015975,131.95,129.86851071902205,131.95,132.1,131.83,131.97,129.9473540773478,131.76,127.11,4.6499999999999915,2.0814892809779337,2.068620922652201,0.027345309991110157,0.18999999999999773,0.015157256536579844,2.3249999999999957,1.534025000000014,0.2559750000000065,0.6597956989247384,0.11009677419355139,False,False,12,10,175
ASHOKLEY,2025-08-21,BUY,2025-08-21 10:25:00+05:30,2025-08-21 10:30:00+05:30,133.76684999999998,133.64,132.805984940643,133.7,133.81,133.6,133.66,132.84981067966356,133.48,131.6,1.8799999999999955,0.8340150593570002,0.9170393203364142,0.03361959103308751,0.1599999999999966,-0.029917726252803867,0.9399999999999977,0.04315000000002556,2.9668499999999653,0.04590425531917623,3.15622340425529,False,True,10,30,75
ASHOKLEY,2025-08-21,SELL,2025-08-21 14:35:00+05:30,2025-08-21 14:40:00+05:30,131.464235,131.54,132.77346251301643,131.53,131.72,131.53,131.63,132.76600820275561,133.48,131.6,1.8799999999999955,1.233462513016434,1.3017732027556121,-0.007929180483586946,0.060000000000002274,0.07602828252109006,0.9399999999999977,0.6642349999999908,0.2557649999999967,0.7066329787233961,0.27209042553191204,False,False,14,40,325
ASHOKLEY,2025-08-22,SELL,2025-08-22 09:30:00+05:30,2025-08-22 09:35:00+05:30,130.004965,130.08,130.74100906396427,130.07,130.11,129.85,129.95,130.66958850974922,132.1,130.15,1.9499999999999886,0.6610090639642578,0.6646235097492195,-0.08728955889532548,0.06999999999999318,-0.09225801491504759,0.9749999999999943,0.3749650000000031,1.7150350000000003,0.3845794871794926,1.759010256410267,False,True,9,35,20
ASHOKLEY,2025-08-26,SELL,2025-08-26 09:40:00+05:30,2025-08-26 09:45:00+05:30,129.95499,129.99,130.42760847193918,130.02,130.1,129.95,130.06,130.39664405041984,130.94,130.12,0.8199999999999932,0.4376084719391713,0.4416540504198281,-0.0015067890471770864,0.12999999999999545,0.03076449776957535,0.4099999999999966,0.0049900000000207,2.4050100000000043,0.012170731707367663,5.865878048780547,False,True,9,45,30
ASHOKLEY,2025-08-28,SELL,2025-08-28 13:00:00+05:30,2025-08-28 13:05:00+05:30,130.12490499999998,130.15,130.57465401229751,130.19,130.23,130.01,130.14,130.5695933600718,131.9,130.25,1.6500000000000057,0.4246540122975091,0.4446883600718081,-0.002887195825161202,0.09999999999999432,-0.038405407481378884,0.8250000000000028,0.6449049999999943,0.27509500000002163,0.7817030303030207,0.3334484848485099,False,False,13,5,230
ASHOKLEY,2025-08-29,SELL,2025-08-29 09:30:00+05:30,2025-08-29 09:35:00+05:30,128.845545,128.9,129.49923917877976,128.91,129.04,128.67,128.93,129.37276442578172,130.24,129.2,1.0400000000000205,0.5992391787797544,0.5272194257817375,-0.11016704377006727,0.29999999999998295,0.015514700178420604,0.5200000000000102,2.085544999999982,0.8544550000000015,4.010663461538348,1.643182692307663,True,True,9,35,20
ASHOKLEY,2025-09-01,SELL,2025-09-01 09:50:00+05:30,2025-09-01 09:55:00+05:30,126.826555,126.89,127.53233281052428,126.89,126.99,126.17,126.56,127.27208728875851,128.24,127.0,1.240000000000009,0.6423328105242803,0.44553228875851403,-0.0038390773199235154,0.10999999999999943,-0.26006777523839286,0.6200000000000045,0.9765550000000047,1.6834449999999919,1.5750887096774153,2.715233870967709,False,True,9,55,40
ASHOKLEY,2025-09-01,BUY,2025-09-01 14:40:00+05:30,2025-09-01 14:45:00+05:30,128.32413,128.26,127.18908503038698,128.26,128.32,127.96,128.0,127.19624521262688,128.24,127.0,1.240000000000009,1.070914969613014,1.1278847873731195,0.016041306332772176,0.01999999999998181,-0.2027132387338093,0.6200000000000045,0.0,0.6241299999999939,0.0,1.0066612903225634,False,True,14,45,330
ASHOKLEY,2025-09-02,BUY,2025-09-02 09:30:00+05:30,2025-09-02 09:35:00+05:30,129.414675,129.35,128.98957958564546,129.35,129.72,129.35,129.56,129.10290217374705,129.25,128.46,0.789999999999992,0.360420414354536,0.311772826252934,0.10179497709649238,0.09999999999999432,0.16235021260146976,0.394999999999996,3.3753250000000037,0.06467499999999404,8.545126582278577,0.16373417721517644,True,False,9,35,20
ASHOKLEY,2025-09-03,SELL,2025-09-03 10:15:00+05:30,2025-09-03 10:20:00+05:30,128.7356,128.8,129.67199478507322,128.8,129.03,128.73,128.94,129.6502517489709,132.38,128.81,3.569999999999993,0.8719947850732126,0.914651748970897,-0.03909701548539612,0.009999999999990905,0.10869565217390686,1.7849999999999966,0.43559999999999377,1.6743999999999915,0.24403361344537514,0.9380392156862715,False,False,10,20,65
ASHOKLEY,2025-09-05,BUY,2025-09-05 11:25:00+05:30,2025-09-05 11:30:00+05:30,131.02548000000002,130.92,129.93885771535594,130.96,131.4,130.9,131.34,130.07593380556068,130.59,128.24,2.3499999999999943,0.9811422846440507,0.9495461944393355,0.012284376964822343,0.3299999999999841,0.2901649358582725,1.1749999999999972,1.2045199999999738,0.5354800000000068,1.0251234042552995,0.45572765957447503,False,False,11,30,135
ASHOKLEY,2025-09-08,BUY,2025-09-08 09:30:00+05:30,2025-09-08 09:35:00+05:30,134.28711,134.17,132.65354089506903,134.22,135.28,134.16,135.11,133.6070405528672,132.34,131.37,0.9699999999999989,1.5164591049309593,0.6800694471328086,0.3096057692455659,1.829999999999984,0.6630904485173783,0.48499999999999943,3.912889999999976,0.12711000000001604,8.067814432989652,0.2620824742268375,True,False,9,35,20
ASHOKLEY,2025-09-09,SELL,2025-09-09 09:30:00+05:30,2025-09-09 09:35:00+05:30,136.35179,136.38,136.96834085942163,136.42,136.5,136.2,136.2,136.90909663380322,137.7,136.6,1.0999999999999943,0.5883408594216348,0.557306633803222,-0.06353241671124513,0.21999999999999886,-0.16126667644040804,0.5499999999999972,1.5317900000000009,0.938209999999998,2.7850727272727434,1.7058363636363687,True,True,9,35,20
ASHOKLEY,2025-09-10,SELL,2025-09-10 12:00:00+05:30,2025-09-10 12:05:00+05:30,132.703615,132.74,133.91303665259062,132.77,133.13,132.75,133.04,133.88851836217177,136.13,133.15,2.9799999999999898,1.1730366525906106,1.1849033621717524,-0.0190578223048678,0.4099999999999966,0.2033591925886702,1.4899999999999949,0.0,1.7463849999999752,0.0,1.172070469798645,False,True,12,5,170
ASHOKLEY,2025-09-11,SELL,2025-09-11 10:30:00+05:30,2025-09-11 10:35:00+05:30,133.45324000000002,133.54,134.19927187665485,133.52,133.55,133.36,133.39,134.15633959307456,134.66,133.63,1.0300000000000011,0.6592718766548558,0.7030995930745405,-0.017624273943681826,0.09000000000000341,-0.09736369083285235,0.5150000000000006,1.1932400000000314,0.6567599999999914,2.3169708737864663,1.275262135922312,True,True,10,35,80
ASHOKLEY,2025-09-12,BUY,2025-09-12 09:30:00+05:30,2025-09-12 09:35:00+05:30,134.297115,134.2,133.4463260628935,134.23,134.79,134.18,134.79,133.86847863293872,133.72,132.77,0.9499999999999886,0.7536739371064982,0.42863636706127295,0.11617759143446653,0.47999999999998977,0.41719436787603925,0.4749999999999943,1.8428849999999954,0.5471149999999909,3.879757894736879,1.1518210526315735,True,True,9,35,20
ASHOKLEY,2025-09-15,SELL,2025-09-15 10:55:00+05:30,2025-09-15 11:00:00+05:30,133.982975,134.09,135.07001892964226,134.05,134.1,133.88,134.07,135.01056873417576,136.0,134.11,1.8899999999999864,0.9800189296422559,1.0275937341757526,-0.037647404680757564,0.020000000000010232,0.01491980604251264,0.9449999999999932,0.7929750000000126,0.4170249999999953,0.8391269841270036,0.4412962962962945,False,False,11,0,105
ASHOKLEY,2025-09-16,BUY,2025-09-16 10:30:00+05:30,2025-09-16 10:35:00+05:30,135.61777500000002,135.54,134.89649897756317,135.55,135.57,135.1,135.14,134.91528612883556,135.28,134.1,1.1800000000000068,0.6435010224368227,0.7024888711644621,0.014123738476631183,0.2599999999999909,-0.3024714127628392,0.5900000000000034,0.0,1.627775000000014,0.0,2.7589406779661094,False,True,10,35,80
ASHOKLEY,2025-09-17,BUY,2025-09-17 10:50:00+05:30,2025-09-17 10:55:00+05:30,137.36865,137.3,136.664262042765,137.3,137.5,137.13,137.42,136.68566468829715,137.22,135.0,2.219999999999999,0.6357379572350226,0.6829853117028506,0.013524084750993544,0.0800000000000125,0.08739985433356967,1.1099999999999994,0.40135000000000787,1.0086499999999887,0.3615765765765839,0.908693693693684,False,False,10,55,100
ASHOKLEY,2025-09-18,SELL,2025-09-18 11:45:00+05:30,2025-09-18 11:50:00+05:30,136.081925,136.15,136.68055156181592,136.15,136.28,136.12,136.24,136.66924793453498,137.65,136.26,1.3900000000000148,0.530551561815912,0.5873229345349671,-0.02840533943860937,0.10999999999998522,0.06610356224752145,0.6950000000000074,0.3619250000000136,3.4180749999999875,0.5207553956834673,4.918093525179786,False,True,11,50,155
ASHOKLEY,2025-09-19,BUY,2025-09-19 10:10:00+05:30,2025-09-19 10:15:00+05:30,142.141035,142.05,140.72277049740785,142.07,142.63,142.0,142.2,140.88724306235554,141.4,138.89,2.5100000000000193,1.3272295025921608,1.2537919376444506,0.03177847615400448,0.6500000000000057,0.09150418807630789,1.2550000000000097,0.4889650000000074,1.7410349999999823,0.38961354581673596,1.3872788844621267,False,True,10,15,60
ASHOKLEY,2025-09-22,BUY,2025-09-22 10:10:00+05:30,2025-09-22 10:15:00+05:30,141.65079,141.54,141.13650047922323,141.58,141.59,141.47,141.55,141.15426579679007,141.4,140.51,0.8900000000000148,0.4034995207767622,0.49652420320992974,0.00609033533322463,0.13999999999998636,-0.02118943353580649,0.4450000000000074,0.09920999999999935,2.6407900000000097,0.22294382022471396,5.934359550561721,False,True,10,15,60
ASHOKLEY,2025-09-22,SELL,2025-09-22 14:00:00+05:30,2025-09-22 14:05:00+05:30,140.419755,140.5,141.07912429624872,140.49,140.67,140.4,140.6,141.07342222432527,141.4,140.51,0.8900000000000148,0.5791242962487217,0.653667224325261,-0.006503782282107099,0.009999999999990905,0.07829738771440997,0.4450000000000074,1.4097550000000183,0.2502449999999783,3.1679887640449325,0.5623483146066834,True,False,14,5,290
ASHOKLEY,2025-09-23,BUY,2025-09-23 14:25:00+05:30,2025-09-23 14:30:00+05:30,143.981955,143.93,143.03428798517845,143.91,144.12,143.85,143.94,143.056137923993,143.9,139.56,4.340000000000003,0.8957120148215552,0.9258170760070072,0.012929476126462286,0.030000000000001137,0.020846362309767663,2.1700000000000017,0.5180450000000008,0.5319550000000106,0.23873041474654394,0.24514055299539642,False,False,14,30,315
ASHOKLEY,2025-09-24,BUY,2025-09-24 09:50:00+05:30,2025-09-24 09:55:00+05:30,143.05149,142.98,141.16968472150796,142.98,143.5,142.93,143.5,141.34096181822142,142.5,139.6,2.9000000000000057,1.810315278492027,1.7105281817785851,0.0755697576643971,0.47999999999998977,0.36368722898307837,1.4500000000000028,0.938510000000008,1.3014900000000011,0.6472482758620732,0.8975793103448266,False,False,9,55,40
ASHOKLEY,2025-09-25,SELL,2025-09-25 15:00:00+05:30,2025-09-25 15:05:00+05:30,140.42975,140.5,140.97408111975466,140.5,140.53,140.25,140.47,140.9565898248502,141.9,140.51,1.3900000000000148,0.4740811197546577,0.5268398248501853,-0.003485983432869861,0.009999999999990905,-0.0213523131672555,0.6950000000000074,0.3297500000000184,0.22024999999999295,0.4744604316546977,0.31690647482013035,False,False,15,5,350
ASHOKLEY,2025-09-26,BUY,2025-09-26 09:45:00+05:30,2025-09-26 09:50:00+05:30,142.121025,142.05,140.9831039708637,142.05,142.99,141.92,142.99,141.29342499324179,141.6,139.01,2.5900000000000034,1.066896029136302,0.8276000067582174,0.06556735941902427,0.45000000000001705,0.6617388243576272,1.2950000000000017,0.878974999999997,1.0710249999999917,0.6787451737451705,0.8270463320463245,False,False,9,50,35
ASHOKLEY,2025-09-29,BUY,2025-09-29 10:30:00+05:30,2025-09-29 10:35:00+05:30,144.17204999999998,144.03,143.45766029252744,144.1,144.14,143.96,144.1,143.47759790585323,144.0,142.0,2.0,0.5723397074725654,0.6944520941467545,0.009127447353031544,0.030000000000001137,0.0,1.0,0.0,2.842049999999972,0.0,2.842049999999972,False,True,10,35,80
ASHOKLEY,2025-09-29,SELL,2025-09-29 11:55:00+05:30,2025-09-29 12:00:00+05:30,141.86903,141.99,143.1484606465892,141.94,142.0,141.55,141.9,143.1254920160646,144.0,142.0,2.0,1.158460646589191,1.256462016064603,-0.018539744957772202,0.009999999999990905,-0.028180921516129942,1.0,0.5390299999999968,1.400970000000001,0.5390299999999968,1.400970000000001,False,True,12,0,165
ASHOKLEY,2025-09-30,SELL,2025-09-30 11:30:00+05:30,2025-09-30 11:35:00+05:30,141.998965,142.07,142.8399537922495,142.07,142.26,141.94,142.18,142.77274200144933,143.79,142.5,1.289999999999992,0.7699537922495097,0.7737770014493321,-0.025044013137615128,0.4300000000000068,0.07742662067995454,0.644999999999996,0.3689650000000029,1.5410349999999937,0.5720387596899305,2.389201550387602,False,True,11,35,140
ASHOKLEY,2025-10-01,SELL,2025-10-01 09:35:00+05:30,2025-10-01 09:40:00+05:30,142.66863,142.71,143.3655621654162,142.74,143.0,142.67,142.88,143.3273050944202,143.8,142.8,1.0,0.6555621654161996,0.6586750944202038,-0.012689015617846144,0.09000000000000341,0.09808042594927624,0.5,1.868629999999996,0.36136999999999375,3.737259999999992,0.7227399999999875,True,False,9,40,25
ASHOKLEY,2025-10-03,SELL,2025-10-03 09:30:00+05:30,2025-10-03 09:35:00+05:30,139.26033500000003,139.3,140.55102899438063,139.33,139.87,139.18,139.69,140.44348909402547,142.95,139.37,3.579999999999984,1.2510289943806185,1.18315409402544,-0.407376685171517,0.06999999999999318,0.2583793870666762,1.789999999999992,1.1003350000000296,0.7196649999999636,0.6147122905028125,0.402047486033501,False,False,9,35,20
ASHOKLEY,2025-10-06,SELL,2025-10-06 11:20:00+05:30,2025-10-06 11:25:00+05:30,138.23085,138.3,138.87166933599997,138.3,138.52,138.2,138.46,138.856369808969,140.5,138.5,2.0,0.5716693359999567,0.6255198089689884,-0.010771988135083435,0.19999999999998863,0.11569052783804157,1.0,0.7608500000000049,0.36914999999999054,0.7608500000000049,0.36914999999999054,False,False,11,25,130
ASHOKLEY,2025-10-07,BUY,2025-10-07 09:30:00+05:30,2025-10-07 09:35:00+05:30,139.019475,138.97,138.4897795180078,138.95,139.15,138.92,139.15,138.56449938560607,138.92,137.94,0.9799999999999898,0.48022048199220535,0.4549756143939305,0.07570642122081442,0.05000000000001137,0.14393666786614023,0.4899999999999949,1.7205250000000092,0.09947500000001241,3.511275510204137,0.2030102040816601,True,False,9,35,20
ASHOKLEY,2025-10-08,SELL,2025-10-08 10:25:00+05:30,2025-10-08 10:30:00+05:30,140.04994,140.13,140.8938890280996,140.12,140.45,139.97,140.45,140.86552758954926,141.5,140.21,1.289999999999992,0.7638890280996122,0.815587589549267,-0.020781860516238516,0.0800000000000125,0.2355124179274748,0.644999999999996,1.0499399999999923,0.4000599999999963,1.6278139534883702,0.620248062015502,False,False,10,30,75
ASHOKLEY,2025-10-09,SELL,2025-10-09 09:30:00+05:30,2025-10-09 09:35:00+05:30,138.120905,138.15,138.7428615910478,138.19,138.19,137.5,137.9,138.48734686961234,139.91,138.37,1.539999999999992,0.5928615910478072,0.3664418696123448,-0.057535730608160675,0.21999999999999886,-0.2098559953686907,0.769999999999996,0.6909049999999866,0.8690950000000157,0.897279220779208,1.1286948051948313,False,True,9,35,20
ASHOKLEY,2025-10-10,SELL,2025-10-10 10:05:00+05:30,2025-10-10 10:10:00+05:30,138.04094500000002,138.05,138.6169439240304,138.11,138.11,137.95,137.99,138.52468330132845,139.52,138.36,1.1599999999999966,0.5669439240303973,0.48373830132842954,-0.023706185574021717,0.3100000000000023,-0.08688726377525935,0.5799999999999983,0.6409450000000163,0.4490549999999871,1.105077586206928,0.7742327586206696,False,False,10,10,55
ASHOKLEY,2025-10-13,BUY,2025-10-13 14:25:00+05:30,2025-10-13 14:30:00+05:30,137.55874500000002,137.5,136.7310812603999,137.49,137.56,137.3,137.3,136.73488916906368,137.49,135.7,1.7900000000000205,0.7689187396001103,0.8238558309363384,0.009043506964411972,0.009999999999990905,-0.13819186849952647,0.8950000000000102,0.43125499999999306,0.47874500000000353,0.4818491620111599,0.5349106145251374,False,False,14,30,315
ASHOKLEY,2025-10-14,SELL,2025-10-14 09:35:00+05:30,2025-10-14 09:40:00+05:30,137.10141499999995,137.14,137.792020936704,137.17,137.31,137.0,137.07,137.6681820439777,138.39,137.32,1.0699999999999932,0.6520209367040195,0.5667670439777623,-0.05738082356637367,0.18000000000000682,-0.07290223809870433,0.5349999999999966,2.4814149999999415,0.2185850000000471,4.638158878504593,0.4085700934580346,True,False,9,40,25
ASHOKLEY,2025-10-15,BUY,2025-10-15 11:40:00+05:30,2025-10-15 11:45:00+05:30,136.48820999999998,136.41,135.83698280745335,136.42,136.42,135.8,135.93,135.84797392482926,136.34,135.2,1.1400000000000148,0.5730171925466436,0.6402360751707192,0.005689747500859491,0.06999999999999318,-0.3591848702536149,0.5700000000000074,0.0,1.0782099999999843,0.0,1.891596491228018,False,True,11,45,150
ASHOKLEY,2025-10-17,SELL,2025-10-17 11:35:00+05:30,2025-10-17 11:40:00+05:30,135.27233,135.34,136.21834069933274,135.34,135.48,135.2,135.21,136.2040445033285,137.7,135.57,2.1299999999999955,0.878340699332739,0.931714503328493,-0.0135889483623524,0.22999999999998977,-0.09605438155755319,1.0649999999999977,1.0623300000000029,0.8976699999999767,0.9974929577464837,0.8428826291079611,False,False,11,40,145
ASHOKLEY,2025-10-23,BUY,2025-10-23 09:30:00+05:30,2025-10-23 09:35:00+05:30,138.559245,138.49,137.52806217661362,138.49,138.5,137.98,138.23,137.61031085084215,137.89,136.45,1.4399999999999977,0.9619378233863927,0.94893414915785,0.11077019572806422,0.6000000000000227,-0.18773918694492409,0.7199999999999989,0.8907549999999844,1.0092449999999928,1.2371597222222026,1.401729166666659,False,True,9,35,20
ASHOKLEY,2025-10-24,BUY,2025-10-24 09:40:00+05:30,2025-10-24 09:45:00+05:30,138.35914499999998,138.26,137.8904375138711,138.29,138.36,138.2,138.2,137.91119447353026,138.25,137.2,1.0500000000000114,0.3695624861288991,0.4479505264697252,0.03833536426045851,0.009999999999990905,-0.0650806276665028,0.5250000000000057,0.0008550000000298041,2.5391449999999907,0.0016285714286281808,4.836466666666596,False,True,9,45,30
ASHOKLEY,2025-10-24,SELL,2025-10-24 12:55:00+05:30,2025-10-24 13:00:00+05:30,136.95149,137.02,137.6714219026275,137.02,137.16,136.99,137.16,137.64146398542425,138.25,137.2,1.0500000000000114,0.6514219026274759,0.6899739854242455,-0.009950341376957678,0.1799999999999784,0.1021748649832066,0.5250000000000057,1.1314900000000137,0.27850999999998294,2.1552190476190503,0.5304952380951998,True,False,13,0,225
ASHOKLEY,2025-10-27,BUY,2025-10-27 09:30:00+05:30,2025-10-27 09:35:00+05:30,138.419175,138.35,137.658005562435,138.35,138.85,138.28,138.81,137.93545131355486,137.81,136.5,1.3100000000000023,0.6919944375650005,0.4837236864451313,0.17055573037691707,0.539999999999992,0.3324900614383841,0.6550000000000011,2.770825000000002,0.1391749999999945,4.230267175572515,0.21248091603052557,True,False,9,35,20
ASHOKLEY,2025-10-28,BUY,2025-10-28 09:30:00+05:30,2025-10-28 09:35:00+05:30,142.01097,141.96,141.41877662681998,141.94,142.04,141.8,141.9,141.46761712932687,141.69,140.87,0.8199999999999932,0.5412233731800313,0.5433528706731181,0.020263279073388495,0.27000000000001023,-0.028180921516129942,0.4099999999999966,0.029030000000005884,3.490969999999976,0.07080487804879543,8.514560975609768,False,True,9,35,20
ASHOKLEY,2025-10-28,SELL,2025-10-28 10:30:00+05:30,2025-10-28 10:35:00+05:30,140.26983,140.35,141.39483722135625,140.34,140.45,139.95,140.0,141.2825999353998,141.69,140.87,0.8199999999999932,1.0448372213562607,1.0127699353997741,-0.021740344633207755,0.5200000000000102,-0.2422687758301345,0.4099999999999966,1.7498300000000029,0.29016999999998916,4.26787804878053,0.7077317073170526,True,False,10,35,80
ASHOKLEY,2025-10-30,BUY,2025-10-30 12:05:00+05:30,2025-10-30 12:10:00+05:30,140.29011,140.22,139.75238450119522,140.22,140.49,140.2,140.4,139.76814244435437,140.19,139.0,1.1899999999999977,0.4676154988047756,0.5219675556456309,0.013092367292769748,0.030000000000001137,0.12836970474967568,0.5949999999999989,1.0098900000000128,0.49010999999998717,1.6972941176470837,0.8237142857142657,False,False,12,10,175
ASHOKLEY,2025-10-31,BUY,2025-10-31 11:50:00+05:30,2025-10-31 11:55:00+05:30,143.52172499999998,143.45,142.89231013723216,143.45,143.5,143.0,143.3,142.90413367656703,143.4,140.95,2.450000000000017,0.5576898627678304,0.6175913234329471,0.009442171705947414,0.04999999999998295,-0.10456605088879911,1.2250000000000085,0.11827500000001123,2.271724999999975,0.09655102040817176,1.8544693877550689,False,True,11,55,160
ASHOKLEY,2025-11-03,SELL,2025-11-03 10:30:00+05:30,2025-11-03 10:35:00+05:30,140.46973,140.58,141.88091561797626,140.54,141.0,140.5,140.8,141.83003520995968,142.95,141.2,1.75,1.3009156179762442,1.3603052099596766,-0.015671846288988517,0.6199999999999761,0.18500071154121667,0.875,0.9097299999999962,0.5302700000000016,1.0396914285714243,0.606022857142859,False,False,10,35,80
ASHOKLEY,2025-11-04,BUY,2025-11-04 10:10:00+05:30,2025-11-04 10:15:00+05:30,139.639785,139.58,138.88379658523283,139.57,139.57,139.29,139.45,138.9035971512691,139.5,138.11,1.3899999999999864,0.696203414767183,0.7361878487308786,0.02085349400174653,0.0800000000000125,-0.08597836211220455,0.6949999999999932,1.1602150000000222,1.1697849999999903,1.669374100719473,1.683143884892089,False,True,10,15,60
ASHOKLEY,2025-11-07,BUY,2025-11-07 12:25:00+05:30,2025-11-07 12:30:00+05:30,141.2706,141.2,140.08364324279992,141.2,141.43,141.04,141.25,140.10313787799996,141.09,139.0,2.0900000000000034,1.1163567572000659,1.167462122000046,0.01028147420333197,0.10999999999998522,0.03541076487252326,1.0450000000000017,0.37940000000000396,0.47059999999999036,0.363062200956941,0.4503349282296551,False,False,12,30,195
ASHOKLEY,2025-11-10,BUY,2025-11-10 09:50:00+05:30,2025-11-10 09:55:00+05:30,142.83138,142.76,141.5786573742194,142.76,143.02,142.65,142.71,141.7403410451013,141.8,140.69,1.1100000000000136,1.1813426257805872,1.0910389548986927,0.06817638957304031,0.9599999999999795,-0.03502381619500117,0.5550000000000068,0.18862000000001444,1.1313800000000072,0.3398558558558777,2.0385225225225105,False,True,9,55,40
ASHOKLEY,2025-11-11,SELL,2025-11-11 10:00:00+05:30,2025-11-11 10:05:00+05:30,142.618655,142.69,143.39285708197906,142.69,142.95,142.65,142.86,143.37055317666685,144.28,142.75,1.5300000000000011,0.7028570819790616,0.751898176666856,-0.01737459006655593,0.060000000000002274,0.11913939308991761,0.7650000000000006,0.36865499999998974,4.161345000000011,0.4819019607843,5.439666666666677,False,True,10,5,50
ASHOKLEY,2025-11-12,SELL,2025-11-12 14:15:00+05:30,2025-11-12 14:20:00+05:30,143.40825999999998,143.52,145.20390485603488,143.48,144.78,143.06,144.69,145.15692456348782,147.6,144.5,3.0999999999999943,1.6839048560348715,1.7486645634878357,-0.087196371251417,0.9799999999999898,0.8433231112350281,1.5499999999999972,1.6682599999999752,1.3717400000000168,1.0762967741935343,0.8849935483871093,False,False,14,20,305
ASHOKLEY,2025-11-13,BUY,2025-11-13 12:05:00+05:30,2025-11-13 12:10:00+05:30,150.95543999999998,150.9,148.77863645152405,150.88,151.46,150.4,151.15,148.85957564194814,150.0,143.63,6.3700000000000045,2.121363548475955,2.0958643580518412,0.02370362202278598,0.9000000000000057,0.17895015906681522,3.1850000000000023,0.5045600000000263,1.545439999999985,0.15841758241759057,0.4852244897959133,False,False,12,10,175
ASHOKLEY,2025-11-14,SELL,2025-11-14 10:30:00+05:30,2025-11-14 10:35:00+05:30,149.53519500000002,149.65,151.55617475630038,149.61,149.67,149.4,149.55,151.52131767881437,152.94,149.66,3.280000000000001,1.9061747563003735,1.986122678814354,-0.05577489900703963,0.009999999999990905,-0.04010427110487935,1.6400000000000006,2.075195000000008,0.46480499999998415,1.2653628048780532,0.2834176829268195,False,False,10,35,80
ASHOKLEY,2025-11-18,SELL,2025-11-18 10:30:00+05:30,2025-11-18 10:35:00+05:30,147.48622,147.56,148.004173733081,147.56,147.68,147.53,147.55,147.99613232242316,149.45,147.6,1.8499999999999943,0.4441737330809872,0.5099123224231619,-0.013655368602014625,0.03999999999999204,-0.006776904310101806,0.9249999999999972,0.4762200000000121,1.1437799999999925,0.514832432432447,1.2365189189189145,False,True,10,35,80
ASHOKLEY,2025-11-19,SELL,2025-11-19 10:45:00+05:30,2025-11-19 10:50:00+05:30,145.42725,145.47,146.2764278955235,145.5,145.63,145.41,145.55,146.2578366456766,147.65,145.52,2.1299999999999955,0.8064278955235125,0.8305866456766182,-0.012462639365261862,0.05000000000001137,0.03436426116838476,1.0649999999999977,0.5272499999999809,0.27275000000000205,0.4950704225351944,0.256103286384979,False,False,10,50,95
ASHOKLEY,2025-11-20,SELL,2025-11-20 09:40:00+05:30,2025-11-20 09:45:00+05:30,145.56717999999998,145.64,146.20306695213029,145.64,145.8,145.52,145.65,146.14700280838758,146.84,145.65,1.1899999999999977,0.5630669521302991,0.579822808387604,0.02843264969304684,0.010000000000019327,0.006866245536962801,0.5949999999999989,0.7071799999999655,1.2828200000000152,1.1885378151259947,2.1560000000000294,False,True,9,45,30
ASHOKLEY,2025-11-21,SELL,2025-11-21 09:30:00+05:30,2025-11-21 09:35:00+05:30,144.77757499999998,144.85,145.50350382600212,144.85,144.95,144.57,144.57,145.37759968872743,146.78,145.21,1.5699999999999932,0.6535038260021224,0.6000246887274443,-0.10020795286670295,0.36000000000001364,-0.19330341732827216,0.7849999999999966,0.9875749999999925,0.8724250000000211,1.2580573248407603,1.111369426751624,False,True,9,35,20
ASHOKLEY,2025-11-24,BUY,2025-11-24 10:40:00+05:30,2025-11-24 10:45:00+05:30,145.922925,145.85,145.0145833515288,145.85,145.89,145.45,145.45,145.05196801309958,145.68,144.21,1.4699999999999989,0.8354166484711811,0.8709569869004099,0.02952816502696232,0.1699999999999875,-0.27425437092903904,0.7349999999999994,0.0,2.0229249999999865,0.0,2.7522789115646096,False,True,10,45,90
ASHOKLEY,2025-11-25,BUY,2025-11-25 09:30:00+05:30,2025-11-25 09:35:00+05:30,147.57375,147.48,146.65697975994445,147.5,148.09,147.09,148.04,147.01345184028463,147.0,144.51,2.490000000000009,0.8230202400555413,0.5602981597153587,0.33770259104795053,0.47999999999998977,0.366101694915244,1.2450000000000045,1.3762499999999989,2.1937499999999943,1.105421686746983,1.7620481927710734,False,True,9,35,20
ASHOKLEY,2025-11-26,BUY,2025-11-26 11:15:00+05:30,2025-11-26 11:20:00+05:30,147.17355,147.18,146.1534444942913,147.1,147.49,147.05,147.4,146.18556848192557,146.85,145.0,1.8499999999999943,1.0265555057087,0.9879815180744345,0.019598428650873394,0.3300000000000125,0.20394289598912874,0.9249999999999972,2.576449999999994,0.1235499999999945,2.7853513513513537,0.13356756756756202,True,False,11,20,125
ASHOKLEY,2025-11-27,BUY,2025-11-27 09:30:00+05:30,2025-11-27 09:35:00+05:30,155.727825,155.73,153.96520006913852,155.65,156.4,155.64,155.97,154.42851196355213,154.94,149.5,5.439999999999998,1.7647999308614715,1.2993130364478702,0.594288839771883,0.789999999999992,0.2055894635399902,2.719999999999999,6.272175000000004,1.117824999999982,2.305946691176473,0.41096507352940537,True,False,9,35,20
ASHOKLEY,2025-12-01,BUY,2025-12-01 10:00:00+05:30,2025-12-01 10:05:00+05:30,158.91942,158.83,157.5933533532206,158.84,159.23,158.58,158.71,157.7229297886899,158.74,156.63,2.1100000000000136,1.2366466467794055,1.1964902113101061,0.03228101351856548,0.09000000000000341,-0.08184336439184259,1.0550000000000068,2.4805800000000033,0.8594200000000001,2.351260663507097,0.8146161137440706,True,False,10,5,50
ASHOKLEY,2025-12-02,BUY,2025-12-02 09:30:00+05:30,2025-12-02 09:35:00+05:30,164.52222,164.45,162.80106600477052,164.44,164.49,163.15,163.51,162.98230251510677,163.65,158.9,4.75,1.64893399522947,1.5399174848932375,0.9861067694545539,0.799999999999983,-0.5655558258331306,2.375,0.0,4.942219999999992,0.0,2.0809347368421016,False,True,9,35,20
ASHOKLEY,2025-12-03,BUY,2025-12-03 12:40:00+05:30,2025-12-03 12:45:00+05:30,162.32112,162.16,161.32465882739288,162.24,162.41,162.08,162.2,161.3455980282226,162.0,159.5,2.5,0.8353411726071158,0.9755219717773969,0.007975933406132037,0.1599999999999966,-0.024654832347148492,1.25,0.8288799999999981,0.7911200000000065,0.6631039999999985,0.6328960000000052,False,False,12,45,210
ASHOKLEY,2025-12-04,BUY,2025-12-04 09:30:00+05:30,2025-12-04 09:35:00+05:30,163.18155,163.08,161.92666205686106,163.1,163.48,162.57,162.74,162.15339570296155,162.35,160.45,1.9000000000000057,1.1533379431389505,1.0281542970384407,0.1683762445348444,0.7300000000000182,-0.2207234825260529,0.9500000000000028,0.29845000000000255,3.331549999999993,0.31415789473684386,3.5068947368420873,False,True,9,35,20
ASHOKLEY,2025-12-04,SELL,2025-12-04 13:25:00+05:30,2025-12-04 13:30:00+05:30,160.35978,160.38,161.99823270496213,160.44,160.53,160.24,160.27,161.96568588394544,162.35,160.45,1.9000000000000057,1.6182327049621392,1.6059058839454394,-0.02001377523077733,0.06999999999999318,-0.10595861381200722,0.9500000000000028,0.5097800000000063,0.49021999999999366,0.5366105263157945,0.5160210526315707,False,False,13,30,255
ASHOKLEY,2025-12-05,SELL,2025-12-05 09:35:00+05:30,2025-12-05 09:40:00+05:30,160.21985,160.34,160.7986087096382,160.3,160.5,160.2,160.25,160.7583311055971,161.29,160.37,0.9199999999999875,0.45860870963818456,0.5384811055970999,-0.0026475545587852103,0.030000000000001137,-0.031191515907680323,0.45999999999999375,0.7098500000000172,0.9501499999999794,1.5431521739131018,2.065543478260853,False,True,9,40,25
ASHOKLEY,2025-12-08,SELL,2025-12-08 11:15:00+05:30,2025-12-08 11:20:00+05:30,160.77957,160.86,161.99145660293473,160.86,161.0,160.83,161.0,161.97845790764066,162.81,160.87,1.9399999999999977,1.131456602934719,1.1988879076406533,-0.02050395636442398,0.009999999999990905,0.08703220191470518,0.9699999999999989,2.879570000000001,0.23042999999998415,2.9686288659793862,0.23755670103091178,True,False,11,20,125
ASHOKLEY,2025-12-09,SELL,2025-12-09 09:35:00+05:30,2025-12-09 09:40:00+05:30,156.64164,156.73,157.2823264802355,156.72,157.13,156.54,156.59,157.2206569630643,159.17,156.83,2.339999999999975,0.5523264802355072,0.579016963064305,-0.10443306534391926,0.10000000000002274,-0.08295048494129098,1.1699999999999875,1.091639999999984,3.6483599999999967,0.9330256410256372,3.118256410256441,False,True,9,40,25
ASHOKLEY,2025-12-09,BUY,2025-12-09 14:10:00+05:30,2025-12-09 14:15:00+05:30,159.2796,159.2,157.69173250050554,159.2,159.23,158.95,158.98,157.7029707264076,159.17,156.83,2.339999999999975,1.5082674994944512,1.5766292735923741,0.018733099412091756,0.030000000000001137,-0.13819095477386467,1.1699999999999875,1.0104000000000042,0.6295999999999822,0.8635897435897564,0.5381196581196487,False,False,14,15,300
ASHOKLEY,2025-12-10,SELL,2025-12-10 11:25:00+05:30,2025-12-10 11:30:00+05:30,158.590665,158.66,159.37903993155368,158.67,158.84,158.55,158.64,159.35134141642885,160.32,158.72,1.5999999999999943,0.7190399315536808,0.7606764164288506,-0.006702080789864898,0.060000000000002274,-0.018907165815840177,0.7999999999999972,0.8306650000000104,0.6393349999999884,1.0383312500000168,0.7991687499999884,False,False,11,30,135
ASHOKLEY,2025-12-11,BUY,2025-12-11 09:50:00+05:30,2025-12-11 09:55:00+05:30,159.09951,159.01,158.128429448103,159.02,159.1,158.84,158.86,158.16668918149458,158.99,157.1,1.8900000000000148,0.8815705518969992,0.9328208185054336,0.07423504576703299,0.01999999999998181,-0.10061627468243017,0.9450000000000074,2.0904899999999884,0.2595100000000059,2.2121587301587007,0.2746137566137607,True,False,9,55,40
ASHOKLEY,2025-12-12,BUY,2025-12-12 09:30:00+05:30,2025-12-12 09:35:00+05:30,163.48170000000002,163.46,162.66026221722808,163.4,163.98,163.34,163.9,162.9248773299413,163.3,160.35,2.950000000000017,0.7997377827719276,0.5568226700587218,0.4516739038768638,0.1599999999999966,0.3059975520195879,1.4750000000000085,1.3782999999999959,0.7617000000000189,0.9344406779660935,0.5164067796610268,False,False,9,35,20
ASHOKLEY,2025-12-15,SELL,2025-12-15 09:35:00+05:30,2025-12-15 09:40:00+05:30,162.928495,163.01,163.89550577259237,163.01,163.1,162.61,162.61,163.8284248205552,164.7,163.2,1.5,0.8855057725923814,0.8999298205552009,-0.02523034577443348,0.18999999999999773,-0.24538371879024856,0.75,0.41849500000000717,4.211504999999988,0.5579933333333429,5.615339999999985,False,True,9,40,25
ASHOKLEY,2025-12-16,BUY,2025-12-16 09:30:00+05:30,2025-12-16 09:35:00+05:30,168.314115,168.23,167.24390073074127,168.23,168.23,168.03,168.16,167.40401540344376,167.5,166.03,1.4699999999999989,0.986099269258716,0.910099596556222,0.15316612524268985,0.7299999999999898,-0.04160970100457462,0.7349999999999994,0.4258850000000223,1.874114999999989,0.5794353741496906,2.5498163265305993,False,True,9,35,20
ASHOKLEY,2025-12-17,SELL,2025-12-17 12:00:00+05:30,2025-12-17 12:05:00+05:30,165.21735,165.3,166.15173922606306,165.3,165.4,165.2,165.34,166.12752172407784,167.5,165.55,1.9499999999999886,0.8517392260630459,0.9101717240778271,-0.013742222362381649,0.25,0.02419842710223996,0.9749999999999943,0.1473500000000172,1.2226499999999874,0.15112820512822364,1.2539999999999945,False,True,12,5,170
ASHOKLEY,2025-12-18,BUY,2025-12-18 10:35:00+05:30,2025-12-18 10:40:00+05:30,167.553735,167.47,166.63252537704685,167.47,167.56,167.33,167.38,166.6722109163856,167.36,165.63,1.7300000000000182,0.8374746229531524,0.8815240836143801,0.024999834618880144,0.10999999999998522,-0.0537409685316792,0.8650000000000091,4.496265000000022,0.803734999999989,5.19799421965315,0.9291734104046018,True,False,10,40,85
ASHOKLEY,2025-12-19,BUY,2025-12-19 10:20:00+05:30,2025-12-19 10:25:00+05:30,173.176545,173.08,172.20127307474294,173.09,173.87,173.09,173.79,172.30423324098976,172.95,170.7,2.25,0.8787269252570695,0.8723117590102447,0.03827941326021705,0.13000000000002387,0.40441388872840545,1.125,1.4034550000000081,0.1765450000000044,1.2475155555555628,0.15692888888889278,False,False,10,25,70
ASHOKLEY,2025-12-22,BUY,2025-12-22 10:50:00+05:30,2025-12-22 10:55:00+05:30,177.718815,177.63,177.0317649409716,177.63,177.63,177.25,177.3,177.03945716322914,177.55,174.61,2.9399999999999977,0.5982350590283829,0.6793578367708619,0.021760323975798367,0.07999999999998408,-0.18577942915046775,1.4699999999999989,0.0,1.7688150000000178,0.0,1.2032755102040946,False,True,10,55,100
ASHOKLEY,2025-12-23,BUY,2025-12-23 13:10:00+05:30,2025-12-23 13:15:00+05:30,177.59875499999998,177.51,176.65122363883305,177.51,177.55,177.41,177.41,176.65876847757,177.5,175.58,1.9199999999999875,0.8587763611669459,0.9399865224299901,0.011029118819513874,0.009999999999990905,-0.05633485437439578,0.9599999999999937,0.6012450000000058,0.5887549999999919,0.6262968750000101,0.613286458333329,False,False,13,15,240
ASHOKLEY,2025-12-24,SELL,2025-12-24 09:35:00+05:30,2025-12-24 09:40:00+05:30,176.81155,176.9,177.45491504764678,176.9,177.0,176.7,176.95,177.3995692940047,178.3,177.25,1.0500000000000114,0.554915047646773,0.5880192940046811,-0.05079354543637115,0.3499999999999943,0.02826455624644897,0.5250000000000057,2.05155000000002,0.428449999999998,3.907714285714282,0.8160952380952254,True,False,9,40,25
ASHOKLEY,2025-12-26,SELL,2025-12-26 10:35:00+05:30,2025-12-26 10:40:00+05:30,174.29281,174.4,175.11566384301213,174.38,174.44,174.11,174.17,175.09065568080868,175.99,174.5,1.490000000000009,0.7156638430121234,0.7978456808086776,-0.0229836854685561,0.09999999999999432,-0.12042665443284806,0.7450000000000045,1.0228099999999927,0.9071899999999857,1.372899328859042,1.2177046979865507,False,True,10,40,85
ASHOKLEY,2025-12-29,SELL,2025-12-29 09:55:00+05:30,2025-12-29 10:00:00+05:30,173.99296,174.15,174.74507216820766,174.08,174.45,174.08,174.31,174.71211235848173,175.68,174.3,1.3799999999999955,0.5950721682076505,0.7191523584817219,-0.013825131856731452,0.15000000000000568,0.13212316176469674,0.6899999999999977,0.6129600000000153,2.0070399999999893,0.8883478260869816,2.9087536231884,False,True,10,0,45
ASHOKLEY,2025-12-30,BUY,2025-12-30 10:00:00+05:30,2025-12-30 10:05:00+05:30,176.53822499999998,176.49,175.09058685071773,176.45,177.0,176.44,176.57,175.35097890769094,175.5,174.01,1.490000000000009,1.3994131492822817,1.1872460923090387,0.06912567093071048,0.9900000000000091,0.06800793425900675,0.7450000000000045,3.431775000000016,0.318224999999984,4.606409395973148,0.42714765100668733,True,False,10,5,50
ASHOKLEY,2025-12-31,BUY,2025-12-31 12:15:00+05:30,2025-12-31 12:20:00+05:30,180.19005,180.09,179.1349294070615,180.1,180.14,179.81,179.87,179.1490937506165,180.0,176.7,3.3000000000000114,0.9550705929385117,1.0409562493835267,0.010852107289599825,0.09000000000000341,-0.12770682953914259,1.6500000000000057,0.0,1.490050000000025,0.0,0.9030606060606181,False,False,12,20,185
ASHOKLEY,2026-01-01,BUY,2026-01-01 09:30:00+05:30,2026-01-01 09:35:00+05:30,182.281095,182.19,180.92953654103576,182.19,182.8,182.04,182.25,181.29992121856344,181.6,178.81,2.789999999999992,1.2604634589642387,0.9811737814365529,0.4039893229483374,0.5900000000000034,0.03293265272517054,1.394999999999996,3.278905000000009,0.3410949999999957,2.3504695340501924,0.244512544802865,True,False,9,35,20
ASHOKLEY,2026-01-02,BUY,2026-01-02 09:35:00+05:30,2026-01-02 09:40:00+05:30,187.93392,187.85,186.62902508936898,187.84,188.35,187.51,187.79,186.87901872361329,187.45,183.77,3.6799999999999784,1.2209749106310142,1.0549012763867154,0.28777243284543935,0.4000000000000057,-0.02661839863714599,1.8399999999999892,2.0660799999999995,1.4239200000000096,1.1228695652173977,0.773869565217401,False,False,9,40,25
ASHOKLEY,2026-01-05,BUY,2026-01-05 09:30:00+05:30,2026-01-05 09:35:00+05:30,191.205555,191.11,190.4797997694948,191.11,191.5,190.87,191.21,190.56663863675712,191.0,187.16,3.8400000000000034,0.6302002305052099,0.6389163632428847,0.30911140153121014,0.11000000000001364,0.05232588561561169,1.9200000000000017,0.5444449999999961,5.155554999999993,0.28356510416666436,2.685184895833327,False,True,9,35,20
ASHOKLEY,2026-01-05,SELL,2026-01-05 13:20:00+05:30,2026-01-05 13:25:00+05:30,187.04643,187.12,189.49373630222135,187.14,187.69,187.02,187.5,189.45406944473945,191.0,187.16,3.8400000000000034,2.373736302221346,2.407639444739459,-0.03373967912579872,0.03999999999999204,0.19236934915036752,1.9200000000000017,0.9964299999999753,1.2635700000000156,0.51897395833332,0.6581093750000075,False,False,13,25,250
ASHOKLEY,2026-01-06,SELL,2026-01-06 12:20:00+05:30,2026-01-06 12:25:00+05:30,186.02694,186.08,187.4060362517224,186.12,186.49,186.12,186.45,187.38557585404078,189.17,186.13,3.039999999999992,1.3260362517223996,1.3586358540407844,-0.018724670711908895,0.04999999999998295,0.17730496453900457,1.519999999999996,1.1069400000000087,1.3730600000000095,0.7282500000000076,0.9033289473684296,False,False,12,25,190
ASHOKLEY,2026-01-07,SELL,2026-01-07 09:40:00+05:30,2026-01-07 09:45:00+05:30,184.68761,184.78,185.57823028536808,184.78,185.0,184.68,184.74,185.5157431695391,186.69,185.09,1.5999999999999943,0.7982302853680778,0.8281331695390861,-0.07928388949377065,0.3100000000000023,-0.021647364433374783,0.7999999999999972,0.12761000000000422,2.142390000000006,0.15951250000000583,2.677987500000017,False,True,9,45,30
ASHOKLEY,2026-01-08,SELL,2026-01-08 11:25:00+05:30,2026-01-08 11:30:00+05:30,184.237835,184.33,185.0620886103321,184.33,184.37,184.01,184.28,185.02501279421722,186.1,184.4,1.6999999999999886,0.7320886103320845,0.7871777942172287,-0.02350279536333001,0.06999999999999318,-0.02712526447133934,0.8499999999999943,0.2278349999999989,0.9121650000000159,0.2680411764705887,1.0731352941176728,False,True,11,30,135
ASHOKLEY,2026-01-09,BUY,2026-01-09 09:45:00+05:30,2026-01-09 09:50:00+05:30,188.364135,188.24,187.05032960838264,188.27,188.35,187.77,188.21,187.13003550576315,187.49,183.9,3.5900000000000034,1.1896703916173692,1.2340994942368582,0.12137895585091209,0.75,-0.031869124130234905,1.7950000000000017,2.3958649999999864,0.9141350000000159,1.3347437325905205,0.5092674094707604,False,False,9,50,35
ASHOKLEY,2026-01-12,SELL,2026-01-12 09:40:00+05:30,2026-01-12 09:45:00+05:30,186.316795,186.6,187.77626650638805,186.41,187.44,186.29,187.43,187.68505690154345,189.65,186.86,2.789999999999992,1.1762665063880604,1.368261901543434,-0.10439693737608213,0.2600000000000193,0.5471809452282761,1.394999999999996,2.97679500000001,1.243204999999989,2.1339032258064647,0.8911863799283101,True,False,9,45,30
ASHOKLEY,2026-01-13,SELL,2026-01-13 09:30:00+05:30,2026-01-13 09:35:00+05:30,185.907,185.95,186.70264222727687,186.0,186.7,185.75,185.75,186.53570034166265,187.9,186.0,1.9000000000000057,0.7526422272768798,0.6287003416626362,-0.16524639974464267,0.05000000000001137,-0.13440860215053752,0.9500000000000028,1.8569999999999993,1.8429999999999893,1.9547368421052567,1.9399999999999828,False,True,9,35,20
ASHOKLEY,2026-01-14,SELL,2026-01-14 09:45:00+05:30,2026-01-14 09:50:00+05:30,184.177865,184.19,184.9214531025718,184.27,184.68,184.21,184.65,184.90073160669957,185.75,184.3,1.4499999999999886,0.7314531025718054,0.7228666066995686,-0.005149461155234059,0.11000000000001364,0.2062191349649911,0.7249999999999943,0.0,3.5121350000000007,0.0,4.844324137931073,False,True,9,50,35
ASHOKLEY,2026-01-14,BUY,2026-01-14 10:55:00+05:30,2026-01-14 11:00:00+05:30,186.022965,185.89,184.9908385591497,185.93,186.43,185.7,186.26,185.07585853660294,185.75,184.3,1.4499999999999886,0.8991614408502926,0.9471064633970627,0.015760518824676096,0.13999999999998636,0.17748615070187768,0.7249999999999943,1.6670349999999985,0.3229650000000106,2.299358620689671,0.4454689655172595,True,False,11,0,105
ASHOKLEY,2026-01-16,SELL,2026-01-16 09:55:00+05:30,2026-01-16 10:00:00+05:30,184.36777,184.41,184.91587048847876,184.46,184.7,184.42,184.52,184.89701849407612,186.45,184.5,1.9499999999999886,0.505870488478763,0.5292484940761142,-0.01110602831251501,0.09000000000000341,0.032527377209157216,0.9749999999999943,0.6177700000000073,2.2922299999999893,0.6336102564102676,2.351005128205131,False,True,10,0,45
ASHOKLEY,2026-01-16,SELL,2026-01-16 14:15:00+05:30,2026-01-16 14:20:00+05:30,184.32779,184.37,185.0803855724101,184.42,184.57,184.23,184.5,185.0760392205947,186.45,184.5,1.9499999999999886,0.7103855724101038,0.7482492205947153,-0.0032579541561876557,0.12999999999999545,0.04337924303221552,0.9749999999999943,0.5777899999999931,0.5922099999999944,0.5926051282051247,0.6073948717948695,False,False,14,20,305
ASHOKLEY,2026-01-19,BUY,2026-01-19 10:30:00+05:30,2026-01-19 10:35:00+05:30,185.43267,185.33,184.44905175228337,185.34,185.49,185.21,185.28,184.47380747435489,185.12,182.34,2.780000000000001,0.8809482477166455,0.9588625256451166,0.0343000763381521,0.21000000000000796,-0.032372936225322224,1.3900000000000006,3.0673299999999983,0.42267000000001076,2.206712230215825,0.3040791366906551,True,False,10,35,80
ASHOKLEY,2026-01-20,SELL,2026-01-20 09:30:00+05:30,2026-01-20 09:35:00+05:30,187.12639,187.2,188.30236923792057,187.22,187.36,186.47,186.5,188.12164983972568,189.75,187.3,2.4499999999999886,1.102369237920584,0.9952598397256907,-0.2736543203504423,0.10000000000002274,-0.38457429761777906,1.2249999999999943,7.6263899999999865,0.23361000000002718,6.225624489795936,0.19070204081634962,True,False,9,35,20
ASHOKLEY,2026-01-21,BUY,2026-01-21 09:30:00+05:30,2026-01-21 09:35:00+05:30,181.95093,181.8,180.70175851352244,181.86,181.86,181.17,181.2,180.74052525605526,181.78,178.8,2.9799999999999898,1.0982414864775762,1.2104047439447356,0.07532640559532174,0.020000000000010232,-0.3629165291982983,1.4899999999999949,1.249069999999989,5.120929999999987,0.8383020134228143,3.4368657718120836,False,True,9,35,20
ASHOKLEY,2026-01-21,BUY,2026-01-21 12:45:00+05:30,2026-01-21 12:50:00+05:30,182.8914,182.81,179.51313936066543,182.8,182.95,182.39,182.92,179.5530943861273,181.78,178.8,2.9799999999999898,3.296860639334568,3.3383056138727056,0.03279854353069582,1.0300000000000011,0.06564551422318932,1.4899999999999949,0.3085999999999842,2.9913999999999987,0.20711409395972166,2.0076510067114155,False,True,12,50,215
ASHOKLEY,2026-01-22,BUY,2026-01-22 09:45:00+05:30,2026-01-22 09:50:00+05:30,190.095,189.85,188.06813916164836,190.0,190.48,188.69,188.69,188.40928198961703,189.3,184.53,4.77000000000001,1.7818608383516334,1.6857180103829705,0.2746106528566401,0.549999999999983,-0.6894736842105287,2.385000000000005,1.3449999999999989,5.444999999999993,0.5639412997903547,2.2830188679245205,False,True,9,50,35
ASHOKLEY,2026-01-23,BUY,2026-01-23 09:35:00+05:30,2026-01-23 09:40:00+05:30,194.79735,194.57,193.18418098464358,194.7,195.25,194.05,194.75,193.4230690540113,194.2,190.0,4.199999999999989,1.385819015356418,1.374280945988687,0.35006379875196025,0.37000000000000455,0.025680534155125834,2.0999999999999943,4.4126500000000135,2.1073499999999967,2.101261904761917,1.0035000000000012,True,True,9,40,25
ASHOKLEY,2026-01-28,SELL,2026-01-28 10:05:00+05:30,2026-01-28 10:10:00+05:30,191.794055,191.89,194.3068279764111,191.89,191.93,190.25,190.25,193.9022111798399,196.44,192.1,4.340000000000003,2.4168279764111276,2.1081561798399093,-0.11624586388294116,0.21000000000000796,-0.854656313512947,2.1700000000000017,2.334054999999978,4.705945000000014,1.0756013824884683,2.168638248847931,False,True,10,10,55
ASHOKLEY,2026-01-29,SELL,2026-01-29 12:55:00+05:30,2026-01-29 13:00:00+05:30,192.00395,192.08,193.3949731941294,192.1,192.49,192.1,192.36,193.37986256197954,196.4,192.61,3.789999999999992,1.3149731941293794,1.3759125619795327,-0.03409251021201781,0.5300000000000011,0.1353461738677897,1.894999999999996,0.0,2.6960499999999854,0.0,1.422717678100259,False,True,13,0,225
ASHOKLEY,2026-01-30,BUY,2026-01-30 10:30:00+05:30,2026-01-30 10:35:00+05:30,194.527215,194.33,193.4057069030373,194.43,194.5,194.2,194.42,193.4255144253394,194.3,191.92,2.380000000000024,0.9242930969627139,1.1017005746606117,0.014777168256249177,0.030000000000001137,-0.005143239212068718,1.190000000000012,3.4727849999999876,0.5272150000000124,2.918306722689036,0.4430378151260564,True,False,10,35,80
ASHOKLEY,2026-02-01,SELL,2026-02-01 12:00:00+05:30,2026-02-01 12:05:00+05:30,193.893005,193.92,196.36274008559957,193.99,195.3,192.75,195.3,196.23926855052986,198.4,194.65,3.75,2.4427400855995813,2.3462635505298692,-0.06559568317498828,0.7300000000000182,0.6752925408526123,1.875,6.393004999999988,1.6269950000000222,3.40960266666666,0.8677306666666785,True,False,12,5,170
ASHOKLEY,2026-02-02,SELL,2026-02-02 09:40:00+05:30,2026-02-02 09:45:00+05:30,186.9065,187.0,188.50792597351082,187.0,187.62,186.27,186.38,188.31634762273208,191.8,187.32,4.480000000000018,1.5079259735108224,1.4098476227320873,-0.20398890962778182,0.3199999999999932,-0.33155080213903565,2.240000000000009,1.3864999999999839,8.093500000000006,0.6189732142857046,3.6131696428571307,False,True,9,45,30
ASHOKLEY,2026-02-02,BUY,2026-02-02 14:20:00+05:30,2026-02-02 14:25:00+05:30,191.91591,191.82,188.5276667439715,191.82,192.85,191.66,192.81,188.58095724597004,191.8,187.32,4.480000000000018,3.292333256028485,3.334952754029956,0.031379862903664145,0.01999999999998181,0.5161088520488022,2.240000000000009,3.0840900000000033,0.2559100000000001,1.3768258928571389,0.11424553571428529,False,False,14,25,310
ASHOKLEY,2026-02-03,SELL,2026-02-03 09:40:00+05:30,2026-02-03 09:45:00+05:30,198.050925,198.06,200.05059380263444,198.15,198.2,197.71,198.2,199.92138668898838,203.0,198.95,4.050000000000011,1.9905938026344359,1.870461688988371,-0.17948234895259146,0.8899999999999864,0.025233409033553755,2.0250000000000057,2.0309249999999963,2.149074999999982,1.0029259259259213,1.0612716049382598,False,True,9,45,30
ASHOKLEY,2026-02-05,SELL,2026-02-05 10:05:00+05:30,2026-02-05 10:10:00+05:30,200.729585,200.94,201.82246695716196,200.83,201.3,200.83,201.2,201.8096034870164,202.86,201.0,1.8600000000000136,0.8824669571619665,1.0800184870164173,-0.04677733261366991,0.060000000000002274,0.18423542299454976,0.9300000000000068,0.7295849999999859,1.6504150000000095,0.7844999999999791,1.7746397849462339,False,True,10,10,55
ASHOKLEY,2026-02-06,SELL,2026-02-06 09:40:00+05:30,2026-02-06 09:45:00+05:30,199.450225,199.58,200.36541568463483,199.55,200.52,199.55,200.35,200.34215188175412,201.83,199.78,2.0500000000000114,0.7854156846348133,0.8919268817541308,-0.05935281768819302,0.19999999999998863,0.4009020295665078,1.0250000000000057,0.1902249999999981,3.549775000000011,0.18558536585365565,3.463195121951211,False,True,9,45,30
ASHOKLEY,2026-02-09,BUY,2026-02-09 10:30:00+05:30,2026-02-09 10:35:00+05:30,204.5022,204.4,202.60244508290648,204.4,204.4,204.09,204.18,202.68082844604203,203.9,200.79,3.1100000000000136,1.797554917093521,1.8213715539579596,0.06410161660387056,0.5,-0.10763209393346296,1.5550000000000068,1.8778000000000077,0.6921999999999855,1.2075884244372987,0.4451446945337508,False,False,10,35,80
ASHOKLEY,2026-02-10,BUY,2026-02-10 09:30:00+05:30,2026-02-10 09:35:00+05:30,207.22356,207.1,205.90705999437426,207.12,207.25,206.92,207.12,206.07882062510242,206.79,204.92,1.8700000000000045,1.1929400056257293,1.1447393748975685,0.012115057921778053,0.3100000000000023,0.0,0.9350000000000023,3.776440000000008,1.4435599999999909,4.038973262032084,1.5439144385026602,True,True,9,35,20
ASHOKLEY,2026-02-11,BUY,2026-02-11 09:45:00+05:30,2026-02-11 09:50:00+05:30,212.7063,212.6,211.24418592567298,212.6,213.84,212.4,213.63,211.54437761035086,212.49,208.34,4.150000000000006,1.3558140743270144,1.1619223896491349,0.04748989432855356,0.10999999999998522,0.4844778927563409,2.075000000000003,2.7136999999999887,10.146299999999997,1.3078072289156555,4.889783132530112,False,True,9,50,35
ASHOKLEY,2026-02-12,BUY,2026-02-12 09:35:00+05:30,2026-02-12 09:40:00+05:30,209.60475,209.5,207.44151077118408,209.5,211.33,209.43,211.01,208.03083121304877,208.79,204.63,4.159999999999997,2.0584892288159153,1.573918786951225,0.12450247772496968,0.710000000000008,0.7207637231503528,2.0799999999999983,2.7452499999999986,1.4747500000000002,1.319831730769231,0.7090144230769237,False,False,9,40,25
ASHOKLEY,2026-02-13,SELL,2026-02-13 10:00:00+05:30,2026-02-13 10:05:00+05:30,207.706095,207.76,210.38494544126564,207.81,207.83,206.07,206.88,209.71036294893568,212.87,208.76,4.110000000000014,2.624945441265652,2.004267948935677,-0.22154385760394016,1.0,-0.4475241807420316,2.055000000000007,3.9060949999999934,0.1239050000000077,1.900776155717752,0.06029440389294759,False,False,10,5,50
ASHOKLEY,2026-02-16,BUY,2026-02-16 09:30:00+05:30,2026-02-16 09:35:00+05:30,206.78334,206.65,205.4127525682742,206.68,206.75,206.15,206.24,205.52395707562317,206.29,203.03,3.259999999999991,1.2372474317258195,1.2593829243768369,0.3754068052455193,0.36000000000001364,-0.21288949100057852,1.6299999999999955,0.0,3.7833400000000097,0.0,2.321067484662589,False,True,9,35,20
ASHOKLEY,2026-02-17,BUY,2026-02-17 13:00:00+05:30,2026-02-17 13:05:00+05:30,206.573235,206.43,205.46294795957576,206.47,207.14,206.45,206.91,205.52576741281547,206.31,203.86,2.4499999999999886,0.9670520404242495,1.047467587184542,0.016352088812330037,0.12000000000000455,0.21310602024506853,1.2249999999999943,1.676764999999989,0.2132349999999974,1.3687877551020382,0.17406938775510072,False,False,13,5,230
ASHOKLEY,2026-02-18,BUY,2026-02-18 10:20:00+05:30,2026-02-18 10:25:00+05:30,209.3046,209.14,208.39623232181683,209.2,209.25,208.9,209.15,208.43178752861292,209.0,207.1,1.9000000000000057,0.7437676781831613,0.8728124713870784,0.03461220465498121,0.13999999999998636,-0.023900573613755416,0.9500000000000028,0.34540000000001214,2.0645999999999844,0.36357894736843277,2.173263157894714,False,True,10,25,70
ASHOKLEY,2026-02-19,SELL,2026-02-19 09:50:00+05:30,2026-02-19 09:55:00+05:30,206.186855,206.29,207.3443122883016,206.29,206.3,206.05,206.19,207.258761443843,208.61,206.7,1.910000000000025,1.0543122883016167,1.0719064438430053,-0.11555086350682342,0.4099999999999966,-0.04847544718600272,0.9550000000000125,3.9068550000000073,1.693144999999987,4.090947643979011,1.7729267015706438,True,True,9,55,40
ASHOKLEY,2026-02-20,BUY,2026-02-20 09:35:00+05:30,2026-02-20 09:40:00+05:30,204.812355,204.64,203.22304268102485,204.71,204.95,204.42,204.82,203.4119914054316,204.0,201.81,2.1899999999999977,1.416957318975136,1.4003635945684039,0.10389415109558563,0.6399999999999864,0.053734551316497736,1.0949999999999989,4.547645000000017,0.3923550000000091,4.153100456621025,0.35831506849315936,True,False,9,40,25
ASHOKLEY,2026-02-23,BUY,2026-02-23 09:50:00+05:30,2026-02-23 09:55:00+05:30,211.56573,211.45,210.37133254639,211.46,211.75,211.1,211.3,210.46872483356086,211.13,208.96,2.1699999999999875,1.0786674536099952,1.0970051664391463,0.05907500889276324,0.3199999999999932,-0.07566442826065778,1.0849999999999937,0.18426999999999794,1.815730000000002,0.16983410138248756,1.6734838709677535,False,True,9,55,40
ASHOKLEY,2026-02-24,SELL,2026-02-24 13:45:00+05:30,2026-02-24 13:50:00+05:30,208.71559,208.84,210.0889313815503,208.82,209.09,208.7,208.85,210.0678082824941,210.69,208.85,1.8400000000000034,1.2489313815503067,1.352218282494107,-0.015394174953280932,0.009999999999990905,0.01436643999617182,0.9200000000000017,0.015590000000003101,2.0344100000000083,0.016945652173916383,2.2113152173913093,False,True,13,50,275
ASHOKLEY,2026-02-25,BUY,2026-02-25 09:30:00+05:30,2026-02-25 09:35:00+05:30,211.60575,211.46,210.45870557133512,211.5,212.39,211.19,212.34,210.8765734389031,210.98,209.63,1.3499999999999943,1.0012944286648917,0.7291765610968923,0.07475434657865815,0.4800000000000182,0.3971631205673676,0.6749999999999972,2.094249999999988,1.765749999999997,3.1025925925925883,2.6159259259259326,True,True,9,35,20
ASHOKLEY,2026-02-26,SELL,2026-02-26 11:40:00+05:30,2026-02-26 11:45:00+05:30,210.824535,210.9,211.8558055305965,210.93,211.15,210.56,211.12,211.83653167737106,212.89,211.1,1.789999999999992,0.955805530596507,1.0119966773710587,-0.010990244443473306,0.19999999999998863,0.09007727682168731,0.894999999999996,0.5045350000000042,1.4054649999999924,0.5637262569832474,1.5703519553072611,False,True,11,45,150
ASHOKLEY,2026-02-27,SELL,2026-02-27 09:45:00+05:30,2026-02-27 09:50:00+05:30,211.284305,211.4,212.68534565533648,211.39,211.39,210.51,210.7,212.5295312342947,214.1,211.6,2.5,1.2853456553364708,1.2452262342947051,-0.08376222957603205,0.19999999999998863,-0.32641089928567846,1.25,0.8643050000000017,1.8856949999999983,0.6914440000000013,1.5085559999999987,False,True,9,50,35
ASHOKLEY,2026-03-02,BUY,2026-03-02 09:40:00+05:30,2026-03-02 09:45:00+05:30,212.48619,212.33,210.2487953873287,212.38,212.53,211.4,211.4,210.4951839708136,211.2,200.05,11.149999999999977,2.081204612671314,1.9910060291863942,0.6293286400495108,1.1300000000000239,-0.46143704680289277,5.574999999999989,0.393810000000002,6.37618999999998,0.07063856502242202,1.1437112107623306,False,True,9,45,30
ASHOKLEY,2026-03-04,SELL,2026-03-04 10:45:00+05:30,2026-03-04 10:50:00+05:30,201.489205,201.67,203.5602574781677,201.59,201.7,201.0,201.32,203.5136783829601,207.18,202.07,5.110000000000014,1.8902574781677117,2.0244733829601103,-0.02556781616814831,0.4000000000000057,-0.13393521504043715,2.555000000000007,4.349205000000012,0.5907950000000142,1.702232876712329,0.23123091976517127,False,False,10,50,95
ASHOKLEY,2026-03-05,SELL,2026-03-05 10:00:00+05:30,2026-03-05 10:05:00+05:30,200.929485,200.95,202.07728967915244,201.03,201.3,200.87,200.88,201.99718157746946,203.6,201.04,2.5600000000000023,1.1272896791524545,1.0676965774694622,-0.07052717808817836,0.09000000000000341,-0.07461572899567503,1.2800000000000011,3.989485000000002,3.0605150000000094,3.116785156249999,2.391027343750005,True,True,10,5,50
ASHOKLEY,2026-03-06,SELL,2026-03-06 10:30:00+05:30,2026-03-06 10:35:00+05:30,200.17986,200.29,200.9218790977497,200.28,200.33,199.6,200.03,200.8335631587158,202.49,200.31,2.180000000000007,0.6318790977497031,0.653703158715814,-0.006142166987244792,0.020000000000010232,-0.12482524465747824,1.0900000000000034,6.059859999999986,0.1601400000000126,5.559504587155933,0.14691743119267164,True,False,10,35,80
ASHOKLEY,2026-03-11,BUY,2026-03-11 09:50:00+05:30,2026-03-11 09:55:00+05:30,195.307605,195.31,193.9270802349748,195.21,195.31,194.77,194.98,194.01869842936108,194.58,192.37,2.210000000000008,1.382919765025207,1.2889065706389147,0.03397102632899332,0.7299999999999898,-0.11782183289791304,1.105000000000004,0.0023950000000070304,11.427605,0.0021674208144859927,10.341723981900415,False,True,9,55,40
ASHOKLEY,2026-03-12,SELL,2026-03-12 10:50:00+05:30,2026-03-12 10:55:00+05:30,177.93099,178.05,179.70413886226285,178.02,178.62,177.87,178.48,179.58374349281868,184.97,178.7,6.27000000000001,1.6541388622628403,1.6527534928186753,-0.059088120020357175,0.6499999999999773,0.2583979328165231,3.135000000000005,0.9209900000000175,3.0590100000000007,0.29377671451356174,0.9757607655502378,False,False,10,55,100
ASHOKLEY,2026-03-13,SELL,2026-03-13 09:45:00+05:30,2026-03-13 09:50:00+05:30,173.45323,173.59,174.80371751844982,173.54,173.54,172.51,172.57,174.56526070996586,176.6,174.0,2.5999999999999943,1.213717518449812,1.1120307099658646,-0.03454328987852097,0.4099999999999966,-0.5589489454880692,1.2999999999999972,4.043229999999994,0.08677000000000135,3.110176923076925,0.06674615384615502,True,False,9,50,35
ASHOKLEY,2026-03-16,BUY,2026-03-16 09:30:00+05:30,2026-03-16 09:35:00+05:30,173.09650499999998,172.94,170.53939525443985,173.01,173.4,172.74,173.0,170.7478405838098,172.36,168.7,3.660000000000025,2.4006047455601447,2.3486644161901893,0.37518848036307345,0.5799999999999841,-0.005780012716027905,1.8300000000000125,1.8034950000000265,3.3865049999999712,0.9855163934426306,1.8505491803278404,False,True,9,35,20
ASHOKLEY,2026-03-17,BUY,2026-03-17 10:05:00+05:30,2026-03-17 10:10:00+05:30,175.337625,175.25,173.51959450679252,175.25,176.0,175.18,175.65,173.7302245244713,174.6,171.7,2.9000000000000057,1.7304054932074848,1.6074004755286921,0.02699266510655628,0.6500000000000057,0.2282453637660442,1.4500000000000028,1.2623749999999916,1.607625000000013,0.8706034482758546,1.1087068965517308,False,True,10,10,55
ASHOKLEY,2026-03-18,BUY,2026-03-18 09:30:00+05:30,2026-03-18 09:35:00+05:30,179.679795,179.57,178.2945555375327,179.59,179.62,178.95,178.97,178.3793553130672,179.23,175.51,3.719999999999999,1.2754444624673056,1.3004396869328048,0.33580310544760766,0.3400000000000034,-0.3452308034968543,1.8599999999999994,0.3302049999999781,2.1897950000000037,0.1775295698924614,1.1773091397849487,False,True,9,35,20
ASHOKLEY,2026-03-19,SELL,2026-03-19 12:05:00+05:30,2026-03-19 12:10:00+05:30,171.08441499999998,171.17,172.5358776526995,171.17,171.68,171.1,171.61,172.5164058025006,175.95,171.26,4.689999999999998,1.3658776526995098,1.4319908025006214,-0.02003763693363966,0.09000000000000341,0.2570543903721578,2.344999999999999,3.1944149999999922,0.8755850000000294,1.3622238805970124,0.37338379530918114,False,False,12,10,175
ASHOKLEY,2026-03-20,SELL,2026-03-20 09:50:00+05:30,2026-03-20 09:55:00+05:30,170.324795,170.41,171.40919223265433,170.41,170.65,170.4,170.6,171.37780596899665,172.67,170.53,2.1399999999999864,0.9991922326543374,1.0530109689966594,-0.03807109321057683,0.12000000000000455,0.11149580423683858,1.0699999999999932,3.994794999999982,0.32520500000001107,3.7334532710280444,0.30392990654206836,True,False,9,55,40
ASHOKLEY,2026-03-23,SELL,2026-03-23 09:45:00+05:30,2026-03-23 09:50:00+05:30,163.58816499999998,163.68,164.91630388215637,163.67,163.86,163.05,163.16,164.80173193234003,167.06,163.79,3.2700000000000102,1.2363038821563634,1.2135669323400577,-0.13557887989703438,0.10999999999998522,-0.311602615018014,1.6350000000000051,2.6781649999999786,0.27183500000003846,1.6380214067278105,0.1662599388379435,False,False,9,50,35
ASHOKLEY,2026-03-24,SELL,2026-03-24 10:00:00+05:30,2026-03-24 10:05:00+05:30,163.108405,163.19,164.85734312731392,163.19,163.52,162.3,162.53,164.68845713834943,166.72,163.83,2.8899999999999864,1.6673431273139272,1.58005213834943,-0.04894567305462619,0.6400000000000148,-0.404436546357001,1.4449999999999932,0.8084049999999934,4.901594999999986,0.5594498269896174,3.3921072664359926,False,True,10,5,50
ASHOKLEY,2026-03-24,BUY,2026-03-24 14:05:00+05:30,2026-03-24 14:10:00+05:30,166.82337,166.74,165.11157593968585,166.74,167.07,166.65,167.05,165.13326802157337,166.72,163.83,2.8899999999999864,1.6284240603141598,1.6901019784266396,0.03372037892576031,0.020000000000010232,0.1859181959937617,1.4449999999999932,1.0166299999999922,0.5733700000000113,0.7035501730103785,0.39679584775087473,False,False,14,10,295
ASHOKLEY,2026-03-25,BUY,2026-03-25 14:00:00+05:30,2026-03-25 14:05:00+05:30,172.84637999999998,172.76,171.60608428214866,172.76,172.79,172.04,172.14,171.61532678533726,172.38,169.79,2.5900000000000034,1.1539157178513335,1.2310532146627224,0.009539051238458357,0.37999999999999545,-0.35887937022459626,1.2950000000000017,0.0,2.246379999999988,0.0,1.734656370656359,False,True,14,5,290
ASHOKLEY,2026-03-27,SELL,2026-03-27 09:35:00+05:30,2026-03-27 09:40:00+05:30,166.486715,166.36,167.21401089744904,166.57,166.57,165.83,166.35,167.1206379119587,170.0,166.39,3.6100000000000136,0.8540108974490295,0.633922911958706,-0.11725180961173023,0.029999999999972715,-0.13207660443056435,1.8050000000000068,3.6367150000000095,0.0832849999999894,2.014800554016618,0.0461412742382211,True,False,9,40,25
ASHOKLEY,2026-03-30,SELL,2026-03-30 10:30:00+05:30,2026-03-30 10:35:00+05:30,157.50121,157.52,159.0090585405257,157.58,157.99,157.46,157.85,158.98992669077418,160.83,158.1,2.730000000000018,1.48905854052569,1.488716690774197,-0.03218676009656906,0.5799999999999841,0.17134154080464814,1.365000000000009,3.941209999999984,0.48879000000002293,2.887333333333302,0.3580879120879265,True,False,10,35,80
ASHOKLEY,2026-04-01,SELL,2026-04-01 14:10:00+05:30,2026-04-01 14:15:00+05:30,154.00296,154.07,156.65974122082432,154.08,154.12,151.89,152.31,156.55233916393345,162.86,154.15,8.710000000000008,2.5897412208243225,2.5493791639334518,-0.02086527020239348,0.0800000000000125,-1.1487538940810005,4.355000000000004,6.002960000000002,0.11704000000000292,1.378406429391503,0.02687485648679743,False,False,14,15,300
ASHOKLEY,2026-04-02,SELL,2026-04-02 09:50:00+05:30,2026-04-02 09:55:00+05:30,144.837545,145.0,146.1982655781003,144.91,145.15,144.29,144.29,146.0811222921682,147.56,145.11,2.4499999999999886,1.1982655781002904,1.2435772921681973,-0.03594045346149768,0.11000000000001364,-0.4278517700641804,1.2249999999999943,1.7075450000000103,4.302454999999981,1.3939142857143005,3.5122081632653064,False,True,9,55,40
ASHOKLEY,2026-04-02,BUY,2026-04-02 14:50:00+05:30,2026-04-02 14:55:00+05:30,147.883905,147.79,145.50878596461538,147.81,147.81,147.35,147.57,145.52546159230948,147.56,145.11,2.4499999999999886,2.2812140353846075,2.3584434076905154,0.025660180431545724,0.22999999999998977,-0.16237061091942673,1.2249999999999943,1.2560949999999877,0.5339050000000043,1.0253836734693824,0.43584081632653615,False,False,14,55,340
ASHOKLEY,2026-04-06,BUY,2026-04-06 14:30:00+05:30,2026-04-06 14:35:00+05:30,150.15504,150.04,148.13970431809798,150.08,150.3,149.83,150.13,148.16560462970816,149.9,145.15,4.75,1.9002956819020085,1.989435370291858,0.03535982853072577,0.13999999999998636,0.03331556503196609,2.375,1.3649599999999964,0.32504000000000133,0.5747199999999985,0.1368589473684216,False,False,14,35,320
ASHOKLEY,2026-04-07,BUY,2026-04-07 10:40:00+05:30,2026-04-07 10:45:00+05:30,150.225075,150.15,148.5984954269501,150.15,150.44,150.08,150.08,148.64952423422628,150.08,146.14,3.940000000000026,1.5515045730498969,1.5755507657737269,0.03247171709877932,0.06999999999999318,-0.04662004662003838,1.970000000000013,3.2249249999999847,0.9250749999999925,1.6370177664974432,0.46958121827410476,False,False,10,45,90
ASHOKLEY,2026-04-08,BUY,2026-04-08 09:30:00+05:30,2026-04-08 09:35:00+05:30,166.82337,166.89,165.13736324284477,166.74,168.22,166.74,168.0,165.97423774183244,166.39,162.94,3.4499999999999886,1.7526367571552157,0.8491322581675718,0.11168777471228825,0.5,0.7556675062972307,1.7249999999999943,6.336629999999985,0.08337000000000216,3.6734086956521774,0.04833043478261011,True,False,9,35,20
ASHOKLEY,2026-04-09,BUY,2026-04-09 09:30:00+05:30,2026-04-09 09:35:00+05:30,173.58675,173.58,172.61213911356157,173.5,173.59,172.5,172.57,172.64813811229698,173.48,169.93,3.549999999999983,0.9678608864384444,0.9386118877030185,0.28983709949005165,0.10000000000002274,-0.5360230547550526,1.7749999999999915,0.003250000000008413,4.576750000000004,0.001830985915497706,2.5784507042253666,False,True,9,35,20
ASHOKLEY,2026-04-09,SELL,2026-04-09 13:40:00+05:30,2026-04-09 13:45:00+05:30,169.67512,169.75,171.71289965293562,169.76,169.9,169.4,169.7,171.68748955865797,173.48,169.93,3.549999999999983,1.9628996529356186,2.01236955865798,-0.029232075126741502,0.18000000000000682,-0.03534401508011875,1.7749999999999915,0.6651200000000017,1.1248800000000188,0.37471549295774925,0.6337352112676192,False,False,13,45,270
ASHOKLEY,2026-04-10,BUY,2026-04-10 09:35:00+05:30,2026-04-10 09:40:00+05:30,175.417665,175.33,174.48133691792543,175.33,176.37,175.29,176.0,174.74183332299725,175.29,172.13,3.1599999999999966,0.8486630820745802,0.6758316770027477,0.0991266700131519,0.040000000000020464,0.38213654251981755,1.5799999999999983,2.962334999999996,0.7576650000000029,1.8748955696202527,0.47953481012658467,False,False,9,40,25
ASHOKLEY,2026-04-15,BUY,2026-04-15 10:40:00+05:30,2026-04-15 10:45:00+05:30,178.80936,178.72,177.6432412692979,178.72,179.09,178.45,178.66,177.71452228195056,178.5,175.51,2.990000000000009,1.076758730702096,1.0948377180494333,0.02565940483083116,0.21999999999999886,-0.03357206803938917,1.4950000000000045,0.28064000000000533,3.809359999999998,0.1877190635451535,2.548066889632098,False,True,10,45,90
ASHOKLEY,2026-04-16,SELL,2026-04-16 09:50:00+05:30,2026-04-16 09:55:00+05:30,175.45223,175.54,176.62778788208018,175.54,175.58,175.0,175.01,176.5128696495157,177.89,175.56,2.329999999999984,1.0877878820801925,1.060639649515707,-0.07767955239675625,0.020000000000010232,-0.3019254870684773,1.164999999999992,0.7022299999999859,1.797770000000014,0.6027725321888332,1.5431502145922973,False,True,9,55,40
ASHOKLEY,2026-04-17,SELL,2026-04-17 11:55:00+05:30,2026-04-17 12:00:00+05:30,174.1129,174.1,175.3496174471839,174.2,174.2,173.6,173.6,175.24012270010414,177.47,174.34,3.1299999999999955,1.2496174471839083,1.1272227001041415,-0.014306792157653332,0.2400000000000091,-0.3444316877152631,1.5649999999999977,0.9429000000000087,1.1271000000000129,0.6024920127795592,0.7201916932907441,False,False,12,0,165
ASHOKLEY,2026-04-20,SELL,2026-04-20 09:40:00+05:30,2026-04-20 09:45:00+05:30,172.85353,172.96,174.68841342911344,172.94,173.26,172.79,173.08,174.5995810163862,176.0,173.2,2.8000000000000114,1.7284134291134308,1.7460510163861898,-0.02222633392724038,0.23999999999998067,0.08095293165260031,1.4000000000000057,0.0635300000000143,4.586469999999991,0.045378571428581455,3.2760499999999806,False,True,9,45,30
ASHOKLEY,2026-04-20,BUY,2026-04-20 11:55:00+05:30,2026-04-20 12:00:00+05:30,176.22806999999997,176.19,174.808369594975,176.14,176.47,176.14,176.25,174.8444993271444,176.0,173.2,2.8000000000000114,1.3816304050249926,1.3835706728555692,0.021055008100727773,0.18999999999999773,0.06245032360623348,1.4000000000000057,1.2119300000000237,1.188069999999982,0.8656642857142991,0.8486214285714122,False,False,12,0,165
ASHOKLEY,2026-04-21,BUY,2026-04-21 09:55:00+05:30,2026-04-21 10:00:00+05:30,178.64928,178.48,177.6704961668519,178.56,178.88,178.15,178.3,177.73886755086676,178.3,175.98,2.3200000000000216,0.809503833148085,0.910412449133247,0.033386009345929724,0.1799999999999784,-0.14560931899640916,1.1600000000000108,0.23071999999999093,2.249279999999999,0.19889655172412826,1.9390344827586017,False,True,10,0,45
ASHOKLEY,2026-04-22,BUY,2026-04-22 10:40:00+05:30,2026-04-22 10:45:00+05:30,177.298605,177.19,176.51780373523437,177.21,177.47,177.14,177.32,176.53980952439977,177.07,175.6,1.4699999999999989,0.6721962647656312,0.7587954756002375,0.02315085347179708,0.12000000000000455,0.06207324643077161,0.7349999999999994,4.091394999999977,0.15860500000002276,5.566523809523783,0.21578911564628964,True,False,10,45,90
ASHOKLEY,2026-04-23,SELL,2026-04-23 09:40:00+05:30,2026-04-23 09:45:00+05:30,172.55368,172.64,174.22050054075612,172.64,173.37,172.56,173.18,174.09237522136246,177.79,173.0,4.789999999999992,1.5805005407561339,1.5386952213624454,-0.15891276553979317,0.36000000000001364,0.3127896200185498,2.394999999999996,3.303680000000014,1.3663199999999733,1.3794070981210937,0.5704885177452925,False,False,9,45,30
ASHOKLEY,2026-04-24,SELL,2026-04-24 09:30:00+05:30,2026-04-24 09:35:00+05:30,169.59516,169.71,170.57553561934478,169.68,170.0,169.36,169.4,170.45463815904597,172.2,169.8,2.3999999999999773,0.8655356193447687,0.8594781590459775,-0.08067899885869775,0.09000000000000341,-0.16501650165016146,1.1999999999999886,1.2251599999999883,0.7848400000000026,1.0209666666666666,0.6540333333333417,False,False,9,35,20
ASHOKLEY,2026-04-27,SELL,2026-04-27 09:35:00+05:30,2026-04-27 09:40:00+05:30,168.145885,168.28,169.6056651062762,168.23,168.77,168.07,168.48,169.51342549342488,171.49,168.6,2.890000000000015,1.3256651062762046,1.3675404934248832,-0.19775509974729263,0.3199999999999932,0.14860607501634426,1.4450000000000074,0.07588499999999954,2.5941150000000164,0.05251557093425547,1.7952352941176493,False,True,9,40,25
ASHOKLEY,2026-04-28,BUY,2026-04-28 09:50:00+05:30,2026-04-28 09:55:00+05:30,171.435675,171.35,170.58149764269385,171.35,172.01,171.3,171.8,170.74708106011488,171.25,168.25,3.0,0.7685023573061471,0.6885939398851235,0.06879930771602095,0.09999999999999432,0.26262036766853125,1.5,0.5743249999999875,4.4256750000000125,0.382883333333325,2.9504500000000085,False,True,9,55,40
ASHOKLEY,2026-04-28,SELL,2026-04-28 12:50:00+05:30,2026-04-28 12:55:00+05:30,168.13589,168.22,170.1551473854928,168.22,168.33,168.05,168.11,170.0837818283988,171.25,168.25,3.0,1.9351473854927974,1.9478918283988094,-0.0361900481541606,0.030000000000001137,-0.06539055998097121,1.5,1.1258899999999983,0.5041099999999972,0.7505933333333322,0.33607333333333145,False,False,12,55,220
ASHOKLEY,2026-04-29,SELL,2026-04-29 11:20:00+05:30,2026-04-29 11:25:00+05:30,166.666625,166.75,168.03346450319165,166.75,166.83,166.3,166.35,167.97073499131614,169.26,166.78,2.4799999999999898,1.2834645031916523,1.3041099913161247,-0.02163016951368699,0.030000000000001137,-0.23988005997002126,1.2399999999999949,1.5566249999999968,0.19337500000000318,1.2553427419354866,0.1559475806451645,False,False,11,25,130
ASHOKLEY,2026-04-30,SELL,2026-04-30 09:35:00+05:30,2026-04-30 09:40:00+05:30,162.75858,162.84,163.43796019710308,162.84,163.75,162.75,163.62,163.4314178547941,164.72,163.09,1.6299999999999955,0.5979601971030775,0.6728378547940963,-0.11850664791245688,0.25,0.4789977892409647,0.8149999999999977,2.498580000000004,1.0914199999999994,3.065742331288357,1.339165644171782,True,True,9,40,25
ASHOKLEY,2026-05-04,BUY,2026-05-04 09:35:00+05:30,2026-05-04 09:40:00+05:30,163.631775,163.5,161.2912260274208,163.55,163.85,163.02,163.17,161.53372665133276,162.76,159.22,3.539999999999992,2.208773972579195,2.0980483486672483,0.10544318347290332,0.7400000000000091,-0.2323448486701407,1.769999999999996,0.41822500000000673,4.53177500000001,0.23628531073446762,2.560324858757074,False,True,9,40,25
ASHOKLEY,2026-05-05,BUY,2026-05-05 09:30:00+05:30,2026-05-05 09:35:00+05:30,160.58025,160.45,159.62291400808624,160.5,161.2,160.41,160.8,159.76192233937732,160.27,158.59,1.6800000000000068,0.8270859919137479,0.8183276606226855,0.062226240748119596,0.1799999999999784,0.18691588785046953,0.8400000000000034,1.07974999999999,1.3602500000000077,1.2854166666666496,1.6193452380952407,False,True,9,35,20
ASHOKLEY,2026-05-06,SELL,2026-05-06 09:30:00+05:30,2026-05-06 09:35:00+05:30,162.088915,162.17,162.96713463529755,162.17,162.45,162.0,162.35,162.92100321048582,164.14,162.52,1.6199999999999761,0.7971346352975672,0.8320882104858356,-0.1235800097611313,0.35000000000002274,0.11099463525929831,0.8099999999999881,1.5889149999999859,7.021085000000028,1.961623456790135,8.668006172839668,False,True,9,35,20
ASHOKLEY,2026-05-06,BUY,2026-05-06 14:30:00+05:30,2026-05-06 14:35:00+05:30,164.78234999999998,164.64,162.39675318431432,164.7,164.8,164.32,164.44,162.46435725382452,164.14,162.52,1.6199999999999761,2.2432468156856658,2.317992746175463,0.06072923820893572,0.5,-0.15786278081360017,0.8099999999999881,4.327650000000034,0.4623499999999865,5.342777777777899,0.5708024691357942,True,False,14,35,320
ASHOKLEY,2026-05-07,BUY,2026-05-07 11:50:00+05:30,2026-05-07 11:55:00+05:30,169.274595,169.2,167.99667648856163,169.19,169.34,169.0,169.0,168.02159074578708,169.0,166.41,2.5900000000000034,1.2033235114383558,1.2530042542129252,0.016843728482964226,0.19999999999998863,-0.11229978131095386,1.2950000000000017,3.5254050000000063,0.5145950000000141,2.7223204633204645,0.39737065637066676,True,False,11,55,160
ASHOKLEY,2026-05-08,SELL,2026-05-08 10:00:00+05:30,2026-05-08 10:05:00+05:30,167.7161,167.8,168.67109839761986,167.8,167.98,167.75,167.85,168.6348395784451,170.0,167.95,2.0500000000000114,0.8710983976198463,0.9187395784450985,-0.05159217799476788,0.14999999999997726,0.029797377830731442,1.0250000000000057,0.4461000000000013,1.7438999999999965,0.4352195121951208,1.7013658536585237,False,True,10,5,50
ASHOKLEY,2026-05-11,SELL,2026-05-11 09:55:00+05:30,2026-05-11 10:00:00+05:30,162.208855,162.3,163.6371759297058,162.29,162.88,162.13,162.68,163.5985463716839,166.38,162.45,3.930000000000007,1.3371759297057793,1.3896913716839094,-0.12702252703057001,0.14999999999997726,0.240310555179013,1.9650000000000034,1.2088549999999998,1.6711449999999957,0.6151933842239174,0.8504554707379098,False,False,10,0,45
ASHOKLEY,2026-05-12,SELL,2026-05-12 09:35:00+05:30,2026-05-12 09:40:00+05:30,158.830545,158.91,159.91961360863442,158.91,160.1,158.74,159.86,159.87386830400348,161.47,159.26,2.210000000000008,1.0096136086344245,1.0433233040034793,-0.24604487577007872,0.3499999999999943,0.5978226669183906,1.105000000000004,3.7305450000000064,1.2694549999999936,3.3760588235294056,1.1488280542986327,True,True,9,40,25
ASHOKLEY,2026-05-13,SELL,2026-05-13 09:30:00+05:30,2026-05-13 09:35:00+05:30,154.492715,154.57,155.8265551070734,154.57,154.67,153.88,154.02,155.51769999069955,157.36,155.15,2.210000000000008,1.2565551070734102,1.0249849906995507,-0.1386496607701054,0.5800000000000125,-0.3558258394254943,1.105000000000004,1.732715000000013,2.0672849999999983,1.5680678733031737,1.8708461538461456,False,True,9,35,20
ASHOKLEY,2026-05-14,SELL,2026-05-14 09:30:00+05:30,2026-05-14 09:35:00+05:30,153.173375,153.28,153.69712485306454,153.25,153.4,152.5,152.5,153.51251805851837,154.4,153.3,1.0999999999999943,0.4171248530645357,0.3391430585183741,-0.02481224638065078,0.020000000000010232,-0.4893964110929905,0.5499999999999972,3.2833750000000066,2.2066250000000025,5.96977272727277,4.01204545454548,True,True,9,35,20
ASHOKLEY,2026-05-14,BUY,2026-05-14 13:10:00+05:30,2026-05-14 13:15:00+05:30,154.707315,154.61,151.83947995790012,154.63,155.38,154.61,155.05,151.92116913686107,154.4,153.3,1.0999999999999943,2.7705200420998892,2.786145863138927,0.017416374223684822,0.21000000000000796,0.27161611588955026,0.5499999999999972,0.6726850000000013,0.8073149999999885,1.2230636363636451,1.4678454545454411,False,True,13,15,240
ASHOKLEY,2026-05-15,SELL,2026-05-15 11:10:00+05:30,2026-05-15 11:15:00+05:30,153.473225,153.6,155.72342425119268,153.55,153.67,153.22,153.45,155.64697126235825,157.35,154.41,2.9399999999999977,2.123424251192688,2.173746262358236,-0.028861371946795826,0.8100000000000023,-0.06512536633019872,1.4699999999999989,1.353225000000009,0.7167749999999842,0.9205612244898027,0.48760204081631614,False,False,11,15,120
ASHOKLEY,2026-05-18,SELL,2026-05-18 09:50:00+05:30,2026-05-18 09:55:00+05:30,149.52519999999998,149.66,150.62042541065665,149.6,149.66,149.4,149.62,150.58346188887924,152.0,149.87,2.1299999999999955,0.9604254106566543,1.058261888879258,-0.04017460530535235,0.21000000000000796,0.013368983957229297,1.0649999999999977,0.765199999999993,2.0448000000000093,0.7184976525821546,1.9200000000000128,False,True,9,55,40
ASHOKLEY,2026-05-19,BUY,2026-05-19 10:05:00+05:30,2026-05-19 10:10:00+05:30,151.605765,151.74,150.3253389007922,151.53,151.69,151.06,151.2,150.39231440044693,151.23,149.28,1.9499999999999886,1.4146610992078195,1.213450599553056,0.04660220278020808,0.5100000000000193,-0.21777865769155857,0.9749999999999943,1.5542350000000056,1.0057649999999967,1.5940871794871945,1.0315538461538487,False,True,10,10,55
ASHOKLEY,2026-05-20,BUY,2026-05-20 10:55:00+05:30,2026-05-20 11:00:00+05:30,150.84538500000002,150.74,149.84457847868057,150.77,150.95,150.61,150.65,149.87893980418798,150.49,148.8,1.6899999999999977,0.8954215213194345,0.9664451958120424,0.014725796050363036,0.25,-0.07959143065596752,0.8449999999999989,3.6546149999999784,0.23538500000000795,4.324988165680454,0.27856213017752457,True,False,11,0,105
ASHOKLEY,2026-05-21,SELL,2026-05-21 09:30:00+05:30,2026-05-21 09:35:00+05:30,154.88252,155.0,156.6042682548576,154.96,155.31,154.7,155.31,156.47912874434655,158.48,155.17,3.3100000000000023,1.604268254857601,1.596608744346554,-0.05786618160792299,0.1699999999999875,0.22586473928756234,1.6550000000000011,1.1325199999999995,1.277479999999997,0.6843021148036246,0.7718912386706925,False,False,9,35,20
ASHOKLEY,2026-05-22,BUY,2026-05-22 11:55:00+05:30,2026-05-22 12:00:00+05:30,155.77785,155.7,154.78541053599403,155.7,156.0,155.61,155.69,154.87642019528323,155.46,154.05,1.4099999999999966,0.9145894640059566,0.9014298047167699,0.03699558132640789,0.23999999999998067,-0.00642260757867108,0.7049999999999983,2.9621500000000083,0.9278500000000065,4.201631205673781,1.3160992907801543,True,True,12,0,165
ASHOKLEY,2026-05-26,SELL,2026-05-26 10:45:00+05:30,2026-05-26 10:50:00+05:30,162.19886,162.26,162.9940737735535,162.28,162.39,162.06,162.32,162.9549379340504,164.3,162.32,1.9800000000000182,0.7340737735535185,0.7560779340504098,-0.01733458436510888,0.060000000000002274,0.024648755237866027,0.9900000000000091,2.4688600000000065,0.3511400000000151,2.4937979797979635,0.3546868686868807,True,False,10,50,95
ASHOKLEY,2026-05-27,SELL,2026-05-27 12:20:00+05:30,2026-05-27 12:25:00+05:30,159.83004499999998,159.89,160.63680492317286,159.91,160.0,159.75,159.75,160.63009791599052,161.6,159.91,1.6899999999999977,0.7468049231728742,0.8000529159905341,-0.023146220379038164,0.020000000000010232,-0.10005628165843383,0.8449999999999989,0.3800449999999955,4.26995500000001,0.4497573964496995,5.053201183431971,False,True,12,25,190
ASHOKLEY,2026-05-27,BUY,2026-05-27 13:25:00+05:30,2026-05-27 13:30:00+05:30,161.80086,161.67,160.84130877657435,161.72,161.9,161.61,161.86,160.864995664164,161.6,159.91,1.6899999999999977,0.8286912234256363,0.935864335835987,0.04177659340981391,0.06999999999999318,0.08656937917388419,0.8449999999999989,2.299139999999994,0.19085999999998648,2.720875739644967,0.2258698224851914,True,False,13,30,255
ASHOKLEY,2026-05-29,SELL,2026-05-29 09:40:00+05:30,2026-05-29 09:45:00+05:30,160.24983500000002,160.33,162.18004981530325,160.33,161.19,159.7,160.0,162.00452295641708,165.7,160.72,4.97999999999999,1.8500498153032368,1.754687956417058,-0.12875798164131572,0.38999999999998636,-0.20582548493732755,2.489999999999995,5.389835000000005,1.0101649999999722,2.1645923694779183,0.40568875502007,True,False,9,45,30
ASHOKLEY,2026-06-01,SELL,2026-06-01 09:55:00+05:30,2026-06-01 10:00:00+05:30,152.80356,152.88,154.3450560016209,152.88,153.09,152.14,152.63,154.26852944677665,157.6,153.55,4.049999999999983,1.4650560016208942,1.4649694467766494,-0.06792563907758394,0.6700000000000159,-0.1635269492412328,2.0249999999999915,3.383560000000017,1.9564399999999864,1.6708938271605092,0.9661432098765406,False,False,10,0,45
ASHOKLEY,2026-06-02,BUY,2026-06-02 12:40:00+05:30,2026-06-02 12:45:00+05:30,148.824375,148.72,147.3949613962224,148.75,149.16,148.64,148.99,147.45125705197125,148.49,145.5,2.990000000000009,1.3250386037775854,1.3731179480287494,0.009359108283977126,0.22999999999998977,0.16134453781513347,1.4950000000000045,1.315624999999983,0.28437500000001137,0.8800167224080127,0.19021739130435486,False,False,12,45,210
ASHOKLEY,2026-06-03,SELL,2026-06-03 09:30:00+05:30,2026-06-03 09:35:00+05:30,144.157885,144.25,145.2877208547532,144.23,144.6,144.08,144.55,145.21662921075057,147.8,144.38,3.420000000000016,1.0377208547531893,1.0587442107505751,-0.2021441836307172,0.12999999999999545,0.22186784996187647,1.710000000000008,1.9578850000000045,3.442115000000001,1.144961988304091,2.012932748538003,False,True,9,35,20
ASHOKLEY,2026-06-04,SELL,2026-06-04 11:00:00+05:30,2026-06-04 11:05:00+05:30,145.20736,145.23,146.15568702227918,145.28,145.4,145.11,145.3,146.1368422724535,147.22,145.3,1.9199999999999875,0.9256870222791918,0.9294822724534981,-0.008960614166512976,0.0700000000000216,0.01376651982378796,0.9599999999999937,1.10736,1.3026399999999967,1.1535000000000075,1.356916666666672,False,True,11,5,110
ASHOKLEY,2026-06-05,SELL,2026-06-05 09:45:00+05:30,2026-06-05 09:50:00+05:30,144.12789999999998,144.25,144.87640895859417,144.2,144.45,144.02,144.4,144.812805050412,146.53,144.53,2.0,0.626408958594169,0.6849050504120271,-0.05887660953117453,0.28000000000000114,0.1386962552011317,1.0,0.3278999999999712,2.272100000000023,0.3278999999999712,2.272100000000023,False,True,9,50,35
ASHOKLEY,2026-06-08,BUY,2026-06-08 10:35:00+05:30,2026-06-08 10:40:00+05:30,142.361145,142.29,141.55338220501764,142.29,142.39,141.93,141.95,141.56339885850986,142.27,140.31,1.960000000000008,0.7366177949823509,0.797746141490137,0.00968536422253757,0.01999999999998181,-0.2389486260453988,0.980000000000004,0.02885499999999297,1.6511449999999854,0.029443877551013114,1.6848418367346722,False,True,10,40,85
ASHOKLEY,2026-06-09,BUY,2026-06-09 14:50:00+05:30,2026-06-09 14:55:00+05:30,144.24208499999995,144.12,142.93674158352397,144.17,144.38,144.07,144.25,142.98746104086825,143.55,141.02,2.530000000000001,1.1832584164760362,1.254623959131692,0.02179049992758752,0.5699999999999932,0.05549004647291689,1.2650000000000006,0.1379150000000493,0.9120849999999336,0.10902371541505869,0.7210158102766271,False,False,14,55,340
ASHOKLEY,2026-06-10,SELL,2026-06-10 14:35:00+05:30,2026-06-10 14:40:00+05:30,142.94849000000002,143.02,144.0358009886565,143.02,143.12,142.7,142.71,144.00537101043548,145.3,143.3,2.0,1.0158009886564798,1.0568810104354611,-0.010463367505544637,0.28000000000000114,-0.2167529016920744,1.0,1.948490000000021,0.17150999999998362,1.948490000000021,0.17150999999998362,False,False,14,40,325
ASHOKLEY,2026-06-11,SELL,2026-06-11 11:15:00+05:30,2026-06-11 11:20:00+05:30,138.5307,138.6,139.43526952560973,138.6,138.89,138.53,138.85,139.4178443488146,140.9,138.61,2.289999999999992,0.835269525609732,0.8871443488146156,-0.012882424748639891,0.010000000000019327,0.18037518037516964,1.144999999999996,0.5006999999999948,1.3693000000000097,0.437292576419211,1.195895196506563,False,True,11,20,125
ASHOKLEY,2026-06-12,BUY,2026-06-12 10:05:00+05:30,2026-06-12 10:10:00+05:30,145.4727,145.4,144.34568738393548,145.4,145.7,145.11,145.26,144.4192667378085,145.19,142.7,2.490000000000009,1.0543126160645215,1.0534332621915041,0.040901845036345204,0.21000000000000796,-0.09628610729024434,1.2450000000000045,7.977299999999985,1.1726999999999919,6.407469879518037,0.9419277108433635,True,False,10,10,55
ASHOKLEY,2026-06-15,SELL,2026-06-15 13:00:00+05:30,2026-06-15 13:05:00+05:30,158.07092500000002,158.16,159.6419323906709,158.15,158.48,158.02,158.48,159.63574017766223,160.8,158.3,2.5,1.4819323906708917,1.5648151776622115,-0.006461194086006245,0.14000000000001478,0.20866266202970163,1.25,0.8209250000000168,1.0890749999999798,0.6567400000000134,0.8712599999999838,False,False,13,5,230
ASHOKLEY,2026-06-16,SELL,2026-06-16 10:05:00+05:30,2026-06-16 10:10:00+05:30,158.78057,158.85,159.96055194804677,158.86,159.0,158.7,158.7,159.92341447031353,160.89,159.0,1.8899999999999864,1.1105519480467763,1.1428444703135199,-0.025932058421287162,0.15000000000000568,-0.10071761299258464,0.9449999999999932,1.5205700000000206,0.9994299999999896,1.6090687830688166,1.0575978835978803,False,True,10,10,55
ASHOKLEY,2026-06-18,SELL,2026-06-18 10:35:00+05:30,2026-06-18 10:40:00+05:30,157.64114,157.74,158.3186264781418,157.72,157.95,157.61,157.87,158.30500363607496,159.5,157.82,1.6800000000000068,0.5786264781417856,0.6638636360749501,-0.017289725900629223,0.07999999999998408,0.0951052498098015,0.8400000000000034,0.3411399999999958,1.2388599999999883,0.40611904761904094,1.4748333333333135,False,True,10,40,85
ASHOKLEY,2026-06-19,SELL,2026-06-19 09:30:00+05:30,2026-06-19 09:35:00+05:30,156.851535,156.93,157.52768278529462,156.93,157.88,156.91,157.45,157.50571837768294,158.18,157.05,1.1299999999999955,0.5976827852946087,0.6541833776829264,-0.04860950640548129,0.12000000000000455,0.33135793028737925,0.5649999999999977,1.3215350000000115,1.0284649999999829,2.3390000000000297,1.820292035398207,True,True,9,35,20
ASHOKLEY,2026-06-22,BUY,2026-06-22 10:00:00+05:30,2026-06-22 10:05:00+05:30,157.608765,157.53,156.5368718046169,157.53,157.94,157.2,157.83,156.63654854156005,156.99,155.55,1.4399999999999977,0.9931281953830933,0.9722164584399593,0.06649001336767987,0.539999999999992,0.19043991620644185,0.7199999999999989,0.691235000000006,1.3487650000000144,0.960048611111121,1.8732847222222453,False,True,10,5,50
ASHOKLEY,2026-06-23,SELL,2026-06-23 09:30:00+05:30,2026-06-23 09:35:00+05:30,155.57217500000002,155.65,156.52491066030643,155.65,155.75,154.23,154.32,156.02556731811015,157.19,156.35,0.8400000000000034,0.8749106603064263,0.4533923181101329,-0.10891265992933653,0.6999999999999886,-0.8544812078381092,0.4200000000000017,5.272175000000004,0.17782499999998436,12.552797619047578,0.42339285714281816,True,False,9,35,20
ASHOKLEY,2026-06-24,BUY,2026-06-24 10:00:00+05:30,2026-06-24 10:05:00+05:30,152.48620499999998,152.4,151.53039806677606,152.41,152.9,152.23,152.82,151.64105420758779,151.95,150.8,1.1499999999999773,0.8696019332239473,0.8451507924121984,0.013606778994574855,0.45000000000001705,0.2690112197362371,0.5749999999999886,3.1437950000000114,0.25620499999999424,5.467469565217519,0.44557391304347704,True,False,10,5,50
ASHOKLEY,2026-06-25,BUY,2026-06-25 11:25:00+05:30,2026-06-25 11:30:00+05:30,160.44018000000003,160.36,159.18990011854737,160.36,160.46,160.05,160.39,159.20996405071847,159.67,156.51,3.1599999999999966,1.1700998814526429,1.2302159492815576,0.036493149803765966,0.6900000000000261,0.018707907208770358,1.5799999999999983,1.7598199999999622,0.810180000000031,1.1138101265822558,0.5127721518987544,False,False,11,30,135
ASHOKLEY,2026-06-29,SELL,2026-06-29 12:30:00+05:30,2026-06-29 12:35:00+05:30,157.02145,157.1,158.43377566651642,157.1,157.12,156.89,156.89,158.41128602409646,160.64,157.15,3.4899999999999807,1.3337756665164306,1.3898360240964678,-0.011826840864064292,0.05000000000001137,-0.1336728198599646,1.7449999999999903,0.2614499999999964,1.0085500000000138,0.14982808022922514,0.5779656160458564,False,False,12,35,200
ASHOKLEY,2026-07-01,BUY,2026-07-01 09:45:00+05:30,2026-07-01 09:50:00+05:30,161.590755,161.51,160.65693554846976,161.51,161.67,161.38,161.5,160.72034393500974,161.41,157.89,3.5200000000000102,0.8530644515302299,0.8704110649902645,0.0771884242452707,0.09999999999999432,-0.00619156708562274,1.7600000000000051,4.1592449999999985,2.140755000000013,2.3632073863636287,1.2163380681818219,True,True,9,50,35
ASHOKLEY,2026-07-02,BUY,2026-07-02 11:55:00+05:30,2026-07-02 12:00:00+05:30,165.12251999999998,165.0,163.8122105464848,165.04,165.56,164.96,165.09,163.88332080566636,164.69,162.62,2.069999999999993,1.1877894535151938,1.2391991943336222,0.012459355572308576,0.3100000000000023,0.030295685894343727,1.0349999999999966,0.4374800000000221,1.052519999999987,0.422685990338187,1.0169275362318748,False,True,12,0,165
ASHOKLEY,2026-07-03,BUY,2026-07-03 10:10:00+05:30,2026-07-03 10:15:00+05:30,166.32312000000002,166.23,165.6836724233601,166.24,166.7,166.06,166.45,165.76171107131822,166.06,165.1,0.960000000000008,0.5463275766398965,0.5614089286818,0.0242051761456097,0.1699999999999875,0.12632338787295083,0.480000000000004,1.2268799999999942,2.613120000000009,2.5559999999999667,5.443999999999974,True,True,10,15,60
ASHOKLEY,2026-07-06,BUY,2026-07-06 09:45:00+05:30,2026-07-06 09:50:00+05:30,164.88240000000002,164.74,163.6236666140522,164.8,164.9,164.53,164.71,163.71475453063076,164.7,162.65,2.049999999999983,1.1163333859477973,1.167645469369262,0.03943989174924429,0.040000000000020464,-0.05461165048543659,1.0249999999999915,2.467599999999976,0.35240000000001714,2.4074146341463383,0.34380487804880006,True,False,9,50,35
ASHOKLEY,2026-07-07,SELL,2026-07-07 09:30:00+05:30,2026-07-07 09:35:00+05:30,165.667125,165.74,166.29651234085915,165.75,165.9,165.52,165.52,166.2244431413328,167.0,165.83,1.1699999999999875,0.5565123408591433,0.5573181413328143,0.039880524323935955,0.09000000000000341,-0.13876319758672206,0.5849999999999937,2.0771249999999952,0.23287500000000705,3.550641025641055,0.39807692307693937,True,False,9,35,20
ASHOKLEY,2026-07-08,BUY,2026-07-08 12:55:00+05:30,2026-07-08 13:00:00+05:30,163.48170000000002,163.38,161.39379483779416,163.4,163.6,163.21,163.3,161.48912900885585,162.49,158.45,4.0400000000000205,1.9862051622058345,1.992570991144163,0.023723715817747924,0.8899999999999864,-0.0611995104039087,2.0200000000000102,0.36829999999997654,8.471700000000027,0.18232673267325478,4.193910891089101,False,True,13,0,225
ASHOKLEY,2026-07-09,SELL,2026-07-09 09:55:00+05:30,2026-07-09 10:00:00+05:30,157.02145,157.07,157.7706323612413,157.1,157.41,156.86,157.1,157.7299058325783,158.85,157.1,1.75,0.7006323612413041,0.7084558325783235,-0.10498383514488799,0.030000000000001137,0.0,0.875,2.0114499999999964,0.3885500000000093,2.298799999999996,0.4440571428571535,True,False,10,0,45
ASHOKLEY,2026-07-13,BUY,2026-07-13 09:40:00+05:30,2026-07-13 09:45:00+05:30,155.36764499999998,155.29,154.64364613933293,155.29,155.29,155.03,155.24,154.6854356463142,155.1,153.3,1.799999999999983,0.6463538606670625,0.6822093536857778,0.041304844258176446,0.18999999999999773,-0.03219782342712696,0.8999999999999915,5.002355000000023,0.33764499999998066,5.5581722222223,0.3751611111110932,True,False,9,45,30
ASHOKLEY,2026-07-14,SELL,2026-07-14 09:40:00+05:30,2026-07-14 09:45:00+05:30,154.42275,154.51,155.29433515476944,154.5,154.5,154.01,154.29,155.1879438203107,156.9,154.81,2.0900000000000034,0.784335154769451,0.7651938203106852,-0.1095346562453095,0.30000000000001137,-0.13592233009709354,1.0450000000000017,0.5727500000000134,1.1772499999999866,0.5480861244019258,1.1265550239234303,False,True,9,45,30
ASHOKLEY,2026-07-15,BUY,2026-07-15 09:35:00+05:30,2026-07-15 09:40:00+05:30,157.648785,157.58,157.00807864249433,157.57,157.65,157.41,157.52,157.0682517581493,157.48,155.75,1.7299999999999898,0.571921357505687,0.5805332418507021,0.04856698526794043,0.10000000000002274,-0.031731928666611786,0.8649999999999949,0.22121500000000083,1.6287849999999935,0.25573988439306605,1.882988439306362,False,True,9,40,25
ASHOKLEY,2026-07-16,SELL,2026-07-16 09:35:00+05:30,2026-07-16 09:40:00+05:30,155.792065,155.85,156.56310566353523,155.87,156.15,155.84,156.14,156.5091964530818,157.3,156.15,1.1500000000000057,0.7131056635352309,0.7171314530818051,-0.07259579800140917,0.30000000000001137,0.1732212741387018,0.5750000000000028,1.3720650000000205,2.7879350000000045,2.386200000000024,4.848582608695636,True,True,9,40,25
ASHOKLEY,2026-07-16,BUY,2026-07-16 10:05:00+05:30,2026-07-16 10:10:00+05:30,157.55874,157.48,156.747252754063,157.48,157.6,157.21,157.49,156.79884468911428,157.3,156.15,1.1500000000000057,0.7327472459369915,0.7598953108857245,0.04508736897933883,0.1799999999999784,0.0063500127000404305,0.5750000000000028,1.0212600000000123,3.1387400000000127,1.7761043478260996,5.4586782608695605,False,True,10,10,55
ASHOKLEY,2026-07-16,SELL,2026-07-16 12:55:00+05:30,2026-07-16 13:00:00+05:30,155.46223,155.55,157.1986077517974,155.54,155.61,155.32,155.56,157.15098972001292,157.3,156.15,1.1500000000000057,1.6486077517973854,1.6887597200129107,-0.02578909738867017,0.5999999999999943,0.012858428700024405,0.5750000000000028,1.0422300000000178,0.1577699999999993,1.8125739130435001,0.2743826086956496,False,False,13,0,225
ASHOKLEY,2026-07-17,BUY,2026-07-17 14:20:00+05:30,2026-07-17 14:25:00+05:30,155.63778,155.55,155.03204785938397,155.56,155.69,155.4,155.44,155.0397019855787,155.48,154.3,1.1799999999999784,0.5179521406160461,0.5980780144213043,0.009986618318500146,0.0700000000000216,-0.07714065312419693,0.5899999999999892,0.44222000000002026,0.7377799999999866,0.7495254237288617,1.2504745762711866,False,True,14,25,310
ASHOKLEY,2026-07-20,BUY,2026-07-20 13:20:00+05:30,2026-07-20 13:25:00+05:30,154.847385,154.77,153.68533656634855,154.77,155.11,154.53,155.05,153.7438181580253,154.49,152.83,1.6599999999999966,1.084663433651457,1.103566841974697,0.011240659993498561,0.28000000000000114,0.18091361374943382,0.8299999999999983,0.6526149999999973,0.4173849999999959,0.7862831325301188,0.5028734939758998,False,False,13,25,250
ASHOKLEY,2026-07-21,SELL,2026-07-21 10:20:00+05:30,2026-07-21 10:25:00+05:30,152.9235,153.09,154.17715878766467,153.0,153.2,152.32,153.17,154.0125408488403,155.68,154.04,1.6400000000000148,1.087158787664663,1.0890408488403125,-0.10923352716882308,0.9499999999999886,0.11111111111110628,0.8200000000000074,0.6034999999999968,1.1065000000000111,0.735975609756087,1.3493902439024406,False,True,10,25,70
ASHOKLEY,2026-07-22,SELL,2026-07-22 09:30:00+05:30,2026-07-22 09:35:00+05:30,152.793565,152.88,153.38185474822572,152.87,152.98,152.65,152.76,153.30912187112915,154.75,152.9,1.8499999999999943,0.5018547482257247,0.5155568711291494,-0.15811272892675937,0.020000000000010232,-0.07195656440113218,0.9249999999999972,1.0135649999999998,0.1864349999999888,1.095745945945949,0.20155135135133986,False,False,9,35,20
ASHOKLEY,2026-07-23,BUY,2026-07-23 10:05:00+05:30,2026-07-23 10:10:00+05:30,152.826375,152.79,152.20577472769727,152.75,152.96,152.72,152.87,152.22970832058513,152.77,151.1,1.670000000000016,0.5842252723027173,0.5966666794148807,0.01738561215030881,0.01999999999998181,0.07855973813419848,0.835000000000008,0.7336249999999893,2.50637500000002,0.8785928143712363,3.0016467065868215,False,True,10,10,55
ASHOKLEY,2026-07-23,SELL,2026-07-23 13:50:00+05:30,2026-07-23 13:55:00+05:30,150.994465,151.06,152.24054057783135,151.07,151.08,150.9,151.02,152.22949231616644,152.77,151.1,1.670000000000016,1.1805405778313514,1.2350273161664518,-0.030814934033950723,0.03999999999999204,-0.03309723969019407,0.835000000000008,0.6744649999999979,0.2255350000000078,0.8077425149700497,0.2701017964071924,False,False,13,55,280
ASHOKLEY,2026-07-24,SELL,2026-07-24 09:45:00+05:30,2026-07-24 09:50:00+05:30,147.556185,147.6,148.66151073986353,147.63,147.96,147.59,147.92,148.60339220112425,150.27,148.31,1.960000000000008,1.061510739863536,1.0472072011242517,-0.07605555574610043,0.710000000000008,0.19643703854228534,0.980000000000004,0.0,3.823814999999996,0.0,3.9018520408163067,False,True,9,50,35
ASHOKLEY,2026-07-24,BUY,2026-07-24 12:25:00+05:30,2026-07-24 12:30:00+05:30,150.69531,150.61,148.68896246194703,150.62,150.68,150.36,150.43,148.71843709569367,150.27,148.31,1.960000000000008,1.9210375380529854,1.9768729043063331,0.008773026313912417,0.3400000000000034,-0.12614526623290212,0.980000000000004,0.6846899999999891,0.5453100000000006,0.6986632653061086,0.5564387755102025,False,False,12,30,195
ASHOKLEY,2026-07-27,SELL,2026-07-27 09:30:00+05:30,2026-07-27 09:35:00+05:30,152.9235,152.99,153.36053776801296,153.0,153.35,152.84,153.27,153.3333206625943,154.2,153.01,1.1899999999999977,0.3705377680129516,0.4098206625943135,-0.02131721549160703,0.01999999999998181,0.17647058823531125,0.5949999999999989,0.08349999999998658,2.336500000000001,0.14033613445375923,3.92689075630253,False,True,9,35,20
ASHOKLEY,2026-07-27,BUY,2026-07-27 14:05:00+05:30,2026-07-27 14:10:00+05:30,154.507215,154.38,153.58276170470876,154.43,154.57,154.29,154.46,153.59321746972338,154.2,153.01,1.1899999999999977,0.7972382952912369,0.9139975302766175,0.008939611032862735,0.18000000000000682,0.019426277277734272,0.5949999999999989,0.7527849999999887,0.21721500000001015,1.2651848739495632,0.36506722689077403,False,False,14,10,295
ASHOKLEY,2026-07-28,SELL,2026-07-28 09:45:00+05:30,2026-07-28 09:50:00+05:30,154.34278999999998,154.45,154.88802502967897,154.42,154.45,154.14,154.36,154.86648016745207,155.42,154.55,0.8699999999999761,0.4380250296789825,0.523690167452088,-0.03348878747803841,0.10000000000002274,-0.03885507058669635,0.43499999999998806,0.30278999999998746,4.4072100000000205,0.6960689655172316,10.131517241379635,False,True,9,50,35
ASHOKLEY,2026-07-28,BUY,2026-07-28 10:55:00+05:30,2026-07-28 11:00:00+05:30,155.68780500000005,155.55,154.8640384200112,155.61,156.33,155.61,156.33,154.99927358382925,155.42,154.55,0.8699999999999761,0.685961579988799,0.6885314161708038,0.021250403480699235,0.13000000000002387,0.46269519953729965,0.43499999999998806,3.062194999999946,0.07780500000004054,7.039528735632253,0.17886206896561532,True,False,11,0,105
ASHOKLEY,2026-07-29,BUY,2026-07-29 11:00:00+05:30,2026-07-29 11:05:00+05:30,158.489205,158.41,157.66721214110717,158.41,158.5,158.35,158.49,157.6956012840951,158.38,156.61,1.7699999999999818,0.7427878588928252,0.7936037159049079,0.04900811570324282,0.030000000000001137,0.05050186225616926,0.8849999999999909,1.0007950000000108,0.8792049999999847,1.1308418079096283,0.9934519774011229,False,False,11,5,110
ASHOKLEY,2026-07-30,SELL,2026-07-30 10:40:00+05:30,2026-07-30 10:45:00+05:30,156.12189999999998,156.23,156.95800101763973,156.2,156.49,156.0,156.23,156.91671992396013,157.96,156.26,1.700000000000017,0.7280010176397411,0.7948199239601479,-0.04054348837107578,0.030000000000001137,0.01920614596671033,0.8500000000000085,0.571899999999971,3.3781000000000176,0.6728235294117239,3.9742352941176278,False,True,10,45,90
ASHOKLEY,2026-07-31,BUY,2026-07-31 09:30:00+05:30,2026-07-31 09:35:00+05:30,161.60076,161.54,160.83861946871747,161.52,162.58,161.42,162.47,161.13716648146448,161.48,159.17,2.3100000000000023,0.7013805312825241,0.4635935185355322,0.20482695374928725,0.060000000000002274,0.5881624566617116,1.1550000000000011,5.0992399999999805,0.18076000000002068,4.414926406926385,0.15650216450218227,True,False,9,35,20
ASHOKLEY,2026-08-03,BUY,2026-08-03 10:50:00+05:30,2026-08-03 10:55:00+05:30,172.015965,171.93,171.03562365283756,171.93,172.25,171.86,171.99,171.06275255442984,171.9,169.13,2.7700000000000102,0.8943763471624493,0.9532124455701592,0.014846538050701932,0.030000000000001137,0.03489792357354027,1.3850000000000051,2.9840350000000058,0.29596499999999537,2.1545379061371803,0.2136931407942197,True,False,10,55,100
ASHOKLEY,2026-08-04,SELL,2026-08-04 11:40:00+05:30,2026-08-04 11:45:00+05:30,173.203355,173.29,174.07717093353094,173.29,173.29,172.65,173.2,174.02560208903623,175.16,173.32,1.8400000000000034,0.7871709335309447,0.8222470890362388,-0.012164380726376496,0.030000000000001137,-0.05193606093831793,0.9200000000000017,1.0633550000000014,0.73664500000001,1.1558206521739125,0.8007010869565311,False,False,11,45,150
ASHOKLEY,2026-08-05,BUY,2026-08-05 10:50:00+05:30,2026-08-05 10:55:00+05:30,177.58875,177.47,176.2373938292728,177.5,178.15,177.44,177.45,176.35368683792402,177.13,173.0,4.1299999999999955,1.2326061707271947,1.2350631620759884,0.012893077362285241,0.3400000000000034,-0.028169014084511446,2.0649999999999977,0.5612500000000011,1.7887499999999932,0.27179176755448026,0.8662227602905546,False,False,10,55,100
ASHOKLEY,2026-08-06,BUY,2026-08-06 12:35:00+05:30,2026-08-06 12:40:00+05:30,177.0885,177.0,176.33242313266462,177.0,177.1,176.95,177.03,176.3402076813195,176.99,175.29,1.700000000000017,0.6675768673353843,0.7482923186805124,0.006106218466271422,0.009999999999990905,0.016949152542378165,0.8500000000000085,0.7614999999999839,0.4784999999999968,0.8958823529411485,0.5629411764705788,False,False,12,40,205
ASHOKLEY,2026-08-07,BUY,2026-08-07 10:30:00+05:30,2026-08-07 10:35:00+05:30,177.58875,177.51,176.4291599520342,177.5,177.56,177.1,177.16,176.46144140116544,177.06,175.52,1.539999999999992,1.0808400479657791,1.12730859883456,0.014146884207664715,0.44999999999998863,-0.19154929577465118,0.769999999999996,0.40125000000000455,2.0887500000000045,0.5211038961039047,2.7126623376623575,False,True,10,35,80
ASHOKLEY,2026-08-07,BUY,2026-08-07 12:30:00+05:30,2026-08-07 12:35:00+05:30,177.38865,177.3,176.3304135690664,177.3,177.42,177.21,177.25,176.33997746747625,177.06,175.52,1.539999999999992,0.9695864309336173,1.0486725325237671,0.007324281496437224,0.2400000000000091,-0.028200789622112588,0.769999999999996,0.6013499999999965,0.9686500000000251,0.7809740259740254,1.257987012987052,False,True,12,35,200
ASHOKLEY,2026-08-10,BUY,2026-08-10 10:20:00+05:30,2026-08-10 10:25:00+05:30,177.78885,177.72,176.92288435184759,177.7,178.1,177.63,178.0,177.3568292963521,177.69,176.0,1.6899999999999977,0.7971156481524133,0.43202070364790757,0.05579379306011678,0.030000000000001137,0.16882386043894915,0.8449999999999989,1.2111500000000035,3.988849999999985,1.4333136094674617,4.720532544378687,False,True,10,25,70
ASHOKLEY,2026-08-10,SELL,2026-08-10 14:15:00+05:30,2026-08-10 14:20:00+05:30,175.85202999999998,175.94,177.27366544579627,175.94,175.94,174.7,174.7,177.17920183401645,177.69,176.0,1.6899999999999977,1.3336654457962709,1.3271718340164682,-0.008633521842755667,0.060000000000002274,-0.7047857224053655,0.8449999999999989,2.0520299999999736,0.08797000000001276,2.4284378698224574,0.10410650887575489,True,False,14,20,305
ASHOKLEY,2026-08-11,BUY,2026-08-11 09:45:00+05:30,2026-08-11 09:50:00+05:30,173.94693,173.86,172.71582373676281,173.86,174.44,173.35,173.38,172.82196474501603,173.61,172.0,1.6100000000000136,1.144176263237199,1.1249652549839766,0.03044709992742807,0.25,-0.2760842056827473,0.8050000000000068,2.3830700000000036,0.6269300000000158,2.9603354037266874,0.7787950310559136,True,False,9,50,35
ASHOKLEY,2026-08-13,BUY,2026-08-13 09:30:00+05:30,2026-08-13 09:35:00+05:30,181.220565,181.18,179.98239174557125,181.13,181.77,181.05,181.37,180.13675313714995,180.72,176.93,3.789999999999992,1.1976082544287578,1.083811862850041,0.5771968517143573,0.46000000000000796,0.13250151824657497,1.894999999999996,1.4794349999999952,4.86056499999998,0.7807044854881258,2.564941952506591,False,True,9,35,20
ASHOKLEY,2026-08-14,BUY,2026-08-14 12:20:00+05:30,2026-08-14 12:25:00+05:30,179.28959999999998,179.2,178.17258321773167,179.2,179.29,179.07,179.15,178.19925964838438,178.98,176.6,2.3799999999999955,1.0274167822683182,1.0903403516155947,0.015450152523059577,0.21999999999999886,-0.02790178571427937,1.1899999999999977,0.21040000000002124,9.539599999999979,0.1768067226890938,8.016470588235292,False,True,12,25,190
OLAELEC,2025-08-18,SELL,2025-08-18 09:50:00+05:30,2025-08-18 09:55:00+05:30,42.01898,42.04,42.473897729627936,42.04,42.1,41.91,42.09,42.45573394018351,43.03,42.09,0.9399999999999977,0.4338977296279367,0.43675394018350744,-0.032397767027100656,0.05000000000000426,0.11893434823977422,0.46999999999999886,1.1889800000000008,0.38101999999999947,2.5297446808510715,0.8106808510638306,True,False,9,55,40
OLAELEC,2025-08-19,BUY,2025-08-19 09:30:00+05:30,2025-08-19 09:35:00+05:30,44.34216,44.32,43.28381157703414,44.32,44.43,43.5,43.65,43.424325438141764,43.68,41.4,2.280000000000001,1.0361884229658571,0.9178345618582355,0.4669119102056906,0.6400000000000006,-1.5117328519855588,1.1400000000000006,1.357840000000003,1.2521599999999964,1.1910877192982476,1.098385964912277,False,True,9,35,20
OLAELEC,2025-08-20,BUY,2025-08-20 09:35:00+05:30,2025-08-20 09:40:00+05:30,48.44421,48.43,47.47198810850987,48.42,48.6,48.15,48.5,47.578149854895464,48.14,45.4,2.740000000000002,0.9580118914901306,0.8660601451045338,0.10590904165503091,0.28999999999999915,0.1652209830648399,1.370000000000001,5.345790000000001,0.29420999999999964,3.902036496350363,0.21475182481751784,True,False,9,40,25
OLAELEC,2025-08-21,SELL,2025-08-21 09:35:00+05:30,2025-08-21 09:40:00+05:30,49.7751,49.81,51.25485655772026,49.8,50.4,49.5,50.34,51.11908859138499,54.6,50.35,4.25,1.4448565577202572,1.343988591384985,-0.16334528823127087,0.5399999999999991,1.0843373493976127,2.125,1.275100000000002,1.0748999999999995,0.6000470588235303,0.5058352941176468,False,False,9,40,25
OLAELEC,2025-08-22,SELL,2025-08-22 11:50:00+05:30,2025-08-22 11:55:00+05:30,47.75611,47.78,48.816258860879174,47.78,48.09,47.78,48.05,48.80379225126244,49.6,48.15,1.4500000000000028,1.0362588608791725,1.0476822512624437,-0.00992647003126418,0.36999999999999744,0.5650899958141498,0.7250000000000014,0.8961100000000002,0.4438900000000032,1.236013793103446,0.6122620689655205,False,False,11,55,160
OLAELEC,2025-08-25,BUY,2025-08-25 09:45:00+05:30,2025-08-25 09:50:00+05:30,48.314145,48.29,47.483098450956675,48.29,48.8,48.23,48.66,47.697846935471844,48.15,46.65,1.5,0.8069015490433245,0.6162980645281593,0.045151682460832475,0.14000000000000057,0.7662041830606592,0.75,1.0858549999999951,0.5641450000000034,1.4478066666666602,0.7521933333333379,False,False,9,50,35
OLAELEC,2025-08-26,BUY,2025-08-26 09:40:00+05:30,2025-08-26 09:45:00+05:30,48.86442,48.81,48.41469635114514,48.84,49.75,48.77,49.75,48.72611729757125,48.57,47.81,0.759999999999998,0.39530364885486335,0.13830270242875287,0.041518039611584706,0.240000000000002,1.8632268632268634,0.379999999999999,2.9355799999999945,0.0944199999999995,7.725210526315795,0.24847368421052565,True,False,9,45,30
OLAELEC,2025-08-26,BUY,2025-08-26 13:55:00+05:30,2025-08-26 14:00:00+05:30,50.495235,50.47,50.45785125812155,50.47,50.57,50.41,50.54,50.45811094697024,48.57,47.81,0.759999999999998,0.012148741878448277,0.03712405302976407,0.0015940363010134057,1.8999999999999986,0.1386962552011095,0.379999999999999,0.6047650000000004,0.23523500000000297,1.5914868421052686,0.61903947368422,False,False,14,0,285
OLAELEC,2025-08-28,BUY,2025-08-28 09:30:00+05:30,2025-08-28 09:35:00+05:30,52.44621,52.42,51.93374776247898,52.42,52.75,52.15,52.73,52.0388602600734,52.3,51.15,1.1499999999999986,0.48625223752102187,0.40734973992660173,0.04380789601817624,0.12000000000000455,0.5913773368943165,0.5749999999999993,3.773789999999998,0.5962099999999992,6.563113043478266,1.0368869565217391,True,True,9,35,20
OLAELEC,2025-08-29,SELL,2025-08-29 14:40:00+05:30,2025-08-29 14:45:00+05:30,53.89304,53.96,55.92391672625268,53.92,54.08,53.81,53.97,55.88994385991264,57.5,54.32,3.1799999999999997,1.9639167262526769,1.996903859912642,-0.016248735575964027,0.35999999999999943,0.09272997032641062,1.5899999999999999,0.18303999999999832,0.6069600000000008,0.11511949685534487,0.38173584905660435,False,False,14,45,330
OLAELEC,2025-09-01,BUY,2025-09-01 09:30:00+05:30,2025-09-01 09:35:00+05:30,56.88843,56.83,56.10585525596048,56.86,57.8,56.82,57.75,56.382968228924966,56.75,54.5,2.25,0.7241447440395206,0.5054617710750335,0.19680476841429506,0.0799999999999983,1.5652479774885597,1.125,6.9015699999999995,0.06842999999999932,6.134728888888889,0.060826666666666064,True,False,9,35,20
OLAELEC,2025-09-02,SELL,2025-09-02 10:00:00+05:30,2025-09-02 10:05:00+05:30,61.66915,61.66,63.88433021528137,61.7,63.19,61.7,63.15,63.806233833681596,65.45,62.9,2.5500000000000043,2.224330215281377,2.1370838336815936,-0.06317174607887442,1.240000000000002,2.350081037277141,1.2750000000000021,0.0,2.050849999999997,0.0,1.6085098039215635,False,True,10,5,50
OLAELEC,2025-09-03,SELL,2025-09-03 09:30:00+05:30,2025-09-03 09:35:00+05:30,61.12942,61.18,62.520582885564764,61.16,61.93,61.16,61.83,62.439977064320516,63.7,62.0,1.7000000000000028,1.3405828855647641,1.3105570643205127,-0.17015576032231236,0.8200000000000003,1.0954872465663845,0.8500000000000014,0.0,9.120579999999997,0.0,10.730094117647036,False,True,9,35,20
OLAELEC,2025-09-03,BUY,2025-09-03 10:20:00+05:30,2025-09-03 10:25:00+05:30,63.961965,64.0,62.754543622779316,63.93,64.4,63.93,64.26,62.87238740616591,63.7,62.0,1.7000000000000028,1.245456377220684,1.0895775938340861,0.0632642129107364,0.29999999999999716,0.5161895823557083,0.8500000000000014,6.288035000000001,1.3519649999999999,7.3976882352941065,1.5905470588235266,True,True,10,25,70
OLAELEC,2025-09-04,SELL,2025-09-04 09:30:00+05:30,2025-09-04 09:35:00+05:30,68.115925,68.13,69.26302523583679,68.15,68.45,67.8,68.01,69.1384597822426,71.25,68.34,2.9099999999999966,1.1330252358367972,1.0225347822426016,-0.04944345431164441,0.21000000000000796,-0.20542920029347211,1.4549999999999983,4.405925000000003,0.6840749999999929,3.028127147766329,0.4701546391752534,True,False,9,35,20
OLAELEC,2025-09-05,SELL,2025-09-05 09:30:00+05:30,2025-09-05 09:35:00+05:30,61.22937,61.25,62.40234377699235,61.26,61.67,60.71,61.32,62.23867740264966,64.72,61.52,3.1999999999999957,1.1523437769923532,1.0093074026496538,-0.24869080936032956,0.2700000000000031,0.09794319294809117,1.5999999999999979,1.9093700000000027,1.5506299999999982,1.1933562500000032,0.9691437500000002,False,False,9,35,20
OLAELEC,2025-09-08,BUY,2025-09-08 12:10:00+05:30,2025-09-08 12:15:00+05:30,63.6318,63.62,61.96627389080509,63.6,64.35,63.53,64.04,62.11812090142101,63.09,60.35,2.740000000000002,1.6537261091949063,1.51367909857899,0.02614102765189074,0.529999999999994,0.6918238993710801,1.370000000000001,0.718199999999996,3.7318,0.5242335766423324,2.723941605839414,False,True,12,15,180
OLAELEC,2025-09-08,SELL,2025-09-08 14:55:00+05:30,2025-09-08 15:00:00+05:30,60.12992,60.16,62.15376769594489,60.16,60.35,59.92,60.0,62.11589265036629,63.09,60.35,2.740000000000002,1.9937676959448964,1.9859726503662927,-0.028977621816064243,0.19000000000000483,-0.26595744680850686,1.370000000000001,0.2299199999999999,0.33008000000000237,0.167824817518248,0.24093430656934461,False,False,15,0,345
OLAELEC,2025-09-09,BUY,2025-09-09 09:50:00+05:30,2025-09-09 09:55:00+05:30,61.4307,61.3,59.554829064651265,61.4,61.49,61.0,61.0,59.673099633136395,61.0,58.1,2.8999999999999986,1.7451709353487317,1.7576003668636062,0.0705178936473993,0.29999999999999716,-0.6514657980456029,1.4499999999999993,0.5692999999999984,4.300699999999999,0.3926206896551715,2.9660000000000006,False,True,9,55,40
OLAELEC,2025-09-09,BUY,2025-09-09 10:35:00+05:30,2025-09-09 10:40:00+05:30,61.180575,61.18,59.818671919972836,61.15,61.2,61.0,61.02,59.85499211792358,61.0,58.1,2.8999999999999986,1.3613280800271639,1.325582882076418,0.021904047356088783,0.17999999999999972,-0.21259198691740977,1.4499999999999993,0.8194250000000025,2.280574999999999,0.5651206896551744,1.5728103448275863,False,True,10,40,85
OLAELEC,2025-09-11,SELL,2025-09-11 10:05:00+05:30,2025-09-11 10:10:00+05:30,57.87105,57.89,58.125775998021204,57.9,58.06,57.89,58.0,58.11849363339161,59.0,57.9,1.1000000000000014,0.23577599802120375,0.24744363339161168,-0.015681913492503224,0.00999999999999801,0.17271157167531026,0.5500000000000007,1.3110499999999945,0.37895000000000323,2.38372727272726,0.6890000000000049,True,False,10,10,55
OLAELEC,2025-09-12,SELL,2025-09-12 09:45:00+05:30,2025-09-12 09:50:00+05:30,56.961505,56.99,57.472012522498915,56.99,56.99,56.61,56.61,57.38061942105685,58.44,57.05,1.3900000000000006,0.4820125224989127,0.4191144210568467,-0.03365121838564523,0.05999999999999517,-0.6667836462537324,0.6950000000000003,0.8015050000000059,2.378495000000001,1.1532446043165547,3.4222949640287768,False,True,9,50,35
OLAELEC,2025-09-15,SELL,2025-09-15 10:30:00+05:30,2025-09-15 10:35:00+05:30,57.571200000000005,57.6,58.08705940983481,57.6,57.7,57.51,57.68,58.07438902824667,59.2,57.61,1.5900000000000034,0.48705940983480644,0.5031890282466662,-0.015948010330585287,0.00999999999999801,0.1388888888888884,0.7950000000000017,0.06120000000000658,3.4487999999999985,0.07698113207547981,4.338113207547159,False,True,10,35,80
OLAELEC,2025-09-17,SELL,2025-09-17 14:30:00+05:30,2025-09-17 14:35:00+05:30,58.120925,58.18,58.688076462896525,58.15,58.3,58.11,58.29,58.68387134031392,59.94,58.2,1.7399999999999949,0.5080764628965255,0.5629463403139212,-0.004181775150682011,0.020000000000003126,0.24075666380052319,0.8699999999999974,0.010925000000000296,0.9690750000000037,0.012557471264368193,1.113879310344835,False,True,14,35,320
OLAELEC,2025-09-18,SELL,2025-09-18 09:55:00+05:30,2025-09-18 10:00:00+05:30,57.961005,57.9,58.125619334418275,57.99,57.99,57.8,57.81,58.10990706007925,58.81,57.95,0.8599999999999994,0.2256193344182762,0.14890206007925144,-0.011064667370689975,0.05000000000000426,-0.3103983445421621,0.4299999999999997,0.9610050000000001,0.03899499999999989,2.234895348837211,0.09068604651162772,True,False,10,0,45
OLAELEC,2025-09-19,BUY,2025-09-19 10:55:00+05:30,2025-09-19 11:00:00+05:30,57.878925,57.9,56.98138448658598,57.85,58.6,57.85,58.4,57.158301406389086,57.54,56.5,1.0399999999999991,0.9186155134140179,0.7206235936109167,0.014602277702489579,0.35999999999999943,0.9507346585998278,0.5199999999999996,0.8210750000000004,0.4789250000000038,1.5789903846153868,0.9210096153846234,False,False,11,0,105
OLAELEC,2025-09-22,SELL,2025-09-22 11:35:00+05:30,2025-09-22 11:40:00+05:30,56.87155,56.9,57.30254963613953,56.9,57.08,56.8,57.0,57.29575174028051,57.84,57.0,0.8400000000000034,0.40254963613953265,0.42420174028050894,-0.010162333853849454,0.10000000000000142,0.17574692442883233,0.4200000000000017,0.17154999999999632,1.41845,0.4084523809523705,3.377261904761891,False,True,11,40,145
OLAELEC,2025-09-22,BUY,2025-09-22 15:05:00+05:30,2025-09-22 15:10:00+05:30,57.978975000000005,57.95,57.270833415250046,57.95,58.2,57.95,58.1,57.32583785835331,57.84,57.0,0.8400000000000034,0.6791665847499573,0.6531371416466953,0.014484888175845177,0.10999999999999943,0.2588438308886998,0.4200000000000017,0.31102499999999367,0.3089750000000038,0.7405357142856962,0.7356547619047679,False,False,15,10,355
OLAELEC,2025-09-23,BUY,2025-09-23 12:30:00+05:30,2025-09-23 12:35:00+05:30,58.72935,58.75,58.117451261778946,58.7,59.2,58.7,59.0,58.267689925532544,58.5,57.6,0.8999999999999986,0.632548738221054,0.46166007446745283,0.00829738345959967,0.25,0.5110732538330387,0.4499999999999993,0.47065000000000623,0.6993499999999955,1.0458888888889044,1.5541111111111034,False,True,12,35,200
OLAELEC,2025-09-24,SELL,2025-09-24 09:35:00+05:30,2025-09-24 09:40:00+05:30,57.761105,57.79,58.07313938289601,57.79,57.79,57.61,57.65,58.04100318949667,58.6,57.8,0.8000000000000043,0.28313938289601026,0.2798981894966701,-0.06192948844779624,0.00999999999999801,-0.242256445751865,0.40000000000000213,1.2311049999999994,0.3288950000000028,3.077762499999982,0.8222375000000027,True,False,9,40,25
OLAELEC,2025-09-25,SELL,2025-09-25 09:30:00+05:30,2025-09-25 09:35:00+05:30,56.421775,56.45,56.78985492064673,56.45,56.55,56.23,56.44,56.69812658394175,57.24,56.51,0.730000000000004,0.3398549206467294,0.27635158394175363,-0.04585573300879787,0.05999999999999517,-0.017714791851208833,0.365000000000002,1.8717749999999995,0.1382250000000056,5.1281506849314775,0.37869863013699956,True,False,9,35,20
OLAELEC,2025-09-25,SELL,2025-09-25 15:15:00+05:30,2025-09-25 15:20:00+05:30,55.67215,55.7,55.703544168390664,55.7,56.0,55.7,55.71,55.706111952177935,57.24,56.51,0.730000000000004,0.0035441683906611843,0.03396195217793263,0.011189932154519465,0.8099999999999952,0.017953321364450048,0.365000000000002,0.3121500000000026,0.327849999999998,0.8552054794520573,0.8982191780821813,False,False,15,20,365
OLAELEC,2025-09-26,SELL,2025-09-26 13:20:00+05:30,2025-09-26 13:25:00+05:30,54.43277,54.49,54.83307704465015,54.46,54.5,54.4,54.45,54.827169277963485,55.4,54.53,0.8699999999999974,0.3430770446501512,0.39439927796348684,-0.0019878603966405474,0.03999999999999915,-0.01836210062430288,0.4349999999999987,0.8727699999999956,0.5772300000000001,2.00636781609195,1.3269655172413835,True,True,13,25,250
OLAELEC,2025-09-30,BUY,2025-09-30 09:30:00+05:30,2025-09-30 09:35:00+05:30,55.60779,55.5,54.89991823353717,55.58,55.8,55.35,55.79,55.08873570552996,55.4,53.56,1.8399999999999963,0.6000817664628286,0.5190542944700383,0.253201313226889,0.10000000000000142,0.37783375314861534,0.9199999999999982,1.3422100000000015,0.3577900000000014,1.4589239130434828,0.38890217391304577,False,False,9,35,20
OLAELEC,2025-10-01,SELL,2025-10-01 09:45:00+05:30,2025-10-01 09:50:00+05:30,56.581695,56.65,57.67544464641286,56.61,56.98,56.6,56.88,57.64954975464876,58.65,57.1,1.5499999999999972,1.0254446464128648,1.0678547546487565,-0.03268548513741301,0.45000000000000284,0.4769475357710773,0.7749999999999986,1.2616950000000031,0.8983049999999935,1.6279935483871038,1.1591032258064453,False,True,9,50,35
OLAELEC,2025-10-03,SELL,2025-10-03 11:55:00+05:30,2025-10-03 12:00:00+05:30,54.03297,54.06,54.50154689497095,54.06,54.14,53.8,53.88,54.43833678111022,55.55,54.11,1.4399999999999977,0.4415468949709478,0.4053667811102244,-0.01011258891476829,0.04999999999999716,-0.33296337402886067,0.7199999999999989,0.5329699999999988,0.19702999999999804,0.7402361111111107,0.27365277777777547,False,False,12,0,165
OLAELEC,2025-10-06,SELL,2025-10-06 09:30:00+05:30,2025-10-06 09:35:00+05:30,52.29384,52.39,52.90561304901321,52.32,52.44,52.0,52.05,52.70526329320345,54.16,52.5,1.6599999999999966,0.5156130490132114,0.4114232932034483,-0.18879938560964724,0.10999999999999943,-0.5160550458715663,0.8299999999999983,0.3938400000000044,1.206159999999997,0.4745060240963918,1.4532048192771079,False,True,9,35,20
OLAELEC,2025-10-07,BUY,2025-10-07 09:30:00+05:30,2025-10-07 09:35:00+05:30,53.96697,53.92,53.21842603648083,53.94,54.29,53.76,53.8,53.46093170368886,53.69,52.51,1.1799999999999997,0.7015739635191736,0.5060382963111465,0.17797717908903535,0.23000000000000398,-0.25954764553207665,0.5899999999999999,0.3230299999999957,1.4869700000000066,0.5475084745762641,2.520288135593232,False,True,9,35,20
OLAELEC,2025-10-08,SELL,2025-10-08 10:00:00+05:30,2025-10-08 10:05:00+05:30,51.974,52.05,52.376154776602036,52.0,52.25,51.95,52.0,52.3324687985829,52.95,52.11,0.8400000000000034,0.3261547766020385,0.3584687985829049,-0.017921738869670394,0.060000000000002274,0.0,0.4200000000000017,0.9739999999999966,0.27600000000000335,2.3190476190476015,0.6571428571428625,True,False,10,5,50
OLAELEC,2025-10-09,SELL,2025-10-09 09:30:00+05:30,2025-10-09 09:35:00+05:30,50.9745,50.99,51.25542582756555,51.0,51.03,50.8,50.85,51.19383327493382,51.65,51.0,0.6499999999999986,0.2654258275655508,0.21933327493382393,-0.04969838923280712,0.00999999999999801,-0.2941176470588225,0.3249999999999993,1.5645000000000024,0.0555000000000021,4.813846153846172,0.1707692307692376,True,False,9,35,20
OLAELEC,2025-10-09,SELL,2025-10-09 13:00:00+05:30,2025-10-09 13:05:00+05:30,50.044965,50.07,50.199929742076876,50.07,50.49,50.06,50.4,50.20040643337931,51.65,51.0,0.6499999999999986,0.12992974207687524,0.15544143337930905,0.0017642544529078968,0.9299999999999997,0.6590772917914878,0.3249999999999993,0.0449649999999977,0.8350350000000049,0.1383538461538394,2.569338461538482,False,True,13,5,230
OLAELEC,2025-10-10,SELL,2025-10-10 13:50:00+05:30,2025-10-10 13:55:00+05:30,49.745115000000006,49.78,50.20290100390458,49.77,49.79,49.02,49.63,50.14285199794833,50.9,49.8,1.1000000000000014,0.4229010039045775,0.3977369979483214,-0.0021816068646607865,0.01999999999999602,-0.2812939521800284,0.5500000000000007,0.7251150000000024,0.1948849999999922,1.3183909090909118,0.354336363636349,False,False,13,55,280
OLAELEC,2025-10-13,BUY,2025-10-13 09:45:00+05:30,2025-10-13 09:50:00+05:30,49.674825,49.7,49.102878259836785,49.65,49.98,49.65,49.78,49.14824385698422,49.45,48.51,0.9400000000000048,0.5971217401632174,0.5265811430157754,0.046705941815020684,0.25,0.2618328298086725,0.4700000000000024,1.3251750000000015,1.1748249999999985,2.8195212765957334,2.4996276595744518,True,True,9,50,35
OLAELEC,2025-10-13,BUY,2025-10-13 14:50:00+05:30,2025-10-13 14:55:00+05:30,49.72485,49.61,49.12645966365741,49.7,50.0,49.2,49.95,49.16328334983243,49.45,48.51,0.9400000000000048,0.4835403363425925,0.5615666501675705,0.0004694358281228928,0.1599999999999966,0.5030181086519203,0.4700000000000024,1.2751499999999965,0.5248500000000007,2.713085106382957,1.1167021276595703,True,True,14,55,340
OLAELEC,2025-10-14,SELL,2025-10-14 09:35:00+05:30,2025-10-14 09:40:00+05:30,49.445265,49.46,49.82225765729993,49.47,49.5,49.36,49.49,49.77748048159503,50.6,49.51,1.0900000000000034,0.36225765729992787,0.33221548159502845,-0.060262952184512504,0.04999999999999716,0.04042854255104089,0.5450000000000017,0.8452649999999977,1.0347349999999977,1.5509449541284313,1.8985963302752193,False,True,9,40,25
OLAELEC,2025-10-15,BUY,2025-10-15 10:05:00+05:30,2025-10-15 10:10:00+05:30,51.815895,51.8,51.27314436005927,51.79,52.48,51.72,52.45,51.460646590335706,51.74,50.6,1.1400000000000006,0.5268556399407274,0.3552484096642914,0.022850343948265937,0.05999999999999517,1.2743772929136865,0.5700000000000003,0.9341050000000024,0.09589499999999873,1.6387807017543894,0.16823684210526085,False,False,10,10,55
OLAELEC,2025-10-16,BUY,2025-10-16 10:25:00+05:30,2025-10-16 10:30:00+05:30,54.98748,54.95,54.058709962809594,54.96,55.3,54.8,55.25,54.205004774141656,54.4,53.0,1.3999999999999986,0.8912900371904087,0.7824752258583416,0.03944605292149915,0.5500000000000043,0.527656477438132,0.6999999999999993,0.39252000000000464,0.18748000000000076,0.5607428571428643,0.2678285714285728,False,False,10,30,75
OLAELEC,2025-10-20,SELL,2025-10-20 10:00:00+05:30,2025-10-20 10:05:00+05:30,54.802585,54.83,55.62925601611103,54.83,55.1,54.75,54.75,55.598192084479784,57.8,55.0,2.799999999999997,0.7992560161110305,0.7956070844797836,-0.04411570418897195,0.1700000000000017,-0.14590552617179675,1.3999999999999986,0.5825850000000017,0.43741500000000144,0.4161321428571445,0.3124392857142871,False,False,10,5,50
OLAELEC,2025-10-23,SELL,2025-10-23 09:30:00+05:30,2025-10-23 09:35:00+05:30,52.223875,52.24,52.6840856156411,52.25,52.48,52.21,52.3,52.644883514427214,53.2,52.58,0.6200000000000045,0.44408561564110016,0.4210085144272142,-0.06924319787588447,0.3399999999999963,0.0956937799043045,0.3100000000000023,0.01387499999999875,2.146124999999998,0.04475806451612467,6.922983870967684,False,True,9,35,20
OLAELEC,2025-10-23,BUY,2025-10-23 11:40:00+05:30,2025-10-23 11:45:00+05:30,53.32665,53.29,53.062414255291166,53.3,53.3,53.11,53.19,53.0643867636264,53.2,52.58,0.6200000000000045,0.22758574470883275,0.26226323637359883,-0.001285242472233737,0.0899999999999963,-0.20637898686679534,0.3100000000000023,0.6733499999999992,0.6266499999999979,2.17209677419353,2.0214516129032045,True,True,11,45,150
OLAELEC,2025-10-24,SELL,2025-10-24 10:10:00+05:30,2025-10-24 10:15:00+05:30,53.343315,53.05,53.45422686911948,53.37,53.38,53.05,53.11,53.44815488414994,53.96,53.1,0.8599999999999994,0.40422686911948347,0.10483988414994627,-0.030510376401563413,0.05000000000000426,-0.48716507401160847,0.4299999999999997,0.8433149999999969,0.03668500000000563,1.9611976744185988,0.08531395348838525,False,False,10,15,60
OLAELEC,2025-10-27,SELL,2025-10-27 09:45:00+05:30,2025-10-27 09:50:00+05:30,50.924525,50.95,51.57673094428349,50.95,51.0,50.61,50.75,51.41394480399666,52.82,51.25,1.5700000000000003,0.6267309442834872,0.48941980399665397,-0.05367894442208746,0.29999999999999716,-0.39254170755643747,0.7850000000000001,0.37452500000000555,1.0654749999999993,0.47710191082803244,1.357292993630572,False,True,9,50,35
OLAELEC,2025-10-28,BUY,2025-10-28 11:25:00+05:30,2025-10-28 11:30:00+05:30,52.176075,52.15,51.711087533237475,52.15,52.38,52.1,52.35,51.75736984812072,51.97,51.2,0.769999999999996,0.43891246676252393,0.4187051518792799,0.009779534619032904,0.17999999999999972,0.3835091083413289,0.384999999999998,0.8239250000000027,0.6760749999999973,2.140064935064953,1.756038961038963,True,True,11,30,135
OLAELEC,2025-10-29,BUY,2025-10-29 11:25:00+05:30,2025-10-29 11:30:00+05:30,52.076025,52.09,51.50784616776439,52.05,52.25,52.0,52.23,51.547017341293284,51.98,51.2,0.779999999999994,0.5821538322356119,0.5290076587067176,0.011048394925759552,0.11000000000000654,0.34582132564842105,0.389999999999997,0.4439750000000018,0.5560249999999982,1.1383974358974491,1.4257051282051345,False,True,11,30,135
OLAELEC,2025-10-30,BUY,2025-10-30 09:30:00+05:30,2025-10-30 09:35:00+05:30,51.515745,51.49,51.27324581187194,51.49,51.49,51.4,51.43,51.28643204388608,51.44,51.0,0.4399999999999977,0.21675418812806413,0.22931295611392244,0.007265531082101035,0.05000000000000426,-0.11652748106428801,0.21999999999999886,0.0,0.615745000000004,0.0,2.798840909090942,False,True,9,35,20
OLAELEC,2025-10-30,SELL,2025-10-30 15:05:00+05:30,2025-10-30 15:10:00+05:30,50.904535,50.95,51.19361965751679,50.93,51.03,50.9,50.99,51.18416213828641,51.44,51.0,0.4399999999999977,0.24361965751678838,0.27962713828640773,-0.0063184657423898385,0.04999999999999716,0.11780875711762118,0.21999999999999886,0.004535000000004175,0.12546499999999838,0.020613636363655447,0.5702954545454502,False,False,15,10,355
OLAELEC,2025-10-31,SELL,2025-10-31 11:00:00+05:30,2025-10-31 11:05:00+05:30,50.95451,50.98,51.07123541197461,50.98,50.99,50.5,50.69,51.03995561765734,51.23,50.99,0.23999999999999488,0.09123541197461549,0.08544561765734215,-0.0016531896383426344,0.010000000000005116,-0.5688505296194579,0.11999999999999744,0.9545099999999991,0.03549000000000291,7.954250000000162,0.29575000000003054,True,False,11,5,110
OLAELEC,2025-10-31,SELL,2025-10-31 13:30:00+05:30,2025-10-31 13:35:00+05:30,50.624675,50.65,50.886668007988284,50.65,50.89,50.5,50.87,50.883822661853586,51.23,50.99,0.23999999999999488,0.23666800798828547,0.2591476618535822,-0.00014327585224658133,0.3400000000000034,0.4343534057255738,0.11999999999999744,0.6246750000000034,0.27532499999999516,5.20562500000014,2.2943750000000085,True,True,13,35,260
OLAELEC,2025-11-03,BUY,2025-11-03 10:05:00+05:30,2025-11-03 10:10:00+05:30,50.025,50.0,49.48739750205669,50.0,50.0,49.75,49.9,49.501931689903515,49.95,48.65,1.3000000000000043,0.5126024979433126,0.5230683100964839,0.015113415007710133,0.04999999999999716,-0.20000000000000018,0.6500000000000021,1.8250000000000028,1.0649999999999977,2.807692307692303,1.6384615384615295,True,True,10,10,55
OLAELEC,2025-11-04,SELL,2025-11-04 10:40:00+05:30,2025-11-04 10:45:00+05:30,50.47475,50.5,50.82804992761442,50.5,50.74,50.5,50.73,50.82346774965852,51.27,50.55,0.720000000000006,0.32804992761442264,0.348717749658519,-0.004496727420439589,0.04999999999999716,0.45544554455445585,0.360000000000003,0.6047500000000028,0.26525000000000176,1.679861111111105,0.7368055555555544,False,False,10,45,90
OLAELEC,2025-11-06,SELL,2025-11-06 11:10:00+05:30,2025-11-06 11:15:00+05:30,49.025475,49.04,49.41128100917986,49.05,49.1,49.01,49.06,49.40590650779534,50.55,49.06,1.4899999999999949,0.3712810091798602,0.3804315077953433,-0.0033936201505406936,0.020000000000003126,0.02038735983691531,0.7449999999999974,1.475475000000003,0.1745250000000027,1.9805033557047087,0.2342617449664474,False,False,11,15,120
OLAELEC,2025-11-10,SELL,2025-11-10 11:30:00+05:30,2025-11-10 11:35:00+05:30,45.3773,45.4,45.69595742989894,45.4,45.79,45.3,45.63,45.69292135161937,46.45,45.42,1.0300000000000011,0.2959574298989409,0.3156213516193702,-0.0015562381160491726,0.020000000000003126,0.5066079295154235,0.5150000000000006,1.1572999999999993,0.41270000000000095,2.2471844660194136,0.8013592233009719,True,False,11,35,140
OLAELEC,2025-11-11,SELL,2025-11-11 12:35:00+05:30,2025-11-11 12:40:00+05:30,42.068955,42.09,42.850748710936585,42.09,42.79,42.09,42.6,42.83821663967277,43.99,42.29,1.7000000000000028,0.760748710936582,0.7692616396727701,-0.005263491123832303,0.19999999999999574,1.2116892373485344,0.8500000000000014,0.0,0.9310449999999975,0.0,1.0953470588235246,False,True,12,40,205
OLAELEC,2025-11-12,SELL,2025-11-12 11:10:00+05:30,2025-11-12 11:15:00+05:30,42.968505,42.97,43.707627442462915,42.99,43.0,42.98,42.99,43.66232572528678,44.4,43.02,1.3799999999999955,0.7376274424629159,0.693820725286777,-0.01654602269885311,0.05000000000000426,0.0,0.6899999999999977,1.1685050000000032,0.7814949999999996,1.693485507246387,1.1326014492753655,False,True,11,15,120
OLAELEC,2025-11-13,SELL,2025-11-13 09:30:00+05:30,2025-11-13 09:35:00+05:30,41.929025,41.95,42.16315929385806,41.95,42.5,41.9,42.49,42.181806780227156,42.99,42.05,0.9400000000000048,0.21315929385805532,0.2527817802271528,-0.11543433254357907,0.09999999999999432,1.2872467222884376,0.4700000000000024,0.029025000000004297,0.8609749999999963,0.061755319148945,1.8318617021276422,False,True,9,35,20
OLAELEC,2025-11-17,SELL,2025-11-17 14:25:00+05:30,2025-11-17 14:30:00+05:30,41.75911,41.8,42.4614176648441,41.78,42.2,41.77,42.12,42.45378500778336,42.88,41.81,1.0700000000000003,0.6614176648441017,0.6946750077833599,-0.007553834385737053,0.010000000000005116,0.8137865007180389,0.5350000000000001,0.0,0.6408899999999988,0.0,1.1979252336448574,False,True,14,30,315
OLAELEC,2025-11-20,SELL,2025-11-20 09:40:00+05:30,2025-11-20 09:45:00+05:30,41.709135,41.74,41.88621791551451,41.73,41.73,41.2,41.39,41.755954202971964,42.0,41.8,0.20000000000000284,0.14621791551450514,0.046819202971960294,-0.006863629066388011,0.05999999999999517,-0.8147615624251037,0.10000000000000142,0.7091350000000034,0.640864999999998,7.091349999999934,6.408649999999889,True,True,9,45,30
OLAELEC,2025-11-20,BUY,2025-11-20 10:55:00+05:30,2025-11-20 11:00:00+05:30,42.271125,42.3,41.716672379274925,42.25,42.35,42.22,42.23,41.74381235441249,42.0,41.8,0.20000000000000284,0.5833276207250719,0.5273126455875072,0.01127538826511533,0.29999999999999716,-0.04733727810651844,0.10000000000000142,0.07887500000000358,0.4711250000000007,0.7887500000000246,4.71124999999994,False,True,11,0,105
OLAELEC,2025-11-24,SELL,2025-11-24 11:45:00+05:30,2025-11-24 11:50:00+05:30,41.3793,41.39,41.780957143092586,41.4,41.44,41.25,41.25,41.76280165400134,42.55,41.4,1.1499999999999986,0.3909571430925851,0.38350165400134273,-0.010037200811736618,0.00999999999999801,-0.36231884057971175,0.5749999999999993,0.8793000000000006,0.12069999999999936,1.5292173913043507,0.20991304347826,False,False,11,50,155
OLAELEC,2025-11-26,BUY,2025-11-26 10:20:00+05:30,2025-11-26 10:25:00+05:30,41.150565,41.13,40.916006632243146,41.13,41.6,41.13,41.4,40.98712767220285,41.0,40.71,0.28999999999999915,0.2139933677568564,0.1634373277971477,0.002482526175145727,0.13000000000000256,0.6564551422319376,0.14499999999999957,0.5994349999999997,1.1505650000000003,4.134034482758631,7.9349310344827835,True,True,10,25,70
OLAELEC,2025-11-26,SELL,2025-11-26 14:05:00+05:30,2025-11-26 14:10:00+05:30,40.649665,40.69,41.10652277201154,40.67,40.9,40.6,40.8,41.103199480676224,41.0,40.71,0.28999999999999915,0.41652277201153964,0.45353448067622537,-0.008964705829181222,0.020000000000003126,0.31964593066140523,0.14499999999999957,0.6496649999999988,0.33033499999999805,4.480448275862074,2.2781724137930968,True,True,14,10,295
OLAELEC,2025-11-27,BUY,2025-11-27 10:05:00+05:30,2025-11-27 10:10:00+05:30,41.290635,41.28,40.811072742730396,41.27,41.69,41.2,41.65,40.92120475495541,40.99,40.5,0.490000000000002,0.4689272572696055,0.3694302450445903,-0.006277362428524017,0.28999999999999915,0.9207656893627236,0.245000000000001,0.4893649999999994,0.5606350000000049,1.9974081632652956,2.28830612244899,False,True,10,10,55
OLAELEC,2025-11-28,SELL,2025-11-28 09:30:00+05:30,2025-11-28 09:35:00+05:30,41.25936,41.04,41.50897738349587,41.28,41.28,41.04,41.2,41.49456615870905,41.95,41.15,0.8000000000000043,0.4689773834958686,0.23520615870904749,-0.03512295183456145,0.10999999999999943,-0.19379844961240345,0.40000000000000213,0.3893600000000035,0.5906400000000005,0.9734000000000035,1.4765999999999935,False,True,9,35,20
OLAELEC,2025-12-01,SELL,2025-12-01 09:35:00+05:30,2025-12-01 09:40:00+05:30,40.59969,40.55,40.87476616840832,40.62,40.79,40.5,40.69,40.84480381235221,41.21,40.7,0.509999999999998,0.32476616840832406,0.24511381235220853,-0.022826046036657898,0.15000000000000568,0.17232890201870354,0.254999999999999,0.0996900000000025,1.3503100000000003,0.39094117647059956,5.295333333333355,False,True,9,40,25
OLAELEC,2025-12-01,BUY,2025-12-01 14:00:00+05:30,2025-12-01 14:05:00+05:30,41.4207,41.4,40.91918922851021,41.4,41.95,41.38,41.9,41.070072274640346,41.21,40.7,0.509999999999998,0.4808107714897858,0.3506277253596508,0.003601839206299057,0.18999999999999773,1.2077294685990392,0.254999999999999,0.5293000000000063,0.9006999999999934,2.075686274509837,3.532156862745086,True,True,14,5,290
OLAELEC,2025-12-01,SELL,2025-12-01 14:50:00+05:30,2025-12-01 14:55:00+05:30,40.5797,40.58,41.10555030398843,40.6,40.86,40.55,40.85,41.09437857296254,41.21,40.7,0.509999999999998,0.5255503039884317,0.5146785729625378,-0.00793251879090199,0.12000000000000455,0.6157635467980205,0.254999999999999,0.05969999999999942,0.2902999999999949,0.23411764705882218,1.138431372549004,False,True,14,55,340
OLAELEC,2025-12-02,SELL,2025-12-02 09:30:00+05:30,2025-12-02 09:35:00+05:30,40.47975,40.5,41.00930455131344,40.5,40.51,40.12,40.35,40.793209520852955,41.8,40.7,1.0999999999999943,0.5093045513134413,0.3134595208529518,-0.06440284594916207,0.20000000000000284,-0.37037037037036535,0.5499999999999972,0.5397500000000051,1.0602499999999964,0.9813636363636506,1.927727272727276,False,True,9,35,20
OLAELEC,2025-12-03,SELL,2025-12-03 09:30:00+05:30,2025-12-03 09:35:00+05:30,39.66016,39.62,40.06146638466925,39.68,39.73,39.57,39.66,39.995893952496495,40.4,39.8,0.6000000000000014,0.4414663846692548,0.33573395249649707,0.004931436391211406,0.17999999999999972,-0.05040322580646128,0.3000000000000007,1.6301599999999965,0.09984000000000037,5.433866666666642,0.33280000000000043,True,False,9,35,20
OLAELEC,2025-12-04,SELL,2025-12-04 11:35:00+05:30,2025-12-04 11:40:00+05:30,36.271855,36.28,37.06445714116227,36.29,36.35,36.26,36.27,37.039086126913965,38.32,36.36,1.9600000000000009,0.7844571411622709,0.7672311269139627,-0.02450731658036716,0.0799999999999983,-0.05511160099199719,0.9800000000000004,0.15185500000000474,0.22814499999999782,0.15495408163265784,0.23280102040816095,False,False,11,40,145
OLAELEC,2025-12-08,SELL,2025-12-08 09:35:00+05:30,2025-12-08 09:40:00+05:30,34.88255,34.88,35.55657293427383,34.9,34.91,34.72,34.75,35.50641327948239,36.44,35.11,1.3299999999999983,0.6765729342738283,0.6238632794823857,-0.06356989769527197,0.22999999999999687,-0.42979942693409656,0.6649999999999991,1.2825500000000005,0.3374499999999969,1.9286466165413567,0.5074436090225524,False,False,9,40,25
OLAELEC,2025-12-09,SELL,2025-12-09 09:55:00+05:30,2025-12-09 10:00:00+05:30,33.22338,33.23,33.66054558526083,33.24,33.49,33.24,33.44,33.64143231149314,34.34,33.43,0.9100000000000037,0.4305455852608304,0.4180523114931418,-0.014574691095980332,0.20000000000000284,0.6016847172081619,0.45500000000000185,0.0,2.026620000000001,0.0,4.454109890109875,False,True,10,0,45
OLAELEC,2025-12-09,BUY,2025-12-09 11:50:00+05:30,2025-12-09 11:55:00+05:30,34.487235,34.46,33.931459592432496,34.47,34.61,34.4,34.49,33.94248600070753,34.34,33.43,0.9100000000000037,0.5285404075675046,0.5447489992924659,0.009311652330192368,0.11999999999999744,0.05802146794315899,0.45500000000000185,0.7627650000000017,0.6472349999999949,1.6764065934065904,1.4224945054944884,False,True,11,55,160
OLAELEC,2025-12-10,SELL,2025-12-10 12:40:00+05:30,2025-12-10 12:45:00+05:30,34.28285,34.3,34.742876965947694,34.3,34.3,34.24,34.3,34.73740521712933,35.1,34.4,0.7000000000000028,0.442876965947697,0.45455521712932523,-0.006240719127014006,0.10000000000000142,0.0,0.3500000000000014,0.26285000000000025,0.22714999999999463,0.7509999999999977,0.648999999999982,False,False,12,45,210
OLAELEC,2025-12-11,BUY,2025-12-11 09:50:00+05:30,2025-12-11 09:55:00+05:30,34.307145,34.27,34.06864538477489,34.29,34.29,34.08,34.13,34.07558988401755,34.25,33.82,0.4299999999999997,0.20135461522511378,0.23155511598244516,0.011729895954882271,0.020000000000003126,-0.4666083406240751,0.21499999999999986,3.3928550000000044,0.22714500000000015,15.780720930232588,1.0564883720930247,True,True,9,55,40
OLAELEC,2025-12-15,SELL,2025-12-15 09:45:00+05:30,2025-12-15 09:50:00+05:30,36.20189,36.21,36.486234730817294,36.22,36.35,36.2,36.34,36.47699644199966,36.88,36.23,0.6500000000000057,0.27623473081729344,0.27510644199966094,-0.0293647873516956,0.01999999999999602,0.3313086692435352,0.32500000000000284,0.10188999999999737,1.6981099999999998,0.3135076923076815,5.2249538461538,False,True,9,50,35
OLAELEC,2025-12-16,SELL,2025-12-16 09:30:00+05:30,2025-12-16 09:35:00+05:30,36.411785,36.4,36.72274309084604,36.43,36.45,36.17,36.2,36.608333526213976,37.1,36.61,0.490000000000002,0.32274309084603914,0.19654852621397367,-0.0589900937796437,0.21000000000000085,-0.6313477902827214,0.245000000000001,2.2517850000000053,0.038215000000001,9.190959183673453,0.15597959183673812,True,False,9,35,20
OLAELEC,2025-12-17,SELL,2025-12-17 09:40:00+05:30,2025-12-17 09:45:00+05:30,33.933025,33.94,34.894106678071864,33.95,34.33,33.89,34.27,34.85721148011186,36.17,34.3,1.8700000000000045,0.9541066780718666,0.9241864801118567,-0.01760680777136493,0.35999999999999943,0.9425625920471248,0.9350000000000023,1.263024999999999,0.41697500000000076,1.3508288770053432,0.44596256684491953,False,False,9,45,30
OLAELEC,2025-12-18,SELL,2025-12-18 09:30:00+05:30,2025-12-18 09:35:00+05:30,31.654165000000003,31.68,32.269951508803686,31.67,31.8,31.6,31.75,32.22322860955716,33.44,31.82,1.6199999999999974,0.5899515088036864,0.5690636095571584,-0.15017358911555834,0.14000000000000057,0.2526049889485238,0.8099999999999987,0.894165000000001,1.3958349999999946,1.1039074074074104,1.723253086419749,False,True,9,35,20
OLAELEC,2025-12-19,BUY,2025-12-19 09:30:00+05:30,2025-12-19 09:35:00+05:30,33.766875,33.75,33.235181633705906,33.75,34.12,33.61,33.87,33.3211520782949,33.68,32.01,1.6700000000000017,0.5148183662940937,0.445722921705098,0.14815216181551955,0.07000000000000028,0.3555555555555534,0.8350000000000009,0.6131250000000037,0.3668750000000003,0.7342814371257522,0.4393712574850298,False,False,9,35,20
OLAELEC,2025-12-22,BUY,2025-12-22 09:30:00+05:30,2025-12-22 09:35:00+05:30,34.827405,34.8,34.17925109074684,34.81,34.85,34.47,34.6,34.245558193610705,34.72,33.3,1.4200000000000017,0.6207489092531588,0.5818468063892936,0.08992705527068025,0.0799999999999983,-0.603274920999719,0.7100000000000009,0.2725950000000026,0.9874049999999954,0.38393661971831305,1.3907112676056257,False,True,9,35,20
OLAELEC,2025-12-23,BUY,2025-12-23 10:00:00+05:30,2025-12-23 10:05:00+05:30,34.737359999999995,34.7,34.4720045276207,34.72,34.84,34.7,34.78,34.50050864455137,34.69,34.17,0.519999999999996,0.2279954723793054,0.23685135544862845,0.008608905051220894,0.010000000000005116,0.1728110599078514,0.259999999999998,1.362640000000006,0.17735999999999308,5.24092307692314,0.6821538461538248,True,False,10,5,50
OLAELEC,2025-12-23,BUY,2025-12-23 10:40:00+05:30,2025-12-23 10:45:00+05:30,35.33766,35.34,35.2503562079573,35.32,35.42,35.3,35.39,35.25261114383298,34.69,34.17,0.519999999999996,0.08964379204270045,0.0850488561670204,0.01251728563375184,0.6500000000000057,0.19818799547000054,0.259999999999998,0.08234000000000208,0.7776599999999974,0.3166923076923181,2.9910000000000125,False,True,10,45,90
OLAELEC,2025-12-24,SELL,2025-12-24 10:05:00+05:30,2025-12-24 10:10:00+05:30,34.84257,34.85,35.088791875325406,34.86,34.93,34.85,34.9,35.085522582349306,35.38,34.86,0.5200000000000031,0.23879187532540413,0.24295258234930373,-0.006396584756277053,0.00999999999999801,0.11474469305794432,0.26000000000000156,0.012570000000003745,1.0574299999999965,0.04834615384616796,4.067038461538424,False,True,10,10,55
OLAELEC,2025-12-24,BUY,2025-12-24 11:20:00+05:30,2025-12-24 11:25:00+05:30,35.647815,35.62,35.160568334203965,35.63,35.78,35.58,35.59,35.18818199063998,35.38,34.86,0.5200000000000031,0.459431665796032,0.4596330093600187,0.016421364009937947,0.23999999999999488,-0.11226494527083464,0.26000000000000156,0.13218499999999977,0.5778150000000011,0.5084038461538423,2.2223653846153755,False,True,11,25,130
OLAELEC,2025-12-26,SELL,2025-12-26 11:15:00+05:30,2025-12-26 11:20:00+05:30,36.20189,36.24,36.61863540967497,36.22,36.31,36.21,36.24,36.61458708998303,37.25,36.26,0.990000000000002,0.37863540967497045,0.412697089983034,-0.004176383022859986,0.01999999999999602,0.0552181115405892,0.495000000000001,0.34188999999999936,0.2881100000000032,0.690686868686866,0.5820404040404094,False,False,11,20,125
OLAELEC,2025-12-29,SELL,2025-12-29 10:10:00+05:30,2025-12-29 10:15:00+05:30,35.712135,35.73,35.96123881301297,35.73,35.73,35.67,35.67,35.954557575867334,36.43,35.75,0.6799999999999997,0.2312388130129719,0.24242257586733018,-0.007657098500901865,0.020000000000003126,-0.16792611251048584,0.33999999999999986,0.8621350000000021,0.07786499999999563,2.5356911764705954,0.22901470588234019,True,False,10,15,60
OLAELEC,2025-12-30,BUY,2025-12-30 09:45:00+05:30,2025-12-30 09:50:00+05:30,35.827905,35.8,35.57818503287799,35.81,36.09,35.72,36.04,35.65658380333274,35.7,35.33,0.37000000000000455,0.22181496712200754,0.17132119666726453,0.015848375888030654,0.09999999999999432,0.6422786931024715,0.18500000000000227,0.9720949999999959,0.10790500000000236,5.254567567567481,0.5832702702702759,True,False,9,50,35
OLAELEC,2025-12-31,SELL,2025-12-31 10:45:00+05:30,2025-12-31 10:50:00+05:30,36.361810000000006,36.37,36.96908799845054,36.38,36.42,36.34,36.4,36.958322760697584,37.5,36.4,1.1000000000000014,0.5990879984505426,0.5965127606975784,-0.013593232678277075,0.030000000000001137,0.05497526113247275,0.5500000000000007,0.4518100000000089,0.42818999999999363,0.8214727272727425,0.7785272727272602,False,False,10,50,95
OLAELEC,2026-01-01,BUY,2026-01-01 09:30:00+05:30,2026-01-01 09:35:00+05:30,36.53826,36.52,36.34872346142202,36.52,36.62,36.43,36.55,36.37280969101833,36.48,36.04,0.4399999999999977,0.17127653857798464,0.16545030898166857,0.021798250589311303,0.04000000000000625,0.08214676889373163,0.21999999999999886,1.6217399999999955,0.2382600000000039,7.371545454545473,1.0830000000000233,True,True,9,35,20
OLAELEC,2026-01-02,BUY,2026-01-02 09:35:00+05:30,2026-01-02 09:40:00+05:30,39.269625,39.22,38.70088786812724,39.25,39.45,39.02,39.42,38.79545277869855,39.12,37.72,1.3999999999999986,0.5191121318727596,0.4741722213014512,0.0432112620796879,0.10000000000000142,0.4331210191082846,0.6999999999999993,1.930375000000005,0.24962499999999466,2.7576785714285816,0.3566071428571356,True,False,9,40,25
OLAELEC,2026-01-05,SELL,2026-01-05 09:30:00+05:30,2026-01-05 09:35:00+05:30,39.770105,39.79,40.497691537190164,39.79,40.31,39.75,40.15,40.43501466435618,41.9,39.85,2.049999999999997,0.7076915371901649,0.6649096643561805,-0.2123684220443342,0.060000000000002274,0.9047499371701351,1.0249999999999986,0.020105000000000928,4.519894999999998,0.019614634146342395,4.409653658536589,False,True,9,35,20
OLAELEC,2026-01-05,BUY,2026-01-05 10:35:00+05:30,2026-01-05 10:40:00+05:30,42.12105,42.07,41.18438360353691,42.1,42.15,41.81,41.88,41.20999072439418,41.9,39.85,2.049999999999997,0.8856163964630923,0.9110592756058153,0.02582291566787704,0.1700000000000017,-0.5225653206650804,1.0249999999999986,2.1689500000000024,0.4710499999999982,2.11604878048781,0.45956097560975495,True,False,10,40,85
OLAELEC,2026-01-06,SELL,2026-01-06 09:55:00+05:30,2026-01-06 10:00:00+05:30,43.03847,43.06,44.52520601846183,43.06,43.06,42.4,42.8,44.35361667141584,45.87,43.65,2.219999999999999,1.4652060184618279,1.315146671415846,-0.07416575012557254,0.5899999999999963,-0.6038086391082276,1.1099999999999994,1.3384699999999938,1.131530000000005,1.205828828828824,1.0193963963964014,False,True,10,0,45
OLAELEC,2026-01-07,SELL,2026-01-07 09:55:00+05:30,2026-01-07 10:00:00+05:30,42.588695,42.6,43.13117029265809,42.61,42.86,42.6,42.76,43.10990871502107,44.05,42.62,1.4299999999999997,0.5311702926580892,0.5212137150210694,-0.03899080240751473,0.01999999999999602,0.35203003989674464,0.7149999999999999,0.778694999999999,0.3913049999999956,1.089083916083915,0.5472797202797142,False,False,10,0,45
OLAELEC,2026-01-08,SELL,2026-01-08 09:45:00+05:30,2026-01-08 09:50:00+05:30,41.25936,41.29,41.60883965182669,41.28,41.45,41.18,41.38,41.586819951082276,42.24,41.3,0.9400000000000048,0.3188396518266927,0.3274599510822753,-0.032943126401083454,0.00999999999999801,0.2422480620155154,0.4700000000000024,1.1393600000000035,0.24063999999999908,2.4241702127659526,0.5119999999999955,True,False,9,50,35
OLAELEC,2026-01-09,SELL,2026-01-09 13:10:00+05:30,2026-01-09 13:15:00+05:30,39.490245,39.5,40.269133172834046,39.51,39.57,39.41,39.55,40.261492889014015,41.02,39.52,1.5,0.7691331728340458,0.7712478890140133,-0.00440627779724678,0.020000000000003126,0.10124019235635551,0.75,0.3102450000000019,0.3497550000000018,0.4136600000000025,0.4663400000000024,False,False,13,15,240
OLAELEC,2026-01-12,BUY,2026-01-12 12:25:00+05:30,2026-01-12 12:30:00+05:30,39.849915,39.83,38.77201759955048,39.83,40.35,39.81,40.14,38.853176622338346,39.63,37.9,1.730000000000004,1.057982400449518,0.9967383776616572,0.04735454632983864,0.19999999999999574,0.7783078081847972,0.865000000000002,0.5000849999999986,0.9199150000000031,0.5781329479768756,1.0634855491329491,False,True,12,30,195
OLAELEC,2026-01-13,SELL,2026-01-13 12:00:00+05:30,2026-01-13 12:05:00+05:30,39.46026,39.49,39.97931636589656,39.48,39.56,39.43,39.5,39.970884168200975,40.5,39.6,0.8999999999999986,0.48931636589655625,0.5106241682009767,-0.0037000183190306337,0.10999999999999943,0.050658561296867965,0.4499999999999993,0.9602599999999981,0.10974000000000217,2.1339111111111104,0.24386666666667187,True,False,12,5,170
OLAELEC,2026-01-14,SELL,2026-01-14 09:30:00+05:30,2026-01-14 09:35:00+05:30,38.56071,38.56,38.71083408765308,38.58,38.64,38.53,38.53,38.697629378778785,39.1,38.57,0.5300000000000011,0.15083408765308093,0.13691937877878502,-0.015627117333053532,0.00999999999999801,-0.12960082944529772,0.26500000000000057,0.3507099999999994,0.9192899999999966,1.3234339622641458,3.469018867924508,False,True,9,35,20
OLAELEC,2026-01-14,BUY,2026-01-14 11:50:00+05:30,2026-01-14 11:55:00+05:30,39.269625,39.25,38.71932857935424,39.25,39.34,39.16,39.18,38.732250035126356,39.1,38.57,0.5300000000000011,0.5306714206457599,0.5373749648736421,0.03183039154667225,0.14999999999999858,-0.1783439490445904,0.26500000000000057,0.07037500000000563,0.7296249999999986,0.26556603773586973,2.7533018867924417,False,True,11,55,160
OLAELEC,2026-01-16,SELL,2026-01-16 09:30:00+05:30,2026-01-16 09:35:00+05:30,38.450765,38.46,38.89008754354687,38.47,38.47,38.31,38.39,38.84837700810988,39.37,38.73,0.6400000000000006,0.4300875435468683,0.3976120081098813,-0.0616059536173055,0.269999999999996,-0.20795425006497892,0.3200000000000003,1.440764999999999,0.23923500000000075,4.502390624999992,0.7476093750000017,True,False,9,35,20
OLAELEC,2026-01-19,SELL,2026-01-19 10:40:00+05:30,2026-01-19 10:45:00+05:30,35.832075,35.86,36.19617339514338,35.85,36.02,35.85,35.94,36.19099288318756,37.06,35.94,1.1200000000000045,0.3361733951433834,0.3589178831875586,-0.009610360162588021,0.0799999999999983,0.2510460251045954,0.5600000000000023,0.28207500000000607,0.9079249999999988,0.5037053571428659,1.621294642857134,False,True,10,45,90
OLAELEC,2026-01-20,SELL,2026-01-20 09:30:00+05:30,2026-01-20 09:35:00+05:30,34.46276,34.47,34.95538035763249,34.48,34.58,34.3,34.32,34.86952540143204,35.78,34.5,1.2800000000000011,0.48538035763249354,0.40676540143203965,-0.11474600110967416,0.030000000000001137,-0.46403712296982924,0.6400000000000006,2.2927600000000012,0.11723999999999535,3.582437499999999,0.18318749999999256,True,False,9,35,20
OLAELEC,2026-01-21,BUY,2026-01-21 10:05:00+05:30,2026-01-21 10:10:00+05:30,33.726855,33.72,33.29900957275285,33.71,33.71,33.33,33.43,33.312411492039764,33.58,32.22,1.3599999999999994,0.42099042724714764,0.414443507960236,0.023790239371831085,0.14000000000000057,-0.8306140611094692,0.6799999999999997,0.4231449999999981,1.106855000000003,0.6222720588235269,1.6277279411764758,False,True,10,10,55
OLAELEC,2026-01-22,SELL,2026-01-22 09:55:00+05:30,2026-01-22 10:00:00+05:30,33.12343,33.14,33.40536136479614,33.14,33.21,33.07,33.21,33.38921590100695,33.85,33.2,0.6499999999999986,0.26536136479614214,0.2657859010069501,-0.00924803869386774,0.060000000000002274,0.2112251056125558,0.3249999999999993,0.5334299999999956,0.13656999999999897,1.6413230769230671,0.4202153846153824,False,False,10,0,45
OLAELEC,2026-01-23,SELL,2026-01-23 10:20:00+05:30,2026-01-23 10:25:00+05:30,32.633675,32.66,32.87585058494541,32.65,32.77,32.65,32.76,32.87124748838478,33.3,32.7,0.5999999999999943,0.21585058494541443,0.23757248838478517,-0.006619747278110907,0.04000000000000625,0.33690658499234694,0.29999999999999716,0.9136749999999978,0.1663250000000005,3.045583333333355,0.5544166666666736,True,False,10,25,70
OLAELEC,2026-01-27,SELL,2026-01-27 13:35:00+05:30,2026-01-27 13:40:00+05:30,30.894545,30.88,31.166390061836807,30.91,30.95,30.88,30.9,31.16460668350086,32.16,30.89,1.269999999999996,0.2863900618368085,0.2700616835008596,-0.0015187893578928623,0.010000000000001563,-0.03235198964737229,0.634999999999998,0.13454499999999925,1.3554549999999992,0.211881889763779,2.134574803149612,False,True,13,40,265
OLAELEC,2026-01-28,SELL,2026-01-28 10:25:00+05:30,2026-01-28 10:30:00+05:30,31.74412,31.74,32.12716881928782,31.76,31.86,31.75,31.85,32.11995297227572,32.53,31.85,0.6799999999999997,0.3871688192878189,0.3758329722757203,-0.013743628952475571,0.11000000000000298,0.28337531486146705,0.33999999999999986,0.08411999999999864,0.5758800000000015,0.24741176470587845,1.6937647058823582,False,True,10,30,75
OLAELEC,2026-01-29,SELL,2026-01-29 09:35:00+05:30,2026-01-29 09:40:00+05:30,31.72413,31.73,31.869588231866736,31.74,31.83,31.72,31.77,31.861434859704907,32.17,31.77,0.40000000000000213,0.1395882318667354,0.13730485970490847,-0.020044452139656162,0.03999999999999915,0.0945179584121103,0.20000000000000107,0.4141300000000001,0.3258699999999983,2.0706499999999894,1.629349999999983,True,True,9,40,25
OLAELEC,2026-01-30,BUY,2026-01-30 09:30:00+05:30,2026-01-30 09:35:00+05:30,32.606295,32.56,32.018141945529294,32.59,32.75,32.4,32.44,32.09700180875992,32.44,31.4,1.0399999999999991,0.5418580544707083,0.5092931912400829,0.1634867546883478,0.12000000000000455,-0.4602638846271989,0.5199999999999996,0.2437049999999985,0.5662950000000038,0.46866346153845906,1.0890288461538542,False,True,9,35,20
OLAELEC,2026-02-01,SELL,2026-02-01 12:25:00+05:30,2026-02-01 12:30:00+05:30,31.614185,31.65,32.1855687893959,31.63,31.69,31.26,31.5,32.148842902592904,32.8,31.82,0.9799999999999969,0.5355687893959029,0.5346579025929046,-0.009722408955822479,0.1700000000000017,-0.4110022130888402,0.48999999999999844,0.4641850000000005,0.49581500000000034,0.9473163265306164,1.0118673469387793,False,True,12,30,195
OLAELEC,2026-02-02,SELL,2026-02-02 10:20:00+05:30,2026-02-02 10:25:00+05:30,31.12443,31.12,31.334481127272102,31.14,31.17,31.07,31.13,31.328297590835213,31.8,31.17,0.629999999999999,0.21448112727210145,0.20386759083521255,-0.007013562645752019,0.05000000000000071,-0.03211303789338871,0.3149999999999995,0.6644299999999994,0.8655699999999982,2.1093015873015886,2.747841269841268,True,True,10,25,70
OLAELEC,2026-02-02,BUY,2026-02-02 15:10:00+05:30,2026-02-02 15:15:00+05:30,31.91595,31.92,31.10964019973468,31.9,31.99,31.8,31.92,31.13148177184053,31.8,31.17,0.629999999999999,0.8103598002653207,0.7844682281594686,0.01745029191846422,0.120000000000001,0.0626959247649106,0.3149999999999995,0.07404999999999973,0.115949999999998,0.23507936507936458,0.3680952380952323,False,False,15,15,360
OLAELEC,2026-02-03,SELL,2026-02-03 09:30:00+05:30,2026-02-03 09:35:00+05:30,32.033975,32.02,32.484577868600375,32.05,32.09,31.76,31.76,32.36877036197513,33.55,32.09,1.4599999999999937,0.4645778686003723,0.33479536197513227,-0.12815734348743765,0.07000000000000028,-0.9048361934477223,0.7299999999999969,1.2339749999999974,0.05602500000000532,1.6903767123287707,0.07674657534247337,False,False,9,35,20
OLAELEC,2026-02-04,BUY,2026-02-04 09:30:00+05:30,2026-02-04 09:35:00+05:30,31.505745,31.5,31.25858931006353,31.49,31.64,31.48,31.55,31.314495613437654,31.44,30.75,0.6900000000000013,0.24141068993646897,0.19124938656234747,0.052698451023107974,0.05999999999999872,0.19053667831057108,0.34500000000000064,0.8742550000000016,0.04574500000000015,2.5340724637681156,0.1325942028985509,True,False,9,35,20
OLAELEC,2026-02-05,SELL,2026-02-05 09:35:00+05:30,2026-02-05 09:40:00+05:30,31.64417,31.67,31.895777145623835,31.66,31.66,31.44,31.47,31.8317382525778,32.3,31.71,0.5899999999999963,0.22577714562383377,0.18756825257780108,-0.03232617219866673,0.03999999999999915,-0.6001263423878744,0.29499999999999815,0.3641699999999979,0.035830000000000695,1.234474576271187,0.12145762711864719,False,False,9,40,25
OLAELEC,2026-02-06,SELL,2026-02-06 09:40:00+05:30,2026-02-06 09:45:00+05:30,31.10444,31.12,31.264642364018233,31.12,31.25,31.12,31.21,31.254456919986644,31.59,31.15,0.4400000000000013,0.14464236401823172,0.15001691998664413,-0.02217701399972891,0.029999999999997584,0.2892030848329119,0.22000000000000064,0.034440000000000026,0.6955600000000004,0.1565454545454542,3.1616363636363563,False,True,9,45,30
OLAELEC,2026-02-06,BUY,2026-02-06 14:55:00+05:30,2026-02-06 15:00:00+05:30,31.645815,31.62,31.344277374293462,31.63,31.74,31.63,31.66,31.357222933693475,31.59,31.15,0.4400000000000013,0.27572262570653905,0.28859206630652423,0.002505879643863819,0.030000000000001137,0.0948466645589674,0.22000000000000064,0.1541850000000018,0.035814999999999486,0.7008409090909152,0.16279545454545175,False,False,15,0,345
OLAELEC,2026-02-10,SELL,2026-02-10 13:20:00+05:30,2026-02-10 13:25:00+05:30,31.534225,31.53,31.94093323553884,31.55,31.61,31.54,31.6,31.938208205140654,32.55,31.57,0.9799999999999969,0.4109332355388382,0.4039832051406549,-0.0024803468850864738,0.03999999999999915,0.15847860538826808,0.48999999999999844,0.5342249999999993,0.07577500000000015,1.0902551020408184,0.15464285714285794,False,False,13,25,250
OLAELEC,2026-02-12,SELL,2026-02-12 11:15:00+05:30,2026-02-12 11:20:00+05:30,31.154415,31.17,31.261636108236125,31.17,31.19,31.1,31.12,31.250263762397644,31.54,31.18,0.35999999999999943,0.09163610823612345,0.09584876239764384,-0.0012749642501904866,0.00999999999999801,-0.16041065126725096,0.17999999999999972,0.3844150000000006,0.0455849999999991,2.1356388888888955,0.25324999999999537,True,False,11,20,125
OLAELEC,2026-02-13,SELL,2026-02-13 09:30:00+05:30,2026-02-13 09:35:00+05:30,30.46476,30.5,30.6749177424166,30.48,30.56,30.41,30.5,30.64137657882399,30.9,30.58,0.3200000000000003,0.17491774241659996,0.1766165788239924,-0.024345779639311154,0.0799999999999983,0.06561679790026975,0.16000000000000014,0.054759999999998143,0.9652400000000014,0.3422499999999881,6.032750000000004,False,True,9,35,20
OLAELEC,2026-02-13,BUY,2026-02-13 11:55:00+05:30,2026-02-13 12:00:00+05:30,30.95547,30.93,30.696279925663834,30.94,31.14,30.93,31.09,30.719522012326077,30.9,30.58,0.3200000000000003,0.2337200743361656,0.23594798767392078,0.0017261666021232077,0.030000000000001137,0.4848093083387184,0.16000000000000014,0.47453000000000145,0.22546999999999784,2.9658125000000064,1.4091874999999852,True,True,12,0,165
OLAELEC,2026-02-17,SELL,2026-02-17 09:30:00+05:30,2026-02-17 09:35:00+05:30,27.64617,27.66,27.995012222253873,27.66,27.74,27.6,27.66,27.95669872050957,28.69,27.82,0.870000000000001,0.33501222225387295,0.3105287205095699,-0.053425886565350175,0.16000000000000014,0.0,0.4350000000000005,0.28617000000000203,0.7538299999999971,0.6578620689655211,1.7329425287356235,False,True,9,35,20
OLAELEC,2026-02-19,SELL,2026-02-19 11:15:00+05:30,2026-02-19 11:20:00+05:30,27.776105,27.79,27.978911977213237,27.79,27.79,27.75,27.77,27.976838574612817,28.47,27.81,0.6600000000000001,0.1889119772132375,0.2007335746128156,-0.0034369027719380906,0.019999999999999574,-0.07196833393307012,0.33000000000000007,0.47610500000000044,0.033894999999997566,1.4427424242424254,0.10271212121211382,False,False,11,20,125
OLAELEC,2026-02-20,SELL,2026-02-20 13:40:00+05:30,2026-02-20 13:45:00+05:30,26.736625,26.75,27.003530275907387,26.75,26.8,26.72,26.8,26.99831486197566,27.38,26.85,0.5299999999999976,0.2535302759073872,0.26168986197566113,-0.0037791517949066185,0.10000000000000142,0.18691588785046953,0.2649999999999988,0.4366249999999994,0.14337499999999892,1.6476415094339674,0.541037735849055,False,False,13,45,270
OLAELEC,2026-02-23,SELL,2026-02-23 09:30:00+05:30,2026-02-23 09:35:00+05:30,26.02698,26.03,26.247082185759673,26.04,26.06,25.83,25.89,26.166323632807327,26.58,26.06,0.5199999999999996,0.21708218575967209,0.13934363280732853,-0.01911204049112715,0.029999999999997584,-0.5760368663594417,0.2599999999999998,0.32697999999999894,0.7530200000000029,1.2576153846153815,2.8962307692307827,False,True,9,35,20
OLAELEC,2026-02-23,SELL,2026-02-23 13:55:00+05:30,2026-02-23 14:00:00+05:30,26.04697,26.05,26.116683430789713,26.06,26.06,25.93,25.98,26.11479726622809,26.58,26.06,0.5199999999999996,0.06668343078971262,0.06782726622808966,-0.00011103958252510823,0.00999999999999801,-0.3069838833461125,0.2599999999999998,0.29697000000000173,0.013029999999996988,1.1421923076923153,0.05011538461537307,False,False,14,0,285
OLAELEC,2026-02-24,SELL,2026-02-24 12:00:00+05:30,2026-02-24 12:05:00+05:30,25.457265,25.48,25.905693403794118,25.47,25.53,25.43,25.45,25.897280908820907,26.4,25.5,0.8999999999999986,0.42569340379411713,0.44001590882090724,-0.006983753716581215,0.019999999999999574,-0.07852375343541107,0.4499999999999993,0.4572649999999996,0.07273500000000155,1.0161444444444452,0.16163333333333704,False,False,12,5,170
OLAELEC,2026-02-25,SELL,2026-02-25 09:30:00+05:30,2026-02-25 09:35:00+05:30,24.897545,24.95,25.150315862799584,24.91,24.92,24.84,24.9,25.1122851149133,25.4,25.04,0.35999999999999943,0.20031586279958447,0.21474011491329748,-0.012686316611194038,0.08999999999999986,-0.04014452027298887,0.17999999999999972,0.07754500000000064,0.8924549999999982,0.43080555555555977,4.958083333333331,False,True,9,35,20
OLAELEC,2026-02-25,SELL,2026-02-25 10:10:00+05:30,2026-02-25 10:15:00+05:30,24.977505,24.99,25.116900501921574,24.99,25.13,24.98,25.1,25.115249722952356,25.4,25.04,0.35999999999999943,0.12690050192157543,0.1377447229523554,0.011634638583599002,0.05000000000000071,0.44017607042818874,0.17999999999999972,0.0,0.8124949999999984,0.0,4.513861111111109,False,True,10,15,60
OLAELEC,2026-02-25,BUY,2026-02-25 12:10:00+05:30,2026-02-25 12:15:00+05:30,25.632810000000003,25.62,25.17337217408434,25.62,25.78,25.5,25.65,25.206231513816157,25.4,25.04,0.35999999999999943,0.4466278259156624,0.4265784861838462,0.006168550093382025,0.22000000000000242,0.11709601873535203,0.17999999999999972,0.1571899999999964,0.4928100000000022,0.8732777777777591,2.73783333333335,False,True,12,15,180
OLAELEC,2026-02-26,BUY,2026-02-26 09:40:00+05:30,2026-02-26 09:45:00+05:30,25.79289,25.78,25.477659837466067,25.78,25.9,25.76,25.87,25.530254291448134,25.61,25.26,0.34999999999999787,0.3023401625339339,0.2626357085518656,0.008123378613233286,0.1700000000000017,0.3491078355314148,0.17499999999999893,0.3271100000000011,0.7928899999999999,1.8692000000000177,4.530800000000027,False,True,9,45,30
OLAELEC,2026-02-26,SELL,2026-02-26 12:45:00+05:30,2026-02-26 12:50:00+05:30,25.22738,25.22,25.61008551414633,25.24,25.26,25.21,25.24,25.60541396849554,25.61,25.26,0.34999999999999787,0.39008551414633175,0.37803396849554005,-0.0062298217776745645,0.0400000000000027,0.0,0.17499999999999893,0.22738000000000014,0.1326199999999993,1.2993142857142943,0.757828571428572,False,False,12,50,215
OLAELEC,2026-02-27,BUY,2026-02-27 09:35:00+05:30,2026-02-27 09:40:00+05:30,25.272630000000003,25.28,25.077290224455876,25.26,25.27,25.19,25.25,25.088059756015728,25.25,24.78,0.46999999999999886,0.2027097755441254,0.18457024398427535,0.027760377758920905,0.030000000000001137,-0.03958828186857444,0.23499999999999943,0.2173699999999954,0.3126300000000022,0.924978723404238,1.3303404255319273,False,True,9,40,25
OLAELEC,2026-03-02,BUY,2026-03-02 09:55:00+05:30,2026-03-02 10:00:00+05:30,24.55227,24.51,24.228775682320578,24.54,24.57,24.43,24.47,24.244077366595448,24.43,23.82,0.6099999999999994,0.281224317679424,0.30819263340455194,0.018782551715112623,0.08000000000000185,-0.2852485737571353,0.3049999999999997,0.34772999999999854,0.932269999999999,1.140098360655734,3.056622950819672,False,True,10,0,45
OLAELEC,2026-03-02,SELL,2026-03-02 13:25:00+05:30,2026-03-02 13:30:00+05:30,23.76811,23.78,24.162459323844363,23.78,23.8,23.75,23.78,24.1581205956652,24.43,23.82,0.6099999999999994,0.3824593238443619,0.39001059566519913,-0.0023660516363526248,0.03999999999999915,0.0,0.3049999999999997,0.14810999999999908,1.1318899999999985,0.4856065573770466,3.711114754098359,False,True,13,30,255
OLAELEC,2026-03-04,BUY,2026-03-04 09:30:00+05:30,2026-03-04 09:35:00+05:30,24.4122,24.35,24.007969840094,24.4,24.8,24.22,24.57,24.191049887029322,24.17,23.75,0.4200000000000017,0.3420301599060025,0.2211501129706761,0.025689291467349315,0.17999999999999972,0.6967213114754234,0.21000000000000085,1.6878000000000029,0.1921999999999997,8.037142857142838,0.9152380952380901,True,False,9,35,20
OLAELEC,2026-03-04,BUY,2026-03-04 10:05:00+05:30,2026-03-04 10:10:00+05:30,25.39269,25.39,25.130777512133864,25.38,25.38,25.03,25.19,25.134272665040477,24.17,23.75,0.4200000000000017,0.2592224878661362,0.2584173349595247,0.06985795118077523,1.2199999999999989,-0.7486209613869144,0.21000000000000085,0.0,0.9326900000000009,0.0,4.441380952380939,False,True,10,10,55
OLAELEC,2026-03-05,SELL,2026-03-05 09:30:00+05:30,2026-03-05 09:35:00+05:30,24.68765,24.69,24.87306646710824,24.7,24.74,24.68,24.69,24.86295127541436,25.2,24.73,0.46999999999999886,0.18306646710824026,0.17530127541435903,-0.018949255931917146,0.03999999999999915,-0.04048582995950234,0.23499999999999943,0.577650000000002,0.05234999999999701,2.458085106382993,0.22276595744679634,True,False,9,35,20
OLAELEC,2026-03-06,SELL,2026-03-06 14:55:00+05:30,2026-03-06 15:00:00+05:30,24.117935,24.13,24.29166791478484,24.13,24.16,24.12,24.14,24.28899568367412,24.53,24.15,0.38000000000000256,0.16166791478483944,0.17106068367412064,-0.0019388596022468828,0.019999999999999574,0.041442188147544634,0.19000000000000128,0.17793499999999796,0.04206500000000091,0.9364999999999829,0.22139473684210856,False,False,15,0,345
OLAELEC,2026-03-10,BUY,2026-03-10 10:35:00+05:30,2026-03-10 10:40:00+05:30,24.082035,24.06,23.626834593660142,24.07,24.28,23.91,23.93,23.67586102570441,23.83,23.45,0.379999999999999,0.4331654063398567,0.40617397429559077,0.013553790074943024,0.23000000000000043,-0.5816368923971749,0.1899999999999995,0.5179650000000002,0.4420350000000006,2.726131578947377,2.3265000000000096,True,True,10,40,85
OLAELEC,2026-03-11,SELL,2026-03-11 15:00:00+05:30,2026-03-11 15:05:00+05:30,23.988,24.0,24.60828918518749,24.0,24.01,23.85,23.96,24.587500698509228,25.04,24.22,0.8200000000000003,0.6082891851874912,0.5995006985092282,-0.0106661225500133,0.21999999999999886,-0.1666666666666594,0.41000000000000014,0.33800000000000097,0.022000000000002018,0.8243902439024411,0.05365853658537076,False,False,15,5,350
OLAELEC,2026-03-12,BUY,2026-03-12 11:10:00+05:30,2026-03-12 11:15:00+05:30,23.961975,23.95,23.613295970608224,23.95,24.02,23.85,23.89,23.623483535217332,23.89,23.28,0.6099999999999994,0.33670402939177535,0.3384914647826669,0.009368040898376145,0.05999999999999872,-0.25052192066805645,0.3049999999999997,0.05802500000000066,0.4819749999999985,0.1902459016393466,1.5802459016393409,False,True,11,15,120
OLAELEC,2026-03-13,SELL,2026-03-13 09:50:00+05:30,2026-03-13 09:55:00+05:30,23.478255,23.48,23.637096676152577,23.49,23.5,23.4,23.43,23.62142544860928,23.8,23.49,0.3100000000000023,0.15709667615257672,0.14317044860927908,0.002303197408124684,0.00999999999999801,-0.25542784163473664,0.15500000000000114,0.47825500000000076,0.051745000000000374,3.08551612903224,0.3338387096774193,True,False,9,55,40
OLAELEC,2026-03-16,SELL,2026-03-16 09:55:00+05:30,2026-03-16 10:00:00+05:30,22.90854,22.92,23.109912552430075,22.92,22.96,22.89,22.94,23.095596617495982,23.37,22.95,0.4200000000000017,0.18991255243007288,0.18705661749598335,-0.002699532790100389,0.029999999999997584,0.08726003490400203,0.21000000000000085,0.6585399999999986,2.9314600000000013,3.1359047619047424,13.959333333333284,True,True,10,0,45
OLAELEC,2026-03-17,SELL,2026-03-17 15:00:00+05:30,2026-03-17 15:05:00+05:30,23.618185,23.63,23.829604125988563,23.63,23.65,23.54,23.64,23.82293181589595,24.18,23.71,0.46999999999999886,0.19960412598856436,0.20474681589594823,-0.0016255981287399894,0.08000000000000185,0.042319085907749354,0.23499999999999943,0.21818500000000185,0.21181499999999787,0.9284468085106484,0.901340425531908,False,False,15,5,350
OLAELEC,2026-03-18,BUY,2026-03-18 09:40:00+05:30,2026-03-18 09:45:00+05:30,24.262125,24.25,23.975646000394843,24.25,24.7,24.22,24.6,24.08477202109656,24.04,23.62,0.41999999999999815,0.2743539996051574,0.1773529789034427,0.03263592334286908,0.21000000000000085,1.4432989690721598,0.20999999999999908,0.8578749999999999,0.04212500000000219,4.085119047619066,0.2005952380952494,True,False,9,45,30
OLAELEC,2026-03-19,SELL,2026-03-19 11:20:00+05:30,2026-03-19 11:25:00+05:30,23.978005,23.99,24.162643727805694,23.99,24.0,23.93,23.94,24.15850892012871,24.46,24.03,0.4299999999999997,0.1726437278056956,0.18050392012871086,-0.0041220154175550545,0.0400000000000027,-0.20842017507293198,0.21499999999999986,0.6480050000000013,0.08199499999999915,3.0139767441860545,0.38137209302325215,True,False,11,25,130
OLAELEC,2026-03-20,SELL,2026-03-20 09:40:00+05:30,2026-03-20 09:45:00+05:30,23.62818,23.64,23.810074756728362,23.64,23.74,23.63,23.69,23.804409101850705,24.0,23.67,0.3299999999999983,0.17007475672836136,0.17622910185070495,-0.009681538629390163,0.030000000000001137,0.2115059221658333,0.16499999999999915,0.16817999999999955,1.721820000000001,1.0192727272727298,10.435272727272787,False,True,9,45,30
OLAELEC,2026-03-20,SELL,2026-03-20 12:15:00+05:30,2026-03-20 12:20:00+05:30,23.64817,23.66,23.805299494630123,23.66,23.67,23.61,23.63,23.80299625937056,24.0,23.67,0.3299999999999983,0.14529949463012315,0.15482625937055872,-0.0010552355643557215,0.010000000000001563,-0.1267962806424383,0.16499999999999915,0.1881699999999995,1.701830000000001,1.1404242424242452,10.314121212121272,False,True,12,20,185
OLAELEC,2026-03-23,SELL,2026-03-23 09:50:00+05:30,2026-03-23 09:55:00+05:30,23.988,23.99,24.207214362631326,24.0,24.05,23.94,23.97,24.19769884980691,24.5,24.06,0.4400000000000013,0.21721436263132787,0.20969884980690878,-0.003826799387536637,0.07000000000000028,-0.12500000000000844,0.22000000000000064,0.8679999999999986,0.09199999999999875,3.9454545454545276,0.41818181818181127,True,False,9,55,40
OLAELEC,2026-03-24,SELL,2026-03-24 09:55:00+05:30,2026-03-24 10:00:00+05:30,23.518235,23.53,23.713567764085273,23.53,23.55,23.47,23.48,23.692072300618356,24.0,23.55,0.4499999999999993,0.18356776408527153,0.17383730061835578,-0.010059838371505592,0.019999999999999574,-0.21249468763281376,0.22499999999999964,0.41823499999999925,0.1717650000000006,1.8588222222222217,0.763400000000004,False,False,10,0,45
OLAELEC,2026-03-25,BUY,2026-03-25 09:30:00+05:30,2026-03-25 09:35:00+05:30,24.09204,24.09,23.872938020937607,24.08,24.09,23.92,23.96,23.88979922331084,24.08,23.45,0.629999999999999,0.2170619790623931,0.20224077668916252,0.07035235704645672,0.010000000000001563,-0.4983388704318803,0.3149999999999995,0.39795999999999765,0.4420400000000022,1.263365079365074,1.4033015873015966,False,True,9,35,20
OLAELEC,2026-03-30,SELL,2026-03-30 10:40:00+05:30,2026-03-30 10:45:00+05:30,23.50824,23.53,23.812626632826934,23.52,23.62,23.52,23.58,23.8077687844832,24.12,23.54,0.5800000000000018,0.2826266328269327,0.29952878448320064,-0.005983653103543712,0.00999999999999801,0.25510204081631294,0.2900000000000009,0.9882400000000011,0.28175999999999846,3.4077241379310275,0.9715862068965433,True,False,10,45,90
OLAELEC,2026-04-01,BUY,2026-04-01 09:45:00+05:30,2026-04-01 09:50:00+05:30,24.132060000000003,24.12,23.81144501028968,24.12,24.35,24.08,24.3,23.88292561380525,24.08,23.17,0.9099999999999966,0.3085549897103199,0.24913438619475414,0.024297787760023188,0.0400000000000027,0.746268656716409,0.4549999999999983,2.2279399999999967,0.052060000000004436,4.8965714285714395,0.11441758241759259,True,False,9,50,35
OLAELEC,2026-04-02,BUY,2026-04-02 10:20:00+05:30,2026-04-02 10:25:00+05:30,26.49324,26.48,25.817425514813216,26.48,26.69,26.29,26.4,25.900589829957948,26.25,25.06,1.1900000000000013,0.6625744851867843,0.5926501700420523,0.023567256558593756,0.23000000000000043,-0.30211480362538623,0.5950000000000006,2.126760000000001,0.2532400000000017,3.5743865546218463,0.42561344537815365,True,False,10,25,70
OLAELEC,2026-04-06,SELL,2026-04-06 11:15:00+05:30,2026-04-06 11:20:00+05:30,28.66566,28.67,29.603649817860084,28.68,28.82,28.65,28.79,29.588251928878243,30.4,28.72,1.6799999999999997,0.9336498178600827,0.9225919288782443,-0.010856001999860749,0.04999999999999716,0.38354253835424235,0.8399999999999999,0.01566000000000045,1.0543399999999998,0.018642857142857683,1.2551666666666668,False,True,11,20,125
OLAELEC,2026-04-08,BUY,2026-04-08 10:20:00+05:30,2026-04-08 10:25:00+05:30,30.765375,30.72,29.93532247391345,30.75,31.29,30.67,31.03,30.11704112045953,30.1,29.23,0.870000000000001,0.7846775260865506,0.6483338795404698,0.03210021560116492,0.6199999999999974,0.9105691056910503,0.4350000000000005,0.9546250000000001,0.8153749999999995,2.194540229885055,1.8744252873563185,True,True,10,25,70
OLAELEC,2026-04-09,BUY,2026-04-09 10:10:00+05:30,2026-04-09 10:15:00+05:30,32.366175,32.34,31.731717311239592,32.35,32.66,32.25,32.58,31.793082022708735,32.24,30.3,1.9400000000000013,0.6082826887604114,0.5730929772912638,0.01620227303979134,0.10000000000000142,0.7109737248840675,0.9700000000000006,3.953825000000002,0.11617499999999836,4.076108247422679,0.11976804123711164,True,False,10,15,60
OLAELEC,2026-04-10,BUY,2026-04-10 12:05:00+05:30,2026-04-10 12:10:00+05:30,39.669825,39.63,38.53116025400779,39.65,39.75,39.1,39.25,38.55813077486179,39.5,35.7,3.799999999999997,1.0988397459922155,1.1116942251382156,0.01610448101592594,0.13000000000000256,-1.0088272383354302,1.8999999999999986,2.2101749999999996,1.0198250000000044,1.1632500000000006,0.5367500000000027,False,False,12,10,175
OLAELEC,2026-04-13,SELL,2026-04-13 11:20:00+05:30,2026-04-13 11:25:00+05:30,37.92103,37.94,38.559869664273506,37.94,37.94,37.7,37.8,38.53662651247933,39.79,37.96,1.8299999999999983,0.6198696642735086,0.6155965124793283,-0.012919559504899389,0.020000000000003126,-0.3690036900369065,0.9149999999999991,0.22102999999999895,0.778970000000001,0.24156284153005372,0.8513333333333353,False,False,11,25,130
OLAELEC,2026-04-15,SELL,2026-04-15 13:50:00+05:30,2026-04-15 13:55:00+05:30,38.810585,38.84,39.83682701343311,38.83,39.06,38.77,38.93,39.81490732029512,40.66,39.1,1.5599999999999952,0.996827013433105,1.0043223202951168,-0.009283696994644814,0.259999999999998,0.2575328354365247,0.7799999999999976,0.7105850000000018,0.6094149999999985,0.9110064102564154,0.7813012820512826,False,False,13,55,280
OLAELEC,2026-04-16,BUY,2026-04-16 09:50:00+05:30,2026-04-16 09:55:00+05:30,39.309645,39.25,38.59259902511322,39.29,39.49,39.1,39.27,38.7046548734332,39.15,37.87,1.2800000000000011,0.6574009748867766,0.6049901265668041,0.007715369686395625,0.10000000000000142,-0.05090353779586554,0.6400000000000006,0.250354999999999,0.8496450000000024,0.3911796874999981,1.3275703125000027,False,True,9,55,40
OLAELEC,2026-04-17,BUY,2026-04-17 09:35:00+05:30,2026-04-17 09:40:00+05:30,41.010495,40.97,39.98559105749657,40.99,41.4,40.63,40.93,40.20258887970073,40.2,38.58,1.6200000000000045,0.9844089425034284,0.8079061202992719,0.2561388355227738,0.769999999999996,-0.14637716516223698,0.8100000000000023,0.9895050000000012,0.5804949999999991,1.2216111111111092,0.7166604938271574,False,False,9,40,25
OLAELEC,2026-04-20,SELL,2026-04-20 12:00:00+05:30,2026-04-20 12:05:00+05:30,39.770105,39.79,40.57741621851747,39.79,39.85,39.7,39.78,40.56054368419321,41.6,39.91,1.6900000000000048,0.7874162185174711,0.7904386841932123,-0.02167854367824599,0.11999999999999744,-0.025131942699163634,0.8450000000000024,0.7701050000000009,0.22989499999999907,0.911366863905324,0.27206508875739455,False,False,12,5,170
OLAELEC,2026-04-21,SELL,2026-04-21 11:20:00+05:30,2026-04-21 11:25:00+05:30,38.310835,38.31,38.887780573582816,38.33,38.46,38.29,38.37,38.87983788113891,39.75,38.35,1.3999999999999986,0.5777805735828139,0.5690028811389141,-0.009636733988438605,0.03999999999999915,0.10435690060004443,0.6999999999999993,1.2108349999999959,0.14916500000000354,1.7297642857142816,0.2130928571428624,False,False,11,25,130
OLAELEC,2026-04-22,SELL,2026-04-22 11:10:00+05:30,2026-04-22 11:15:00+05:30,37.64117,37.65,38.01856249919641,37.66,37.69,37.62,37.63,38.01183885801674,38.69,37.68,1.009999999999998,0.3685624991964147,0.3706688580167352,-0.0061242613854472425,0.030000000000001137,-0.07966011683482321,0.504999999999999,0.11117000000000132,1.1888299999999958,0.2201386138613892,2.3541188118811847,False,True,11,15,120
OLAELEC,2026-04-23,SELL,2026-04-23 10:05:00+05:30,2026-04-23 10:10:00+05:30,37.731125,37.74,38.172696353404895,37.75,37.81,37.66,37.73,38.14607189268858,38.89,37.94,0.9500000000000028,0.4326963534048929,0.4149468926885831,-0.01706414017834556,0.19999999999999574,-0.052980132450342055,0.4750000000000014,0.7011249999999976,0.07887500000000358,1.4760526315789377,0.16605263157895442,False,False,10,10,55
OLAELEC,2026-04-24,SELL,2026-04-24 09:30:00+05:30,2026-04-24 09:35:00+05:30,36.391795,36.4,37.16614685058521,36.41,36.5,36.26,36.47,37.07012154878899,38.17,36.7,1.4699999999999989,0.7661468505852085,0.6783265487889878,-0.14113310212475214,0.30000000000000426,0.1647898928865743,0.7349999999999994,1.0817949999999996,0.30820500000000095,1.4718299319727897,0.4193265306122465,False,False,9,35,20
OLAELEC,2026-04-27,BUY,2026-04-27 09:45:00+05:30,2026-04-27 09:50:00+05:30,36.988485,37.0,36.40771966834003,36.97,37.07,36.91,37.04,36.44660304729609,36.7,35.55,1.1500000000000057,0.5922803316599712,0.5418819527039105,0.028978439833111935,0.29999999999999716,0.1893427103056622,0.5750000000000028,0.5915150000000011,0.20848499999999603,1.0287217391304317,0.36258260869564346,False,False,9,50,35
OLAELEC,2026-04-28,SELL,2026-04-28 09:35:00+05:30,2026-04-28 09:40:00+05:30,36.351815,36.34,36.63020634610657,36.37,36.49,36.32,36.45,36.60458710828362,37.08,36.52,0.5599999999999952,0.29020634610656515,0.2527721082836152,-0.028910645868435562,0.17999999999999972,0.21996150673633252,0.2799999999999976,0.6518149999999991,0.18818499999999716,2.327910714285731,0.6720892857142814,True,False,9,40,25
OLAELEC,2026-04-29,BUY,2026-04-29 09:50:00+05:30,2026-04-29 09:55:00+05:30,36.788385000000005,36.75,36.49384048202592,36.77,36.8,36.48,36.52,36.505457690413735,36.6,36.12,0.480000000000004,0.25615951797408343,0.2829273095862703,0.017924767877470493,0.14999999999999858,-0.6799020940984501,0.240000000000002,0.011614999999991937,0.8883850000000066,0.04839583333329934,3.7016041666666637,False,True,9,55,40
OLAELEC,2026-04-29,SELL,2026-04-29 13:35:00+05:30,2026-04-29 13:40:00+05:30,36.06196,36.07,36.39451699567995,36.08,36.08,35.91,35.91,36.3871594744484,36.6,36.12,0.480000000000004,0.32451699567995007,0.3251994744484037,-0.002150171177283663,0.04999999999999716,-0.471175166297122,0.240000000000002,0.16196000000000055,0.49804000000000315,0.6748333333333301,2.0751666666666626,False,True,13,40,265
OLAELEC,2026-04-30,SELL,2026-04-30 10:30:00+05:30,2026-04-30 10:35:00+05:30,35.70214,35.72,36.151096002765705,35.72,35.93,35.71,35.91,36.14439562010224,36.42,35.77,0.6499999999999986,0.43109600276570603,0.4422556201022374,-0.010694532398751901,0.05000000000000426,0.5319148936170137,0.3249999999999993,0.1321399999999997,1.0978599999999972,0.4065846153846154,3.378030769230768,False,True,10,35,80
OLAELEC,2026-04-30,BUY,2026-04-30 14:50:00+05:30,2026-04-30 14:55:00+05:30,36.49824,36.46,36.106206899706955,36.48,36.5,36.45,36.48,36.11166974295018,36.42,35.77,0.6499999999999986,0.35379310029304634,0.3865702570498257,0.007487121821621363,0.03999999999999915,0.0,0.3249999999999993,0.3017599999999945,0.1882400000000004,0.9284923076922927,0.5792000000000025,False,False,14,55,340
OLAELEC,2026-05-04,SELL,2026-05-04 09:30:00+05:30,2026-05-04 09:35:00+05:30,37.031475,37.05,37.37708347066761,37.05,37.05,36.75,36.8,37.32238550077746,37.81,37.11,0.7000000000000028,0.3270834706676098,0.29091050077745706,-0.025293039209800517,0.060000000000002274,-0.6747638326585648,0.3500000000000014,0.8714750000000038,0.018524999999996794,2.489928571428572,0.052928571428562055,True,False,9,35,20
OLAELEC,2026-05-05,SELL,2026-05-05 09:55:00+05:30,2026-05-05 10:00:00+05:30,36.001990000000006,36.02,36.218310540718875,36.02,36.09,35.98,36.01,36.20762257682254,36.71,36.06,0.6499999999999986,0.19831054071887166,0.20563257682253067,-0.010729637191108872,0.03999999999999915,-0.027762354247651277,0.3249999999999993,2.451990000000009,0.10800999999999306,7.54458461538466,0.3323384615384409,True,False,10,0,45
OLAELEC,2026-05-05,SELL,2026-05-05 13:00:00+05:30,2026-05-05 13:05:00+05:30,34.86256,34.9,34.906576399899436,34.88,35.01,34.86,35.0,34.906953206031055,36.71,36.06,0.6499999999999986,0.006576399899437035,0.04439320603105301,-0.0002705607272885218,1.1600000000000037,0.34403669724769603,0.3249999999999993,0.4625600000000034,0.14743999999999602,1.4232615384615521,0.4536615384615272,False,False,13,5,230
OLAELEC,2026-05-06,SELL,2026-05-06 10:15:00+05:30,2026-05-06 10:20:00+05:30,34.06296,34.08,34.53035530267262,34.08,34.1,34.03,34.1,34.51064244509543,35.19,34.25,0.9399999999999977,0.4503553026726195,0.4476824450954311,-0.020706579171836718,0.1700000000000017,0.058685446009398845,0.46999999999999886,0.21295999999999538,0.9670400000000043,0.45310638297871464,2.057531914893631,False,True,10,20,65
OLAELEC,2026-05-07,BUY,2026-05-07 10:30:00+05:30,2026-05-07 10:35:00+05:30,35.347665,35.35,34.93024095179492,35.33,35.48,35.18,35.3,34.95783773158279,35.1,34.57,0.5300000000000011,0.4197590482050799,0.38982726841720705,0.012742597400118247,0.25,-0.08491367110105008,0.26500000000000057,0.13233499999999765,0.4176649999999995,0.4993773584905561,1.5760943396226363,False,True,10,35,80
OLAELEC,2026-05-08,SELL,2026-05-08 09:45:00+05:30,2026-05-08 09:50:00+05:30,34.52273,34.53,34.67652400577598,34.54,34.63,34.51,34.61,34.6703862988374,34.98,34.58,0.3999999999999986,0.14652400577598002,0.14765629883739706,-0.005221157505871734,0.04999999999999716,0.2026635784597497,0.1999999999999993,0.11273000000000621,2.1172699999999978,0.5636500000000331,10.586350000000026,False,True,9,50,35
OLAELEC,2026-05-11,BUY,2026-05-11 09:30:00+05:30,2026-05-11 09:35:00+05:30,37.368675,37.36,36.78945912663274,37.35,37.49,37.0,37.4,36.862556781219496,37.33,35.82,1.509999999999998,0.570540873367257,0.5061182187805073,0.19142509552090067,0.030000000000001137,0.1338688085676054,0.754999999999999,0.3613249999999937,0.6186750000000032,0.47857615894038963,0.8194370860927206,False,False,9,35,20
OLAELEC,2026-05-12,SELL,2026-05-12 09:30:00+05:30,2026-05-12 09:35:00+05:30,36.02198,36.06,36.47295875141037,36.04,36.21,35.93,36.07,36.437440139035076,37.34,36.07,1.2700000000000031,0.41295875141036475,0.4154601390350763,-0.1181657278550466,0.00999999999999801,0.08324084350721517,0.6350000000000016,1.0719799999999964,0.22802000000000078,1.6881574803149508,0.3590866141732287,False,False,9,35,20
OLAELEC,2026-05-13,SELL,2026-05-13 09:35:00+05:30,2026-05-13 09:40:00+05:30,35.02248,35.05,35.392824789262576,35.04,35.28,34.86,35.23,35.352588263729174,35.69,35.15,0.5399999999999991,0.3428247892625791,0.3301082637291728,-0.01669587281012439,0.10000000000000142,0.5422374429223664,0.2699999999999996,0.16248000000000218,1.1675199999999961,0.6017777777777868,4.324148148148141,False,True,9,40,25
OLAELEC,2026-05-13,BUY,2026-05-13 10:25:00+05:30,2026-05-13 10:30:00+05:30,35.747865,35.73,35.425529591548816,35.73,35.88,35.71,35.73,35.443992397355366,35.69,35.15,0.5399999999999991,0.3044704084511807,0.30387260264463123,0.00456677981284018,0.03999999999999915,0.0,0.2699999999999996,0.4421350000000004,0.2278649999999942,1.637537037037041,0.8439444444444243,False,False,10,30,75
OLAELEC,2026-05-14,SELL,2026-05-14 09:40:00+05:30,2026-05-14 09:45:00+05:30,35.672155,35.68,36.09696480753724,35.69,35.92,35.58,35.58,36.05305575297233,36.39,35.95,0.4399999999999977,0.41696480753724074,0.3809007529723303,-0.0036408095321629175,0.2700000000000031,-0.30820958251610575,0.21999999999999886,0.6521549999999934,1.1278450000000007,2.964340909090894,5.126568181818211,True,True,9,45,30
OLAELEC,2026-05-14,SELL,2026-05-14 14:40:00+05:30,2026-05-14 14:45:00+05:30,35.72213,35.74,35.80885676903081,35.74,35.89,35.64,35.85,35.808560268275166,36.39,35.95,0.4399999999999977,0.06885676903080906,0.08643026827516564,0.052771590356090595,0.21000000000000085,0.30777839955231645,0.21999999999999886,0.08212999999999937,0.42786999999999864,0.3733181818181809,1.9448636363636402,False,True,14,45,330
OLAELEC,2026-05-15,SELL,2026-05-15 09:30:00+05:30,2026-05-15 09:35:00+05:30,35.52223,35.55,35.89314193541542,35.54,35.7,35.46,35.58,35.8544617350907,36.37,35.6,0.769999999999996,0.34314193541542437,0.33223173509070136,-0.08012468275052047,0.05000000000000426,0.11254924029262536,0.384999999999998,0.06222999999999956,0.817770000000003,0.16163636363636333,2.124077922077941,False,True,9,35,20
OLAELEC,2026-05-18,SELL,2026-05-18 09:50:00+05:30,2026-05-18 09:55:00+05:30,34.62268,34.62,34.96767572944989,34.64,34.69,34.56,34.63,34.93790914603734,35.67,34.69,0.980000000000004,0.34767572944988956,0.3152291460373391,-0.013187022022810465,0.07000000000000028,-0.028868360277134464,0.490000000000002,0.19268000000000285,0.4473199999999977,0.39322448979592256,0.9128979591836651,False,False,9,55,40
OLAELEC,2026-05-19,BUY,2026-05-19 09:40:00+05:30,2026-05-19 09:45:00+05:30,36.29814,36.33,35.987498535713584,36.28,36.42,36.17,36.2,36.011478218948,36.19,34.95,1.2399999999999949,0.34250146428641415,0.2866617810519969,0.14850758528396324,0.14000000000000057,-0.22050716648290836,0.6199999999999974,1.841860000000004,0.2981399999999965,2.9707419354838898,0.48087096774193183,True,False,9,45,30
OLAELEC,2026-05-20,BUY,2026-05-20 09:30:00+05:30,2026-05-20 09:35:00+05:30,37.63881,37.63,37.15773662982338,37.62,37.79,37.39,37.46,37.218511226339366,37.57,36.02,1.5499999999999972,0.4722633701766199,0.4202987736606332,0.29985787078846676,0.060000000000002274,-0.4253056884635731,0.7749999999999986,0.1511899999999997,1.27881,0.19508387096774193,1.6500774193548418,False,True,9,35,20
OLAELEC,2026-05-22,BUY,2026-05-22 10:30:00+05:30,2026-05-22 10:35:00+05:30,36.168075,36.14,35.665414210889395,36.15,36.34,36.0,36.15,35.73398106580819,35.89,35.37,0.5200000000000031,0.47458578911060556,0.4340939341918144,0.020009590796725058,0.25,0.0,0.26000000000000156,0.6619249999999965,0.25807500000000516,2.545865384615356,0.9925961538461677,True,False,10,35,80
OLAELEC,2026-05-25,BUY,2026-05-25 14:55:00+05:30,2026-05-25 15:00:00+05:30,37.728855,37.71,37.077402358682995,37.71,38.13,37.52,38.03,37.20950591610628,37.38,36.36,1.0200000000000031,0.6325976413170054,0.5193490838937223,0.018232680294736694,0.3299999999999983,0.8485812781755531,0.5100000000000016,0.42114499999999566,0.2088549999999998,0.8257745098039105,0.40951960784313557,False,False,15,0,345
OLAELEC,2026-05-26,SELL,2026-05-26 14:00:00+05:30,2026-05-26 14:05:00+05:30,37.50124,37.52,37.963307309339534,37.52,37.66,37.5,37.63,37.95897462600291,38.29,37.7,0.5899999999999963,0.4433073093395308,0.45773462600291026,-0.003030333134237328,0.17999999999999972,0.29317697228143924,0.29499999999999815,0.13124000000000535,0.2487599999999972,0.44488135593222433,0.8432542372881314,False,False,14,5,290
OLAELEC,2026-05-27,BUY,2026-05-27 09:30:00+05:30,2026-05-27 09:35:00+05:30,38.069025,38.04,37.83726039024028,38.05,38.09,37.88,37.88,37.84993240603085,37.94,37.46,0.4799999999999969,0.2027396097597176,0.21909259396915104,0.05290045701404808,0.10000000000000142,-0.44678055190536803,0.23999999999999844,1.4209749999999985,0.3490250000000046,5.920729166666699,1.4542708333333618,True,True,9,35,20
OLAELEC,2026-05-29,BUY,2026-05-29 10:35:00+05:30,2026-05-29 10:40:00+05:30,41.60079,41.6,40.830692073163355,41.58,41.98,41.35,41.86,40.920665825260954,41.3,39.65,1.6499999999999986,0.7693079268366461,0.6801241747390492,0.015458036993236257,0.30000000000000426,0.6734006734006703,0.8249999999999993,1.279209999999999,0.6707900000000038,1.550557575757576,0.8130787878787932,False,False,10,40,85
OLAELEC,2026-06-01,SELL,2026-06-01 09:30:00+05:30,2026-06-01 09:35:00+05:30,40.43977,40.47,41.008725381299,40.46,40.47,40.0,40.29,40.88272641144021,42.0,40.5,1.5,0.5387253812990025,0.4429564114402069,-0.09549131991538559,0.030000000000001137,-0.42016806722690037,0.75,1.3097700000000003,1.0602299999999971,1.7463600000000004,1.4136399999999962,False,True,9,35,20
OLAELEC,2026-06-02,BUY,2026-06-02 14:05:00+05:30,2026-06-02 14:10:00+05:30,39.389685,39.37,38.93346529124102,39.37,39.39,39.3,39.32,38.93691002857756,39.3,38.08,1.2199999999999989,0.4365347087589768,0.4527749714224427,0.004527538635887321,0.07000000000000028,-0.12700025400049775,0.6099999999999994,0.6103149999999999,0.28968499999999864,1.0005163934426238,0.474893442622949,False,False,14,10,295
OLAELEC,2026-06-03,SELL,2026-06-03 09:30:00+05:30,2026-06-03 09:35:00+05:30,39.16041,39.15,39.526266737272614,39.18,39.35,39.14,39.35,39.50509048539019,40.0,39.23,0.7700000000000031,0.3762667372726156,0.34468048539019236,-0.048975231148297244,0.0799999999999983,0.4338948443083357,0.38500000000000156,0.020409999999998263,4.649590000000003,0.053012987012982286,12.076857142857103,False,True,9,35,20
OLAELEC,2026-06-03,BUY,2026-06-03 10:25:00+05:30,2026-06-03 10:30:00+05:30,40.12005,40.1,39.642226413133805,40.1,40.3,40.01,40.04,39.67371606235656,40.0,39.23,0.7700000000000031,0.45777358686619607,0.44633393764343765,0.01382478788575484,0.10000000000000142,-0.149625935162101,0.38500000000000156,3.689950000000003,0.16004999999999825,9.584285714285684,0.4157142857142795,True,False,10,30,75
OLAELEC,2026-06-04,SELL,2026-06-04 11:15:00+05:30,2026-06-04 11:20:00+05:30,43.248365,43.26,44.394455106947774,43.27,43.44,43.12,43.34,44.367185488669435,45.5,43.46,2.039999999999999,1.134455106947776,1.118820488669435,-0.01712498564672913,0.20000000000000284,0.16177490177953224,1.0199999999999996,0.42836499999999944,0.9516350000000031,0.4199656862745094,0.9329754901960818,False,False,11,20,125
OLAELEC,2026-06-05,BUY,2026-06-05 09:30:00+05:30,2026-06-05 09:35:00+05:30,44.66232,44.63,43.86635443912963,44.64,44.65,44.18,44.22,43.930216942601355,44.45,42.78,1.6700000000000017,0.7636455608703727,0.7321030573986462,0.18861608702867946,0.17999999999999972,-0.9408602150537626,0.8350000000000009,0.4376800000000003,1.372320000000002,0.5241676646706585,1.6434970059880247,False,True,9,35,20
OLAELEC,2026-06-08,BUY,2026-06-08 09:30:00+05:30,2026-06-08 09:35:00+05:30,46.133055,46.13,44.96656838011527,46.11,46.37,45.31,45.33,45.123386982940744,45.2,43.28,1.9200000000000017,1.163431619884733,1.009668017059255,0.15968381093973066,0.9299999999999997,-1.6916070266753458,0.9600000000000009,0.23694499999999863,2.693055000000001,0.2468177083333317,2.8052656249999988,False,True,9,35,20
OLAELEC,2026-06-09,BUY,2026-06-09 09:50:00+05:30,2026-06-09 09:55:00+05:30,46.073025,46.02,45.31920655373291,46.05,47.38,46.05,47.26,45.83338687753679,45.83,44.62,1.2100000000000009,0.7007934462670917,0.23963812246321226,0.03259276848883679,0.19000000000000483,2.6275787187839406,0.6050000000000004,2.976974999999996,0.02302500000000407,4.920619834710734,0.03805785123967612,True,False,9,55,40
OLAELEC,2026-06-09,BUY,2026-06-09 15:05:00+05:30,2026-06-09 15:10:00+05:30,47.76387,47.73,47.613931983354114,47.74,47.75,47.51,47.54,47.61374844072951,45.83,44.62,1.2100000000000009,0.11606801664588318,0.1501215592704881,0.004098097701068736,1.8999999999999986,-0.41893590280687176,0.6050000000000004,0.0,0.8938699999999997,0.0,1.4774710743801638,False,True,15,10,355
OLAELEC,2026-06-10,BUY,2026-06-10 09:50:00+05:30,2026-06-10 09:55:00+05:30,47.233605,47.2,46.72332725223706,47.21,47.22,46.72,46.75,46.736898229922915,47.18,46.03,1.1499999999999986,0.4766727477629402,0.49670677007708264,0.036470845906326814,0.020000000000003126,-0.9743698368989584,0.5749999999999993,0.9263949999999994,0.7836049999999943,1.6111217391304358,1.362791304347818,False,True,9,55,40
OLAELEC,2026-06-11,SELL,2026-06-11 10:00:00+05:30,2026-06-11 10:05:00+05:30,45.387295,45.39,46.74947339536476,45.41,45.44,44.31,44.73,46.48675311223035,48.19,46.6,1.5899999999999963,1.359473395364759,1.0994581122303515,-0.12302668012180538,1.2100000000000009,-1.4974675181678054,0.7949999999999982,1.967295,1.0627050000000011,2.4745849056603832,1.3367358490566084,True,True,10,5,50
OLAELEC,2026-06-12,SELL,2026-06-12 10:00:00+05:30,2026-06-12 10:05:00+05:30,45.89704,45.92,46.44392135318105,45.92,46.0,45.8,45.84,46.424226477823694,47.49,45.94,1.5500000000000043,0.5239213531810449,0.5271864778236974,-0.02791541297194019,0.01999999999999602,-0.17421602787456303,0.7750000000000021,0.647039999999997,0.7729600000000048,0.8348903225806389,0.9973677419354873,False,False,10,5,50
OLAELEC,2026-06-15,SELL,2026-06-15 10:05:00+05:30,2026-06-15 10:10:00+05:30,45.507235,45.54,46.09564350309882,45.53,45.54,45.03,45.23,46.009150431226736,46.74,45.75,0.990000000000002,0.5556435030988212,0.5019154312267347,-0.01329057701406622,0.21000000000000085,-0.6589062156819758,0.495000000000001,1.9972350000000034,0.342765,4.0348181818181805,0.692454545454544,True,False,10,10,55
OLAELEC,2026-06-16,SELL,2026-06-16 09:40:00+05:30,2026-06-16 09:45:00+05:30,43.05846,43.06,43.64367280103143,43.08,43.25,43.04,43.19,43.60728976732628,44.5,43.31,1.1899999999999977,0.583672801031426,0.5488297673262821,-0.06224096772751237,0.25,0.25533890436397755,0.5949999999999989,0.7984599999999986,0.60154,1.341949579831933,1.0109915966386573,False,True,9,45,30
OLAELEC,2026-06-17,SELL,2026-06-17 09:35:00+05:30,2026-06-17 09:40:00+05:30,42.95851,42.98,43.43624028545989,42.98,43.55,42.98,43.52,43.424712428030794,44.21,43.02,1.1899999999999977,0.4562402854598915,0.4662024280307975,-0.0016920448868137249,0.04000000000000625,1.2563983248022437,0.5949999999999989,0.6085099999999954,0.9314900000000037,1.0227058823529356,1.5655294117647152,False,True,9,40,25
OLAELEC,2026-06-18,BUY,2026-06-18 09:40:00+05:30,2026-06-18 09:45:00+05:30,43.531755,43.51,43.15724702641951,43.51,43.51,42.97,43.05,43.161067646021884,43.29,42.68,0.6099999999999994,0.3527529735804862,0.3706873539781128,0.03373086827767429,0.21999999999999886,-1.0572282233969221,0.3049999999999997,0.0,1.7317549999999997,0.0,5.677885245901644,False,True,9,45,30
OLAELEC,2026-06-18,SELL,2026-06-18 15:05:00+05:30,2026-06-18 15:10:00+05:30,42.498740000000005,42.52,42.84342001974475,42.52,42.67,42.44,42.48,42.833514708708165,43.29,42.68,0.6099999999999994,0.323420019744745,0.33477470870816006,-0.009032383865074876,0.1599999999999966,-0.09407337723426057,0.3049999999999997,0.6987400000000079,0.17125999999999664,2.290950819672159,0.5615081967213009,True,False,15,10,355
OLAELEC,2026-06-19,SELL,2026-06-19 09:35:00+05:30,2026-06-19 09:40:00+05:30,41.33932,41.39,41.82707734332252,41.36,41.5,41.25,41.28,41.76147498526803,42.2,41.64,0.5600000000000023,0.437077343322521,0.42215498526802975,-0.038131570915703315,0.25,-0.19342359767891004,0.28000000000000114,0.2893200000000036,1.5606799999999978,1.0332857142857228,5.573857142857112,False,True,9,40,25
OLAELEC,2026-06-19,BUY,2026-06-19 14:45:00+05:30,2026-06-19 14:50:00+05:30,42.791385000000005,42.78,41.804682281296266,42.77,42.78,42.16,42.47,41.83740560507258,42.2,41.64,0.5600000000000023,0.9753177187037352,0.9539793949274227,0.00885503023942415,0.5799999999999983,-0.7014262333411403,0.28000000000000114,0.0,0.7813850000000073,0.0,2.790660714285729,False,True,14,50,335
OLAELEC,2026-06-22,BUY,2026-06-22 09:35:00+05:30,2026-06-22 09:40:00+05:30,43.071525,43.04,42.66519729125816,43.05,43.05,42.8,42.82,42.70527185672694,42.83,42.27,0.5599999999999952,0.3748027087418393,0.36625314327306313,0.02051759042166649,0.21000000000000085,-0.5342624854819955,0.2799999999999976,0.6184749999999966,1.041525,2.2088392857142924,3.719732142857175,True,True,9,40,25
OLAELEC,2026-06-22,SELL,2026-06-22 14:05:00+05:30,2026-06-22 14:10:00+05:30,42.228875,42.25,42.74178735508807,42.25,42.37,42.23,42.34,42.73808370225245,42.83,42.27,0.5599999999999952,0.49178735508807137,0.509208702252451,-0.0018840285982291713,0.020000000000003126,0.21301775147930524,0.2799999999999976,0.0,0.6711249999999964,0.0,2.396875000000008,False,True,14,10,295
OLAELEC,2026-06-23,SELL,2026-06-23 10:25:00+05:30,2026-06-23 10:30:00+05:30,42.008985,42.02,42.280948605618555,42.03,42.09,42.0,42.07,42.26517718325222,42.72,42.06,0.6599999999999966,0.2609486056185517,0.2561921832522174,-0.007288541856530625,0.03999999999999915,0.09517011658339847,0.3299999999999983,0.13898500000000524,2.171014999999997,0.42116666666668473,6.578833333333359,False,True,10,30,75
OLAELEC,2026-06-24,SELL,2026-06-24 09:45:00+05:30,2026-06-24 09:50:00+05:30,42.61868,42.64,43.03428333684,42.64,42.71,42.5,42.71,43.00636846635305,43.94,42.68,1.259999999999998,0.3942833368399974,0.38768846635305465,-0.018363294554940606,0.03999999999999915,0.16416510318948419,0.629999999999999,0.11867999999999768,1.4213200000000015,0.18838095238094898,2.256063492063498,False,True,9,50,35
OLAELEC,2026-06-25,SELL,2026-06-25 12:25:00+05:30,2026-06-25 12:30:00+05:30,42.39879,42.4,42.61723063828293,42.42,42.42,42.22,42.33,42.604725864198116,43.18,42.41,0.7700000000000031,0.21723063828293476,0.2059358641981177,-0.0017937456044868902,0.00999999999999801,-0.21216407355022504,0.38500000000000156,1.128789999999995,0.22120999999999924,2.9319220779220534,0.5745714285714243,True,False,12,30,195
OLAELEC,2026-06-29,SELL,2026-06-29 11:30:00+05:30,2026-06-29 11:35:00+05:30,40.689645,40.71,41.01874366575953,40.71,40.8,40.71,40.76,41.0158662807068,41.73,40.75,0.9799999999999969,0.30874366575952905,0.3262212807068039,-0.004826932737546411,0.03999999999999915,0.1228199459592183,0.48999999999999844,0.8396449999999973,0.1703550000000007,1.713561224489796,0.347663265306125,False,False,11,35,140
OLAELEC,2026-06-30,BUY,2026-06-30 09:35:00+05:30,2026-06-30 09:40:00+05:30,41.710845,41.57,40.99914721882353,41.69,42.35,41.44,42.31,41.44342636463916,41.0,40.45,0.5499999999999972,0.5708527811764696,0.26741863536084054,0.05808173914199144,0.5700000000000003,1.4871671863756486,0.2749999999999986,3.239155000000004,0.27084500000000133,11.778745454545529,0.984890909090919,True,False,9,40,25
OLAELEC,2026-06-30,BUY,2026-06-30 10:15:00+05:30,2026-06-30 10:20:00+05:30,43.171575,43.18,43.15035140984011,43.15,43.18,42.59,42.65,43.124975672051264,41.0,40.45,0.5499999999999972,0.029648590159887078,0.04659932794873356,0.012088289679261805,2.1799999999999997,-1.1587485515643148,0.2749999999999986,1.7284250000000014,1.0115750000000006,6.285181818181856,3.6784545454545663,True,True,10,20,65
OLAELEC,2026-07-02,SELL,2026-07-02 13:45:00+05:30,2026-07-02 13:50:00+05:30,44.21788,44.22,44.61627021109957,44.24,44.35,44.22,44.28,44.613641147490284,45.56,44.25,1.3100000000000023,0.3962702110995693,0.39576114749028335,-0.004216020547586854,0.030000000000001137,0.09041591320071429,0.6550000000000011,0.10788000000000153,1.782119999999999,0.16470229007633794,2.720793893129765,False,True,13,50,275
OLAELEC,2026-07-02,BUY,2026-07-02 15:20:00+05:30,2026-07-02 15:25:00+05:30,45.90294,45.87,44.89584802558168,45.88,45.99,45.51,45.51,44.93396785031774,45.56,44.25,1.3100000000000023,0.9741519744183194,0.9689721496822585,0.05215981950710165,0.30999999999999517,-0.8064516129032362,0.6550000000000011,0.08706000000000103,0.39294000000000295,0.13291603053435247,0.5999083969465684,False,False,15,25,370
OLAELEC,2026-07-03,SELL,2026-07-03 10:55:00+05:30,2026-07-03 11:00:00+05:30,44.73762,44.8,45.13078328880936,44.76,44.9,44.75,44.88,45.12455658981955,45.83,44.82,1.009999999999998,0.33078328880936425,0.38693658981954826,-0.010242467040186179,0.020000000000003126,0.2680965147453085,0.504999999999999,0.7176199999999966,0.25238000000000227,1.4210297029702932,0.49976237623762926,False,False,11,0,105
OLAELEC,2026-07-06,SELL,2026-07-06 11:50:00+05:30,2026-07-06 11:55:00+05:30,43.148415,43.17,43.68531548844424,43.17,43.18,42.96,43.06,43.63151232982906,44.31,43.29,1.0200000000000031,0.5153154884442372,0.4830973298290573,-0.012483951935377699,0.11999999999999744,-0.2548065786425746,0.5100000000000016,1.5984150000000028,0.03158499999999975,3.134147058823525,0.06193137254901893,True,False,11,55,160
OLAELEC,2026-07-07,SELL,2026-07-07 09:35:00+05:30,2026-07-07 09:40:00+05:30,41.83907,41.84,42.25172524175629,41.86,41.98,41.81,41.94,42.23270142867506,42.85,41.9,0.9500000000000028,0.41172524175628666,0.3936314286750573,-0.020680133408387067,0.05999999999999517,0.191113234591489,0.4750000000000014,0.42907000000000295,1.1609300000000005,0.9033052631578983,2.4440631578947305,False,True,9,40,25
OLAELEC,2026-07-08,BUY,2026-07-08 09:30:00+05:30,2026-07-08 09:35:00+05:30,42.391185,42.38,42.10103212818205,42.37,42.42,42.21,42.4,42.13699749520092,42.32,41.79,0.5300000000000011,0.27896787181795446,0.25418750479907715,0.03249612719562246,0.060000000000002274,0.07080481472740985,0.26500000000000057,0.39881499999999903,1.6811849999999993,1.5049622641509366,6.344094339622625,False,True,9,35,20
OLAELEC,2026-07-09,BUY,2026-07-09 09:40:00+05:30,2026-07-09 09:45:00+05:30,41.76087,41.74,41.49686345191962,41.74,41.75,41.51,41.57,41.5071286294244,41.6,41.15,0.45000000000000284,0.2431365480803791,0.25374137057559665,0.017182911235470985,0.14000000000000057,-0.4072831816003819,0.22500000000000142,0.0,1.6108699999999985,0.0,7.159422222222171,False,True,9,45,30
OLAELEC,2026-07-09,SELL,2026-07-09 14:05:00+05:30,2026-07-09 14:10:00+05:30,40.809585,40.81,40.86691827182434,40.83,40.9,40.79,40.89,40.866870205260206,41.6,41.15,0.45000000000000284,0.05691827182433684,0.057285205260207306,-0.00041620803023584426,0.3399999999999963,0.14695077149156077,0.22500000000000142,0.5895849999999996,0.16041500000000042,2.6203777777777595,0.7129555555555529,True,False,14,10,295
OLAELEC,2026-07-10,BUY,2026-07-10 10:10:00+05:30,2026-07-10 10:15:00+05:30,41.360670000000006,41.33,40.89963971151081,41.34,41.36,41.04,41.05,40.92079157169104,41.1,40.61,0.490000000000002,0.43036028848919017,0.4398784283089654,0.02359667625824205,0.22999999999999687,-0.701499758103552,0.245000000000001,0.0,1.2506700000000066,0.0,5.104775510204088,False,True,10,15,60
OLAELEC,2026-07-10,SELL,2026-07-10 12:55:00+05:30,2026-07-10 13:00:00+05:30,40.569705000000006,40.6,40.908980626744004,40.59,40.65,40.58,40.64,40.90702481552707,41.1,40.61,0.490000000000002,0.3089806267440025,0.33731981552706714,-0.005677733092034816,0.00999999999999801,0.12318305001230989,0.245000000000001,0.4597050000000067,0.25029499999999416,1.8763469387755298,1.0216122448979312,False,True,13,0,225
OLAELEC,2026-07-13,BUY,2026-07-13 10:00:00+05:30,2026-07-13 10:05:00+05:30,40.250115,40.23,40.0102624981447,40.23,40.65,40.22,40.56,40.11060454051906,40.16,39.56,0.5999999999999943,0.21973750185529894,0.1395104594809382,0.006699001918061217,0.07000000000000028,0.8202833706189461,0.29999999999999716,0.5298850000000002,0.12011499999999842,1.7662833333333505,0.40038333333333187,False,False,10,5,50
OLAELEC,2026-07-14,SELL,2026-07-14 12:15:00+05:30,2026-07-14 12:20:00+05:30,39.790095,39.81,40.068601507530985,39.81,39.87,39.79,39.85,40.06505432273492,40.35,39.9,0.45000000000000284,0.2586015075309831,0.2749593227349223,-0.003299410284189109,0.0899999999999963,0.10047726701833959,0.22500000000000142,0.6600949999999983,0.12990500000000083,2.9337555555555297,0.5773555555555556,True,False,12,20,185
OLAELEC,2026-07-15,BUY,2026-07-15 10:10:00+05:30,2026-07-15 10:15:00+05:30,40.410195,40.39,40.11053727966507,40.39,40.62,40.35,40.37,40.143615504962156,40.3,39.43,0.8699999999999974,0.2794627203349336,0.2665794950378455,0.008366963172339887,0.09000000000000341,-0.049517207229521354,0.4349999999999987,1.3398049999999984,0.1301950000000005,3.080011494252879,0.29929885057471467,True,False,10,15,60
OLAELEC,2026-07-16,SELL,2026-07-16 09:30:00+05:30,2026-07-16 09:35:00+05:30,40.49974,40.52,40.7743574299395,40.52,40.62,40.47,40.49,40.74769276956421,41.09,40.65,0.44000000000000483,0.25435742993949617,0.24795276956420764,-0.032925585562528725,0.12999999999999545,-0.07403751233958644,0.22000000000000242,0.829740000000001,0.9002599999999958,3.771545454545418,4.092090909090845,True,True,9,35,20
OLAELEC,2026-07-16,SELL,2026-07-16 11:15:00+05:30,2026-07-16 11:20:00+05:30,40.61968,40.64,40.7977335290005,40.64,40.75,40.64,40.7,40.79704914631449,41.09,40.65,0.44000000000000483,0.15773352900050241,0.17736914631448997,-0.0015842673074095122,0.00999999999999801,0.1476377952756014,0.22000000000000242,0.9496800000000007,0.16031999999999869,4.316727272727229,0.7287272727272588,True,False,11,20,125
OLAELEC,2026-07-17,SELL,2026-07-17 11:30:00+05:30,2026-07-17 11:35:00+05:30,39.40029,39.4,39.65595686726787,39.42,39.45,39.4,39.42,39.65316682877518,40.16,39.46,0.6999999999999957,0.25595686726786937,0.2528768287751788,-0.004373688580895703,0.060000000000002274,0.0,0.34999999999999787,0.1902899999999974,0.9997100000000003,0.5436857142857102,2.856314285714304,False,True,11,35,140
OLAELEC,2026-07-17,BUY,2026-07-17 15:15:00+05:30,2026-07-17 15:20:00+05:30,40.210095,40.17,39.701803403454825,40.19,40.4,40.18,40.32,39.740957409924036,40.16,39.46,0.6999999999999957,0.46819659654517665,0.46913759007596667,0.02592268247339262,0.010000000000005116,0.32346354814631884,0.34999999999999787,0.189904999999996,0.03009500000000287,0.5425857142857061,0.085985714285723,False,False,15,20,365
OLAELEC,2026-07-20,SELL,2026-07-20 10:05:00+05:30,2026-07-20 10:10:00+05:30,39.46026,39.49,39.88073476392882,39.48,39.63,39.45,39.58,39.82491828115594,40.19,39.81,0.37999999999999545,0.390734763928819,0.3646582811559398,-0.014028612333595616,0.3200000000000003,0.2532928064842954,0.18999999999999773,0.6402599999999978,0.319740000000003,3.3697894736842393,1.6828421052631939,True,True,10,10,55
OLAELEC,2026-07-21,SELL,2026-07-21 10:45:00+05:30,2026-07-21 10:50:00+05:30,38.890545,38.91,39.21393631043026,38.91,38.97,38.84,38.96,39.195437602018714,39.5,38.98,0.5200000000000031,0.3039363104302666,0.30489260201871105,-0.0066144321938634044,0.07000000000000028,0.128501670521719,0.26000000000000156,0.3705449999999999,0.3094549999999998,1.425173076923068,1.1902115384615306,False,True,10,50,95
OLAELEC,2026-07-22,SELL,2026-07-22 09:35:00+05:30,2026-07-22 09:40:00+05:30,38.02098,38.03,38.43496465148497,38.04,38.1,38.02,38.06,38.403089565292156,38.99,38.25,0.740000000000002,0.40496465148496696,0.38210956529215423,-0.09979882981810533,0.21999999999999886,0.0525762355415349,0.370000000000001,1.7609800000000035,0.109020000000001,4.759405405405402,0.2946486486486506,True,False,9,40,25
OLAELEC,2026-07-23,BUY,2026-07-23 10:45:00+05:30,2026-07-23 10:50:00+05:30,37.668825,37.64,37.100976851058455,37.65,37.9,37.6,37.9,37.14243195995482,37.6,36.16,1.4400000000000048,0.5390231489415456,0.5263930400451784,0.015276547939828748,0.03999999999999915,0.6640106241699861,0.7200000000000024,0.5911749999999998,0.9288249999999962,0.8210763888888858,1.2900347222222126,False,True,10,50,95
OLAELEC,2026-07-24,SELL,2026-07-24 09:40:00+05:30,2026-07-24 09:45:00+05:30,36.511735,36.51,36.715169578398026,36.53,36.58,36.47,36.49,36.706829350981046,36.97,36.52,0.44999999999999574,0.20516957839802785,0.19509435098104433,-0.016937385532032712,0.010000000000005116,-0.10949904188337634,0.22499999999999787,0.24173499999999848,1.2382649999999984,1.0743777777777812,5.503400000000045,False,True,9,45,30
OLAELEC,2026-07-24,BUY,2026-07-24 13:10:00+05:30,2026-07-24 13:15:00+05:30,37.07853,37.06,36.6903685445907,37.06,37.09,36.93,36.98,36.697098050857754,36.97,36.52,0.44999999999999574,0.369631455409305,0.38143194914224665,0.003047434138213007,0.09000000000000341,-0.21586616297897265,0.22499999999999787,0.6714699999999993,0.2785300000000035,2.9843111111111367,1.2379111111111383,True,True,13,15,240
OLAELEC,2026-07-27,SELL,2026-07-27 10:25:00+05:30,2026-07-27 10:30:00+05:30,37.231375,37.25,37.44479367925426,37.25,37.36,37.24,37.26,37.43350914912121,37.68,37.3,0.38000000000000256,0.1947936792542606,0.20213414912120697,-0.00654654183804345,0.04999999999999716,0.026845637583883253,0.19000000000000128,0.19137500000000074,0.31862499999999727,1.0072368421052602,1.6769736842105007,False,True,10,30,75
OLAELEC,2026-07-28,SELL,2026-07-28 09:30:00+05:30,2026-07-28 09:35:00+05:30,37.091445,37.1,37.27865094345307,37.11,37.6,37.1,37.5,37.31881618917074,37.5,37.11,0.39000000000000057,0.17865094345307142,0.22737118917073929,-0.03487277426564933,0.00999999999999801,1.0509296685529579,0.19500000000000028,0.14144499999999738,0.5785550000000015,0.7253589743589599,2.9669487179487213,False,True,9,35,20
OLAELEC,2026-07-28,SELL,2026-07-28 10:00:00+05:30,2026-07-28 10:05:00+05:30,37.04147,37.06,37.31710706214104,37.06,37.29,36.95,37.22,37.29882012383717,37.5,37.11,0.39000000000000057,0.2571070621410385,0.2573501238371705,-0.0010193154880174017,0.04999999999999716,0.4317323259579009,0.19500000000000028,0.09146999999999395,0.6285300000000049,0.46907692307689136,3.2232307692307898,False,True,10,5,50
OLAELEC,2026-07-28,BUY,2026-07-28 10:55:00+05:30,2026-07-28 11:00:00+05:30,37.51875,37.51,37.32334660440314,37.5,37.53,37.42,37.48,37.325262335560446,37.5,37.11,0.39000000000000057,0.18665339559685634,0.19348766443955157,0.0032609120376309478,0.00999999999999801,-0.05333333333333856,0.19500000000000028,0.15125000000000455,0.5587499999999963,0.7756410256410479,2.8653846153845923,False,True,11,0,105
OLAELEC,2026-07-28,SELL,2026-07-28 14:05:00+05:30,2026-07-28 14:10:00+05:30,37.08145,37.1,37.33438560334932,37.1,37.1,37.06,37.07,37.33334268274343,37.5,37.11,0.39000000000000057,0.2343856033493168,0.25189268274343135,-0.0014802994117998128,0.00999999999999801,-0.08086253369272711,0.19500000000000028,0.12144999999999584,0.17855000000000132,0.6228205128204906,0.9156410256410311,False,False,14,10,295
OLAELEC,2026-07-30,SELL,2026-07-30 10:25:00+05:30,2026-07-30 10:30:00+05:30,37.711135,37.73,37.88503685296582,37.73,37.73,37.6,37.68,37.8715385211906,38.18,37.75,0.4299999999999997,0.15503685296582148,0.1604035211906023,-0.0060453015598952485,0.020000000000003126,-0.13252054068380037,0.21499999999999986,0.11113499999999732,0.3088650000000044,0.516906976744174,1.4365813953488586,False,True,10,30,75
OLAELEC,2026-07-31,BUY,2026-07-31 09:50:00+05:30,2026-07-31 09:55:00+05:30,38.309145,38.3,37.965291460771276,38.29,38.33,38.15,38.15,37.98502080825467,38.03,37.61,0.4200000000000017,0.33470853922872124,0.3241241917453337,0.019427777293231835,0.269999999999996,-0.3656307129798919,0.21000000000000085,0.5908549999999977,0.21914499999999748,2.813595238095216,1.0435476190476027,True,True,9,55,40
OLAELEC,2026-08-04,BUY,2026-08-04 09:50:00+05:30,2026-08-04 09:55:00+05:30,39.27963,39.26,39.01763619300434,39.26,39.45,39.24,39.31,39.05536728845181,39.25,38.71,0.5399999999999991,0.2423638069956553,0.22426271154818522,0.00929778528853843,0.00999999999999801,0.12735608762100004,0.2699999999999996,0.42037000000000546,1.0696299999999965,1.5569259259259487,3.961592592592586,False,True,9,55,40
OLAELEC,2026-08-04,SELL,2026-08-04 13:35:00+05:30,2026-08-04 13:40:00+05:30,38.68065,38.7,39.109491410097114,38.7,38.73,38.66,38.69,39.10512223557472,39.25,38.71,0.5399999999999991,0.409491410097111,0.4244722355747186,-0.0027060324021886536,0.00999999999999801,-0.025839793281667855,0.2699999999999996,0.4706499999999991,0.1393500000000003,1.7431481481481477,0.5161111111111131,False,False,13,40,265
OLAELEC,2026-08-05,BUY,2026-08-05 09:30:00+05:30,2026-08-05 09:35:00+05:30,41.190585,41.13,40.229169409820315,41.17,41.28,40.64,40.99,40.42848987273666,40.45,38.72,1.730000000000004,0.9008305901796874,0.7620951272633363,0.38218900726827587,0.6799999999999997,-0.4372115618168526,0.865000000000002,1.4094150000000027,0.5505849999999981,1.6293815028901728,0.6365144508670484,False,False,9,35,20
OLAELEC,2026-08-07,SELL,2026-08-07 10:15:00+05:30,2026-08-07 10:20:00+05:30,41.11943,41.13,41.376000069448146,41.14,41.19,41.11,41.16,41.367981975573066,41.74,41.2,0.5399999999999991,0.24600006944814368,0.24855197557306496,-0.003472589514949474,0.07000000000000028,0.048614487117149,0.2699999999999996,0.35943000000000325,0.29056999999999533,1.3312222222222363,1.0761851851851696,False,True,10,20,65
OLAELEC,2026-08-10,BUY,2026-08-10 09:35:00+05:30,2026-08-10 09:40:00+05:30,40.370175,40.37,39.71177247807429,40.35,40.35,40.05,40.18,39.747846737231725,39.86,38.85,1.009999999999998,0.6582275219257099,0.6223282627682778,0.08426373822977529,0.509999999999998,-0.4213135068153684,0.504999999999999,0.6298249999999967,1.1901750000000035,1.2471782178217783,2.3567821782178333,False,True,9,40,25
OLAELEC,2026-08-12,SELL,2026-08-12 09:40:00+05:30,2026-08-12 09:45:00+05:30,39.770105,39.73,40.13260406024932,39.79,39.79,39.45,39.59,40.05522695416328,40.81,39.85,0.9600000000000009,0.40260406024932394,0.2851219541632801,-0.03395842228337608,0.12000000000000455,-0.5026388539834059,0.4800000000000004,0.4801050000000018,0.3198950000000025,1.0002187500000028,0.6664479166666712,False,False,9,45,30
OLAELEC,2026-08-13,SELL,2026-08-13 09:40:00+05:30,2026-08-13 09:45:00+05:30,39.910035,39.92,40.18460798772011,39.93,39.97,39.91,39.91,40.17500493967962,40.41,40.0,0.4099999999999966,0.26460798772011174,0.2649699396796166,0.0015643640856009683,0.0799999999999983,-0.050087653393449116,0.2049999999999983,0.6600350000000006,0.10996500000000253,3.219682926829298,0.5364146341463583,True,False,9,45,30
OLAELEC,2026-08-14,SELL,2026-08-14 09:35:00+05:30,2026-08-14 09:40:00+05:30,39.110435,39.13,39.42496685073723,39.13,39.13,39.03,39.03,39.39447889129299,39.79,39.21,0.5799999999999983,0.2949668507372252,0.28404389129298835,-0.0609147286494882,0.0799999999999983,-0.2555583950932805,0.28999999999999915,0.6504350000000017,0.019565000000000055,2.24287931034484,0.0674655172413797,True,False,9,40,25
SUZLON,2025-08-18,SELL,2025-08-18 09:40:00+05:30,2025-08-18 09:45:00+05:30,60.099935,60.12,60.57959841187944,60.13,60.29,60.0,60.28,60.53364122137112,61.64,60.2,1.4399999999999977,0.4595984118794405,0.4337062213711178,-0.06341457432968513,0.0800000000000054,0.2494595044071124,0.7199999999999989,3.4799350000000047,0.3000649999999965,4.833243055555569,0.4167569444444402,True,False,9,45,30
SUZLON,2025-08-18,SELL,2025-08-18 15:15:00+05:30,2025-08-18 15:20:00+05:30,57.961005,57.99,58.40591001458207,57.99,58.15,57.94,57.98,58.39631024576943,61.64,60.2,1.4399999999999977,0.41591001458206733,0.43530524576942753,-0.010147315298964458,2.210000000000001,-0.017244352474576896,0.7199999999999989,0.021005000000002383,0.18899499999999847,0.029173611111114467,0.26249305555555386,False,False,15,20,365
SUZLON,2025-08-19,BUY,2025-08-19 10:40:00+05:30,2025-08-19 10:45:00+05:30,58.6293,58.6,58.243248641971,58.6,58.61,58.41,58.44,58.24952387928287,58.54,57.72,0.8200000000000003,0.35675135802900115,0.37977612071713196,0.009656098829231888,0.060000000000002274,-0.27303754266212454,0.41000000000000014,1.1206999999999994,0.24929999999999808,2.733414634146339,0.6080487804878,True,False,10,45,90
SUZLON,2025-08-20,SELL,2025-08-20 09:50:00+05:30,2025-08-20 09:55:00+05:30,59.220375,59.26,59.47943921012335,59.25,59.49,59.23,59.42,59.468396045782846,59.72,59.3,0.4200000000000017,0.21943921012335466,0.24802104578284911,-0.012607491462289663,0.03999999999999915,0.28691983122364206,0.21000000000000085,0.0,1.1296250000000043,0.0,5.3791666666666655,False,True,9,55,40
SUZLON,2025-08-20,BUY,2025-08-20 15:05:00+05:30,2025-08-20 15:10:00+05:30,59.919945,59.9,59.8769922812383,59.89,59.9,59.82,59.83,59.87642464479135,59.72,59.3,0.4200000000000017,0.02300771876169705,0.043520355208649164,0.0011522390566942999,0.17999999999999972,-0.10018367006178197,0.21000000000000085,0.0,0.14994499999999533,0.0,0.7140238095237844,False,False,15,10,355
SUZLON,2025-08-21,SELL,2025-08-21 11:30:00+05:30,2025-08-21 11:35:00+05:30,59.420275,59.44,59.79958140716958,59.45,59.49,59.43,59.48,59.78689416125876,60.24,59.62,0.6200000000000045,0.35958140716958553,0.36661916125876104,-0.005479231648632063,0.17999999999999972,0.05046257359124784,0.3100000000000023,1.4102749999999986,0.07972500000000338,4.549274193548349,0.2571774193548477,True,False,11,35,140
SUZLON,2025-08-22,BUY,2025-08-22 09:40:00+05:30,2025-08-22 09:45:00+05:30,59.259615,59.26,58.8403478583694,59.23,59.25,58.91,59.09,58.86387803639995,59.15,58.24,0.9099999999999966,0.41965214163059983,0.3957369636000436,0.031335640997965354,0.10999999999999943,-0.23636670606110854,0.4549999999999983,0.0,1.1996149999999943,0.0,2.636516483516481,False,True,9,45,30
SUZLON,2025-08-25,SELL,2025-08-25 09:30:00+05:30,2025-08-25 09:35:00+05:30,57.971,57.98,58.3657092398525,58.0,58.17,58.0,58.07,58.32858243627063,59.04,58.11,0.9299999999999997,0.3857092398525026,0.3575824362706328,-0.0707724342963321,0.13000000000000256,0.12068965517242347,0.46499999999999986,0.6109999999999971,0.19900000000000517,1.3139784946236501,0.42795698924732306,False,False,9,35,20
SUZLON,2025-08-26,SELL,2025-08-26 09:30:00+05:30,2025-08-26 09:35:00+05:30,56.79159,56.84,57.07759101122506,56.82,56.82,56.61,56.65,57.00303350855178,57.45,56.86,0.5900000000000034,0.23759101122505655,0.21144350855178118,-0.02975669585896782,0.01999999999999602,-0.29919042590637046,0.2950000000000017,0.18158999999999992,0.4784100000000038,0.6155593220338945,1.6217288135593255,False,True,9,35,20
SUZLON,2025-08-28,SELL,2025-08-28 09:30:00+05:30,2025-08-28 09:35:00+05:30,55.93202,55.97,56.32687017469516,55.96,56.23,55.91,56.14,56.29239151655673,57.31,56.04,1.2700000000000031,0.35687017469516036,0.36037151655672517,-0.12457887178149278,0.07000000000000028,0.32165832737669486,0.6350000000000016,0.022020000000004814,1.2979799999999955,0.0346771653543382,2.044062992125972,False,True,9,35,20
SUZLON,2025-08-29,SELL,2025-08-29 09:30:00+05:30,2025-08-29 09:35:00+05:30,55.7721,55.82,56.1874856645779,55.8,55.82,55.53,55.77,56.03698484836084,56.65,55.94,0.7100000000000009,0.3674856645778988,0.26488484836083614,-0.07082543527595687,0.11999999999999744,-0.05376344086019946,0.3550000000000004,0.24210000000000065,1.3778999999999968,0.6819718309859165,3.8814084507042117,False,True,9,35,20
SUZLON,2025-08-29,BUY,2025-08-29 11:25:00+05:30,2025-08-29 11:30:00+05:30,56.74836,56.72,56.13196680088086,56.72,56.98,56.7,56.95,56.16645480988073,56.65,55.94,0.7100000000000009,0.5880331991191383,0.5819051901192651,0.013909639210982637,0.07000000000000028,0.405500705218631,0.3550000000000004,0.40164000000000044,0.3983599999999967,1.1313802816901408,1.122140845070412,False,True,11,30,135
SUZLON,2025-09-01,BUY,2025-09-01 15:05:00+05:30,2025-09-01 15:10:00+05:30,57.918945,57.86,57.38412781332543,57.89,57.96,57.81,57.85,57.40131719420518,57.84,56.57,1.2700000000000031,0.47587218667457165,0.5176278057948238,0.006111537799620847,0.01999999999999602,-0.06909656244601381,0.6350000000000016,0.061054999999996085,0.10894499999999852,0.0961496062992062,0.17156692913385552,False,False,15,10,355
SUZLON,2025-09-02,SELL,2025-09-02 13:55:00+05:30,2025-09-02 14:00:00+05:30,58.05096,58.07,58.585900387350534,58.08,58.15,58.03,58.12,58.58046329291232,59.0,58.11,0.8900000000000006,0.5159003873505341,0.5295032929123167,-0.0055341735187083895,0.03999999999999915,0.06887052341597588,0.4450000000000003,0.15096000000000487,0.3890399999999943,0.3392359550561905,0.8742471910112225,False,False,14,0,285
SUZLON,2025-09-03,BUY,2025-09-03 09:50:00+05:30,2025-09-03 09:55:00+05:30,58.58928,58.56,58.41825125190263,58.56,58.57,58.4,58.47,58.423167899915256,58.5,58.19,0.3100000000000023,0.14174874809737048,0.16611210008474586,0.011286468074460074,0.060000000000002274,-0.15368852459016757,0.15500000000000114,0.13071999999999662,0.6892800000000037,0.8433548387096494,4.446967741935475,False,True,9,55,40
SUZLON,2025-09-03,SELL,2025-09-03 11:00:00+05:30,2025-09-03 11:05:00+05:30,58.11093,58.14,58.378820586877325,58.14,58.23,58.07,58.18,58.36818242942646,58.5,58.19,0.3100000000000023,0.2388205868773241,0.2572524294264582,-0.007268371363416555,0.04999999999999716,0.06879944960440643,0.15500000000000114,0.21093000000000472,0.6090699999999956,1.36083870967744,3.9294838709676845,False,True,11,5,110
SUZLON,2025-09-03,BUY,2025-09-03 11:25:00+05:30,2025-09-03 11:30:00+05:30,58.54926,58.52,58.37609123924331,58.52,58.62,58.5,58.53,58.383979916255115,58.5,58.19,0.3100000000000023,0.14390876075669468,0.16528008374488223,-0.00015630407354405427,0.020000000000003126,0.017088174982915483,0.15500000000000114,0.1707400000000021,0.6492599999999982,1.1015483870967797,4.188774193548345,False,True,11,30,135
SUZLON,2025-09-03,SELL,2025-09-03 14:55:00+05:30,2025-09-03 15:00:00+05:30,58.000985,58.03,58.32913683591865,58.03,58.1,58.03,58.07,58.32334628124559,58.5,58.19,0.3100000000000023,0.29913683591865237,0.32236128124559116,-0.006583170809668663,0.1599999999999966,0.06892986386350941,0.15500000000000114,0.10098500000000143,0.09901500000000141,0.6515161290322625,0.6388064516129076,False,False,15,0,345
SUZLON,2025-09-04,SELL,2025-09-04 10:10:00+05:30,2025-09-04 10:15:00+05:30,58.260855,58.29,58.6010078612787,58.29,58.38,58.22,58.38,58.574693906541164,58.85,58.32,0.5300000000000011,0.3110078612787035,0.3138389065411644,-0.003506129576043037,0.030000000000001137,0.15440041173444552,0.26500000000000057,0.9908549999999963,0.18914500000000345,3.739075471698091,0.7137547169811436,True,False,10,15,60
SUZLON,2025-09-05,SELL,2025-09-05 12:45:00+05:30,2025-09-05 12:50:00+05:30,57.29134,57.31,57.57502314959046,57.32,57.34,57.3,57.34,57.57234436543019,57.88,57.32,0.5600000000000023,0.2650231495904549,0.28100436543019214,-0.0027400276439657318,0.00999999999999801,0.03489183531053541,0.28000000000000114,0.0,0.8586600000000004,0.0,3.0666428571428463,False,True,12,50,215
SUZLON,2025-09-05,BUY,2025-09-05 14:10:00+05:30,2025-09-05 14:15:00+05:30,57.92895,57.89,57.63196167827587,57.9,57.94,57.87,57.88,57.63416041217657,57.88,57.32,0.5600000000000023,0.2580383217241291,0.29478958782343057,0.005027817152917812,0.00999999999999801,-0.03454231433505095,0.28000000000000114,0.031050000000000466,0.16895000000000238,0.11089285714285836,0.6033928571428632,False,False,14,15,300
SUZLON,2025-09-08,SELL,2025-09-08 13:50:00+05:30,2025-09-08 13:55:00+05:30,57.65116,57.66,57.950546403714085,57.68,57.7,57.65,57.65,57.94704147673034,58.25,57.76,0.490000000000002,0.2905464037140888,0.2958814767303437,-0.0022409069540104414,0.10000000000000142,-0.05201109570042162,0.245000000000001,0.3011599999999959,0.11884000000000583,1.2292244897958966,0.48506122448981775,False,False,13,55,280
SUZLON,2025-09-09,SELL,2025-09-09 11:45:00+05:30,2025-09-09 11:50:00+05:30,57.021475,57.05,57.24673439867654,57.05,57.08,57.04,57.08,57.24459185801299,57.75,57.06,0.6899999999999977,0.19673439867653997,0.22311685801298609,-0.0026763094518391295,0.010000000000005116,0.052585451358466706,0.34499999999999886,0.021475000000002353,0.21852499999999964,0.06224637681160123,0.6334057971014503,False,False,11,50,155
SUZLON,2025-09-11,SELL,2025-09-11 11:35:00+05:30,2025-09-11 11:40:00+05:30,57.351310000000005,57.4,57.61335582920093,57.38,57.4,57.25,57.27,57.60464185569119,58.04,57.41,0.6300000000000026,0.21335582920092833,0.25333185569118655,-0.003472696912782784,0.00999999999999801,-0.19170442662949094,0.3150000000000013,0.47131000000000256,0.04868999999999346,1.4962222222222243,0.15457142857140718,False,False,11,40,145
SUZLON,2025-09-12,SELL,2025-09-12 09:55:00+05:30,2025-09-12 10:00:00+05:30,56.981495,57.02,57.13347161815009,57.01,57.07,57.01,57.05,57.12864697925783,57.32,57.06,0.259999999999998,0.11347161815008633,0.14715197925782775,-0.0052670914917388525,0.03999999999999915,0.07016312927556889,0.129999999999999,0.2514950000000056,0.43850499999999926,1.9345769230769807,3.3731153846154047,False,True,10,0,45
SUZLON,2025-09-15,BUY,2025-09-15 10:05:00+05:30,2025-09-15 10:10:00+05:30,58.219095,58.19,57.88944041254453,58.19,58.19,57.85,58.0,57.898196263640926,58.14,57.2,0.9399999999999977,0.3005595874554672,0.3208987363590765,0.012950821589726765,0.04999999999999716,-0.32651658360542957,0.46999999999999886,0.23090499999999992,0.4490949999999998,0.4912872340425542,0.9555212765957466,False,False,10,10,55
SUZLON,2025-09-16,BUY,2025-09-16 11:25:00+05:30,2025-09-16 11:30:00+05:30,59.60979,59.56,58.83777920491654,59.58,59.65,59.29,59.3,58.87347812721725,59.28,58.29,0.990000000000002,0.7222207950834658,0.7363118727827498,0.016435423688246353,0.28000000000000114,-0.46995636119503414,0.495000000000001,0.040210000000001855,0.7897899999999964,0.08123232323232682,1.5955353535353431,False,True,11,30,135
SUZLON,2025-09-17,SELL,2025-09-17 09:45:00+05:30,2025-09-17 09:50:00+05:30,59.240365,59.27,59.67389265380522,59.27,59.33,59.22,59.3,59.656259378451374,60.08,59.4,0.6799999999999997,0.4038926538052152,0.41589437845137667,-0.02265336344715353,0.12999999999999545,0.050615825881550336,0.33999999999999986,0.49036499999999705,0.24963500000000494,1.442249999999992,0.7342205882353089,False,False,9,50,35
SUZLON,2025-09-18,SELL,2025-09-18 10:10:00+05:30,2025-09-18 10:15:00+05:30,59.200385,59.23,59.44127590147503,59.23,59.25,59.19,59.21,59.431399180006025,59.66,59.25,0.4099999999999966,0.21127590147503383,0.2310141800060279,-0.006876407679540908,0.020000000000003126,-0.03376667229444408,0.2049999999999983,0.45038499999999715,0.1796150000000054,2.1970000000000045,0.8761707317073507,True,False,10,15,60
SUZLON,2025-09-19,BUY,2025-09-19 10:20:00+05:30,2025-09-19 10:25:00+05:30,59.98998,59.95,59.540205353465716,59.96,60.05,59.7,59.73,59.58509374819847,59.7,59.06,0.6400000000000006,0.4097946465342872,0.4048862518015355,0.017131187293287265,0.25,-0.3835890593729241,0.3200000000000003,0.6200199999999967,0.40998000000000445,1.9375624999999879,1.2811875000000128,False,True,10,25,70
SUZLON,2025-09-22,BUY,2025-09-22 09:30:00+05:30,2025-09-22 09:35:00+05:30,60.860415,60.83,60.60830743193688,60.83,60.84,60.75,60.81,60.628980238193876,60.75,60.2,0.5499999999999972,0.2216925680631192,0.23143476180612765,0.015938393663157562,0.0799999999999983,-0.032878513891165806,0.2749999999999986,0.1095849999999956,1.1904150000000016,0.3984909090908952,4.328781818181846,False,True,9,35,20
SUZLON,2025-09-22,SELL,2025-09-22 14:10:00+05:30,2025-09-22 14:15:00+05:30,60.14991,60.18,60.580065807695256,60.18,60.2,60.16,60.18,60.57701864513497,60.75,60.2,0.5499999999999972,0.4000658076952561,0.4271086451349717,-0.004126981208473182,0.020000000000003126,0.0,0.2749999999999986,0.47990999999999673,0.11008999999999958,1.7451272727272698,0.40032727272727325,False,False,14,15,300
SUZLON,2025-09-23,SELL,2025-09-23 09:45:00+05:30,2025-09-23 09:50:00+05:30,59.45026,59.47,59.77002748332927,59.48,59.5,59.4,59.43,59.74816845149945,60.13,59.55,0.5800000000000054,0.30002748332927354,0.29790845149945255,-0.01950996818509222,0.0799999999999983,-0.0840618695359785,0.2900000000000027,0.8202599999999975,0.08973999999999904,2.828482758620655,0.3094482758620628,True,False,9,50,35
SUZLON,2025-09-24,SELL,2025-09-24 11:05:00+05:30,2025-09-24 11:10:00+05:30,58.040965,58.07,58.368398332317156,58.07,58.16,58.07,58.14,58.35959381725151,58.88,58.15,0.730000000000004,0.29839833231715573,0.3186288172515077,-0.0035490396437178793,0.0799999999999983,0.12054417082831836,0.365000000000002,0.6809650000000005,0.15903500000000292,1.8656575342465664,0.4357123287671289,False,False,11,10,115
SUZLON,2025-09-25,SELL,2025-09-25 12:40:00+05:30,2025-09-25 12:45:00+05:30,57.321325,57.35,57.76568229852728,57.35,57.37,57.26,57.29,57.748600527901615,58.2,57.46,0.740000000000002,0.41568229852727967,0.4272755279016138,-0.005039261916682652,0.10999999999999943,-0.10462074978204727,0.370000000000001,0.8713249999999988,0.1286750000000012,2.354932432432423,0.3477702702702726,True,False,12,45,210
SUZLON,2025-09-26,SELL,2025-09-26 09:30:00+05:30,2025-09-26 09:35:00+05:30,56.381795,56.4,56.63537324246024,56.41,56.52,56.3,56.42,56.60465815135381,56.99,56.45,0.5399999999999991,0.23537324246024127,0.2228631513538133,-0.05587054499081115,0.05000000000000426,0.01772735330616282,0.2699999999999996,1.2317949999999982,0.8482050000000001,4.562203703703704,3.1415000000000055,True,True,9,35,20
SUZLON,2025-09-26,BUY,2025-09-26 09:55:00+05:30,2025-09-26 10:00:00+05:30,57.14856,57.12,56.724467079567624,57.12,57.15,56.85,56.88,56.737868325264316,56.99,56.45,0.5399999999999991,0.3955329204323732,0.4106916747356877,0.020475635958504004,0.12999999999999545,-0.42016806722687816,0.2699999999999996,0.0014399999999952229,1.9985600000000048,0.0053333333333156485,7.402074074074103,False,True,10,0,45
SUZLON,2025-09-29,SELL,2025-09-29 11:45:00+05:30,2025-09-29 11:50:00+05:30,55.422275000000006,55.45,55.99426218222525,55.45,55.49,55.42,55.45,55.986321663853836,56.36,55.5,0.8599999999999994,0.5442621822252462,0.56404666385383,-0.012120446259121771,0.04999999999999716,0.0,0.4299999999999997,0.2722750000000076,0.5777249999999938,0.6331976744186227,1.3435465116278935,False,True,11,50,155
SUZLON,2025-09-30,SELL,2025-09-30 10:25:00+05:30,2025-09-30 10:30:00+05:30,54.91253,54.93,55.10473902653981,54.94,54.95,54.67,54.75,55.074598102025135,55.46,54.96,0.5,0.174739026539811,0.16206810202513822,-0.0010051002707071276,0.030000000000001137,-0.34583181652712014,0.25,0.5025300000000001,0.2874700000000061,2.0101200000000006,1.1498800000000244,True,True,10,30,75
SUZLON,2025-10-01,BUY,2025-10-01 09:30:00+05:30,2025-10-01 09:35:00+05:30,55.297635,55.27,55.15209039894927,55.27,55.36,55.15,55.18,55.16454000266759,55.26,54.96,0.29999999999999716,0.11790960105073367,0.1330949973324067,0.003031657206503174,0.010000000000005116,-0.16283698208793274,0.14999999999999858,0.06236499999999978,0.6976349999999982,0.41576666666666917,4.650900000000032,False,True,9,35,20
SUZLON,2025-10-01,SELL,2025-10-01 10:00:00+05:30,2025-10-01 10:05:00+05:30,54.83257,54.85,55.12425781775863,54.86,54.95,54.76,54.89,55.099377706967516,55.26,54.96,0.29999999999999716,0.274257817758631,0.2668077069675192,-0.007285531824478402,0.10999999999999943,0.05468465184104154,0.14999999999999858,0.2325699999999955,0.5174300000000045,1.5504666666666513,3.449533333333396,False,True,10,5,50
SUZLON,2025-10-03,SELL,2025-10-03 09:45:00+05:30,2025-10-03 09:50:00+05:30,54.902535,54.92,55.16933613083808,54.93,54.97,54.87,54.9,55.14962810073996,55.48,55.0,0.4799999999999969,0.24933613083808126,0.24709310073995994,-0.024196972860561793,0.0799999999999983,-0.05461496450027692,0.23999999999999844,1.0525349999999989,0.17746499999999799,4.385562500000024,0.7394374999999964,True,False,9,50,35
SUZLON,2025-10-06,SELL,2025-10-06 09:30:00+05:30,2025-10-06 09:35:00+05:30,54.63267,54.69,54.827675097299746,54.66,54.8,54.61,54.77,54.81845422348686,55.17,54.71,0.46000000000000085,0.13767509729974847,0.18578422348686274,-0.028369918748100874,0.020000000000003126,0.20124405415296032,0.23000000000000043,0.7126699999999957,0.16732999999999976,3.09856521739128,0.7275217391304324,True,False,9,35,20
SUZLON,2025-10-07,BUY,2025-10-07 09:30:00+05:30,2025-10-07 09:35:00+05:30,54.54726,54.5,54.31149270874636,54.52,54.8,54.5,54.69,54.399646034617035,54.42,54.05,0.37000000000000455,0.18850729125364296,0.14761396538296623,0.015522261290271283,0.0799999999999983,0.3118121790168571,0.18500000000000227,0.25273999999999575,0.5972599999999986,1.3661621621621223,3.228432432432385,False,True,9,35,20
SUZLON,2025-10-07,SELL,2025-10-07 15:00:00+05:30,2025-10-07 15:05:00+05:30,53.973,54.0,54.25798209583616,54.0,54.03,53.99,54.02,54.253825035594616,54.42,54.05,0.37000000000000455,0.2579820958361623,0.28082503559461713,-0.002801641810952836,0.04999999999999716,0.037037037037035425,0.18500000000000227,0.022999999999996135,0.14699999999999847,0.1243243243243019,0.7945945945945765,False,False,15,5,350
SUZLON,2025-10-08,SELL,2025-10-08 10:10:00+05:30,2025-10-08 10:15:00+05:30,53.663155,53.69,53.9311966767241,53.69,53.73,53.58,53.63,53.90520425647865,54.14,53.85,0.28999999999999915,0.24119667672410117,0.24204925647864428,-0.0070267604587816905,0.1600000000000037,-0.11175265412552982,0.14499999999999957,1.0031550000000067,0.0668449999999936,6.918310344827653,0.4609999999999572,True,False,10,15,60
SUZLON,2025-10-09,SELL,2025-10-09 09:55:00+05:30,2025-10-09 10:00:00+05:30,52.65366,52.69,53.048968351802344,52.68,52.78,52.62,52.68,53.028457623547176,53.45,52.8,0.6500000000000057,0.3589683518023463,0.37479762354717394,-0.023541361612719833,0.10999999999999943,0.0,0.32500000000000284,0.07366000000000383,0.876339999999999,0.22664615384616366,2.6964307692307425,False,True,10,0,45
SUZLON,2025-10-10,BUY,2025-10-10 09:35:00+05:30,2025-10-10 09:40:00+05:30,53.796885,53.76,53.588342055425976,53.77,54.35,53.77,54.35,53.770779178263815,53.74,53.23,0.5100000000000051,0.17165794457402228,0.026105821736187806,0.050813216697396205,0.01999999999999602,1.0786684024548965,0.25500000000000256,0.9531149999999968,0.026885000000000048,3.7377058823528913,0.10543137254901874,True,False,9,40,25
SUZLON,2025-10-13,SELL,2025-10-13 09:30:00+05:30,2025-10-13 09:35:00+05:30,53.843065,53.89,54.2012502232719,53.87,53.93,53.72,53.92,54.15734697897359,54.48,54.03,0.44999999999999574,0.3112502232718981,0.31428197897358956,-0.007906731131859126,0.14000000000000057,0.09281603861148735,0.22499999999999787,0.12306500000000398,0.5569349999999957,0.5469555555555784,2.475266666666671,False,True,9,35,20
SUZLON,2025-10-14,SELL,2025-10-14 09:40:00+05:30,2025-10-14 09:45:00+05:30,54.222875,54.23,54.47196731825829,54.25,54.39,54.17,54.39,54.45812486715681,54.7,54.35,0.3500000000000014,0.24196731825828977,0.23524986715680996,-0.0140927622905319,0.12000000000000455,0.2580645161290418,0.1750000000000007,0.6028750000000045,0.16712499999999864,3.445000000000012,0.9549999999999883,True,False,9,45,30
SUZLON,2025-10-15,BUY,2025-10-15 10:35:00+05:30,2025-10-15 10:40:00+05:30,54.58728,54.56,54.401909781251554,54.56,54.56,54.34,54.35,54.40273476394888,54.55,54.01,0.5399999999999991,0.1580902187484483,0.18454523605112172,0.009240718905464131,0.010000000000005116,-0.3848973607038175,0.2699999999999996,0.0,1.0072800000000015,0.0,3.730666666666678,False,True,10,40,85
SUZLON,2025-10-15,SELL,2025-10-15 13:45:00+05:30,2025-10-15 13:50:00+05:30,53.943015,53.97,54.242896656433075,53.97,53.97,53.85,53.96,54.23647246810219,54.55,54.01,0.5399999999999991,0.27289665643307615,0.29345746810219,-0.0028644143245210225,0.03999999999999915,-0.018528812303131303,0.2699999999999996,0.3630150000000043,0.12698499999999768,1.344500000000018,0.47031481481480697,False,False,13,50,275
SUZLON,2025-10-16,SELL,2025-10-16 10:20:00+05:30,2025-10-16 10:25:00+05:30,53.85306,53.89,54.04408163212783,53.88,53.9,53.66,53.72,54.01300817280815,54.2,53.92,0.28000000000000114,0.1540816321278271,0.15994817280815,-0.006124234008282904,0.030000000000001137,-0.29695619896066283,0.14000000000000057,0.4430600000000027,0.07694000000000045,3.164714285714292,0.5495714285714296,True,False,10,25,70
SUZLON,2025-10-17,SELL,2025-10-17 09:45:00+05:30,2025-10-17 09:50:00+05:30,52.803585,52.83,53.04377059482837,52.83,52.93,52.75,52.9,53.019421403125506,53.64,52.87,0.7700000000000031,0.21377059482837524,0.21583640312550756,-0.013854323098773429,0.03999999999999915,0.13250047321597958,0.38500000000000156,0.8035849999999982,1.1464150000000046,2.0872337662337532,2.9777012987012985,True,True,9,50,35
SUZLON,2025-10-20,SELL,2025-10-20 10:10:00+05:30,2025-10-20 10:15:00+05:30,52.95351,52.98,53.31673313242824,52.98,53.08,52.96,53.06,53.305228035356315,53.69,53.07,0.6199999999999974,0.3367331324282432,0.3517180353563134,-0.008473417926480613,0.09000000000000341,0.15100037750095385,0.3099999999999987,0.03350999999999971,0.27648999999999546,0.10809677419354789,0.8919032258064407,False,False,10,15,60
SUZLON,2025-10-23,BUY,2025-10-23 09:30:00+05:30,2025-10-23 09:35:00+05:30,54.96747,54.92,54.74487833801275,54.94,54.99,54.85,54.88,54.76253420074772,54.86,54.51,0.3500000000000014,0.1751216619872551,0.20493579925227579,0.02001668715410341,0.060000000000002274,-0.10921004732434847,0.1750000000000007,0.2825300000000013,0.7474699999999999,1.6144571428571437,4.271257142857125,False,True,9,35,20
SUZLON,2025-10-23,SELL,2025-10-23 15:15:00+05:30,2025-10-23 15:20:00+05:30,54.402785,54.43,54.872457865141925,54.43,54.49,54.25,54.29,54.84808307553926,54.86,54.51,0.3500000000000014,0.4424578651419253,0.44529807553925593,-0.008118588484886665,0.0799999999999983,-0.2572110968216079,0.1750000000000007,0.18278500000000264,0.08721500000000049,1.0444857142857251,0.49837142857142935,False,False,15,20,365
SUZLON,2025-10-24,BUY,2025-10-24 09:35:00+05:30,2025-10-24 09:40:00+05:30,55.16757,55.14,54.94154529711664,55.14,55.18,54.93,55.04,54.96957268778952,55.1,54.53,0.5700000000000003,0.1984547028833603,0.19799731221047523,0.030032719795981412,0.03999999999999915,-0.18135654697134518,0.28500000000000014,0.01243000000000194,1.5175699999999992,0.04361403508772608,5.324807017543854,False,True,9,40,25
SUZLON,2025-10-24,SELL,2025-10-24 12:35:00+05:30,2025-10-24 12:40:00+05:30,54.502735,54.52,54.81771323713489,54.53,54.54,54.36,54.41,54.806129552245444,55.1,54.53,0.5700000000000003,0.29771323713488584,0.3033945522454431,-0.0035228912977964275,0.00999999999999801,-0.22006235099946148,0.28500000000000014,0.8527350000000027,0.03726499999999788,2.9920526315789555,0.1307543859649048,True,False,12,40,205
SUZLON,2025-10-27,SELL,2025-10-27 09:45:00+05:30,2025-10-27 09:50:00+05:30,53.79309,53.82,53.99084365691666,53.82,53.9,53.75,53.88,53.978243651315914,54.16,53.84,0.3199999999999932,0.17084365691665937,0.18515365131591466,-0.004469567394547476,0.020000000000003126,0.11148272017837968,0.1599999999999966,0.16308999999999685,0.2069100000000006,1.019312500000002,1.2931875000000312,False,True,9,50,35
SUZLON,2025-10-28,BUY,2025-10-28 09:30:00+05:30,2025-10-28 09:35:00+05:30,54.20709,54.19,53.87979230530133,54.18,54.18,54.02,54.02,53.899374612029966,53.98,53.6,0.37999999999999545,0.3102076946986685,0.3077153879700347,0.025444455990231634,0.21000000000000085,-0.29531192321888833,0.18999999999999773,2.262909999999998,0.6070899999999995,11.91005263157908,3.195210526315825,True,True,9,35,20
SUZLON,2025-10-28,BUY,2025-10-28 11:30:00+05:30,2025-10-28 11:35:00+05:30,54.137055,54.11,53.84285153012516,54.11,54.48,54.11,54.42,53.8974848644258,53.98,53.6,0.37999999999999545,0.2671484698748401,0.2395701355741977,0.0008971379862932751,0.13000000000000256,0.572907041212356,0.18999999999999773,2.3329450000000023,0.037054999999995175,12.278657894737002,0.19502631578945062,True,False,11,35,140
SUZLON,2025-10-29,BUY,2025-10-29 09:55:00+05:30,2025-10-29 10:00:00+05:30,57.238605,57.22,56.79501080550461,57.21,57.74,57.21,57.7,56.93737034043181,57.12,55.98,1.1400000000000006,0.42498919449538874,0.3012346595681876,0.021500173518476,0.10000000000000142,0.8564936199965123,0.5700000000000003,1.5413950000000014,0.02860499999999888,2.704201754385966,0.050184210526313805,True,False,10,0,45
SUZLON,2025-10-30,SELL,2025-10-30 09:30:00+05:30,2025-10-30 09:35:00+05:30,58.31083,58.34,58.7861093361811,58.34,58.59,58.23,58.54,58.74814192881552,59.33,58.44,0.8900000000000006,0.4461093361810953,0.43731192881551806,-0.038706984484794926,0.09999999999999432,0.34281796366129047,0.4450000000000003,0.3908300000000011,0.659169999999996,0.8782696629213502,1.4812808988763946,False,True,9,35,20
SUZLON,2025-10-31,BUY,2025-10-31 09:50:00+05:30,2025-10-31 09:55:00+05:30,59.74986,59.73,59.18096715390353,59.72,59.9,59.56,59.6,59.24966300868371,59.47,58.7,0.769999999999996,0.5490328460964662,0.5001969913162867,0.0024809266189993002,0.259999999999998,-0.20093770931011168,0.384999999999998,0.4301400000000015,0.5898600000000016,1.117246753246763,1.5321038961039082,False,True,9,55,40
SUZLON,2025-11-04,BUY,2025-11-04 11:00:00+05:30,2025-11-04 11:05:00+05:30,60.180075,60.15,59.61243590789145,60.15,60.36,59.31,59.62,59.641217753101536,59.94,59.2,0.7399999999999949,0.5375640921085463,0.5388572468984663,0.023843130485072975,0.21000000000000085,-0.881130507065675,0.36999999999999744,1.1899249999999952,0.8700749999999999,3.216013513513523,2.3515540540540703,True,True,11,5,110
SUZLON,2025-11-06,SELL,2025-11-06 15:20:00+05:30,2025-11-06 15:25:00+05:30,59.480245,59.52,60.088328142719284,59.51,59.53,59.46,59.5,60.07384968326678,61.5,59.54,1.9600000000000009,0.568328142719281,0.5936046832667827,-0.013313894796908312,0.01999999999999602,-0.01680389850444719,0.9800000000000004,0.020244999999995628,0.04975500000000466,0.020658163265301652,0.05077040816327003,False,False,15,25,370
SUZLON,2025-11-07,SELL,2025-11-07 09:30:00+05:30,2025-11-07 09:35:00+05:30,57.721125,57.8,58.4544398508873,57.75,58.08,57.6,57.99,58.334336829268295,59.5,58.1,1.3999999999999986,0.6544398508873002,0.6132118292682947,-0.17218873439924337,0.30000000000000426,0.4155844155844246,0.6999999999999993,0.791125000000001,0.8788750000000007,1.130178571428574,1.2555357142857166,False,True,9,35,20
SUZLON,2025-11-10,SELL,2025-11-10 10:35:00+05:30,2025-11-10 10:40:00+05:30,57.59119,57.62,57.89792925175873,57.62,57.65,57.6,57.64,57.89496092959321,58.19,57.63,0.5599999999999952,0.27792925175873506,0.30377092959321317,-0.008176545980334692,0.010000000000005116,0.03471017007983246,0.2799999999999976,0.5811899999999994,0.14881000000000455,2.0756785714285875,0.5314642857143066,True,False,10,40,85
SUZLON,2025-11-11,SELL,2025-11-11 09:30:00+05:30,2025-11-11 09:35:00+05:30,56.881545,56.9,57.32958202011542,56.91,57.08,56.86,57.08,57.289207156486206,57.85,57.2,0.6499999999999986,0.4295820201154186,0.40766215648620374,-0.07355439486639385,0.30000000000000426,0.2987172728870169,0.3249999999999993,0.021545000000003256,1.1684549999999945,0.06629230769231785,3.5952461538461447,False,True,9,35,20
SUZLON,2025-11-12,BUY,2025-11-12 10:15:00+05:30,2025-11-12 10:20:00+05:30,58.359165,58.35,58.10551246883821,58.33,58.4,58.3,58.33,58.11282199625263,58.33,57.67,0.6599999999999966,0.2444875311617949,0.24634300374736995,0.010992301430526161,0.020000000000003126,0.0,0.3299999999999983,0.5908350000000056,0.38916499999999843,1.790409090909117,1.1792878787878802,False,True,10,20,65
SUZLON,2025-11-13,SELL,2025-11-13 12:35:00+05:30,2025-11-13 12:40:00+05:30,57.841065,57.85,58.05302710659048,57.87,57.88,57.78,57.8,58.04692901861476,58.3,57.9,0.3999999999999986,0.20302710659047563,0.20586401861476133,-0.0019580886790879323,0.04999999999999716,-0.12096077414895934,0.1999999999999993,0.4310650000000038,0.19893499999999875,2.1553250000000266,0.9946749999999973,True,False,12,40,205
SUZLON,2025-11-14,SELL,2025-11-14 14:20:00+05:30,2025-11-14 14:25:00+05:30,57.07145,57.09,57.71323254584187,57.1,57.19,57.07,57.17,57.70767668507439,58.29,57.13,1.1599999999999966,0.6232325458418657,0.6362266850743907,-0.008845262679721943,0.03999999999999915,0.12259194395796147,0.5799999999999983,0.001449999999998397,0.8285499999999999,0.0024999999999972436,1.4285344827586248,False,True,14,25,310
SUZLON,2025-11-17,SELL,2025-11-17 09:50:00+05:30,2025-11-17 09:55:00+05:30,57.721125,57.75,57.891486014336685,57.75,57.78,57.75,57.78,57.8869885022066,58.16,57.76,0.3999999999999986,0.14148601433668517,0.16586350220659796,-0.009708994947908568,0.00999999999999801,0.05194805194805863,0.1999999999999993,0.22112500000000068,0.1788749999999979,1.1056250000000074,0.8943749999999927,False,False,9,55,40
SUZLON,2025-11-18,SELL,2025-11-18 09:35:00+05:30,2025-11-18 09:40:00+05:30,57.181395,57.21,57.46436073424572,57.21,57.3,57.2,57.28,57.44942725880552,57.88,57.35,0.5300000000000011,0.25436073424572214,0.26803225880551906,-0.027817698977369257,0.14000000000000057,0.12235623142806684,0.26500000000000057,0.48139499999999913,0.11860499999999519,1.8165849056603702,0.4475660377358299,False,False,9,40,25
SUZLON,2025-11-19,SELL,2025-11-19 11:25:00+05:30,2025-11-19 11:30:00+05:30,56.43177,56.46,56.738985592146705,56.46,56.5,56.36,56.47,56.72662412085992,57.08,56.55,0.5300000000000011,0.2789855921467037,0.2948541208599167,-0.005906931067697443,0.0899999999999963,0.017711654268515176,0.26500000000000057,0.07177000000000078,0.3482300000000009,0.27083018867924763,1.3140754716981138,False,True,11,30,135
SUZLON,2025-11-20,SELL,2025-11-20 11:05:00+05:30,2025-11-20 11:10:00+05:30,56.55171,56.58,56.78913634831059,56.58,56.68,56.56,56.63,56.78546469747921,57.12,56.6,0.519999999999996,0.2091363483105937,0.2337546974792133,-0.003100119116328876,0.020000000000003126,0.08837044892189283,0.259999999999998,0.0,0.5982899999999987,0.0,2.301115384615397,False,True,11,10,115
SUZLON,2025-11-21,SELL,2025-11-21 10:05:00+05:30,2025-11-21 10:10:00+05:30,56.05196,56.09,56.38129513384503,56.08,56.1,56.03,56.04,56.3678976680987,56.72,56.1,0.6199999999999974,0.2912951338450256,0.31593766809869805,-0.02242365169582911,0.00999999999999801,-0.07132667617688604,0.3099999999999987,1.0519600000000011,0.048040000000000305,3.3934193548387275,0.1549677419354855,True,False,10,10,55
SUZLON,2025-11-24,SELL,2025-11-24 09:40:00+05:30,2025-11-24 09:45:00+05:30,55.022475,55.03,55.22915783876749,55.05,55.17,55.04,55.12,55.21793355187318,55.54,55.08,0.46000000000000085,0.1991578387674906,0.1954585518731804,-0.014655238371471958,0.04999999999999716,0.1271571298819163,0.23000000000000043,0.6224750000000014,0.44752499999999884,2.7064130434782623,1.9457608695652087,True,True,9,45,30
SUZLON,2025-11-26,BUY,2025-11-26 09:30:00+05:30,2025-11-26 09:35:00+05:30,55.38768,55.39,54.91813493096103,55.36,55.39,55.15,55.19,54.95355975101442,55.3,54.14,1.1599999999999966,0.4718650690389694,0.434120248985586,0.12499897588388843,0.09000000000000341,-0.3070809248554962,0.5799999999999983,0.3023199999999946,0.5076800000000006,0.521241379310337,0.8753103448275897,False,False,9,35,20
SUZLON,2025-11-27,SELL,2025-11-27 09:45:00+05:30,2025-11-27 09:50:00+05:30,55.41228,55.44,55.61223910804221,55.44,55.44,55.32,55.36,55.58510246009727,55.9,55.46,0.4399999999999977,0.17223910804221276,0.1728224600972652,-0.009894447787890604,0.020000000000003126,-0.1443001443001357,0.21999999999999886,0.6022800000000004,0.23771999999999593,2.7376363636363794,1.0805454545454416,True,True,9,50,35
SUZLON,2025-11-28,SELL,2025-11-28 10:05:00+05:30,2025-11-28 10:10:00+05:30,54.29284,54.32,54.52822963822002,54.32,54.4,54.3,54.3,54.51940661342067,55.0,54.4,0.6000000000000014,0.2082296382200184,0.22656661342067252,-0.010842365034121242,0.0799999999999983,-0.036818851251851914,0.3000000000000007,0.5428399999999982,0.3971599999999995,1.8094666666666563,1.3238666666666619,False,True,10,10,55
SUZLON,2025-12-01,SELL,2025-12-01 09:40:00+05:30,2025-12-01 09:45:00+05:30,54.172900000000006,54.19,54.453150901614755,54.2,54.22,54.1,54.18,54.42672077910359,54.74,54.28,0.46000000000000085,0.2631509016147575,0.25382077910358447,-0.020116227300402717,0.09000000000000341,-0.03690036900370064,0.23000000000000043,0.6529000000000025,0.12709999999999155,2.8386956521739184,0.5526086956521362,True,False,9,45,30
SUZLON,2025-12-02,BUY,2025-12-02 10:30:00+05:30,2025-12-02 10:35:00+05:30,53.836905,53.81,53.528268420023366,53.81,53.95,53.81,53.85,53.54000865067351,53.77,53.24,0.5300000000000011,0.2817315799766362,0.2968963493264951,0.002947744547090758,0.03999999999999915,0.07433562534844285,0.26500000000000057,0.26309499999999986,0.6269050000000007,0.9928113207547143,2.3656792452830167,False,True,10,35,80
SUZLON,2025-12-03,SELL,2025-12-03 09:30:00+05:30,2025-12-03 09:35:00+05:30,53.103435000000005,53.1,53.41692829077151,53.13,53.18,53.05,53.08,53.37260996228907,53.65,53.25,0.3999999999999986,0.3169282907715072,0.269174962289064,-0.04794664530465686,0.14999999999999858,-0.09410878976097159,0.1999999999999993,0.8834350000000057,0.13656499999999738,4.417175000000045,0.6828249999999894,True,False,9,35,20
SUZLON,2025-12-04,BUY,2025-12-04 09:40:00+05:30,2025-12-04 09:45:00+05:30,52.70634,52.69,52.42141790251932,52.68,52.7,52.6,52.62,52.43245107198138,52.66,52.07,0.5899999999999963,0.2685820974806745,0.2738889280186143,0.014628835602826164,0.030000000000001137,-0.1138952164009166,0.29499999999999815,0.1336600000000061,2.106339999999996,0.4530847457627354,7.14013559322037,False,True,9,45,30
SUZLON,2025-12-05,BUY,2025-12-05 15:10:00+05:30,2025-12-05 15:15:00+05:30,51.935955,51.89,51.17974617725681,51.91,52.15,51.81,51.92,51.21884886395692,51.45,50.83,0.6200000000000045,0.7102538227431907,0.7171061360430784,0.006882376350106339,0.4399999999999977,0.019264110961292324,0.3100000000000023,0.2140449999999987,0.18595499999999987,0.6904677419354747,0.5998548387096726,False,False,15,15,360
SUZLON,2025-12-08,BUY,2025-12-08 10:45:00+05:30,2025-12-08 10:50:00+05:30,52.98648,52.96,52.683827803092186,52.96,52.96,52.85,52.94,52.68995241229412,52.94,51.89,1.0499999999999972,0.27617219690781525,0.2965275877058815,0.004756824417442381,0.020000000000003126,-0.03776435045317328,0.5249999999999986,0.0,1.41648,0.0,2.69805714285715,False,True,10,50,95
SUZLON,2025-12-08,SELL,2025-12-08 14:10:00+05:30,2025-12-08 14:15:00+05:30,51.844065,51.87,52.40247632139253,51.87,51.99,51.83,51.99,52.39546575457864,52.94,51.89,1.0499999999999972,0.5324763213925294,0.551400754578637,-0.007737756375053929,0.020000000000003126,0.23134759976866093,0.5249999999999986,0.2640650000000022,0.14593500000000148,0.502980952380958,0.27797142857143214,False,False,14,15,300
SUZLON,2025-12-09,BUY,2025-12-09 12:05:00+05:30,2025-12-09 12:10:00+05:30,52.496235,52.47,51.793059651437254,52.47,52.5,52.38,52.48,51.80446289123197,52.45,51.05,1.4000000000000057,0.676940348562745,0.6917721087680277,0.006694661926086913,0.01999999999999602,0.01905850962453659,0.7000000000000028,0.2737650000000045,0.2862349999999978,0.39109285714286196,0.40890714285713803,False,False,12,10,175
SUZLON,2025-12-10,BUY,2025-12-10 09:30:00+05:30,2025-12-10 09:35:00+05:30,53.10654,53.1,52.899938555137666,53.08,53.2,53.08,53.14,52.934327261203215,53.05,52.68,0.36999999999999744,0.20006144486233524,0.17221273879678733,0.018910173552234885,0.05000000000000426,0.11303692539563759,0.18499999999999872,0.09346000000000032,1.756540000000001,0.5051891891891944,9.494810810810883,False,True,9,35,20
SUZLON,2025-12-11,BUY,2025-12-11 09:45:00+05:30,2025-12-11 09:50:00+05:30,51.92595,51.94,51.68022289850981,51.9,52.08,51.9,52.01,51.746337220461186,51.9,51.32,0.5799999999999983,0.2597771014901866,0.1796127795388145,-0.0007657430435811756,0.03999999999999915,0.21194605009633438,0.28999999999999915,0.5140499999999975,0.22594999999999743,1.7725862068965481,0.7791379310344761,False,False,9,50,35
SUZLON,2025-12-15,BUY,2025-12-15 10:20:00+05:30,2025-12-15 10:25:00+05:30,53.10654,53.08,52.78969699911782,53.08,53.12,53.03,53.1,52.80266122155729,52.99,52.56,0.4299999999999997,0.29030300088217587,0.3038787784427157,0.0072424675928216735,0.0899999999999963,0.037678975131871795,0.21499999999999986,0.2434599999999989,0.30654000000000536,1.1323720930232515,1.425767441860491,False,True,10,25,70
SUZLON,2025-12-16,SELL,2025-12-16 11:00:00+05:30,2025-12-16 11:05:00+05:30,52.723625,52.75,52.8950505559273,52.75,52.84,52.74,52.82,52.88466621959031,53.14,52.8,0.3400000000000034,0.14505055592729832,0.16104121959030948,-0.0017329283910057511,0.04999999999999716,0.13270142180095146,0.1700000000000017,0.4736249999999984,0.15637500000000415,2.7860294117646687,0.9198529411764857,True,False,11,5,110
SUZLON,2025-12-17,SELL,2025-12-17 09:40:00+05:30,2025-12-17 09:45:00+05:30,52.27385,52.3,52.46759470683023,52.3,52.42,52.27,52.34,52.45376914781768,52.65,52.34,0.30999999999999517,0.16759470683023636,0.17991914781767804,-0.004793027151046488,0.04000000000000625,0.0764818355640573,0.15499999999999758,0.4738500000000059,0.2561499999999981,3.057096774193634,1.6525806451613039,True,True,9,45,30
SUZLON,2025-12-18,SELL,2025-12-18 09:50:00+05:30,2025-12-18 09:55:00+05:30,51.3743,51.38,51.54439642049526,51.4,51.44,51.38,51.41,51.5373898127571,51.91,51.4,0.509999999999998,0.16439642049525816,0.1630898127571001,-0.01033855509902888,0.01999999999999602,0.01945525291828787,0.254999999999999,0.054299999999997794,0.6257000000000019,0.21294117647058042,2.4537254901960956,False,True,9,55,40
SUZLON,2025-12-19,BUY,2025-12-19 14:15:00+05:30,2025-12-19 14:20:00+05:30,52.26612,52.24,51.88283490122442,52.24,52.29,52.18,52.19,51.8916215960454,52.13,51.54,0.5900000000000034,0.35716509877558167,0.374498403954604,0.004703424471075067,0.10999999999999943,-0.095712098009193,0.2950000000000017,0.4838799999999992,0.14612000000000336,1.6402711864406658,0.4953220338983136,False,False,14,20,305
SUZLON,2025-12-22,BUY,2025-12-22 10:50:00+05:30,2025-12-22 10:55:00+05:30,53.46672,53.44,53.217935835793234,53.44,53.5,53.4,53.47,53.226724490432304,53.39,52.8,0.5900000000000034,0.22206416420676334,0.23999550956769866,0.0032008467158551115,0.04999999999999716,0.05613772455090871,0.2950000000000017,0.27327999999999975,0.08671999999999969,0.926372881355926,0.2939661016949125,False,False,10,55,100
SUZLON,2025-12-23,BUY,2025-12-23 09:55:00+05:30,2025-12-23 10:00:00+05:30,53.84691,53.83,53.57446334407591,53.82,53.84,53.68,53.7,53.58590478953113,53.74,53.35,0.39000000000000057,0.2555366559240895,0.26100521046887337,0.005592449675968418,0.0899999999999963,-0.22296544035673715,0.19500000000000028,0.0,0.5269100000000009,0.0,2.7021025641025647,False,True,10,0,45
SUZLON,2025-12-24,SELL,2025-12-24 14:50:00+05:30,2025-12-24 14:55:00+05:30,53.443265,53.46,54.09238269737148,53.47,53.51,53.35,53.43,54.08023009183143,55.05,53.52,1.529999999999994,0.6323826973714759,0.6369650918314349,-0.0058457666882011095,0.060000000000002274,-0.07480830372170733,0.764999999999997,0.2832650000000001,0.08673500000000445,0.37028104575163556,0.11337908496732652,False,False,14,55,340
SUZLON,2025-12-26,BUY,2025-12-26 09:45:00+05:30,2025-12-26 09:50:00+05:30,54.027,54.03,53.854863270714965,54.0,54.03,53.91,53.99,53.86172191293352,54.02,53.19,0.8300000000000054,0.1751367292850361,0.16527808706648273,0.03161507689650401,0.00999999999999801,-0.018518518518517713,0.4150000000000027,0.10300000000000153,0.9269999999999996,0.24819277108433943,2.2337349397590205,False,True,9,50,35
SUZLON,2025-12-26,SELL,2025-12-26 15:00:00+05:30,2025-12-26 15:05:00+05:30,53.11343,53.15,53.6731879503317,53.14,53.24,53.14,53.24,53.66226734768203,54.02,53.19,0.8300000000000054,0.5231879503317032,0.5488373476820314,-0.014867166506784015,0.03999999999999915,0.18818216033120727,0.4150000000000027,0.0,0.2365700000000004,0.0,0.5700481927710815,False,False,15,5,350
SUZLON,2025-12-29,BUY,2025-12-29 09:30:00+05:30,2025-12-29 09:35:00+05:30,53.76687,53.74,53.475676996477105,53.74,53.85,53.6,53.71,53.51265218015651,53.65,53.17,0.4799999999999969,0.2643230035228967,0.2542178198434897,0.009169218607245476,0.09000000000000341,-0.05582433941198062,0.23999999999999844,0.08313000000000415,1.1568699999999978,0.34637500000001953,4.820291666666689,False,True,9,35,20
SUZLON,2025-12-29,SELL,2025-12-29 11:40:00+05:30,2025-12-29 11:45:00+05:30,53.083445,53.12,53.48268224804742,53.11,53.24,53.11,53.19,53.47736554290603,53.65,53.17,0.4799999999999969,0.36268224804742033,0.39392054290603085,-0.004904793046870066,0.05000000000000426,0.1506307663340145,0.23999999999999844,0.4734449999999981,0.15655500000000444,1.972687500000005,0.6523125000000227,False,False,11,45,150
SUZLON,2025-12-30,SELL,2025-12-30 12:00:00+05:30,2025-12-30 12:05:00+05:30,52.07395,52.1,52.44535520037506,52.1,52.27,52.06,52.22,52.429914429306464,52.8,52.2,0.5999999999999943,0.3453552003750602,0.3559644293064608,-0.005657160758731652,0.10000000000000142,0.23032629558541462,0.29999999999999716,0.26395000000000124,0.1960499999999996,0.8798333333333458,0.6535000000000049,False,False,12,5,170
SUZLON,2025-12-31,BUY,2025-12-31 10:40:00+05:30,2025-12-31 10:45:00+05:30,52.856415,52.84,52.457546274750214,52.83,52.84,52.72,52.72,52.47197893460392,52.65,51.91,0.740000000000002,0.38245372524978904,0.38443606539608055,0.010505842773240803,0.19000000000000483,-0.20821502933938696,0.370000000000001,0.3035849999999982,0.2864149999999981,0.820499999999993,0.7740945945945873,False,False,10,45,90
SUZLON,2026-01-01,SELL,2026-01-01 10:15:00+05:30,2026-01-01 10:20:00+05:30,52.383795,52.41,52.61493460307728,52.41,52.43,52.35,52.41,52.605046790973134,52.98,52.5,0.4799999999999969,0.20493460307728384,0.22125179097313463,-0.007615816257274677,0.09000000000000341,0.0,0.23999999999999844,0.33379500000000206,0.34620499999999765,1.3908125000000175,1.442520833333333,False,True,10,20,65
SUZLON,2026-01-02,BUY,2026-01-02 10:30:00+05:30,2026-01-02 10:35:00+05:30,52.90644,52.88,52.65914204702903,52.88,52.9,52.86,52.89,52.667727549148964,52.8,52.44,0.35999999999999943,0.22085795297097377,0.23871245085103965,0.01347392674789482,0.0800000000000054,0.018910741301048084,0.17999999999999972,1.4935599999999951,0.046440000000004034,8.297555555555542,0.2580000000000228,True,False,10,35,80
SUZLON,2026-01-05,SELL,2026-01-05 09:45:00+05:30,2026-01-05 09:50:00+05:30,53.923025,53.94,54.14095178705091,53.95,53.99,53.82,53.88,54.12678766237554,54.54,53.96,0.5799999999999983,0.20095178705091143,0.20376266237553864,-0.03391386922546498,0.020000000000003126,-0.12974976830398832,0.28999999999999915,0.6230250000000055,0.13697499999999962,2.1483620689655423,0.47232758620689663,True,False,9,50,35
SUZLON,2026-01-06,SELL,2026-01-06 10:55:00+05:30,2026-01-06 11:00:00+05:30,53.27335,53.3,53.518461652750425,53.3,53.35,53.24,53.3,53.501213790957785,53.99,53.32,0.6700000000000017,0.2184616527504275,0.22786379095778386,-0.003631064053726845,0.020000000000003126,0.0,0.33500000000000085,0.4033500000000032,0.2666499999999985,1.2040298507462752,0.7959701492537249,False,False,11,0,105
SUZLON,2026-01-07,SELL,2026-01-07 09:40:00+05:30,2026-01-07 09:45:00+05:30,53.163405,53.16,53.430604654135564,53.19,53.23,53.15,53.17,53.410048166061294,53.69,53.22,0.46999999999999886,0.27060465413556756,0.24664316606129688,-0.01902058925131158,0.060000000000002274,-0.03760105282947235,0.23499999999999943,0.49340499999999565,0.4065950000000029,2.0995957446808378,1.7301914893617187,True,True,9,45,30
SUZLON,2026-01-08,SELL,2026-01-08 09:30:00+05:30,2026-01-08 09:35:00+05:30,52.623675,52.65,53.01071392652739,52.65,52.83,52.56,52.82,52.97694711599997,53.41,52.7,0.7099999999999937,0.36071392652738865,0.353272115999971,-0.07428551864115303,0.05000000000000426,0.32288698955365014,0.3549999999999969,1.973675,0.2663250000000019,5.559647887323993,0.7502112676056458,True,False,9,35,20
SUZLON,2026-01-09,SELL,2026-01-09 09:30:00+05:30,2026-01-09 09:35:00+05:30,49.825075,49.89,50.26724555749387,49.85,49.87,49.6,49.64,50.18726940614393,50.85,50.02,0.8299999999999983,0.3772455574938718,0.36219440614393505,-0.1446894368800412,0.13000000000000256,-0.42126379137412684,0.41499999999999915,0.9550750000000008,1.2649250000000052,2.3013855421686813,3.0480120481927897,True,True,9,35,20
SUZLON,2026-01-09,SELL,2026-01-09 11:15:00+05:30,2026-01-09 11:20:00+05:30,49.85506,49.9,50.29209183711784,49.88,49.95,49.86,49.88,50.28151237295581,50.85,50.02,0.8299999999999983,0.3920918371178388,0.42645237295580785,-0.003922414378610334,0.12000000000000455,0.0,0.41499999999999915,0.9850600000000043,0.324939999999998,2.3736385542168827,0.7829879518072257,True,False,11,20,125
SUZLON,2026-01-12,SELL,2026-01-12 11:15:00+05:30,2026-01-12 11:20:00+05:30,48.225875,48.23,48.70536434841265,48.25,48.25,48.05,48.1,48.687003919950556,49.33,48.27,1.0599999999999952,0.4753643484126542,0.4611289199505535,-0.009305994540026659,0.04000000000000625,-0.31088082901553626,0.5299999999999976,0.32587500000000347,1.1541250000000005,0.6148584905660471,2.1775943396226523,False,True,11,20,125
SUZLON,2026-01-13,SELL,2026-01-13 09:30:00+05:30,2026-01-13 09:35:00+05:30,48.825575,48.84,49.21148291050197,48.85,49.0,48.6,48.67,49.12782437937645,49.7,48.94,0.7600000000000051,0.37148291050196747,0.30224937937644825,-0.0707243385666461,0.09999999999999432,-0.36847492323438535,0.38000000000000256,1.0255750000000035,0.17442499999999939,2.6988815789473595,0.4590131578947321,True,False,9,35,20
SUZLON,2026-01-14,BUY,2026-01-14 09:35:00+05:30,2026-01-14 09:40:00+05:30,49.454715,49.41,49.07606888536776,49.43,49.43,49.12,49.15,49.090481168664525,49.07,48.16,0.9100000000000037,0.3339311146322359,0.3642338313354756,0.11505319447084658,0.3399999999999963,-0.5664576168318836,0.45500000000000185,0.18528500000000037,0.654715000000003,0.4072197802197794,1.4389340659340668,False,True,9,40,25
SUZLON,2026-01-16,BUY,2026-01-16 10:10:00+05:30,2026-01-16 10:15:00+05:30,49.30464,49.28,48.97759815243641,49.28,49.32,49.12,49.3,49.00512353188248,49.27,48.65,0.6200000000000045,0.3024018475635941,0.29951646811751687,0.012189575412460367,0.00999999999999801,0.040584415584410394,0.3100000000000023,0.0553600000000003,1.1546400000000006,0.17858064516128996,3.724645161290297,False,True,10,15,60
SUZLON,2026-01-16,SELL,2026-01-16 13:20:00+05:30,2026-01-16 13:25:00+05:30,48.605685,48.61,48.985838332410864,48.63,48.68,48.55,48.68,48.97713376951646,49.27,48.65,0.6200000000000045,0.37583833241086495,0.3714487695164621,-0.003841167691344454,0.03999999999999915,0.10281719103433229,0.3100000000000023,0.45568500000000256,0.14431499999999886,1.4699516129032233,0.46553225806450904,False,False,13,25,250
SUZLON,2026-01-19,SELL,2026-01-19 09:30:00+05:30,2026-01-19 09:35:00+05:30,48.21588,48.22,48.620198161056486,48.24,48.33,48.11,48.15,48.563716274785826,48.92,48.45,0.46999999999999886,0.40019816105648687,0.347836274785827,-0.04769691982194144,0.23000000000000398,-0.1865671641791078,0.23499999999999943,0.7658799999999957,0.11411999999999978,3.2590638297872236,0.48561702127659595,True,False,9,35,20
SUZLON,2026-01-20,SELL,2026-01-20 09:35:00+05:30,2026-01-20 09:40:00+05:30,47.166405,47.19,47.66393626366199,47.19,47.47,47.18,47.4,47.628597296598,48.33,47.43,0.8999999999999986,0.47393626366199015,0.46219229659800476,-0.09435412822460996,0.240000000000002,0.445009535918639,0.4499999999999993,0.9664049999999946,0.4035950000000028,2.147566666666658,0.8968777777777854,True,False,9,40,25
SUZLON,2026-01-21,SELL,2026-01-21 09:40:00+05:30,2026-01-21 09:45:00+05:30,45.99699,46.05,46.34905346518006,46.02,46.16,45.92,46.02,46.3030827918975,46.69,46.13,0.5599999999999952,0.2990534651800658,0.3060927918975054,-0.011776516539192056,0.0800000000000054,0.0,0.2799999999999976,0.6269899999999993,0.5730100000000036,2.2392500000000166,2.046464285714316,True,True,9,45,30
SUZLON,2026-01-22,SELL,2026-01-22 10:05:00+05:30,2026-01-22 10:10:00+05:30,46.026975,46.05,46.3542394377295,46.05,46.19,46.0,46.1,46.34370326858152,46.69,46.14,0.5499999999999972,0.3042394377294997,0.3167282685815209,-0.017523281235013767,0.09000000000000341,0.10857763300760048,0.2749999999999986,0.2769750000000002,1.1730250000000026,1.0071818181818242,4.265545454545486,False,True,10,10,55
SUZLON,2026-01-23,SELL,2026-01-23 10:20:00+05:30,2026-01-23 10:25:00+05:30,46.766605,46.77,46.988323745937166,46.79,46.85,46.75,46.85,46.98314587411074,47.4,46.78,0.6199999999999974,0.21832374593716253,0.2165408741107413,-0.004166478397865042,0.00999999999999801,0.12823252831801746,0.3099999999999987,1.2166050000000013,0.18339500000000442,3.9245322580645365,0.591596774193565,True,False,10,25,70
SUZLON,2026-01-27,BUY,2026-01-27 10:00:00+05:30,2026-01-27 10:05:00+05:30,46.093035,46.08,45.618340051743516,46.07,46.07,45.85,46.0,45.63401554980331,46.04,44.95,1.0899999999999963,0.46165994825648227,0.459019450196692,0.03738894606785566,0.03999999999999915,-0.1519426958975445,0.5449999999999982,0.15696499999999958,1.2130349999999979,0.2880091743119268,2.2257522935779854,False,True,10,5,50
SUZLON,2026-01-28,BUY,2026-01-28 12:00:00+05:30,2026-01-28 12:05:00+05:30,47.453715,47.43,46.971538528033285,47.43,47.43,47.15,47.17,46.978971502099164,47.38,46.01,1.3700000000000045,0.4584614719667144,0.4747434979008389,0.004787146026315236,0.04999999999999716,-0.5481762597512096,0.6850000000000023,0.5462849999999975,0.4437150000000045,0.7974963503649571,0.6477591240875957,False,False,12,5,170
SUZLON,2026-01-29,SELL,2026-01-29 09:50:00+05:30,2026-01-29 09:55:00+05:30,47.226375,47.29,47.54808783234233,47.25,47.43,47.18,47.35,47.528290384231994,48.09,47.38,0.7100000000000009,0.25808783234233346,0.3019153842319966,-0.01075531804403615,0.09000000000000341,0.2116402116402183,0.3550000000000004,0.5963749999999948,0.3736250000000041,1.679929577464772,1.0524647887324046,False,True,9,55,40
SUZLON,2026-01-30,BUY,2026-01-30 15:00:00+05:30,2026-01-30 15:05:00+05:30,47.893935,47.87,47.35298222897622,47.87,47.97,47.76,47.94,47.38170739468805,47.78,46.79,0.990000000000002,0.5170177710237809,0.5122276053119492,0.011275674150996522,0.0899999999999963,0.14622937121371304,0.495000000000001,0.07606499999999983,0.49393500000000046,0.153666666666666,0.9978484848484838,False,False,15,5,350
SUZLON,2026-02-01,BUY,2026-02-01 10:00:00+05:30,2026-02-01 10:05:00+05:30,48.50424,48.5,48.240561091173454,48.48,48.54,48.44,48.44,48.25701938916263,48.45,47.57,0.8800000000000026,0.25943890882654586,0.247220610837374,0.011964079256801057,0.04999999999999716,-0.08250825082508628,0.4400000000000013,0.44575999999999993,2.55424,1.013090909090906,5.805090909090892,False,True,10,5,50
SUZLON,2026-02-01,SELL,2026-02-01 12:20:00+05:30,2026-02-01 12:25:00+05:30,47.53622,47.54,48.36144471367262,47.56,47.78,46.55,46.62,48.264440815627744,48.45,47.57,0.8800000000000026,0.8214447136726193,0.7282208156277434,-0.020842464478783868,0.030000000000001137,-1.9764507989907587,0.4400000000000013,1.5862199999999973,0.243780000000001,3.605045454545438,0.5540454545454552,True,False,12,25,190
SUZLON,2026-02-02,BUY,2026-02-02 09:50:00+05:30,2026-02-02 09:55:00+05:30,46.56327,46.52,46.18903451030254,46.54,46.75,46.52,46.55,46.226833337751565,46.5,45.63,0.8699999999999974,0.3309654896974621,0.33643666224843827,0.024975867083023805,0.020000000000003126,0.02148689299525941,0.4349999999999987,0.6867299999999972,1.1532700000000062,1.5786896551724119,2.651195402298873,False,True,9,55,40
SUZLON,2026-02-02,SELL,2026-02-02 11:15:00+05:30,2026-02-02 11:20:00+05:30,45.447265,45.48,46.093405668467774,45.47,45.55,45.43,45.44,46.079780573483696,46.5,45.63,0.8699999999999974,0.6134056684677773,0.632515573483694,-0.020550981203504654,0.15000000000000568,-0.0659775676270069,0.4349999999999987,0.027264999999999873,1.8027349999999984,0.06267816091954012,4.144218390804606,False,True,11,20,125
SUZLON,2026-02-02,BUY,2026-02-02 14:45:00+05:30,2026-02-02 14:50:00+05:30,46.58328,46.55,46.10088138619166,46.56,46.61,46.5,46.55,46.1073877845536,46.5,45.63,0.8699999999999974,0.44911861380833784,0.47589221544640026,0.0043510957669125275,0.04999999999999716,-0.021477663230251576,0.4349999999999987,0.666719999999998,0.08328000000000202,1.5326896551724136,0.19144827586207416,False,False,14,50,335
SUZLON,2026-02-04,SELL,2026-02-04 10:45:00+05:30,2026-02-04 10:50:00+05:30,48.905535,48.91,49.42417138036823,48.93,48.97,48.8,48.93,49.39676422343734,49.83,48.93,0.8999999999999986,0.5141713803682322,0.49122922343733677,-0.022280377186247438,0.020000000000003126,0.0,0.4499999999999993,0.10553500000000327,1.0944649999999996,0.23452222222222985,2.4321444444444476,False,True,10,50,95
SUZLON,2026-02-05,SELL,2026-02-05 09:35:00+05:30,2026-02-05 09:40:00+05:30,49.11543,49.13,49.474157070784216,49.14,49.14,48.63,48.63,49.31665279404405,50.02,49.15,0.8700000000000045,0.3441570707842132,0.20122279404404964,-0.06797508336609918,0.01999999999999602,-1.0378510378510342,0.4350000000000023,2.1154300000000035,0.09456999999999738,4.863057471264351,0.21740229885056755,True,False,9,40,25
SUZLON,2026-02-06,SELL,2026-02-06 09:35:00+05:30,2026-02-06 09:40:00+05:30,47.45626,47.46,47.72100919006037,47.48,47.54,47.36,47.42,47.697694163581566,48.2,47.5,0.7000000000000028,0.2610091900603706,0.241434163581566,-0.0486941601041587,0.03999999999999915,-0.12636899747261454,0.3500000000000014,0.20626000000000033,0.6537399999999991,0.5893142857142842,1.8678285714285612,False,True,9,40,25
SUZLON,2026-02-09,SELL,2026-02-09 09:35:00+05:30,2026-02-09 09:40:00+05:30,47.926025,47.95,48.15949051925279,47.95,48.0,47.84,47.86,48.13581040679333,48.43,47.97,0.46000000000000085,0.20949051925278894,0.2097854067933298,-0.02323938193567313,0.01999999999999602,-0.1876955161626781,0.23000000000000043,0.31602500000000333,0.6439749999999975,1.3740217391304468,2.79989130434781,False,True,9,40,25
SUZLON,2026-02-10,SELL,2026-02-10 15:10:00+05:30,2026-02-10 15:15:00+05:30,47.71613,47.73,47.95040928714957,47.74,47.74,47.61,47.65,47.93607430722793,48.39,47.77,0.6199999999999974,0.22040928714957175,0.21994430722793368,-0.004588933055705438,0.04000000000000625,-0.1885211562630995,0.3099999999999987,0.16613000000000255,0.02387000000000228,0.5359032258064621,0.07700000000000767,False,False,15,15,360
SUZLON,2026-02-11,SELL,2026-02-11 09:30:00+05:30,2026-02-11 09:35:00+05:30,47.05646,47.12,47.3529537127938,47.08,47.1,47.01,47.06,47.30053292123876,47.74,47.18,0.5600000000000023,0.23295371279380106,0.2440729212387609,-0.052643521912031636,0.060000000000002274,-0.042480883602369346,0.28000000000000114,0.35645999999999844,0.4435399999999987,1.2730714285714178,1.5840714285714175,False,True,9,35,20
SUZLON,2026-02-12,SELL,2026-02-12 11:15:00+05:30,2026-02-12 11:20:00+05:30,46.91653,46.94,47.12123955155325,46.94,46.95,46.87,46.92,47.10934738380123,47.55,46.95,0.5999999999999943,0.18123955155325433,0.19281738380122704,-0.0029671644477431607,0.010000000000005116,-0.04260758414996735,0.29999999999999716,0.19653000000000276,0.23346999999999696,0.6551000000000154,0.7782333333333306,False,False,11,20,125
SUZLON,2026-02-13,SELL,2026-02-13 10:15:00+05:30,2026-02-13 10:20:00+05:30,46.07695,46.08,46.3935211815147,46.1,46.26,46.09,46.26,46.384633241804956,46.74,46.09,0.6499999999999986,0.31352118151470165,0.3076832418049591,-0.009877812732739421,0.010000000000005116,0.3470715835141025,0.3249999999999993,0.5269499999999994,0.2930500000000009,1.621384615384617,0.9016923076923125,False,False,10,20,65
SUZLON,2026-02-16,BUY,2026-02-16 10:05:00+05:30,2026-02-16 10:10:00+05:30,46.14306,46.12,45.717096223219094,46.12,46.21,46.11,46.19,45.739313073488724,45.87,45.34,0.529999999999994,0.40290377678090294,0.40374692651127475,0.009877687837797331,0.25,0.15177797051171282,0.264999999999997,0.18693999999999988,0.44305999999999557,0.7054339622641584,1.6719245283018889,False,True,10,10,55
SUZLON,2026-02-17,BUY,2026-02-17 09:35:00+05:30,2026-02-17 09:40:00+05:30,46.38318,46.36,46.17735767042587,46.36,46.49,46.32,46.45,46.21067759712653,46.34,45.71,0.6300000000000026,0.1826423295741293,0.1725024028734765,0.036765546371132704,0.01999999999999602,0.19413287316651928,0.3150000000000013,0.18681999999999732,0.5831800000000058,0.5930793650793542,1.8513650793650902,False,True,9,40,25
SUZLON,2026-02-18,SELL,2026-02-18 09:55:00+05:30,2026-02-18 10:00:00+05:30,45.87705,45.88,46.084642204509805,45.9,45.92,45.82,45.92,46.06402995085162,46.29,45.93,0.35999999999999943,0.20464220450980264,0.18697995085162233,-0.013220691789548735,0.04999999999999716,0.043572984749462584,0.17999999999999972,0.06704999999999472,0.3029500000000027,0.3724999999999713,1.6830555555555733,False,True,10,0,45
SUZLON,2026-02-19,SELL,2026-02-19 11:45:00+05:30,2026-02-19 11:50:00+05:30,45.787095,45.81,46.014038279323806,45.81,45.82,45.76,45.78,46.00191984803175,46.39,45.85,0.5399999999999991,0.2040382793238038,0.21482484803174628,-0.0031285686724107802,0.03999999999999915,-0.06548788474132206,0.2699999999999996,0.7870950000000008,0.06290500000000065,2.915166666666674,0.2329814814814843,True,False,11,50,155
SUZLON,2026-02-20,BUY,2026-02-20 09:45:00+05:30,2026-02-20 09:50:00+05:30,45.28263,45.23,45.03612515899118,45.26,45.35,45.16,45.21,45.04911748752201,45.2,44.71,0.490000000000002,0.1938748410088138,0.23351251247798643,0.0004950286496417128,0.02999999999999403,-0.11047282368537026,0.245000000000001,0.06737000000000393,1.0226299999999995,0.2749795918367496,4.173999999999981,False,True,9,50,35
SUZLON,2026-02-20,SELL,2026-02-20 11:45:00+05:30,2026-02-20 11:50:00+05:30,44.67765,44.7,44.9462466735792,44.7,44.75,44.69,44.73,44.943340650525315,45.2,44.71,0.490000000000002,0.2462466735792006,0.2656906505253147,-0.004291928400168146,0.00999999999999801,0.06711409395971923,0.245000000000001,0.41765000000000185,0.16235000000000355,1.704693877551021,0.6626530612245016,False,False,11,50,155
SUZLON,2026-02-23,BUY,2026-02-23 09:30:00+05:30,2026-02-23 09:35:00+05:30,44.92245,44.91,44.67057668262483,44.9,44.92,44.75,44.78,44.68413220504316,44.9,44.41,0.490000000000002,0.23942331737517009,0.23831779495683492,0.030152277268600446,0.00999999999999801,-0.26726057906458767,0.245000000000001,0.0,1.0924499999999995,0.0,4.458979591836714,False,True,9,35,20
SUZLON,2026-02-23,SELL,2026-02-23 15:10:00+05:30,2026-02-23 15:15:00+05:30,44.167905,44.2,44.29275534321571,44.19,44.28,44.16,44.26,44.29091141390394,44.9,44.41,0.490000000000002,0.09275534321570689,0.12300641390394418,-0.0017767851665875304,0.20999999999999375,0.15840687938448728,0.245000000000001,0.007905000000000939,0.16209500000000077,0.03226530612245268,0.6616122448979597,False,False,15,15,360
SUZLON,2026-02-24,SELL,2026-02-24 09:30:00+05:30,2026-02-24 09:35:00+05:30,43.568205000000006,43.57,43.90850875295918,43.59,43.68,43.52,43.59,43.86654743361429,44.33,43.83,0.5,0.3385087529591786,0.29834243361428747,-0.04417834592809919,0.259999999999998,0.0,0.25,0.20820500000000663,0.8217949999999945,0.8328200000000265,3.287179999999978,False,True,9,35,20
SUZLON,2026-02-25,SELL,2026-02-25 09:30:00+05:30,2026-02-25 09:35:00+05:30,44.067955000000005,44.08,44.359215571103185,44.09,44.09,43.75,43.78,44.291744554419765,44.74,44.24,0.5,0.27921557110318673,0.2237895544197599,-0.03816602226828008,0.1600000000000037,-0.7031072805624872,0.25,1.4679550000000035,0.022044999999998538,5.871820000000014,0.08817999999999415,True,False,9,35,20
SUZLON,2026-02-26,BUY,2026-02-26 09:40:00+05:30,2026-02-26 09:45:00+05:30,43.80189,43.78,43.40729929900918,43.78,43.82,43.72,43.73,43.45002790866944,43.54,43.08,0.46000000000000085,0.3727007009908192,0.3518620913305597,0.008307607863657782,0.240000000000002,-0.11420740063957657,0.23000000000000043,0.09810999999999837,0.9318900000000028,0.42656521739129644,4.051695652173918,False,True,9,45,30
SUZLON,2026-02-26,SELL,2026-02-26 12:45:00+05:30,2026-02-26 12:50:00+05:30,43.01848,43.04,43.43781755851184,43.04,43.07,43.01,43.04,43.433936482132424,43.54,43.08,0.46000000000000085,0.3978175585118393,0.41545648213242714,-0.014070622145827737,0.03999999999999915,0.0,0.23000000000000043,0.12847999999999615,0.36152000000000584,0.5586086956521561,1.5718260869565441,False,True,12,50,215
SUZLON,2026-02-27,SELL,2026-02-27 09:40:00+05:30,2026-02-27 09:45:00+05:30,42.87855,42.9,43.024332150314585,42.9,42.9,42.75,42.8,42.99011470129254,43.3,42.91,0.39000000000000057,0.12433215031458644,0.11156470129254359,-0.010612437854984485,0.00999999999999801,-0.2331002331002363,0.19500000000000028,0.4285499999999942,0.1714500000000001,2.1976923076922747,0.8792307692307685,True,False,9,45,30
SUZLON,2026-03-02,BUY,2026-03-02 09:45:00+05:30,2026-03-02 09:50:00+05:30,41.370675,41.36,40.94916607083408,41.35,41.35,41.16,41.19,40.96189112000527,41.25,39.13,2.1199999999999974,0.41083392916591777,0.4087838799947292,0.03534917096664013,0.10999999999999943,-0.3869407496977062,1.0599999999999987,0.4193250000000006,1.2706749999999971,0.3955896226415105,1.1987499999999986,False,True,9,50,35
SUZLON,2026-03-04,BUY,2026-03-04 10:10:00+05:30,2026-03-04 10:15:00+05:30,40.54026,40.51,40.05104754725856,40.52,40.52,40.31,40.31,40.07502470355914,40.45,39.7,0.75,0.4589524527414355,0.46523529644086636,0.0095458997283552,0.05999999999999517,-0.5182625863771051,0.375,0.009739999999993643,0.7302600000000012,0.02597333333331638,1.9473600000000033,False,True,10,15,60
SUZLON,2026-03-05,SELL,2026-03-05 09:30:00+05:30,2026-03-05 09:35:00+05:30,39.950015,39.97,40.262210722576405,39.97,39.97,39.76,39.85,40.19712801143021,40.64,40.15,0.490000000000002,0.29221072257640657,0.24711301143020847,-0.037597562298523575,0.17999999999999972,-0.3002251688766555,0.245000000000001,0.7300150000000016,0.49998500000000234,2.9796530612244845,2.0407551020408174,True,True,9,35,20
SUZLON,2026-03-06,BUY,2026-03-06 09:35:00+05:30,2026-03-06 09:40:00+05:30,40.850415,40.83,40.42569418957727,40.83,40.84,40.75,40.83,40.46771801590588,40.6,39.96,0.6400000000000006,0.40430581042272706,0.38269698409411745,0.06918055900197131,0.22999999999999687,0.0,0.3200000000000003,0.13958500000000384,1.0004149999999967,0.4362031250000116,3.126296874999987,False,True,9,40,25
SUZLON,2026-03-06,SELL,2026-03-06 15:20:00+05:30,2026-03-06 15:25:00+05:30,39.88005,39.91,40.40157730669406,39.9,39.99,39.9,39.99,40.39156951675467,40.6,39.96,0.6400000000000006,0.49157730669406163,0.5115195167546744,-0.013561021129861163,0.05000000000000426,0.22556390977443996,0.3200000000000003,0.0,0.10995000000000488,0.0,0.34359375000001496,False,False,15,25,370
SUZLON,2026-03-09,BUY,2026-03-09 14:55:00+05:30,2026-03-09 15:00:00+05:30,39.51975,39.51,38.906861067105325,39.5,39.58,39.47,39.58,38.922921647572686,39.49,38.19,1.3000000000000043,0.603138932894673,0.5968283524273161,0.01071124496754538,0.01999999999999602,0.20253164556962577,0.6500000000000021,0.24024999999999608,0.04975000000000307,0.36961538461537735,0.07653846153846601,False,False,15,0,345
SUZLON,2026-03-10,SELL,2026-03-10 09:55:00+05:30,2026-03-10 10:00:00+05:30,40.07995,40.07,40.22703569083734,40.1,40.19,40.09,40.15,40.223993385453184,40.65,40.12,0.5300000000000011,0.15703569083733981,0.1440433854531875,-0.006362214424906633,0.04999999999999716,0.12468827930174342,0.26500000000000057,0.0,1.560050000000004,0.0,5.886981132075474,False,True,10,0,45
SUZLON,2026-03-10,BUY,2026-03-10 11:05:00+05:30,2026-03-10 11:10:00+05:30,40.70034,40.69,40.30938604495895,40.68,40.75,40.67,40.67,40.3285293880172,40.65,40.12,0.5300000000000011,0.3806139550410492,0.3718106119827951,0.012911330300209925,0.03999999999999915,-0.02458210422812135,0.26500000000000057,0.9396600000000035,0.27033999999999736,3.5458867924528357,1.0201509433962144,True,True,11,10,115
SUZLON,2026-03-11,SELL,2026-03-11 14:20:00+05:30,2026-03-11 14:25:00+05:30,41.3793,41.42,41.70831344034171,41.4,41.7,41.4,41.7,41.705840865707,42.06,41.49,0.5700000000000003,0.28831344034171025,0.3265408657070026,-0.0021751257168230753,0.07000000000000028,0.7246376811594235,0.28500000000000014,0.0,0.5707000000000022,0.0,2.002456140350884,False,True,14,25,310
SUZLON,2026-03-12,BUY,2026-03-12 09:45:00+05:30,2026-03-12 09:50:00+05:30,41.60079,41.58,41.28590384117007,41.58,41.6,41.48,41.54,41.306497192805715,41.54,40.93,0.6099999999999994,0.29409615882993023,0.29429280719428874,0.024692320618796816,0.03999999999999915,-0.09620009620009418,0.3049999999999997,1.9392099999999957,0.24079000000000406,6.358065573770483,0.7894754098360796,True,False,9,50,35
SUZLON,2026-03-13,SELL,2026-03-13 09:35:00+05:30,2026-03-13 09:40:00+05:30,42.11893,42.16,42.470583039498635,42.14,42.19,42.02,42.06,42.43373732415929,42.83,42.3,0.5300000000000011,0.3105830394986384,0.3148073241592897,-0.019954153045895637,0.14000000000000057,-0.18984337921215122,0.26500000000000057,1.138930000000002,0.07106999999999886,4.297849056603772,0.2681886792452781,True,False,9,40,25
SUZLON,2026-03-16,BUY,2026-03-16 09:35:00+05:30,2026-03-16 09:40:00+05:30,42.081030000000005,42.04,41.56351944605465,42.06,42.19,41.82,41.88,41.61736742936969,41.94,41.04,0.8999999999999986,0.4764805539453505,0.46366257063031213,0.009132456261540035,0.10000000000000142,-0.42796005706133844,0.4499999999999993,0.10896999999999224,1.3610300000000066,0.2421555555555387,3.0245111111111305,False,True,9,40,25
SUZLON,2026-03-16,SELL,2026-03-16 12:30:00+05:30,2026-03-16 12:35:00+05:30,41.009485,41.03,41.38696185937651,41.03,41.13,40.93,41.09,41.38061458679037,41.94,41.04,0.8999999999999986,0.35696185937651137,0.37112958679037433,-0.0020381692162300675,0.00999999999999801,0.14623446258834605,0.4499999999999993,0.23948499999999484,0.49051500000000203,0.5321888888888783,1.0900333333333396,False,True,12,35,200
SUZLON,2026-03-17,SELL,2026-03-17 10:40:00+05:30,2026-03-17 10:45:00+05:30,40.79959,40.83,41.04536635524065,40.82,40.89,40.8,40.89,41.040384404338575,41.6,40.85,0.75,0.21536635524065417,0.24079440433857258,-0.005592946249045857,0.020000000000003126,0.1714845663890241,0.375,0.289590000000004,0.7904100000000014,0.7722400000000107,2.107760000000004,False,True,10,45,90
SUZLON,2026-03-18,BUY,2026-03-18 10:45:00+05:30,2026-03-18 10:50:00+05:30,41.8209,41.8,41.53575482800547,41.8,41.87,41.78,41.81,41.55013488568764,41.79,41.24,0.5499999999999972,0.26424517199452424,0.2707651143123613,0.009404608664291951,0.00999999999999801,0.023923444976081676,0.2749999999999986,0.4790999999999954,0.10090000000000288,1.7421818181818105,0.3669090909091033,False,False,10,50,95
SUZLON,2026-03-19,BUY,2026-03-19 10:50:00+05:30,2026-03-19 10:55:00+05:30,41.720850000000006,41.69,41.281482975757925,41.7,41.74,41.52,41.53,41.31931789430687,41.67,41.0,0.6700000000000017,0.40851702424207303,0.4015321056931356,0.008410830559733658,0.01999999999999602,-0.4076738609112729,0.33500000000000085,0.06914999999999338,0.9008500000000055,0.2064179104477409,2.68910447761195,False,True,10,55,100
SUZLON,2026-03-19,SELL,2026-03-19 14:50:00+05:30,2026-03-19 14:55:00+05:30,40.95951,40.97,41.35615088945961,40.98,41.03,40.82,40.92,41.343348862535684,41.67,41.0,0.6700000000000017,0.3861508894596142,0.3838388625356828,-0.004828752115387772,0.030000000000001137,-0.14641288433381305,0.33500000000000085,0.13951000000000136,0.38049000000000177,0.4164477611940328,1.1357910447761217,False,True,14,55,340
SUZLON,2026-03-20,BUY,2026-03-20 09:30:00+05:30,2026-03-20 09:35:00+05:30,42.38118,42.37,42.003055398838924,42.36,42.43,42.3,42.33,42.06285081135253,42.25,41.34,0.9099999999999966,0.3669446011610731,0.31832918864746773,0.07827084388334239,0.11999999999999744,-0.07082152974504652,0.4549999999999983,0.34881999999999636,0.5611800000000002,0.7666373626373575,1.2333626373626425,False,True,9,35,20
SUZLON,2026-03-23,SELL,2026-03-23 09:50:00+05:30,2026-03-23 09:55:00+05:30,40.67965,40.69,40.98886000112391,40.7,40.74,40.61,40.63,40.969892833588084,41.76,40.81,0.9499999999999957,0.29886000112391287,0.29024283358808134,-0.012177475761783664,0.12000000000000455,-0.1719901719901773,0.47499999999999787,0.9796499999999995,0.06034999999999968,2.062421052631587,0.12705263157894728,True,False,9,55,40
SUZLON,2026-03-24,SELL,2026-03-24 10:05:00+05:30,2026-03-24 10:10:00+05:30,40.309835,40.34,40.7205509285642,40.33,40.39,40.3,40.35,40.704158201794144,41.3,40.51,0.7899999999999991,0.3805509285641975,0.39432320179414404,-0.01100882284312694,0.1699999999999946,0.04959087527895978,0.3949999999999996,0.3598349999999968,0.9901649999999975,0.9109746835442967,2.5067468354430344,False,True,10,10,55
SUZLON,2026-03-25,BUY,2026-03-25 10:30:00+05:30,2026-03-25 10:35:00+05:30,42.48123,42.46,42.202674829240976,42.46,42.55,42.45,42.53,42.22652722077753,42.42,41.43,0.990000000000002,0.2573251707590245,0.25470277922246964,0.006347739236317392,0.03999999999999915,0.16486104569006788,0.495000000000001,0.3687700000000049,0.3312299999999979,0.7449898989899074,0.6691515151515096,False,False,10,35,80
SUZLON,2026-03-27,SELL,2026-03-27 09:50:00+05:30,2026-03-27 09:55:00+05:30,41.509235,41.54,41.76182128481708,41.53,41.54,41.42,41.47,41.74102338193543,42.05,41.55,0.5,0.2218212848170822,0.23178838193543072,-0.0038011111773606876,0.00999999999999801,-0.14447387430773784,0.25,0.9092349999999954,0.030765000000002374,3.6369399999999814,0.1230600000000095,True,False,9,55,40
SUZLON,2026-03-30,BUY,2026-03-30 09:30:00+05:30,2026-03-30 09:35:00+05:30,40.430205,40.45,40.128326073420936,40.41,40.49,40.33,40.39,40.156154577357924,40.38,39.72,0.6600000000000037,0.32167392657906646,0.2740504226420768,0.03438350635490903,0.07000000000000028,-0.04949269982676974,0.33000000000000185,0.37979500000000144,1.3302049999999994,1.1508939393939372,4.030924242424218,False,True,9,35,20
SUZLON,2026-03-30,SELL,2026-03-30 14:10:00+05:30,2026-03-30 14:15:00+05:30,39.670155,39.69,40.086594431641934,39.69,39.71,39.64,39.65,40.08248114513754,40.38,39.72,0.6600000000000037,0.39659443164193675,0.4123261451375413,-0.0051563664701618165,0.030000000000001137,-0.10078105316200237,0.33000000000000185,0.5701549999999997,0.11984499999999798,1.7277424242424138,0.36316666666665853,False,False,14,15,300
SUZLON,2026-04-01,BUY,2026-04-01 13:10:00+05:30,2026-04-01 13:15:00+05:30,41.540760000000006,41.52,41.24646975363467,41.52,41.55,41.39,41.41,41.249557635167115,41.48,40.8,0.6799999999999997,0.27353024636533263,0.2912023648328912,0.003010383316597455,0.04000000000000625,-0.26493256262043463,0.33999999999999986,0.009239999999991255,0.7107600000000076,0.027176470588209586,2.090470588235317,False,True,13,15,240
SUZLON,2026-04-02,BUY,2026-04-02 14:15:00+05:30,2026-04-02 14:20:00+05:30,40.6203,40.6,40.07424619462116,40.6,40.7,40.53,40.7,40.088640693484045,40.57,39.77,0.7999999999999972,0.5257538053788409,0.5316593065159552,0.010105840705563838,0.030000000000001137,0.24630541871921707,0.3999999999999986,0.3596999999999966,0.32030000000000314,0.8992499999999947,0.8007500000000107,False,False,14,20,305
SUZLON,2026-04-06,BUY,2026-04-06 11:55:00+05:30,2026-04-06 12:00:00+05:30,41.210595,41.18,40.55471238971029,41.19,41.35,41.19,41.23,40.579918285168404,41.15,39.84,1.3099999999999952,0.6252876102897105,0.6306767148315942,0.013505855215804758,0.030000000000001137,0.09711094925952679,0.6549999999999976,0.519404999999999,0.12059499999999446,0.7929847328244289,0.1841145038167861,False,False,12,0,165
SUZLON,2026-04-08,BUY,2026-04-08 10:50:00+05:30,2026-04-08 10:55:00+05:30,43.54176,43.47,43.04312901066146,43.52,43.57,43.45,43.52,43.074020192187014,43.43,42.63,0.7999999999999972,0.4268709893385392,0.46773980781298263,0.013680772785422811,0.03999999999999915,0.0,0.3999999999999986,0.8382400000000061,0.13175999999999988,2.0956000000000228,0.32940000000000086,True,False,10,55,100
SUZLON,2026-04-09,SELL,2026-04-09 09:40:00+05:30,2026-04-09 09:45:00+05:30,43.73812,43.75,44.15500221947195,43.76,43.82,43.54,43.55,44.10956933274632,44.56,43.77,0.7899999999999991,0.40500221947195314,0.371449332746316,0.013786969221602496,0.020000000000003126,-0.479890310786113,0.3949999999999996,0.3781200000000027,0.7218799999999987,0.957265822784818,1.8275443037974672,False,True,9,45,30
SUZLON,2026-04-10,BUY,2026-04-10 09:40:00+05:30,2026-04-10 09:45:00+05:30,45.052515,45.03,44.84923715710336,45.03,45.15,45.01,45.03,44.88084340632316,45.02,44.38,0.6400000000000006,0.18076284289664102,0.17167159367684093,0.0170369624057095,0.00999999999999801,0.0,0.3200000000000003,0.5974849999999989,0.4225149999999971,1.8671406249999951,1.3203593749999898,False,True,9,45,30
SUZLON,2026-04-13,BUY,2026-04-13 09:30:00+05:30,2026-04-13 09:35:00+05:30,44.792385,44.77,44.33749235906043,44.77,44.88,44.56,44.88,44.392169864621096,44.73,43.89,0.8399999999999963,0.4325076409395763,0.4002151353789074,0.0348261393969978,0.04000000000000625,0.24570024570025328,0.41999999999999815,1.6176149999999936,0.23238500000000073,3.8514642857142873,0.5532976190476232,True,False,9,35,20
SUZLON,2026-04-15,BUY,2026-04-15 09:35:00+05:30,2026-04-15 09:40:00+05:30,47.92395,47.91,47.458978506906604,47.9,48.34,47.89,48.24,47.601769730564016,47.65,46.73,0.9200000000000017,0.4510214930933927,0.3221802694359823,0.038093675204815255,0.259999999999998,0.7098121085595155,0.46000000000000085,1.4360500000000016,0.12395000000000067,3.121847826086954,0.26945652173913137,True,False,9,40,25
SUZLON,2026-04-16,SELL,2026-04-16 09:55:00+05:30,2026-04-16 10:00:00+05:30,49.09544,49.13,49.681385603788065,49.12,49.41,49.1,49.39,49.660640128870995,50.1,49.43,0.6700000000000017,0.5513856037880629,0.5652001288709911,-0.019715832585622487,0.29999999999999716,0.5496742671009747,0.33500000000000085,0.08544000000000551,1.4345599999999976,0.2550447761194188,4.2822686567164,False,True,10,0,45
SUZLON,2026-04-16,BUY,2026-04-16 15:10:00+05:30,2026-04-16 15:15:00+05:30,50.255115,50.23,49.63699011560438,50.23,50.42,50.17,50.42,49.66001094905858,50.1,49.43,0.6700000000000017,0.5930098843956202,0.5951040509414227,0.019115294775586524,0.12999999999999545,0.3782600039816897,0.33500000000000085,0.2748849999999976,0.08511500000000183,0.820552238805961,0.25407462686567645,False,False,15,15,360
SUZLON,2026-04-17,BUY,2026-04-17 09:40:00+05:30,2026-04-17 09:45:00+05:30,52.14606,52.13,51.40969036769964,52.12,52.16,51.62,51.77,51.48506358916134,51.57,50.57,1.0,0.7203096323003635,0.6609964108386563,0.034052321538316783,0.5600000000000023,-0.6715272448196363,0.5,1.5939400000000035,0.6060599999999994,3.187880000000007,1.2121199999999988,True,True,9,45,30
SUZLON,2026-04-20,SELL,2026-04-20 09:30:00+05:30,2026-04-20 09:35:00+05:30,52.223875,52.25,52.82094624670537,52.25,52.44,52.05,52.11,52.76060832675801,53.45,52.45,1.0,0.5709462467053683,0.5367333267580108,-0.024038106835696717,0.20000000000000284,-0.2679425837320615,0.5,0.35387500000000216,0.6261250000000018,0.7077500000000043,1.2522500000000036,False,True,9,35,20
SUZLON,2026-04-21,BUY,2026-04-21 10:00:00+05:30,2026-04-21 10:05:00+05:30,53.176575,53.15,52.763345294761784,53.15,53.29,53.11,53.2,52.791113988907654,53.02,52.26,0.7600000000000051,0.38665470523821455,0.385461011092346,0.011453908157519411,0.12999999999999545,0.09407337723426057,0.38000000000000256,0.17342500000000172,0.5165750000000031,0.45638157894736986,1.359407894736841,False,True,10,5,50
SUZLON,2026-04-22,BUY,2026-04-22 11:20:00+05:30,2026-04-22 11:25:00+05:30,53.76687,53.74,53.350328284077406,53.74,53.85,53.72,53.83,53.372294634260214,53.63,52.9,0.730000000000004,0.38967171592259575,0.394575365739783,0.01345719660438278,0.10999999999999943,0.16747301823594185,0.365000000000002,0.9331300000000056,0.04686999999999841,2.556520547945207,0.12841095890410453,True,False,11,25,130
SUZLON,2026-04-23,SELL,2026-04-23 10:05:00+05:30,2026-04-23 10:10:00+05:30,54.322825,54.31,54.65830432298224,54.35,54.35,54.21,54.31,54.64492531768343,55.05,54.45,0.5999999999999943,0.3483043229822371,0.3221003176834287,-0.00909178488088873,0.14000000000000057,-0.07359705611775791,0.29999999999999716,0.8028249999999986,0.2571749999999966,2.676083333333354,0.8572499999999967,True,False,10,10,55
SUZLON,2026-04-24,SELL,2026-04-24 09:30:00+05:30,2026-04-24 09:35:00+05:30,53.323325,53.36,53.82602984973376,53.35,53.4,53.23,53.25,53.75325643272976,54.25,53.58,0.6700000000000017,0.46602984973375783,0.4299314327297665,-0.055069813792878966,0.21999999999999886,-0.18744142455482393,0.33500000000000085,0.39332499999999726,0.676675000000003,1.1741044776119292,2.019925373134332,False,True,9,35,20
SUZLON,2026-04-27,BUY,2026-04-27 09:50:00+05:30,2026-04-27 09:55:00+05:30,55.40769,55.4,54.9945082437144,55.38,55.59,55.36,55.5,55.04787753676714,55.34,54.26,1.0800000000000054,0.4054917562855991,0.3598124632328634,0.018056723615671465,0.05999999999999517,0.21668472372697867,0.5400000000000027,2.0723099999999945,0.2976900000000029,3.837611111111082,0.5512777777777804,True,False,9,55,40
SUZLON,2026-04-28,SELL,2026-04-28 13:45:00+05:30,2026-04-28 13:50:00+05:30,56.901535,56.91,57.35281340120793,56.93,57.14,56.9,57.11,57.348183346520294,57.74,56.97,0.7700000000000031,0.44281340120793544,0.4466483465202913,-0.003299670660185772,0.060000000000002274,0.31617776216406046,0.38500000000000156,0.001535000000004061,0.9484649999999988,0.003987012987023518,2.463545454545441,False,True,13,50,275
SUZLON,2026-04-29,SELL,2026-04-29 09:35:00+05:30,2026-04-29 09:40:00+05:30,57.19139,57.22,57.610722977767864,57.22,57.24,57.02,57.06,57.54683033157987,58.06,57.37,0.6900000000000048,0.39072297776786513,0.35544033157987087,-0.0502198457984645,0.14999999999999858,-0.27962250961202084,0.3450000000000024,0.7913899999999998,0.7986100000000036,2.293884057970998,2.314811594202893,True,True,9,40,25
SUZLON,2026-04-30,SELL,2026-04-30 10:00:00+05:30,2026-04-30 10:05:00+05:30,55.69214,55.75,56.14109749758597,55.72,55.9,55.72,55.75,56.12391599429583,56.5,55.89,0.6099999999999994,0.39109749758596735,0.43177599429582614,-0.016771529315082516,0.14000000000000057,0.053840631730084354,0.3049999999999997,0.692140000000002,0.2078599999999966,2.2693114754098445,0.6815081967213009,True,False,10,5,50
SUZLON,2026-05-04,SELL,2026-05-04 09:30:00+05:30,2026-05-04 09:35:00+05:30,54.61268,54.63,55.38322218304731,54.64,54.72,54.35,54.44,55.21115306041259,56.35,55.21,1.1400000000000006,0.7532221830473063,0.5984730604125943,-0.09892298504999701,0.5799999999999983,-0.36603221083455484,0.5700000000000003,0.5426799999999972,0.8773200000000045,0.9520701754385911,1.5391578947368494,False,True,9,35,20
SUZLON,2026-05-05,BUY,2026-05-05 09:35:00+05:30,2026-05-05 09:40:00+05:30,55.757865,55.74,55.3165905450287,55.73,55.77,55.65,55.7,55.347128978386,55.54,54.56,0.9799999999999969,0.4234094549712992,0.41073602161399947,0.06205866362064075,0.20000000000000284,-0.05383097075183363,0.48999999999999844,0.24213499999999755,1.0478650000000016,0.4941530612244864,2.1385000000000103,False,True,9,40,25
SUZLON,2026-05-06,SELL,2026-05-06 10:05:00+05:30,2026-05-06 10:10:00+05:30,54.03297,54.05,54.443953771348724,54.06,54.2,54.02,54.17,54.42702596061679,55.31,54.12,1.1900000000000048,0.3939537713487269,0.3940559606167895,-0.01734953996757421,0.07000000000000028,0.20347761746208892,0.5950000000000024,0.7229699999999966,0.45703000000000316,1.2150756302520902,0.7681176470588257,False,False,10,10,55
SUZLON,2026-05-07,SELL,2026-05-07 09:55:00+05:30,2026-05-07 10:00:00+05:30,53.743115,53.79,54.04628669999191,53.77,53.91,53.76,53.79,54.03817592860047,54.6,53.8,0.8000000000000043,0.2562866999919109,0.2950609286004635,-0.010887716186520789,0.00999999999999801,0.037195462153616354,0.40000000000000213,0.0,2.1268849999999944,0.0,5.3172124999999575,False,True,10,0,45
SUZLON,2026-05-07,BUY,2026-05-07 12:00:00+05:30,2026-05-07 12:05:00+05:30,54.657315,54.63,54.18873529839162,54.63,54.73,54.6,54.6,54.19895613796414,54.6,53.8,0.8000000000000043,0.4412647016083824,0.4583588620358583,0.009096228212351022,0.030000000000001137,-0.05491488193301031,0.40000000000000213,1.2126850000000005,0.1773150000000001,3.031712499999985,0.4432874999999979,True,False,12,5,170
SUZLON,2026-05-08,SELL,2026-05-08 11:05:00+05:30,2026-05-08 11:10:00+05:30,55.24236500000001,55.28,55.613656354876554,55.27,55.32,55.23,55.27,55.606435349577275,55.92,55.34,0.5799999999999983,0.33365635487655254,0.36407034957726836,-0.011952642983058065,0.060000000000002274,0.0,0.28999999999999915,0.6723650000000063,0.21763499999999425,2.3185000000000286,0.7504655172413617,True,False,11,10,115
SUZLON,2026-05-11,SELL,2026-05-11 09:55:00+05:30,2026-05-11 10:00:00+05:30,53.61318,53.62,53.96511207266929,53.64,53.87,53.62,53.85,53.957349285357445,54.43,53.7,0.7299999999999969,0.3451120726692949,0.3441692853574452,-0.033336516275720054,0.0800000000000054,0.39149888143177325,0.36499999999999844,0.5931799999999967,0.596820000000001,1.6251506849315047,1.6351232876712427,False,True,10,0,45
SUZLON,2026-05-12,SELL,2026-05-12 09:30:00+05:30,2026-05-12 09:35:00+05:30,52.763605,52.74,53.092497507473695,52.79,52.98,52.65,52.69,53.0512314503369,53.54,52.78,0.759999999999998,0.3524975074736929,0.2876264503369015,-0.08184342707611743,0.03999999999999915,-0.18942981625308386,0.379999999999999,1.453604999999996,1.1963950000000025,3.8252763157894734,3.1484078947368572,True,True,9,35,20
SUZLON,2026-05-12,BUY,2026-05-12 09:55:00+05:30,2026-05-12 10:00:00+05:30,53.80689,53.78,53.194222369529896,53.78,53.87,53.5,53.52,53.23702785714385,53.54,52.78,0.759999999999998,0.5857776304701048,0.5698621428561523,0.022412145691324846,0.240000000000002,-0.4834510970621042,0.379999999999999,0.15310999999999808,2.4968900000000005,0.40292105263157496,6.570763157894755,False,True,10,0,45
SUZLON,2026-05-12,SELL,2026-05-12 11:45:00+05:30,2026-05-12 11:50:00+05:30,52.71363,52.74,53.261744769575735,52.74,52.8,52.7,52.75,53.25699227197963,53.54,52.78,0.759999999999998,0.5217447695757329,0.5433622719796247,-0.005774651231984318,0.03999999999999915,0.018960940462653397,0.379999999999999,1.4036299999999997,0.08636999999999517,3.693763157894746,0.2272894736841984,True,False,11,50,155
SUZLON,2026-05-13,BUY,2026-05-13 12:55:00+05:30,2026-05-13 13:00:00+05:30,52.776375,52.75,52.279607791316685,52.75,52.77,52.62,52.64,52.282282263192336,52.74,51.31,1.4299999999999997,0.47039220868331455,0.49409273680766574,0.00252104268767829,0.00999999999999801,-0.2085308056872015,0.7149999999999999,0.9636250000000004,0.16637500000000216,1.3477272727272736,0.23269230769231075,False,False,13,0,225
SUZLON,2026-05-14,SELL,2026-05-14 09:35:00+05:30,2026-05-14 09:40:00+05:30,53.303335,53.34,53.65256417950775,53.33,53.34,53.06,53.11,53.56657756074726,53.91,53.36,0.5499999999999972,0.3125641795077456,0.2632425607472655,0.0021459024063062025,0.01999999999999602,-0.41252578286142816,0.2749999999999986,0.793334999999999,0.27666500000000127,2.884854545454557,1.0060545454545553,True,True,9,40,25
SUZLON,2026-05-15,BUY,2026-05-15 10:40:00+05:30,2026-05-15 10:45:00+05:30,53.66682,53.64,53.26109515926513,53.64,53.85,53.64,53.83,53.289605149153175,53.6,52.98,0.6200000000000045,0.37890484073486874,0.37721485084682627,0.008958384089187586,0.03999999999999915,0.35421327367635147,0.3100000000000023,0.8431799999999967,0.21681999999999846,2.719935483870937,0.6994193548386995,True,False,10,45,90
SUZLON,2026-05-18,SELL,2026-05-18 09:50:00+05:30,2026-05-18 09:55:00+05:30,52.59369,52.62,52.999229267049,52.62,52.7,52.56,52.7,52.97631652694115,53.48,52.75,0.7299999999999969,0.3792292670490056,0.3826265269411451,-0.005293721923374726,0.13000000000000256,0.15203344735843505,0.36499999999999844,0.4436900000000037,0.8463099999999955,1.2155890410959058,2.3186575342465727,False,True,9,55,40
SUZLON,2026-05-19,SELL,2026-05-19 09:30:00+05:30,2026-05-19 09:35:00+05:30,53.05346,53.13,53.345155465932095,53.08,53.18,52.92,53.16,53.28623811964322,53.77,53.23,0.5400000000000063,0.21515546593209223,0.23277811964322126,-0.02914744681935052,0.09999999999999432,0.15071590052750938,0.2700000000000031,0.533459999999998,0.7765399999999971,1.9757777777777477,2.87607407407403,False,True,9,35,20
SUZLON,2026-05-19,SELL,2026-05-19 14:30:00+05:30,2026-05-19 14:35:00+05:30,53.183395,53.21,53.45206988764187,53.21,53.25,53.07,53.24,53.44409240766766,53.77,53.23,0.5400000000000063,0.24206988764186832,0.2606974076676636,-0.001462080361576284,0.01999999999999602,0.056380379627896104,0.2700000000000031,0.6633949999999942,0.0766050000000007,2.4570185185184683,0.28372222222222154,True,False,14,35,320
SUZLON,2026-05-20,BUY,2026-05-20 14:45:00+05:30,2026-05-20 14:50:00+05:30,52.696335000000005,52.67,52.3799030401456,52.67,52.7,52.52,52.59,52.39023373852385,52.63,52.0,0.6300000000000026,0.2900969598544023,0.306101261476158,0.0023032017634913317,0.03999999999999915,-0.15188912094170615,0.3150000000000013,0.003664999999998031,0.31633500000000225,0.011634920634914336,1.0042380952380983,False,True,14,50,335
SUZLON,2026-05-21,BUY,2026-05-21 09:50:00+05:30,2026-05-21 09:55:00+05:30,53.50673999999999,53.49,53.24523960272111,53.48,53.49,53.37,53.39,53.25347317211874,53.45,52.93,0.5200000000000031,0.24476039727889543,0.2532668278812551,0.012576057798789576,0.03999999999999915,-0.16828721017202453,0.26000000000000156,0.3332600000000099,0.8467399999999969,1.281769230769261,3.2566923076922762,False,True,9,55,40
SUZLON,2026-05-21,SELL,2026-05-21 15:05:00+05:30,2026-05-21 15:10:00+05:30,52.83357,52.86,53.29679349639233,52.86,53.0,52.86,52.95,53.28970844598633,53.45,52.93,0.5200000000000031,0.4367934963923332,0.45613844598632625,-0.0052629693030723694,0.07000000000000028,0.17026106696935717,0.26000000000000156,0.1735700000000051,0.1664299999999983,0.6675769230769387,0.6401153846153742,False,False,15,10,355
SUZLON,2026-05-22,SELL,2026-05-22 10:00:00+05:30,2026-05-22 10:05:00+05:30,53.023475,53.07,53.28014609015279,53.05,53.11,53.0,53.05,53.261279454805965,53.61,53.08,0.5300000000000011,0.21014609015279007,0.23780445480596768,-0.019069928394203392,0.00999999999999801,0.0,0.26500000000000057,0.023474999999997692,0.9265250000000052,0.08858490566036846,3.496320754716993,False,True,10,5,50
SUZLON,2026-05-22,BUY,2026-05-22 14:30:00+05:30,2026-05-22 14:35:00+05:30,53.636805,53.63,53.363141735078386,53.61,53.62,53.53,53.62,53.36740859521412,53.61,53.08,0.5300000000000011,0.26685826492161624,0.2693964047858799,0.0016665900725461578,0.020000000000003126,0.018653236336496626,0.26500000000000057,0.31319500000000033,0.1268050000000045,1.1818679245283006,0.4785094339622801,False,False,14,35,320
SUZLON,2026-05-25,SELL,2026-05-25 12:05:00+05:30,2026-05-25 12:10:00+05:30,54.25286,54.28,54.519514386926765,54.28,54.34,54.23,54.27,54.5128546221388,54.9,54.3,0.6000000000000014,0.2395143869267642,0.2599946221388052,-0.002176662115114057,0.01999999999999602,-0.018422991893884966,0.3000000000000007,1.1528599999999969,0.5971400000000031,3.842866666666647,1.9904666666666724,True,True,12,10,175
SUZLON,2026-05-26,BUY,2026-05-26 10:20:00+05:30,2026-05-26 10:25:00+05:30,54.86742,54.84,54.12253134853008,54.84,55.38,54.77,55.1,54.292404898290016,54.57,53.38,1.1899999999999977,0.7174686514699218,0.5750151017099867,0.014378536887247304,0.2700000000000031,0.4741064916119475,0.5949999999999989,0.6225799999999992,0.5374200000000044,1.0463529411764714,0.9032268907563117,False,False,10,25,70
SUZLON,2026-05-27,BUY,2026-05-27 14:45:00+05:30,2026-05-27 14:50:00+05:30,56.058015000000005,56.03,55.30779279881203,56.03,56.64,56.0,56.38,55.396908363263016,55.85,54.42,1.4299999999999997,0.7222072011879703,0.6611066367369887,0.022689948125391338,0.17999999999999972,0.6246653578440231,0.7149999999999999,2.041984999999997,0.11801500000000686,2.855923076923073,0.1650559440559537,True,False,14,50,335
SUZLON,2026-05-29,SELL,2026-05-29 09:40:00+05:30,2026-05-29 09:45:00+05:30,56.841565,56.83,57.53311652340071,56.87,57.22,56.83,57.22,57.49570207976283,58.42,57.05,1.3700000000000045,0.7031165234007091,0.6541370797628261,-0.0697731231817948,0.21999999999999886,0.6154387198874733,0.6850000000000023,1.2415650000000014,1.2584349999999986,1.8125036496350324,1.8371313868613057,False,True,9,45,30
SUZLON,2026-06-01,SELL,2026-06-01 09:30:00+05:30,2026-06-01 09:35:00+05:30,55.1724,55.2,55.89466028485666,55.2,55.2,54.81,54.87,55.73205559777601,56.9,55.44,1.4600000000000009,0.6946602848566599,0.5596555977760076,-0.1375659492671268,0.23999999999999488,-0.5978260869565322,0.7300000000000004,1.6724000000000032,0.10759999999999792,2.290958904109592,0.14739726027396965,True,False,9,35,20
SUZLON,2026-06-02,BUY,2026-06-02 13:20:00+05:30,2026-06-02 13:25:00+05:30,53.376675,53.35,52.974753004147026,53.35,53.44,53.34,53.43,52.98827092520129,53.34,52.56,0.7800000000000011,0.37524699585297583,0.3884040747987072,0.0026880324293230154,0.00999999999999801,0.1499531396438547,0.39000000000000057,1.3933250000000044,0.13667499999999677,3.572628205128211,0.35044871794870913,True,False,13,25,250
SUZLON,2026-06-03,SELL,2026-06-03 10:10:00+05:30,2026-06-03 10:15:00+05:30,53.783095,53.8,54.21653721535923,53.81,53.9,53.75,53.9,54.206504857719565,55.04,53.83,1.2100000000000009,0.4165372153592344,0.4234098577195624,-0.020941575038030423,0.030000000000001137,0.1672551570339964,0.6050000000000004,0.533095000000003,0.8369049999999945,0.8811487603305829,1.3833140495867666,False,True,10,15,60
SUZLON,2026-06-04,BUY,2026-06-04 14:05:00+05:30,2026-06-04 14:10:00+05:30,55.797885,55.78,55.31532418448385,55.77,55.77,55.52,55.52,55.31982152390251,55.75,54.03,1.7199999999999989,0.4646758155161521,0.4780634760974891,0.003714265030989056,0.030000000000001137,-0.4482696790389151,0.8599999999999994,0.20211499999999916,0.4078850000000003,0.2350174418604643,0.47428488372093086,False,False,14,10,295
SUZLON,2026-06-05,SELL,2026-06-05 09:35:00+05:30,2026-06-05 09:40:00+05:30,55.602185000000006,55.65,55.83187129954512,55.63,55.69,55.48,55.59,55.80736895259904,56.12,55.7,0.4199999999999946,0.18187129954512216,0.205183952599036,-0.02132407505025107,0.05000000000000426,-0.07190364911019431,0.2099999999999973,0.5021850000000043,0.0978149999999971,2.3913571428571943,0.4657857142857065,True,False,9,40,25
SUZLON,2026-06-10,SELL,2026-06-10 14:40:00+05:30,2026-06-10 14:45:00+05:30,54.352810000000005,54.4,54.82316438391452,54.38,54.48,54.22,54.38,54.78582808444235,55.45,54.55,0.9000000000000057,0.42316438391452493,0.43301808444234524,-0.004076750366402175,0.14999999999999858,0.0,0.45000000000000284,0.5428100000000029,0.17718999999999596,1.2062444444444433,0.3937555555555441,False,False,14,45,330
SUZLON,2026-06-11,BUY,2026-06-11 09:40:00+05:30,2026-06-11 09:45:00+05:30,53.76687,53.84,53.57811759200256,53.74,53.78,53.67,53.75,53.586594552590775,53.79,53.12,0.6700000000000017,0.2618824079974402,0.18027544740922252,0.018975903584204954,0.05000000000000426,0.01860811313731947,0.33500000000000085,0.35313000000000017,0.696869999999997,1.0541194029850725,2.0802089552238665,False,True,9,45,30
SUZLON,2026-06-12,BUY,2026-06-12 09:35:00+05:30,2026-06-12 09:40:00+05:30,54.577275,54.53,54.30414483750885,54.55,54.55,54.38,54.41,54.31495998061834,54.5,53.77,0.7299999999999969,0.22585516249115045,0.2623150193816599,0.01223758638689798,0.030000000000001137,-0.2566452795600416,0.36499999999999844,0.6227250000000026,0.35727500000000134,1.7060958904109735,0.978835616438364,False,False,9,40,25
SUZLON,2026-06-15,SELL,2026-06-15 12:15:00+05:30,2026-06-15 12:20:00+05:30,55.83207,55.83,56.28917982972445,55.86,55.93,55.82,55.91,56.28397863052076,56.59,55.91,0.6800000000000068,0.45917982972445515,0.45190863052075514,-0.0044990734354799665,0.0799999999999983,0.08950948800572345,0.3400000000000034,0.6220700000000008,0.25793000000000177,1.8296176470588075,0.7586176470588212,False,False,12,20,185
SUZLON,2026-06-16,BUY,2026-06-16 09:30:00+05:30,2026-06-16 09:35:00+05:30,57.298635,57.28,56.50976643287004,57.27,57.5,57.02,57.14,56.62636273776618,57.09,53.9,3.190000000000005,0.7702335671299636,0.6722722622338182,0.3976329876138769,0.18999999999999773,-0.2269949362668111,1.5950000000000024,1.9413650000000047,0.2986349999999973,1.2171567398119134,0.18723197492162813,False,False,9,35,20
SUZLON,2026-06-17,SELL,2026-06-17 09:30:00+05:30,2026-06-17 09:35:00+05:30,57.441265,57.46,57.765197846071395,57.47,57.47,57.33,57.43,57.72622033439484,58.38,57.52,0.8599999999999994,0.305197846071394,0.2849553343948372,-0.05104637915044963,0.060000000000002274,-0.06960153123368729,0.4299999999999997,0.1412650000000042,2.0587349999999986,0.32852325581396347,4.787755813953488,False,True,9,35,20
SUZLON,2026-06-18,SELL,2026-06-18 09:35:00+05:30,2026-06-18 09:40:00+05:30,58.83057,58.86,59.01898502298105,58.86,59.09,58.86,59.04,59.01640140839923,59.44,58.9,0.5399999999999991,0.15898502298104944,0.18583140839923118,-0.030067823979865772,0.03999999999999915,0.3058103975535076,0.2699999999999996,0.5305700000000044,0.4194299999999984,1.9650740740740935,1.553444444444441,False,True,9,40,25
SUZLON,2026-06-19,BUY,2026-06-19 10:00:00+05:30,2026-06-19 10:05:00+05:30,58.979475,58.93,58.66477104266735,58.95,59.14,58.91,59.07,58.71885837783409,58.82,58.21,0.6099999999999994,0.2652289573326527,0.2606166221659123,0.009138838400563513,0.10999999999999943,0.20356234096692294,0.3049999999999997,1.470525000000002,0.3294750000000022,4.821393442622962,1.0802459016393524,True,True,10,5,50
SUZLON,2026-06-22,BUY,2026-06-22 14:45:00+05:30,2026-06-22 14:50:00+05:30,59.66982,59.64,59.333718265852674,59.64,59.69,59.56,59.6,59.345202870119124,59.58,59.05,0.5300000000000011,0.3062817341473263,0.32461712988087754,0.0012125520917930569,0.060000000000002274,-0.06706908115358123,0.26500000000000057,0.020179999999996312,0.56982,0.07615094339621234,2.1502641509433915,False,True,14,50,335
SUZLON,2026-06-23,SELL,2026-06-23 09:40:00+05:30,2026-06-23 09:45:00+05:30,58.900535,58.93,59.20614655086018,58.93,59.0,58.85,58.96,59.18560247682419,59.55,59.01,0.5399999999999991,0.276146550860183,0.28506747682418876,-0.0335478443704961,0.0799999999999983,0.05090785677923648,0.2699999999999996,0.8005349999999964,0.329464999999999,2.964944444444436,1.220240740740739,True,True,9,45,30
SUZLON,2026-06-24,SELL,2026-06-24 09:45:00+05:30,2026-06-24 09:50:00+05:30,57.681145,57.72,58.26656801091948,57.71,57.87,57.64,57.85,58.21714092262293,58.6,58.11,0.490000000000002,0.5465680109194793,0.5359959226229307,-0.0235685279996611,0.39000000000000057,0.24259227170333464,0.245000000000001,0.07114500000000135,1.1088549999999984,0.2903877551020451,4.525938775510179,False,True,9,50,35
SUZLON,2026-06-24,BUY,2026-06-24 13:10:00+05:30,2026-06-24 13:15:00+05:30,58.639305,58.62,58.21434679734388,58.61,58.64,58.58,58.6,58.21659438256726,58.6,58.11,0.490000000000002,0.4056532026561186,0.42271061743274174,0.003523370043917453,0.01999999999999602,-0.01706193482340357,0.245000000000001,0.1506949999999989,0.9193050000000014,0.6150816326530543,3.7522653061224394,False,True,13,15,240
SUZLON,2026-06-24,SELL,2026-06-24 15:05:00+05:30,2026-06-24 15:10:00+05:30,57.99099,58.03,58.255168632901075,58.02,58.02,57.91,57.92,58.24648070418314,58.6,58.11,0.490000000000002,0.2251686329010738,0.25549070418314557,-0.003121216926535264,0.0799999999999983,-0.17235436056532993,0.245000000000001,0.2709899999999976,0.02901000000000664,1.106081632653047,0.11840816326533275,False,False,15,10,355
SUZLON,2026-06-25,SELL,2026-06-25 09:30:00+05:30,2026-06-25 09:35:00+05:30,57.88104499999999,57.91,58.14699440988822,57.91,58.09,57.88,58.02,58.13002997081609,58.46,58.02,0.4399999999999977,0.23699440988822573,0.24898497081609605,-0.01851586062016041,0.11000000000000654,0.18994992229321994,0.21999999999999886,1.0110449999999958,0.2889550000000085,4.595659090909096,1.3134318181818636,True,True,9,35,20
SUZLON,2026-06-29,SELL,2026-06-29 09:45:00+05:30,2026-06-29 09:50:00+05:30,57.001485,57.04,57.32466057650194,57.03,57.17,57.03,57.11,57.31401488816877,58.0,57.05,0.9500000000000028,0.2846605765019419,0.31252988816876837,-0.023935517847185585,0.00999999999999801,0.14027704716814693,0.4750000000000014,0.07148500000000269,0.6385149999999982,0.15049473684211045,1.34424210526315,False,True,9,50,35
SUZLON,2026-06-30,BUY,2026-06-30 09:50:00+05:30,2026-06-30 09:55:00+05:30,57.86892,57.81,57.57354174613242,57.84,57.84,57.67,57.72,57.581541514486744,57.78,57.35,0.4299999999999997,0.2364582538675819,0.2873784855132584,0.0002065959769361311,0.030000000000001137,-0.20746887966806016,0.21499999999999986,1.2310799999999986,0.5589200000000005,5.72595348837209,2.5996279069767483,True,True,9,55,40
SUZLON,2026-06-30,BUY,2026-06-30 11:50:00+05:30,2026-06-30 11:55:00+05:30,57.96897,57.93,57.591879141952,57.94,58.15,57.94,58.13,57.63387028573455,57.78,57.35,0.4299999999999997,0.3381208580480006,0.3350997142654464,0.006412920775946006,0.14999999999999858,0.32792544011046587,0.21499999999999986,1.1310300000000026,0.2589699999999979,5.260604651162806,1.2045116279069679,True,True,11,55,160
SUZLON,2026-07-01,SELL,2026-07-01 09:45:00+05:30,2026-07-01 09:50:00+05:30,58.79059,58.82,59.026783624534644,58.82,59.0,58.81,58.85,59.01599390891858,59.31,58.85,0.46000000000000085,0.20678362453464416,0.22540390891857953,-0.006863499725797392,0.030000000000001137,0.051003060183618665,0.23000000000000043,0.6605899999999991,0.4594099999999983,2.8721304347825996,1.9974347826086847,True,True,9,50,35
SUZLON,2026-07-02,SELL,2026-07-02 09:40:00+05:30,2026-07-02 09:45:00+05:30,58.080945,58.11,58.30370716632186,58.11,58.25,58.09,58.23,58.29682714723203,58.68,58.15,0.5300000000000011,0.19370716632185747,0.2158821472320298,-0.02853636941617153,0.03999999999999915,0.20650490449147796,0.26500000000000057,0.7209450000000004,0.5190550000000016,2.7205471698113164,1.958698113207549,True,True,9,45,30
SUZLON,2026-07-03,SELL,2026-07-03 09:40:00+05:30,2026-07-03 09:45:00+05:30,57.01148,57.02,57.2685474402251,57.04,57.07,56.95,57.07,57.25558879634709,58.12,57.1,1.019999999999996,0.24854744022509578,0.24410879634709204,-0.05169975515585275,0.0799999999999983,0.05259467040672483,0.509999999999998,0.7714799999999968,0.36852000000000373,1.512705882352941,0.7225882352941277,False,False,9,45,30
SUZLON,2026-07-06,SELL,2026-07-06 09:30:00+05:30,2026-07-06 09:35:00+05:30,55.482245,55.5,56.002489236409374,55.51,55.58,55.36,55.43,55.93089583541489,57.1,55.6,1.5,0.5024892364093745,0.44865083541488815,-0.29706774059609775,0.10000000000000142,-0.14411817690506146,0.75,0.4722450000000009,0.3677550000000025,0.6296600000000012,0.49034000000000333,False,False,9,35,20
SUZLON,2026-07-07,SELL,2026-07-07 09:30:00+05:30,2026-07-07 09:35:00+05:30,54.462755,54.48,54.88433671012894,54.49,54.61,54.34,54.46,54.79284706761734,55.56,54.65,0.9100000000000037,0.4043367101289448,0.3300920676173362,-0.10639483463002318,0.1700000000000017,-0.055055973573137074,0.45500000000000185,0.3127550000000028,0.6372450000000001,0.6873736263736296,1.400538461538456,False,True,9,35,20
SUZLON,2026-07-08,BUY,2026-07-08 09:40:00+05:30,2026-07-08 09:45:00+05:30,54.36717,54.33,54.11041761982027,54.34,54.4,54.01,54.04,54.11530435315405,54.3,53.87,0.4299999999999997,0.2195823801797303,0.2518656468459497,-0.0006120576201889293,0.030000000000001137,-0.5520794994479328,0.21499999999999986,0.4128299999999996,1.6571700000000007,1.9201395348837202,7.707767441860473,False,True,9,45,30
SUZLON,2026-07-09,BUY,2026-07-09 09:35:00+05:30,2026-07-09 09:40:00+05:30,53.976975,53.95,53.60904285683843,53.95,54.0,53.86,53.88,53.65265930735378,53.9,53.07,0.8299999999999983,0.34095714316157455,0.3243156926462234,0.07055619867028226,0.05000000000000426,-0.12974976830398832,0.41499999999999915,0.3130249999999961,0.5769750000000045,0.7542771084337271,1.3903012048192906,False,True,9,40,25
SUZLON,2026-07-10,BUY,2026-07-10 09:45:00+05:30,2026-07-10 09:50:00+05:30,54.38718,54.35,54.16061983704988,54.36,54.36,54.28,54.31,54.168810222246506,54.29,53.97,0.3200000000000003,0.1893801629501226,0.21836977775349453,0.007832997652813237,0.060000000000002274,-0.09197939661514942,0.16000000000000014,0.0628200000000021,0.6371800000000007,0.39262500000001277,3.982375000000001,False,True,9,50,35
SUZLON,2026-07-10,SELL,2026-07-10 13:55:00+05:30,2026-07-10 14:00:00+05:30,53.93302,53.96,54.15428923649747,53.96,53.97,53.91,53.97,54.15206422880939,54.29,53.97,0.3200000000000003,0.1942892364974682,0.21904422880938768,-0.0030273574274714316,0.00999999999999801,0.01853224610821602,0.16000000000000014,0.18301999999999907,0.17698000000000036,1.143874999999993,1.1061250000000014,False,True,14,0,285
SUZLON,2026-07-13,SELL,2026-07-13 11:25:00+05:30,2026-07-13 11:30:00+05:30,52.963505000000005,52.99,53.23906723175287,52.99,53.04,52.97,53.03,53.236705042749236,53.62,53.07,0.5499999999999972,0.2490672317528677,0.27320004274923093,-0.005792359428679523,0.0799999999999983,0.07548594074353598,0.2749999999999986,0.013505000000002099,0.5064949999999939,0.0491090909090988,1.8417999999999874,False,True,11,30,135
SUZLON,2026-07-14,SELL,2026-07-14 09:50:00+05:30,2026-07-14 09:55:00+05:30,52.423775000000006,52.47,52.66812462840067,52.45,52.54,52.4,52.51,52.64460038605456,52.99,52.52,0.46999999999999886,0.19812462840067013,0.22082538605455682,-0.0035928346901373024,0.05000000000000426,0.11439466158245093,0.23499999999999943,0.09377500000000794,0.5562249999999906,0.3990425531915241,2.366914893616987,False,True,9,55,40
SUZLON,2026-07-15,BUY,2026-07-15 10:10:00+05:30,2026-07-15 10:15:00+05:30,53.076525,52.99,52.75929703411675,53.05,53.24,53.03,53.12,52.79927872315032,52.91,52.47,0.4399999999999977,0.23070296588325334,0.27724627684967373,0.006551586748401252,0.0800000000000054,0.13195098963241225,0.21999999999999886,0.41347500000000537,0.7665249999999943,1.8794318181818523,3.4842045454545376,False,True,10,15,60
SUZLON,2026-07-15,SELL,2026-07-15 15:05:00+05:30,2026-07-15 15:10:00+05:30,52.41378,52.44,52.84092786508585,52.44,52.46,52.36,52.37,52.81579091834021,52.91,52.47,0.4399999999999977,0.40092786508585476,0.40201091834020986,-0.013776909947520443,0.030000000000001137,-0.1334858886346324,0.21999999999999886,0.10378000000000043,0.12621999999999645,0.4717272727272771,0.5737272727272595,False,False,15,10,355
SUZLON,2026-07-16,SELL,2026-07-16 09:30:00+05:30,2026-07-16 09:35:00+05:30,51.95401,51.94,52.23264959116509,51.98,52.01,51.9,52.0,52.20125314471656,52.63,52.13,0.5,0.2926495911650946,0.24724314471656328,-0.0524252162408582,0.19000000000000483,0.03847633705271747,0.25,0.07400999999999414,0.735990000000001,0.29603999999997654,2.943960000000004,False,True,9,35,20
SUZLON,2026-07-16,BUY,2026-07-16 11:25:00+05:30,2026-07-16 11:30:00+05:30,52.66632,52.64,52.30333624803704,52.64,52.65,52.59,52.61,52.30764586697081,52.63,52.13,0.5,0.33666375196295917,0.35867413302919005,0.006347028160782485,0.00999999999999801,-0.056990881458973686,0.25,0.0,0.7863199999999964,0.0,3.1452799999999854,False,True,11,30,135
SUZLON,2026-07-16,SELL,2026-07-16 13:30:00+05:30,2026-07-16 13:35:00+05:30,52.03397,52.05,52.29893309538744,52.06,52.06,51.95,51.95,52.28323667520549,52.63,52.13,0.5,0.2489330953874429,0.24926667520549017,-0.0013145037456740167,0.0800000000000054,-0.21129466000767705,0.25,0.15396999999999395,0.07603000000000293,0.6158799999999758,0.3041200000000117,False,False,13,35,260
SUZLON,2026-07-17,SELL,2026-07-17 10:00:00+05:30,2026-07-17 10:05:00+05:30,51.464255,51.49,51.64659183280897,51.49,51.58,51.46,51.57,51.63930584036161,52.05,51.5,0.5499999999999972,0.15659183280897082,0.17505084036160667,-0.0047991534028540995,0.00999999999999801,0.155369974752384,0.2749999999999986,0.1942549999999983,0.8257449999999977,0.7063818181818157,3.0027090909090983,False,True,10,5,50
SUZLON,2026-07-20,BUY,2026-07-20 09:45:00+05:30,2026-07-20 09:50:00+05:30,52.38618,52.35,51.9515624175718,52.36,52.54,52.33,52.45,52.04663100161784,52.07,51.61,0.46000000000000085,0.39843758242820115,0.33954899838216335,0.023289306825630844,0.28000000000000114,0.1718869365928244,0.23000000000000043,0.9038199999999961,0.05618000000000478,3.929652173913019,0.24426086956523774,True,False,9,50,35
SUZLON,2026-07-22,SELL,2026-07-22 09:30:00+05:30,2026-07-22 09:35:00+05:30,52.763605,52.77,52.9542113979143,52.79,52.79,52.65,52.67,52.914956809311725,53.3,52.8,0.5,0.18421139791429653,0.15135180931172698,-0.03630168208158704,0.02999999999999403,-0.22731577950368953,0.25,0.433605,0.9363950000000045,1.73442,3.745580000000018,False,True,9,35,20
SUZLON,2026-07-22,BUY,2026-07-22 11:05:00+05:30,2026-07-22 11:10:00+05:30,53.406690000000005,53.36,52.90481261949343,53.38,53.6,53.18,53.19,52.92993805861808,53.3,52.8,0.5,0.4551873805065725,0.4767519413819272,0.04094239982725639,0.060000000000002274,-0.3559385537654669,0.25,0.19330999999999676,0.8366900000000044,0.773239999999987,3.3467600000000175,False,True,11,10,115
SUZLON,2026-07-22,SELL,2026-07-22 13:30:00+05:30,2026-07-22 13:35:00+05:30,52.75361,52.77,52.99172056263828,52.78,52.88,52.76,52.87,52.99125037113082,53.3,52.8,0.5,0.221720562638275,0.2376403711308157,-0.0012121276719248503,0.02999999999999403,0.17051913603636226,0.25,0.1836100000000016,0.35638999999999754,0.7344400000000064,1.4255599999999902,False,True,13,35,260
SUZLON,2026-07-23,SELL,2026-07-23 12:55:00+05:30,2026-07-23 13:00:00+05:30,52.63367,52.66,52.97329537991312,52.66,52.67,52.57,52.58,52.965888947656936,53.22,52.69,0.5300000000000011,0.3132953799131215,0.3322189476569335,-0.007147580815090935,0.030000000000001137,-0.15191796429927518,0.26500000000000057,0.4836700000000036,0.05632999999999555,1.8251698113207644,0.2125660377358318,False,False,13,0,225
SUZLON,2026-07-24,SELL,2026-07-24 10:00:00+05:30,2026-07-24 10:05:00+05:30,51.944015,51.96,52.14512604247219,51.97,52.04,51.93,52.0,52.13409588402023,52.45,52.0,0.45000000000000284,0.18512604247219144,0.19008088402023304,-0.015365563965733625,0.03999999999999915,0.05772561092938222,0.22500000000000142,0.15401500000000112,0.635984999999998,0.6845111111111117,2.8265999999999734,False,True,10,5,50
SUZLON,2026-07-27,BUY,2026-07-27 11:00:00+05:30,2026-07-27 11:05:00+05:30,52.856415,52.85,52.48486453589307,52.83,52.86,52.68,52.72,52.49765771551051,52.84,52.26,0.5800000000000054,0.36513546410693465,0.3587572844894851,0.008032225737059483,0.00999999999999801,-0.20821502933938696,0.2900000000000027,0.34358500000000447,0.17641499999999866,1.18477586206897,0.6083275862068862,False,False,11,5,110
SUZLON,2026-07-28,SELL,2026-07-28 09:55:00+05:30,2026-07-28 10:00:00+05:30,51.7741,51.78,52.13060260380721,51.8,51.84,51.75,51.77,52.110388923370365,53.2,51.83,1.3700000000000045,0.35060260380721076,0.3362889233703683,-0.024979910429493372,0.04999999999999716,-0.05791505791504781,0.6850000000000023,3.9340999999999937,0.3259000000000043,5.743211678832089,0.47576642335766894,True,False,10,0,45
SUZLON,2026-07-29,SELL,2026-07-29 10:20:00+05:30,2026-07-29 10:25:00+05:30,47.05646,47.08,47.75016806008126,47.08,47.08,46.8,46.88,47.676646639313354,48.7,47.28,1.4200000000000017,0.6701680600812594,0.6201866393133528,-0.016020608680455847,0.20000000000000284,-0.4248088360237823,0.7100000000000009,1.1264600000000016,0.5435400000000001,1.5865633802816905,0.7655492957746471,False,False,10,25,70
SUZLON,2026-07-30,SELL,2026-07-30 09:30:00+05:30,2026-07-30 09:35:00+05:30,46.25686,46.25,46.56873713305302,46.28,46.43,46.22,46.41,46.54051493316938,47.52,46.31,1.2100000000000009,0.31873713305301976,0.2836549331693803,-0.0594573086708126,0.060000000000002274,0.2808988764044784,0.6050000000000004,0.036860000000004334,1.6231399999999994,0.060925619834717865,2.6828760330578483,False,True,9,35,20
SUZLON,2026-07-30,BUY,2026-07-30 11:45:00+05:30,2026-07-30 11:50:00+05:30,47.553765,47.53,46.84818058532932,47.53,47.59,47.51,47.55,46.85723383777187,47.52,46.31,1.2100000000000009,0.6818194146706844,0.6965311622281263,0.04265990537140328,0.00999999999999801,0.042078687144941895,0.6050000000000004,0.32623500000000405,0.4537649999999971,0.539231404958684,0.7500247933884244,False,False,11,50,155
SUZLON,2026-07-31,BUY,2026-07-31 09:50:00+05:30,2026-07-31 09:55:00+05:30,47.793885,47.79,47.45883043810015,47.77,47.79,47.7,47.76,47.47285350259985,47.63,47.13,0.5,0.3311695618998485,0.32103149740015624,0.013657519168799124,0.1599999999999966,-0.02093364036006573,0.25,0.38611499999999666,0.1638850000000005,1.5444599999999866,0.655540000000002,False,False,9,55,40
SUZLON,2026-08-03,BUY,2026-08-03 11:50:00+05:30,2026-08-03 11:55:00+05:30,49.10454,49.09,48.81390871365206,49.08,49.09,49.05,49.07,48.81772785315193,49.07,48.08,0.990000000000002,0.2760912863479419,0.2868121468480709,0.004706817779977355,0.020000000000003126,-0.02037489812550808,0.495000000000001,0.19545999999999708,0.3845400000000012,0.39486868686868015,0.7768484848484858,False,False,11,55,160
SUZLON,2026-08-04,SELL,2026-08-04 10:45:00+05:30,2026-08-04 10:50:00+05:30,48.41578,48.44,48.87097844581707,48.44,48.45,48.42,48.45,48.86037569804138,49.15,48.53,0.6199999999999974,0.43097844581707534,0.44459569804138255,-0.010587748949300374,0.09000000000000341,0.02064409578861337,0.3099999999999987,0.5157799999999995,0.0342200000000048,1.6638064516129083,0.11038709677420949,False,False,10,50,95
SUZLON,2026-08-05,SELL,2026-08-05 11:35:00+05:30,2026-08-05 11:40:00+05:30,48.23587,48.26,48.58328619138851,48.26,48.3,48.22,48.25,48.572767320605514,48.8,48.29,0.509999999999998,0.32328619138851167,0.3368973206055159,-0.004198184645411714,0.030000000000001137,-0.020721094073761215,0.254999999999999,0.3358699999999999,0.06412999999999869,1.3171372549019655,0.2514901960784272,False,False,11,40,145
SUZLON,2026-08-06,BUY,2026-08-06 14:30:00+05:30,2026-08-06 14:35:00+05:30,48.434205,48.44,48.12351715729758,48.41,48.49,48.35,48.36,48.13032949092448,48.31,47.83,0.480000000000004,0.31648284270242044,0.3038755090755174,0.003559396189383801,0.12999999999999545,-0.10328444536251702,0.240000000000002,0.05579500000000337,0.3542050000000003,0.23247916666667878,1.4758541666666558,False,True,14,35,320
SUZLON,2026-08-07,BUY,2026-08-07 10:25:00+05:30,2026-08-07 10:30:00+05:30,48.72435,48.7,48.45205024468734,48.7,48.7,48.54,48.68,48.466200961783635,48.54,47.95,0.5899999999999963,0.2479497553126606,0.2581490382163665,0.021667223944113585,0.1600000000000037,-0.0410677618069899,0.29499999999999815,0.26565000000000083,0.69435,0.9005084745762797,2.353728813559337,False,True,10,30,75
SUZLON,2026-08-10,SELL,2026-08-10 09:30:00+05:30,2026-08-10 09:35:00+05:30,47.61618,47.64,47.9922206274855,47.64,47.77,47.56,47.72,47.95080832106482,48.45,47.9,0.5500000000000043,0.35222062748550087,0.33462832106481954,-0.05193245827955285,0.259999999999998,0.16792611251048584,0.27500000000000213,0.61618,0.38382000000000005,2.240654545454528,1.3957090909090804,True,True,9,35,20
SUZLON,2026-08-11,SELL,2026-08-11 09:50:00+05:30,2026-08-11 09:55:00+05:30,47.23637,47.27,47.44782090952108,47.26,47.34,47.21,47.34,47.43951730360787,47.71,47.3,0.4100000000000037,0.1778209095210741,0.2031473036078708,-0.007568813190481934,0.02999999999999403,0.16927634363099742,0.20500000000000185,0.13636999999999944,0.26362999999999914,0.6652195121951132,1.2859999999999843,False,True,9,55,40
SUZLON,2026-08-12,SELL,2026-08-12 10:05:00+05:30,2026-08-12 10:10:00+05:30,47.05646,47.09,47.21228940956925,47.08,47.15,47.05,47.15,47.20713959139106,47.49,47.11,0.38000000000000256,0.12228940956924816,0.1506795913910608,-0.003004364127494702,0.01999999999999602,0.14868309260833712,0.19000000000000128,0.1564600000000027,0.3435399999999973,0.823473684210535,1.8081052631578682,False,True,10,10,55
SUZLON,2026-08-13,BUY,2026-08-13 09:40:00+05:30,2026-08-13 09:45:00+05:30,47.393685,47.34,47.25101168682135,47.37,47.45,47.31,47.32,47.26600817725808,47.31,47.12,0.19000000000000483,0.0889883131786533,0.12767682274191827,0.002146719703710143,0.030000000000001137,-0.10555203715431061,0.09500000000000242,0.07631500000000102,0.183684999999997,0.8033157894736745,1.933526315789393,False,True,9,45,30
