symbol,trade_date,direction,signal_candle_time,entry_candle_time,entry_hour,entry_price,orb_high,orb_low,orb_range,stop_loss,initial_risk,target,exit_time,exit_price,exit_reason,ambiguous,net_pnl,net_r,variant
INFY,2025-08-18,SELL,2025-08-18 10:20:00,2025-08-18 10:25:00,10:25,1411.0941,1433.7,1413.6,20.100000000000136,1421.1441,10.049999999999955,1390.9941000000001,2025-08-18 15:25:00,1405.6,END_OF_DAY,False,2.677405900000117,0.26640854726369445,ORB_50PCT
INFY,2025-08-18,SELL,2025-08-18 10:20:00,2025-08-18 10:25:00,10:25,1411.0941,1433.7,1413.6,20.100000000000136,1433.7,22.60590000000002,1365.8823,2025-08-18 15:25:00,1405.6,END_OF_DAY,False,2.677405900000117,0.1184383678597231,ORB_BOUNDARY
INFY,2025-08-19,BUY,2025-08-19 09:55:00,2025-08-19 10:00:00,10:00,1413.60645,1412.3,1402.4,9.899999999999864,1408.65645,4.9500000000000455,1423.50645,2025-08-19 10:35:00,1408.65645,STOP_LOSS,False,-7.772262900000046,-1.570154121212116,ORB_50PCT
INFY,2025-08-19,BUY,2025-08-19 09:55:00,2025-08-19 10:00:00,10:00,1413.60645,1412.3,1402.4,9.899999999999864,1402.4,11.206449999999904,1436.0193499999998,2025-08-19 15:25:00,1411.9,END_OF_DAY,False,-4.531956449999904,-0.4044060741804892,ORB_BOUNDARY
INFY,2025-08-20,BUY,2025-08-20 09:40:00,2025-08-20 09:45:00,09:45,1433.21625,1431.4,1410.2,21.200000000000045,1422.61625,10.599999999999909,1454.4162499999998,2025-08-20 11:55:00,1454.4162499999998,TARGET,False,18.31236749999982,1.7275818396226392,ORB_50PCT
INFY,2025-08-20,BUY,2025-08-20 09:40:00,2025-08-20 09:45:00,09:45,1433.21625,1431.4,1410.2,21.200000000000045,1410.2,23.0162499999999,1479.2487499999997,2025-08-20 15:25:00,1464.7,END_OF_DAY,False,28.5858337500001,1.2419848476619877,ORB_BOUNDARY
INFY,2025-08-22,SELL,2025-08-22 09:50:00,2025-08-22 09:55:00,09:55,1458.77025,1472.4,1461.0,11.400000000000091,1464.47025,5.7000000000000455,1447.37025,2025-08-22 11:20:00,1464.47025,STOP_LOSS,False,-8.623240500000046,-1.5128492105263118,ORB_50PCT
INFY,2025-08-22,SELL,2025-08-22 09:50:00,2025-08-22 09:55:00,09:55,1458.77025,1472.4,1461.0,11.400000000000091,1472.4,13.629750000000058,1431.51075,2025-08-22 15:25:00,1456.4,END_OF_DAY,False,-0.5449202500000583,-0.039980208734573704,ORB_BOUNDARY
INFY,2025-08-25,BUY,2025-08-25 09:30:00,2025-08-25 09:35:00,09:35,1491.3453,1488.7,1474.8,13.900000000000091,1484.3953,6.9500000000000455,1505.2453,2025-08-25 13:35:00,1505.2453,TARGET,False,10.90340940000009,1.568835884892089,ORB_50PCT
INFY,2025-08-25,BUY,2025-08-25 09:30:00,2025-08-25 09:35:00,09:35,1491.3453,1488.7,1474.8,13.900000000000091,1474.8,16.545299999999997,1524.4359,2025-08-25 15:25:00,1500.8,END_OF_DAY,False,6.462554700000002,0.39059761382386554,ORB_BOUNDARY
INFY,2025-08-26,BUY,2025-08-26 09:35:00,2025-08-26 09:40:00,09:40,1504.9521,1503.1,1487.5,15.599999999999909,1497.1521,7.7999999999999545,1520.5520999999999,2025-08-26 10:00:00,1497.1521,STOP_LOSS,False,-10.802104199999954,-1.384885153846156,ORB_50PCT
INFY,2025-08-26,BUY,2025-08-26 09:35:00,2025-08-26 09:40:00,09:40,1504.9521,1503.1,1487.5,15.599999999999909,1487.5,17.452099999999973,1539.8563,2025-08-26 12:30:00,1487.5,STOP_LOSS,False,-20.444552099999974,-1.1714665914130682,ORB_BOUNDARY
INFY,2025-08-28,SELL,2025-08-28 10:10:00,2025-08-28 10:15:00,10:15,1473.8627,1497.2,1477.5,19.700000000000045,1483.7127,9.850000000000136,1454.1626999999996,2025-08-28 15:25:00,1468.2,END_OF_DAY,False,2.7206372999998587,0.2762068324872915,ORB_50PCT
INFY,2025-08-28,SELL,2025-08-28 10:10:00,2025-08-28 10:15:00,10:15,1473.8627,1497.2,1477.5,19.700000000000045,1497.2,23.33730000000014,1427.1880999999996,2025-08-28 15:25:00,1468.2,END_OF_DAY,False,2.7206372999998587,0.1165789230116527,ORB_BOUNDARY
INFY,2025-08-29,SELL,2025-08-29 09:30:00,2025-08-29 09:35:00,09:35,1454.57235,1470.1,1456.3,13.799999999999955,1461.47235,6.900000000000091,1440.7723499999997,2025-08-29 14:20:00,1440.7723499999997,TARGET,False,10.904655300000183,1.5803848260869622,ORB_50PCT
INFY,2025-08-29,SELL,2025-08-29 09:30:00,2025-08-29 09:35:00,09:35,1454.57235,1470.1,1456.3,13.799999999999955,1470.1,15.527649999999994,1423.51705,2025-08-29 15:25:00,1437.9,END_OF_DAY,False,13.779877649999824,0.8874412837744172,ORB_BOUNDARY
INFY,2025-09-02,BUY,2025-09-02 11:45:00,2025-09-02 11:50:00,11:50,1472.83605,1471.2,1454.8,16.40000000000009,1464.6360499999998,8.200000000000045,1489.23605,2025-09-02 14:05:00,1464.6360499999998,STOP_LOSS,False,-11.137472100000046,-1.3582283048780468,ORB_50PCT
INFY,2025-09-02,BUY,2025-09-02 11:45:00,2025-09-02 11:50:00,11:50,1472.83605,1471.2,1454.8,16.40000000000009,1454.8,18.036049999999932,1508.9081499999998,2025-09-02 15:25:00,1463.3,END_OF_DAY,False,-12.472186049999932,-0.6915142755758594,ORB_BOUNDARY
INFY,2025-09-03,SELL,2025-09-03 09:45:00,2025-09-03 09:50:00,09:50,1447.3759499999999,1470.1,1450.7,19.399999999999864,1457.07595,9.700000000000045,1427.9759499999998,2025-09-03 15:25:00,1448.7,END_OF_DAY,False,-4.22012595000017,-0.4350645309278506,ORB_50PCT
INFY,2025-09-03,SELL,2025-09-03 09:45:00,2025-09-03 09:50:00,09:50,1447.3759499999999,1470.1,1450.7,19.399999999999864,1470.1,22.724050000000034,1401.9278499999998,2025-09-03 15:25:00,1448.7,END_OF_DAY,False,-4.22012595000017,-0.18571187574398773,ORB_BOUNDARY
INFY,2025-09-04,SELL,2025-09-04 09:40:00,2025-09-04 09:45:00,09:45,1439.5798499999999,1452.6,1443.8,8.799999999999955,1443.9798499999997,4.399999999999864,1430.7798500000001,2025-09-04 09:45:00,1443.9798499999997,STOP_LOSS,False,-7.283559699999863,-1.6553544772727475,ORB_50PCT
INFY,2025-09-04,SELL,2025-09-04 09:40:00,2025-09-04 09:45:00,09:45,1439.5798499999999,1452.6,1443.8,8.799999999999955,1452.6,13.020150000000058,1413.5395499999997,2025-09-04 15:25:00,1430.5,END_OF_DAY,False,6.209770149999851,0.4769353770885761,ORB_BOUNDARY
INFY,2025-09-05,SELL,2025-09-05 10:05:00,2025-09-05 10:10:00,10:10,1428.98515,1441.5,1433.6,7.900000000000091,1432.93515,3.9500000000000455,1421.0851499999999,2025-09-05 10:10:00,1421.0851499999999,TARGET,False,5.0499297000000904,1.2784632151898816,ORB_50PCT
INFY,2025-09-05,SELL,2025-09-05 10:05:00,2025-09-05 10:10:00,10:10,1428.98515,1441.5,1433.6,7.900000000000091,1441.5,12.514850000000024,1403.95545,2025-09-05 10:15:00,1403.95545,TARGET,False,22.196759400000047,1.7736336751938702,ORB_BOUNDARY
INFY,2025-09-05,SELL,2025-09-05 14:20:00,2025-09-05 14:25:00,14:25,1413.4929,1441.5,1433.6,7.900000000000091,1417.4429,3.9500000000000455,1405.5928999999999,2025-09-05 15:25:00,1413.9,END_OF_DAY,False,-3.2344929000001277,-0.8188589620253394,ORB_50PCT
INFY,2025-09-05,SELL,2025-09-05 14:20:00,2025-09-05 14:25:00,14:25,1413.4929,1441.5,1433.6,7.900000000000091,1441.5,28.007100000000037,1357.4787,2025-09-05 15:25:00,1413.9,END_OF_DAY,False,-3.2344929000001277,-0.11548831903339236,ORB_BOUNDARY
INFY,2025-09-08,SELL,2025-09-08 09:55:00,2025-09-08 10:00:00,10:00,1411.0941,1427.1,1414.4,12.699999999999818,1417.4441,6.349999999999909,1398.3941000000002,2025-09-08 14:45:00,1398.3941000000002,TARGET,False,9.890511799999818,1.5575609133858204,ORB_50PCT
INFY,2025-09-08,SELL,2025-09-08 09:55:00,2025-09-08 10:00:00,10:00,1411.0941,1427.1,1414.4,12.699999999999818,1427.1,16.005899999999883,1379.0823000000003,2025-09-08 15:25:00,1405.5,END_OF_DAY,False,2.7775059000000257,0.1735301295147443,ORB_BOUNDARY
INFY,2025-09-09,BUY,2025-09-09 09:30:00,2025-09-09 09:35:00,09:35,1454.1267,1453.5,1441.3,12.200000000000045,1448.0267,6.100000000000136,1466.3267000000003,2025-09-09 11:20:00,1466.3267000000003,TARGET,False,9.279546600000273,1.5212371475409945,ORB_50PCT
INFY,2025-09-09,BUY,2025-09-09 09:30:00,2025-09-09 09:35:00,09:35,1454.1267,1453.5,1441.3,12.200000000000045,1441.3,12.826700000000073,1479.7801000000002,2025-09-09 15:25:00,1470.6,END_OF_DAY,False,13.54857329999988,1.0562789571752518,ORB_BOUNDARY
INFY,2025-09-10,BUY,2025-09-10 10:00:00,2025-09-10 10:05:00,10:05,1495.4473500000001,1494.5,1477.3,17.200000000000045,1486.84735,8.600000000000136,1512.6473500000004,2025-09-10 15:25:00,1500.2,END_OF_DAY,False,1.7570026499999032,0.20430263372091573,ORB_50PCT
INFY,2025-09-10,BUY,2025-09-10 10:00:00,2025-09-10 10:05:00,10:05,1495.4473500000001,1494.5,1477.3,17.200000000000045,1477.3,18.147350000000188,1531.7420500000005,2025-09-10 15:25:00,1500.2,END_OF_DAY,False,1.7570026499999032,0.09681868978114629,ORB_BOUNDARY
INFY,2025-09-11,SELL,2025-09-11 09:50:00,2025-09-11 09:55:00,09:55,1479.3599499999998,1495.1,1480.7,14.399999999999864,1486.5599499999998,7.2000000000000455,1464.9599499999997,2025-09-11 15:25:00,1479.9,END_OF_DAY,False,-3.499309950000292,-0.4860152708333708,ORB_50PCT
INFY,2025-09-11,SELL,2025-09-11 09:50:00,2025-09-11 09:55:00,09:55,1479.3599499999998,1495.1,1480.7,14.399999999999864,1495.1,15.74005000000011,1447.8798499999996,2025-09-11 15:25:00,1479.9,END_OF_DAY,False,-3.499309950000292,-0.22231885858051706,ORB_BOUNDARY
INFY,2025-09-12,SELL,2025-09-12 09:40:00,2025-09-12 09:45:00,09:45,1490.95415,1510.2,1496.4,13.799999999999955,1497.8541500000001,6.900000000000091,1477.1541499999998,2025-09-12 10:15:00,1497.8541500000001,STOP_LOSS,False,-9.888808300000091,-1.4331606231884002,ORB_50PCT
INFY,2025-09-12,SELL,2025-09-12 09:40:00,2025-09-12 09:45:00,09:45,1490.95415,1510.2,1496.4,13.799999999999955,1510.2,19.24585000000002,1452.46245,2025-09-12 15:25:00,1492.7,END_OF_DAY,False,-4.729504150000019,-0.24574150531153544,ORB_BOUNDARY
INFY,2025-09-16,BUY,2025-09-16 15:05:00,2025-09-16 15:10:00,15:10,1481.5403999999999,1479.4,1471.7,7.7000000000000455,1477.6904,3.849999999999909,1489.2403999999997,2025-09-16 15:25:00,1481.4,END_OF_DAY,False,-3.103340399999772,-0.8060624415584015,ORB_50PCT
INFY,2025-09-16,BUY,2025-09-16 15:05:00,2025-09-16 15:10:00,15:10,1481.5403999999999,1479.4,1471.7,7.7000000000000455,1471.7,9.840399999999818,1501.2211999999995,2025-09-16 15:25:00,1481.4,END_OF_DAY,False,-3.103340399999772,-0.315367302142172,ORB_BOUNDARY
INFY,2025-09-17,BUY,2025-09-17 11:45:00,2025-09-17 11:50:00,11:50,1491.9456,1490.7,1481.9,8.799999999999955,1487.5456,4.400000000000091,1500.7456000000002,2025-09-17 13:45:00,1487.5456,STOP_LOSS,False,-7.379491200000091,-1.677157090909077,ORB_50PCT
INFY,2025-09-17,BUY,2025-09-17 11:45:00,2025-09-17 11:50:00,11:50,1491.9456,1490.7,1481.9,8.799999999999955,1481.9,10.045599999999922,1512.0367999999999,2025-09-17 15:25:00,1489.3,END_OF_DAY,False,-5.626845600000059,-0.560130365533179,ORB_BOUNDARY
INFY,2025-09-18,SELL,2025-09-18 10:10:00,2025-09-18 10:15:00,10:15,1510.54435,1522.1,1512.4,9.699999999999818,1515.3943499999998,4.849999999999909,1500.84435,2025-09-18 10:40:00,1515.3943499999998,STOP_LOSS,False,-7.875938699999908,-1.6239048865979497,ORB_50PCT
INFY,2025-09-18,SELL,2025-09-18 10:10:00,2025-09-18 10:15:00,10:15,1510.54435,1522.1,1512.4,9.699999999999818,1522.1,11.555650000000014,1487.4330499999999,2025-09-18 15:25:00,1508.5,END_OF_DAY,False,-0.9746943500001053,-0.08434786013769058,ORB_BOUNDARY
INFY,2025-09-19,SELL,2025-09-19 09:30:00,2025-09-19 09:35:00,09:35,1495.6518,1518.4,1498.1,20.300000000000182,1505.8018000000002,10.150000000000091,1475.3518,2025-09-19 15:05:00,1505.8018000000002,STOP_LOSS,False,-13.151453600000092,-1.2957097142857117,ORB_50PCT
INFY,2025-09-19,SELL,2025-09-19 09:30:00,2025-09-19 09:35:00,09:35,1495.6518,1518.4,1498.1,20.300000000000182,1518.4,22.748199999999997,1450.1554,2025-09-19 15:25:00,1511.3,END_OF_DAY,False,-18.65515179999986,-0.8200715573100229,ORB_BOUNDARY
INFY,2025-09-22,BUY,2025-09-22 09:30:00,2025-09-22 09:35:00,09:35,1476.03765,1472.2,1450.6,21.600000000000136,1465.23765,10.799999999999955,1497.63765,2025-09-22 13:40:00,1465.23765,STOP_LOSS,False,-13.741275299999955,-1.2723403055555569,ORB_50PCT
INFY,2025-09-22,BUY,2025-09-22 09:30:00,2025-09-22 09:35:00,09:35,1476.03765,1472.2,1450.6,21.600000000000136,1450.6,25.437650000000076,1526.9129500000001,2025-09-22 15:25:00,1469.1,END_OF_DAY,False,-9.882787650000076,-0.38851024563983094,ORB_BOUNDARY
INFY,2025-09-24,SELL,2025-09-24 10:40:00,2025-09-24 10:45:00,10:45,1454.57235,1465.0,1455.7,9.299999999999955,1459.22235,4.650000000000091,1445.2723499999997,2025-09-24 13:35:00,1459.22235,STOP_LOSS,False,-7.563794700000091,-1.62662251612902,ORB_50PCT
INFY,2025-09-24,SELL,2025-09-24 10:40:00,2025-09-24 10:45:00,10:45,1454.57235,1465.0,1455.7,9.299999999999955,1465.0,10.427650000000085,1433.7170499999997,2025-09-24 15:25:00,1463.2,END_OF_DAY,False,-11.54542235000013,-1.1071931211730386,ORB_BOUNDARY
INFY,2025-09-25,SELL,2025-09-25 12:35:00,2025-09-25 12:40:00,12:40,1456.3714499999999,1470.9,1457.3,13.600000000000136,1463.1714499999998,6.7999999999999545,1442.77145,2025-09-25 15:25:00,1459.5,END_OF_DAY,False,-6.044421450000131,-0.8888855073529665,ORB_50PCT
INFY,2025-09-25,SELL,2025-09-25 12:35:00,2025-09-25 12:40:00,12:40,1456.3714499999999,1470.9,1457.3,13.600000000000136,1470.9,14.528550000000223,1427.3143499999994,2025-09-25 15:25:00,1459.5,END_OF_DAY,False,-6.044421450000131,-0.41603748825588505,ORB_BOUNDARY
INFY,2025-09-26,SELL,2025-09-26 09:40:00,2025-09-26 09:45:00,09:45,1427.3859499999999,1447.4,1429.2,18.200000000000045,1436.4859499999998,9.099999999999909,1409.18595,2025-09-26 15:25:00,1421.4,END_OF_DAY,False,3.1371640499997753,0.34474330219778093,ORB_50PCT
INFY,2025-09-26,SELL,2025-09-26 09:40:00,2025-09-26 09:45:00,09:45,1427.3859499999999,1447.4,1429.2,18.200000000000045,1447.4,20.014050000000225,1387.3578499999994,2025-09-26 15:25:00,1421.4,END_OF_DAY,False,3.1371640499997753,0.15674808696889136,ORB_BOUNDARY
INFY,2025-09-29,SELL,2025-09-29 11:45:00,2025-09-29 11:50:00,11:50,1418.79025,1434.0,1422.4,11.599999999999909,1424.59025,5.7999999999999545,1407.19025,2025-09-29 13:20:00,1424.59025,STOP_LOSS,False,-8.643380499999955,-1.4902380172413832,ORB_50PCT
INFY,2025-09-29,SELL,2025-09-29 11:45:00,2025-09-29 11:50:00,11:50,1418.79025,1434.0,1422.4,11.599999999999909,1434.0,15.209749999999985,1388.37075,2025-09-29 15:25:00,1418.5,END_OF_DAY,False,-2.5470402499999856,-0.16746102006936261,ORB_BOUNDARY
INFY,2025-09-30,SELL,2025-09-30 09:30:00,2025-09-30 09:35:00,09:35,1407.8956999999998,1418.2,1410.3,7.900000000000091,1411.8456999999999,3.9500000000000455,1399.9956999999997,2025-09-30 09:40:00,1411.8456999999999,STOP_LOSS,False,-6.769741400000045,-1.7138585822784727,ORB_50PCT
INFY,2025-09-30,SELL,2025-09-30 09:30:00,2025-09-30 09:35:00,09:35,1407.8956999999998,1418.2,1410.3,7.900000000000091,1418.2,10.30430000000024,1387.2870999999993,2025-09-30 11:00:00,1418.2,STOP_LOSS,False,-13.13039570000024,-1.274263724852725,ORB_BOUNDARY
INFY,2025-09-30,SELL,2025-09-30 14:55:00,2025-09-30 15:00:00,15:00,1409.79475,1418.2,1410.3,7.900000000000091,1413.74475,3.9500000000000455,1401.89475,2025-09-30 15:25:00,1412.0,END_OF_DAY,False,-5.027044749999979,-1.2726695569620052,ORB_50PCT
INFY,2025-09-30,SELL,2025-09-30 14:55:00,2025-09-30 15:00:00,15:00,1409.79475,1418.2,1410.3,7.900000000000091,1418.2,8.405250000000024,1392.98425,2025-09-30 15:25:00,1412.0,END_OF_DAY,False,-5.027044749999979,-0.5980839058921466,ORB_BOUNDARY
INFY,2025-10-01,SELL,2025-10-01 10:00:00,2025-10-01 10:05:00,10:05,1398.7003000000002,1415.4,1399.8,15.600000000000136,1406.5003000000002,7.7999999999999545,1383.1003000000003,2025-10-01 10:55:00,1406.5003000000002,STOP_LOSS,False,-10.605200599999954,-1.3596411025641046,ORB_50PCT
INFY,2025-10-01,SELL,2025-10-01 10:00:00,2025-10-01 10:05:00,10:05,1398.7003000000002,1415.4,1399.8,15.600000000000136,1415.4,16.699699999999893,1365.3009000000004,2025-10-01 14:30:00,1415.4,STOP_LOSS,False,-19.513800299999893,-1.1685120271621656,ORB_BOUNDARY
INFY,2025-10-01,BUY,2025-10-01 14:40:00,2025-10-01 14:45:00,14:45,1416.60795,1415.4,1399.8,15.600000000000136,1408.80795,7.800000000000182,1432.2079500000004,2025-10-01 15:25:00,1417.2,END_OF_DAY,False,-2.241757950000028,-0.2874048653846123,ORB_50PCT
INFY,2025-10-01,BUY,2025-10-01 14:40:00,2025-10-01 14:45:00,14:45,1416.60795,1415.4,1399.8,15.600000000000136,1399.8,16.80795000000012,1450.2238500000003,2025-10-01 15:25:00,1417.2,END_OF_DAY,False,-2.241757950000028,-0.13337485832597148,ORB_BOUNDARY
INFY,2025-10-03,BUY,2025-10-03 09:45:00,2025-10-03 09:50:00,09:50,1413.3063,1411.5,1402.8,8.700000000000045,1408.9562999999998,4.350000000000136,1422.0063000000002,2025-10-03 10:05:00,1408.9562999999998,STOP_LOSS,False,-7.172262600000137,-1.6487959999999797,ORB_50PCT
INFY,2025-10-03,BUY,2025-10-03 09:45:00,2025-10-03 09:50:00,09:50,1413.3063,1411.5,1402.8,8.700000000000045,1402.8,10.50630000000001,1434.3189,2025-10-03 15:25:00,1414.9,END_OF_DAY,False,-1.2345062999998735,-0.11750152765482351,ORB_BOUNDARY
INFY,2025-10-06,BUY,2025-10-06 09:45:00,2025-10-06 09:50:00,09:50,1425.3122999999998,1423.2,1411.8,11.400000000000091,1419.6122999999998,5.7000000000000455,1436.7123,2025-10-06 13:30:00,1436.7123,TARGET,False,8.537975400000091,1.4978904210526356,ORB_50PCT
INFY,2025-10-06,BUY,2025-10-06 09:45:00,2025-10-06 09:50:00,09:50,1425.3122999999998,1423.2,1411.8,11.400000000000091,1411.8,13.512299999999868,1452.3368999999996,2025-10-06 15:25:00,1443.7,END_OF_DAY,False,15.518687700000223,1.148486023844969,ORB_BOUNDARY
INFY,2025-10-07,SELL,2025-10-07 09:35:00,2025-10-07 09:40:00,09:40,1434.3824499999998,1451.5,1435.9,15.599999999999909,1442.1824499999998,7.7999999999999545,1418.78245,2025-10-07 15:25:00,1427.2,END_OF_DAY,False,4.3208675499997895,0.5539573782051045,ORB_50PCT
INFY,2025-10-07,SELL,2025-10-07 09:35:00,2025-10-07 09:40:00,09:40,1434.3824499999998,1451.5,1435.9,15.599999999999909,1451.5,17.117550000000165,1400.1473499999995,2025-10-07 15:25:00,1427.2,END_OF_DAY,False,4.3208675499997895,0.25242324690155704,ORB_BOUNDARY
INFY,2025-10-08,BUY,2025-10-08 09:35:00,2025-10-08 09:40:00,09:40,1457.82855,1456.4,1424.2,32.200000000000045,1441.7285499999998,16.100000000000136,1490.0285500000002,2025-10-08 15:25:00,1460.4,END_OF_DAY,False,-0.346778549999859,-0.02153904037266187,ORB_50PCT
INFY,2025-10-08,BUY,2025-10-08 09:35:00,2025-10-08 09:40:00,09:40,1457.82855,1456.4,1424.2,32.200000000000045,1424.2,33.628549999999905,1525.0856499999998,2025-10-08 15:25:00,1460.4,END_OF_DAY,False,-0.346778549999859,-0.010312028023802988,ORB_BOUNDARY
INFY,2025-10-09,SELL,2025-10-09 09:50:00,2025-10-09 09:55:00,09:55,1462.6683,1477.4,1465.1,12.300000000000182,1468.8183000000001,6.150000000000091,1450.3682999999999,2025-10-09 11:05:00,1468.8183000000001,STOP_LOSS,False,-9.08148660000009,-1.476664487804871,ORB_50PCT
INFY,2025-10-09,SELL,2025-10-09 09:50:00,2025-10-09 09:55:00,09:55,1462.6683,1477.4,1465.1,12.300000000000182,1477.4,14.731700000000046,1433.2049,2025-10-09 12:35:00,1477.4,STOP_LOSS,False,-17.671768300000046,-1.1995742718084126,ORB_BOUNDARY
INFY,2025-10-09,BUY,2025-10-09 14:50:00,2025-10-09 14:55:00,14:55,1479.23925,1477.4,1465.1,12.300000000000182,1473.08925,6.150000000000091,1491.5392500000003,2025-10-09 15:25:00,1477.7,END_OF_DAY,False,-4.496189250000039,-0.7310876829268247,ORB_50PCT
INFY,2025-10-09,BUY,2025-10-09 14:50:00,2025-10-09 14:55:00,14:55,1479.23925,1477.4,1465.1,12.300000000000182,1465.1,14.139250000000175,1507.5177500000004,2025-10-09 15:25:00,1477.7,END_OF_DAY,False,-4.496189250000039,-0.3179934756086768,ORB_BOUNDARY
INFY,2025-10-13,SELL,2025-10-13 10:15:00,2025-10-13 10:20:00,10:20,1460.6693,1472.8,1462.8,10.0,1465.6693,5.0,1450.6693,2025-10-13 14:25:00,1465.6693,STOP_LOSS,False,-7.9263386,-1.58526772,ORB_50PCT
INFY,2025-10-13,SELL,2025-10-13 10:15:00,2025-10-13 10:20:00,10:20,1460.6693,1472.8,1462.8,10.0,1472.8,12.130699999999933,1436.4079000000002,2025-10-13 15:25:00,1460.8,END_OF_DAY,False,-3.052169299999933,-0.2516070218536399,ORB_BOUNDARY
INFY,2025-10-14,SELL,2025-10-14 09:55:00,2025-10-14 10:00:00,10:00,1463.268,1479.5,1466.4,13.099999999999909,1469.818,6.5499999999999545,1450.1680000000001,2025-10-14 14:20:00,1469.818,STOP_LOSS,False,-9.483085999999954,-1.4477993893129801,ORB_50PCT
INFY,2025-10-14,SELL,2025-10-14 09:55:00,2025-10-14 10:00:00,10:00,1463.268,1479.5,1466.4,13.099999999999909,1479.5,16.23199999999997,1430.804,2025-10-14 15:25:00,1455.7,END_OF_DAY,False,4.649031999999984,0.28641153277476544,ORB_BOUNDARY
INFY,2025-10-15,SELL,2025-10-15 09:35:00,2025-10-15 09:40:00,09:40,1445.277,1457.1,1448.8,8.299999999999955,1449.4270000000001,4.150000000000091,1436.9769999999999,2025-10-15 10:05:00,1436.9769999999999,TARGET,False,5.417746000000182,1.305480963855437,ORB_50PCT
INFY,2025-10-15,SELL,2025-10-15 09:35:00,2025-10-15 09:40:00,09:40,1445.277,1457.1,1448.8,8.299999999999955,1457.1,11.822999999999865,1421.6310000000003,2025-10-15 15:25:00,1443.3,END_OF_DAY,False,-0.911576999999911,-0.07710200456736205,ORB_BOUNDARY
INFY,2025-10-16,BUY,2025-10-16 15:00:00,2025-10-16 15:05:00,15:05,1443.5213999999999,1442.7,1429.6,13.100000000000136,1436.9714,6.5499999999999545,1456.6213999999998,2025-10-16 15:25:00,1436.9714,STOP_LOSS,False,-9.430492799999953,-1.439769893129774,ORB_50PCT
INFY,2025-10-16,BUY,2025-10-16 15:00:00,2025-10-16 15:05:00,15:05,1443.5213999999999,1442.7,1429.6,13.100000000000136,1429.6,13.921399999999949,1471.3641999999998,2025-10-16 15:25:00,1438.9,END_OF_DAY,False,-7.503821399999767,-0.5390134181906845,ORB_BOUNDARY
INFY,2025-10-17,SELL,2025-10-17 09:35:00,2025-10-17 09:40:00,09:40,1415.19205,1427.5,1416.6,10.900000000000091,1420.6420500000002,5.4500000000000455,1404.29205,2025-10-17 11:35:00,1420.6420500000002,STOP_LOSS,False,-8.285834100000045,-1.5203365321100872,ORB_50PCT
INFY,2025-10-17,SELL,2025-10-17 09:35:00,2025-10-17 09:40:00,09:40,1415.19205,1427.5,1416.6,10.900000000000091,1427.5,12.307949999999892,1390.5761500000003,2025-10-17 15:25:00,1409.6,END_OF_DAY,False,2.7672579500001993,0.22483500095468567,ORB_BOUNDARY
INFY,2025-10-20,BUY,2025-10-20 09:55:00,2025-10-20 10:00:00,10:00,1432.81605,1430.6,1419.3,11.299999999999955,1427.1660499999998,5.650000000000091,1444.11605,2025-10-20 10:30:00,1427.1660499999998,STOP_LOSS,False,-8.50998210000009,-1.5061915221238857,ORB_50PCT
INFY,2025-10-20,BUY,2025-10-20 09:55:00,2025-10-20 10:00:00,10:00,1432.81605,1430.6,1419.3,11.299999999999955,1419.3,13.51604999999995,1459.8481499999998,2025-10-20 15:25:00,1431.7,END_OF_DAY,False,-3.9805660499998594,-0.2945066088095171,ORB_BOUNDARY
INFY,2025-10-23,BUY,2025-10-23 09:35:00,2025-10-23 09:40:00,09:40,1492.3457999999998,1486.9,1474.1,12.800000000000182,1485.9457999999997,6.400000000000091,1505.1458,2025-10-23 10:30:00,1505.1458,TARGET,False,9.802508400000182,1.5316419375000065,ORB_50PCT
INFY,2025-10-23,BUY,2025-10-23 09:35:00,2025-10-23 09:40:00,09:40,1492.3457999999998,1486.9,1474.1,12.800000000000182,1474.1,18.245799999999917,1528.8373999999997,2025-10-23 15:25:00,1492.7,END_OF_DAY,False,-2.630845799999781,-0.14418911749552188,ORB_BOUNDARY
INFY,2025-10-24,SELL,2025-10-24 10:40:00,2025-10-24 10:45:00,10:45,1487.95565,1510.3,1490.9,19.399999999999864,1497.6556500000002,9.700000000000045,1468.55565,2025-10-24 15:25:00,1491.6,END_OF_DAY,False,-6.623905649999804,-0.6828768711339972,ORB_50PCT
INFY,2025-10-24,SELL,2025-10-24 10:40:00,2025-10-24 10:45:00,10:45,1487.95565,1510.3,1490.9,19.399999999999864,1510.3,22.34434999999985,1443.2669500000004,2025-10-24 15:25:00,1491.6,END_OF_DAY,False,-6.623905649999804,-0.2964465580784336,ORB_BOUNDARY
INFY,2025-10-27,BUY,2025-10-27 09:40:00,2025-10-27 09:45:00,09:45,1480.43985,1479.2,1466.4,12.799999999999955,1474.0398500000001,6.399999999999864,1493.2398499999997,2025-10-27 11:55:00,1474.0398500000001,STOP_LOSS,False,-9.354479699999864,-1.4616374531250098,ORB_50PCT
INFY,2025-10-27,BUY,2025-10-27 09:40:00,2025-10-27 09:45:00,09:45,1480.43985,1479.2,1466.4,12.799999999999955,1466.4,14.039849999999888,1508.5195499999998,2025-10-27 15:25:00,1473.0,END_OF_DAY,False,-10.393289849999977,-0.740270718704264,ORB_BOUNDARY
INFY,2025-10-28,SELL,2025-10-28 10:05:00,2025-10-28 10:10:00,10:10,1462.9681500000002,1474.6,1465.3,9.299999999999955,1467.6181500000002,4.650000000000091,1453.66815,2025-10-28 12:50:00,1467.6181500000002,STOP_LOSS,False,-7.580586300000091,-1.6302336129032136,ORB_50PCT
INFY,2025-10-28,SELL,2025-10-28 10:05:00,2025-10-28 10:10:00,10:10,1462.9681500000002,1474.6,1465.3,9.299999999999955,1474.6,11.631849999999758,1439.7044500000006,2025-10-28 15:25:00,1470.4,END_OF_DAY,False,-10.36521814999994,-0.8911065866564781,ORB_BOUNDARY
INFY,2025-10-29,BUY,2025-10-29 10:25:00,2025-10-29 10:30:00,10:30,1482.3408,1475.1,1465.2,9.899999999999864,1477.3908000000001,4.949999999999818,1492.2407999999996,2025-10-29 14:45:00,1477.3908000000001,STOP_LOSS,False,-7.909731599999818,-1.5979255757575976,ORB_50PCT
INFY,2025-10-29,BUY,2025-10-29 10:25:00,2025-10-29 10:30:00,10:30,1482.3408,1475.1,1465.2,9.899999999999864,1465.2,17.1407999999999,1516.6223999999997,2025-10-29 15:25:00,1479.2,END_OF_DAY,False,-6.102340799999899,-0.3560126015121777,ORB_BOUNDARY
INFY,2025-10-30,SELL,2025-10-30 09:30:00,2025-10-30 09:35:00,09:35,1466.1665500000001,1476.3,1468.7,7.599999999999909,1469.96655,3.7999999999999545,1458.5665500000002,2025-10-30 09:55:00,1458.5665500000002,TARGET,False,4.675266899999908,1.2303333947368327,ORB_50PCT
INFY,2025-10-30,SELL,2025-10-30 09:30:00,2025-10-30 09:35:00,09:35,1466.1665500000001,1476.3,1468.7,7.599999999999909,1476.3,10.133449999999812,1445.8996500000005,2025-10-30 15:25:00,1463.3,END_OF_DAY,False,-0.06291654999981189,-0.006208798582892604,ORB_BOUNDARY
INFY,2025-10-31,BUY,2025-10-31 09:40:00,2025-10-31 09:45:00,09:45,1466.0326499999999,1464.8,1455.5,9.299999999999955,1461.38265,4.649999999999864,1475.3326499999996,2025-10-31 10:00:00,1461.38265,STOP_LOSS,False,-7.577415299999863,-1.6295516774193732,ORB_50PCT
INFY,2025-10-31,BUY,2025-10-31 09:40:00,2025-10-31 09:45:00,09:45,1466.0326499999999,1464.8,1455.5,9.299999999999955,1455.5,10.532649999999876,1487.0979499999996,2025-10-31 10:30:00,1455.5,STOP_LOSS,False,-13.454182649999876,-1.277378689123823,ORB_BOUNDARY
INFY,2025-10-31,SELL,2025-10-31 10:35:00,2025-10-31 10:40:00,10:40,1454.2725,1464.8,1455.5,9.299999999999955,1458.9225000000001,4.650000000000091,1444.9724999999999,2025-10-31 15:25:00,1450.5,END_OF_DAY,False,0.8677275000000364,0.1866080645161332,ORB_50PCT
INFY,2025-10-31,SELL,2025-10-31 10:35:00,2025-10-31 10:40:00,10:40,1454.2725,1464.8,1455.5,9.299999999999955,1464.8,10.527499999999918,1433.2175000000002,2025-10-31 15:25:00,1450.5,END_OF_DAY,False,0.8677275000000364,0.08242483970553723,ORB_BOUNDARY
INFY,2025-11-03,SELL,2025-11-03 09:30:00,2025-11-03 09:35:00,09:35,1443.97765,1453.4,1444.7,8.700000000000045,1448.3276500000002,4.350000000000136,1435.2776499999998,2025-11-03 09:45:00,1448.3276500000002,STOP_LOSS,False,-7.242305300000137,-1.6648977701149217,ORB_50PCT
INFY,2025-11-03,SELL,2025-11-03 09:30:00,2025-11-03 09:35:00,09:35,1443.97765,1453.4,1444.7,8.700000000000045,1453.4,9.422350000000051,1425.13295,2025-11-03 11:10:00,1453.4,STOP_LOSS,False,-12.319727650000052,-1.3075005333064453,ORB_BOUNDARY
INFY,2025-11-03,BUY,2025-11-03 11:15:00,2025-11-03 11:20:00,11:20,1454.3267999999998,1453.4,1444.7,8.700000000000045,1449.9768,4.349999999999909,1463.0267999999996,2025-11-03 11:50:00,1449.9768,STOP_LOSS,False,-7.2543035999999095,-1.667656000000014,ORB_50PCT
INFY,2025-11-03,BUY,2025-11-03 11:15:00,2025-11-03 11:20:00,11:20,1454.3267999999998,1453.4,1444.7,8.700000000000045,1444.7,9.626799999999776,1473.5803999999994,2025-11-03 15:25:00,1454.5,END_OF_DAY,False,-2.735626799999821,-0.28416782316033207,ORB_BOUNDARY
INFY,2025-11-04,SELL,2025-11-04 09:50:00,2025-11-04 09:55:00,09:55,1441.77875,1450.5,1442.8,7.7000000000000455,1445.6287499999999,3.849999999999909,1434.0787500000001,2025-11-04 10:20:00,1445.6287499999999,STOP_LOSS,False,-6.737407499999909,-1.7499759740259917,ORB_50PCT
INFY,2025-11-04,SELL,2025-11-04 09:50:00,2025-11-04 09:55:00,09:55,1441.77875,1450.5,1442.8,7.7000000000000455,1450.5,8.721250000000055,1424.3362499999998,2025-11-04 15:25:00,1436.9,END_OF_DAY,False,2.0000712499998543,0.22933309445318525,ORB_BOUNDARY
INFY,2025-11-06,SELL,2025-11-06 09:35:00,2025-11-06 09:40:00,09:40,1441.5788499999999,1451.6,1443.8,7.7999999999999545,1445.47885,3.900000000000091,1433.7788499999997,2025-11-06 12:45:00,1445.47885,STOP_LOSS,False,-6.787057700000091,-1.740271205128188,ORB_50PCT
INFY,2025-11-06,SELL,2025-11-06 09:35:00,2025-11-06 09:40:00,09:40,1441.5788499999999,1451.6,1443.8,7.7999999999999545,1451.6,10.021150000000034,1421.5365499999998,2025-11-06 15:25:00,1434.9,END_OF_DAY,False,3.802371149999784,0.37943461079813906,ORB_BOUNDARY
INFY,2025-11-07,SELL,2025-11-07 09:30:00,2025-11-07 09:35:00,09:35,1419.0901,1444.0,1420.5,23.5,1430.8401,11.75,1395.5901,2025-11-07 11:10:00,1430.8401,STOP_LOSS,False,-14.5999302,-1.2425472510638298,ORB_50PCT
INFY,2025-11-07,SELL,2025-11-07 09:30:00,2025-11-07 09:35:00,09:35,1419.0901,1444.0,1420.5,23.5,1444.0,24.909900000000107,1369.2702999999997,2025-11-07 13:25:00,1444.0,STOP_LOSS,False,-27.772990100000108,-1.1149378399752705,ORB_BOUNDARY
INFY,2025-11-07,BUY,2025-11-07 13:30:00,2025-11-07 13:35:00,13:35,1445.62245,1444.0,1420.5,23.5,1433.87245,11.75,1469.12245,2025-11-07 15:25:00,1446.7,END_OF_DAY,False,-1.8147724500000262,-0.1544487191489384,ORB_50PCT
INFY,2025-11-07,BUY,2025-11-07 13:30:00,2025-11-07 13:35:00,13:35,1445.62245,1444.0,1420.5,23.5,1420.5,25.12245000000007,1495.8673500000002,2025-11-07 15:25:00,1446.7,END_OF_DAY,False,-1.8147724500000262,-0.07223708077834849,ORB_BOUNDARY
INFY,2025-11-10,BUY,2025-11-10 10:15:00,2025-11-10 10:20:00,10:20,1475.23725,1471.9,1458.4,13.5,1468.48725,6.75,1488.73725,2025-11-10 15:25:00,1482.7,END_OF_DAY,False,4.504812750000141,0.6673796666666876,ORB_50PCT
INFY,2025-11-10,BUY,2025-11-10 10:15:00,2025-11-10 10:20:00,10:20,1475.23725,1471.9,1458.4,13.5,1458.4,16.837249999999813,1508.9117499999995,2025-11-10 15:25:00,1482.7,END_OF_DAY,False,4.504812750000141,0.2675503867912035,ORB_BOUNDARY
INFY,2025-11-11,SELL,2025-11-11 09:35:00,2025-11-11 09:40:00,09:40,1480.0596,1497.6,1484.4,13.199999999999818,1486.6596,6.599999999999909,1466.8596000000002,2025-11-11 10:00:00,1486.6596,STOP_LOSS,False,-9.566719199999909,-1.4495029090909153,ORB_50PCT
INFY,2025-11-11,SELL,2025-11-11 09:35:00,2025-11-11 09:40:00,09:40,1480.0596,1497.6,1484.4,13.199999999999818,1497.6,17.540399999999863,1444.9788000000003,2025-11-11 14:05:00,1497.6,STOP_LOSS,False,-20.518059599999862,-1.1697600738865717,ORB_BOUNDARY
INFY,2025-11-11,BUY,2025-11-11 14:15:00,2025-11-11 14:20:00,14:20,1498.8490499999998,1497.6,1484.4,13.199999999999818,1492.24905,6.599999999999909,1512.0490499999996,2025-11-11 15:25:00,1499.1,END_OF_DAY,False,-2.7469990499998973,-0.41621197727271747,ORB_50PCT
INFY,2025-11-11,BUY,2025-11-11 14:15:00,2025-11-11 14:20:00,14:20,1498.8490499999998,1497.6,1484.4,13.199999999999818,1484.4,14.449049999999716,1527.7471499999992,2025-11-11 15:25:00,1499.1,END_OF_DAY,False,-2.7469990499998973,-0.19011623947594833,ORB_BOUNDARY
INFY,2025-11-12,BUY,2025-11-12 09:55:00,2025-11-12 10:00:00,10:00,1518.8590499999998,1516.2,1505.5,10.700000000000045,1513.5090499999997,5.350000000000136,1529.55905,2025-11-12 15:25:00,1519.1,END_OF_DAY,False,-2.797009049999888,-0.5228054299065078,ORB_50PCT
INFY,2025-11-12,BUY,2025-11-12 09:55:00,2025-11-12 10:00:00,10:00,1518.8590499999998,1516.2,1505.5,10.700000000000045,1505.5,13.359049999999797,1545.5771499999994,2025-11-12 15:25:00,1519.1,END_OF_DAY,False,-2.797009049999888,-0.20937185278892811,ORB_BOUNDARY
INFY,2025-11-14,SELL,2025-11-14 09:35:00,2025-11-14 09:40:00,09:40,1480.6593,1497.6,1482.9,14.699999999999818,1488.0093,7.349999999999909,1465.9593000000002,2025-11-14 12:35:00,1465.9593000000002,TARGET,False,11.753381399999817,1.5990995102040766,ORB_50PCT
INFY,2025-11-14,SELL,2025-11-14 09:35:00,2025-11-14 09:40:00,09:40,1480.6593,1497.6,1482.9,14.699999999999818,1497.6,16.94069999999988,1446.7779000000003,2025-11-14 15:25:00,1473.9,END_OF_DAY,False,3.804740699999939,0.22459170518337296,ORB_BOUNDARY
INFY,2025-11-17,BUY,2025-11-17 13:55:00,2025-11-17 14:00:00,14:00,1474.43685,1473.4,1460.9,12.5,1468.18685,6.25,1486.93685,2025-11-17 15:25:00,1475.1,END_OF_DAY,False,-2.2863868500001403,-0.36582189600002246,ORB_50PCT
INFY,2025-11-17,BUY,2025-11-17 13:55:00,2025-11-17 14:00:00,14:00,1474.43685,1473.4,1460.9,12.5,1460.9,13.536849999999959,1501.51055,2025-11-17 15:25:00,1475.1,END_OF_DAY,False,-2.2863868500001403,-0.16890095184626758,ORB_BOUNDARY
INFY,2025-11-18,SELL,2025-11-18 09:40:00,2025-11-18 09:45:00,09:45,1460.56935,1474.1,1463.9,10.199999999999818,1465.66935,5.099999999999909,1450.3693500000002,2025-11-18 15:25:00,1455.3,END_OF_DAY,False,2.3534806500000314,0.46146679411766145,ORB_50PCT
INFY,2025-11-18,SELL,2025-11-18 09:40:00,2025-11-18 09:45:00,09:45,1460.56935,1474.1,1463.9,10.199999999999818,1474.1,13.530649999999923,1433.5080500000001,2025-11-18 15:25:00,1455.3,END_OF_DAY,False,2.3534806500000314,0.1739369985920887,ORB_BOUNDARY
INFY,2025-11-19,BUY,2025-11-19 09:30:00,2025-11-19 09:35:00,09:35,1477.83855,1476.1,1458.9,17.199999999999818,1469.23855,8.599999999999909,1495.0385499999998,2025-11-19 10:05:00,1495.0385499999998,TARGET,False,14.227122899999818,1.6543166162790661,ORB_50PCT
INFY,2025-11-19,BUY,2025-11-19 09:30:00,2025-11-19 09:35:00,09:35,1477.83855,1476.1,1458.9,17.199999999999818,1458.9,18.93854999999985,1515.7156499999996,2025-11-19 15:25:00,1509.3,END_OF_DAY,False,28.474311450000013,1.5035106409941752,ORB_BOUNDARY
INFY,2025-11-21,BUY,2025-11-21 09:35:00,2025-11-21 09:40:00,09:40,1507.3533,1506.4,1494.0,12.400000000000091,1501.1533,6.2000000000000455,1519.7533,2025-11-21 09:40:00,1501.1533,STOP_LOSS,False,-9.208506600000046,-1.4852429999999965,ORB_50PCT
INFY,2025-11-21,BUY,2025-11-21 09:35:00,2025-11-21 09:40:00,09:40,1507.3533,1506.4,1494.0,12.400000000000091,1494.0,13.35329999999999,1534.0599,2025-11-21 15:25:00,1511.4,END_OF_DAY,False,1.0279467000001006,0.07698072386601824,ORB_BOUNDARY
INFY,2025-11-24,SELL,2025-11-24 11:30:00,2025-11-24 11:35:00,11:35,1529.33495,1551.4,1530.5,20.90000000000009,1539.78495,10.450000000000045,1508.4349499999998,2025-11-24 15:25:00,1508.4349499999998,TARGET,False,17.86223010000009,1.709304315789475,ORB_50PCT
INFY,2025-11-24,SELL,2025-11-24 11:30:00,2025-11-24 11:35:00,11:35,1529.33495,1551.4,1530.5,20.90000000000009,1551.4,22.065050000000156,1485.2048499999996,2025-11-24 15:25:00,1513.8,END_OF_DAY,False,12.491815049999982,0.5661358143308034,ORB_BOUNDARY
INFY,2025-11-25,SELL,2025-11-25 10:15:00,2025-11-25 10:20:00,10:20,1501.74875,1517.8,1503.0,14.799999999999955,1509.1487499999998,7.399999999999864,1486.9487500000002,2025-11-25 15:25:00,1497.8,END_OF_DAY,False,0.949201250000018,0.12827043918919398,ORB_50PCT
INFY,2025-11-25,SELL,2025-11-25 10:15:00,2025-11-25 10:20:00,10:20,1501.74875,1517.8,1503.0,14.799999999999955,1517.8,16.051249999999982,1469.64625,2025-11-25 15:25:00,1497.8,END_OF_DAY,False,0.949201250000018,0.05913565921657311,ORB_BOUNDARY
INFY,2025-11-26,BUY,2025-11-26 10:05:00,2025-11-26 10:10:00,10:10,1514.45685,1511.1,1499.6,11.5,1508.70685,5.75,1525.95685,2025-11-26 10:30:00,1508.70685,STOP_LOSS,False,-8.7731637,-1.5257676,ORB_50PCT
INFY,2025-11-26,BUY,2025-11-26 10:05:00,2025-11-26 10:10:00,10:10,1514.45685,1511.1,1499.6,11.5,1499.6,14.856850000000122,1544.1705500000003,2025-11-26 15:25:00,1524.2,END_OF_DAY,False,6.704493150000014,0.45127285730151134,ORB_BOUNDARY
INFY,2025-11-27,BUY,2025-11-27 09:30:00,2025-11-27 09:35:00,09:35,1531.9656,1530.9,1520.2,10.700000000000045,1526.6156,5.349999999999909,1542.6655999999998,2025-11-27 12:35:00,1526.6156,STOP_LOSS,False,-8.40858119999991,-1.5716974205607575,ORB_50PCT
INFY,2025-11-27,BUY,2025-11-27 09:30:00,2025-11-27 09:35:00,09:35,1531.9656,1530.9,1520.2,10.700000000000045,1520.2,11.76559999999995,1555.4968,2025-11-27 13:20:00,1520.2,STOP_LOSS,False,-14.81776559999995,-1.2594143605086026,ORB_BOUNDARY
INFY,2025-11-27,BUY,2025-11-27 15:00:00,2025-11-27 15:05:00,15:05,1534.26675,1530.9,1520.2,10.700000000000045,1528.9167499999999,5.350000000000136,1544.9667500000003,2025-11-27 15:25:00,1531.9,END_OF_DAY,False,-5.432916749999912,-1.0154984579438828,ORB_50PCT
INFY,2025-11-27,BUY,2025-11-27 15:00:00,2025-11-27 15:05:00,15:05,1534.26675,1530.9,1520.2,10.700000000000045,1520.2,14.066749999999956,1562.40025,2025-11-27 15:25:00,1531.9,END_OF_DAY,False,-5.432916749999912,-0.38622402118470356,ORB_BOUNDARY
INFY,2025-11-28,SELL,2025-11-28 10:20:00,2025-11-28 10:25:00,10:25,1523.53785,1535.2,1525.1,10.100000000000136,1528.58785,5.0499999999999545,1513.43785,2025-11-28 10:35:00,1528.58785,STOP_LOSS,False,-8.102125699999954,-1.6043813267326785,ORB_50PCT
INFY,2025-11-28,SELL,2025-11-28 10:20:00,2025-11-28 10:25:00,10:25,1523.53785,1535.2,1525.1,10.100000000000136,1535.2,11.66215000000011,1500.2135499999997,2025-11-28 15:25:00,1525.1,END_OF_DAY,False,-4.610787849999975,-0.39536344927821465,ORB_BOUNDARY
INFY,2025-12-02,SELL,2025-12-02 11:15:00,2025-12-02 11:20:00,11:20,1529.235,1546.4,1531.5,14.900000000000091,1536.685,7.4500000000000455,1514.3349999999998,2025-12-02 12:20:00,1536.685,STOP_LOSS,False,-10.515920000000046,-1.4115328859060379,ORB_50PCT
INFY,2025-12-02,SELL,2025-12-02 11:15:00,2025-12-02 11:20:00,11:20,1529.235,1546.4,1531.5,14.900000000000091,1546.4,17.16500000000019,1494.9049999999995,2025-12-02 15:25:00,1529.9,END_OF_DAY,False,-3.7241350000001914,-0.21696096708419166,ORB_BOUNDARY
INFY,2025-12-03,BUY,2025-12-03 11:00:00,2025-12-03 11:05:00,11:05,1545.67245,1542.5,1521.2,21.299999999999955,1535.02245,10.650000000000091,1566.9724500000002,2025-12-03 15:25:00,1542.2,END_OF_DAY,False,-6.560322449999981,-0.615992718309852,ORB_50PCT
INFY,2025-12-03,BUY,2025-12-03 11:00:00,2025-12-03 11:05:00,11:05,1545.67245,1542.5,1521.2,21.299999999999955,1521.2,24.47244999999998,1594.61735,2025-12-03 15:25:00,1542.2,END_OF_DAY,False,-6.560322449999981,-0.26806970491307514,ORB_BOUNDARY
INFY,2025-12-04,BUY,2025-12-04 10:10:00,2025-12-04 10:15:00,10:15,1560.6799500000002,1558.3,1534.8,23.5,1548.9299500000002,11.75,1584.1799500000002,2025-12-04 15:25:00,1559.5,END_OF_DAY,False,-4.300129950000191,-0.36596850638299494,ORB_50PCT
INFY,2025-12-04,BUY,2025-12-04 10:10:00,2025-12-04 10:15:00,10:15,1560.6799500000002,1558.3,1534.8,23.5,1534.8,25.879950000000235,1612.4398500000007,2025-12-04 15:25:00,1559.5,END_OF_DAY,False,-4.300129950000191,-0.16615681058117004,ORB_BOUNDARY
INFY,2025-12-05,BUY,2025-12-05 10:05:00,2025-12-05 10:10:00,10:10,1580.9901,1578.5,1566.1,12.400000000000091,1574.7901,6.2000000000000455,1593.3901,2025-12-05 10:25:00,1574.7901,STOP_LOSS,False,-9.355780200000046,-1.5089968064516093,ORB_50PCT
INFY,2025-12-05,BUY,2025-12-05 10:05:00,2025-12-05 10:10:00,10:10,1580.9901,1578.5,1566.1,12.400000000000091,1566.1,14.890100000000075,1610.7703000000001,2025-12-05 15:25:00,1579.7,END_OF_DAY,False,-4.450790099999939,-0.2989093491648757,ORB_BOUNDARY
INFY,2025-12-08,SELL,2025-12-08 13:20:00,2025-12-08 13:25:00,13:25,1577.6108000000002,1594.4,1579.9,14.5,1584.8608000000002,7.25,1563.1108000000002,2025-12-08 15:25:00,1573.9,END_OF_DAY,False,0.5592892000000629,0.07714333793104315,ORB_50PCT
INFY,2025-12-08,SELL,2025-12-08 13:20:00,2025-12-08 13:25:00,13:25,1577.6108000000002,1594.4,1579.9,14.5,1594.4,16.789199999999937,1544.0324000000003,2025-12-08 15:25:00,1573.9,END_OF_DAY,False,0.5592892000000629,0.03331243894885194,ORB_BOUNDARY
INFY,2025-12-09,SELL,2025-12-09 09:30:00,2025-12-09 09:35:00,09:35,1558.6203,1572.9,1561.7,11.200000000000045,1564.2203,5.599999999999909,1547.4203000000002,2025-12-09 12:00:00,1564.2203,STOP_LOSS,False,-8.722840599999909,-1.5576501071428661,ORB_50PCT
INFY,2025-12-09,SELL,2025-12-09 09:30:00,2025-12-09 09:35:00,09:35,1558.6203,1572.9,1561.7,11.200000000000045,1572.9,14.279700000000048,1530.0609,2025-12-09 15:25:00,1564.2,END_OF_DAY,False,-8.702520300000003,-0.6094329922897521,ORB_BOUNDARY
INFY,2025-12-10,SELL,2025-12-10 09:45:00,2025-12-10 09:50:00,09:50,1561.3189499999999,1573.9,1562.2,11.700000000000045,1567.1689499999998,5.849999999999909,1549.61895,2025-12-10 15:20:00,1549.61895,TARGET,False,8.589062099999818,1.4682157435897354,ORB_50PCT
INFY,2025-12-10,SELL,2025-12-10 09:45:00,2025-12-10 09:50:00,09:50,1561.3189499999999,1573.9,1562.2,11.700000000000045,1573.9,12.581050000000232,1536.1568499999994,2025-12-10 15:25:00,1551.2,END_OF_DAY,False,7.006431049999813,0.5569035215661399,ORB_BOUNDARY
INFY,2025-12-11,SELL,2025-12-11 09:35:00,2025-12-11 09:40:00,09:40,1555.0221,1573.4,1561.3,12.100000000000136,1561.0720999999999,6.0499999999999545,1542.9221,2025-12-11 10:10:00,1561.0720999999999,STOP_LOSS,False,-9.166094199999954,-1.5150568925619872,ORB_50PCT
INFY,2025-12-11,SELL,2025-12-11 09:35:00,2025-12-11 09:40:00,09:40,1555.0221,1573.4,1561.3,12.100000000000136,1573.4,18.37790000000018,1518.2662999999995,2025-12-11 15:25:00,1562.4,END_OF_DAY,False,-10.49532210000018,-0.5710838615946369,ORB_BOUNDARY
INFY,2025-12-12,SELL,2025-12-12 09:35:00,2025-12-12 09:40:00,09:40,1555.32195,1567.9,1558.5,9.400000000000091,1560.02195,4.7000000000000455,1545.92195,2025-12-12 12:35:00,1560.02195,STOP_LOSS,False,-7.8153439000000455,-1.662839127659568,ORB_50PCT
INFY,2025-12-12,SELL,2025-12-12 09:35:00,2025-12-12 09:40:00,09:40,1555.32195,1567.9,1558.5,9.400000000000091,1567.9,12.578050000000076,1530.1658499999999,2025-12-12 15:25:00,1563.7,END_OF_DAY,False,-11.49707195000003,-0.914058375503354,ORB_BOUNDARY
INFY,2025-12-15,BUY,2025-12-15 10:10:00,2025-12-15 10:15:00,10:15,1567.08315,1566.1,1551.4,14.699999999999818,1559.73315,7.349999999999909,1581.7831499999998,2025-12-15 15:25:00,1573.0,END_OF_DAY,False,2.7767668500000675,0.37779140816327916,ORB_50PCT
INFY,2025-12-15,BUY,2025-12-15 10:10:00,2025-12-15 10:15:00,10:15,1567.08315,1566.1,1551.4,14.699999999999818,1551.4,15.683149999999841,1598.4494499999996,2025-12-15 15:25:00,1573.0,END_OF_DAY,False,2.7767668500000675,0.1770541536617386,ORB_BOUNDARY
INFY,2025-12-16,SELL,2025-12-16 09:30:00,2025-12-16 09:35:00,09:35,1553.6228,1569.0,1554.7,14.299999999999955,1560.7728000000002,7.150000000000091,1539.3228,2025-12-16 12:50:00,1560.7728000000002,STOP_LOSS,False,-10.26439560000009,-1.4355798041957986,ORB_50PCT
INFY,2025-12-16,SELL,2025-12-16 09:30:00,2025-12-16 09:35:00,09:35,1553.6228,1569.0,1554.7,14.299999999999955,1569.0,15.377199999999903,1522.8684000000003,2025-12-16 15:25:00,1558.9,END_OF_DAY,False,-8.389722799999994,-0.5455949587701303,ORB_BOUNDARY
INFY,2025-12-17,BUY,2025-12-17 09:30:00,2025-12-17 09:35:00,09:35,1568.784,1567.1,1552.4,14.699999999999818,1561.4340000000002,7.349999999999909,1583.484,2025-12-17 15:25:00,1568.1,END_OF_DAY,False,-3.8208840000001967,-0.5198481632653393,ORB_50PCT
INFY,2025-12-17,BUY,2025-12-17 09:30:00,2025-12-17 09:35:00,09:35,1568.784,1567.1,1552.4,14.699999999999818,1552.4,16.384000000000015,1601.5520000000001,2025-12-17 15:25:00,1568.1,END_OF_DAY,False,-3.8208840000001967,-0.2332082519531368,ORB_BOUNDARY
INFY,2025-12-18,BUY,2025-12-18 12:10:00,2025-12-18 12:15:00,12:15,1592.29575,1590.4,1572.7,17.700000000000045,1583.4457499999999,8.850000000000136,1609.9957500000003,2025-12-18 15:25:00,1592.6,END_OF_DAY,False,-2.880645750000089,-0.3254966949152593,ORB_50PCT
INFY,2025-12-18,BUY,2025-12-18 12:10:00,2025-12-18 12:15:00,12:15,1592.29575,1590.4,1572.7,17.700000000000045,1572.7,19.595749999999953,1631.48725,2025-12-18 15:25:00,1592.6,END_OF_DAY,False,-2.880645750000089,-0.14700359771889804,ORB_BOUNDARY
INFY,2025-12-19,SELL,2025-12-19 11:45:00,2025-12-19 11:50:00,11:50,1602.4983499999998,1619.8,1603.3,16.5,1610.7483499999998,8.25,1585.9983499999998,2025-12-19 15:25:00,1601.3,END_OF_DAY,False,-2.005448350000109,-0.24308464848486167,ORB_50PCT
INFY,2025-12-19,SELL,2025-12-19 11:45:00,2025-12-19 11:50:00,11:50,1602.4983499999998,1619.8,1603.3,16.5,1619.8,17.30165000000011,1567.8950499999996,2025-12-19 15:25:00,1601.3,END_OF_DAY,False,-2.005448350000109,-0.1159108148644838,ORB_BOUNDARY
INFY,2025-12-24,BUY,2025-12-24 15:20:00,2025-12-24 15:25:00,15:25,1631.7154500000001,1629.7,1618.0,11.700000000000045,1625.8654500000002,5.849999999999909,1643.41545,2025-12-24 15:25:00,1631.7,END_OF_DAY,False,-3.2788654500001013,-0.5604898205128466,ORB_50PCT
INFY,2025-12-24,BUY,2025-12-24 15:20:00,2025-12-24 15:25:00,15:25,1631.7154500000001,1629.7,1618.0,11.700000000000045,1618.0,13.715450000000146,1659.1463500000004,2025-12-24 15:25:00,1631.7,END_OF_DAY,False,-3.2788654500001013,-0.23906364355526552,ORB_BOUNDARY
INFY,2025-12-26,SELL,2025-12-26 10:35:00,2025-12-26 10:40:00,10:40,1624.9871,1633.5,1626.8,6.7000000000000455,1628.3371000000002,3.3500000000001364,1618.2870999999998,2025-12-26 14:40:00,1618.2870999999998,TARGET,False,3.4567258000002727,1.0318584477612334,ORB_50PCT
INFY,2025-12-26,SELL,2025-12-26 10:35:00,2025-12-26 10:40:00,10:40,1624.9871,1633.5,1626.8,6.7000000000000455,1633.5,8.512899999999945,1607.9613000000002,2025-12-26 15:25:00,1621.9,END_OF_DAY,False,-0.15978710000003593,-0.018769996123534513,ORB_BOUNDARY
INFY,2025-12-29,SELL,2025-12-29 09:55:00,2025-12-29 10:00:00,10:00,1620.7892,1637.7,1622.9,14.799999999999955,1628.1891999999998,7.399999999999864,1605.9892000000002,2025-12-29 12:20:00,1605.9892000000002,TARGET,False,11.573221599999727,1.5639488648648567,ORB_50PCT
INFY,2025-12-29,SELL,2025-12-29 09:55:00,2025-12-29 10:00:00,10:00,1620.7892,1637.7,1622.9,14.799999999999955,1637.7,16.91080000000011,1586.9675999999997,2025-12-29 15:25:00,1610.2,END_OF_DAY,False,7.358210799999892,0.4351190245286944,ORB_BOUNDARY
INFY,2025-12-30,SELL,2025-12-30 12:10:00,2025-12-30 12:15:00,12:15,1596.30145,1613.0,1600.7,12.299999999999955,1602.45145,6.150000000000091,1584.0014499999997,2025-12-30 12:45:00,1602.45145,STOP_LOSS,False,-9.348752900000092,-1.52012242276422,ORB_50PCT
INFY,2025-12-30,SELL,2025-12-30 12:10:00,2025-12-30 12:15:00,12:15,1596.30145,1613.0,1600.7,12.299999999999955,1613.0,16.69855000000007,1562.9043499999998,2025-12-30 15:25:00,1588.6,END_OF_DAY,False,4.516548550000023,0.2704754933811621,ORB_BOUNDARY
INFY,2025-12-31,SELL,2025-12-31 09:40:00,2025-12-31 09:45:00,09:45,1581.209,1594.1,1584.7,9.399999999999864,1585.909,4.7000000000000455,1571.809,2025-12-31 13:05:00,1585.909,STOP_LOSS,False,-7.867118000000046,-1.6738548936170148,ORB_50PCT
INFY,2025-12-31,SELL,2025-12-31 09:40:00,2025-12-31 09:45:00,09:45,1581.209,1594.1,1584.7,9.399999999999864,1594.1,12.890999999999849,1555.4270000000004,2025-12-31 15:25:00,1583.6,END_OF_DAY,False,-5.555808999999849,-0.4309835544178042,ORB_BOUNDARY
INFY,2026-01-01,BUY,2026-01-01 10:25:00,2026-01-01 10:30:00,10:30,1592.3958,1590.2,1579.9,10.299999999999955,1587.2458000000001,5.149999999999864,1602.6957999999997,2026-01-01 11:45:00,1602.6957999999997,TARGET,False,7.104908399999728,1.3795938640776535,ORB_50PCT
INFY,2026-01-01,BUY,2026-01-01 10:25:00,2026-01-01 10:30:00,10:30,1592.3958,1590.2,1579.9,10.299999999999955,1579.9,12.495799999999917,1617.3873999999998,2026-01-01 15:25:00,1595.0,END_OF_DAY,False,-0.5831958000000088,-0.04667134557211324,ORB_BOUNDARY
INFY,2026-01-02,BUY,2026-01-02 11:10:00,2026-01-02 11:15:00,11:15,1605.10215,1604.2,1593.0,11.200000000000045,1599.5021499999998,5.600000000000136,1616.3021500000002,2026-01-02 15:25:00,1607.3,END_OF_DAY,False,-1.0145521499999832,-0.18117002678570687,ORB_50PCT
INFY,2026-01-02,BUY,2026-01-02 11:10:00,2026-01-02 11:15:00,11:15,1605.10215,1604.2,1593.0,11.200000000000045,1593.0,12.102149999999938,1629.3064499999998,2026-01-02 15:25:00,1607.3,END_OF_DAY,False,-1.0145521499999832,-0.08383238928620025,ORB_BOUNDARY
INFY,2026-01-05,SELL,2026-01-05 09:30:00,2026-01-05 09:35:00,09:35,1562.0185999999999,1602.3,1568.3,34.0,1579.0185999999999,17.0,1528.0185999999999,2026-01-05 15:25:00,1570.9,END_OF_DAY,False,-12.014318600000212,-0.7067246235294242,ORB_50PCT
INFY,2026-01-05,SELL,2026-01-05 09:30:00,2026-01-05 09:35:00,09:35,1562.0185999999999,1602.3,1568.3,34.0,1602.3,40.281400000000076,1481.4557999999997,2026-01-05 15:25:00,1570.9,END_OF_DAY,False,-12.014318600000212,-0.29825970795454454,ORB_BOUNDARY
INFY,2026-01-06,BUY,2026-01-06 11:05:00,2026-01-06 11:10:00,11:10,1584.29175,1582.6,1565.1,17.5,1575.54175,8.75,1601.79175,2026-01-06 13:20:00,1575.54175,STOP_LOSS,False,-11.909833500000001,-1.3611238285714287,ORB_50PCT
INFY,2026-01-06,BUY,2026-01-06 11:05:00,2026-01-06 11:10:00,11:10,1584.29175,1582.6,1565.1,17.5,1565.1,19.191750000000184,1622.6752500000005,2026-01-06 15:25:00,1571.0,END_OF_DAY,False,-16.447041750000093,-0.8569849935519135,ORB_BOUNDARY
INFY,2026-01-07,BUY,2026-01-07 09:35:00,2026-01-07 09:40:00,09:40,1601.0001,1599.9,1580.8,19.100000000000136,1591.4501,9.549999999999955,1620.1000999999999,2026-01-07 09:40:00,1591.4501,STOP_LOSS,False,-12.742450199999954,-1.3342879790575932,ORB_50PCT
INFY,2026-01-07,BUY,2026-01-07 09:35:00,2026-01-07 09:40:00,09:40,1601.0001,1599.9,1580.8,19.100000000000136,1580.8,20.20010000000002,1641.4003,2026-01-07 15:25:00,1605.3,END_OF_DAY,False,1.0935998999999796,0.05413834089930142,ORB_BOUNDARY
INFY,2026-01-08,SELL,2026-01-08 09:30:00,2026-01-08 09:35:00,09:35,1590.8041999999998,1609.5,1593.5,16.0,1598.8041999999998,8.0,1574.8041999999998,2026-01-08 14:25:00,1574.8041999999998,TARGET,False,12.8343916,1.60429895,ORB_50PCT
INFY,2026-01-08,SELL,2026-01-08 09:30:00,2026-01-08 09:35:00,09:35,1590.8041999999998,1609.5,1593.5,16.0,1609.5,18.69580000000019,1553.4125999999994,2026-01-08 15:25:00,1578.4,END_OF_DAY,False,9.23499579999972,0.493960985889859,ORB_BOUNDARY
INFY,2026-01-09,SELL,2026-01-09 13:55:00,2026-01-09 14:00:00,14:00,1574.6123,1596.7,1575.9,20.799999999999955,1585.0122999999999,10.399999999999864,1553.8123000000003,2026-01-09 15:20:00,1585.0122999999999,STOP_LOSS,False,-13.559624599999864,-1.3038100576923117,ORB_50PCT
INFY,2026-01-09,SELL,2026-01-09 13:55:00,2026-01-09 14:00:00,14:00,1574.6123,1596.7,1575.9,20.799999999999955,1596.7,22.08770000000004,1530.4369,2026-01-09 15:25:00,1582.7,END_OF_DAY,False,-11.245012300000042,-0.5091074353599524,ORB_BOUNDARY
INFY,2026-01-12,SELL,2026-01-12 09:30:00,2026-01-12 09:35:00,09:35,1561.0191,1578.5,1563.2,15.299999999999955,1568.6691,7.650000000000091,1545.7190999999998,2026-01-12 09:35:00,1568.6691,STOP_LOSS,False,-10.779688200000091,-1.4091095686274462,ORB_50PCT
INFY,2026-01-12,SELL,2026-01-12 09:30:00,2026-01-12 09:35:00,09:35,1561.0191,1578.5,1563.2,15.299999999999955,1578.5,17.48090000000002,1526.0573,2026-01-12 12:35:00,1578.5,STOP_LOSS,False,-20.62041910000002,-1.17959710884451,ORB_BOUNDARY
INFY,2026-01-12,SELL,2026-01-12 14:15:00,2026-01-12 14:20:00,14:20,1561.71875,1578.5,1563.2,15.299999999999955,1569.36875,7.650000000000091,1546.4187499999998,2026-01-12 15:25:00,1564.2,END_OF_DAY,False,-5.607168750000046,-0.7329632352941149,ORB_50PCT
INFY,2026-01-12,SELL,2026-01-12 14:15:00,2026-01-12 14:20:00,14:20,1561.71875,1578.5,1563.2,15.299999999999955,1578.5,16.78125,1528.15625,2026-01-12 15:25:00,1564.2,END_OF_DAY,False,-5.607168750000046,-0.33413296089385747,ORB_BOUNDARY
INFY,2026-01-13,SELL,2026-01-13 09:45:00,2026-01-13 09:50:00,09:50,1555.0221,1583.7,1556.5,27.200000000000045,1568.6221,13.600000000000136,1527.8220999999996,2026-01-13 15:25:00,1566.1,END_OF_DAY,False,-14.199022099999999,-1.0440457426470482,ORB_50PCT
INFY,2026-01-13,SELL,2026-01-13 09:45:00,2026-01-13 09:50:00,09:50,1555.0221,1583.7,1556.5,27.200000000000045,1583.7,28.677900000000136,1497.6662999999996,2026-01-13 15:25:00,1566.1,END_OF_DAY,False,-14.199022099999999,-0.49512070618838655,ORB_BOUNDARY
INFY,2026-01-14,SELL,2026-01-14 13:55:00,2026-01-14 14:00:00,14:00,1549.9246500000002,1576.4,1552.9,23.5,1561.6746500000002,11.75,1526.4246500000002,2026-01-14 14:55:00,1561.6746500000002,STOP_LOSS,False,-14.8615993,-1.2648169617021277,ORB_50PCT
INFY,2026-01-14,SELL,2026-01-14 13:55:00,2026-01-14 14:00:00,14:00,1549.9246500000002,1576.4,1552.9,23.5,1576.4,26.475349999999935,1496.9739500000003,2026-01-14 15:20:00,1576.4,STOP_LOSS,False,-29.601674649999936,-1.1180843558253246,ORB_BOUNDARY
INFY,2026-01-16,BUY,2026-01-16 09:30:00,2026-01-16 09:35:00,09:35,1644.6218999999999,1642.7,1618.4,24.299999999999955,1632.4719,12.149999999999864,1668.9218999999996,2026-01-16 15:25:00,1653.3,END_OF_DAY,False,5.3801781000000855,0.44281301234569104,ORB_50PCT
INFY,2026-01-16,BUY,2026-01-16 09:30:00,2026-01-16 09:35:00,09:35,1644.6218999999999,1642.7,1618.4,24.299999999999955,1618.4,26.221899999999778,1697.0656999999994,2026-01-16 15:25:00,1653.3,END_OF_DAY,False,5.3801781000000855,0.20517880473955477,ORB_BOUNDARY
INFY,2026-01-19,SELL,2026-01-19 09:35:00,2026-01-19 09:40:00,09:40,1632.8831500000001,1649.3,1635.6,13.700000000000045,1639.73315,6.849999999999909,1619.1831500000003,2026-01-19 10:15:00,1639.73315,STOP_LOSS,False,-10.122616299999908,-1.4777542043795682,ORB_50PCT
INFY,2026-01-19,SELL,2026-01-19 09:35:00,2026-01-19 09:40:00,09:40,1632.8831500000001,1649.3,1635.6,13.700000000000045,1649.3,16.41684999999984,1600.0494500000004,2026-01-19 15:25:00,1644.3,END_OF_DAY,False,-14.69403314999984,-0.8950580135653297,ORB_BOUNDARY
INFY,2026-01-20,SELL,2026-01-20 09:40:00,2026-01-20 09:45:00,09:45,1634.5823,1644.6,1636.9,7.699999999999818,1638.4323,3.849999999999909,1626.8823000000002,2026-01-20 10:20:00,1638.4323,STOP_LOSS,False,-7.123014599999909,-1.8501336623376823,ORB_50PCT
INFY,2026-01-20,SELL,2026-01-20 09:40:00,2026-01-20 09:45:00,09:45,1634.5823,1644.6,1636.9,7.699999999999818,1644.6,10.017699999999877,1614.5469000000003,2026-01-20 15:25:00,1619.4,END_OF_DAY,False,11.92831769999994,1.190724188186918,ORB_BOUNDARY
INFY,2026-01-21,SELL,2026-01-21 09:30:00,2026-01-21 09:35:00,09:35,1606.09655,1621.9,1607.3,14.600000000000136,1613.39655,7.2999999999999545,1591.49655,2026-01-21 10:20:00,1613.39655,STOP_LOSS,False,-10.519493099999954,-1.441026452054797,ORB_50PCT
INFY,2026-01-21,SELL,2026-01-21 09:30:00,2026-01-21 09:35:00,09:35,1606.09655,1621.9,1607.3,14.600000000000136,1621.9,15.803450000000112,1574.4896499999998,2026-01-21 12:35:00,1621.9,STOP_LOSS,False,-19.031446550000112,-1.2042589782610744,ORB_BOUNDARY
INFY,2026-01-22,SELL,2026-01-22 10:55:00,2026-01-22 11:00:00,11:00,1621.5888,1633.1,1625.3,7.7999999999999545,1625.4888,3.900000000000091,1613.7887999999998,2026-01-22 11:05:00,1625.4888,STOP_LOSS,False,-7.147077600000092,-1.832583999999981,ORB_50PCT
INFY,2026-01-22,SELL,2026-01-22 10:55:00,2026-01-22 11:00:00,11:00,1621.5888,1633.1,1625.3,7.7999999999999545,1633.1,11.511199999999917,1598.5664000000002,2026-01-22 15:25:00,1627.6,END_OF_DAY,False,-9.260388799999916,-0.8044677183959954,ORB_BOUNDARY
INFY,2026-01-23,SELL,2026-01-23 14:15:00,2026-01-23 14:20:00,14:20,1626.88615,1640.2,1628.3,11.900000000000091,1632.83615,5.9500000000000455,1614.98615,2026-01-23 14:30:00,1632.83615,STOP_LOSS,False,-9.209722300000045,-1.5478524873949537,ORB_50PCT
INFY,2026-01-23,SELL,2026-01-23 14:15:00,2026-01-23 14:20:00,14:20,1626.88615,1640.2,1628.3,11.900000000000091,1640.2,13.313850000000002,1600.25845,2026-01-23 15:25:00,1636.6,END_OF_DAY,False,-12.977336149999866,-0.9747245274657491,ORB_BOUNDARY
INFY,2026-01-28,SELL,2026-01-28 09:45:00,2026-01-28 09:50:00,09:50,1633.9826,1653.0,1638.5,14.5,1641.2326,7.25,1619.4826,2026-01-28 11:35:00,1619.4826,TARGET,False,11.2465348,1.5512461793103447,ORB_50PCT
INFY,2026-01-28,SELL,2026-01-28 09:45:00,2026-01-28 09:50:00,09:50,1633.9826,1653.0,1638.5,14.5,1653.0,19.017399999999952,1595.9478000000001,2026-01-28 15:25:00,1630.7,END_OF_DAY,False,0.017917400000002193,0.0009421582340384194,ORB_BOUNDARY
INFY,2026-01-29,SELL,2026-01-29 10:45:00,2026-01-29 10:50:00,10:50,1607.29595,1624.7,1609.2,15.5,1615.04595,7.75,1591.79595,2026-01-29 11:05:00,1615.04595,STOP_LOSS,False,-10.9723419,-1.4157860516129033,ORB_50PCT
INFY,2026-01-29,SELL,2026-01-29 10:45:00,2026-01-29 10:50:00,10:50,1607.29595,1624.7,1609.2,15.5,1624.7,17.404050000000097,1572.4878499999998,2026-01-29 13:05:00,1624.7,STOP_LOSS,False,-20.636045950000096,-1.1857036695481786,ORB_BOUNDARY
INFY,2026-01-29,BUY,2026-01-29 13:20:00,2026-01-29 13:25:00,13:25,1626.2127,1624.7,1609.2,15.5,1618.4627,7.75,1641.7127,2026-01-29 15:25:00,1625.8,END_OF_DAY,False,-3.6647127000000865,-0.47286615483872085,ORB_50PCT
INFY,2026-01-29,BUY,2026-01-29 13:20:00,2026-01-29 13:25:00,13:25,1626.2127,1624.7,1609.2,15.5,1609.2,17.012699999999995,1660.2381,2026-01-29 15:25:00,1625.8,END_OF_DAY,False,-3.6647127000000865,-0.2154104110458709,ORB_BOUNDARY
INFY,2026-02-01,SELL,2026-02-01 09:50:00,2026-02-01 09:55:00,09:55,1570.4144000000001,1595.5,1574.9,20.59999999999991,1580.7144,10.299999999999955,1549.8144000000002,2026-02-01 10:10:00,1580.7144,STOP_LOSS,False,-13.451128799999955,-1.3059348349514577,ORB_50PCT
INFY,2026-02-01,SELL,2026-02-01 09:50:00,2026-02-01 09:55:00,09:55,1570.4144000000001,1595.5,1574.9,20.59999999999991,1595.5,25.085599999999886,1520.2432000000003,2026-02-01 12:05:00,1595.5,STOP_LOSS,False,-28.251514399999884,-1.1262044519565015,ORB_BOUNDARY
INFY,2026-02-01,BUY,2026-02-01 12:45:00,2026-02-01 12:50:00,12:50,1599.7995,1595.5,1574.9,20.59999999999991,1589.4995000000001,10.299999999999955,1620.3995,2026-02-01 13:00:00,1620.3995,TARGET,False,17.379800999999908,1.6873593203883481,ORB_50PCT
INFY,2026-02-01,BUY,2026-02-01 12:45:00,2026-02-01 12:50:00,12:50,1599.7995,1595.5,1574.9,20.59999999999991,1574.9,24.89949999999999,1649.5985,2026-02-01 15:25:00,1607.2,END_OF_DAY,False,4.193500499999965,0.16841705656739964,ORB_BOUNDARY
INFY,2026-02-02,SELL,2026-02-02 09:40:00,2026-02-02 09:45:00,09:45,1596.2015,1626.8,1599.4,27.399999999999864,1609.9015,13.700000000000045,1568.8014999999998,2026-02-02 15:25:00,1592.5,END_OF_DAY,False,0.5127984999998962,0.03743054744524778,ORB_50PCT
INFY,2026-02-02,SELL,2026-02-02 09:40:00,2026-02-02 09:45:00,09:45,1596.2015,1626.8,1599.4,27.399999999999864,1626.8,30.598500000000058,1535.0044999999998,2026-02-02 15:25:00,1592.5,END_OF_DAY,False,0.5127984999998962,0.01675894243181513,ORB_BOUNDARY
INFY,2026-02-03,SELL,2026-02-03 09:30:00,2026-02-03 09:35:00,09:35,1636.48135,1691.4,1642.8,48.600000000000136,1660.7813500000002,24.300000000000182,1587.8813499999997,2026-02-03 15:25:00,1619.7,END_OF_DAY,False,13.525168649999975,0.5565913024691306,ORB_50PCT
INFY,2026-02-03,SELL,2026-02-03 09:30:00,2026-02-03 09:35:00,09:35,1636.48135,1691.4,1642.8,48.600000000000136,1691.4,54.91865000000007,1526.6440499999999,2026-02-03 15:25:00,1619.7,END_OF_DAY,False,13.525168649999975,0.24627642249035542,ORB_BOUNDARY
INFY,2026-02-04,SELL,2026-02-04 10:10:00,2026-02-04 10:15:00,10:15,1516.54135,1551.3,1520.3,31.0,1532.04135,15.5,1485.54135,2026-02-04 11:50:00,1485.54135,TARGET,False,27.9979173,1.8063172451612903,ORB_50PCT
INFY,2026-02-04,SELL,2026-02-04 10:10:00,2026-02-04 10:15:00,10:15,1516.54135,1551.3,1520.3,31.0,1551.3,34.75864999999999,1447.02405,2026-02-04 15:25:00,1501.5,END_OF_DAY,False,12.023308649999965,0.34590838971018634,ORB_BOUNDARY
INFY,2026-02-05,SELL,2026-02-05 11:45:00,2026-02-05 11:50:00,11:50,1491.9536500000002,1514.9,1492.7,22.200000000000045,1503.0536500000003,11.100000000000136,1469.7536499999999,2026-02-05 15:25:00,1487.8,END_OF_DAY,False,1.1738963500001978,0.10575642792794444,ORB_50PCT
INFY,2026-02-05,SELL,2026-02-05 11:45:00,2026-02-05 11:50:00,11:50,1491.9536500000002,1514.9,1492.7,22.200000000000045,1514.9,22.94634999999994,1446.0609500000003,2026-02-05 15:25:00,1487.8,END_OF_DAY,False,1.1738963500001978,0.051158304044007036,ORB_BOUNDARY
INFY,2026-02-09,SELL,2026-02-09 09:35:00,2026-02-09 09:40:00,09:40,1468.4654,1495.6,1469.2,26.399999999999864,1481.6653999999999,13.199999999999818,1442.0654000000004,2026-02-09 15:25:00,1465.3,END_OF_DAY,False,0.23163460000009017,0.01754807575758283,ORB_50PCT
INFY,2026-02-09,SELL,2026-02-09 09:35:00,2026-02-09 09:40:00,09:40,1468.4654,1495.6,1469.2,26.399999999999864,1495.6,27.134599999999864,1414.1962000000003,2026-02-09 15:25:00,1465.3,END_OF_DAY,False,0.23163460000009017,0.008536503209927227,ORB_BOUNDARY
INFY,2026-02-10,BUY,2026-02-10 10:05:00,2026-02-10 10:10:00,10:10,1472.736,1472.0,1459.4,12.599999999999909,1466.4360000000001,6.2999999999999545,1485.336,2026-02-10 14:35:00,1466.4360000000001,STOP_LOSS,False,-9.239171999999956,-1.4665352380952417,ORB_50PCT
INFY,2026-02-10,BUY,2026-02-10 10:05:00,2026-02-10 10:10:00,10:10,1472.736,1472.0,1459.4,12.599999999999909,1459.4,13.336000000000013,1499.4080000000001,2026-02-10 15:25:00,1463.1,END_OF_DAY,False,-12.571836000000195,-0.94269916016798,ORB_BOUNDARY
INFY,2026-02-11,SELL,2026-02-11 09:30:00,2026-02-11 09:35:00,09:35,1463.8677,1474.0,1465.3,8.700000000000045,1468.2177000000001,4.350000000000136,1455.1676999999997,2026-02-11 10:05:00,1455.1676999999997,TARGET,False,5.780964600000273,1.3289573793103657,ORB_50PCT
INFY,2026-02-11,SELL,2026-02-11 09:30:00,2026-02-11 09:35:00,09:35,1463.8677,1474.0,1465.3,8.700000000000045,1474.0,10.132299999999987,1443.6031,2026-02-11 14:00:00,1443.6031,TARGET,False,17.357129199999974,1.71304927805138,ORB_BOUNDARY
INFY,2026-02-12,SELL,2026-02-12 09:30:00,2026-02-12 09:35:00,09:35,1368.41545,1405.3,1374.0,31.299999999999955,1384.06545,15.650000000000091,1337.1154499999998,2026-02-12 15:25:00,1354.7,END_OF_DAY,False,10.992334549999919,0.702385594249192,ORB_50PCT
INFY,2026-02-12,SELL,2026-02-12 09:30:00,2026-02-12 09:35:00,09:35,1368.41545,1405.3,1374.0,31.299999999999955,1405.3,36.88454999999999,1294.64635,2026-02-12 15:25:00,1354.7,END_OF_DAY,False,10.992334549999919,0.29802002600004396,ORB_BOUNDARY
INFY,2026-02-13,BUY,2026-02-13 10:40:00,2026-02-13 10:45:00,10:45,1299.8496,1296.0,1254.4,41.59999999999991,1279.0496,20.799999999999955,1341.4496,2026-02-13 12:10:00,1341.4496,TARGET,False,38.95870079999991,1.8730144615384614,ORB_50PCT
INFY,2026-02-13,BUY,2026-02-13 10:40:00,2026-02-13 10:45:00,10:45,1299.8496,1296.0,1254.4,41.59999999999991,1254.4,45.44959999999992,1390.7487999999998,2026-02-13 15:25:00,1340.0,END_OF_DAY,False,37.51055039999999,0.8253219038231373,ORB_BOUNDARY
INFY,2026-02-16,SELL,2026-02-16 09:45:00,2026-02-16 09:50:00,09:50,1317.24105,1346.9,1317.9,29.0,1331.74105,14.5,1288.24105,2026-02-16 14:35:00,1331.74105,STOP_LOSS,False,-17.1489821,-1.1826884206896553,ORB_50PCT
INFY,2026-02-16,SELL,2026-02-16 09:45:00,2026-02-16 09:50:00,09:50,1317.24105,1346.9,1317.9,29.0,1346.9,29.658950000000004,1257.92315,2026-02-16 15:25:00,1341.0,END_OF_DAY,False,-26.417191049999914,-0.8906987958103679,ORB_BOUNDARY
INFY,2026-02-17,BUY,2026-02-17 09:30:00,2026-02-17 09:35:00,09:35,1372.686,1365.0,1338.0,27.0,1359.186,13.5,1399.686,2026-02-17 12:15:00,1399.686,TARGET,False,24.227628,1.794639111111111,ORB_50PCT
INFY,2026-02-17,BUY,2026-02-17 09:30:00,2026-02-17 09:35:00,09:35,1372.686,1365.0,1338.0,27.0,1338.0,34.68599999999992,1442.0579999999998,2026-02-17 15:25:00,1361.7,END_OF_DAY,False,-13.720385999999877,-0.395559764746581,ORB_BOUNDARY
INFY,2026-02-18,SELL,2026-02-18 09:40:00,2026-02-18 09:45:00,09:45,1329.4349499999998,1371.3,1333.7,37.59999999999991,1348.2349499999998,18.799999999999955,1291.83495,2026-02-18 15:25:00,1342.9,END_OF_DAY,False,-16.137384950000246,-0.8583715398936322,ORB_50PCT
INFY,2026-02-18,SELL,2026-02-18 09:40:00,2026-02-18 09:45:00,09:45,1329.4349499999998,1371.3,1333.7,37.59999999999991,1371.3,41.86505000000011,1245.7048499999996,2026-02-18 15:25:00,1342.9,END_OF_DAY,False,-16.137384950000246,-0.3854619772339984,ORB_BOUNDARY
INFY,2026-02-19,BUY,2026-02-19 10:05:00,2026-02-19 10:10:00,10:10,1370.5849500000002,1368.4,1352.9,15.5,1362.8349500000002,7.75,1386.0849500000002,2026-02-19 10:15:00,1362.8349500000002,STOP_LOSS,False,-10.483419900000001,-1.352699341935484,ORB_50PCT
INFY,2026-02-19,BUY,2026-02-19 10:05:00,2026-02-19 10:10:00,10:10,1370.5849500000002,1368.4,1352.9,15.5,1352.9,17.68495000000007,1405.9548500000003,2026-02-19 12:10:00,1352.9,STOP_LOSS,False,-20.40843495000007,-1.154000149844924,ORB_BOUNDARY
INFY,2026-02-19,SELL,2026-02-19 12:45:00,2026-02-19 12:50:00,12:50,1351.02415,1368.4,1352.9,15.5,1358.77415,7.75,1335.52415,2026-02-19 15:20:00,1335.52415,TARGET,False,12.8134517,1.653348606451613,ORB_50PCT
INFY,2026-02-19,SELL,2026-02-19 12:45:00,2026-02-19 12:50:00,12:50,1351.02415,1368.4,1352.9,15.5,1368.4,17.375850000000128,1316.2724499999997,2026-02-19 15:25:00,1337.6,END_OF_DAY,False,10.735525850000055,0.6178417660143232,ORB_BOUNDARY
INFY,2026-02-20,BUY,2026-02-20 10:15:00,2026-02-20 10:20:00,10:20,1331.4654,1330.4,1309.9,20.5,1321.2154,10.25,1351.9654,2026-02-20 15:25:00,1323.9,END_OF_DAY,False,-10.220765399999955,-0.9971478439024346,ORB_50PCT
INFY,2026-02-20,BUY,2026-02-20 10:15:00,2026-02-20 10:20:00,10:20,1331.4654,1330.4,1309.9,20.5,1309.9,21.565399999999954,1374.5962,2026-02-20 15:25:00,1323.9,END_OF_DAY,False,-10.220765399999955,-0.4739427694362255,ORB_BOUNDARY
INFY,2026-02-23,SELL,2026-02-23 09:45:00,2026-02-23 09:50:00,09:50,1305.44695,1323.4,1308.0,15.400000000000091,1313.14695,7.7000000000000455,1290.04695,2026-02-23 15:25:00,1299.9,END_OF_DAY,False,2.9416030499999244,0.3820263701298581,ORB_50PCT
INFY,2026-02-23,SELL,2026-02-23 09:45:00,2026-02-23 09:50:00,09:50,1305.44695,1323.4,1308.0,15.400000000000091,1323.4,17.953050000000076,1269.5408499999999,2026-02-23 15:25:00,1299.9,END_OF_DAY,False,2.9416030499999244,0.16384976647421537,ORB_BOUNDARY
INFY,2026-02-24,SELL,2026-02-24 09:35:00,2026-02-24 09:40:00,09:40,1254.67235,1276.0,1257.0,19.0,1264.17235,9.5,1235.67235,2026-02-24 15:25:00,1253.3,END_OF_DAY,False,-1.1356223499999034,-0.11953919473683194,ORB_50PCT
INFY,2026-02-24,SELL,2026-02-24 09:35:00,2026-02-24 09:40:00,09:40,1254.67235,1276.0,1257.0,19.0,1276.0,21.32764999999995,1212.0170500000002,2026-02-24 15:25:00,1253.3,END_OF_DAY,False,-1.1356223499999034,-0.05324648285206791,ORB_BOUNDARY
INFY,2026-02-25,BUY,2026-02-25 09:55:00,2026-02-25 10:00:00,10:00,1290.74505,1287.0,1259.0,28.0,1276.74505,14.0,1318.74505,2026-02-25 11:05:00,1276.74505,STOP_LOSS,False,-16.5674901,-1.18339215,ORB_50PCT
INFY,2026-02-25,BUY,2026-02-25 09:55:00,2026-02-25 10:00:00,10:00,1290.74505,1287.0,1259.0,28.0,1259.0,31.745049999999992,1354.23515,2026-02-25 15:25:00,1262.6,END_OF_DAY,False,-30.698395050000084,-0.9670293494576349,ORB_BOUNDARY
INFY,2026-02-26,SELL,2026-02-26 10:50:00,2026-02-26 10:55:00,10:55,1268.5654,1285.0,1272.5,12.5,1274.8154,6.25,1256.0654,2026-02-26 15:25:00,1263.7,END_OF_DAY,False,2.3331345999999082,0.37330153599998533,ORB_50PCT
INFY,2026-02-26,SELL,2026-02-26 10:50:00,2026-02-26 10:55:00,10:55,1268.5654,1285.0,1272.5,12.5,1285.0,16.434600000000046,1235.6961999999999,2026-02-26 15:25:00,1263.7,END_OF_DAY,False,2.3331345999999082,0.14196479378870808,ORB_BOUNDARY
INFY,2026-02-27,SELL,2026-02-27 09:30:00,2026-02-27 09:35:00,09:35,1277.06115,1306.7,1282.9,23.799999999999955,1288.96115,11.900000000000091,1253.2611499999998,2026-02-27 15:25:00,1271.4,END_OF_DAY,False,3.112688849999907,0.2615704915966288,ORB_50PCT
INFY,2026-02-27,SELL,2026-02-27 09:30:00,2026-02-27 09:35:00,09:35,1277.06115,1306.7,1282.9,23.799999999999955,1306.7,29.638850000000048,1217.78345,2026-02-27 15:25:00,1271.4,END_OF_DAY,False,3.112688849999907,0.10502056759961678,ORB_BOUNDARY
INFY,2026-03-02,BUY,2026-03-02 09:30:00,2026-03-02 09:35:00,09:35,1271.53545,1269.4,1254.8,14.600000000000136,1264.2354500000001,7.2999999999999545,1286.13545,2026-03-02 09:40:00,1264.2354500000001,STOP_LOSS,False,-9.835770899999956,-1.347365876712331,ORB_50PCT
INFY,2026-03-02,BUY,2026-03-02 09:30:00,2026-03-02 09:35:00,09:35,1271.53545,1269.4,1254.8,14.600000000000136,1254.8,16.735450000000128,1305.0063500000003,2026-03-02 11:30:00,1254.8,STOP_LOSS,False,-19.26178545000013,-1.1509571269371295,ORB_BOUNDARY
INFY,2026-03-02,SELL,2026-03-02 11:50:00,2026-03-02 11:55:00,11:55,1252.9732,1269.4,1254.8,14.600000000000136,1260.2732,7.300000000000182,1238.3731999999995,2026-03-02 14:35:00,1260.2732,STOP_LOSS,False,-9.813246400000182,-1.3442803287671148,ORB_50PCT
INFY,2026-03-02,SELL,2026-03-02 11:50:00,2026-03-02 11:55:00,11:55,1252.9732,1269.4,1254.8,14.600000000000136,1269.4,16.426800000000185,1220.1195999999995,2026-03-02 15:25:00,1261.0,END_OF_DAY,False,-10.540773200000094,-0.6416814717412993,ORB_BOUNDARY
INFY,2026-03-05,SELL,2026-03-05 09:30:00,2026-03-05 09:35:00,09:35,1272.5634,1292.0,1276.5,15.5,1280.3134,7.75,1257.0634,2026-03-05 14:40:00,1280.3134,STOP_LOSS,False,-10.3028768,-1.3294034580645162,ORB_50PCT
INFY,2026-03-05,SELL,2026-03-05 09:30:00,2026-03-05 09:35:00,09:35,1272.5634,1292.0,1276.5,15.5,1292.0,19.4366,1233.6902,2026-03-05 15:25:00,1277.7,END_OF_DAY,False,-7.686863400000044,-0.3954839529547372,ORB_BOUNDARY
INFY,2026-03-09,BUY,2026-03-09 09:30:00,2026-03-09 09:35:00,09:35,1272.93615,1272.4,1255.3,17.100000000000136,1264.3861499999998,8.550000000000182,1290.0361500000004,2026-03-09 09:40:00,1264.3861499999998,STOP_LOSS,False,-11.087322300000181,-1.2967628421052568,ORB_50PCT
INFY,2026-03-09,BUY,2026-03-09 09:30:00,2026-03-09 09:35:00,09:35,1272.93615,1272.4,1255.3,17.100000000000136,1255.3,17.636150000000043,1308.20845,2026-03-09 15:25:00,1287.2,END_OF_DAY,False,11.703713850000048,0.6636206796834921,ORB_BOUNDARY
INFY,2026-03-10,SELL,2026-03-10 09:35:00,2026-03-10 09:40:00,09:40,1270.06465,1293.0,1272.6,20.40000000000009,1280.26465,10.200000000000045,1249.66465,2026-03-10 15:25:00,1269.0,END_OF_DAY,False,-1.4744146499999715,-0.1445504558823495,ORB_50PCT
INFY,2026-03-10,SELL,2026-03-10 09:35:00,2026-03-10 09:40:00,09:40,1270.06465,1293.0,1272.6,20.40000000000009,1293.0,22.93534999999997,1224.19395,2026-03-10 15:25:00,1269.0,END_OF_DAY,False,-1.4744146499999715,-0.06428568345370676,ORB_BOUNDARY
INFY,2026-03-11,SELL,2026-03-11 09:40:00,2026-03-11 09:45:00,09:45,1259.46995,1272.0,1260.1,11.900000000000091,1265.41995,5.9500000000000455,1247.5699499999998,2026-03-11 15:20:00,1247.5699499999998,TARGET,False,9.392960100000092,1.5786487563025244,ORB_50PCT
INFY,2026-03-11,SELL,2026-03-11 09:40:00,2026-03-11 09:45:00,09:45,1259.46995,1272.0,1260.1,11.900000000000091,1272.0,12.530050000000074,1234.4098499999998,2026-03-11 15:25:00,1248.8,END_OF_DAY,False,8.161680049999973,0.6513685140921165,ORB_BOUNDARY
INFY,2026-03-12,SELL,2026-03-12 10:10:00,2026-03-12 10:15:00,10:15,1234.08265,1245.9,1235.9,10.0,1239.08265,5.0,1224.08265,2026-03-12 10:25:00,1239.08265,STOP_LOSS,False,-7.4731653,-1.49463306,ORB_50PCT
INFY,2026-03-12,SELL,2026-03-12 10:10:00,2026-03-12 10:15:00,10:15,1234.08265,1245.9,1235.9,10.0,1245.9,11.817350000000033,1210.44795,2026-03-12 10:55:00,1245.9,STOP_LOSS,False,-14.297332650000033,-1.2098594566463712,ORB_BOUNDARY
INFY,2026-03-12,BUY,2026-03-12 11:20:00,2026-03-12 11:25:00,11:25,1246.0227,1245.9,1235.9,10.0,1241.0227,5.0,1256.0227,2026-03-12 14:25:00,1241.0227,STOP_LOSS,False,-7.4870453999999995,-1.49740908,ORB_50PCT
INFY,2026-03-12,BUY,2026-03-12 11:20:00,2026-03-12 11:25:00,11:25,1246.0227,1245.9,1235.9,10.0,1235.9,10.122699999999895,1266.2680999999998,2026-03-12 15:00:00,1235.9,STOP_LOSS,False,-12.604622699999895,-1.2451838639888593,ORB_BOUNDARY
INFY,2026-03-13,BUY,2026-03-13 10:10:00,2026-03-13 10:15:00,10:15,1230.31485,1228.4,1221.5,6.900000000000091,1226.86485,3.4500000000000455,1237.21485,2026-03-13 10:25:00,1237.21485,TARGET,False,4.432470300000091,1.2847740000000094,ORB_50PCT
INFY,2026-03-13,BUY,2026-03-13 10:10:00,2026-03-13 10:15:00,10:15,1230.31485,1228.4,1221.5,6.900000000000091,1221.5,8.814849999999979,1247.94455,2026-03-13 14:55:00,1221.5,STOP_LOSS,False,-11.266664849999978,-1.2781459525686774,ORB_BOUNDARY
INFY,2026-03-16,SELL,2026-03-16 10:15:00,2026-03-16 10:20:00,10:20,1207.396,1227.7,1209.8,17.90000000000009,1216.346,8.950000000000045,1189.4959999999999,2026-03-16 14:20:00,1216.346,STOP_LOSS,False,-11.373742000000046,-1.2708091620111719,ORB_50PCT
INFY,2026-03-16,SELL,2026-03-16 10:15:00,2026-03-16 10:20:00,10:20,1207.396,1227.7,1209.8,17.90000000000009,1227.7,20.304000000000087,1166.7879999999998,2026-03-16 15:25:00,1219.1,END_OF_DAY,False,-14.130495999999951,-0.6959464144996006,ORB_BOUNDARY
INFY,2026-03-17,SELL,2026-03-17 09:30:00,2026-03-17 09:35:00,09:35,1189.405,1218.6,1192.3,26.299999999999955,1202.5549999999998,13.149999999999864,1163.1050000000002,2026-03-17 09:50:00,1202.5549999999998,STOP_LOSS,False,-15.541959999999865,-1.1818980988593175,ORB_50PCT
INFY,2026-03-17,SELL,2026-03-17 09:30:00,2026-03-17 09:35:00,09:35,1189.405,1218.6,1192.3,26.299999999999955,1218.6,29.194999999999936,1131.015,2026-03-17 15:25:00,1207.9,END_OF_DAY,False,-20.892305000000118,-0.7156124336359021,ORB_BOUNDARY
INFY,2026-03-18,BUY,2026-03-18 09:35:00,2026-03-18 09:40:00,09:40,1237.6185,1233.5,1208.7,24.799999999999955,1225.2185,12.400000000000091,1262.4185000000002,2026-03-18 11:40:00,1262.4185000000002,TARGET,False,22.299963000000183,1.7983841129032274,ORB_50PCT
INFY,2026-03-18,BUY,2026-03-18 09:35:00,2026-03-18 09:40:00,09:40,1237.6185,1233.5,1208.7,24.799999999999955,1208.7,28.918499999999995,1295.4555,2026-03-18 15:25:00,1239.9,END_OF_DAY,False,-0.19601849999994947,-0.006778308003525408,ORB_BOUNDARY
INFY,2026-03-19,SELL,2026-03-19 09:45:00,2026-03-19 09:50:00,09:50,1212.89325,1228.4,1213.7,14.700000000000045,1220.24325,7.349999999999909,1198.1932500000003,2026-03-19 14:10:00,1198.1932500000003,TARGET,False,12.288913499999818,1.6719610204081592,ORB_50PCT
INFY,2026-03-19,SELL,2026-03-19 09:45:00,2026-03-19 09:50:00,09:50,1212.89325,1228.4,1213.7,14.700000000000045,1228.4,15.506750000000011,1181.87975,2026-03-19 15:25:00,1200.0,END_OF_DAY,False,10.48035675000008,0.6758577232495573,ORB_BOUNDARY
INFY,2026-03-20,BUY,2026-03-20 10:25:00,2026-03-20 10:30:00,10:30,1227.6135,1224.7,1212.1,12.600000000000136,1221.3134999999997,6.300000000000182,1240.2135000000003,2026-03-20 11:00:00,1221.3134999999997,STOP_LOSS,False,-8.748927000000181,-1.3887185714285601,ORB_50PCT
INFY,2026-03-20,BUY,2026-03-20 10:25:00,2026-03-20 10:30:00,10:30,1227.6135,1224.7,1212.1,12.600000000000136,1212.1,15.513500000000022,1258.6405,2026-03-20 12:15:00,1212.1,STOP_LOSS,False,-17.95321350000002,-1.157263899184581,ORB_BOUNDARY
INFY,2026-03-20,SELL,2026-03-20 13:05:00,2026-03-20 13:10:00,13:10,1210.1946,1224.7,1212.1,12.600000000000136,1216.4946,6.2999999999999545,1197.5946000000001,2026-03-20 15:00:00,1216.4946,STOP_LOSS,False,-8.726689199999955,-1.3851887619047647,ORB_50PCT
INFY,2026-03-20,SELL,2026-03-20 13:05:00,2026-03-20 13:10:00,13:10,1210.1946,1224.7,1212.1,12.600000000000136,1224.7,14.505400000000009,1181.1838,2026-03-20 15:00:00,1224.7,STOP_LOSS,False,-16.94029460000001,-1.167861251671791,ORB_BOUNDARY
INFY,2026-03-23,BUY,2026-03-23 09:30:00,2026-03-23 09:35:00,09:35,1217.0082,1215.4,1201.4,14.0,1210.0082,7.0,1231.0082,2026-03-23 14:10:00,1231.0082,TARGET,False,11.5519836,1.6502833714285714,ORB_50PCT
INFY,2026-03-23,BUY,2026-03-23 09:30:00,2026-03-23 09:35:00,09:35,1217.0082,1215.4,1201.4,14.0,1201.4,15.608199999999897,1248.2245999999998,2026-03-23 15:25:00,1226.5,END_OF_DAY,False,7.048291800000012,0.4515762099409322,ORB_BOUNDARY
INFY,2026-03-24,BUY,2026-03-24 10:25:00,2026-03-24 10:30:00,10:30,1246.52295,1243.5,1224.5,19.0,1237.02295,9.5,1265.52295,2026-03-24 11:55:00,1265.52295,TARGET,False,16.4879541,1.7355741157894737,ORB_50PCT
INFY,2026-03-24,BUY,2026-03-24 10:25:00,2026-03-24 10:30:00,10:30,1246.52295,1243.5,1224.5,19.0,1224.5,22.022950000000037,1290.56885,2026-03-24 15:25:00,1253.0,END_OF_DAY,False,3.9775270499999626,0.180608276820315,ORB_BOUNDARY
INFY,2026-03-25,BUY,2026-03-25 09:45:00,2026-03-25 09:50:00,09:50,1246.9231499999999,1245.6,1230.5,15.099999999999909,1239.37315,7.5499999999999545,1262.0231499999998,2026-03-25 11:05:00,1262.0231499999998,TARGET,False,12.59105369999991,1.6676892317880776,ORB_50PCT
INFY,2026-03-25,BUY,2026-03-25 09:45:00,2026-03-25 09:50:00,09:50,1246.9231499999999,1245.6,1230.5,15.099999999999909,1230.5,16.42314999999985,1279.7694499999996,2026-03-25 15:25:00,1252.4,END_OF_DAY,False,2.97752685000024,0.1813005939786379,ORB_BOUNDARY
INFY,2026-03-27,SELL,2026-03-27 09:55:00,2026-03-27 10:00:00,10:00,1250.07465,1267.4,1252.0,15.400000000000091,1257.77465,7.7000000000000455,1234.67465,2026-03-27 10:20:00,1257.77465,STOP_LOSS,False,-10.207849300000046,-1.3256947142857123,ORB_50PCT
INFY,2026-03-27,SELL,2026-03-27 09:55:00,2026-03-27 10:00:00,10:00,1250.07465,1267.4,1252.0,15.400000000000091,1267.4,17.32535000000007,1215.4239499999999,2026-03-27 15:25:00,1239.6,END_OF_DAY,False,7.984975350000111,0.4608839273088323,ORB_BOUNDARY
INFY,2026-03-30,BUY,2026-03-30 09:35:00,2026-03-30 09:40:00,09:40,1237.8186,1235.4,1220.6,14.800000000000182,1230.4186,7.400000000000091,1252.6186000000002,2026-03-30 10:15:00,1230.4186,STOP_LOSS,False,-9.868237200000092,-1.3335455675675636,ORB_50PCT
INFY,2026-03-30,BUY,2026-03-30 09:35:00,2026-03-30 09:40:00,09:40,1237.8186,1235.4,1220.6,14.800000000000182,1220.6,17.21860000000015,1272.2558000000004,2026-03-30 14:10:00,1220.6,STOP_LOSS,False,-19.677018600000153,-1.1427769156609702,ORB_BOUNDARY
INFY,2026-04-01,SELL,2026-04-01 09:30:00,2026-04-01 09:35:00,09:35,1253.27305,1270.3,1255.4,14.899999999999864,1260.72305,7.4500000000000455,1238.37305,2026-04-01 09:50:00,1260.72305,STOP_LOSS,False,-9.963996100000045,-1.3374491409395952,ORB_50PCT
INFY,2026-04-01,SELL,2026-04-01 09:30:00,2026-04-01 09:35:00,09:35,1253.27305,1270.3,1255.4,14.899999999999864,1270.3,17.026949999999943,1219.2191500000001,2026-04-01 10:00:00,1270.3,STOP_LOSS,False,-19.550523049999942,-1.1482105162697962,ORB_BOUNDARY
INFY,2026-04-01,BUY,2026-04-01 10:35:00,2026-04-01 10:40:00,10:40,1271.53545,1270.3,1255.4,14.899999999999864,1264.08545,7.4500000000000455,1286.4354500000002,2026-04-01 11:05:00,1264.08545,STOP_LOSS,False,-9.985620900000045,-1.340351798657716,ORB_50PCT
INFY,2026-04-01,BUY,2026-04-01 10:35:00,2026-04-01 10:40:00,10:40,1271.53545,1270.3,1255.4,14.899999999999864,1255.4,16.13544999999999,1303.80635,2026-04-01 13:15:00,1255.4,STOP_LOSS,False,-18.66238544999999,-1.1566076837026549,ORB_BOUNDARY
INFY,2026-04-01,SELL,2026-04-01 13:20:00,2026-04-01 13:25:00,13:25,1254.07265,1270.3,1255.4,14.899999999999864,1261.5226499999999,7.449999999999818,1239.1726500000004,2026-04-01 15:25:00,1250.9,END_OF_DAY,False,0.667677349999976,0.08962112080536809,ORB_50PCT
INFY,2026-04-01,SELL,2026-04-01 13:20:00,2026-04-01 13:25:00,13:25,1254.07265,1270.3,1255.4,14.899999999999864,1270.3,16.227349999999888,1221.6179500000003,2026-04-01 15:25:00,1250.9,END_OF_DAY,False,0.667677349999976,0.041145186983702245,ORB_BOUNDARY
INFY,2026-04-02,BUY,2026-04-02 13:20:00,2026-04-02 13:25:00,13:25,1253.52645,1249.7,1233.1,16.600000000000136,1245.22645,8.299999999999955,1270.12645,2026-04-02 14:30:00,1270.12645,TARGET,False,14.076347099999909,1.695945433734938,ORB_50PCT
INFY,2026-04-02,BUY,2026-04-02 13:20:00,2026-04-02 13:25:00,13:25,1253.52645,1249.7,1233.1,16.600000000000136,1233.1,20.42645000000016,1294.3793500000004,2026-04-02 15:25:00,1270.5,END_OF_DAY,False,14.449523549999931,0.7073927946363572,ORB_BOUNDARY
INFY,2026-04-07,BUY,2026-04-07 09:50:00,2026-04-07 09:55:00,09:55,1284.54195,1283.1,1266.1,17.0,1276.04195,8.5,1301.54195,2026-04-07 11:15:00,1301.54195,TARGET,False,14.4139161,1.6957548352941176,ORB_50PCT
INFY,2026-04-07,BUY,2026-04-07 09:50:00,2026-04-07 09:55:00,09:55,1284.54195,1283.1,1266.1,17.0,1266.1,18.441950000000134,1321.4258500000003,2026-04-07 15:25:00,1311.6,END_OF_DAY,False,24.461908049999867,1.3264274141291832,ORB_BOUNDARY
INFY,2026-04-08,SELL,2026-04-08 09:30:00,2026-04-08 09:35:00,09:35,1309.0451500000001,1347.7,1312.8,34.90000000000009,1326.4951500000002,17.450000000000045,1274.14515,2026-04-08 15:25:00,1317.5,END_OF_DAY,False,-11.081395149999851,-0.6350369713466947,ORB_50PCT
INFY,2026-04-08,SELL,2026-04-08 09:30:00,2026-04-08 09:35:00,09:35,1309.0451500000001,1347.7,1312.8,34.90000000000009,1347.7,38.6548499999999,1231.7354500000004,2026-04-08 15:25:00,1317.5,END_OF_DAY,False,-11.081395149999851,-0.28667541459868245,ORB_BOUNDARY
INFY,2026-04-09,BUY,2026-04-09 15:05:00,2026-04-09 15:10:00,15:10,1306.35285,1304.3,1286.9,17.399999999999864,1297.65285,8.700000000000045,1323.75285,2026-04-09 15:25:00,1302.3,END_OF_DAY,False,-6.661502850000035,-0.7656899827586208,ORB_50PCT
INFY,2026-04-09,BUY,2026-04-09 15:05:00,2026-04-09 15:10:00,15:10,1306.35285,1304.3,1286.9,17.399999999999864,1286.9,19.4528499999999,1345.2585499999998,2026-04-09 15:25:00,1302.3,END_OF_DAY,False,-6.661502850000035,-0.34244354169183794,ORB_BOUNDARY
INFY,2026-04-10,SELL,2026-04-10 09:30:00,2026-04-10 09:35:00,09:35,1269.7648000000002,1291.0,1270.5,20.5,1280.0148000000002,10.25,1249.2648000000002,2026-04-10 15:25:00,1264.0,END_OF_DAY,False,3.23103520000015,0.31522294634147807,ORB_50PCT
INFY,2026-04-10,SELL,2026-04-10 09:30:00,2026-04-10 09:35:00,09:35,1269.7648000000002,1291.0,1270.5,20.5,1291.0,21.23519999999985,1227.2944000000005,2026-04-10 15:25:00,1264.0,END_OF_DAY,False,3.23103520000015,0.1521546865581757,ORB_BOUNDARY
INFY,2026-04-13,SELL,2026-04-13 09:30:00,2026-04-13 09:35:00,09:35,1241.07915,1261.7,1243.2,18.5,1250.32915,9.25,1222.57915,2026-04-13 10:55:00,1250.32915,STOP_LOSS,False,-11.7414083,-1.2693414378378378,ORB_50PCT
INFY,2026-04-13,SELL,2026-04-13 09:30:00,2026-04-13 09:35:00,09:35,1241.07915,1261.7,1243.2,18.5,1261.7,20.62085000000002,1199.83745,2026-04-13 15:25:00,1249.0,END_OF_DAY,False,-10.410929149999973,-0.5048739091744503,ORB_BOUNDARY
INFY,2026-04-16,SELL,2026-04-16 12:00:00,2026-04-16 12:05:00,12:05,1284.65735,1302.8,1286.6,16.200000000000045,1292.7573499999999,8.099999999999909,1268.4573500000001,2026-04-16 15:00:00,1292.7573499999999,STOP_LOSS,False,-10.67741469999991,-1.318199345679016,ORB_50PCT
INFY,2026-04-16,SELL,2026-04-16 12:00:00,2026-04-16 12:05:00,12:05,1284.65735,1302.8,1286.6,16.200000000000045,1302.8,18.142650000000003,1248.37205,2026-04-16 15:25:00,1288.1,END_OF_DAY,False,-6.015407349999958,-0.3315616709797056,ORB_BOUNDARY
INFY,2026-04-21,BUY,2026-04-21 09:45:00,2026-04-21 09:50:00,09:50,1283.2413,1282.3,1271.8,10.5,1277.9913,5.25,1293.7413,2026-04-21 11:45:00,1293.7413,TARGET,False,7.9230174,1.5091461714285714,ORB_50PCT
INFY,2026-04-21,BUY,2026-04-21 09:45:00,2026-04-21 09:50:00,09:50,1283.2413,1282.3,1271.8,10.5,1271.8,11.441299999999956,1306.1238999999998,2026-04-21 15:25:00,1286.8,END_OF_DAY,False,0.9886587000000446,0.08641139555820129,ORB_BOUNDARY
INFY,2026-04-22,SELL,2026-04-22 10:05:00,2026-04-22 10:10:00,10:10,1244.4774499999999,1270.2,1245.3,24.90000000000009,1256.92745,12.450000000000045,1219.5774499999998,2026-04-22 15:25:00,1241.9,END_OF_DAY,False,0.09107254999977155,0.007315064257009736,ORB_50PCT
INFY,2026-04-22,SELL,2026-04-22 10:05:00,2026-04-22 10:10:00,10:10,1244.4774499999999,1270.2,1245.3,24.90000000000009,1270.2,25.722550000000183,1193.0323499999995,2026-04-22 15:25:00,1241.9,END_OF_DAY,False,0.09107254999977155,0.0035405723771465463,ORB_BOUNDARY
INFY,2026-04-23,SELL,2026-04-23 12:30:00,2026-04-23 12:35:00,12:35,1223.1880999999998,1238.9,1224.6,14.300000000000182,1230.3381,7.150000000000091,1208.8880999999997,2026-04-23 15:25:00,1208.8880999999997,TARGET,False,11.867923800000183,1.659849482517487,ORB_50PCT
INFY,2026-04-23,SELL,2026-04-23 12:30:00,2026-04-23 12:35:00,12:35,1223.1880999999998,1238.9,1224.6,14.300000000000182,1238.9,15.711900000000242,1191.7642999999994,2026-04-23 15:25:00,1204.5,END_OF_DAY,False,16.26041189999985,1.0349106027914892,ORB_BOUNDARY
INFY,2026-04-24,SELL,2026-04-24 09:45:00,2026-04-24 09:50:00,09:50,1170.31455,1198.0,1173.6,24.40000000000009,1182.51455,12.200000000000045,1145.91455,2026-04-24 11:40:00,1145.91455,TARGET,False,22.08377090000009,1.8101451557377055,ORB_50PCT
INFY,2026-04-24,SELL,2026-04-24 09:45:00,2026-04-24 09:50:00,09:50,1170.31455,1198.0,1173.6,24.40000000000009,1198.0,27.685449999999946,1114.9436500000002,2026-04-24 15:25:00,1130.3,END_OF_DAY,False,37.7139354500001,1.362229454460743,ORB_BOUNDARY
INFY,2026-04-27,BUY,2026-04-27 09:45:00,2026-04-27 09:50:00,09:50,1154.07675,1151.1,1130.0,21.09999999999991,1143.52675,10.549999999999955,1175.1767499999999,2026-04-27 15:15:00,1143.52675,STOP_LOSS,False,-12.847603499999956,-1.2177823222748825,ORB_50PCT
INFY,2026-04-27,BUY,2026-04-27 09:45:00,2026-04-27 09:50:00,09:50,1154.07675,1151.1,1130.0,21.09999999999991,1130.0,24.076749999999947,1202.2302499999998,2026-04-27 15:25:00,1148.1,END_OF_DAY,False,-8.278926750000037,-0.34385565950554187,ORB_BOUNDARY
INFY,2026-04-28,SELL,2026-04-28 09:50:00,2026-04-28 09:55:00,09:55,1130.8343,1144.6,1131.9,12.699999999999818,1137.1843,6.349999999999909,1118.1343000000002,2026-04-28 10:00:00,1137.1843,STOP_LOSS,False,-8.618018599999909,-1.357168283464572,ORB_50PCT
INFY,2026-04-28,SELL,2026-04-28 09:50:00,2026-04-28 09:55:00,09:55,1130.8343,1144.6,1131.9,12.699999999999818,1144.6,13.765699999999924,1103.3029000000001,2026-04-28 15:25:00,1127.1,END_OF_DAY,False,1.4763657000000756,0.10724959137567168,ORB_BOUNDARY
INFY,2026-04-29,BUY,2026-04-29 09:35:00,2026-04-29 09:40:00,09:40,1142.4709500000001,1140.3,1132.3,8.0,1138.4709500000001,4.0,1150.4709500000001,2026-04-29 09:50:00,1150.4709500000001,TARGET,False,5.707058099999999,1.4267645249999998,ORB_50PCT
INFY,2026-04-29,BUY,2026-04-29 09:35:00,2026-04-29 09:40:00,09:40,1142.4709500000001,1140.3,1132.3,8.0,1132.3,10.170950000000175,1162.8128500000005,2026-04-29 15:25:00,1142.4,END_OF_DAY,False,-2.3558209500000395,-0.23162250822194574,ORB_BOUNDARY
INFY,2026-04-30,BUY,2026-04-30 09:35:00,2026-04-30 09:40:00,09:40,1147.5735,1145.6,1135.0,10.599999999999909,1142.2735,5.2999999999999545,1158.1734999999999,2026-04-30 11:25:00,1142.2735,STOP_LOSS,False,-7.5898469999999545,-1.4320466037735886,ORB_50PCT
INFY,2026-04-30,BUY,2026-04-30 09:35:00,2026-04-30 09:40:00,09:40,1147.5735,1145.6,1135.0,10.599999999999909,1135.0,12.573499999999967,1172.7205,2026-04-30 15:25:00,1158.8,END_OF_DAY,False,8.920126499999988,0.7094386209090556,ORB_BOUNDARY
INFY,2026-05-04,SELL,2026-05-04 10:10:00,2026-05-04 10:15:00,10:15,1152.92325,1169.7,1158.2,11.5,1158.67325,5.75,1141.42325,2026-05-04 13:25:00,1141.42325,TARGET,False,9.2056535,1.6009832173913043,ORB_50PCT
INFY,2026-05-04,SELL,2026-05-04 10:10:00,2026-05-04 10:15:00,10:15,1152.92325,1169.7,1158.2,11.5,1169.7,16.776749999999993,1119.36975,2026-05-04 15:25:00,1143.2,END_OF_DAY,False,7.427126750000007,0.4427035480650311,ORB_BOUNDARY
INFY,2026-05-06,SELL,2026-05-06 09:30:00,2026-05-06 09:35:00,09:35,1157.421,1166.3,1159.2,7.099999999999909,1160.971,3.5499999999999545,1150.3210000000001,2026-05-06 09:45:00,1150.3210000000001,TARGET,False,4.792257999999909,1.3499318309859072,ORB_50PCT
INFY,2026-05-06,SELL,2026-05-06 09:30:00,2026-05-06 09:35:00,09:35,1157.421,1166.3,1159.2,7.099999999999909,1166.3,8.878999999999905,1139.6630000000002,2026-05-06 14:10:00,1139.6630000000002,TARGET,False,15.460915999999811,1.7412902353868651,ORB_BOUNDARY
INFY,2026-05-07,SELL,2026-05-07 09:30:00,2026-05-07 09:35:00,09:35,1138.73035,1150.5,1140.4,10.099999999999909,1143.78035,5.0499999999999545,1128.6303500000001,2026-05-07 09:40:00,1143.78035,STOP_LOSS,False,-7.332510699999954,-1.4519823168316872,ORB_50PCT
INFY,2026-05-07,SELL,2026-05-07 09:30:00,2026-05-07 09:35:00,09:35,1138.73035,1150.5,1140.4,10.099999999999909,1150.5,11.769649999999956,1115.1910500000001,2026-05-07 15:25:00,1141.2,END_OF_DAY,False,-4.749580350000002,-0.403544740072986,ORB_BOUNDARY
INFY,2026-05-08,BUY,2026-05-08 10:25:00,2026-05-08 10:30:00,10:30,1148.27385,1147.3,1134.3,13.0,1141.77385,6.5,1161.27385,2026-05-08 15:25:00,1154.5,END_OF_DAY,False,3.9233761499999615,0.6035963307692248,ORB_50PCT
INFY,2026-05-08,BUY,2026-05-08 10:25:00,2026-05-08 10:30:00,10:30,1148.27385,1147.3,1134.3,13.0,1134.3,13.973850000000084,1176.2215500000002,2026-05-08 15:25:00,1154.5,END_OF_DAY,False,3.9233761499999615,0.28076558357216785,ORB_BOUNDARY
INFY,2026-05-11,BUY,2026-05-11 09:45:00,2026-05-11 09:50:00,09:50,1155.1772999999998,1154.0,1147.3,6.7000000000000455,1151.8273,3.349999999999909,1161.8772999999997,2026-05-11 10:10:00,1151.8273,STOP_LOSS,False,-5.657004599999909,-1.6886580895522574,ORB_50PCT
INFY,2026-05-11,BUY,2026-05-11 09:45:00,2026-05-11 09:50:00,09:50,1155.1772999999998,1154.0,1147.3,6.7000000000000455,1147.3,7.877299999999877,1170.9318999999996,2026-05-11 15:25:00,1151.1,END_OF_DAY,False,-6.3835772999999225,-0.8103763091414599,ORB_BOUNDARY
INFY,2026-05-12,SELL,2026-05-12 09:45:00,2026-05-12 09:50:00,09:50,1110.8443000000002,1137.4,1112.3,25.100000000000136,1123.3943000000004,12.550000000000182,1085.7442999999998,2026-05-12 15:25:00,1115.6,END_OF_DAY,False,-6.982144299999707,-0.5563461593625184,ORB_50PCT
INFY,2026-05-12,SELL,2026-05-12 09:45:00,2026-05-12 09:50:00,09:50,1110.8443000000002,1137.4,1112.3,25.100000000000136,1137.4,26.555699999999888,1057.7329000000004,2026-05-12 15:25:00,1115.6,END_OF_DAY,False,-6.982144299999707,-0.26292450584995825,ORB_BOUNDARY
INFY,2026-05-13,SELL,2026-05-13 09:45:00,2026-05-13 09:50:00,09:50,1105.0472,1118.4,1107.2,11.200000000000045,1110.6471999999999,5.599999999999909,1093.8472000000002,2026-05-13 09:55:00,1110.6471999999999,STOP_LOSS,False,-7.815694399999909,-1.3956597142857208,ORB_50PCT
INFY,2026-05-13,SELL,2026-05-13 09:45:00,2026-05-13 09:50:00,09:50,1105.0472,1118.4,1107.2,11.200000000000045,1118.4,13.352800000000116,1078.3415999999997,2026-05-13 15:25:00,1099.6,END_OF_DAY,False,3.242552800000066,0.24283691809957747,ORB_BOUNDARY
INFY,2026-05-14,SELL,2026-05-14 09:30:00,2026-05-14 09:35:00,09:35,1084.7573499999999,1098.1,1086.1,12.0,1090.7573499999999,6.0,1072.7573499999999,2026-05-14 11:00:00,1072.7573499999999,TARGET,False,9.8424853,1.6404142166666666,ORB_50PCT
INFY,2026-05-14,SELL,2026-05-14 09:30:00,2026-05-14 09:35:00,09:35,1084.7573499999999,1098.1,1086.1,12.0,1098.1,13.342650000000049,1058.0720499999998,2026-05-14 15:25:00,1070.9,END_OF_DAY,False,11.701692649999769,0.8770141351230623,ORB_BOUNDARY
INFY,2026-05-18,BUY,2026-05-18 12:10:00,2026-05-18 12:15:00,12:15,1115.9577000000002,1112.7,1094.3,18.40000000000009,1106.7577,9.200000000000045,1134.3577000000002,2026-05-18 15:25:00,1121.3,END_OF_DAY,False,3.1050422999997953,0.337504597826063,ORB_50PCT
INFY,2026-05-18,BUY,2026-05-18 12:10:00,2026-05-18 12:15:00,12:15,1115.9577000000002,1112.7,1094.3,18.40000000000009,1094.3,21.657700000000204,1159.2731000000006,2026-05-18 15:25:00,1121.3,END_OF_DAY,False,3.1050422999997953,0.14336897731521658,ORB_BOUNDARY
INFY,2026-05-19,BUY,2026-05-19 15:05:00,2026-05-19 15:10:00,15:10,1173.1862999999998,1172.3,1137.4,34.899999999999864,1155.7363,17.449999999999818,1208.0862999999995,2026-05-19 15:25:00,1168.7,END_OF_DAY,False,-6.8281862999998015,-0.39130007449856,ORB_50PCT
INFY,2026-05-19,BUY,2026-05-19 15:05:00,2026-05-19 15:10:00,15:10,1173.1862999999998,1172.3,1137.4,34.899999999999864,1137.4,35.786299999999756,1244.7588999999994,2026-05-19 15:25:00,1168.7,END_OF_DAY,False,-6.8281862999998015,-0.19080447825005234,ORB_BOUNDARY
INFY,2026-05-20,BUY,2026-05-20 09:30:00,2026-05-20 09:35:00,09:35,1177.9887,1175.6,1159.8,15.799999999999955,1170.0887000000002,7.899999999999864,1193.7886999999998,2026-05-20 10:10:00,1170.0887000000002,STOP_LOSS,False,-10.248077399999865,-1.2972249873417774,ORB_50PCT
INFY,2026-05-20,BUY,2026-05-20 09:30:00,2026-05-20 09:35:00,09:35,1177.9887,1175.6,1159.8,15.799999999999955,1159.8,18.188700000000154,1214.3661000000004,2026-05-20 15:25:00,1164.5,END_OF_DAY,False,-15.831188700000109,-0.8703859374226841,ORB_BOUNDARY
INFY,2026-05-21,SELL,2026-05-21 09:35:00,2026-05-21 09:40:00,09:40,1162.4185,1176.3,1163.8,12.5,1168.6685,6.25,1149.9185,2026-05-21 09:50:00,1168.6685,STOP_LOSS,False,-8.581087,-1.37297392,ORB_50PCT
INFY,2026-05-21,SELL,2026-05-21 09:35:00,2026-05-21 09:40:00,09:40,1162.4185,1176.3,1163.8,12.5,1176.3,13.88149999999996,1134.6555,2026-05-21 15:25:00,1153.2,END_OF_DAY,False,6.902881499999949,0.497272016712889,ORB_BOUNDARY
INFY,2026-05-22,BUY,2026-05-22 10:35:00,2026-05-22 10:40:00,10:40,1162.88115,1161.9,1147.7,14.200000000000045,1155.7811499999998,7.100000000000136,1177.0811500000002,2026-05-22 12:30:00,1155.7811499999998,STOP_LOSS,False,-9.418662300000136,-1.3265721549295713,ORB_50PCT
INFY,2026-05-22,BUY,2026-05-22 10:35:00,2026-05-22 10:40:00,10:40,1162.88115,1161.9,1147.7,14.200000000000045,1147.7,15.181149999999889,1193.2434499999997,2026-05-22 15:25:00,1150.1,END_OF_DAY,False,-15.094131150000024,-0.9942679671829957,ORB_BOUNDARY
INFY,2026-05-25,SELL,2026-05-25 15:05:00,2026-05-25 15:10:00,15:10,1144.1276500000001,1159.9,1144.6,15.300000000000182,1151.7776500000002,7.650000000000091,1128.82765,2026-05-25 15:25:00,1143.3,END_OF_DAY,False,-1.459777649999824,-0.190820607843112,ORB_50PCT
INFY,2026-05-25,SELL,2026-05-25 15:05:00,2026-05-25 15:10:00,15:10,1144.1276500000001,1159.9,1144.6,15.300000000000182,1159.9,15.77234999999996,1112.5829500000002,2026-05-25 15:25:00,1143.3,END_OF_DAY,False,-1.459777649999824,-0.0925529581831387,ORB_BOUNDARY
INFY,2026-05-29,BUY,2026-05-29 09:45:00,2026-05-29 09:50:00,09:50,1181.6905499999998,1179.5,1155.2,24.299999999999955,1169.5405499999997,12.150000000000091,1205.99055,2026-05-29 13:40:00,1169.5405499999997,STOP_LOSS,False,-14.50123110000009,-1.1935169629629614,ORB_50PCT
INFY,2026-05-29,BUY,2026-05-29 09:45:00,2026-05-29 09:50:00,09:50,1181.6905499999998,1179.5,1155.2,24.299999999999955,1155.2,26.490549999999757,1234.6716499999993,2026-05-29 15:00:00,1155.2,STOP_LOSS,False,-28.827440549999757,-1.088216007217669,ORB_BOUNDARY
INFY,2026-06-01,BUY,2026-06-01 09:30:00,2026-06-01 09:35:00,09:35,1172.88615,1171.8,1148.8,23.0,1161.38615,11.5,1195.88615,2026-06-01 15:25:00,1177.5,END_OF_DAY,False,2.2634638499999564,0.19682294347825707,ORB_50PCT
INFY,2026-06-01,BUY,2026-06-01 09:30:00,2026-06-01 09:35:00,09:35,1172.88615,1171.8,1148.8,23.0,1148.8,24.08615000000009,1221.0584500000002,2026-06-01 15:25:00,1177.5,END_OF_DAY,False,2.2634638499999564,0.09397366743958449,ORB_BOUNDARY
INFY,2026-06-02,BUY,2026-06-02 09:40:00,2026-06-02 09:45:00,09:45,1228.8141,1224.5,1206.4,18.09999999999991,1219.7641,9.049999999999955,1246.9141,2026-06-02 10:40:00,1246.9141,TARGET,False,15.624271799999908,1.7264388729281754,ORB_50PCT
INFY,2026-06-02,BUY,2026-06-02 09:40:00,2026-06-02 09:45:00,09:45,1228.8141,1224.5,1206.4,18.09999999999991,1206.4,22.414099999999962,1273.6423,2026-06-02 15:25:00,1241.2,END_OF_DAY,False,9.915885899999992,0.44239500582222835,ORB_BOUNDARY
INFY,2026-06-03,SELL,2026-06-03 09:30:00,2026-06-03 09:35:00,09:35,1203.09815,1223.4,1204.0,19.40000000000009,1212.79815,9.700000000000045,1183.69815,2026-06-03 15:25:00,1194.6,END_OF_DAY,False,6.100451850000123,0.6289125618556799,ORB_50PCT
INFY,2026-06-03,SELL,2026-06-03 09:30:00,2026-06-03 09:35:00,09:35,1203.09815,1223.4,1204.0,19.40000000000009,1223.4,20.30185000000006,1162.49445,2026-06-03 15:25:00,1194.6,END_OF_DAY,False,6.100451850000123,0.30048748513067064,ORB_BOUNDARY
INFY,2026-06-04,SELL,2026-06-04 10:25:00,2026-06-04 10:30:00,10:30,1174.51245,1189.5,1175.7,13.799999999999955,1181.4124499999998,6.899999999999864,1160.7124500000002,2026-06-04 15:25:00,1180.5,END_OF_DAY,False,-8.342562450000056,-1.2090670217391624,ORB_50PCT
INFY,2026-06-04,SELL,2026-06-04 10:25:00,2026-06-04 10:30:00,10:30,1174.51245,1189.5,1175.7,13.799999999999955,1189.5,14.987550000000056,1144.5373499999998,2026-06-04 15:25:00,1180.5,END_OF_DAY,False,-8.342562450000056,-0.5566328352532619,ORB_BOUNDARY
INFY,2026-06-05,SELL,2026-06-05 10:25:00,2026-06-05 10:30:00,10:30,1178.91025,1197.9,1180.5,17.40000000000009,1187.61025,8.700000000000045,1161.5102499999998,2026-06-05 15:25:00,1173.6,END_OF_DAY,False,2.9577397499999964,0.33997008620689434,ORB_50PCT
INFY,2026-06-05,SELL,2026-06-05 10:25:00,2026-06-05 10:30:00,10:30,1178.91025,1197.9,1180.5,17.40000000000009,1197.9,18.989750000000186,1140.9307499999995,2026-06-05 15:25:00,1173.6,END_OF_DAY,False,2.9577397499999964,0.1557545386326817,ORB_BOUNDARY
INFY,2026-06-08,BUY,2026-06-08 10:00:00,2026-06-08 10:05:00,10:05,1164.28185,1162.3,1151.6,10.700000000000045,1158.93185,5.350000000000136,1174.9818500000003,2026-06-08 11:00:00,1174.9818500000003,TARGET,False,8.360736300000273,1.562754448598142,ORB_50PCT
INFY,2026-06-08,BUY,2026-06-08 10:00:00,2026-06-08 10:05:00,10:05,1164.28185,1162.3,1151.6,10.700000000000045,1151.6,12.681850000000168,1189.6455500000004,2026-06-08 15:25:00,1161.9,END_OF_DAY,False,-4.708031849999985,-0.3712417234078563,ORB_BOUNDARY
INFY,2026-06-09,SELL,2026-06-09 09:35:00,2026-06-09 09:40:00,09:40,1147.8258,1168.3,1151.3,17.0,1156.3258,8.5,1130.8258,2026-06-09 15:05:00,1156.3258,STOP_LOSS,False,-10.8041516,-1.2710766588235296,ORB_50PCT
INFY,2026-06-09,SELL,2026-06-09 09:35:00,2026-06-09 09:40:00,09:40,1147.8258,1168.3,1151.3,17.0,1168.3,20.474199999999882,1106.8774000000003,2026-06-09 15:25:00,1156.7,END_OF_DAY,False,-11.178725799999974,-0.5459908470172236,ORB_BOUNDARY
INFY,2026-06-10,BUY,2026-06-10 09:45:00,2026-06-10 09:50:00,09:50,1168.584,1166.4,1159.1,7.300000000000182,1164.934,3.650000000000091,1175.8840000000002,2026-06-10 10:10:00,1164.934,STOP_LOSS,False,-5.983518000000091,-1.639319999999984,ORB_50PCT
INFY,2026-06-10,BUY,2026-06-10 09:45:00,2026-06-10 09:50:00,09:50,1168.584,1166.4,1159.1,7.300000000000182,1159.1,9.484000000000151,1187.5520000000004,2026-06-10 10:30:00,1159.1,STOP_LOSS,False,-11.81168400000015,-1.2454327288064069,ORB_BOUNDARY
INFY,2026-06-10,SELL,2026-06-10 10:35:00,2026-06-10 10:40:00,10:40,1158.0206999999998,1166.4,1159.1,7.300000000000182,1161.6707,3.650000000000091,1150.7206999999996,2026-06-10 12:45:00,1150.7206999999996,TARGET,False,4.991258600000183,1.367468109589057,ORB_50PCT
INFY,2026-06-10,SELL,2026-06-10 10:35:00,2026-06-10 10:40:00,10:40,1158.0206999999998,1166.4,1159.1,7.300000000000182,1166.4,8.379300000000285,1141.2620999999992,2026-06-10 15:25:00,1144.0,END_OF_DAY,False,11.718679299999806,1.3985272397454929,ORB_BOUNDARY
INFY,2026-06-11,SELL,2026-06-11 10:00:00,2026-06-11 10:05:00,10:05,1110.14465,1133.7,1111.1,22.600000000000136,1121.44465,11.299999999999955,1087.54465,2026-06-11 10:30:00,1121.44465,STOP_LOSS,False,-13.531589299999954,-1.1974857787610627,ORB_50PCT
INFY,2026-06-11,SELL,2026-06-11 10:00:00,2026-06-11 10:05:00,10:05,1110.14465,1133.7,1111.1,22.600000000000136,1133.7,23.55535000000009,1063.0339499999998,2026-06-11 15:25:00,1119.5,END_OF_DAY,False,-11.584994650000045,-0.4918201024395732,ORB_BOUNDARY
INFY,2026-06-12,SELL,2026-06-12 09:45:00,2026-06-12 09:50:00,09:50,1112.8433,1123.3,1114.3,9.0,1117.3433,4.5,1103.8433,2026-06-12 10:40:00,1117.3433,STOP_LOSS,False,-6.7301866,-1.4955970222222221,ORB_50PCT
INFY,2026-06-12,SELL,2026-06-12 09:45:00,2026-06-12 09:50:00,09:50,1112.8433,1123.3,1114.3,9.0,1123.3,10.456699999999955,1091.9299,2026-06-12 15:25:00,1118.5,END_OF_DAY,False,-7.888043300000001,-0.7543530272456928,ORB_BOUNDARY
INFY,2026-06-15,BUY,2026-06-15 10:50:00,2026-06-15 10:55:00,10:55,1135.3673999999999,1134.1,1123.0,11.099999999999909,1129.8174,5.5499999999999545,1146.4673999999998,2026-06-15 10:55:00,1146.4673999999998,TARGET,False,8.81816519999991,1.5888585945945914,ORB_50PCT
INFY,2026-06-15,BUY,2026-06-15 10:50:00,2026-06-15 10:55:00,10:55,1135.3673999999999,1134.1,1123.0,11.099999999999909,1123.0,12.367399999999861,1160.1021999999996,2026-06-15 15:25:00,1135.6,END_OF_DAY,False,-2.038367399999952,-0.16481777899962602,ORB_BOUNDARY
INFY,2026-06-16,BUY,2026-06-16 09:30:00,2026-06-16 09:35:00,09:35,1142.67105,1139.7,1123.2,16.5,1134.42105,8.25,1159.17105,2026-06-16 11:45:00,1134.42105,STOP_LOSS,False,-10.5270921,-1.2760111636363638,ORB_50PCT
INFY,2026-06-16,BUY,2026-06-16 09:30:00,2026-06-16 09:35:00,09:35,1142.67105,1139.7,1123.2,16.5,1123.2,19.471049999999877,1181.6131499999997,2026-06-16 15:25:00,1145.0,END_OF_DAY,False,0.041278950000076975,0.002120016640092714,ORB_BOUNDARY
INFY,2026-06-17,BUY,2026-06-17 09:30:00,2026-06-17 09:35:00,09:35,1162.3808999999999,1160.5,1148.0,12.5,1156.1308999999999,6.25,1174.8808999999999,2026-06-17 09:45:00,1156.1308999999999,STOP_LOSS,False,-8.5685118,-1.3709618879999999,ORB_50PCT
INFY,2026-06-17,BUY,2026-06-17 09:30:00,2026-06-17 09:35:00,09:35,1162.3808999999999,1160.5,1148.0,12.5,1148.0,14.380899999999883,1191.1426999999996,2026-06-17 15:25:00,1156.4,END_OF_DAY,False,-8.299680899999792,-0.5771322309452023,ORB_BOUNDARY
INFY,2026-06-22,BUY,2026-06-22 14:05:00,2026-06-22 14:10:00,14:10,1072.7361,1071.9,1055.0,16.90000000000009,1064.2861,8.450000000000045,1089.6361000000002,2026-06-22 15:10:00,1064.2861,STOP_LOSS,False,-10.587022200000046,-1.2529020355029572,ORB_50PCT
INFY,2026-06-22,BUY,2026-06-22 14:05:00,2026-06-22 14:10:00,14:10,1072.7361,1071.9,1055.0,16.90000000000009,1055.0,17.73610000000008,1108.2083000000002,2026-06-22 15:25:00,1065.0,END_OF_DAY,False,-9.873836100000078,-0.556708413912869,ORB_BOUNDARY
INFY,2026-06-23,SELL,2026-06-23 10:35:00,2026-06-23 10:40:00,10:40,1033.58295,1055.3,1034.0,21.299999999999955,1044.23295,10.650000000000091,1012.2829499999998,2026-06-23 15:25:00,1029.0,END_OF_DAY,False,2.5203670499999826,0.2366541830985879,ORB_50PCT
INFY,2026-06-23,SELL,2026-06-23 10:35:00,2026-06-23 10:40:00,10:40,1033.58295,1055.3,1034.0,21.299999999999955,1055.3,21.717049999999972,990.14885,2026-06-23 15:25:00,1029.0,END_OF_DAY,False,2.5203670499999826,0.11605476112086982,ORB_BOUNDARY
INFY,2026-06-24,BUY,2026-06-24 10:15:00,2026-06-24 10:20:00,10:20,1047.6235499999998,1046.5,1037.7,8.799999999999955,1043.2235499999997,4.400000000000091,1056.42355,2026-06-24 13:50:00,1056.42355,TARGET,False,6.695952900000182,1.5218074772727372,ORB_50PCT
INFY,2026-06-24,BUY,2026-06-24 10:15:00,2026-06-24 10:20:00,10:20,1047.6235499999998,1046.5,1037.7,8.799999999999955,1037.7,9.92354999999975,1067.4706499999993,2026-06-24 15:25:00,1056.0,END_OF_DAY,False,6.2728264500002044,0.6321151654398237,ORB_BOUNDARY
INFY,2026-06-25,SELL,2026-06-25 09:30:00,2026-06-25 09:35:00,09:35,1044.7773499999998,1068.0,1048.1,19.90000000000009,1054.72735,9.950000000000045,1024.8773499999998,2026-06-25 10:00:00,1054.72735,STOP_LOSS,False,-12.049504700000044,-1.211005497487436,ORB_50PCT
INFY,2026-06-25,SELL,2026-06-25 09:30:00,2026-06-25 09:35:00,09:35,1044.7773499999998,1068.0,1048.1,19.90000000000009,1068.0,23.222650000000158,998.3320499999995,2026-06-25 15:25:00,1042.9,END_OF_DAY,False,-0.21032735000024871,-0.009056991773128704,ORB_BOUNDARY
INFY,2026-06-30,SELL,2026-06-30 09:30:00,2026-06-30 09:35:00,09:35,1008.6954000000001,1030.4,1013.4,17.000000000000114,1017.1954000000001,8.5,991.6954000000001,2026-06-30 15:25:00,1006.0,END_OF_DAY,False,0.6807046000000634,0.08008289411765451,ORB_50PCT
INFY,2026-06-30,SELL,2026-06-30 09:30:00,2026-06-30 09:35:00,09:35,1008.6954000000001,1030.4,1013.4,17.000000000000114,1030.4,21.704600000000028,965.2862,2026-06-30 15:25:00,1006.0,END_OF_DAY,False,0.6807046000000634,0.03136222736194459,ORB_BOUNDARY
INFY,2026-07-01,SELL,2026-07-01 09:35:00,2026-07-01 09:40:00,09:40,1003.0982,1014.0,1004.8,9.200000000000045,1007.6982,4.600000000000023,993.8982,2026-07-01 12:20:00,993.8982,TARGET,False,7.203003600000045,1.565870347826089,ORB_50PCT
INFY,2026-07-01,SELL,2026-07-01 09:35:00,2026-07-01 09:40:00,09:40,1003.0982,1014.0,1004.8,9.200000000000045,1014.0,10.90179999999998,981.2946000000001,2026-07-01 15:25:00,986.0,END_OF_DAY,False,15.109101800000019,1.3859272597185828,ORB_BOUNDARY
INFY,2026-07-02,BUY,2026-07-02 09:35:00,2026-07-02 09:40:00,09:40,1031.7156,1029.8,1006.0,23.799999999999955,1019.8156,11.899999999999977,1055.5156,2026-07-02 15:25:00,1042.2,END_OF_DAY,False,8.410484400000051,0.7067633949579888,ORB_50PCT
INFY,2026-07-02,BUY,2026-07-02 09:35:00,2026-07-02 09:40:00,09:40,1031.7156,1029.8,1006.0,23.799999999999955,1006.0,25.715599999999995,1083.1468,2026-07-02 15:25:00,1042.2,END_OF_DAY,False,8.410484400000051,0.32705767705206384,ORB_BOUNDARY
INFY,2026-07-03,SELL,2026-07-03 09:30:00,2026-07-03 09:35:00,09:35,1051.2740999999999,1068.7,1052.2,16.5,1059.5240999999999,8.25,1034.7740999999999,2026-07-03 15:25:00,1047.0,END_OF_DAY,False,2.1758258999998623,0.26373647272725603,ORB_50PCT
INFY,2026-07-03,SELL,2026-07-03 09:30:00,2026-07-03 09:35:00,09:35,1051.2740999999999,1068.7,1052.2,16.5,1068.7,17.425900000000183,1016.4222999999995,2026-07-03 15:25:00,1047.0,END_OF_DAY,False,2.1758258999998623,0.12486160829568857,ORB_BOUNDARY
INFY,2026-07-06,SELL,2026-07-06 09:50:00,2026-07-06 09:55:00,09:55,1040.57945,1053.0,1041.2,11.799999999999955,1046.4794499999998,5.899999999999864,1028.7794500000002,2026-07-06 15:25:00,1043.8,END_OF_DAY,False,-5.304929450000003,-0.8991405847457841,ORB_50PCT
INFY,2026-07-06,SELL,2026-07-06 09:50:00,2026-07-06 09:55:00,09:55,1040.57945,1053.0,1041.2,11.799999999999955,1053.0,12.420550000000048,1015.7383499999999,2026-07-06 15:25:00,1043.8,END_OF_DAY,False,-5.304929450000003,-0.4271090611929409,ORB_BOUNDARY
INFY,2026-07-07,BUY,2026-07-07 09:40:00,2026-07-07 09:45:00,09:45,1069.23435,1067.5,1040.6,26.90000000000009,1055.78435,13.450000000000045,1096.13435,2026-07-07 15:25:00,1071.5,END_OF_DAY,False,0.12491565000005078,0.00928740892193683,ORB_50PCT
INFY,2026-07-07,BUY,2026-07-07 09:40:00,2026-07-07 09:45:00,09:45,1069.23435,1067.5,1040.6,26.90000000000009,1040.6,28.63435000000004,1126.50305,2026-07-07 15:25:00,1071.5,END_OF_DAY,False,0.12491565000005078,0.004362440565266912,ORB_BOUNDARY
INFY,2026-07-10,SELL,2026-07-10 09:30:00,2026-07-10 09:35:00,09:35,1065.16715,1091.3,1069.2,22.09999999999991,1076.21715,11.049999999999955,1043.06715,2026-07-10 15:25:00,1068.7,END_OF_DAY,False,-5.6667171500000535,-0.5128250814479708,ORB_50PCT
INFY,2026-07-10,SELL,2026-07-10 09:30:00,2026-07-10 09:35:00,09:35,1065.16715,1091.3,1069.2,22.09999999999991,1091.3,26.132849999999962,1012.9014500000001,2026-07-10 15:25:00,1068.7,END_OF_DAY,False,-5.6667171500000535,-0.21684267693726714,ORB_BOUNDARY
INFY,2026-07-13,BUY,2026-07-13 10:40:00,2026-07-13 10:45:00,10:45,1075.5375,1073.4,1057.1,16.300000000000182,1067.3874999999998,8.150000000000091,1091.8375,2026-07-13 11:45:00,1091.8375,TARGET,False,14.132625000000182,1.7340644171779172,ORB_50PCT
INFY,2026-07-13,BUY,2026-07-13 10:40:00,2026-07-13 10:45:00,10:45,1075.5375,1073.4,1057.1,16.300000000000182,1057.1,18.4375,1112.4125,2026-07-13 12:35:00,1112.4125,TARGET,False,34.68705,1.8813315254237288,ORB_BOUNDARY
INFY,2026-07-14,SELL,2026-07-14 09:30:00,2026-07-14 09:35:00,09:35,1101.74885,1113.5,1102.6,10.900000000000091,1107.19885,5.4500000000000455,1090.8488499999999,2026-07-14 10:30:00,1107.19885,STOP_LOSS,False,-7.658947700000045,-1.4053115045871525,ORB_50PCT
INFY,2026-07-14,SELL,2026-07-14 09:30:00,2026-07-14 09:35:00,09:35,1101.74885,1113.5,1102.6,10.900000000000091,1113.5,11.751150000000052,1078.2465499999998,2026-07-14 15:25:00,1092.1,END_OF_DAY,False,7.455001150000038,0.634406092169703,ORB_BOUNDARY
INFY,2026-07-16,SELL,2026-07-16 15:20:00,2026-07-16 15:25:00,15:25,1080.0597,1097.3,1081.0,16.299999999999955,1088.2096999999999,8.149999999999864,1063.7597000000003,2026-07-16 15:25:00,1085.0,END_OF_DAY,False,-7.10535969999998,-0.8718232760736317,ORB_50PCT
INFY,2026-07-16,SELL,2026-07-16 15:20:00,2026-07-16 15:25:00,15:25,1080.0597,1097.3,1081.0,16.299999999999955,1097.3,17.240299999999934,1045.5791000000002,2026-07-16 15:25:00,1085.0,END_OF_DAY,False,-7.10535969999998,-0.41213666235506385,ORB_BOUNDARY
INFY,2026-07-17,SELL,2026-07-17 09:30:00,2026-07-17 09:35:00,09:35,1101.449,1116.8,1104.0,12.799999999999955,1107.8490000000002,6.400000000000091,1088.649,2026-07-17 09:35:00,1107.8490000000002,STOP_LOSS,False,-8.609298000000091,-1.345202812499995,ORB_50PCT
INFY,2026-07-17,SELL,2026-07-17 09:30:00,2026-07-17 09:35:00,09:35,1101.449,1116.8,1104.0,12.799999999999955,1116.8,15.350999999999885,1070.7470000000003,2026-07-17 15:25:00,1093.0,END_OF_DAY,False,6.254551000000069,0.40743606279721944,ORB_BOUNDARY
INFY,2026-07-20,SELL,2026-07-20 10:10:00,2026-07-20 10:15:00,10:15,1089.95475,1103.8,1091.0,12.799999999999955,1096.35475,6.399999999999864,1077.1547500000004,2026-07-20 11:20:00,1096.35475,STOP_LOSS,False,-8.586309499999864,-1.3416108593750073,ORB_50PCT
INFY,2026-07-20,SELL,2026-07-20 10:10:00,2026-07-20 10:15:00,10:15,1089.95475,1103.8,1091.0,12.799999999999955,1103.8,13.84524999999985,1062.2642500000004,2026-07-20 15:25:00,1087.9,END_OF_DAY,False,-0.12310474999998755,-0.008891479027102354,ORB_BOUNDARY
INFY,2026-07-21,SELL,2026-07-21 09:45:00,2026-07-21 09:50:00,09:50,1076.56145,1094.4,1078.0,16.40000000000009,1084.76145,8.200000000000045,1060.1614499999998,2026-07-21 15:25:00,1070.6,END_OF_DAY,False,3.814288550000014,0.46515714024390153,ORB_50PCT
INFY,2026-07-21,SELL,2026-07-21 09:45:00,2026-07-21 09:50:00,09:50,1076.56145,1094.4,1078.0,16.40000000000009,1094.4,17.83855000000017,1040.8843499999996,2026-07-21 15:25:00,1070.6,END_OF_DAY,False,3.814288550000014,0.21382279109008176,ORB_BOUNDARY
INFY,2026-07-22,SELL,2026-07-22 10:20:00,2026-07-22 10:25:00,10:25,1058.0707,1067.3,1058.2,9.099999999999909,1062.6207,4.5499999999999545,1048.9707,2026-07-22 12:35:00,1048.9707,TARGET,False,6.992958599999909,1.5369139780219734,ORB_50PCT
INFY,2026-07-22,SELL,2026-07-22 10:20:00,2026-07-22 10:25:00,10:25,1058.0707,1067.3,1058.2,9.099999999999909,1067.3,9.229299999999967,1039.6121,2026-07-22 15:25:00,1051.9,END_OF_DAY,False,4.060729299999897,0.4399823713607654,ORB_BOUNDARY
INFY,2026-07-23,BUY,2026-07-23 11:10:00,2026-07-23 11:15:00,11:15,1049.1243,1046.9,1032.0,14.900000000000091,1041.6743,7.4500000000000455,1064.0243,2026-07-23 11:30:00,1041.6743,STOP_LOSS,False,-9.540798600000045,-1.2806441073825485,ORB_50PCT
INFY,2026-07-23,BUY,2026-07-23 11:10:00,2026-07-23 11:15:00,11:15,1049.1243,1046.9,1032.0,14.900000000000091,1032.0,17.12429999999995,1083.3728999999998,2026-07-23 15:25:00,1052.9,END_OF_DAY,False,1.6736757000001425,0.09773688267550484,ORB_BOUNDARY
INFY,2026-07-24,SELL,2026-07-24 10:25:00,2026-07-24 10:30:00,10:30,1021.98875,1042.6,1023.0,19.59999999999991,1031.78875,9.799999999999955,1002.3887500000001,2026-07-24 14:25:00,1031.78875,STOP_LOSS,False,-11.853777499999955,-1.2095691326530622,ORB_50PCT
INFY,2026-07-24,SELL,2026-07-24 10:25:00,2026-07-24 10:30:00,10:30,1021.98875,1042.6,1023.0,19.59999999999991,1042.6,20.611249999999927,980.7662500000001,2026-07-24 15:10:00,1042.6,STOP_LOSS,False,-22.675838749999926,-1.1001680514282253,ORB_BOUNDARY
INFY,2026-07-27,BUY,2026-07-27 09:30:00,2026-07-27 09:35:00,09:35,1075.03725,1072.0,1057.4,14.599999999999909,1067.7372500000001,7.2999999999999545,1089.63725,2026-07-27 15:25:00,1078.3,END_OF_DAY,False,1.1094127499998692,0.15197434931505152,ORB_50PCT
INFY,2026-07-27,BUY,2026-07-27 09:30:00,2026-07-27 09:35:00,09:35,1075.03725,1072.0,1057.4,14.599999999999909,1057.4,17.637249999999995,1110.31175,2026-07-27 15:25:00,1078.3,END_OF_DAY,False,1.1094127499998692,0.06290168535343489,ORB_BOUNDARY
INFY,2026-07-28,BUY,2026-07-28 09:30:00,2026-07-28 09:35:00,09:35,1110.6550499999998,1110.0,1097.0,13.0,1104.1550499999998,6.5,1123.6550499999998,2026-07-28 14:45:00,1104.1550499999998,STOP_LOSS,False,-8.7148101,-1.3407400153846152,ORB_50PCT
INFY,2026-07-28,BUY,2026-07-28 09:30:00,2026-07-28 09:35:00,09:35,1110.6550499999998,1110.0,1097.0,13.0,1097.0,13.655049999999846,1137.9651499999995,2026-07-28 15:25:00,1105.0,END_OF_DAY,False,-7.870705049999847,-0.5763951834669178,ORB_BOUNDARY
INFY,2026-07-29,BUY,2026-07-29 10:20:00,2026-07-29 10:25:00,10:25,1154.9772,1152.0,1128.4,23.59999999999991,1143.1772,11.799999999999955,1178.5772,2026-07-29 15:25:00,1154.0,END_OF_DAY,False,-3.286177200000039,-0.2784895932203434,ORB_50PCT
INFY,2026-07-29,BUY,2026-07-29 10:20:00,2026-07-29 10:25:00,10:25,1154.9772,1152.0,1128.4,23.59999999999991,1128.4,26.577199999999948,1208.1316,2026-07-29 15:25:00,1154.0,END_OF_DAY,False,-3.286177200000039,-0.1236464789368348,ORB_BOUNDARY
INFY,2026-07-30,SELL,2026-07-30 14:05:00,2026-07-30 14:10:00,14:10,1165.31705,1186.3,1166.2,20.09999999999991,1175.36705,10.049999999999955,1145.2170500000002,2026-07-30 15:25:00,1156.7,END_OF_DAY,False,6.295032950000063,0.6263714378109543,ORB_50PCT
INFY,2026-07-30,SELL,2026-07-30 14:05:00,2026-07-30 14:10:00,14:10,1165.31705,1186.3,1166.2,20.09999999999991,1186.3,20.982949999999846,1123.3511500000004,2026-07-30 15:25:00,1156.7,END_OF_DAY,False,6.295032950000063,0.3000070509628107,ORB_BOUNDARY
INFY,2026-07-31,BUY,2026-07-31 09:40:00,2026-07-31 09:45:00,09:45,1122.3609,1119.0,1107.2,11.799999999999955,1116.4609,5.899999999999864,1134.1608999999996,2026-07-31 11:05:00,1134.1608999999996,TARGET,False,9.543478199999727,1.617538677966093,ORB_50PCT
INFY,2026-07-31,BUY,2026-07-31 09:40:00,2026-07-31 09:45:00,09:45,1122.3609,1119.0,1107.2,11.799999999999955,1107.2,15.160899999999856,1152.6826999999996,2026-07-31 15:25:00,1129.9,END_OF_DAY,False,5.286839100000189,0.3487153862897479,ORB_BOUNDARY
INFY,2026-08-03,BUY,2026-08-03 10:10:00,2026-08-03 10:15:00,10:15,1158.67905,1151.2,1138.1,13.100000000000136,1152.12905,6.5499999999999545,1171.7790499999999,2026-08-03 15:05:00,1171.7790499999999,TARGET,False,10.76954189999991,1.6442048702290053,ORB_50PCT
INFY,2026-08-03,BUY,2026-08-03 10:10:00,2026-08-03 10:15:00,10:15,1158.67905,1151.2,1138.1,13.100000000000136,1138.1,20.579050000000052,1199.83715,2026-08-03 15:10:00,1171.1,END_OF_DAY,False,10.091170949999949,0.49036136021827653,ORB_BOUNDARY
INFY,2026-08-04,SELL,2026-08-04 09:50:00,2026-08-04 09:55:00,09:55,1160.4195,1175.7,1161.9,13.799999999999955,1167.3195,6.900000000000091,1146.6194999999998,2026-08-04 15:10:00,1158.1,END_OF_DAY,False,0.0009805000000620012,0.00014210144928434614,ORB_50PCT
INFY,2026-08-04,SELL,2026-08-04 09:50:00,2026-08-04 09:55:00,09:55,1160.4195,1175.7,1161.9,13.799999999999955,1175.7,15.280500000000075,1129.8584999999998,2026-08-04 15:10:00,1158.1,END_OF_DAY,False,0.0009805000000620012,6.416674847432979e-05,ORB_BOUNDARY
INFY,2026-08-05,SELL,2026-08-05 09:50:00,2026-08-05 09:55:00,09:55,1163.6179,1177.5,1165.4,12.099999999999909,1169.6679,6.0499999999999545,1151.5179,2026-08-05 10:40:00,1169.6679,STOP_LOSS,False,-8.383285799999953,-1.385667074380168,ORB_50PCT
INFY,2026-08-05,SELL,2026-08-05 09:50:00,2026-08-05 09:55:00,09:55,1163.6179,1177.5,1165.4,12.099999999999909,1177.5,13.882100000000037,1135.8537,2026-08-05 15:10:00,1169.1,END_OF_DAY,False,-7.814817899999945,-0.5629420548764181,ORB_BOUNDARY
INFY,2026-08-06,SELL,2026-08-06 10:05:00,2026-08-06 10:10:00,10:10,1169.11515,1185.8,1170.0,15.799999999999955,1177.0151500000002,7.900000000000091,1153.31515,2026-08-06 15:10:00,1165.5,END_OF_DAY,False,1.2805348500000848,0.16209301898735065,ORB_50PCT
INFY,2026-08-06,SELL,2026-08-06 10:05:00,2026-08-06 10:10:00,10:10,1169.11515,1185.8,1170.0,15.799999999999955,1185.8,16.68484999999987,1135.7454500000003,2026-08-06 15:10:00,1165.5,END_OF_DAY,False,1.2805348500000848,0.07674835854083764,ORB_BOUNDARY
INFY,2026-08-07,BUY,2026-08-07 09:30:00,2026-08-07 09:35:00,09:35,1180.69005,1177.7,1155.6,22.100000000000136,1169.64005,11.049999999999955,1202.7900499999998,2026-08-07 15:10:00,1176.6,END_OF_DAY,False,-6.447340050000019,-0.5834696877828095,ORB_50PCT
INFY,2026-08-07,BUY,2026-08-07 09:30:00,2026-08-07 09:35:00,09:35,1180.69005,1177.7,1155.6,22.100000000000136,1155.6,25.09005000000002,1230.87015,2026-08-07 15:10:00,1176.6,END_OF_DAY,False,-6.447340050000019,-0.2569680032522858,ORB_BOUNDARY
INFY,2026-08-10,BUY,2026-08-10 09:55:00,2026-08-10 10:00:00,10:00,1189.9947000000002,1185.0,1175.2,9.799999999999955,1185.0947,4.900000000000091,1199.7947000000004,2026-08-10 10:00:00,1185.0947,STOP_LOSS,False,-7.275089400000091,-1.4847121224489706,ORB_50PCT
INFY,2026-08-10,BUY,2026-08-10 09:55:00,2026-08-10 10:00:00,10:00,1189.9947000000002,1185.0,1175.2,9.799999999999955,1175.2,14.794700000000148,1219.5841000000005,2026-08-10 15:10:00,1181.7,END_OF_DAY,False,-10.666394700000147,-0.7209605264047287,ORB_BOUNDARY
INFY,2026-08-11,BUY,2026-08-11 09:30:00,2026-08-11 09:35:00,09:35,1193.7966000000001,1192.6,1183.2,9.399999999999864,1189.0966000000003,4.699999999999818,1203.1965999999998,2026-08-11 09:40:00,1189.0966000000003,STOP_LOSS,False,-7.082893199999818,-1.5069985531915089,ORB_50PCT
INFY,2026-08-11,BUY,2026-08-11 09:30:00,2026-08-11 09:35:00,09:35,1193.7966000000001,1192.6,1183.2,9.399999999999864,1183.2,10.59660000000008,1214.9898000000003,2026-08-11 10:20:00,1183.2,STOP_LOSS,False,-12.97359660000008,-1.2243169129720837,ORB_BOUNDARY
INFY,2026-08-12,BUY,2026-08-12 09:40:00,2026-08-12 09:45:00,09:45,1189.69455,1189.0,1183.0,6.0,1186.69455,3.0,1195.69455,2026-08-12 09:50:00,1186.69455,STOP_LOSS,False,-5.3763891,-1.7921297,ORB_50PCT
INFY,2026-08-12,BUY,2026-08-12 09:40:00,2026-08-12 09:45:00,09:45,1189.69455,1189.0,1183.0,6.0,1183.0,6.694549999999936,1203.0836499999998,2026-08-12 10:00:00,1183.0,STOP_LOSS,False,-9.067244549999936,-1.3544218132660184,ORB_BOUNDARY
INFY,2026-08-13,SELL,2026-08-13 10:20:00,2026-08-13 10:25:00,10:25,1159.32005,1170.0,1161.2,8.799999999999955,1163.72005,4.399999999999864,1150.5200500000003,2026-08-13 11:20:00,1163.72005,STOP_LOSS,False,-6.723040099999864,-1.5279636590909256,ORB_50PCT
INFY,2026-08-13,SELL,2026-08-13 10:20:00,2026-08-13 10:25:00,10:25,1159.32005,1170.0,1161.2,8.799999999999955,1170.0,10.679949999999963,1137.96015,2026-08-13 11:55:00,1170.0,STOP_LOSS,False,-13.009270049999962,-1.2181021493546325,ORB_BOUNDARY
INFY,2026-08-13,BUY,2026-08-13 12:20:00,2026-08-13 12:25:00,12:25,1170.6850499999998,1170.0,1161.2,8.799999999999955,1166.28505,4.399999999999864,1179.4850499999995,2026-08-13 14:35:00,1166.28505,STOP_LOSS,False,-6.736970099999863,-1.5311295681818344,ORB_50PCT
INFY,2026-08-13,BUY,2026-08-13 12:20:00,2026-08-13 12:25:00,12:25,1170.6850499999998,1170.0,1161.2,8.799999999999955,1161.2,9.485049999999774,1189.6551499999994,2026-08-13 15:10:00,1168.8,END_OF_DAY,False,-4.224535049999865,-0.4453888013241855,ORB_BOUNDARY
INFY,2026-08-14,SELL,2026-08-14 10:50:00,2026-08-14 10:55:00,10:55,1161.8188,1173.1,1164.1,9.0,1166.3188,4.5,1152.8188,2026-08-14 12:05:00,1166.3188,STOP_LOSS,False,-6.8281376,-1.517363911111111,ORB_50PCT
INFY,2026-08-14,SELL,2026-08-14 10:50:00,2026-08-14 10:55:00,10:55,1161.8188,1173.1,1164.1,9.0,1173.1,11.281199999999899,1139.2564000000002,2026-08-14 15:10:00,1169.2,END_OF_DAY,False,-9.712218800000034,-0.860920717654161,ORB_BOUNDARY
RELIANCE,2025-08-18,BUY,2025-08-18 09:35:00,2025-08-18 09:40:00,09:40,1394.79705,1391.0,1382.6,8.400000000000091,1390.5970499999999,4.2000000000000455,1403.19705,2025-08-18 09:50:00,1390.5970499999999,STOP_LOSS,False,-6.985394100000045,-1.6631890714285642,ORB_50PCT
RELIANCE,2025-08-18,BUY,2025-08-18 09:35:00,2025-08-18 09:40:00,09:40,1394.79705,1391.0,1382.6,8.400000000000091,1382.6,12.19704999999999,1419.1911499999999,2025-08-18 11:30:00,1382.6,STOP_LOSS,False,-14.97444704999999,-1.2277105570609288,ORB_BOUNDARY
RELIANCE,2025-08-18,SELL,2025-08-18 11:35:00,2025-08-18 11:40:00,11:40,1380.20955,1391.0,1382.6,8.400000000000091,1384.40955,4.2000000000000455,1371.80955,2025-08-18 13:05:00,1384.40955,STOP_LOSS,False,-6.9646191000000455,-1.6582426428571357,ORB_50PCT
RELIANCE,2025-08-18,SELL,2025-08-18 11:35:00,2025-08-18 11:40:00,11:40,1380.20955,1391.0,1382.6,8.400000000000091,1391.0,10.790449999999964,1358.62865,2025-08-18 15:25:00,1384.0,END_OF_DAY,False,-6.554659549999965,-0.607450064640491,ORB_BOUNDARY
RELIANCE,2025-08-19,BUY,2025-08-19 09:45:00,2025-08-19 09:50:00,09:50,1412.6059500000001,1411.1,1389.1,22.0,1401.6059500000001,11.0,1434.6059500000001,2025-08-19 15:25:00,1421.0,END_OF_DAY,False,5.560444049999878,0.5054949136363526,ORB_50PCT
RELIANCE,2025-08-19,BUY,2025-08-19 09:45:00,2025-08-19 09:50:00,09:50,1412.6059500000001,1411.1,1389.1,22.0,1389.1,23.50595000000021,1459.6178500000005,2025-08-19 15:25:00,1421.0,END_OF_DAY,False,5.560444049999878,0.2365547467768726,ORB_BOUNDARY
RELIANCE,2025-08-20,BUY,2025-08-20 09:40:00,2025-08-20 09:45:00,09:45,1419.4093500000001,1417.3,1411.0,6.2999999999999545,1416.2593500000003,3.1499999999998636,1425.7093499999999,2025-08-20 14:25:00,1416.2593500000003,STOP_LOSS,False,-5.985668699999864,-1.9002122857143249,ORB_50PCT
RELIANCE,2025-08-20,BUY,2025-08-20 09:40:00,2025-08-20 09:45:00,09:45,1419.4093500000001,1417.3,1411.0,6.2999999999999545,1411.0,8.409350000000131,1436.2280500000004,2025-08-20 15:20:00,1411.0,STOP_LOSS,False,-11.239759350000131,-1.3365788497327327,ORB_BOUNDARY
RELIANCE,2025-08-21,BUY,2025-08-21 09:45:00,2025-08-21 09:50:00,09:50,1429.7145,1428.9,1420.3,8.600000000000136,1425.4144999999999,4.300000000000182,1438.3145000000004,2025-08-21 12:00:00,1425.4144999999999,STOP_LOSS,False,-7.155129000000182,-1.663983488372065,ORB_50PCT
RELIANCE,2025-08-21,BUY,2025-08-21 09:45:00,2025-08-21 09:50:00,09:50,1429.7145,1428.9,1420.3,8.600000000000136,1420.3,9.41450000000009,1448.5435000000002,2025-08-21 15:25:00,1424.5,END_OF_DAY,False,-8.068714500000045,-0.8570518349354685,ORB_BOUNDARY
RELIANCE,2025-08-22,SELL,2025-08-22 11:10:00,2025-08-22 11:15:00,11:15,1413.6928,1423.4,1415.0,8.400000000000091,1417.8928,4.2000000000000455,1405.2928,2025-08-22 15:25:00,1410.0,END_OF_DAY,False,0.8691072000000339,0.20693028571429156,ORB_50PCT
RELIANCE,2025-08-22,SELL,2025-08-22 11:10:00,2025-08-22 11:15:00,11:15,1413.6928,1423.4,1415.0,8.400000000000091,1423.4,9.707200000000057,1394.2784,2025-08-22 15:25:00,1410.0,END_OF_DAY,False,0.8691072000000339,0.08953222350420603,ORB_BOUNDARY
RELIANCE,2025-08-25,SELL,2025-08-25 10:00:00,2025-08-25 10:05:00,10:05,1408.79525,1417.0,1409.7,7.2999999999999545,1412.4452499999998,3.6499999999998636,1401.4952500000002,2025-08-25 10:50:00,1412.4452499999998,STOP_LOSS,False,-6.471240499999864,-1.772942602739755,ORB_50PCT
RELIANCE,2025-08-25,SELL,2025-08-25 10:00:00,2025-08-25 10:05:00,10:05,1408.79525,1417.0,1409.7,7.2999999999999545,1417.0,8.204750000000104,1392.3857499999997,2025-08-25 13:50:00,1417.0,STOP_LOSS,False,-11.030545250000104,-1.3444096712270288,ORB_BOUNDARY
RELIANCE,2025-08-26,SELL,2025-08-26 09:45:00,2025-08-26 09:50:00,09:50,1400.6993,1410.0,1404.0,6.0,1403.6993,3.0,1394.6993,2025-08-26 10:10:00,1403.6993,STOP_LOSS,False,-5.8043986,-1.9347995333333332,ORB_50PCT
RELIANCE,2025-08-26,SELL,2025-08-26 09:45:00,2025-08-26 09:50:00,09:50,1400.6993,1410.0,1404.0,6.0,1410.0,9.300700000000006,1382.0979,2025-08-26 15:15:00,1382.0979,TARGET,False,15.818602800000011,1.70079701527842,ORB_BOUNDARY
RELIANCE,2025-08-28,BUY,2025-08-28 15:20:00,2025-08-28 15:25:00,15:25,1391.0952000000002,1389.9,1368.0,21.90000000000009,1380.1452000000002,10.950000000000045,1412.9952000000003,2025-08-28 15:25:00,1390.9,END_OF_DAY,False,-2.977195200000114,-0.271889972602749,ORB_50PCT
RELIANCE,2025-08-28,BUY,2025-08-28 15:20:00,2025-08-28 15:25:00,15:25,1391.0952000000002,1389.9,1368.0,21.90000000000009,1368.0,23.095200000000204,1437.2856000000006,2025-08-28 15:25:00,1390.9,END_OF_DAY,False,-2.977195200000114,-0.12890969552115103,ORB_BOUNDARY
RELIANCE,2025-08-29,SELL,2025-08-29 14:25:00,2025-08-29 14:30:00,14:30,1367.5159,1396.6,1381.1,15.5,1375.2659,7.75,1352.0159,2025-08-29 14:40:00,1352.0159,TARGET,False,12.7804682,1.6490926709677418,ORB_50PCT
RELIANCE,2025-08-29,SELL,2025-08-29 14:25:00,2025-08-29 14:30:00,14:30,1367.5159,1396.6,1381.1,15.5,1396.6,29.084099999999808,1309.3477000000005,2025-08-29 15:25:00,1355.0,END_OF_DAY,False,9.7933841000001,0.33672639345897465,ORB_BOUNDARY
RELIANCE,2025-09-01,BUY,2025-09-01 12:30:00,2025-09-01 12:35:00,12:35,1358.37885,1357.0,1340.6,16.40000000000009,1350.17885,8.200000000000045,1374.7788500000001,2025-09-01 15:25:00,1355.0,END_OF_DAY,False,-6.0922288500000565,-0.7429547378048809,ORB_50PCT
RELIANCE,2025-09-01,BUY,2025-09-01 12:30:00,2025-09-01 12:35:00,12:35,1358.37885,1357.0,1340.6,16.40000000000009,1340.6,17.778850000000148,1393.9365500000004,2025-09-01 15:25:00,1355.0,END_OF_DAY,False,-6.0922288500000565,-0.34266720569665676,ORB_BOUNDARY
RELIANCE,2025-09-02,BUY,2025-09-02 09:35:00,2025-09-02 09:40:00,09:40,1380.0897,1378.6,1354.5,24.09999999999991,1368.0397,12.049999999999955,1404.1897,2025-09-02 13:55:00,1368.0397,STOP_LOSS,False,-14.798129399999954,-1.2280605311203328,ORB_50PCT
RELIANCE,2025-09-02,BUY,2025-09-02 09:35:00,2025-09-02 09:40:00,09:40,1380.0897,1378.6,1354.5,24.09999999999991,1354.5,25.589699999999993,1431.2691,2025-09-02 15:25:00,1367.5,END_OF_DAY,False,-15.337289699999994,-0.5993540252523476,ORB_BOUNDARY
RELIANCE,2025-09-03,BUY,2025-09-03 12:10:00,2025-09-03 12:15:00,12:15,1373.8866,1372.5,1360.5,12.0,1367.8866,6.0,1385.8866,2025-09-03 12:55:00,1367.8866,STOP_LOSS,False,-8.7417732,-1.4569622000000002,ORB_50PCT
RELIANCE,2025-09-03,BUY,2025-09-03 12:10:00,2025-09-03 12:15:00,12:15,1373.8866,1372.5,1360.5,12.0,1360.5,13.386600000000044,1400.6598000000001,2025-09-03 15:25:00,1372.0,END_OF_DAY,False,-4.632486600000044,-0.3460540092331159,ORB_BOUNDARY
RELIANCE,2025-09-04,SELL,2025-09-04 10:40:00,2025-09-04 10:45:00,10:45,1360.9191999999998,1374.0,1362.6,11.400000000000091,1366.6191999999999,5.7000000000000455,1349.5191999999997,2025-09-04 11:50:00,1366.6191999999999,STOP_LOSS,False,-8.427538400000046,-1.478515508771926,ORB_50PCT
RELIANCE,2025-09-04,SELL,2025-09-04 10:40:00,2025-09-04 10:45:00,10:45,1360.9191999999998,1374.0,1362.6,11.400000000000091,1374.0,13.080800000000181,1334.7575999999995,2025-09-04 15:25:00,1359.1,END_OF_DAY,False,-0.9008192000000901,-0.0688657574460337,ORB_BOUNDARY
RELIANCE,2025-09-05,SELL,2025-09-05 10:50:00,2025-09-05 10:55:00,10:55,1359.61985,1371.8,1363.0,8.799999999999955,1364.0198500000001,4.400000000000091,1350.8198499999999,2025-09-05 11:10:00,1364.0198500000001,STOP_LOSS,False,-7.123639700000091,-1.6190090227272598,ORB_50PCT
RELIANCE,2025-09-05,SELL,2025-09-05 10:50:00,2025-09-05 10:55:00,10:55,1359.61985,1371.8,1363.0,8.799999999999955,1371.8,12.180149999999912,1335.2595500000002,2025-09-05 13:15:00,1371.8,STOP_LOSS,False,-14.911569849999912,-1.2242517415631187,ORB_BOUNDARY
RELIANCE,2025-09-05,BUY,2025-09-05 14:40:00,2025-09-05 14:45:00,14:45,1373.2863,1371.8,1363.0,8.799999999999955,1368.8863000000001,4.399999999999864,1382.0862999999997,2025-09-05 15:25:00,1376.0,END_OF_DAY,False,-0.03558629999998253,-0.008087795454541734,ORB_50PCT
RELIANCE,2025-09-05,BUY,2025-09-05 14:40:00,2025-09-05 14:45:00,14:45,1373.2863,1371.8,1363.0,8.799999999999955,1363.0,10.286299999999983,1393.8589,2025-09-05 15:25:00,1376.0,END_OF_DAY,False,-0.03558629999998253,-0.00345958216268071,ORB_BOUNDARY
RELIANCE,2025-09-08,BUY,2025-09-08 12:45:00,2025-09-08 12:50:00,12:50,1382.59095,1381.5,1373.5,8.0,1378.59095,4.0,1390.59095,2025-09-08 14:45:00,1378.59095,STOP_LOSS,False,-6.7611819,-1.690295475,ORB_50PCT
RELIANCE,2025-09-08,BUY,2025-09-08 12:45:00,2025-09-08 12:50:00,12:50,1382.59095,1381.5,1373.5,8.0,1373.5,9.09095000000002,1400.77285,2025-09-08 15:25:00,1378.9,END_OF_DAY,False,-6.4524409499999305,-0.7097653105560933,ORB_BOUNDARY
RELIANCE,2025-09-09,SELL,2025-09-09 10:05:00,2025-09-09 10:10:00,10:10,1374.9122,1381.2,1375.7,5.5,1377.6622,2.75,1369.4122,2025-09-09 12:05:00,1369.4122,TARGET,False,2.7556756,1.0020638545454545,ORB_50PCT
RELIANCE,2025-09-09,SELL,2025-09-09 10:05:00,2025-09-09 10:10:00,10:10,1374.9122,1381.2,1375.7,5.5,1381.2,6.287800000000061,1362.3365999999999,2025-09-09 15:25:00,1376.9,END_OF_DAY,False,-4.739612200000106,-0.7537790960272369,ORB_BOUNDARY
RELIANCE,2025-09-10,BUY,2025-09-10 09:40:00,2025-09-10 09:45:00,09:45,1388.19375,1384.4,1378.0,6.400000000000091,1384.9937499999999,3.2000000000000455,1394.59375,2025-09-10 09:45:00,1384.9937499999999,STOP_LOSS,False,-5.973187500000046,-1.8666210937499879,ORB_50PCT
RELIANCE,2025-09-10,BUY,2025-09-10 09:40:00,2025-09-10 09:45:00,09:45,1388.19375,1384.4,1378.0,6.400000000000091,1378.0,10.193749999999909,1408.5812499999997,2025-09-10 14:15:00,1378.0,STOP_LOSS,False,-12.959943749999908,-1.2713617412630311,ORB_BOUNDARY
RELIANCE,2025-09-11,BUY,2025-09-11 10:35:00,2025-09-11 10:40:00,10:40,1384.39185,1383.0,1375.0,8.0,1380.39185,4.0,1392.39185,2025-09-11 14:10:00,1380.39185,STOP_LOSS,False,-6.764783700000001,-1.6911959250000002,ORB_50PCT
RELIANCE,2025-09-11,BUY,2025-09-11 10:35:00,2025-09-11 10:40:00,10:40,1384.39185,1383.0,1375.0,8.0,1375.0,9.391849999999977,1403.17555,2025-09-11 15:25:00,1382.1,END_OF_DAY,False,-5.058341850000067,-0.5385884410419757,ORB_BOUNDARY
RELIANCE,2025-09-12,BUY,2025-09-12 09:40:00,2025-09-12 09:45:00,09:45,1391.7955499999998,1388.2,1380.5,7.7000000000000455,1387.94555,3.849999999999909,1399.4955499999996,2025-09-12 15:25:00,1395.0,END_OF_DAY,False,0.4176544500001791,0.1084816753247244,ORB_50PCT
RELIANCE,2025-09-12,BUY,2025-09-12 09:40:00,2025-09-12 09:45:00,09:45,1391.7955499999998,1388.2,1380.5,7.7000000000000455,1380.5,11.295549999999821,1414.3866499999995,2025-09-12 15:25:00,1395.0,END_OF_DAY,False,0.4176544500001791,0.03697513179970747,ORB_BOUNDARY
RELIANCE,2025-09-15,SELL,2025-09-15 09:35:00,2025-09-15 09:40:00,09:40,1390.80425,1396.9,1392.1,4.800000000000182,1393.20425,2.400000000000091,1386.0042499999997,2025-09-15 09:45:00,1393.20425,STOP_LOSS,False,-5.1840085000000915,-2.160003541666623,ORB_50PCT
RELIANCE,2025-09-15,SELL,2025-09-15 09:35:00,2025-09-15 09:40:00,09:40,1390.80425,1396.9,1392.1,4.800000000000182,1396.9,6.09575000000018,1378.6127499999996,2025-09-15 13:15:00,1396.9,STOP_LOSS,False,-8.883454250000181,-1.4573193208382755,ORB_BOUNDARY
RELIANCE,2025-09-15,BUY,2025-09-15 13:55:00,2025-09-15 14:00:00,14:00,1397.6985,1396.9,1392.1,4.800000000000182,1395.2984999999999,2.400000000000091,1402.4985000000001,2025-09-15 14:20:00,1395.2984999999999,STOP_LOSS,False,-5.192997000000091,-2.163748749999956,ORB_50PCT
RELIANCE,2025-09-15,BUY,2025-09-15 13:55:00,2025-09-15 14:00:00,14:00,1397.6985,1396.9,1392.1,4.800000000000182,1392.1,5.598500000000058,1408.8955,2025-09-15 15:25:00,1399.3,END_OF_DAY,False,-1.1954985000000127,-0.21353907296597308,ORB_BOUNDARY
RELIANCE,2025-09-16,BUY,2025-09-16 10:35:00,2025-09-16 10:40:00,10:40,1407.20325,1405.9,1400.0,5.900000000000091,1404.25325,2.9500000000000455,1413.1032500000001,2025-09-16 10:50:00,1404.25325,STOP_LOSS,False,-5.761456500000046,-1.9530361016949007,ORB_50PCT
RELIANCE,2025-09-16,BUY,2025-09-16 10:35:00,2025-09-16 10:40:00,10:40,1407.20325,1405.9,1400.0,5.900000000000091,1400.0,7.2032500000000255,1421.60975,2025-09-16 12:15:00,1400.0,STOP_LOSS,False,-10.010453250000026,-1.3897134279665415,ORB_BOUNDARY
RELIANCE,2025-09-16,SELL,2025-09-16 13:30:00,2025-09-16 13:35:00,13:35,1398.5004000000001,1405.9,1400.0,5.900000000000091,1401.4504000000002,2.9500000000000455,1392.6004,2025-09-16 14:20:00,1401.4504000000002,STOP_LOSS,False,-5.749950800000046,-1.9491358644067651,ORB_50PCT
RELIANCE,2025-09-16,SELL,2025-09-16 13:30:00,2025-09-16 13:35:00,13:35,1398.5004000000001,1405.9,1400.0,5.900000000000091,1405.9,7.399599999999964,1383.7012000000002,2025-09-16 14:35:00,1405.9,STOP_LOSS,False,-10.204000399999964,-1.3789935131628757,ORB_BOUNDARY
RELIANCE,2025-09-17,BUY,2025-09-17 11:50:00,2025-09-17 11:55:00,11:55,1413.40635,1412.5,1406.9,5.599999999999909,1410.60635,2.7999999999999545,1419.0063499999999,2025-09-17 12:30:00,1410.60635,STOP_LOSS,False,-5.624012699999955,-2.008575964285731,ORB_50PCT
RELIANCE,2025-09-17,BUY,2025-09-17 11:50:00,2025-09-17 11:55:00,11:55,1413.40635,1412.5,1406.9,5.599999999999909,1406.9,6.506349999999884,1426.4190499999997,2025-09-17 15:25:00,1413.0,END_OF_DAY,False,-3.232756349999975,-0.4968617350742018,ORB_BOUNDARY
RELIANCE,2025-09-18,SELL,2025-09-18 11:20:00,2025-09-18 11:25:00,11:25,1414.3924499999998,1422.0,1415.1,6.900000000000091,1417.8424499999999,3.4500000000000455,1407.4924499999997,2025-09-18 15:25:00,1415.0,END_OF_DAY,False,-3.4369424500001737,-0.996215202898588,ORB_50PCT
RELIANCE,2025-09-18,SELL,2025-09-18 11:20:00,2025-09-18 11:25:00,11:25,1414.3924499999998,1422.0,1415.1,6.900000000000091,1422.0,7.607550000000174,1399.1773499999995,2025-09-18 15:25:00,1415.0,END_OF_DAY,False,-3.4369424500001737,-0.4517804615152178,ORB_BOUNDARY
RELIANCE,2025-09-19,SELL,2025-09-19 09:35:00,2025-09-19 09:40:00,09:40,1407.19605,1417.0,1408.1,8.900000000000091,1411.64605,4.4500000000000455,1398.29605,2025-09-19 12:50:00,1411.64605,STOP_LOSS,False,-7.268842100000045,-1.6334476629213417,ORB_50PCT
RELIANCE,2025-09-19,SELL,2025-09-19 09:35:00,2025-09-19 09:40:00,09:40,1407.19605,1417.0,1408.1,8.900000000000091,1417.0,9.803949999999986,1387.58815,2025-09-19 15:25:00,1407.6,END_OF_DAY,False,-3.218746049999895,-0.3283111449976693,ORB_BOUNDARY
RELIANCE,2025-09-22,BUY,2025-09-22 09:45:00,2025-09-22 09:50:00,09:50,1409.5044,1408.6,1401.1,7.5,1405.7544,3.75,1417.0044,2025-09-22 10:55:00,1405.7544,STOP_LOSS,False,-6.5652588000000005,-1.7507356800000002,ORB_50PCT
RELIANCE,2025-09-22,BUY,2025-09-22 09:45:00,2025-09-22 09:50:00,09:50,1409.5044,1408.6,1401.1,7.5,1401.1,8.404400000000123,1426.3132000000003,2025-09-22 14:20:00,1401.1,STOP_LOSS,False,-11.215004400000124,-1.3344205892151682,ORB_BOUNDARY
RELIANCE,2025-09-23,SELL,2025-09-23 09:40:00,2025-09-23 09:45:00,09:45,1384.9071999999999,1393.0,1387.0,6.0,1387.9071999999999,3.0,1378.9071999999999,2025-09-23 11:40:00,1378.9071999999999,TARGET,False,3.2361856,1.0787285333333334,ORB_50PCT
RELIANCE,2025-09-23,SELL,2025-09-23 09:40:00,2025-09-23 09:45:00,09:45,1384.9071999999999,1393.0,1387.0,6.0,1393.0,8.092800000000125,1368.7215999999996,2025-09-23 14:05:00,1393.0,STOP_LOSS,False,-10.870707200000124,-1.3432566231712086,ORB_BOUNDARY
RELIANCE,2025-09-23,BUY,2025-09-23 14:20:00,2025-09-23 14:25:00,14:25,1393.99665,1393.0,1387.0,6.0,1390.99665,3.0,1399.99665,2025-09-23 14:35:00,1390.99665,STOP_LOSS,False,-5.7849933,-1.9283311,ORB_50PCT
RELIANCE,2025-09-23,BUY,2025-09-23 14:20:00,2025-09-23 14:25:00,14:25,1393.99665,1393.0,1387.0,6.0,1387.0,6.996650000000045,1407.9899500000001,2025-09-23 15:25:00,1390.6,END_OF_DAY,False,-6.181246650000136,-0.8834580334874684,ORB_BOUNDARY
RELIANCE,2025-09-24,BUY,2025-09-24 11:25:00,2025-09-24 11:30:00,11:30,1390.5949500000002,1389.6,1383.2,6.399999999999864,1387.3949500000003,3.199999999999818,1396.9949499999998,2025-09-24 14:20:00,1387.3949500000003,STOP_LOSS,False,-5.977989899999819,-1.8681218437500495,ORB_50PCT
RELIANCE,2025-09-24,BUY,2025-09-24 11:25:00,2025-09-24 11:30:00,11:30,1390.5949500000002,1389.6,1383.2,6.399999999999864,1383.2,7.394950000000108,1405.3848500000004,2025-09-24 15:10:00,1383.2,STOP_LOSS,False,-10.168744950000109,-1.3750931311232613,ORB_BOUNDARY
RELIANCE,2025-09-25,SELL,2025-09-25 12:00:00,2025-09-25 12:05:00,12:05,1373.313,1384.5,1374.3,10.200000000000045,1378.413,5.099999999999909,1363.1130000000003,2025-09-25 12:25:00,1378.413,STOP_LOSS,False,-7.851725999999909,-1.5395541176470684,ORB_50PCT
RELIANCE,2025-09-25,SELL,2025-09-25 12:00:00,2025-09-25 12:05:00,12:05,1373.313,1384.5,1374.3,10.200000000000045,1384.5,11.186999999999898,1350.9390000000003,2025-09-25 15:25:00,1374.8,END_OF_DAY,False,-4.235112999999853,-0.37857450612316895,ORB_BOUNDARY
RELIANCE,2025-09-26,SELL,2025-09-26 09:30:00,2025-09-26 09:35:00,09:35,1365.7168000000001,1372.1,1367.2,4.899999999999864,1368.1668,2.449999999999818,1360.8168000000005,2025-09-26 09:35:00,1368.1668,STOP_LOSS,False,-5.1838835999998185,-2.1158708571429403,ORB_50PCT
RELIANCE,2025-09-26,SELL,2025-09-26 09:30:00,2025-09-26 09:35:00,09:35,1365.7168000000001,1372.1,1367.2,4.899999999999864,1372.1,6.383199999999761,1352.9504000000006,2025-09-26 10:35:00,1372.1,STOP_LOSS,False,-9.121016799999762,-1.4289097631282277,ORB_BOUNDARY
RELIANCE,2025-09-26,BUY,2025-09-26 14:10:00,2025-09-26 14:15:00,14:15,1377.4884,1372.1,1367.2,4.899999999999864,1375.0384,2.4500000000000455,1382.3884,2025-09-26 14:15:00,1375.0384,STOP_LOSS,False,-5.2025268000000455,-2.1234803265305913,ORB_50PCT
RELIANCE,2025-09-26,BUY,2025-09-26 14:10:00,2025-09-26 14:15:00,14:15,1377.4884,1372.1,1367.2,4.899999999999864,1367.2,10.28839999999991,1398.0651999999998,2025-09-26 15:25:00,1379.0,END_OF_DAY,False,-1.2448883999999563,-0.12099922242525243,ORB_BOUNDARY
RELIANCE,2025-09-29,BUY,2025-09-29 09:35:00,2025-09-29 09:40:00,09:40,1385.59245,1384.7,1379.0,5.7000000000000455,1382.7424500000002,2.849999999999909,1391.29245,2025-09-29 10:25:00,1382.7424500000002,STOP_LOSS,False,-5.618334899999909,-1.9713455789473995,ORB_50PCT
RELIANCE,2025-09-29,BUY,2025-09-29 09:35:00,2025-09-29 09:40:00,09:40,1385.59245,1384.7,1379.0,5.7000000000000455,1379.0,6.592450000000099,1398.7773500000003,2025-09-29 11:35:00,1379.0,STOP_LOSS,False,-9.3570424500001,-1.4193573633474594,ORB_BOUNDARY
RELIANCE,2025-09-29,SELL,2025-09-29 12:35:00,2025-09-29 12:40:00,12:40,1373.61285,1384.7,1379.0,5.7000000000000455,1376.46285,2.849999999999909,1367.9128500000002,2025-09-29 13:35:00,1376.46285,STOP_LOSS,False,-5.600075699999909,-1.964938842105294,ORB_50PCT
RELIANCE,2025-09-29,SELL,2025-09-29 12:35:00,2025-09-29 12:40:00,12:40,1373.61285,1384.7,1379.0,5.7000000000000455,1384.7,11.087150000000065,1351.4385499999999,2025-09-29 15:25:00,1376.0,END_OF_DAY,False,-5.13676285000002,-0.4633077797269803,ORB_BOUNDARY
RELIANCE,2025-09-30,SELL,2025-09-30 10:30:00,2025-09-30 10:35:00,10:35,1365.4169499999998,1377.1,1367.0,10.099999999999909,1370.4669499999998,5.0499999999999545,1355.31695,2025-09-30 15:25:00,1364.5,END_OF_DAY,False,-1.8129669500001846,-0.3590033564356834,ORB_50PCT
RELIANCE,2025-09-30,SELL,2025-09-30 10:30:00,2025-09-30 10:35:00,10:35,1365.4169499999998,1377.1,1367.0,10.099999999999909,1377.1,11.683050000000094,1342.0508499999996,2025-09-30 15:25:00,1364.5,END_OF_DAY,False,-1.8129669500001846,-0.15517925113734599,ORB_BOUNDARY
RELIANCE,2025-10-01,BUY,2025-10-01 09:30:00,2025-10-01 09:35:00,09:35,1377.8886,1374.9,1366.1,8.800000000000182,1373.4886,4.400000000000091,1386.6886000000002,2025-10-01 10:00:00,1373.4886,STOP_LOSS,False,-7.151377200000091,-1.6253129999999871,ORB_50PCT
RELIANCE,2025-10-01,BUY,2025-10-01 09:30:00,2025-10-01 09:35:00,09:35,1377.8886,1374.9,1366.1,8.800000000000182,1366.1,11.788600000000088,1401.4658000000002,2025-10-01 13:00:00,1366.1,STOP_LOSS,False,-14.532588600000087,-1.2327662826798753,ORB_BOUNDARY
RELIANCE,2025-10-01,SELL,2025-10-01 13:15:00,2025-10-01 13:20:00,13:20,1365.0171500000001,1374.9,1366.1,8.800000000000182,1369.4171500000002,4.400000000000091,1356.21715,2025-10-01 15:05:00,1369.4171500000002,STOP_LOSS,False,-7.134434300000091,-1.621462340909078,ORB_50PCT
RELIANCE,2025-10-01,SELL,2025-10-01 13:15:00,2025-10-01 13:20:00,13:20,1365.0171500000001,1374.9,1366.1,8.800000000000182,1374.9,9.882849999999962,1345.2514500000002,2025-10-01 15:25:00,1369.5,END_OF_DAY,False,-7.2173671499998715,-0.7302920867968146,ORB_BOUNDARY
RELIANCE,2025-10-03,SELL,2025-10-03 09:45:00,2025-10-03 09:50:00,09:50,1361.1191,1371.6,1363.1,8.5,1365.3691,4.25,1352.6191,2025-10-03 15:25:00,1363.4,END_OF_DAY,False,-5.005419100000202,-1.1777456705882827,ORB_50PCT
RELIANCE,2025-10-03,SELL,2025-10-03 09:45:00,2025-10-03 09:50:00,09:50,1361.1191,1371.6,1363.1,8.5,1371.6,10.48090000000002,1340.1572999999999,2025-10-03 15:25:00,1363.4,END_OF_DAY,False,-5.005419100000202,-0.4775753131887712,ORB_BOUNDARY
RELIANCE,2025-10-06,BUY,2025-10-06 10:35:00,2025-10-06 10:40:00,10:40,1367.0832,1365.9,1359.0,6.900000000000091,1363.6332,3.4500000000000455,1373.9832000000001,2025-10-06 13:20:00,1373.9832000000001,TARGET,False,4.158933600000091,1.2054880000000103,ORB_50PCT
RELIANCE,2025-10-06,BUY,2025-10-06 10:35:00,2025-10-06 10:40:00,10:40,1367.0832,1365.9,1359.0,6.900000000000091,1359.0,8.083200000000033,1383.2496,2025-10-06 15:25:00,1374.9,END_OF_DAY,False,5.0748168000000575,0.627822743467938,ORB_BOUNDARY
RELIANCE,2025-10-07,BUY,2025-10-07 09:40:00,2025-10-07 09:45:00,09:45,1384.59195,1383.7,1375.9,7.7999999999999545,1380.69195,3.900000000000091,1392.3919500000002,2025-10-07 11:20:00,1380.69195,STOP_LOSS,False,-6.665283900000091,-1.7090471538461374,ORB_50PCT
RELIANCE,2025-10-07,BUY,2025-10-07 09:40:00,2025-10-07 09:45:00,09:45,1384.59195,1383.7,1375.9,7.7999999999999545,1375.9,8.691949999999906,1401.9758499999998,2025-10-07 15:25:00,1384.4,END_OF_DAY,False,-2.9609419499999063,-0.34065335741691316,ORB_BOUNDARY
RELIANCE,2025-10-08,BUY,2025-10-08 09:30:00,2025-10-08 09:35:00,09:35,1388.0937000000001,1386.9,1378.8,8.100000000000136,1384.0437000000002,4.0499999999999545,1396.1937,2025-10-08 09:45:00,1384.0437000000002,STOP_LOSS,False,-6.822137399999955,-1.684478370370378,ORB_50PCT
RELIANCE,2025-10-08,BUY,2025-10-08 09:30:00,2025-10-08 09:35:00,09:35,1388.0937000000001,1386.9,1378.8,8.100000000000136,1378.8,9.293700000000172,1406.6811000000005,2025-10-08 10:20:00,1378.8,STOP_LOSS,False,-12.060593700000172,-1.297717130959677,ORB_BOUNDARY
RELIANCE,2025-10-08,SELL,2025-10-08 10:40:00,2025-10-08 10:45:00,10:45,1377.01115,1386.9,1378.8,8.100000000000136,1381.06115,4.0499999999999545,1368.9111500000001,2025-10-08 11:15:00,1368.9111500000001,TARGET,False,5.354077699999909,1.3219944938271528,ORB_50PCT
RELIANCE,2025-10-08,SELL,2025-10-08 10:40:00,2025-10-08 10:45:00,10:45,1377.01115,1386.9,1378.8,8.100000000000136,1386.9,9.888850000000048,1357.23345,2025-10-08 15:25:00,1367.3,END_OF_DAY,False,6.966838850000089,0.704514564383124,ORB_BOUNDARY
RELIANCE,2025-10-09,BUY,2025-10-09 11:10:00,2025-10-09 11:15:00,11:15,1380.18975,1379.3,1369.1,10.200000000000045,1375.08975,5.099999999999909,1390.3897499999998,2025-10-09 12:30:00,1375.08975,STOP_LOSS,False,-7.855279499999909,-1.5402508823529508,ORB_50PCT
RELIANCE,2025-10-09,BUY,2025-10-09 11:10:00,2025-10-09 11:15:00,11:15,1380.18975,1379.3,1369.1,10.200000000000045,1369.1,11.089750000000095,1402.3692500000002,2025-10-09 15:25:00,1376.5,END_OF_DAY,False,-6.446439750000003,-0.5812971212155322,ORB_BOUNDARY
RELIANCE,2025-10-10,BUY,2025-10-10 09:40:00,2025-10-10 09:45:00,09:45,1385.59245,1383.9,1375.1,8.800000000000182,1381.19245,4.400000000000091,1394.3924500000003,2025-10-10 09:55:00,1381.19245,STOP_LOSS,False,-7.166784900000091,-1.628814749999987,ORB_50PCT
RELIANCE,2025-10-10,BUY,2025-10-10 09:40:00,2025-10-10 09:45:00,09:45,1385.59245,1383.9,1375.1,8.800000000000182,1375.1,10.49245000000019,1406.5773500000005,2025-10-10 15:25:00,1380.7,END_OF_DAY,False,-7.658742450000053,-0.7299288964922316,ORB_BOUNDARY
RELIANCE,2025-10-13,SELL,2025-10-13 10:40:00,2025-10-13 10:45:00,10:45,1369.7148000000002,1376.9,1370.5,6.400000000000091,1372.9148000000002,3.2000000000000455,1363.3148,2025-10-13 12:40:00,1372.9148000000002,STOP_LOSS,False,-5.942629600000046,-1.857071749999988,ORB_50PCT
RELIANCE,2025-10-13,SELL,2025-10-13 10:40:00,2025-10-13 10:45:00,10:45,1369.7148000000002,1376.9,1370.5,6.400000000000091,1376.9,7.185199999999895,1355.3444000000004,2025-10-13 14:55:00,1376.9,STOP_LOSS,False,-9.931814799999895,-1.3822600345153984,ORB_BOUNDARY
RELIANCE,2025-10-14,SELL,2025-10-14 09:55:00,2025-10-14 10:00:00,10:00,1377.5109,1388.0,1378.4,9.599999999999909,1382.3109,4.7999999999999545,1367.9109,2025-10-14 10:45:00,1382.3109,STOP_LOSS,False,-7.559821799999954,-1.5749628750000053,ORB_50PCT
RELIANCE,2025-10-14,SELL,2025-10-14 09:55:00,2025-10-14 10:00:00,10:00,1377.5109,1388.0,1378.4,9.599999999999909,1388.0,10.489100000000008,1356.5327,2025-10-14 15:25:00,1374.9,END_OF_DAY,False,-0.1415109000000987,-0.013491233756957087,ORB_BOUNDARY
RELIANCE,2025-10-15,SELL,2025-10-15 09:40:00,2025-10-15 09:45:00,09:45,1376.7113000000002,1384.0,1378.0,6.0,1379.7113000000002,3.0,1370.7113000000002,2025-10-15 11:00:00,1379.7113000000002,STOP_LOSS,False,-5.7564226000000005,-1.9188075333333334,ORB_50PCT
RELIANCE,2025-10-15,SELL,2025-10-15 09:40:00,2025-10-15 09:45:00,09:45,1376.7113000000002,1384.0,1378.0,6.0,1384.0,7.288699999999835,1362.1339000000005,2025-10-15 15:25:00,1374.6,END_OF_DAY,False,-0.6400112999997445,-0.08780870388406149,ORB_BOUNDARY
RELIANCE,2025-10-16,BUY,2025-10-16 12:10:00,2025-10-16 12:15:00,12:15,1384.0917000000002,1381.9,1375.0,6.900000000000091,1380.6417000000001,3.4500000000000455,1390.9917000000003,2025-10-16 13:15:00,1380.6417000000001,STOP_LOSS,False,-6.214733400000046,-1.8013719999999898,ORB_50PCT
RELIANCE,2025-10-16,BUY,2025-10-16 12:10:00,2025-10-16 12:15:00,12:15,1384.0917000000002,1381.9,1375.0,6.900000000000091,1375.0,9.091700000000174,1402.2751000000005,2025-10-16 15:25:00,1398.5,END_OF_DAY,False,11.625708299999825,1.2787166646501318,ORB_BOUNDARY
RELIANCE,2025-10-17,BUY,2025-10-17 10:30:00,2025-10-17 10:35:00,10:35,1413.9066,1410.8,1399.6,11.200000000000045,1408.3066,5.600000000000136,1425.1066000000003,2025-10-17 15:25:00,1419.9,END_OF_DAY,False,3.159593400000065,0.564213107142855,ORB_50PCT
RELIANCE,2025-10-17,BUY,2025-10-17 10:30:00,2025-10-17 10:35:00,10:35,1413.9066,1410.8,1399.6,11.200000000000045,1399.6,14.306600000000117,1442.5198000000003,2025-10-17 15:25:00,1419.9,END_OF_DAY,False,3.159593400000065,0.2208486572630841,ORB_BOUNDARY
RELIANCE,2025-10-20,BUY,2025-10-20 10:00:00,2025-10-20 10:05:00,10:05,1465.03215,1460.6,1433.3,27.299999999999955,1451.38215,13.650000000000091,1492.3321500000002,2025-10-20 15:25:00,1468.0,END_OF_DAY,False,0.03481784999999826,0.0025507582417580977,ORB_50PCT
RELIANCE,2025-10-20,BUY,2025-10-20 10:00:00,2025-10-20 10:05:00,10:05,1465.03215,1460.6,1433.3,27.299999999999955,1433.3,31.732150000000047,1528.49645,2025-10-20 15:25:00,1468.0,END_OF_DAY,False,0.03481784999999826,0.0010972420715267706,ORB_BOUNDARY
RELIANCE,2025-10-23,BUY,2025-10-23 09:30:00,2025-10-23 09:35:00,09:35,1480.3398,1478.9,1470.4,8.5,1476.0898,4.25,1488.8398,2025-10-23 09:35:00,1476.0898,STOP_LOSS,False,-7.2064296,-1.695630494117647,ORB_50PCT
RELIANCE,2025-10-23,BUY,2025-10-23 09:30:00,2025-10-23 09:35:00,09:35,1480.3398,1478.9,1470.4,8.5,1470.4,9.939799999999877,1500.2193999999997,2025-10-23 10:20:00,1470.4,STOP_LOSS,False,-12.890539799999878,-1.2968610837240224,ORB_BOUNDARY
RELIANCE,2025-10-23,SELL,2025-10-23 12:55:00,2025-10-23 13:00:00,13:00,1468.36545,1478.9,1470.4,8.5,1472.61545,4.25,1459.86545,2025-10-23 14:15:00,1459.86545,TARGET,False,5.5717691,1.311004494117647,ORB_50PCT
RELIANCE,2025-10-23,SELL,2025-10-23 12:55:00,2025-10-23 13:00:00,13:00,1468.36545,1478.9,1470.4,8.5,1478.9,10.534550000000081,1447.2963499999998,2025-10-23 15:10:00,1447.2963499999998,TARGET,False,18.153438200000164,1.7232286334015239,ORB_BOUNDARY
RELIANCE,2025-10-24,BUY,2025-10-24 11:35:00,2025-10-24 11:40:00,11:40,1452.5258999999999,1450.2,1441.0,9.200000000000045,1447.9258999999997,4.600000000000136,1461.7259000000001,2025-10-24 13:50:00,1447.9258999999997,STOP_LOSS,False,-7.500451800000136,-1.6305329999999814,ORB_50PCT
RELIANCE,2025-10-24,BUY,2025-10-24 11:35:00,2025-10-24 11:40:00,11:40,1452.5258999999999,1450.2,1441.0,9.200000000000045,1441.0,11.525899999999865,1475.5776999999996,2025-10-24 15:25:00,1451.1,END_OF_DAY,False,-4.329525899999956,-0.3756345187794451,ORB_BOUNDARY
RELIANCE,2025-10-27,BUY,2025-10-27 09:30:00,2025-10-27 09:35:00,09:35,1473.1362000000001,1468.6,1458.0,10.599999999999909,1467.8362000000002,5.2999999999999545,1483.7362,2025-10-27 11:55:00,1483.7362,TARGET,False,7.643127599999909,1.4420995471698066,ORB_50PCT
RELIANCE,2025-10-27,BUY,2025-10-27 09:30:00,2025-10-27 09:35:00,09:35,1473.1362000000001,1468.6,1458.0,10.599999999999909,1458.0,15.136200000000144,1503.4086000000004,2025-10-27 15:25:00,1483.0,END_OF_DAY,False,6.907663799999856,0.4563671066714096,ORB_BOUNDARY
RELIANCE,2025-10-28,BUY,2025-10-28 09:40:00,2025-10-28 09:45:00,09:45,1491.3453,1489.0,1481.2,7.7999999999999545,1487.4452999999999,3.900000000000091,1499.1453000000001,2025-10-28 09:50:00,1487.4452999999999,STOP_LOSS,False,-6.878790600000091,-1.7637924615384437,ORB_50PCT
RELIANCE,2025-10-28,BUY,2025-10-28 09:40:00,2025-10-28 09:45:00,09:45,1491.3453,1489.0,1481.2,7.7999999999999545,1481.2,10.145299999999907,1511.6358999999998,2025-10-28 10:05:00,1481.2,STOP_LOSS,False,-13.117845299999907,-1.2929972795284543,ORB_BOUNDARY
RELIANCE,2025-10-28,SELL,2025-10-28 10:50:00,2025-10-28 10:55:00,10:55,1479.1600500000002,1489.0,1481.2,7.7999999999999545,1483.06005,3.8999999999998636,1471.3600500000005,2025-10-28 11:15:00,1483.06005,STOP_LOSS,False,-6.862220099999864,-1.7595436153846422,ORB_50PCT
RELIANCE,2025-10-28,SELL,2025-10-28 10:50:00,2025-10-28 10:55:00,10:55,1479.1600500000002,1489.0,1481.2,7.7999999999999545,1489.0,9.839949999999817,1459.4801500000005,2025-10-28 12:55:00,1489.0,STOP_LOSS,False,-12.808110049999817,-1.3016438142470292,ORB_BOUNDARY
RELIANCE,2025-10-28,SELL,2025-10-28 14:30:00,2025-10-28 14:35:00,14:35,1479.26,1489.0,1481.2,7.7999999999999545,1483.1599999999999,3.8999999999998636,1471.4600000000003,2025-10-28 14:45:00,1483.1599999999999,STOP_LOSS,False,-6.862419999999863,-1.7595948717948984,ORB_50PCT
RELIANCE,2025-10-28,SELL,2025-10-28 14:30:00,2025-10-28 14:35:00,14:35,1479.26,1489.0,1481.2,7.7999999999999545,1489.0,9.740000000000009,1459.78,2025-10-28 15:25:00,1489.0,STOP_LOSS,False,-12.70826000000001,-1.3047494866529772,ORB_BOUNDARY
RELIANCE,2025-10-29,BUY,2025-10-29 10:05:00,2025-10-29 10:10:00,10:10,1501.65045,1500.6,1488.1,12.5,1495.40045,6.25,1514.15045,2025-10-29 15:25:00,1504.0,END_OF_DAY,False,-0.6561004500000918,-0.10497607200001469,ORB_50PCT
RELIANCE,2025-10-29,BUY,2025-10-29 10:05:00,2025-10-29 10:10:00,10:10,1501.65045,1500.6,1488.1,12.5,1488.1,13.550450000000183,1528.7513500000005,2025-10-29 15:25:00,1504.0,END_OF_DAY,False,-0.6561004500000918,-0.048419089402941075,ORB_BOUNDARY
RELIANCE,2025-10-30,SELL,2025-10-30 09:40:00,2025-10-30 09:45:00,09:45,1493.0530999999999,1501.3,1494.0,7.2999999999999545,1496.7030999999997,3.6499999999998636,1485.7531000000001,2025-10-30 11:05:00,1496.7030999999997,STOP_LOSS,False,-6.639756199999864,-1.8191112876712636,ORB_50PCT
RELIANCE,2025-10-30,SELL,2025-10-30 09:40:00,2025-10-30 09:45:00,09:45,1493.0530999999999,1501.3,1494.0,7.2999999999999545,1501.3,8.246900000000096,1476.5592999999997,2025-10-30 11:20:00,1501.3,STOP_LOSS,False,-11.241253100000096,-1.3630883240975353,ORB_BOUNDARY
RELIANCE,2025-10-30,SELL,2025-10-30 13:05:00,2025-10-30 13:10:00,13:10,1492.6533000000002,1501.3,1494.0,7.2999999999999545,1496.3033,3.6499999999998636,1485.3533000000004,2025-10-30 14:50:00,1485.3533000000004,TARGET,False,4.321993399999727,1.1841077808218872,ORB_50PCT
RELIANCE,2025-10-30,SELL,2025-10-30 13:05:00,2025-10-30 13:10:00,13:10,1492.6533000000002,1501.3,1494.0,7.2999999999999545,1501.3,8.646699999999782,1475.3599000000006,2025-10-30 15:25:00,1489.7,END_OF_DAY,False,-0.029053299999873605,-0.0033600448725958267,ORB_BOUNDARY
RELIANCE,2025-10-31,SELL,2025-10-31 10:00:00,2025-10-31 10:05:00,10:05,1485.55685,1497.5,1488.1,9.400000000000091,1490.25685,4.7000000000000455,1476.1568499999998,2025-10-31 12:05:00,1490.25685,STOP_LOSS,False,-7.675813700000045,-1.6331518510638237,ORB_50PCT
RELIANCE,2025-10-31,SELL,2025-10-31 10:00:00,2025-10-31 10:05:00,10:05,1485.55685,1497.5,1488.1,9.400000000000091,1497.5,11.94315000000006,1461.6705499999998,2025-10-31 15:25:00,1487.0,END_OF_DAY,False,-4.41570685000006,-0.3697271532217244,ORB_BOUNDARY
RELIANCE,2025-11-03,SELL,2025-11-03 09:30:00,2025-11-03 09:35:00,09:35,1479.5598499999999,1488.9,1482.3,6.600000000000136,1482.8598499999998,3.2999999999999545,1472.95985,2025-11-03 09:35:00,1482.8598499999998,STOP_LOSS,False,-6.262419699999954,-1.8977029393939517,ORB_50PCT
RELIANCE,2025-11-03,SELL,2025-11-03 09:30:00,2025-11-03 09:35:00,09:35,1479.5598499999999,1488.9,1482.3,6.600000000000136,1488.9,9.340150000000222,1460.8795499999994,2025-11-03 09:40:00,1488.9,STOP_LOSS,False,-12.308609850000222,-1.317817149617504,ORB_BOUNDARY
RELIANCE,2025-11-03,BUY,2025-11-03 09:55:00,2025-11-03 10:00:00,10:00,1491.84555,1488.9,1482.3,6.600000000000136,1488.5455499999998,3.300000000000182,1498.4455500000004,2025-11-03 10:00:00,1488.5455499999998,STOP_LOSS,False,-6.280391100000182,-1.9031488181817684,ORB_50PCT
RELIANCE,2025-11-03,BUY,2025-11-03 09:55:00,2025-11-03 10:00:00,10:00,1491.84555,1488.9,1482.3,6.600000000000136,1482.3,9.545550000000048,1510.93665,2025-11-03 15:25:00,1487.3,END_OF_DAY,False,-7.5246955500000485,-0.7882935556358733,ORB_BOUNDARY
RELIANCE,2025-11-04,SELL,2025-11-04 13:10:00,2025-11-04 13:15:00,13:15,1479.8597,1492.8,1481.2,11.599999999999909,1485.6597,5.7999999999999545,1468.2597,2025-11-04 15:25:00,1471.1,END_OF_DAY,False,5.808740300000066,1.0015069482758814,ORB_50PCT
RELIANCE,2025-11-04,SELL,2025-11-04 13:10:00,2025-11-04 13:15:00,13:15,1479.8597,1492.8,1481.2,11.599999999999909,1492.8,12.94029999999998,1453.9791,2025-11-04 15:25:00,1471.1,END_OF_DAY,False,5.808740300000066,0.4488876069333845,ORB_BOUNDARY
RELIANCE,2025-11-06,BUY,2025-11-06 09:35:00,2025-11-06 09:40:00,09:40,1499.24925,1496.5,1476.2,20.299999999999955,1489.0992500000002,10.149999999999864,1519.5492499999998,2025-11-06 13:05:00,1489.0992500000002,STOP_LOSS,False,-13.138348499999864,-1.2944185714285754,ORB_50PCT
RELIANCE,2025-11-06,BUY,2025-11-06 09:35:00,2025-11-06 09:40:00,09:40,1499.24925,1496.5,1476.2,20.299999999999955,1476.2,23.04925000000003,1545.3477500000001,2025-11-06 15:25:00,1494.8,END_OF_DAY,False,-7.44329925000012,-0.32293021464907146,ORB_BOUNDARY
RELIANCE,2025-11-07,BUY,2025-11-07 09:45:00,2025-11-07 09:50:00,09:50,1498.24875,1495.3,1487.3,8.0,1494.24875,4.0,1506.24875,2025-11-07 09:50:00,1494.24875,STOP_LOSS,False,-6.9924975,-1.748124375,ORB_50PCT
RELIANCE,2025-11-07,BUY,2025-11-07 09:45:00,2025-11-07 09:50:00,09:50,1498.24875,1495.3,1487.3,8.0,1487.3,10.948750000000018,1520.14625,2025-11-07 12:15:00,1487.3,STOP_LOSS,False,-13.934298750000018,-1.272683982189747,ORB_BOUNDARY
RELIANCE,2025-11-07,SELL,2025-11-07 12:20:00,2025-11-07 12:25:00,12:25,1486.2565,1495.3,1487.3,8.0,1490.2565,4.0,1478.2565,2025-11-07 14:05:00,1478.2565,TARGET,False,5.035487,1.25887175,ORB_50PCT
RELIANCE,2025-11-07,SELL,2025-11-07 12:20:00,2025-11-07 12:25:00,12:25,1486.2565,1495.3,1487.3,8.0,1495.3,9.043499999999995,1468.1695,2025-11-07 15:25:00,1480.5,END_OF_DAY,False,2.7897434999999597,0.3084805108641523,ORB_BOUNDARY
RELIANCE,2025-11-10,BUY,2025-11-10 09:30:00,2025-11-10 09:35:00,09:35,1493.84655,1492.6,1475.5,17.09999999999991,1485.29655,8.549999999999955,1510.94655,2025-11-10 15:25:00,1489.7,END_OF_DAY,False,-7.130096549999934,-0.8339294210526282,ORB_50PCT
RELIANCE,2025-11-10,BUY,2025-11-10 09:30:00,2025-11-10 09:35:00,09:35,1493.84655,1492.6,1475.5,17.09999999999991,1475.5,18.34654999999998,1530.53965,2025-11-10 15:25:00,1489.7,END_OF_DAY,False,-7.130096549999934,-0.3886341873540225,ORB_BOUNDARY
RELIANCE,2025-11-11,SELL,2025-11-11 09:30:00,2025-11-11 09:35:00,09:35,1487.4559000000002,1498.8,1488.1,10.700000000000045,1492.8059000000003,5.350000000000136,1476.7558999999999,2025-11-11 13:45:00,1492.8059000000003,STOP_LOSS,False,-8.330261800000137,-1.5570582803738178,ORB_50PCT
RELIANCE,2025-11-11,SELL,2025-11-11 09:30:00,2025-11-11 09:35:00,09:35,1487.4559000000002,1498.8,1488.1,10.700000000000045,1498.8,11.344099999999798,1464.7677000000006,2025-11-11 15:25:00,1493.8,END_OF_DAY,False,-9.3253558999998,-0.8220445782389052,ORB_BOUNDARY
RELIANCE,2025-11-12,BUY,2025-11-12 11:15:00,2025-11-12 11:20:00,11:20,1515.9576,1513.5,1500.0,13.5,1509.2076,6.75,1529.4576,2025-11-12 15:20:00,1509.2076,STOP_LOSS,False,-9.7751652,-1.4481726222222222,ORB_50PCT
RELIANCE,2025-11-12,BUY,2025-11-12 11:15:00,2025-11-12 11:20:00,11:20,1515.9576,1513.5,1500.0,13.5,1500.0,15.957599999999957,1547.8727999999999,2025-11-12 15:25:00,1511.8,END_OF_DAY,False,-7.185357600000002,-0.45027808693036686,ORB_BOUNDARY
RELIANCE,2025-11-13,BUY,2025-11-13 11:00:00,2025-11-13 11:05:00,11:05,1517.45835,1516.0,1506.8,9.200000000000045,1512.85835,4.600000000000136,1526.6583500000004,2025-11-13 14:05:00,1512.85835,STOP_LOSS,False,-7.630316700000137,-1.6587644999999804,ORB_50PCT
RELIANCE,2025-11-13,BUY,2025-11-13 11:00:00,2025-11-13 11:05:00,11:05,1517.45835,1516.0,1506.8,9.200000000000045,1506.8,10.658350000000155,1538.7750500000004,2025-11-13 15:25:00,1512.1,END_OF_DAY,False,-8.3879083500002,-0.7869800062861586,ORB_BOUNDARY
RELIANCE,2025-11-14,BUY,2025-11-14 09:30:00,2025-11-14 09:35:00,09:35,1515.7575,1513.5,1505.5,8.0,1511.7575,4.0,1523.7575,2025-11-14 13:50:00,1511.7575,STOP_LOSS,False,-7.027514999999999,-1.7568787499999998,ORB_50PCT
RELIANCE,2025-11-14,BUY,2025-11-14 09:30:00,2025-11-14 09:35:00,09:35,1515.7575,1513.5,1505.5,8.0,1505.5,10.257499999999936,1536.2724999999998,2025-11-14 15:25:00,1518.2,END_OF_DAY,False,-0.591457499999891,-0.05766097977088907,ORB_BOUNDARY
RELIANCE,2025-11-17,SELL,2025-11-17 11:20:00,2025-11-17 11:25:00,11:25,1514.2425,1522.9,1516.0,6.900000000000091,1517.6925,3.4500000000000455,1507.3425,2025-11-17 14:30:00,1517.6925,STOP_LOSS,False,-6.481935000000046,-1.8788217391304234,ORB_50PCT
RELIANCE,2025-11-17,SELL,2025-11-17 11:20:00,2025-11-17 11:25:00,11:25,1514.2425,1522.9,1516.0,6.900000000000091,1522.9,8.657500000000027,1496.9275,2025-11-17 15:25:00,1518.0,END_OF_DAY,False,-6.789742499999937,-0.7842613341033688,ORB_BOUNDARY
RELIANCE,2025-11-18,BUY,2025-11-18 13:05:00,2025-11-18 13:10:00,13:10,1523.3612999999998,1521.7,1510.5,11.200000000000045,1517.7612999999997,5.600000000000136,1534.5613,2025-11-18 15:10:00,1517.7612999999997,STOP_LOSS,False,-8.641122600000136,-1.543057607142844,ORB_50PCT
RELIANCE,2025-11-18,BUY,2025-11-18 13:05:00,2025-11-18 13:10:00,13:10,1523.3612999999998,1521.7,1510.5,11.200000000000045,1510.5,12.861299999999801,1549.0838999999994,2025-11-18 15:25:00,1520.0,END_OF_DAY,False,-6.4046612999998,-0.4979793100230847,ORB_BOUNDARY
RELIANCE,2025-11-19,BUY,2025-11-19 10:10:00,2025-11-19 10:15:00,10:15,1520.9601,1519.5,1514.9,4.599999999999909,1518.6601,2.2999999999999545,1525.5601,2025-11-19 10:25:00,1518.6601,STOP_LOSS,False,-5.339620199999954,-2.3215740000000262,ORB_50PCT
RELIANCE,2025-11-19,BUY,2025-11-19 10:10:00,2025-11-19 10:15:00,10:15,1520.9601,1519.5,1514.9,4.599999999999909,1514.9,6.06009999999992,1533.0802999999999,2025-11-19 11:10:00,1514.9,STOP_LOSS,False,-9.095960099999921,-1.500958746555344,ORB_BOUNDARY
RELIANCE,2025-11-19,BUY,2025-11-19 12:30:00,2025-11-19 12:35:00,12:35,1521.26025,1519.5,1514.9,4.599999999999909,1518.96025,2.2999999999999545,1525.86025,2025-11-19 12:35:00,1518.96025,STOP_LOSS,False,-5.340220499999955,-2.3218350000000263,ORB_50PCT
RELIANCE,2025-11-19,BUY,2025-11-19 12:30:00,2025-11-19 12:35:00,12:35,1521.26025,1519.5,1514.9,4.599999999999909,1514.9,6.360249999999951,1533.98075,2025-11-19 15:25:00,1519.0,END_OF_DAY,False,-5.300510250000042,-0.8333808026414187,ORB_BOUNDARY
RELIANCE,2025-11-20,BUY,2025-11-20 09:30:00,2025-11-20 09:35:00,09:35,1538.66895,1537.0,1526.7,10.299999999999955,1533.5189500000001,5.149999999999864,1548.9689499999997,2025-11-20 09:40:00,1533.5189500000001,STOP_LOSS,False,-8.222187899999863,-1.596541339805841,ORB_50PCT
RELIANCE,2025-11-20,BUY,2025-11-20 09:30:00,2025-11-20 09:35:00,09:35,1538.66895,1537.0,1526.7,10.299999999999955,1526.7,11.96894999999995,1562.60685,2025-11-20 15:25:00,1549.5,END_OF_DAY,False,7.742881050000005,0.6469139774165684,ORB_BOUNDARY
RELIANCE,2025-11-24,SELL,2025-11-24 10:40:00,2025-11-24 10:45:00,10:45,1539.52985,1550.0,1540.3,9.700000000000045,1544.3798499999998,4.849999999999909,1529.82985,2025-11-24 15:00:00,1544.3798499999998,STOP_LOSS,False,-7.933909699999909,-1.6358576701031047,ORB_50PCT
RELIANCE,2025-11-24,SELL,2025-11-24 10:40:00,2025-11-24 10:45:00,10:45,1539.52985,1550.0,1540.3,9.700000000000045,1550.0,10.470150000000103,1518.5895499999997,2025-11-24 15:25:00,1534.8,END_OF_DAY,False,1.655520149999942,0.15811809286399198,ORB_BOUNDARY
RELIANCE,2025-11-25,BUY,2025-11-25 09:30:00,2025-11-25 09:35:00,09:35,1555.9776,1553.9,1525.1,28.800000000000182,1541.5775999999998,14.400000000000091,1584.7776000000001,2025-11-25 15:00:00,1541.5775999999998,STOP_LOSS,False,-17.49755520000009,-1.2151079999999985,ORB_50PCT
RELIANCE,2025-11-25,BUY,2025-11-25 09:30:00,2025-11-25 09:35:00,09:35,1555.9776,1553.9,1525.1,28.800000000000182,1525.1,30.87760000000003,1617.7328,2025-11-25 15:25:00,1540.7,END_OF_DAY,False,-18.374277599999893,-0.5950681918283764,ORB_BOUNDARY
RELIANCE,2025-11-26,BUY,2025-11-26 09:50:00,2025-11-26 09:55:00,09:55,1554.777,1552.5,1540.5,12.0,1548.777,6.0,1566.777,2025-11-26 12:50:00,1566.777,TARGET,False,8.878446,1.479741,ORB_50PCT
RELIANCE,2025-11-26,BUY,2025-11-26 09:50:00,2025-11-26 09:55:00,09:55,1554.777,1552.5,1540.5,12.0,1540.5,14.277000000000044,1583.3310000000001,2025-11-26 15:25:00,1569.6,END_OF_DAY,False,11.698622999999866,0.8194034461021105,ORB_BOUNDARY
RELIANCE,2025-11-27,SELL,2025-11-27 10:30:00,2025-11-27 10:35:00,10:35,1564.91715,1575.5,1565.9,9.599999999999909,1569.71715,4.7999999999999545,1555.31715,2025-11-27 15:25:00,1564.8,END_OF_DAY,False,-3.012567149999962,-0.6276181562499981,ORB_50PCT
RELIANCE,2025-11-27,SELL,2025-11-27 10:30:00,2025-11-27 10:35:00,10:35,1564.91715,1575.5,1565.9,9.599999999999909,1575.5,10.582850000000008,1543.75145,2025-11-27 15:25:00,1564.8,END_OF_DAY,False,-3.012567149999962,-0.28466501462271127,ORB_BOUNDARY
RELIANCE,2025-11-28,BUY,2025-11-28 09:30:00,2025-11-28 09:35:00,09:35,1578.789,1573.8,1563.0,10.799999999999955,1573.3890000000001,5.399999999999864,1589.5889999999997,2025-11-28 09:35:00,1573.3890000000001,STOP_LOSS,False,-8.552177999999863,-1.5837366666666812,ORB_50PCT
RELIANCE,2025-11-28,BUY,2025-11-28 09:30:00,2025-11-28 09:35:00,09:35,1578.789,1573.8,1563.0,10.799999999999955,1563.0,15.788999999999987,1610.367,2025-11-28 15:25:00,1569.0,END_OF_DAY,False,-12.936788999999987,-0.819354550636519,ORB_BOUNDARY
RELIANCE,2025-12-01,SELL,2025-12-01 14:35:00,2025-12-01 14:40:00,14:40,1569.0150999999998,1577.5,1571.0,6.5,1572.2650999999998,3.25,1562.5150999999998,2025-12-01 15:25:00,1566.0,END_OF_DAY,False,-0.11991510000015193,-0.03689695384620059,ORB_50PCT
RELIANCE,2025-12-01,SELL,2025-12-01 14:35:00,2025-12-01 14:40:00,14:40,1569.0150999999998,1577.5,1571.0,6.5,1577.5,8.484900000000152,1552.0452999999995,2025-12-01 15:25:00,1566.0,END_OF_DAY,False,-0.11991510000015193,-0.014132765265371399,ORB_BOUNDARY
RELIANCE,2025-12-02,SELL,2025-12-02 09:35:00,2025-12-02 09:40:00,09:40,1557.5208499999999,1567.5,1558.6,8.900000000000091,1561.97085,4.4500000000000455,1548.6208499999998,2025-12-02 12:40:00,1548.6208499999998,TARGET,False,5.793858300000091,1.3019906292134902,ORB_50PCT
RELIANCE,2025-12-02,SELL,2025-12-02 09:35:00,2025-12-02 09:40:00,09:40,1557.5208499999999,1567.5,1558.6,8.900000000000091,1567.5,9.979150000000118,1537.5625499999996,2025-12-02 15:25:00,1549.0,END_OF_DAY,False,5.414329149999882,0.5425641612762427,ORB_BOUNDARY
RELIANCE,2025-12-03,SELL,2025-12-03 10:00:00,2025-12-03 10:05:00,10:05,1541.229,1552.4,1543.4,9.0,1545.729,4.5,1532.229,2025-12-03 15:25:00,1539.1,END_OF_DAY,False,-0.9513289999998671,-0.21140644444441492,ORB_50PCT
RELIANCE,2025-12-03,SELL,2025-12-03 10:00:00,2025-12-03 10:05:00,10:05,1541.229,1552.4,1543.4,9.0,1552.4,11.17100000000005,1518.887,2025-12-03 15:25:00,1539.1,END_OF_DAY,False,-0.9513289999998671,-0.08516059439619218,ORB_BOUNDARY
RELIANCE,2025-12-04,BUY,2025-12-04 09:35:00,2025-12-04 09:40:00,09:40,1547.7735,1545.0,1535.5,9.5,1543.0235,4.75,1557.2735,2025-12-04 10:35:00,1557.2735,TARGET,False,6.394953,1.346305894736842,ORB_50PCT
RELIANCE,2025-12-04,BUY,2025-12-04 09:35:00,2025-12-04 09:40:00,09:40,1547.7735,1545.0,1535.5,9.5,1535.5,12.273500000000013,1572.3205,2025-12-04 15:15:00,1535.5,STOP_LOSS,False,-15.356773500000013,-1.2512138754226583,ORB_BOUNDARY
RELIANCE,2025-12-04,SELL,2025-12-04 15:20:00,2025-12-04 15:25:00,15:25,1533.33295,1545.0,1535.5,9.5,1538.08295,4.75,1523.83295,2025-12-04 15:25:00,1523.83295,TARGET,False,6.4428341,1.3563861263157895,ORB_50PCT
RELIANCE,2025-12-04,SELL,2025-12-04 15:20:00,2025-12-04 15:25:00,15:25,1533.33295,1545.0,1535.5,9.5,1545.0,11.667050000000017,1509.99885,2025-12-04 15:25:00,1525.9,END_OF_DAY,False,4.373717049999891,0.37487771544648263,ORB_BOUNDARY
RELIANCE,2025-12-05,SELL,2025-12-05 09:35:00,2025-12-05 09:40:00,09:40,1520.53935,1532.0,1522.4,9.599999999999909,1525.33935,4.7999999999999545,1510.93935,2025-12-05 09:45:00,1525.33935,STOP_LOSS,False,-7.845878699999955,-1.634558062500006,ORB_50PCT
RELIANCE,2025-12-05,SELL,2025-12-05 09:35:00,2025-12-05 09:40:00,09:40,1520.53935,1532.0,1522.4,9.599999999999909,1532.0,11.460649999999987,1497.61805,2025-12-05 10:50:00,1532.0,STOP_LOSS,False,-14.513189349999987,-1.2663495831388276,ORB_BOUNDARY
RELIANCE,2025-12-05,BUY,2025-12-05 11:00:00,2025-12-05 11:05:00,11:05,1533.0661499999999,1532.0,1522.4,9.599999999999909,1528.26615,4.7999999999999545,1542.6661499999998,2025-12-05 15:15:00,1542.6661499999998,TARGET,False,6.524267699999909,1.359222437499994,ORB_50PCT
RELIANCE,2025-12-05,BUY,2025-12-05 11:00:00,2025-12-05 11:05:00,11:05,1533.0661499999999,1532.0,1522.4,9.599999999999909,1522.4,10.666149999999789,1554.3984499999995,2025-12-05 15:25:00,1544.6,END_OF_DAY,False,8.456183850000029,0.7928056374605829,ORB_BOUNDARY
RELIANCE,2025-12-08,SELL,2025-12-08 12:40:00,2025-12-08 12:45:00,12:45,1536.53135,1551.0,1539.2,11.799999999999955,1542.4313499999998,5.899999999999864,1524.7313500000002,2025-12-08 13:10:00,1542.4313499999998,STOP_LOSS,False,-8.978962699999864,-1.5218580847457748,ORB_50PCT
RELIANCE,2025-12-08,SELL,2025-12-08 12:40:00,2025-12-08 12:45:00,12:45,1536.53135,1551.0,1539.2,11.799999999999955,1551.0,14.468650000000025,1507.59405,2025-12-08 15:25:00,1538.7,END_OF_DAY,False,-5.243881350000071,-0.3624305895850727,ORB_BOUNDARY
RELIANCE,2025-12-09,SELL,2025-12-09 09:40:00,2025-12-09 09:45:00,09:45,1522.73825,1542.5,1523.9,18.59999999999991,1532.03825,9.299999999999955,1504.1382500000002,2025-12-09 10:15:00,1532.03825,STOP_LOSS,False,-12.354776499999954,-1.328470591397851,ORB_50PCT
RELIANCE,2025-12-09,SELL,2025-12-09 09:40:00,2025-12-09 09:45:00,09:45,1522.73825,1542.5,1523.9,18.59999999999991,1542.5,19.761749999999893,1483.2147500000003,2025-12-09 15:25:00,1531.2,END_OF_DAY,False,-11.515688249999938,-0.5827261376143308,ORB_BOUNDARY
RELIANCE,2025-12-10,BUY,2025-12-10 10:10:00,2025-12-10 10:15:00,10:15,1542.3708,1539.8,1531.4,8.399999999999864,1538.1707999999999,4.2000000000000455,1550.7708,2025-12-10 12:10:00,1538.1707999999999,STOP_LOSS,False,-7.280541600000046,-1.7334622857142779,ORB_50PCT
RELIANCE,2025-12-10,BUY,2025-12-10 10:10:00,2025-12-10 10:15:00,10:15,1542.3708,1539.8,1531.4,8.399999999999864,1531.4,10.970799999999826,1564.3123999999996,2025-12-10 15:25:00,1533.5,END_OF_DAY,False,-11.946670799999918,-1.088951653480157,ORB_BOUNDARY
RELIANCE,2025-12-11,SELL,2025-12-11 09:35:00,2025-12-11 09:40:00,09:40,1524.8372,1538.5,1530.5,8.0,1528.8372,4.0,1516.8372,2025-12-11 10:05:00,1528.8372,STOP_LOSS,False,-7.0536744,-1.7634186,ORB_50PCT
RELIANCE,2025-12-11,SELL,2025-12-11 09:35:00,2025-12-11 09:40:00,09:40,1524.8372,1538.5,1530.5,8.0,1538.5,13.662800000000061,1497.5115999999998,2025-12-11 11:25:00,1538.5,STOP_LOSS,False,-16.72613720000006,-1.2242100594314478,ORB_BOUNDARY
RELIANCE,2025-12-11,BUY,2025-12-11 11:55:00,2025-12-11 12:00:00,12:00,1540.06965,1538.5,1530.5,8.0,1536.06965,4.0,1548.06965,2025-12-11 12:25:00,1548.06965,TARGET,False,4.9118607,1.227965175,ORB_50PCT
RELIANCE,2025-12-11,BUY,2025-12-11 11:55:00,2025-12-11 12:00:00,12:00,1540.06965,1538.5,1530.5,8.0,1530.5,9.56964999999991,1559.2089499999997,2025-12-11 15:25:00,1544.7,END_OF_DAY,False,1.5455803500001348,0.16150855569432,ORB_BOUNDARY
RELIANCE,2025-12-12,BUY,2025-12-12 11:55:00,2025-12-12 12:00:00,12:00,1557.3782999999999,1555.0,1547.7,7.2999999999999545,1553.7282999999998,3.650000000000091,1564.6783,2025-12-12 15:25:00,1554.3,END_OF_DAY,False,-6.189978299999899,-1.6958844657533547,ORB_50PCT
RELIANCE,2025-12-12,BUY,2025-12-12 11:55:00,2025-12-12 12:00:00,12:00,1557.3782999999999,1555.0,1547.7,7.2999999999999545,1547.7,9.678299999999808,1576.7348999999995,2025-12-12 15:25:00,1554.3,END_OF_DAY,False,-6.189978299999899,-0.6395728898670243,ORB_BOUNDARY
RELIANCE,2025-12-15,SELL,2025-12-15 09:30:00,2025-12-15 09:35:00,09:35,1547.0261,1556.0,1548.3,7.7000000000000455,1550.8761,3.849999999999909,1539.3261000000002,2025-12-15 09:50:00,1550.8761,STOP_LOSS,False,-6.947902199999909,-1.804649922077941,ORB_50PCT
RELIANCE,2025-12-15,SELL,2025-12-15 09:30:00,2025-12-15 09:35:00,09:35,1547.0261,1556.0,1548.3,7.7000000000000455,1556.0,8.973899999999958,1529.0783000000001,2025-12-15 12:50:00,1556.0,STOP_LOSS,False,-12.076926099999959,-1.3457834497821477,ORB_BOUNDARY
RELIANCE,2025-12-15,BUY,2025-12-15 13:10:00,2025-12-15 13:15:00,13:15,1557.27825,1556.0,1548.3,7.7000000000000455,1553.42825,3.8500000000001364,1564.9782500000003,2025-12-15 14:10:00,1553.42825,STOP_LOSS,False,-6.960706500000137,-1.8079757142856858,ORB_50PCT
RELIANCE,2025-12-15,BUY,2025-12-15 13:10:00,2025-12-15 13:15:00,13:15,1557.27825,1556.0,1548.3,7.7000000000000455,1548.3,8.978250000000116,1575.2347500000003,2025-12-15 15:25:00,1556.5,END_OF_DAY,False,-3.892028250000071,-0.4334951967254221,ORB_BOUNDARY
RELIANCE,2025-12-16,SELL,2025-12-16 09:55:00,2025-12-16 10:00:00,10:00,1542.52835,1551.7,1545.0,6.7000000000000455,1545.87835,3.349999999999909,1535.8283500000002,2025-12-16 12:30:00,1545.87835,STOP_LOSS,False,-6.438406699999909,-1.921912447761219,ORB_50PCT
RELIANCE,2025-12-16,SELL,2025-12-16 09:55:00,2025-12-16 10:00:00,10:00,1542.52835,1551.7,1545.0,6.7000000000000455,1551.7,9.17165,1524.18505,2025-12-16 15:25:00,1540.6,END_OF_DAY,False,-1.1547783499998632,-0.12590737217402137,ORB_BOUNDARY
RELIANCE,2025-12-17,SELL,2025-12-17 10:25:00,2025-12-17 10:30:00,10:30,1540.8292,1550.0,1542.1,7.900000000000091,1544.7792,3.9500000000000455,1532.9291999999998,2025-12-17 11:45:00,1544.7792,STOP_LOSS,False,-7.035608400000045,-1.7811666835442947,ORB_50PCT
RELIANCE,2025-12-17,SELL,2025-12-17 10:25:00,2025-12-17 10:30:00,10:30,1540.8292,1550.0,1542.1,7.900000000000091,1550.0,9.1708000000001,1522.4875999999997,2025-12-17 15:25:00,1545.9,END_OF_DAY,False,-8.15752920000019,-0.8895111876826561,ORB_BOUNDARY
RELIANCE,2025-12-18,BUY,2025-12-18 11:50:00,2025-12-18 11:55:00,11:55,1549.3743,1548.3,1535.2,13.099999999999909,1542.8243,6.5499999999999545,1562.4742999999999,2025-12-18 14:40:00,1542.8243,STOP_LOSS,False,-9.642198599999954,-1.4720913893129803,ORB_50PCT
RELIANCE,2025-12-18,BUY,2025-12-18 11:50:00,2025-12-18 11:55:00,11:55,1549.3743,1548.3,1535.2,13.099999999999909,1535.2,14.174299999999903,1577.7228999999998,2025-12-18 15:25:00,1543.5,END_OF_DAY,False,-8.967174299999948,-0.6326361301792688,ORB_BOUNDARY
RELIANCE,2025-12-19,BUY,2025-12-19 10:40:00,2025-12-19 10:45:00,10:45,1572.68595,1567.9,1551.0,16.90000000000009,1564.23595,8.450000000000045,1589.5859500000001,2025-12-19 15:00:00,1564.23595,STOP_LOSS,False,-11.586921900000046,-1.3712333609467438,ORB_50PCT
RELIANCE,2025-12-19,BUY,2025-12-19 10:40:00,2025-12-19 10:45:00,10:45,1572.68595,1567.9,1551.0,16.90000000000009,1551.0,21.685950000000048,1616.0578500000001,2025-12-19 15:25:00,1564.9,END_OF_DAY,False,-10.923535949999957,-0.503714891438924,ORB_BOUNDARY
RELIANCE,2025-12-22,BUY,2025-12-22 09:50:00,2025-12-22 09:55:00,09:55,1575.48735,1573.5,1569.0,4.5,1573.23735,2.25,1579.98735,2025-12-22 10:10:00,1573.23735,STOP_LOSS,False,-5.398724700000001,-2.3994332000000003,ORB_50PCT
RELIANCE,2025-12-22,BUY,2025-12-22 09:50:00,2025-12-22 09:55:00,09:55,1575.48735,1573.5,1569.0,4.5,1569.0,6.487350000000106,1588.4620500000003,2025-12-22 11:50:00,1569.0,STOP_LOSS,False,-9.631837350000106,-1.484710606025565,ORB_BOUNDARY
RELIANCE,2025-12-22,SELL,2025-12-22 12:00:00,2025-12-22 12:05:00,12:05,1568.11555,1573.5,1569.0,4.5,1570.36555,2.25,1563.61555,2025-12-22 12:05:00,1570.36555,STOP_LOSS,False,-5.3884811,-2.394880488888889,ORB_50PCT
RELIANCE,2025-12-22,SELL,2025-12-22 12:00:00,2025-12-22 12:05:00,12:05,1568.11555,1573.5,1569.0,4.5,1573.5,5.384450000000015,1557.34665,2025-12-22 14:35:00,1573.5,STOP_LOSS,False,-8.526065550000016,-1.5834608084391149,ORB_BOUNDARY
RELIANCE,2025-12-22,BUY,2025-12-22 15:00:00,2025-12-22 15:05:00,15:05,1575.28725,1573.5,1569.0,4.5,1573.03725,2.25,1579.78725,2025-12-22 15:25:00,1576.6,END_OF_DAY,False,-1.8391372500001761,-0.8173943333334116,ORB_50PCT
RELIANCE,2025-12-22,BUY,2025-12-22 15:00:00,2025-12-22 15:05:00,15:05,1575.28725,1573.5,1569.0,4.5,1569.0,6.2872500000000855,1587.8617500000003,2025-12-22 15:25:00,1576.6,END_OF_DAY,False,-1.8391372500001761,-0.29251854944533,ORB_BOUNDARY
RELIANCE,2025-12-23,SELL,2025-12-23 09:30:00,2025-12-23 09:35:00,09:35,1572.0136,1580.9,1573.5,7.400000000000091,1575.7136,3.7000000000000455,1564.6136,2025-12-23 09:55:00,1575.7136,STOP_LOSS,False,-6.847727200000046,-1.8507370810810706,ORB_50PCT
RELIANCE,2025-12-23,SELL,2025-12-23 09:30:00,2025-12-23 09:35:00,09:35,1572.0136,1580.9,1573.5,7.400000000000091,1580.9,8.886400000000094,1554.2407999999998,2025-12-23 15:25:00,1569.0,END_OF_DAY,False,-0.12741360000000368,-0.014338044652502963,ORB_BOUNDARY
RELIANCE,2025-12-24,SELL,2025-12-24 10:45:00,2025-12-24 10:50:00,10:50,1566.5163499999999,1575.7,1568.2,7.5,1570.2663499999999,3.75,1559.0163499999999,2025-12-24 12:35:00,1559.0163499999999,TARGET,False,4.3744673,1.1665246133333333,ORB_50PCT
RELIANCE,2025-12-24,SELL,2025-12-24 10:45:00,2025-12-24 10:50:00,10:50,1566.5163499999999,1575.7,1568.2,7.5,1575.7,9.18365000000017,1548.1490499999995,2025-12-24 15:25:00,1560.9,END_OF_DAY,False,2.488933649999784,0.27101791226796945,ORB_BOUNDARY
RELIANCE,2025-12-29,SELL,2025-12-29 10:15:00,2025-12-29 10:20:00,10:20,1549.72475,1558.1,1551.0,7.099999999999909,1553.27475,3.5499999999999545,1542.6247500000002,2025-12-29 15:25:00,1546.8,END_OF_DAY,False,-0.17177474999986897,-0.04838725352109047,ORB_50PCT
RELIANCE,2025-12-29,SELL,2025-12-29 10:15:00,2025-12-29 10:20:00,10:20,1549.72475,1558.1,1551.0,7.099999999999909,1558.1,8.375249999999824,1532.9742500000004,2025-12-29 15:25:00,1546.8,END_OF_DAY,False,-0.17177474999986897,-0.020509805677427252,ORB_BOUNDARY
RELIANCE,2025-12-30,BUY,2025-12-30 09:30:00,2025-12-30 09:35:00,09:35,1551.27525,1549.4,1543.1,6.300000000000182,1548.1252499999998,3.150000000000091,1557.57525,2025-12-30 10:55:00,1548.1252499999998,STOP_LOSS,False,-6.249400500000091,-1.9839366666666383,ORB_50PCT
RELIANCE,2025-12-30,BUY,2025-12-30 09:30:00,2025-12-30 09:35:00,09:35,1551.27525,1549.4,1543.1,6.300000000000182,1543.1,8.175250000000005,1567.62575,2025-12-30 11:30:00,1543.1,STOP_LOSS,False,-11.269625250000006,-1.3785052750680407,ORB_BOUNDARY
RELIANCE,2025-12-30,SELL,2025-12-30 12:00:00,2025-12-30 12:05:00,12:05,1541.4289,1549.4,1543.1,6.300000000000182,1544.5789000000002,3.150000000000091,1535.1289,2025-12-30 12:35:00,1544.5789000000002,STOP_LOSS,False,-6.236007800000092,-1.979685015872988,ORB_50PCT
RELIANCE,2025-12-30,SELL,2025-12-30 12:00:00,2025-12-30 12:05:00,12:05,1541.4289,1549.4,1543.1,6.300000000000182,1549.4,7.9710999999999785,1525.4867000000002,2025-12-30 15:25:00,1540.5,END_OF_DAY,False,-2.1530288999998874,-0.2701043645168036,ORB_BOUNDARY
RELIANCE,2025-12-31,BUY,2025-12-31 11:00:00,2025-12-31 11:05:00,11:05,1552.776,1549.6,1541.0,8.599999999999909,1548.476,4.2999999999999545,1561.376,2025-12-31 11:35:00,1561.376,TARGET,False,5.485847999999908,1.275778604651155,ORB_50PCT
RELIANCE,2025-12-31,BUY,2025-12-31 11:00:00,2025-12-31 11:05:00,11:05,1552.776,1549.6,1541.0,8.599999999999909,1541.0,11.776000000000067,1576.3280000000002,2025-12-31 14:55:00,1576.3280000000002,TARGET,False,20.422896000000133,1.7342812500000013,ORB_BOUNDARY
RELIANCE,2026-01-01,SELL,2026-01-01 15:20:00,2026-01-01 15:25:00,15:25,1571.91365,1589.6,1572.3,17.299999999999955,1580.56365,8.650000000000091,1554.6136499999998,2026-01-01 15:25:00,1572.7,END_OF_DAY,False,-3.930963650000084,-0.45444666473988937,ORB_50PCT
RELIANCE,2026-01-01,SELL,2026-01-01 15:20:00,2026-01-01 15:25:00,15:25,1571.91365,1589.6,1572.3,17.299999999999955,1589.6,17.686349999999948,1536.54095,2026-01-01 15:25:00,1572.7,END_OF_DAY,False,-3.930963650000084,-0.22225974550996083,ORB_BOUNDARY
RELIANCE,2026-01-02,BUY,2026-01-02 09:40:00,2026-01-02 09:45:00,09:45,1589.1942000000001,1587.5,1578.2,9.299999999999955,1584.5442000000003,4.649999999999864,1598.4941999999999,2026-01-02 10:55:00,1584.5442000000003,STOP_LOSS,False,-7.823738399999864,-1.6825243870967943,ORB_50PCT
RELIANCE,2026-01-02,BUY,2026-01-02 09:40:00,2026-01-02 09:45:00,09:45,1589.1942000000001,1587.5,1578.2,9.299999999999955,1578.2,10.994200000000092,1611.1826000000003,2026-01-02 15:25:00,1593.0,END_OF_DAY,False,0.6236057999998628,0.05672134398135904,ORB_BOUNDARY
RELIANCE,2026-01-05,SELL,2026-01-05 12:00:00,2026-01-05 12:05:00,12:05,1591.204,1611.8,1592.3,19.5,1600.954,9.75,1571.704,2026-01-05 15:25:00,1577.2,END_OF_DAY,False,10.835595999999905,1.1113431794871698,ORB_50PCT
RELIANCE,2026-01-05,SELL,2026-01-05 12:00:00,2026-01-05 12:05:00,12:05,1591.204,1611.8,1592.3,19.5,1611.8,20.596000000000004,1550.012,2026-01-05 15:25:00,1577.2,END_OF_DAY,False,10.835595999999905,0.5261019615459265,ORB_BOUNDARY
RELIANCE,2026-01-06,SELL,2026-01-06 11:10:00,2026-01-06 11:15:00,11:15,1510.4444,1569.0,1517.8,51.200000000000045,1536.0444000000002,25.600000000000136,1459.2443999999998,2026-01-06 15:25:00,1508.7,END_OF_DAY,False,-1.2747443999999586,-0.04979470312499812,ORB_50PCT
RELIANCE,2026-01-06,SELL,2026-01-06 11:10:00,2026-01-06 11:15:00,11:15,1510.4444,1569.0,1517.8,51.200000000000045,1569.0,58.55559999999991,1393.3332000000003,2026-01-06 15:25:00,1508.7,END_OF_DAY,False,-1.2747443999999586,-0.021769811939421003,ORB_BOUNDARY
RELIANCE,2026-01-07,SELL,2026-01-07 12:20:00,2026-01-07 12:25:00,12:25,1503.3479499999999,1519.5,1504.4,15.099999999999909,1510.8979499999998,7.5499999999999545,1488.24795,2026-01-07 15:25:00,1505.2,END_OF_DAY,False,-4.860597950000191,-0.643787807947049,ORB_50PCT
RELIANCE,2026-01-07,SELL,2026-01-07 12:20:00,2026-01-07 12:25:00,12:25,1503.3479499999999,1519.5,1504.4,15.099999999999909,1519.5,16.152050000000145,1471.0438499999996,2026-01-07 15:25:00,1505.2,END_OF_DAY,False,-4.860597950000191,-0.3009276190947989,ORB_BOUNDARY
RELIANCE,2026-01-08,SELL,2026-01-08 10:00:00,2026-01-08 10:05:00,10:05,1489.255,1503.9,1491.1,12.800000000000182,1495.6550000000002,6.400000000000091,1476.455,2026-01-08 12:05:00,1476.455,TARGET,False,9.834290000000182,1.5366078125000067,ORB_50PCT
RELIANCE,2026-01-08,SELL,2026-01-08 10:00:00,2026-01-08 10:05:00,10:05,1489.255,1503.9,1491.1,12.800000000000182,1503.9,14.644999999999982,1459.9650000000001,2026-01-08 15:25:00,1470.9,END_OF_DAY,False,15.394845000000018,1.0512014339364997,ORB_BOUNDARY
RELIANCE,2026-01-12,SELL,2026-01-12 11:10:00,2026-01-12 11:15:00,11:15,1455.1720500000001,1477.9,1456.3,21.600000000000136,1465.9720500000003,10.800000000000182,1433.5720499999998,2026-01-12 12:20:00,1465.9720500000003,STOP_LOSS,False,-13.721144100000183,-1.270476305555551,ORB_50PCT
RELIANCE,2026-01-12,SELL,2026-01-12 11:10:00,2026-01-12 11:15:00,11:15,1455.1720500000001,1477.9,1456.3,21.600000000000136,1477.9,22.727949999999964,1409.7161500000002,2026-01-12 13:50:00,1477.9,STOP_LOSS,False,-25.661022049999964,-1.129051324470531,ORB_BOUNDARY
RELIANCE,2026-01-12,BUY,2026-01-12 14:05:00,2026-01-12 14:10:00,14:10,1480.5399,1477.9,1456.3,21.600000000000136,1469.7399,10.799999999999955,1502.1399,2026-01-12 15:25:00,1484.0,END_OF_DAY,False,0.4955601000000116,0.045885194444445714,ORB_50PCT
RELIANCE,2026-01-12,BUY,2026-01-12 14:05:00,2026-01-12 14:10:00,14:10,1480.5399,1477.9,1456.3,21.600000000000136,1456.3,24.239900000000034,1529.0197,2026-01-12 15:25:00,1484.0,END_OF_DAY,False,0.4955601000000116,0.020443982854715197,ORB_BOUNDARY
RELIANCE,2026-01-13,SELL,2026-01-13 09:30:00,2026-01-13 09:35:00,09:35,1466.2665,1485.8,1468.0,17.799999999999955,1475.1664999999998,8.899999999999864,1448.4665000000002,2026-01-13 14:20:00,1448.4665000000002,TARGET,False,14.885266999999727,1.6725019101123546,ORB_50PCT
RELIANCE,2026-01-13,SELL,2026-01-13 09:30:00,2026-01-13 09:35:00,09:35,1466.2665,1485.8,1468.0,17.799999999999955,1485.8,19.533500000000004,1427.1995,2026-01-13 15:25:00,1456.9,END_OF_DAY,False,6.443333499999859,0.3298606752502039,ORB_BOUNDARY
RELIANCE,2026-01-14,BUY,2026-01-14 09:30:00,2026-01-14 09:35:00,09:35,1455.7275,1453.8,1440.2,13.599999999999909,1448.9275,6.7999999999999545,1469.3274999999999,2026-01-14 15:25:00,1458.8,END_OF_DAY,False,0.15797249999999075,0.023231249999998795,ORB_50PCT
RELIANCE,2026-01-14,BUY,2026-01-14 09:30:00,2026-01-14 09:35:00,09:35,1455.7275,1453.8,1440.2,13.599999999999909,1440.2,15.527499999999918,1486.7824999999998,2026-01-14 15:25:00,1458.8,END_OF_DAY,False,0.15797249999999075,0.01017372403799656,ORB_BOUNDARY
RELIANCE,2026-01-16,BUY,2026-01-16 10:35:00,2026-01-16 10:40:00,10:40,1475.5374,1472.5,1458.8,13.700000000000045,1468.6873999999998,6.850000000000136,1489.2374000000002,2026-01-16 11:50:00,1468.6873999999998,STOP_LOSS,False,-9.794224800000137,-1.42981383941605,ORB_50PCT
RELIANCE,2026-01-16,BUY,2026-01-16 10:35:00,2026-01-16 10:40:00,10:40,1475.5374,1472.5,1458.8,13.700000000000045,1458.8,16.73739999999998,1509.0122,2026-01-16 12:55:00,1458.8,STOP_LOSS,False,-19.67173739999998,-1.1753162020385486,ORB_BOUNDARY
RELIANCE,2026-01-16,SELL,2026-01-16 13:00:00,2026-01-16 13:05:00,13:05,1457.6708,1472.5,1458.8,13.700000000000045,1464.5208000000002,6.850000000000136,1443.9707999999998,2026-01-16 13:30:00,1464.5208000000002,STOP_LOSS,False,-9.772191600000136,-1.4265973138686046,ORB_50PCT
RELIANCE,2026-01-16,SELL,2026-01-16 13:00:00,2026-01-16 13:05:00,13:05,1457.6708,1472.5,1458.8,13.700000000000045,1472.5,14.8291999999999,1428.0124000000003,2026-01-16 15:25:00,1461.2,END_OF_DAY,False,-6.448070799999947,-0.43482256628813354,ORB_BOUNDARY
RELIANCE,2026-01-19,SELL,2026-01-19 10:25:00,2026-01-19 10:30:00,10:30,1412.2935,1450.6,1418.6,32.0,1428.2935,16.0,1380.2935,2026-01-19 15:25:00,1413.2,END_OF_DAY,False,-3.731993500000051,-0.23324959375000318,ORB_50PCT
RELIANCE,2026-01-19,SELL,2026-01-19 10:25:00,2026-01-19 10:30:00,10:30,1412.2935,1450.6,1418.6,32.0,1450.6,38.306499999999915,1335.6805000000002,2026-01-19 15:25:00,1413.2,END_OF_DAY,False,-3.731993500000051,-0.0974245493584655,ORB_BOUNDARY
RELIANCE,2026-01-20,SELL,2026-01-20 09:50:00,2026-01-20 09:55:00,09:55,1402.4984,1416.0,1405.6,10.400000000000091,1407.6984,5.2000000000000455,1392.0983999999999,2026-01-20 10:10:00,1407.6984,STOP_LOSS,False,-8.010196800000045,-1.5404224615384567,ORB_50PCT
RELIANCE,2026-01-20,SELL,2026-01-20 09:50:00,2026-01-20 09:55:00,09:55,1402.4984,1416.0,1405.6,10.400000000000091,1416.0,13.501600000000053,1375.4951999999998,2026-01-20 15:25:00,1392.4,END_OF_DAY,False,7.303501599999856,0.5409360075842735,ORB_BOUNDARY
RELIANCE,2026-01-21,BUY,2026-01-21 09:30:00,2026-01-21 09:35:00,09:35,1398.59895,1397.1,1384.2,12.899999999999864,1392.1489500000002,6.449999999999818,1411.4989499999997,2026-01-21 09:50:00,1392.1489500000002,STOP_LOSS,False,-9.240747899999818,-1.432674093023268,ORB_50PCT
RELIANCE,2026-01-21,BUY,2026-01-21 09:30:00,2026-01-21 09:35:00,09:35,1398.59895,1397.1,1384.2,12.899999999999864,1384.2,14.398950000000013,1427.39685,2026-01-21 10:20:00,1384.2,STOP_LOSS,False,-17.181748950000014,-1.1932640192514037,ORB_BOUNDARY
RELIANCE,2026-01-21,SELL,2026-01-21 11:25:00,2026-01-21 11:30:00,11:30,1383.1081,1397.1,1384.2,12.899999999999864,1389.5580999999997,6.449999999999818,1370.2081000000003,2026-01-21 12:05:00,1389.5580999999997,STOP_LOSS,False,-9.222666199999818,-1.4298707286821826,ORB_50PCT
RELIANCE,2026-01-21,SELL,2026-01-21 11:25:00,2026-01-21 11:30:00,11:30,1383.1081,1397.1,1384.2,12.899999999999864,1397.1,13.991899999999987,1355.1243,2026-01-21 12:20:00,1397.1,STOP_LOSS,False,-16.772108099999986,-1.1987012557265275,ORB_BOUNDARY
RELIANCE,2026-01-21,BUY,2026-01-21 12:30:00,2026-01-21 12:35:00,12:35,1403.7015,1397.1,1384.2,12.899999999999864,1397.2514999999999,6.4500000000000455,1416.6015,2026-01-21 15:25:00,1407.5,END_OF_DAY,False,0.9872985000001036,0.1530695348837359,ORB_50PCT
RELIANCE,2026-01-21,BUY,2026-01-21 12:30:00,2026-01-21 12:35:00,12:35,1403.7015,1397.1,1384.2,12.899999999999864,1384.2,19.50149999999985,1442.7044999999996,2026-01-21 15:25:00,1407.5,END_OF_DAY,False,0.9872985000001036,0.0506267979386258,ORB_BOUNDARY
RELIANCE,2026-01-22,BUY,2026-01-22 09:30:00,2026-01-22 09:35:00,09:35,1419.7095,1416.7,1406.8,9.900000000000091,1414.7595,4.9500000000000455,1429.6095,2026-01-22 09:40:00,1414.7595,STOP_LOSS,False,-7.784469000000046,-1.5726199999999948,ORB_50PCT
RELIANCE,2026-01-22,BUY,2026-01-22 09:30:00,2026-01-22 09:35:00,09:35,1419.7095,1416.7,1406.8,9.900000000000091,1406.8,12.90949999999998,1445.5285,2026-01-22 10:25:00,1406.8,STOP_LOSS,False,-15.73600949999998,-1.2189480227739264,ORB_BOUNDARY
RELIANCE,2026-01-22,SELL,2026-01-22 10:30:00,2026-01-22 10:35:00,10:35,1405.8967,1416.7,1406.8,9.900000000000091,1410.8467,4.9500000000000455,1395.9967,2026-01-22 11:45:00,1395.9967,TARGET,False,7.098106600000091,1.4339609292929345,ORB_50PCT
RELIANCE,2026-01-22,SELL,2026-01-22 10:30:00,2026-01-22 10:35:00,10:35,1405.8967,1416.7,1406.8,9.900000000000091,1416.7,10.803300000000036,1384.2901,2026-01-22 15:25:00,1404.3,END_OF_DAY,False,-1.2134966999999448,-0.11232648357445787,ORB_BOUNDARY
RELIANCE,2026-01-23,SELL,2026-01-23 11:15:00,2026-01-23 11:20:00,11:20,1397.9007,1407.0,1399.4,7.599999999999909,1401.7006999999999,3.7999999999999545,1390.3007,2026-01-23 11:40:00,1390.3007,TARGET,False,4.811798599999909,1.2662627894736753,ORB_50PCT
RELIANCE,2026-01-23,SELL,2026-01-23 11:15:00,2026-01-23 11:20:00,11:20,1397.9007,1407.0,1399.4,7.599999999999909,1407.0,9.099300000000085,1379.7020999999997,2026-01-23 15:25:00,1387.0,END_OF_DAY,False,8.115799299999916,0.8919146857450397,ORB_BOUNDARY
RELIANCE,2026-01-27,BUY,2026-01-27 10:20:00,2026-01-27 10:25:00,10:25,1389.39435,1388.6,1368.0,20.59999999999991,1379.09435,10.299999999999955,1409.99435,2026-01-27 10:45:00,1379.09435,STOP_LOSS,False,-13.068488699999953,-1.2687853106796128,ORB_50PCT
RELIANCE,2026-01-27,BUY,2026-01-27 10:20:00,2026-01-27 10:25:00,10:25,1389.39435,1388.6,1368.0,20.59999999999991,1368.0,21.39435000000003,1432.18305,2026-01-27 15:25:00,1384.0,END_OF_DAY,False,-8.167744350000032,-0.38177109143301946,ORB_BOUNDARY
RELIANCE,2026-01-29,SELL,2026-01-29 09:35:00,2026-01-29 09:40:00,09:40,1391.40395,1402.9,1393.7,9.200000000000045,1396.0039499999998,4.599999999999909,1382.20395,2026-01-29 12:40:00,1396.0039499999998,STOP_LOSS,False,-7.387407899999909,-1.6059582391304468,ORB_50PCT
RELIANCE,2026-01-29,SELL,2026-01-29 09:35:00,2026-01-29 09:40:00,09:40,1391.40395,1402.9,1393.7,9.200000000000045,1402.9,11.496050000000196,1368.4118499999995,2026-01-29 15:25:00,1388.6,END_OF_DAY,False,0.023946049999986396,0.002082980675970093,ORB_BOUNDARY
RELIANCE,2026-01-30,BUY,2026-01-30 09:35:00,2026-01-30 09:40:00,09:40,1388.694,1386.9,1378.5,8.400000000000091,1384.494,4.2000000000000455,1397.094,2026-01-30 14:10:00,1397.094,TARGET,False,5.614212000000091,1.33671714285715,ORB_50PCT
RELIANCE,2026-01-30,BUY,2026-01-30 09:35:00,2026-01-30 09:40:00,09:40,1388.694,1386.9,1378.5,8.400000000000091,1378.5,10.19399999999996,1409.0819999999999,2026-01-30 15:25:00,1397.0,END_OF_DAY,False,5.520306000000041,0.5415250147145441,ORB_BOUNDARY
RELIANCE,2026-02-01,BUY,2026-02-01 09:40:00,2026-02-01 09:45:00,09:45,1403.7015,1401.9,1388.0,13.900000000000091,1396.7514999999999,6.9500000000000455,1417.6015,2026-02-01 09:50:00,1396.7514999999999,STOP_LOSS,False,-9.750453000000045,-1.402942877697839,ORB_50PCT
RELIANCE,2026-02-01,BUY,2026-02-01 09:40:00,2026-02-01 09:45:00,09:45,1403.7015,1401.9,1388.0,13.900000000000091,1388.0,15.701499999999896,1435.1044999999997,2026-02-01 12:15:00,1388.0,STOP_LOSS,False,-18.4932014999999,-1.1777983950577984,ORB_BOUNDARY
RELIANCE,2026-02-02,BUY,2026-02-02 09:45:00,2026-02-02 09:50:00,09:50,1364.4819,1363.0,1335.5,27.5,1350.7319,13.75,1391.9819,2026-02-02 15:00:00,1391.9819,TARGET,False,24.7435362,1.7995299054545455,ORB_50PCT
RELIANCE,2026-02-02,BUY,2026-02-02 09:45:00,2026-02-02 09:50:00,09:50,1364.4819,1363.0,1335.5,27.5,1335.5,28.981899999999996,1422.4457,2026-02-02 15:25:00,1387.5,END_OF_DAY,False,20.266118100000003,0.6992680983648417,ORB_BOUNDARY
RELIANCE,2026-02-03,SELL,2026-02-03 09:40:00,2026-02-03 09:45:00,09:45,1435.282,1489.5,1436.9,52.59999999999991,1461.5819999999999,26.299999999999955,1382.682,2026-02-03 15:25:00,1438.0,END_OF_DAY,False,-5.591282000000074,-0.21259627376426174,ORB_50PCT
RELIANCE,2026-02-03,SELL,2026-02-03 09:40:00,2026-02-03 09:45:00,09:45,1435.282,1489.5,1436.9,52.59999999999991,1489.5,54.218000000000075,1326.8459999999998,2026-02-03 15:25:00,1438.0,END_OF_DAY,False,-5.591282000000074,-0.10312593603600403,ORB_BOUNDARY
RELIANCE,2026-02-04,BUY,2026-02-04 09:30:00,2026-02-04 09:35:00,09:35,1460.73,1459.0,1440.3,18.700000000000045,1451.38,9.349999999999909,1479.4299999999998,2026-02-04 11:20:00,1451.38,STOP_LOSS,False,-12.26210999999991,-1.311455614973265,ORB_50PCT
RELIANCE,2026-02-04,BUY,2026-02-04 09:30:00,2026-02-04 09:35:00,09:35,1460.73,1459.0,1440.3,18.700000000000045,1440.3,20.430000000000064,1501.5900000000001,2026-02-04 15:25:00,1455.4,END_OF_DAY,False,-8.246129999999928,-0.40362848751835056,ORB_BOUNDARY
RELIANCE,2026-02-05,SELL,2026-02-05 09:50:00,2026-02-05 09:55:00,09:55,1442.57835,1461.5,1445.5,16.0,1450.57835,8.0,1426.57835,2026-02-05 10:20:00,1450.57835,STOP_LOSS,False,-10.8931567,-1.3616445875,ORB_50PCT
RELIANCE,2026-02-05,SELL,2026-02-05 09:50:00,2026-02-05 09:55:00,09:55,1442.57835,1461.5,1445.5,16.0,1461.5,18.92165,1404.73505,2026-02-05 15:25:00,1441.9,END_OF_DAY,False,-2.2061283500000908,-0.11659281035216754,ORB_BOUNDARY
RELIANCE,2026-02-06,BUY,2026-02-06 10:35:00,2026-02-06 10:40:00,10:40,1448.4238500000001,1445.0,1433.5,11.5,1442.6738500000001,5.75,1459.9238500000001,2026-02-06 11:55:00,1442.6738500000001,STOP_LOSS,False,-8.6410977,-1.5027996,ORB_50PCT
RELIANCE,2026-02-06,BUY,2026-02-06 10:35:00,2026-02-06 10:40:00,10:40,1448.4238500000001,1445.0,1433.5,11.5,1433.5,14.92385000000013,1478.2715500000004,2026-02-06 15:25:00,1450.0,END_OF_DAY,False,-1.3222738500001299,-0.08860138972182904,ORB_BOUNDARY
RELIANCE,2026-02-09,BUY,2026-02-09 11:20:00,2026-02-09 11:25:00,11:25,1465.7325,1464.9,1453.0,11.900000000000091,1459.7825,5.9500000000000455,1477.6325000000002,2026-02-09 15:25:00,1461.2,END_OF_DAY,False,-7.459432500000027,-1.2536861344537764,ORB_50PCT
RELIANCE,2026-02-09,BUY,2026-02-09 11:20:00,2026-02-09 11:25:00,11:25,1465.7325,1464.9,1453.0,11.900000000000091,1453.0,12.732500000000073,1491.1975000000002,2026-02-09 15:25:00,1461.2,END_OF_DAY,False,-7.459432500000027,-0.5858576477518149,ORB_BOUNDARY
RELIANCE,2026-02-10,SELL,2026-02-10 10:10:00,2026-02-10 10:15:00,10:15,1462.6683,1471.0,1463.6,7.400000000000091,1466.3683,3.7000000000000455,1455.2683,2026-02-10 11:15:00,1466.3683,STOP_LOSS,False,-6.629036600000045,-1.7916315135135037,ORB_50PCT
RELIANCE,2026-02-10,SELL,2026-02-10 10:10:00,2026-02-10 10:15:00,10:15,1462.6683,1471.0,1463.6,7.400000000000091,1471.0,8.331699999999955,1446.0049000000001,2026-02-10 15:25:00,1456.2,END_OF_DAY,False,3.549431699999999,0.42601530299939006,ORB_BOUNDARY
RELIANCE,2026-02-11,BUY,2026-02-11 12:10:00,2026-02-11 12:15:00,12:15,1467.23325,1464.7,1453.6,11.100000000000136,1461.68325,5.5499999999999545,1478.33325,2026-02-11 13:00:00,1461.68325,STOP_LOSS,False,-8.478916499999954,-1.527732702702707,ORB_50PCT
RELIANCE,2026-02-11,BUY,2026-02-11 12:10:00,2026-02-11 12:15:00,12:15,1467.23325,1464.7,1453.6,11.100000000000136,1453.6,13.63325000000009,1494.4997500000002,2026-02-11 15:25:00,1468.0,END_OF_DAY,False,-2.1684832499999986,-0.15905842333999481,ORB_BOUNDARY
RELIANCE,2026-02-12,SELL,2026-02-12 09:35:00,2026-02-12 09:40:00,09:40,1463.56785,1473.0,1464.5,8.5,1467.81785,4.25,1455.06785,2026-02-12 12:35:00,1455.06785,TARGET,False,5.581364300000001,1.3132621882352942,ORB_50PCT
RELIANCE,2026-02-12,SELL,2026-02-12 09:35:00,2026-02-12 09:40:00,09:40,1463.56785,1473.0,1464.5,8.5,1473.0,9.432150000000092,1444.7035499999997,2026-02-12 15:25:00,1448.7,END_OF_DAY,False,11.955582149999863,1.2675352014121644,ORB_BOUNDARY
RELIANCE,2026-02-13,SELL,2026-02-13 09:35:00,2026-02-13 09:40:00,09:40,1437.1810500000001,1450.7,1438.5,12.200000000000045,1443.28105,6.099999999999909,1424.9810500000003,2026-02-13 11:15:00,1424.9810500000003,TARGET,False,9.337837899999817,1.5307930983606486,ORB_50PCT
RELIANCE,2026-02-13,SELL,2026-02-13 09:35:00,2026-02-13 09:40:00,09:40,1437.1810500000001,1450.7,1438.5,12.200000000000045,1450.7,13.518949999999904,1410.1431500000003,2026-02-13 15:25:00,1418.6,END_OF_DAY,False,15.725268950000231,1.1632019461570864,ORB_BOUNDARY
RELIANCE,2026-02-16,SELL,2026-02-16 09:35:00,2026-02-16 09:40:00,09:40,1413.293,1423.5,1416.3,7.2000000000000455,1416.893,3.6000000000001364,1406.0929999999996,2026-02-16 10:00:00,1416.893,STOP_LOSS,False,-6.430186000000136,-1.7861627777777478,ORB_50PCT
RELIANCE,2026-02-16,SELL,2026-02-16 09:35:00,2026-02-16 09:40:00,09:40,1413.293,1423.5,1416.3,7.2000000000000455,1423.5,10.207000000000107,1392.8789999999997,2026-02-16 12:10:00,1423.5,STOP_LOSS,False,-13.043793000000107,-1.2779262270990468,ORB_BOUNDARY
RELIANCE,2026-02-16,BUY,2026-02-16 13:00:00,2026-02-16 13:05:00,13:05,1423.7115,1423.5,1416.3,7.2000000000000455,1420.1115,3.599999999999909,1430.9114999999997,2026-02-16 14:25:00,1430.9114999999997,TARGET,False,4.345376999999818,1.2070491666666465,ORB_50PCT
RELIANCE,2026-02-16,BUY,2026-02-16 13:00:00,2026-02-16 13:05:00,13:05,1423.7115,1423.5,1416.3,7.2000000000000455,1416.3,7.411499999999933,1438.5344999999998,2026-02-16 14:35:00,1438.5344999999998,TARGET,False,11.960753999999866,1.6138101598866592,ORB_BOUNDARY
RELIANCE,2026-02-17,SELL,2026-02-17 10:35:00,2026-02-17 10:40:00,10:40,1421.5888499999999,1431.8,1423.1,8.700000000000045,1425.93885,4.350000000000136,1412.8888499999996,2026-02-17 12:50:00,1425.93885,STOP_LOSS,False,-7.197527700000136,-1.6546040689654966,ORB_50PCT
RELIANCE,2026-02-17,SELL,2026-02-17 10:35:00,2026-02-17 10:40:00,10:40,1421.5888499999999,1431.8,1423.1,8.700000000000045,1431.8,10.211150000000089,1401.1665499999997,2026-02-17 15:25:00,1424.2,END_OF_DAY,False,-5.45693885000018,-0.5344098216165791,ORB_BOUNDARY
RELIANCE,2026-02-18,SELL,2026-02-18 09:45:00,2026-02-18 09:50:00,09:50,1422.0886,1429.1,1423.4,5.699999999999818,1424.9386,2.849999999999909,1416.3886000000002,2026-02-18 11:10:00,1424.9386,STOP_LOSS,False,-5.6970271999999085,-1.9989569122807334,ORB_50PCT
RELIANCE,2026-02-18,SELL,2026-02-18 09:45:00,2026-02-18 09:50:00,09:50,1422.0886,1429.1,1423.4,5.699999999999818,1429.1,7.011399999999867,1408.0658000000003,2026-02-18 12:15:00,1429.1,STOP_LOSS,False,-9.862588599999867,-1.4066503979233898,ORB_BOUNDARY
RELIANCE,2026-02-18,BUY,2026-02-18 12:30:00,2026-02-18 12:35:00,12:35,1430.3147999999999,1429.1,1423.4,5.699999999999818,1427.4648,2.849999999999909,1436.0147999999997,2026-02-18 13:15:00,1436.0147999999997,TARGET,False,2.8336703999998183,0.9942703157894417,ORB_50PCT
RELIANCE,2026-02-18,BUY,2026-02-18 12:30:00,2026-02-18 12:35:00,12:35,1430.3147999999999,1429.1,1423.4,5.699999999999818,1423.4,6.9147999999997865,1444.1443999999995,2026-02-18 15:25:00,1441.0,END_OF_DAY,False,7.813885200000122,1.1300233123156656,ORB_BOUNDARY
RELIANCE,2026-02-19,SELL,2026-02-19 09:45:00,2026-02-19 09:50:00,09:50,1434.0826,1443.0,1435.2,7.7999999999999545,1437.9825999999998,3.8999999999998636,1426.2826000000002,2026-02-19 11:20:00,1426.2826000000002,TARGET,False,4.939634799999727,1.266573025641,ORB_50PCT
RELIANCE,2026-02-19,SELL,2026-02-19 09:45:00,2026-02-19 09:50:00,09:50,1434.0826,1443.0,1435.2,7.7999999999999545,1443.0,8.917400000000043,1416.2477999999999,2026-02-19 13:45:00,1416.2477999999999,TARGET,False,14.984469600000086,1.6803630654675143,ORB_BOUNDARY
RELIANCE,2026-02-20,BUY,2026-02-20 09:30:00,2026-02-20 09:35:00,09:35,1415.20725,1413.9,1406.1,7.800000000000182,1411.3072499999998,3.900000000000091,1423.00725,2026-02-20 10:05:00,1411.3072499999998,STOP_LOSS,False,-6.726514500000091,-1.7247473076922908,ORB_50PCT
RELIANCE,2026-02-20,BUY,2026-02-20 09:30:00,2026-02-20 09:35:00,09:35,1415.20725,1413.9,1406.1,7.800000000000182,1406.1,9.107250000000022,1433.42175,2026-02-20 15:25:00,1419.1,END_OF_DAY,False,1.0584427499999784,0.11621979741414543,ORB_BOUNDARY
RELIANCE,2026-02-23,SELL,2026-02-23 11:40:00,2026-02-23 11:45:00,11:45,1421.98865,1434.9,1423.0,11.900000000000091,1427.93865,5.9500000000000455,1410.08865,2026-02-23 14:45:00,1427.93865,STOP_LOSS,False,-8.799927300000046,-1.478979378151257,ORB_50PCT
RELIANCE,2026-02-23,SELL,2026-02-23 11:40:00,2026-02-23 11:45:00,11:45,1421.98865,1434.9,1423.0,11.900000000000091,1434.9,12.911350000000084,1396.1659499999998,2026-02-23 15:25:00,1425.0,END_OF_DAY,False,-5.858338649999993,-0.45373556212169563,ORB_BOUNDARY
RELIANCE,2026-02-24,SELL,2026-02-24 09:35:00,2026-02-24 09:40:00,09:40,1418.8901999999998,1427.3,1420.3,7.0,1422.3901999999998,3.5,1411.8901999999998,2026-02-24 09:45:00,1422.3901999999998,STOP_LOSS,False,-6.3412804,-1.8117944,ORB_50PCT
RELIANCE,2026-02-24,SELL,2026-02-24 09:35:00,2026-02-24 09:40:00,09:40,1418.8901999999998,1427.3,1420.3,7.0,1427.3,8.409800000000132,1402.0705999999996,2026-02-24 14:15:00,1427.3,STOP_LOSS,False,-11.255990200000133,-1.338437323123018,ORB_BOUNDARY
RELIANCE,2026-02-24,BUY,2026-02-24 15:05:00,2026-02-24 15:10:00,15:10,1430.0146499999998,1427.3,1420.3,7.0,1426.5146499999998,3.5,1437.0146499999998,2026-02-24 15:25:00,1432.0,END_OF_DAY,False,-0.8766646499998472,-0.2504756142856706,ORB_50PCT
RELIANCE,2026-02-24,BUY,2026-02-24 15:05:00,2026-02-24 15:10:00,15:10,1430.0146499999998,1427.3,1420.3,7.0,1420.3,9.714649999999892,1449.4439499999996,2026-02-24 15:25:00,1432.0,END_OF_DAY,False,-0.8766646499998472,-0.09024150638467231,ORB_BOUNDARY
RELIANCE,2026-02-25,SELL,2026-02-25 09:40:00,2026-02-25 09:45:00,09:45,1430.1845500000002,1440.5,1432.0,8.5,1434.4345500000002,4.25,1421.6845500000002,2026-02-25 10:00:00,1434.4345500000002,STOP_LOSS,False,-7.1146191000000005,-1.6740280235294118,ORB_50PCT
RELIANCE,2026-02-25,SELL,2026-02-25 09:40:00,2026-02-25 09:45:00,09:45,1430.1845500000002,1440.5,1432.0,8.5,1440.5,10.315449999999828,1409.5536500000005,2026-02-25 13:25:00,1409.5536500000005,TARGET,False,17.791161799999657,1.7247101968406569,ORB_BOUNDARY
RELIANCE,2026-02-26,BUY,2026-02-26 11:15:00,2026-02-26 11:20:00,11:20,1407.5034,1406.1,1396.9,9.199999999999818,1402.9034000000001,4.599999999999909,1416.7033999999999,2026-02-26 11:35:00,1402.9034000000001,STOP_LOSS,False,-7.41040679999991,-1.6109580000000123,ORB_50PCT
RELIANCE,2026-02-26,BUY,2026-02-26 11:15:00,2026-02-26 11:20:00,11:20,1407.5034,1406.1,1396.9,9.199999999999818,1396.9,10.603399999999965,1428.7102,2026-02-26 11:40:00,1396.9,STOP_LOSS,False,-13.407803399999965,-1.264481524793935,ORB_BOUNDARY
RELIANCE,2026-02-26,BUY,2026-02-26 12:40:00,2026-02-26 12:45:00,12:45,1408.80405,1406.1,1396.9,9.199999999999818,1404.20405,4.599999999999909,1418.0040499999998,2026-02-26 12:50:00,1404.20405,STOP_LOSS,False,-7.413008099999909,-1.611523500000012,ORB_50PCT
RELIANCE,2026-02-26,BUY,2026-02-26 12:40:00,2026-02-26 12:45:00,12:45,1408.80405,1406.1,1396.9,9.199999999999818,1396.9,11.90404999999987,1432.6121499999997,2026-02-26 15:25:00,1409.0,END_OF_DAY,False,-2.621854049999961,-0.220248911084882,ORB_BOUNDARY
RELIANCE,2026-02-27,BUY,2026-02-27 11:45:00,2026-02-27 11:50:00,11:50,1405.3022999999998,1403.2,1388.1,15.100000000000136,1397.7522999999997,7.550000000000182,1420.4023000000002,2026-02-27 15:00:00,1397.7522999999997,STOP_LOSS,False,-10.353054600000181,-1.3712655099337658,ORB_50PCT
RELIANCE,2026-02-27,BUY,2026-02-27 11:45:00,2026-02-27 11:50:00,11:50,1405.3022999999998,1403.2,1388.1,15.100000000000136,1388.1,17.202299999999923,1439.7068999999997,2026-02-27 15:25:00,1394.8,END_OF_DAY,False,-13.302402299999876,-0.7732920772222281,ORB_BOUNDARY
RELIANCE,2026-03-02,SELL,2026-03-02 11:25:00,2026-03-02 11:30:00,11:30,1359.02015,1377.9,1362.3,15.600000000000136,1366.82015,7.7999999999999545,1343.4201500000001,2026-03-02 13:55:00,1343.4201500000001,TARGET,False,12.89755969999991,1.653533294871793,ORB_50PCT
RELIANCE,2026-03-02,SELL,2026-03-02 11:25:00,2026-03-02 11:30:00,11:30,1359.02015,1377.9,1362.3,15.600000000000136,1377.9,18.879850000000033,1321.26045,2026-03-02 15:25:00,1360.0,END_OF_DAY,False,-3.6988701499999426,-0.19591628905949657,ORB_BOUNDARY
RELIANCE,2026-03-04,BUY,2026-03-04 10:30:00,2026-03-04 10:35:00,10:35,1339.6695,1338.2,1308.6,29.600000000000136,1324.8694999999998,14.800000000000182,1369.2695000000003,2026-03-04 15:25:00,1345.3,END_OF_DAY,False,2.9455304999999834,0.1990223310810775,ORB_50PCT
RELIANCE,2026-03-04,BUY,2026-03-04 10:30:00,2026-03-04 10:35:00,10:35,1339.6695,1338.2,1308.6,29.600000000000136,1308.6,31.069500000000062,1401.8085,2026-03-04 15:25:00,1345.3,END_OF_DAY,False,2.9455304999999834,0.09480456718003114,ORB_BOUNDARY
RELIANCE,2026-03-05,BUY,2026-03-05 09:45:00,2026-03-05 09:50:00,09:50,1381.19025,1378.9,1353.1,25.800000000000182,1368.29025,12.900000000000091,1406.9902500000003,2026-03-05 15:25:00,1386.4,END_OF_DAY,False,2.442159749999985,0.18931470930232308,ORB_50PCT
RELIANCE,2026-03-05,BUY,2026-03-05 09:45:00,2026-03-05 09:50:00,09:50,1381.19025,1378.9,1353.1,25.800000000000182,1353.1,28.090250000000196,1437.3707500000005,2026-03-05 15:25:00,1386.4,END_OF_DAY,False,2.442159749999985,0.08693976557702292,ORB_BOUNDARY
RELIANCE,2026-03-06,BUY,2026-03-06 09:30:00,2026-03-06 09:35:00,09:35,1417.20825,1415.7,1390.3,25.40000000000009,1404.5082499999999,12.700000000000045,1442.60825,2026-03-06 14:45:00,1404.5082499999999,STOP_LOSS,False,-15.521716500000045,-1.2221824015748022,ORB_50PCT
RELIANCE,2026-03-06,BUY,2026-03-06 09:30:00,2026-03-06 09:35:00,09:35,1417.20825,1415.7,1390.3,25.40000000000009,1390.3,26.908249999999953,1471.0247499999998,2026-03-06 15:25:00,1407.0,END_OF_DAY,False,-13.032458249999907,-0.4843294621537978,ORB_BOUNDARY
RELIANCE,2026-03-09,BUY,2026-03-09 09:55:00,2026-03-09 10:00:00,10:00,1412.3057999999999,1407.0,1370.0,37.0,1393.8057999999999,18.5,1449.3057999999999,2026-03-09 11:10:00,1393.8057999999999,STOP_LOSS,False,-21.3061116,-1.151681708108108,ORB_50PCT
RELIANCE,2026-03-09,BUY,2026-03-09 09:55:00,2026-03-09 10:00:00,10:00,1412.3057999999999,1407.0,1370.0,37.0,1370.0,42.30579999999986,1496.9173999999996,2026-03-09 15:25:00,1418.6,END_OF_DAY,False,3.4632942000000466,0.08186334261496196,ORB_BOUNDARY
RELIANCE,2026-03-11,SELL,2026-03-11 09:30:00,2026-03-11 09:35:00,09:35,1412.0936,1434.0,1416.0,18.0,1421.0936,9.0,1394.0936,2026-03-11 11:50:00,1394.0936,TARGET,False,15.1938128,1.6882014222222221,ORB_50PCT
RELIANCE,2026-03-11,SELL,2026-03-11 09:30:00,2026-03-11 09:35:00,09:35,1412.0936,1434.0,1416.0,18.0,1434.0,21.906400000000076,1368.2807999999998,2026-03-11 15:25:00,1387.0,END_OF_DAY,False,22.294506399999925,1.0177165759777895,ORB_BOUNDARY
RELIANCE,2026-03-12,BUY,2026-03-12 09:55:00,2026-03-12 10:00:00,10:00,1398.59895,1397.0,1381.1,15.900000000000091,1390.64895,7.9500000000000455,1414.4989500000001,2026-03-12 15:10:00,1390.64895,STOP_LOSS,False,-10.739247900000045,-1.350848792452828,ORB_50PCT
RELIANCE,2026-03-12,BUY,2026-03-12 09:55:00,2026-03-12 10:00:00,10:00,1398.59895,1397.0,1381.1,15.900000000000091,1381.1,17.49895000000015,1433.5968500000004,2026-03-12 15:25:00,1391.0,END_OF_DAY,False,-10.38854895000006,-0.5936669885907423,ORB_BOUNDARY
RELIANCE,2026-03-13,BUY,2026-03-13 10:25:00,2026-03-13 10:30:00,10:30,1399.8996,1397.8,1383.7,14.099999999999909,1392.8496,7.0499999999999545,1413.9995999999999,2026-03-13 10:55:00,1392.8496,STOP_LOSS,False,-9.842749199999954,-1.3961346382978748,ORB_50PCT
RELIANCE,2026-03-13,BUY,2026-03-13 10:25:00,2026-03-13 10:30:00,10:30,1399.8996,1397.8,1383.7,14.099999999999909,1383.7,16.19959999999992,1432.2987999999998,2026-03-13 12:35:00,1383.7,STOP_LOSS,False,-18.983199599999917,-1.1718313785525576,ORB_BOUNDARY
RELIANCE,2026-03-13,SELL,2026-03-13 12:50:00,2026-03-13 12:55:00,12:55,1382.40845,1397.8,1383.7,14.099999999999909,1389.4584499999999,7.0499999999999545,1368.30845,2026-03-13 15:25:00,1382.1,END_OF_DAY,False,-2.456058450000006,-0.3483770851063861,ORB_50PCT
RELIANCE,2026-03-13,SELL,2026-03-13 12:50:00,2026-03-13 12:55:00,12:55,1382.40845,1397.8,1383.7,14.099999999999909,1397.8,15.391550000000052,1351.6253499999998,2026-03-13 15:25:00,1382.1,END_OF_DAY,False,-2.456058450000006,-0.15957187222859281,ORB_BOUNDARY
RELIANCE,2026-03-16,BUY,2026-03-16 09:30:00,2026-03-16 09:35:00,09:35,1387.19325,1384.6,1373.5,11.099999999999909,1381.64325,5.5499999999999545,1398.29325,2026-03-16 09:45:00,1381.64325,STOP_LOSS,False,-8.318836499999955,-1.4988894594594637,ORB_50PCT
RELIANCE,2026-03-16,BUY,2026-03-16 09:30:00,2026-03-16 09:35:00,09:35,1387.19325,1384.6,1373.5,11.099999999999909,1373.5,13.693250000000035,1414.57975,2026-03-16 10:10:00,1373.5,STOP_LOSS,False,-16.453943250000034,-1.2016097894948234,ORB_BOUNDARY
RELIANCE,2026-03-16,SELL,2026-03-16 11:40:00,2026-03-16 11:45:00,11:45,1372.01365,1384.6,1373.5,11.099999999999909,1377.56365,5.5499999999999545,1360.9136500000002,2026-03-16 12:05:00,1377.56365,STOP_LOSS,False,-8.299577299999955,-1.4954193333333374,ORB_50PCT
RELIANCE,2026-03-16,SELL,2026-03-16 11:40:00,2026-03-16 11:45:00,11:45,1372.01365,1384.6,1373.5,11.099999999999909,1384.6,12.586349999999811,1346.8409500000005,2026-03-16 14:10:00,1384.6,STOP_LOSS,False,-15.342963649999811,-1.2190161285837469,ORB_BOUNDARY
RELIANCE,2026-03-16,BUY,2026-03-16 14:15:00,2026-03-16 14:20:00,14:20,1387.99365,1384.6,1373.5,11.099999999999909,1382.44365,5.5499999999999545,1399.0936499999998,2026-03-16 15:25:00,1394.0,END_OF_DAY,False,3.2243563500001113,0.580965108108133,ORB_50PCT
RELIANCE,2026-03-16,BUY,2026-03-16 14:15:00,2026-03-16 14:20:00,14:20,1387.99365,1384.6,1373.5,11.099999999999909,1373.5,14.493649999999889,1416.9809499999997,2026-03-16 15:25:00,1394.0,END_OF_DAY,False,3.2243563500001113,0.22246682857666192,ORB_BOUNDARY
RELIANCE,2026-03-17,SELL,2026-03-17 11:20:00,2026-03-17 11:25:00,11:25,1393.60285,1403.0,1394.8,8.200000000000045,1397.7028500000001,4.100000000000136,1385.4028499999997,2026-03-17 12:45:00,1397.7028500000001,STOP_LOSS,False,-6.891305700000137,-1.6808062682926603,ORB_50PCT
RELIANCE,2026-03-17,SELL,2026-03-17 11:20:00,2026-03-17 11:25:00,11:25,1393.60285,1403.0,1394.8,8.200000000000045,1403.0,9.39715000000001,1374.80855,2026-03-17 14:10:00,1403.0,STOP_LOSS,False,-12.19375285000001,-1.297601171631824,ORB_BOUNDARY
RELIANCE,2026-03-17,BUY,2026-03-17 14:55:00,2026-03-17 15:00:00,15:00,1405.60245,1403.0,1394.8,8.200000000000045,1401.50245,4.100000000000136,1413.8024500000004,2026-03-17 15:00:00,1401.50245,STOP_LOSS,False,-6.907104900000137,-1.6846597317072944,ORB_50PCT
RELIANCE,2026-03-17,BUY,2026-03-17 14:55:00,2026-03-17 15:00:00,15:00,1405.60245,1403.0,1394.8,8.200000000000045,1394.8,10.802450000000135,1427.2073500000004,2026-03-17 15:15:00,1394.8,STOP_LOSS,False,-13.602852450000135,-1.2592377145925198,ORB_BOUNDARY
RELIANCE,2026-03-17,SELL,2026-03-17 15:20:00,2026-03-17 15:25:00,15:25,1393.303,1403.0,1394.8,8.200000000000045,1397.4030000000002,4.100000000000136,1385.1029999999998,2026-03-17 15:25:00,1394.8,END_OF_DAY,False,-4.285102999999843,-1.0451470731706587,ORB_50PCT
RELIANCE,2026-03-17,SELL,2026-03-17 15:20:00,2026-03-17 15:25:00,15:25,1393.303,1403.0,1394.8,8.200000000000045,1403.0,9.696999999999889,1373.9090000000003,2026-03-17 15:25:00,1394.8,END_OF_DAY,False,-4.285102999999843,-0.4418998659379078,ORB_BOUNDARY
RELIANCE,2026-03-18,BUY,2026-03-18 09:45:00,2026-03-18 09:50:00,09:50,1410.705,1409.7,1397.2,12.5,1404.455,6.25,1423.205,2026-03-18 15:25:00,1407.2,END_OF_DAY,False,-6.322904999999881,-1.011664799999981,ORB_50PCT
RELIANCE,2026-03-18,BUY,2026-03-18 09:45:00,2026-03-18 09:50:00,09:50,1410.705,1409.7,1397.2,12.5,1397.2,13.504999999999882,1437.7149999999997,2026-03-18 15:25:00,1407.2,END_OF_DAY,False,-6.322904999999881,-0.4681899296556784,ORB_BOUNDARY
RELIANCE,2026-03-19,BUY,2026-03-19 10:00:00,2026-03-19 10:05:00,10:05,1407.60345,1405.7,1385.9,19.799999999999955,1397.70345,9.900000000000091,1427.4034500000002,2026-03-19 12:05:00,1397.70345,STOP_LOSS,False,-12.70530690000009,-1.2833643333333307,ORB_50PCT
RELIANCE,2026-03-19,BUY,2026-03-19 10:00:00,2026-03-19 10:05:00,10:05,1407.60345,1405.7,1385.9,19.799999999999955,1385.9,21.703449999999975,1451.01035,2026-03-19 14:55:00,1385.9,STOP_LOSS,False,-24.496953449999975,-1.1287124143857314,ORB_BOUNDARY
RELIANCE,2026-03-19,SELL,2026-03-19 15:10:00,2026-03-19 15:15:00,15:15,1385.0071500000001,1405.7,1385.9,19.799999999999955,1394.90715,9.899999999999864,1365.2071500000004,2026-03-19 15:25:00,1392.0,END_OF_DAY,False,-9.769857149999861,-0.9868542575757572,ORB_50PCT
RELIANCE,2026-03-19,SELL,2026-03-19 15:10:00,2026-03-19 15:15:00,15:15,1385.0071500000001,1405.7,1385.9,19.799999999999955,1405.7,20.692849999999908,1343.6214500000003,2026-03-19 15:25:00,1392.0,END_OF_DAY,False,-9.769857149999861,-0.47213685645041187,ORB_BOUNDARY
RELIANCE,2026-03-20,BUY,2026-03-20 09:55:00,2026-03-20 10:00:00,10:00,1415.80755,1413.8,1396.1,17.700000000000045,1406.95755,8.849999999999909,1433.5075499999998,2026-03-20 15:25:00,1414.0,END_OF_DAY,False,-4.637357549999992,-0.523995203389835,ORB_50PCT
RELIANCE,2026-03-20,BUY,2026-03-20 09:55:00,2026-03-20 10:00:00,10:00,1415.80755,1413.8,1396.1,17.700000000000045,1396.1,19.707550000000083,1455.2226500000002,2026-03-20 15:25:00,1414.0,END_OF_DAY,False,-4.637357549999992,-0.23530867865361105,ORB_BOUNDARY
RELIANCE,2026-03-23,SELL,2026-03-23 10:20:00,2026-03-23 10:25:00,10:25,1391.7038,1409.6,1395.2,14.399999999999864,1398.9038,7.2000000000000455,1377.3038,2026-03-23 11:05:00,1398.9038,STOP_LOSS,False,-9.990607600000047,-1.3875843888888866,ORB_50PCT
RELIANCE,2026-03-23,SELL,2026-03-23 10:20:00,2026-03-23 10:25:00,10:25,1391.7038,1409.6,1395.2,14.399999999999864,1409.6,17.896199999999908,1355.9114000000002,2026-03-23 14:00:00,1409.6,STOP_LOSS,False,-20.697503799999907,-1.1565306489645855,ORB_BOUNDARY
RELIANCE,2026-03-23,BUY,2026-03-23 14:15:00,2026-03-23 14:20:00,14:20,1411.40535,1409.6,1395.2,14.399999999999864,1404.2053500000002,7.199999999999818,1425.8053499999996,2026-03-23 14:30:00,1404.2053500000002,STOP_LOSS,False,-10.015610699999819,-1.3910570416666765,ORB_50PCT
RELIANCE,2026-03-23,BUY,2026-03-23 14:15:00,2026-03-23 14:20:00,14:20,1411.40535,1409.6,1395.2,14.399999999999864,1395.2,16.205349999999953,1443.81605,2026-03-23 15:25:00,1404.0,END_OF_DAY,False,-10.22075535,-0.6307025365080069,ORB_BOUNDARY
RELIANCE,2026-03-24,SELL,2026-03-24 09:35:00,2026-03-24 09:40:00,09:40,1409.6948,1422.4,1410.7,11.700000000000045,1415.5448000000001,5.850000000000136,1397.9947999999997,2026-03-24 10:15:00,1415.5448000000001,STOP_LOSS,False,-8.675239600000136,-1.4829469401709288,ORB_50PCT
RELIANCE,2026-03-24,SELL,2026-03-24 09:35:00,2026-03-24 09:40:00,09:40,1409.6948,1422.4,1410.7,11.700000000000045,1422.4,12.705200000000104,1384.2843999999998,2026-03-24 15:25:00,1414.0,END_OF_DAY,False,-7.128894800000014,-0.5611005572521451,ORB_BOUNDARY
RELIANCE,2026-03-25,BUY,2026-03-25 10:35:00,2026-03-25 10:40:00,10:40,1425.01215,1421.9,1414.1,7.800000000000182,1421.11215,3.900000000000091,1432.8121500000002,2026-03-25 14:05:00,1421.11215,STOP_LOSS,False,-6.746124300000091,-1.7297754615384444,ORB_50PCT
RELIANCE,2026-03-25,BUY,2026-03-25 10:35:00,2026-03-25 10:40:00,10:40,1425.01215,1421.9,1414.1,7.800000000000182,1414.1,10.91215000000011,1446.8364500000002,2026-03-25 14:55:00,1414.1,STOP_LOSS,False,-13.75126215000011,-1.2601789885586223,ORB_BOUNDARY
RELIANCE,2026-03-25,SELL,2026-03-25 15:05:00,2026-03-25 15:10:00,15:10,1413.19305,1421.9,1414.1,7.800000000000182,1417.0930500000002,3.900000000000091,1405.39305,2026-03-25 15:25:00,1413.8,END_OF_DAY,False,-3.4339430499998698,-0.880498217948664,ORB_50PCT
RELIANCE,2026-03-25,SELL,2026-03-25 15:05:00,2026-03-25 15:10:00,15:10,1413.19305,1421.9,1414.1,7.800000000000182,1421.9,8.706950000000006,1395.77915,2026-03-25 15:25:00,1413.8,END_OF_DAY,False,-3.4339430499998698,-0.3943910381936117,ORB_BOUNDARY
RELIANCE,2026-03-27,SELL,2026-03-27 09:30:00,2026-03-27 09:35:00,09:35,1378.3105,1404.7,1385.1,19.600000000000136,1388.1105000000002,9.800000000000182,1358.7104999999997,2026-03-27 11:55:00,1358.7104999999997,TARGET,False,16.862979000000365,1.7207121428571481,ORB_50PCT
RELIANCE,2026-03-27,SELL,2026-03-27 09:30:00,2026-03-27 09:35:00,09:35,1378.3105,1404.7,1385.1,19.600000000000136,1404.7,26.389499999999998,1325.5315,2026-03-27 15:25:00,1348.0,END_OF_DAY,False,27.584189500000047,1.0452713958203093,ORB_BOUNDARY
RELIANCE,2026-03-30,BUY,2026-03-30 09:30:00,2026-03-30 09:35:00,09:35,1360.2797999999998,1358.9,1334.1,24.800000000000182,1347.8797999999997,12.400000000000091,1385.0798,2026-03-30 10:55:00,1347.8797999999997,STOP_LOSS,False,-15.108159600000091,-1.218399967741934,ORB_50PCT
RELIANCE,2026-03-30,BUY,2026-03-30 09:30:00,2026-03-30 09:35:00,09:35,1360.2797999999998,1358.9,1334.1,24.800000000000182,1334.1,26.179799999999886,1412.6393999999996,2026-03-30 15:25:00,1350.0,END_OF_DAY,False,-12.990079799999796,-0.4961871290078554,ORB_BOUNDARY
RELIANCE,2026-04-01,SELL,2026-04-01 14:55:00,2026-04-01 15:00:00,15:00,1363.9177,1384.4,1364.5,19.90000000000009,1373.8677,9.950000000000045,1344.0176999999999,2026-04-01 15:25:00,1369.9,END_OF_DAY,False,-8.716117700000122,-0.8759917286432244,ORB_50PCT
RELIANCE,2026-04-01,SELL,2026-04-01 14:55:00,2026-04-01 15:00:00,15:00,1363.9177,1384.4,1364.5,19.90000000000009,1384.4,20.482300000000123,1322.9530999999997,2026-04-01 15:25:00,1369.9,END_OF_DAY,False,-8.716117700000122,-0.4255438939962831,ORB_BOUNDARY
RELIANCE,2026-04-02,SELL,2026-04-02 09:35:00,2026-04-02 09:40:00,09:40,1345.82675,1358.0,1349.0,9.0,1350.32675,4.5,1336.82675,2026-04-02 10:00:00,1336.82675,TARGET,False,6.3173465,1.403854777777778,ORB_50PCT
RELIANCE,2026-04-02,SELL,2026-04-02 09:35:00,2026-04-02 09:40:00,09:40,1345.82675,1358.0,1349.0,9.0,1358.0,12.173250000000053,1321.4802499999998,2026-04-02 15:15:00,1358.0,STOP_LOSS,False,-14.877076750000054,-1.2221121516439726,ORB_BOUNDARY
RELIANCE,2026-04-06,SELL,2026-04-06 09:35:00,2026-04-06 09:40:00,09:40,1321.7388,1359.0,1324.2,34.799999999999955,1339.1388000000002,17.40000000000009,1286.9388,2026-04-06 15:25:00,1306.0,END_OF_DAY,False,13.111061200000083,0.753509264367817,ORB_50PCT
RELIANCE,2026-04-06,SELL,2026-04-06 09:35:00,2026-04-06 09:40:00,09:40,1321.7388,1359.0,1324.2,34.799999999999955,1359.0,37.26119999999992,1247.2164000000002,2026-04-06 15:25:00,1306.0,END_OF_DAY,False,13.111061200000083,0.3518690004616092,ORB_BOUNDARY
RELIANCE,2026-04-07,BUY,2026-04-07 15:00:00,2026-04-07 15:05:00,15:05,1303.6515,1301.6,1291.1,10.5,1298.4015,5.25,1314.1515,2026-04-07 15:25:00,1306.5,END_OF_DAY,False,0.23834850000005803,0.04539971428572534,ORB_50PCT
RELIANCE,2026-04-07,BUY,2026-04-07 15:00:00,2026-04-07 15:05:00,15:05,1303.6515,1301.6,1291.1,10.5,1291.1,12.551500000000033,1328.7545,2026-04-07 15:25:00,1306.5,END_OF_DAY,False,0.23834850000005803,0.018989642672195148,ORB_BOUNDARY
RELIANCE,2026-04-08,BUY,2026-04-08 13:25:00,2026-04-08 13:30:00,13:30,1350.17475,1349.0,1326.2,22.799999999999955,1338.77475,11.399999999999864,1372.9747499999996,2026-04-08 15:25:00,1349.2,END_OF_DAY,False,-3.674124749999858,-0.3222916447368335,ORB_50PCT
RELIANCE,2026-04-08,BUY,2026-04-08 13:25:00,2026-04-08 13:30:00,13:30,1350.17475,1349.0,1326.2,22.799999999999955,1326.2,23.974749999999858,1398.1242499999996,2026-04-08 15:25:00,1349.2,END_OF_DAY,False,-3.674124749999858,-0.1532497627712439,ORB_BOUNDARY
RELIANCE,2026-04-09,SELL,2026-04-09 09:55:00,2026-04-09 10:00:00,10:00,1336.0316500000001,1350.0,1338.0,12.0,1342.0316500000001,6.0,1324.0316500000001,2026-04-09 15:25:00,1329.1,END_OF_DAY,False,4.266518350000218,0.711086391666703,ORB_50PCT
RELIANCE,2026-04-09,SELL,2026-04-09 09:55:00,2026-04-09 10:00:00,10:00,1336.0316500000001,1350.0,1338.0,12.0,1350.0,13.968349999999873,1308.0949500000004,2026-04-09 15:25:00,1329.1,END_OF_DAY,False,4.266518350000218,0.3054418274170003,ORB_BOUNDARY
RELIANCE,2026-04-10,BUY,2026-04-10 09:45:00,2026-04-10 09:50:00,09:50,1349.17425,1344.5,1331.5,13.0,1342.67425,6.5,1362.17425,2026-04-10 14:25:00,1342.67425,STOP_LOSS,False,-9.1918485,-1.4141305384615386,ORB_50PCT
RELIANCE,2026-04-10,BUY,2026-04-10 09:45:00,2026-04-10 09:50:00,09:50,1349.17425,1344.5,1331.5,13.0,1331.5,17.67425000000003,1384.52275,2026-04-10 15:25:00,1350.0,END_OF_DAY,False,-1.873424250000029,-0.10599738319872277,ORB_BOUNDARY
RELIANCE,2026-04-15,BUY,2026-04-15 10:45:00,2026-04-15 10:50:00,10:50,1341.6705,1338.9,1334.2,4.7000000000000455,1339.3204999999998,2.3500000000001364,1346.3705000000002,2026-04-15 10:50:00,1339.3204999999998,STOP_LOSS,False,-5.030991000000137,-2.140847234042487,ORB_50PCT
RELIANCE,2026-04-15,BUY,2026-04-15 10:45:00,2026-04-15 10:50:00,10:50,1341.6705,1338.9,1334.2,4.7000000000000455,1334.2,7.470499999999902,1356.6114999999998,2026-04-15 15:25:00,1342.9,END_OF_DAY,False,-1.4550704999998563,-0.19477551703364906,ORB_BOUNDARY
RELIANCE,2026-04-16,SELL,2026-04-16 09:35:00,2026-04-16 09:40:00,09:40,1338.7303000000002,1353.8,1340.0,13.799999999999955,1345.6303000000003,6.900000000000091,1324.9303,2026-04-16 15:10:00,1345.6303000000003,STOP_LOSS,False,-9.584360600000092,-1.3890377681159372,ORB_50PCT
RELIANCE,2026-04-16,SELL,2026-04-16 09:35:00,2026-04-16 09:40:00,09:40,1338.7303000000002,1353.8,1340.0,13.799999999999955,1353.8,15.069699999999784,1308.5909000000006,2026-04-16 15:25:00,1345.9,END_OF_DAY,False,-9.854330299999921,-0.6539168198437966,ORB_BOUNDARY
RELIANCE,2026-04-17,BUY,2026-04-17 11:05:00,2026-04-17 11:10:00,11:10,1357.6785,1351.9,1340.0,11.900000000000091,1351.7285,5.9500000000000455,1369.5785,2026-04-17 15:25:00,1364.5,END_OF_DAY,False,4.0993215000000145,0.6889615966386526,ORB_50PCT
RELIANCE,2026-04-17,BUY,2026-04-17 11:05:00,2026-04-17 11:10:00,11:10,1357.6785,1351.9,1340.0,11.900000000000091,1340.0,17.678499999999985,1393.0355,2026-04-17 15:25:00,1364.5,END_OF_DAY,False,4.0993215000000145,0.23188174901716876,ORB_BOUNDARY
RELIANCE,2026-04-20,BUY,2026-04-20 10:25:00,2026-04-20 10:30:00,10:30,1367.4833999999998,1364.9,1352.8,12.100000000000136,1361.4334,6.0499999999999545,1379.5833999999998,2026-04-20 15:20:00,1361.4334,STOP_LOSS,False,-8.778916799999955,-1.451060628099177,ORB_50PCT
RELIANCE,2026-04-20,BUY,2026-04-20 10:25:00,2026-04-20 10:30:00,10:30,1367.4833999999998,1364.9,1352.8,12.100000000000136,1352.8,14.683399999999892,1396.8501999999996,2026-04-20 15:25:00,1362.9,END_OF_DAY,False,-7.313783399999755,-0.49809876459129415,ORB_BOUNDARY
RELIANCE,2026-04-21,BUY,2026-04-21 11:00:00,2026-04-21 11:05:00,11:05,1368.684,1367.7,1359.0,8.700000000000045,1364.3339999999998,4.350000000000136,1377.3840000000002,2026-04-21 11:20:00,1364.3339999999998,STOP_LOSS,False,-7.083018000000136,-1.6282799999999802,ORB_50PCT
RELIANCE,2026-04-21,BUY,2026-04-21 11:00:00,2026-04-21 11:05:00,11:05,1368.684,1367.7,1359.0,8.700000000000045,1359.0,9.683999999999969,1388.052,2026-04-21 11:35:00,1359.0,STOP_LOSS,False,-12.411683999999969,-1.2816691449814135,ORB_BOUNDARY
RELIANCE,2026-04-21,SELL,2026-04-21 11:45:00,2026-04-21 11:50:00,11:50,1357.62085,1367.7,1359.0,8.700000000000045,1361.9708500000002,4.350000000000136,1348.9208499999997,2026-04-21 15:25:00,1354.9,END_OF_DAY,False,0.008329149999927843,0.0019147471264201338,ORB_50PCT
RELIANCE,2026-04-21,SELL,2026-04-21 11:45:00,2026-04-21 11:50:00,11:50,1357.62085,1367.7,1359.0,8.700000000000045,1367.7,10.079150000000027,1337.46255,2026-04-21 15:25:00,1354.9,END_OF_DAY,False,0.008329149999927843,0.0008263742478212767,ORB_BOUNDARY
RELIANCE,2026-04-22,BUY,2026-04-22 10:15:00,2026-04-22 10:20:00,10:20,1359.4794,1358.0,1350.2,7.7999999999999545,1355.5794,3.8999999999998636,1367.2793999999997,2026-04-22 15:25:00,1362.0,END_OF_DAY,False,-0.20087939999994164,-0.0515075384615253,ORB_50PCT
RELIANCE,2026-04-22,BUY,2026-04-22 10:15:00,2026-04-22 10:20:00,10:20,1359.4794,1358.0,1350.2,7.7999999999999545,1350.2,9.279399999999896,1378.0381999999997,2026-04-22 15:25:00,1362.0,END_OF_DAY,False,-0.20087939999994164,-0.021647886716807542,ORB_BOUNDARY
RELIANCE,2026-04-23,SELL,2026-04-23 14:40:00,2026-04-23 14:45:00,14:45,1343.02815,1355.5,1344.0,11.5,1348.77815,5.75,1331.52815,2026-04-23 15:25:00,1344.4,END_OF_DAY,False,-4.0592781499999955,-0.7059614173913036,ORB_50PCT
RELIANCE,2026-04-23,SELL,2026-04-23 14:40:00,2026-04-23 14:45:00,14:45,1343.02815,1355.5,1344.0,11.5,1355.5,12.471849999999904,1318.0844500000003,2026-04-23 15:25:00,1344.4,END_OF_DAY,False,-4.0592781499999955,-0.32547522220039743,ORB_BOUNDARY
RELIANCE,2026-04-24,SELL,2026-04-24 09:40:00,2026-04-24 09:45:00,09:45,1335.1321,1345.9,1337.3,8.600000000000136,1339.4321,4.2999999999999545,1326.5321000000001,2026-04-24 12:30:00,1326.5321000000001,TARGET,False,5.9383357999999085,1.3810083255813888,ORB_50PCT
RELIANCE,2026-04-24,SELL,2026-04-24 09:40:00,2026-04-24 09:45:00,09:45,1335.1321,1345.9,1337.3,8.600000000000136,1345.9,10.767900000000054,1313.5963,2026-04-24 15:25:00,1331.0,END_OF_DAY,False,1.4659679000000367,0.1361424140268789,ORB_BOUNDARY
RELIANCE,2026-04-27,BUY,2026-04-27 09:50:00,2026-04-27 09:55:00,09:55,1337.4684,1331.0,1311.0,20.0,1327.4684,10.0,1357.4684,2026-04-27 14:00:00,1357.4684,TARGET,False,17.3050632,1.73050632,ORB_50PCT
RELIANCE,2026-04-27,BUY,2026-04-27 09:50:00,2026-04-27 09:55:00,09:55,1337.4684,1331.0,1311.0,20.0,1311.0,26.468399999999974,1390.4052,2026-04-27 15:25:00,1370.5,END_OF_DAY,False,30.323631600000027,1.1456541234075373,ORB_BOUNDARY
RELIANCE,2026-04-28,BUY,2026-04-28 09:55:00,2026-04-28 10:00:00,10:00,1368.98415,1367.7,1357.0,10.700000000000045,1363.6341499999999,5.350000000000136,1379.6841500000003,2026-04-28 10:05:00,1363.6341499999999,STOP_LOSS,False,-8.082618300000137,-1.5107697757009215,ORB_50PCT
RELIANCE,2026-04-28,BUY,2026-04-28 09:55:00,2026-04-28 10:00:00,10:00,1368.98415,1367.7,1357.0,10.700000000000045,1357.0,11.98415,1392.95245,2026-04-28 14:50:00,1392.95245,TARGET,False,21.2063634,1.7695342097687363,ORB_BOUNDARY
RELIANCE,2026-04-29,BUY,2026-04-29 10:05:00,2026-04-29 10:10:00,10:10,1410.4048500000001,1409.5,1391.3,18.200000000000045,1401.30485,9.100000000000136,1428.6048500000004,2026-04-29 15:20:00,1428.6048500000004,TARGET,False,15.360990300000273,1.6880209120879168,ORB_50PCT
RELIANCE,2026-04-29,BUY,2026-04-29 10:05:00,2026-04-29 10:10:00,10:10,1410.4048500000001,1409.5,1391.3,18.200000000000045,1391.3,19.10485000000017,1448.6145500000005,2026-04-29 15:25:00,1430.1,END_OF_DAY,False,16.854645149999783,0.8822181357089761,ORB_BOUNDARY
RELIANCE,2026-04-30,SELL,2026-04-30 09:40:00,2026-04-30 09:45:00,09:45,1405.99665,1415.9,1407.3,8.600000000000136,1410.2966500000002,4.300000000000182,1397.3966499999997,2026-04-30 10:10:00,1397.3966499999997,TARGET,False,5.796606700000364,1.3480480697674695,ORB_50PCT
RELIANCE,2026-04-30,SELL,2026-04-30 09:40:00,2026-04-30 09:45:00,09:45,1405.99665,1415.9,1407.3,8.600000000000136,1415.9,9.903350000000046,1386.18995,2026-04-30 12:20:00,1415.9,STOP_LOSS,False,-12.725246650000045,-1.2849436453321337,ORB_BOUNDARY
RELIANCE,2026-04-30,BUY,2026-04-30 12:25:00,2026-04-30 12:30:00,12:30,1417.3083,1415.9,1407.3,8.600000000000136,1413.0083,4.2999999999999545,1425.9082999999998,2026-04-30 13:40:00,1425.9082999999998,TARGET,False,5.756783399999909,1.3387868372092953,ORB_50PCT
RELIANCE,2026-04-30,BUY,2026-04-30 12:25:00,2026-04-30 12:30:00,12:30,1417.3083,1415.9,1407.3,8.600000000000136,1407.3,10.008299999999963,1437.3248999999998,2026-04-30 15:25:00,1436.0,END_OF_DAY,False,15.838391700000082,1.5825256736908506,ORB_BOUNDARY
RELIANCE,2026-05-04,BUY,2026-05-04 11:10:00,2026-05-04 11:15:00,11:15,1448.82405,1446.5,1433.4,13.099999999999909,1442.27405,6.5499999999999545,1461.9240499999999,2026-05-04 12:55:00,1461.9240499999999,TARGET,False,10.18925189999991,1.5556109770992337,ORB_50PCT
RELIANCE,2026-05-04,BUY,2026-05-04 11:10:00,2026-05-04 11:15:00,11:15,1448.82405,1446.5,1433.4,13.099999999999909,1433.4,15.424049999999852,1479.6721499999996,2026-05-04 15:25:00,1467.0,END_OF_DAY,False,15.260125950000056,0.9893721785134386,ORB_BOUNDARY
RELIANCE,2026-05-05,BUY,2026-05-05 09:30:00,2026-05-05 09:35:00,09:35,1471.23525,1469.3,1455.0,14.299999999999955,1464.08525,7.149999999999864,1485.5352499999997,2026-05-05 10:10:00,1464.08525,STOP_LOSS,False,-10.085320499999863,-1.4105343356643434,ORB_50PCT
RELIANCE,2026-05-05,BUY,2026-05-05 09:30:00,2026-05-05 09:35:00,09:35,1471.23525,1469.3,1455.0,14.299999999999955,1455.0,16.23524999999995,1503.7057499999999,2026-05-05 10:25:00,1455.0,STOP_LOSS,False,-19.161485249999952,-1.1802396174989611,ORB_BOUNDARY
RELIANCE,2026-05-05,SELL,2026-05-05 10:30:00,2026-05-05 10:35:00,10:35,1451.77375,1469.3,1455.0,14.299999999999955,1458.92375,7.149999999999864,1437.4737500000003,2026-05-05 12:10:00,1458.92375,STOP_LOSS,False,-10.060697499999865,-1.4070905594405674,ORB_50PCT
RELIANCE,2026-05-05,SELL,2026-05-05 10:30:00,2026-05-05 10:35:00,10:35,1451.77375,1469.3,1455.0,14.299999999999955,1469.3,17.52624999999989,1416.7212500000003,2026-05-05 15:25:00,1462.5,END_OF_DAY,False,-13.640523749999936,-0.7782910634048938,ORB_BOUNDARY
RELIANCE,2026-05-06,SELL,2026-05-06 09:55:00,2026-05-06 10:00:00,10:00,1461.0691,1473.3,1463.0,10.299999999999955,1466.2190999999998,5.149999999999864,1450.7691000000002,2026-05-06 10:35:00,1450.7691000000002,TARGET,False,7.388161799999727,1.4345945242718297,ORB_50PCT
RELIANCE,2026-05-06,SELL,2026-05-06 09:55:00,2026-05-06 10:00:00,10:00,1461.0691,1473.3,1463.0,10.299999999999955,1473.3,12.23090000000002,1436.6073,2026-05-06 12:35:00,1436.6073,TARGET,False,21.564123600000038,1.7630855946823212,ORB_BOUNDARY
RELIANCE,2026-05-06,SELL,2026-05-06 14:35:00,2026-05-06 14:40:00,14:40,1444.8772,1473.3,1463.0,10.299999999999955,1450.0272,5.150000000000091,1434.5771999999997,2026-05-06 15:25:00,1438.7,END_OF_DAY,False,3.293622799999857,0.6395384077669513,ORB_50PCT
RELIANCE,2026-05-06,SELL,2026-05-06 14:35:00,2026-05-06 14:40:00,14:40,1444.8772,1473.3,1463.0,10.299999999999955,1473.3,28.422800000000052,1388.0315999999998,2026-05-06 15:25:00,1438.7,END_OF_DAY,False,3.293622799999857,0.11587960369843404,ORB_BOUNDARY
RELIANCE,2026-05-07,BUY,2026-05-07 09:40:00,2026-05-07 09:45:00,09:45,1443.02115,1442.1,1430.3,11.799999999999955,1437.12115,5.900000000000091,1454.8211500000002,2026-05-07 10:05:00,1437.12115,STOP_LOSS,False,-8.78014230000009,-1.4881597118643992,ORB_50PCT
RELIANCE,2026-05-07,BUY,2026-05-07 09:40:00,2026-05-07 09:45:00,09:45,1443.02115,1442.1,1430.3,11.799999999999955,1430.3,12.72115000000008,1468.4634500000002,2026-05-07 15:25:00,1435.5,END_OF_DAY,False,-10.399671150000035,-0.8175102997763544,ORB_BOUNDARY
RELIANCE,2026-05-08,BUY,2026-05-08 10:20:00,2026-05-08 10:25:00,10:25,1431.61545,1429.5,1417.5,12.0,1425.61545,6.0,1443.61545,2026-05-08 11:45:00,1425.61545,STOP_LOSS,False,-8.857230900000001,-1.4762051500000002,ORB_50PCT
RELIANCE,2026-05-08,BUY,2026-05-08 10:20:00,2026-05-08 10:25:00,10:25,1431.61545,1429.5,1417.5,12.0,1417.5,14.11545000000001,1459.84635,2026-05-08 15:25:00,1436.0,END_OF_DAY,False,1.51693454999999,0.10746625506094308,ORB_BOUNDARY
RELIANCE,2026-05-11,SELL,2026-05-11 09:30:00,2026-05-11 09:35:00,09:35,1416.79125,1428.0,1418.0,10.0,1421.79125,5.0,1406.79125,2026-05-11 12:35:00,1406.79125,TARGET,False,7.1764174999999994,1.4352835,ORB_50PCT
RELIANCE,2026-05-11,SELL,2026-05-11 09:30:00,2026-05-11 09:35:00,09:35,1416.79125,1428.0,1418.0,10.0,1428.0,11.208750000000009,1394.37375,2026-05-11 14:55:00,1394.37375,TARGET,False,19.60633500000002,1.7491990632318504,ORB_BOUNDARY
RELIANCE,2026-05-12,SELL,2026-05-12 10:05:00,2026-05-12 10:10:00,10:10,1378.5104000000001,1393.4,1381.2,12.200000000000045,1384.6104,6.099999999999909,1366.3104000000003,2026-05-12 11:10:00,1384.6104,STOP_LOSS,False,-8.863120799999908,-1.4529706229508264,ORB_50PCT
RELIANCE,2026-05-12,SELL,2026-05-12 10:05:00,2026-05-12 10:10:00,10:10,1378.5104000000001,1393.4,1381.2,12.200000000000045,1393.4,14.889599999999973,1348.7312000000002,2026-05-12 11:20:00,1393.4,STOP_LOSS,False,-17.661510399999973,-1.186164195142919,ORB_BOUNDARY
RELIANCE,2026-05-12,SELL,2026-05-12 12:20:00,2026-05-12 12:25:00,12:25,1379.31,1393.4,1381.2,12.200000000000045,1385.4099999999999,6.099999999999909,1367.1100000000001,2026-05-12 14:50:00,1367.1100000000001,TARGET,False,9.453579999999818,1.5497672131147473,ORB_50PCT
RELIANCE,2026-05-12,SELL,2026-05-12 12:20:00,2026-05-12 12:25:00,12:25,1379.31,1393.4,1381.2,12.200000000000045,1393.4,14.090000000000146,1351.1299999999997,2026-05-12 15:25:00,1366.5,END_OF_DAY,False,10.064189999999945,0.7142789212207127,ORB_BOUNDARY
RELIANCE,2026-05-13,SELL,2026-05-13 09:35:00,2026-05-13 09:40:00,09:40,1354.3225,1372.4,1357.1,15.300000000000182,1361.9725,7.650000000000091,1339.0224999999998,2026-05-13 11:45:00,1361.9725,STOP_LOSS,False,-10.366295000000092,-1.3550712418300612,ORB_50PCT
RELIANCE,2026-05-13,SELL,2026-05-13 09:35:00,2026-05-13 09:40:00,09:40,1354.3225,1372.4,1357.1,15.300000000000182,1372.4,18.0775000000001,1318.1674999999998,2026-05-13 15:25:00,1361.2,END_OF_DAY,False,-9.593022500000055,-0.5306609044392201,ORB_BOUNDARY
RELIANCE,2026-05-14,SELL,2026-05-14 09:35:00,2026-05-14 09:40:00,09:40,1363.5179,1369.9,1365.2,4.7000000000000455,1365.8679000000002,2.3500000000001364,1358.8178999999998,2026-05-14 10:05:00,1358.8178999999998,TARGET,False,1.977664200000273,0.8415592340426206,ORB_50PCT
RELIANCE,2026-05-14,SELL,2026-05-14 09:35:00,2026-05-14 09:40:00,09:40,1363.5179,1369.9,1365.2,4.7000000000000455,1369.9,6.382100000000037,1350.7537,2026-05-14 11:40:00,1369.9,STOP_LOSS,False,-9.115517900000038,-1.4282944328669223,ORB_BOUNDARY
RELIANCE,2026-05-14,BUY,2026-05-14 12:15:00,2026-05-14 12:20:00,12:20,1372.18575,1369.9,1365.2,4.7000000000000455,1369.8357500000002,2.349999999999909,1376.88575,2026-05-14 12:50:00,1369.8357500000002,STOP_LOSS,False,-5.092021499999909,-2.166817659574513,ORB_50PCT
RELIANCE,2026-05-14,BUY,2026-05-14 12:15:00,2026-05-14 12:20:00,12:20,1372.18575,1369.9,1365.2,4.7000000000000455,1365.2,6.985750000000053,1386.1572500000002,2026-05-14 14:15:00,1365.2,STOP_LOSS,False,-9.723135750000054,-1.3918528075009813,ORB_BOUNDARY
RELIANCE,2026-05-14,SELL,2026-05-14 14:30:00,2026-05-14 14:35:00,14:35,1363.9177,1369.9,1365.2,4.7000000000000455,1366.2676999999999,2.349999999999909,1359.2177000000001,2026-05-14 15:05:00,1359.2177000000001,TARGET,False,1.9768645999998178,0.8412189787233593,ORB_50PCT
RELIANCE,2026-05-14,SELL,2026-05-14 14:30:00,2026-05-14 14:35:00,14:35,1363.9177,1369.9,1365.2,4.7000000000000455,1369.9,5.982300000000123,1351.9530999999997,2026-05-14 15:25:00,1368.6,END_OF_DAY,False,-7.414817699999941,-1.2394593550975024,ORB_BOUNDARY
RELIANCE,2026-05-15,SELL,2026-05-15 09:30:00,2026-05-15 09:35:00,09:35,1343.9277,1364.8,1348.6,16.200000000000045,1352.0277,8.100000000000136,1327.7276999999997,2026-05-15 15:25:00,1339.0,END_OF_DAY,False,2.244772299999959,0.2771323827160396,ORB_50PCT
RELIANCE,2026-05-15,SELL,2026-05-15 09:30:00,2026-05-15 09:35:00,09:35,1343.9277,1364.8,1348.6,16.200000000000045,1364.8,20.872299999999996,1302.1831,2026-05-15 15:25:00,1339.0,END_OF_DAY,False,2.244772299999959,0.10754791278392699,ORB_BOUNDARY
RELIANCE,2026-05-18,SELL,2026-05-18 09:35:00,2026-05-18 09:40:00,09:40,1319.34,1334.0,1322.5,11.5,1325.09,5.75,1307.84,2026-05-18 10:10:00,1325.09,STOP_LOSS,False,-8.39443,-1.4599008695652174,ORB_50PCT
RELIANCE,2026-05-18,SELL,2026-05-18 09:35:00,2026-05-18 09:40:00,09:40,1319.34,1334.0,1322.5,11.5,1334.0,14.660000000000082,1290.0199999999998,2026-05-18 10:40:00,1334.0,STOP_LOSS,False,-17.313340000000082,-1.1809918144611178,ORB_BOUNDARY
RELIANCE,2026-05-18,BUY,2026-05-18 10:55:00,2026-05-18 11:00:00,11:00,1337.16825,1334.0,1322.5,11.5,1331.41825,5.75,1348.66825,2026-05-18 14:20:00,1331.41825,STOP_LOSS,False,-8.4185865,-1.464102,ORB_50PCT
RELIANCE,2026-05-18,BUY,2026-05-18 10:55:00,2026-05-18 11:00:00,11:00,1337.16825,1334.0,1322.5,11.5,1322.5,14.668249999999944,1366.5047499999998,2026-05-18 15:25:00,1335.0,END_OF_DAY,False,-4.840418249999944,-0.32999289281270516,ORB_BOUNDARY
RELIANCE,2026-05-19,SELL,2026-05-19 11:30:00,2026-05-19 11:35:00,11:35,1334.83225,1344.0,1335.9,8.099999999999909,1338.8822499999999,4.0499999999999545,1326.73225,2026-05-19 14:50:00,1326.73225,TARGET,False,5.438435499999909,1.3428235802469062,ORB_50PCT
RELIANCE,2026-05-19,SELL,2026-05-19 11:30:00,2026-05-19 11:35:00,11:35,1334.83225,1344.0,1335.9,8.099999999999909,1344.0,9.16775000000007,1316.4967499999998,2026-05-19 15:25:00,1322.8,END_OF_DAY,False,9.374617749999977,1.0225647241689517,ORB_BOUNDARY
RELIANCE,2026-05-20,BUY,2026-05-20 09:30:00,2026-05-20 09:35:00,09:35,1326.663,1323.8,1312.6,11.200000000000045,1321.063,5.599999999999909,1337.8629999999998,2026-05-20 09:40:00,1321.063,STOP_LOSS,False,-8.24772599999991,-1.472808214285722,ORB_50PCT
RELIANCE,2026-05-20,BUY,2026-05-20 09:30:00,2026-05-20 09:35:00,09:35,1326.663,1323.8,1312.6,11.200000000000045,1312.6,14.063000000000102,1354.7890000000002,2026-05-20 12:40:00,1354.7890000000002,TARGET,False,25.444548000000204,1.8093257484178353,ORB_BOUNDARY
RELIANCE,2026-05-21,SELL,2026-05-21 09:30:00,2026-05-21 09:35:00,09:35,1356.7213000000002,1370.9,1358.4,12.5,1362.9713000000002,6.25,1344.2213000000002,2026-05-21 15:25:00,1349.0,END_OF_DAY,False,5.015578700000155,0.8024925920000249,ORB_50PCT
RELIANCE,2026-05-21,SELL,2026-05-21 09:30:00,2026-05-21 09:35:00,09:35,1356.7213000000002,1370.9,1358.4,12.5,1370.9,14.178699999999935,1328.3639000000003,2026-05-21 15:25:00,1349.0,END_OF_DAY,False,5.015578700000155,0.3537403781729057,ORB_BOUNDARY
RELIANCE,2026-05-22,BUY,2026-05-22 11:40:00,2026-05-22 11:45:00,11:45,1358.57895,1357.9,1349.1,8.800000000000182,1354.17895,4.400000000000091,1367.3789500000003,2026-05-22 13:00:00,1367.3789500000003,TARGET,False,6.074042100000181,1.3804641136363762,ORB_50PCT
RELIANCE,2026-05-22,BUY,2026-05-22 11:40:00,2026-05-22 11:45:00,11:45,1358.57895,1357.9,1349.1,8.800000000000182,1349.1,9.478950000000168,1377.5368500000004,2026-05-22 15:25:00,1358.0,END_OF_DAY,False,-3.2955289500000773,-0.34766814362350457,ORB_BOUNDARY
RELIANCE,2026-05-25,SELL,2026-05-25 09:35:00,2026-05-25 09:40:00,09:40,1359.02015,1371.1,1360.2,10.899999999999864,1364.47015,5.4500000000000455,1348.12015,2026-05-25 13:15:00,1364.47015,STOP_LOSS,False,-8.173490300000045,-1.499722990825684,ORB_50PCT
RELIANCE,2026-05-25,SELL,2026-05-25 09:35:00,2026-05-25 09:40:00,09:40,1359.02015,1371.1,1360.2,10.899999999999864,1371.1,12.079849999999851,1334.8604500000004,2026-05-25 15:25:00,1366.4,END_OF_DAY,False,-10.105270150000033,-0.836539373419385,ORB_BOUNDARY
RELIANCE,2026-05-26,BUY,2026-05-26 09:55:00,2026-05-26 10:00:00,10:00,1366.0827000000002,1364.6,1357.4,7.199999999999818,1362.4827000000002,3.599999999999909,1373.2827,2026-05-26 11:00:00,1362.4827000000002,STOP_LOSS,False,-6.32856539999991,-1.7579348333333527,ORB_50PCT
RELIANCE,2026-05-26,BUY,2026-05-26 09:55:00,2026-05-26 10:00:00,10:00,1366.0827000000002,1364.6,1357.4,7.199999999999818,1357.4,8.682700000000068,1383.4481000000003,2026-05-26 12:45:00,1357.4,STOP_LOSS,False,-11.406182700000068,-1.3136677185668029,ORB_BOUNDARY
RELIANCE,2026-05-26,SELL,2026-05-26 14:00:00,2026-05-26 14:05:00,14:05,1356.5214,1364.6,1357.4,7.199999999999818,1360.1214,3.599999999999909,1349.3214000000003,2026-05-26 15:10:00,1360.1214,STOP_LOSS,False,-6.31664279999991,-1.7546230000000194,ORB_50PCT
RELIANCE,2026-05-26,SELL,2026-05-26 14:00:00,2026-05-26 14:05:00,14:05,1356.5214,1364.6,1357.4,7.199999999999818,1364.6,8.078599999999824,1340.3642000000004,2026-05-26 15:25:00,1357.0,END_OF_DAY,False,-3.192121399999915,-0.3951329933404284,ORB_BOUNDARY
RELIANCE,2026-05-27,BUY,2026-05-27 09:45:00,2026-05-27 09:50:00,09:50,1359.8796,1358.2,1351.2,7.0,1356.3796,3.5,1366.8796,2026-05-27 09:50:00,1356.3796,STOP_LOSS,False,-6.2162592,-1.776074057142857,ORB_50PCT
RELIANCE,2026-05-27,BUY,2026-05-27 09:45:00,2026-05-27 09:50:00,09:50,1359.8796,1358.2,1351.2,7.0,1351.2,8.679599999999937,1377.2387999999999,2026-05-27 14:35:00,1351.2,STOP_LOSS,False,-11.390679599999936,-1.3123507534909464,ORB_BOUNDARY
RELIANCE,2026-05-27,SELL,2026-05-27 14:40:00,2026-05-27 14:45:00,14:45,1350.1245999999999,1358.2,1351.2,7.0,1353.6245999999999,3.5,1343.1245999999999,2026-05-27 15:25:00,1353.6245999999999,STOP_LOSS,False,-6.2037492,-1.7724997714285713,ORB_50PCT
RELIANCE,2026-05-27,SELL,2026-05-27 14:40:00,2026-05-27 14:45:00,14:45,1350.1245999999999,1358.2,1351.2,7.0,1358.2,8.075400000000172,1333.9737999999995,2026-05-27 15:25:00,1352.7,END_OF_DAY,False,-5.278224600000172,-0.6536177279144141,ORB_BOUNDARY
RELIANCE,2026-05-29,SELL,2026-05-29 10:20:00,2026-05-29 10:25:00,10:25,1345.2270500000002,1369.0,1348.7,20.299999999999955,1355.37705,10.149999999999864,1324.9270500000005,2026-05-29 15:00:00,1324.9270500000005,TARGET,False,17.629845899999726,1.7369306305418684,ORB_50PCT
RELIANCE,2026-05-29,SELL,2026-05-29 10:20:00,2026-05-29 10:25:00,10:25,1345.2270500000002,1369.0,1348.7,20.299999999999955,1369.0,23.77294999999981,1297.6811500000006,2026-05-29 15:25:00,1321.9,END_OF_DAY,False,20.659922950000098,0.8690517142382524,ORB_BOUNDARY
RELIANCE,2026-06-01,SELL,2026-06-01 14:05:00,2026-06-01 14:10:00,14:10,1320.1396,1335.5,1320.8,14.700000000000045,1327.4895999999999,7.349999999999909,1305.4396000000002,2026-06-01 15:25:00,1320.9,END_OF_DAY,False,-3.401439600000118,-0.46278089795920546,ORB_50PCT
RELIANCE,2026-06-01,SELL,2026-06-01 14:05:00,2026-06-01 14:10:00,14:10,1320.1396,1335.5,1320.8,14.700000000000045,1335.5,15.360400000000027,1289.4188,2026-06-01 15:25:00,1320.9,END_OF_DAY,False,-3.401439600000118,-0.22144212390303064,ORB_BOUNDARY
RELIANCE,2026-06-02,SELL,2026-06-02 11:00:00,2026-06-02 11:05:00,11:05,1305.347,1320.2,1307.5,12.700000000000045,1311.6970000000001,6.350000000000136,1292.6469999999997,2026-06-02 12:55:00,1311.6970000000001,STOP_LOSS,False,-8.967044000000136,-1.4121329133858178,ORB_50PCT
RELIANCE,2026-06-02,SELL,2026-06-02 11:00:00,2026-06-02 11:05:00,11:05,1305.347,1320.2,1307.5,12.700000000000045,1320.2,14.853000000000065,1275.6409999999998,2026-06-02 13:15:00,1320.2,STOP_LOSS,False,-17.478547000000066,-1.1767688009156392,ORB_BOUNDARY
RELIANCE,2026-06-03,SELL,2026-06-03 10:05:00,2026-06-03 10:10:00,10:10,1304.04765,1324.0,1305.3,18.700000000000045,1313.3976499999999,9.349999999999909,1285.3476500000002,2026-06-03 13:45:00,1313.3976499999999,STOP_LOSS,False,-11.967445299999909,-1.2799406737967942,ORB_50PCT
RELIANCE,2026-06-03,SELL,2026-06-03 10:05:00,2026-06-03 10:10:00,10:10,1304.04765,1324.0,1305.3,18.700000000000045,1324.0,19.952350000000024,1264.14295,2026-06-03 15:25:00,1312.6,END_OF_DAY,False,-11.168997649999934,-0.5597835668480114,ORB_BOUNDARY
RELIANCE,2026-06-04,SELL,2026-06-04 13:10:00,2026-06-04 13:15:00,13:15,1294.45245,1309.6,1300.1,9.5,1299.20245,4.75,1284.95245,2026-06-04 13:40:00,1299.20245,STOP_LOSS,False,-7.343654900000001,-1.546032610526316,ORB_50PCT
RELIANCE,2026-06-04,SELL,2026-06-04 13:10:00,2026-06-04 13:15:00,13:15,1294.45245,1309.6,1300.1,9.5,1309.6,15.14754999999991,1264.1573500000002,2026-06-04 15:25:00,1308.0,END_OF_DAY,False,-16.150002450000002,-1.0661791807916197,ORB_BOUNDARY
RELIANCE,2026-06-05,SELL,2026-06-05 10:30:00,2026-06-05 10:35:00,10:35,1296.9512,1306.0,1298.4,7.599999999999909,1300.7512,3.7999999999999545,1289.3512,2026-06-05 12:25:00,1300.7512,STOP_LOSS,False,-6.397702399999955,-1.6836058947368504,ORB_50PCT
RELIANCE,2026-06-05,SELL,2026-06-05 10:30:00,2026-06-05 10:35:00,10:35,1296.9512,1306.0,1298.4,7.599999999999909,1306.0,9.048800000000028,1278.8536,2026-06-05 15:25:00,1291.5,END_OF_DAY,False,2.8627487999999714,0.31636778357350837,ORB_BOUNDARY
RELIANCE,2026-06-08,SELL,2026-06-08 13:20:00,2026-06-08 13:25:00,13:25,1271.86375,1281.5,1273.5,8.0,1275.86375,4.0,1263.86375,2026-06-08 15:00:00,1263.86375,TARGET,False,5.4642725,1.366068125,ORB_50PCT
RELIANCE,2026-06-08,SELL,2026-06-08 13:20:00,2026-06-08 13:25:00,13:25,1271.86375,1281.5,1273.5,8.0,1281.5,9.636250000000018,1252.59125,2026-06-08 15:25:00,1262.8,END_OF_DAY,False,6.529086250000027,0.677554676352317,ORB_BOUNDARY
RELIANCE,2026-06-09,SELL,2026-06-09 10:45:00,2026-06-09 10:50:00,10:50,1261.66885,1274.2,1265.1,9.100000000000136,1266.2188500000002,4.550000000000182,1252.5688499999997,2026-06-09 11:50:00,1266.2188500000002,STOP_LOSS,False,-7.077887700000183,-1.5555797142856922,ORB_50PCT
RELIANCE,2026-06-09,SELL,2026-06-09 10:45:00,2026-06-09 10:50:00,10:50,1261.66885,1274.2,1265.1,9.100000000000136,1274.2,12.531150000000025,1236.60655,2026-06-09 15:25:00,1272.5,END_OF_DAY,False,-13.36531884999998,-1.06656762148725,ORB_BOUNDARY
RELIANCE,2026-06-10,BUY,2026-06-10 09:30:00,2026-06-10 09:35:00,09:35,1297.54845,1292.9,1275.0,17.90000000000009,1288.59845,8.950000000000045,1315.44845,2026-06-10 10:05:00,1288.59845,STOP_LOSS,False,-11.536146900000045,-1.288954960893853,ORB_50PCT
RELIANCE,2026-06-10,BUY,2026-06-10 09:30:00,2026-06-10 09:35:00,09:35,1297.54845,1292.9,1275.0,17.90000000000009,1275.0,22.548450000000003,1342.64535,2026-06-10 12:00:00,1275.0,STOP_LOSS,False,-25.120998450000002,-1.1140898132687613,ORB_BOUNDARY
RELIANCE,2026-06-10,SELL,2026-06-10 12:15:00,2026-06-10 12:20:00,12:20,1273.363,1292.9,1275.0,17.90000000000009,1282.313,8.950000000000045,1255.463,2026-06-10 15:15:00,1255.463,TARGET,False,15.37117400000009,1.717449608938549,ORB_50PCT
RELIANCE,2026-06-10,SELL,2026-06-10 12:15:00,2026-06-10 12:20:00,12:20,1273.363,1292.9,1275.0,17.90000000000009,1292.9,19.537000000000035,1234.289,2026-06-10 15:25:00,1258.5,END_OF_DAY,False,12.331137000000055,0.6311683984235058,ORB_BOUNDARY
RELIANCE,2026-06-11,BUY,2026-06-11 09:35:00,2026-06-11 09:40:00,09:40,1262.0307,1261.2,1253.2,8.0,1258.0307,4.0,1270.0307,2026-06-11 10:00:00,1258.0307,STOP_LOSS,False,-6.5200613999999995,-1.6300153499999999,ORB_50PCT
RELIANCE,2026-06-11,BUY,2026-06-11 09:35:00,2026-06-11 09:40:00,09:40,1262.0307,1261.2,1253.2,8.0,1253.2,8.830699999999979,1279.6921,2026-06-11 15:25:00,1264.5,END_OF_DAY,False,-0.057230700000024726,-0.006480879205501814,ORB_BOUNDARY
RELIANCE,2026-06-12,SELL,2026-06-12 09:35:00,2026-06-12 09:40:00,09:40,1269.365,1281.4,1271.0,10.400000000000091,1274.565,5.2000000000000455,1258.965,2026-06-12 13:35:00,1274.565,STOP_LOSS,False,-7.743930000000046,-1.4892173076923034,ORB_50PCT
RELIANCE,2026-06-12,SELL,2026-06-12 09:35:00,2026-06-12 09:40:00,09:40,1269.365,1281.4,1271.0,10.400000000000091,1281.4,12.035000000000082,1245.2949999999998,2026-06-12 13:55:00,1281.4,STOP_LOSS,False,-14.585765000000082,-1.2119455754050672,ORB_BOUNDARY
RELIANCE,2026-06-15,SELL,2026-06-15 12:40:00,2026-06-15 12:45:00,12:45,1304.24755,1325.0,1305.0,20.0,1314.24755,10.0,1284.24755,2026-06-15 15:25:00,1306.5,END_OF_DAY,False,-4.863197549999954,-0.48631975499999536,ORB_50PCT
RELIANCE,2026-06-15,SELL,2026-06-15 12:40:00,2026-06-15 12:45:00,12:45,1304.24755,1325.0,1305.0,20.0,1325.0,20.752449999999953,1262.7426500000001,2026-06-15 15:25:00,1306.5,END_OF_DAY,False,-4.863197549999954,-0.23434329681555502,ORB_BOUNDARY
RELIANCE,2026-06-16,BUY,2026-06-16 09:35:00,2026-06-16 09:40:00,09:40,1315.55745,1313.4,1306.4,7.0,1312.05745,3.5,1322.55745,2026-06-16 10:25:00,1322.55745,TARGET,False,4.3618851,1.2462528857142858,ORB_50PCT
RELIANCE,2026-06-16,BUY,2026-06-16 09:35:00,2026-06-16 09:40:00,09:40,1315.55745,1313.4,1306.4,7.0,1306.4,9.157449999999926,1333.8723499999999,2026-06-16 15:25:00,1328.0,END_OF_DAY,False,9.798992549999983,1.0700568990275745,ORB_BOUNDARY
RELIANCE,2026-06-18,SELL,2026-06-18 11:15:00,2026-06-18 11:20:00,11:20,1324.03765,1333.9,1326.0,7.900000000000091,1327.98765,3.9500000000000455,1316.13765,2026-06-18 11:45:00,1327.98765,STOP_LOSS,False,-6.6020253000000455,-1.6713988101265747,ORB_50PCT
RELIANCE,2026-06-18,SELL,2026-06-18 11:15:00,2026-06-18 11:20:00,11:20,1324.03765,1333.9,1326.0,7.900000000000091,1333.9,9.862350000000106,1304.3129499999998,2026-06-18 15:25:00,1331.0,END_OF_DAY,False,-9.617387650000015,-0.9751618681145885,ORB_BOUNDARY
RELIANCE,2026-06-19,BUY,2026-06-19 10:05:00,2026-06-19 10:10:00,10:10,1336.76805,1336.0,1324.9,11.099999999999909,1331.21805,5.5499999999999545,1347.8680499999998,2026-06-19 10:25:00,1331.21805,STOP_LOSS,False,-8.217986099999955,-1.4807182162162202,ORB_50PCT
RELIANCE,2026-06-19,BUY,2026-06-19 10:05:00,2026-06-19 10:10:00,10:10,1336.76805,1336.0,1324.9,11.099999999999909,1324.9,11.868049999999812,1360.5041499999995,2026-06-19 11:05:00,1324.9,STOP_LOSS,False,-14.529718049999811,-1.2242717253466273,ORB_BOUNDARY
RELIANCE,2026-06-19,SELL,2026-06-19 11:20:00,2026-06-19 11:25:00,11:25,1323.6378499999998,1336.0,1324.9,11.099999999999909,1329.1878499999998,5.5499999999999545,1312.53785,2026-06-19 12:40:00,1329.1878499999998,STOP_LOSS,False,-8.202825699999954,-1.4779866126126164,ORB_50PCT
RELIANCE,2026-06-19,SELL,2026-06-19 11:20:00,2026-06-19 11:25:00,11:25,1323.6378499999998,1336.0,1324.9,11.099999999999909,1336.0,12.362150000000156,1298.9135499999995,2026-06-19 14:15:00,1336.0,STOP_LOSS,False,-15.021787850000155,-1.2151436319734,ORB_BOUNDARY
RELIANCE,2026-06-19,SELL,2026-06-19 14:20:00,2026-06-19 14:25:00,14:25,1315.1421,1336.0,1324.9,11.099999999999909,1320.6921,5.5499999999999545,1304.0421000000001,2026-06-19 14:35:00,1320.6921,STOP_LOSS,False,-8.185834199999954,-1.474925081081085,ORB_50PCT
RELIANCE,2026-06-19,SELL,2026-06-19 14:20:00,2026-06-19 14:25:00,14:25,1315.1421,1336.0,1324.9,11.099999999999909,1336.0,20.857899999999972,1273.4263,2026-06-19 15:25:00,1311.8,END_OF_DAY,False,0.7151579000000727,0.03428714779532329,ORB_BOUNDARY
RELIANCE,2026-06-23,SELL,2026-06-23 11:55:00,2026-06-23 12:00:00,12:00,1322.9381999999998,1333.0,1323.8,9.200000000000045,1327.5382,4.600000000000136,1313.7381999999996,2026-06-23 15:00:00,1313.7381999999996,TARGET,False,6.563323600000274,1.4268094782608869,ORB_50PCT
RELIANCE,2026-06-23,SELL,2026-06-23 11:55:00,2026-06-23 12:00:00,12:00,1322.9381999999998,1333.0,1323.8,9.200000000000045,1333.0,10.061800000000176,1302.8145999999995,2026-06-23 15:25:00,1306.0,END_OF_DAY,False,14.309261799999824,1.4221373710468876,ORB_BOUNDARY
RELIANCE,2026-06-24,SELL,2026-06-24 09:45:00,2026-06-24 09:50:00,09:50,1297.25105,1308.8,1301.0,7.7999999999999545,1301.15105,3.8999999999998636,1289.4510500000004,2026-06-24 09:55:00,1301.15105,STOP_LOSS,False,-6.498402099999864,-1.6662569487179721,ORB_50PCT
RELIANCE,2026-06-24,SELL,2026-06-24 09:45:00,2026-06-24 09:50:00,09:50,1297.25105,1308.8,1301.0,7.7999999999999545,1308.8,11.548949999999877,1274.1531500000003,2026-06-24 10:00:00,1308.8,STOP_LOSS,False,-14.155001049999877,-1.2256526394174385,ORB_BOUNDARY
RELIANCE,2026-06-24,BUY,2026-06-24 10:05:00,2026-06-24 10:10:00,10:10,1312.15575,1308.8,1301.0,7.7999999999999545,1308.2557499999998,3.900000000000091,1319.95575,2026-06-24 13:15:00,1319.95575,TARGET,False,5.167888500000181,1.325099615384631,ORB_50PCT
RELIANCE,2026-06-24,BUY,2026-06-24 10:05:00,2026-06-24 10:10:00,10:10,1312.15575,1308.8,1301.0,7.7999999999999545,1301.0,11.155749999999898,1334.4672499999997,2026-06-24 15:25:00,1313.4,END_OF_DAY,False,-1.3813057499998074,-0.12382007036728324,ORB_BOUNDARY
RELIANCE,2026-06-25,BUY,2026-06-25 09:50:00,2026-06-25 09:55:00,09:55,1326.76305,1324.0,1316.8,7.2000000000000455,1323.16305,3.599999999999909,1333.9630499999998,2026-06-25 11:25:00,1323.16305,STOP_LOSS,False,-6.249926099999909,-1.736090583333352,ORB_50PCT
RELIANCE,2026-06-25,BUY,2026-06-25 09:50:00,2026-06-25 09:55:00,09:55,1326.76305,1324.0,1316.8,7.2000000000000455,1316.8,9.963050000000067,1346.6891500000002,2026-06-25 12:30:00,1316.8,STOP_LOSS,False,-12.606613050000066,-1.265336724195902,ORB_BOUNDARY
RELIANCE,2026-06-25,SELL,2026-06-25 14:40:00,2026-06-25 14:45:00,14:45,1314.84225,1324.0,1316.8,7.2000000000000455,1318.44225,3.6000000000001364,1307.6422499999996,2026-06-25 14:45:00,1318.44225,STOP_LOSS,False,-6.233284500000137,-1.731467916666639,ORB_50PCT
RELIANCE,2026-06-25,SELL,2026-06-25 14:40:00,2026-06-25 14:45:00,14:45,1314.84225,1324.0,1316.8,7.2000000000000455,1324.0,9.157750000000078,1296.5267499999998,2026-06-25 15:25:00,1316.5,END_OF_DAY,False,-4.289092250000078,-0.46835655592258374,ORB_BOUNDARY
RELIANCE,2026-06-29,SELL,2026-06-29 11:40:00,2026-06-29 11:45:00,11:45,1304.44745,1313.7,1306.0,7.7000000000000455,1308.29745,3.8500000000001364,1296.7474499999996,2026-06-29 13:45:00,1296.7474499999996,TARGET,False,5.098805100000273,1.3243649610389852,ORB_50PCT
RELIANCE,2026-06-29,SELL,2026-06-29 11:40:00,2026-06-29 11:45:00,11:45,1304.44745,1313.7,1306.0,7.7000000000000455,1313.7,9.252550000000156,1285.9423499999996,2026-06-29 15:25:00,1301.5,END_OF_DAY,False,0.34150254999989027,0.0369090196756445,ORB_BOUNDARY
RELIANCE,2026-06-30,SELL,2026-06-30 09:30:00,2026-06-30 09:35:00,09:35,1290.9542,1306.9,1292.2,14.700000000000045,1298.3042,7.350000000000136,1276.2541999999996,2026-06-30 11:25:00,1298.3042,STOP_LOSS,False,-9.939258400000137,-1.3522800544217621,ORB_50PCT
RELIANCE,2026-06-30,SELL,2026-06-30 09:30:00,2026-06-30 09:35:00,09:35,1290.9542,1306.9,1292.2,14.700000000000045,1306.9,15.94580000000019,1259.0625999999995,2026-06-30 15:25:00,1294.5,END_OF_DAY,False,-6.131254200000099,-0.3845059012404537,ORB_BOUNDARY
RELIANCE,2026-07-01,BUY,2026-07-01 09:55:00,2026-07-01 10:00:00,10:00,1308.0537000000002,1301.3,1296.5,4.7999999999999545,1305.6537000000003,2.3999999999998636,1312.8537,2026-07-01 10:10:00,1305.6537000000003,STOP_LOSS,False,-5.0137073999998645,-2.0890447500000624,ORB_50PCT
RELIANCE,2026-07-01,BUY,2026-07-01 09:55:00,2026-07-01 10:00:00,10:00,1308.0537000000002,1301.3,1296.5,4.7999999999999545,1296.5,11.553700000000163,1331.1611000000005,2026-07-01 15:25:00,1306.5,END_OF_DAY,False,-4.168253700000163,-0.36077219418888357,ORB_BOUNDARY
RELIANCE,2026-07-02,SELL,2026-07-02 10:10:00,2026-07-02 10:15:00,10:15,1304.3475,1312.6,1305.3,7.2999999999999545,1307.9975,3.6499999999998636,1297.0475000000004,2026-07-02 15:25:00,1301.9,END_OF_DAY,False,-0.15874750000000937,-0.04349246575342885,ORB_50PCT
RELIANCE,2026-07-02,SELL,2026-07-02 10:10:00,2026-07-02 10:15:00,10:15,1304.3475,1312.6,1305.3,7.2999999999999545,1312.6,8.252499999999827,1287.8425000000004,2026-07-02 15:25:00,1301.9,END_OF_DAY,False,-0.15874750000000937,-0.019236292032718896,ORB_BOUNDARY
RELIANCE,2026-07-03,SELL,2026-07-03 10:00:00,2026-07-03 10:05:00,10:05,1303.7478,1312.0,1306.0,6.0,1306.7478,3.0,1297.7478,2026-07-03 11:40:00,1306.7478,STOP_LOSS,False,-5.6104956,-1.8701652,ORB_50PCT
RELIANCE,2026-07-03,SELL,2026-07-03 10:00:00,2026-07-03 10:05:00,10:05,1303.7478,1312.0,1306.0,6.0,1312.0,8.252199999999903,1287.2434000000003,2026-07-03 15:25:00,1305.0,END_OF_DAY,False,-3.8609477999999027,-0.46786890768521705,ORB_BOUNDARY
RELIANCE,2026-07-06,BUY,2026-07-06 10:20:00,2026-07-06 10:25:00,10:25,1307.35335,1305.9,1299.4,6.5,1304.10335,3.25,1313.85335,2026-07-06 10:50:00,1313.85335,TARGET,False,3.8787933,1.1934748615384616,ORB_50PCT
RELIANCE,2026-07-06,BUY,2026-07-06 10:20:00,2026-07-06 10:25:00,10:25,1307.35335,1305.9,1299.4,6.5,1299.4,7.95335,1323.26005,2026-07-06 10:55:00,1323.26005,TARGET,False,13.276086600000001,1.6692446076181735,ORB_BOUNDARY
RELIANCE,2026-07-07,SELL,2026-07-07 11:40:00,2026-07-07 11:45:00,11:45,1311.9436999999998,1328.0,1315.2,12.799999999999955,1318.3437,6.400000000000091,1299.1436999999996,2026-07-07 15:25:00,1304.9,END_OF_DAY,False,4.4268562999997165,0.6916962968749458,ORB_50PCT
RELIANCE,2026-07-07,SELL,2026-07-07 11:40:00,2026-07-07 11:45:00,11:45,1311.9436999999998,1328.0,1315.2,12.799999999999955,1328.0,16.056300000000192,1279.8310999999994,2026-07-07 15:25:00,1304.9,END_OF_DAY,False,4.4268562999997165,0.2757083699233113,ORB_BOUNDARY
RELIANCE,2026-07-08,SELL,2026-07-08 14:05:00,2026-07-08 14:10:00,14:10,1274.9622,1302.3,1278.0,24.299999999999955,1287.1122,12.150000000000091,1250.6621999999998,2026-07-08 15:25:00,1274.9,END_OF_DAY,False,-2.4876622000001523,-0.20474586008231552,ORB_50PCT
RELIANCE,2026-07-08,SELL,2026-07-08 14:05:00,2026-07-08 14:10:00,14:10,1274.9622,1302.3,1278.0,24.299999999999955,1302.3,27.337800000000016,1220.2866,2026-07-08 15:25:00,1274.9,END_OF_DAY,False,-2.4876622000001523,-0.0909971614394776,ORB_BOUNDARY
RELIANCE,2026-07-09,BUY,2026-07-09 09:35:00,2026-07-09 09:40:00,09:40,1288.74405,1286.6,1274.2,12.399999999999864,1282.54405,6.2000000000000455,1301.14405,2026-07-09 14:45:00,1282.54405,STOP_LOSS,False,-8.771288100000046,-1.414723887096771,ORB_50PCT
RELIANCE,2026-07-09,BUY,2026-07-09 09:35:00,2026-07-09 09:40:00,09:40,1288.74405,1286.6,1274.2,12.399999999999864,1274.2,14.54404999999997,1317.83215,2026-07-09 15:25:00,1280.4,END_OF_DAY,False,-10.913194049999925,-0.7503545470484457,ORB_BOUNDARY
RELIANCE,2026-07-10,BUY,2026-07-10 09:45:00,2026-07-10 09:50:00,09:50,1304.0517,1302.0,1287.8,14.200000000000045,1296.9517,7.099999999999909,1318.2516999999998,2026-07-10 15:25:00,1309.6,END_OF_DAY,False,2.9346482999999264,0.41333074647886814,ORB_50PCT
RELIANCE,2026-07-10,BUY,2026-07-10 09:45:00,2026-07-10 09:50:00,09:50,1304.0517,1302.0,1287.8,14.200000000000045,1287.8,16.251700000000028,1336.5551,2026-07-10 15:25:00,1309.6,END_OF_DAY,False,2.9346482999999264,0.18057485063100606,ORB_BOUNDARY
RELIANCE,2026-07-13,SELL,2026-07-13 11:40:00,2026-07-13 11:45:00,11:45,1296.7513000000001,1305.5,1298.8,6.7000000000000455,1300.1013000000003,3.3500000000001364,1290.0512999999999,2026-07-13 12:10:00,1300.1013000000003,STOP_LOSS,False,-5.9468526000001365,-1.7751798805969834,ORB_50PCT
RELIANCE,2026-07-13,SELL,2026-07-13 11:40:00,2026-07-13 11:45:00,11:45,1296.7513000000001,1305.5,1298.8,6.7000000000000455,1305.5,8.748699999999872,1279.2539000000004,2026-07-13 15:25:00,1297.0,END_OF_DAY,False,-2.8424512999998717,-0.3248998479774039,ORB_BOUNDARY
RELIANCE,2026-07-14,BUY,2026-07-14 10:00:00,2026-07-14 10:05:00,10:05,1299.8496,1298.8,1290.0,8.799999999999955,1295.4496,4.400000000000091,1308.6496000000002,2026-07-14 13:55:00,1295.4496,STOP_LOSS,False,-6.99529920000009,-1.5898407272727149,ORB_50PCT
RELIANCE,2026-07-14,BUY,2026-07-14 10:00:00,2026-07-14 10:05:00,10:05,1299.8496,1298.8,1290.0,8.799999999999955,1290.0,9.84960000000001,1319.5488,2026-07-14 14:45:00,1290.0,STOP_LOSS,False,-12.43944960000001,-1.2629395711500973,ORB_BOUNDARY
RELIANCE,2026-07-14,SELL,2026-07-14 15:15:00,2026-07-14 15:20:00,15:20,1289.355,1298.8,1290.0,8.799999999999955,1293.755,4.400000000000091,1280.5549999999998,2026-07-14 15:20:00,1293.755,STOP_LOSS,False,-6.9831100000000905,-1.5870704545454424,ORB_50PCT
RELIANCE,2026-07-14,SELL,2026-07-14 15:15:00,2026-07-14 15:20:00,15:20,1289.355,1298.8,1290.0,8.799999999999955,1298.8,9.444999999999936,1270.4650000000001,2026-07-14 15:25:00,1295.0,END_OF_DAY,False,-8.229354999999982,-0.8712922181048214,ORB_BOUNDARY
RELIANCE,2026-07-16,BUY,2026-07-16 09:40:00,2026-07-16 09:45:00,09:45,1308.55395,1304.0,1295.5,8.5,1304.30395,4.25,1317.05395,2026-07-16 09:45:00,1304.30395,STOP_LOSS,False,-6.8628579,-1.614790094117647,ORB_50PCT
RELIANCE,2026-07-16,BUY,2026-07-16 09:40:00,2026-07-16 09:45:00,09:45,1308.55395,1304.0,1295.5,8.5,1295.5,13.053949999999986,1334.66185,2026-07-16 15:15:00,1295.5,STOP_LOSS,False,-15.658003949999987,-1.1994839837750262,ORB_BOUNDARY
RELIANCE,2026-07-17,BUY,2026-07-17 09:35:00,2026-07-17 09:40:00,09:40,1313.15625,1311.6,1296.1,15.5,1305.40625,7.75,1328.65625,2026-07-17 15:20:00,1328.65625,TARGET,False,12.8581875,1.6591209677419354,ORB_50PCT
RELIANCE,2026-07-17,BUY,2026-07-17 09:35:00,2026-07-17 09:40:00,09:40,1313.15625,1311.6,1296.1,15.5,1296.1,17.05625000000009,1347.2687500000002,2026-07-17 15:25:00,1329.0,END_OF_DAY,False,13.20159375,0.7740032979113187,ORB_BOUNDARY
RELIANCE,2026-07-21,SELL,2026-07-21 09:30:00,2026-07-21 09:35:00,09:35,1313.64285,1326.9,1316.1,10.800000000000182,1319.04285,5.400000000000091,1302.8428499999998,2026-07-21 09:50:00,1319.04285,STOP_LOSS,False,-8.03268570000009,-1.4875343888888806,ORB_50PCT
RELIANCE,2026-07-21,SELL,2026-07-21 09:30:00,2026-07-21 09:35:00,09:35,1313.64285,1326.9,1316.1,10.800000000000182,1326.9,13.257150000000138,1287.1285499999997,2026-07-21 15:25:00,1304.4,END_OF_DAY,False,6.624807149999862,0.49971578732984034,ORB_BOUNDARY
RELIANCE,2026-07-22,SELL,2026-07-22 09:30:00,2026-07-22 09:35:00,09:35,1293.85275,1304.6,1298.2,6.399999999999864,1297.0527499999998,3.199999999999818,1287.4527500000004,2026-07-22 09:35:00,1297.0527499999998,STOP_LOSS,False,-5.790905499999818,-1.809657968750046,ORB_50PCT
RELIANCE,2026-07-22,SELL,2026-07-22 09:30:00,2026-07-22 09:35:00,09:35,1293.85275,1304.6,1298.2,6.399999999999864,1304.6,10.747249999999894,1272.3582500000002,2026-07-22 15:25:00,1283.6,END_OF_DAY,False,7.6752972500001055,0.7141638326083585,ORB_BOUNDARY
RELIANCE,2026-07-23,BUY,2026-07-23 10:00:00,2026-07-23 10:05:00,10:05,1285.3423500000001,1284.0,1278.3,5.7000000000000455,1282.49235,2.8500000000001364,1291.0423500000004,2026-07-23 10:10:00,1282.49235,STOP_LOSS,False,-5.417834700000137,-1.9009946315789044,ORB_50PCT
RELIANCE,2026-07-23,BUY,2026-07-23 10:00:00,2026-07-23 10:05:00,10:05,1285.3423500000001,1284.0,1278.3,5.7000000000000455,1278.3,7.0423500000001695,1299.4270500000005,2026-07-23 12:30:00,1278.3,STOP_LOSS,False,-9.60599235000017,-1.3640322264584888,ORB_BOUNDARY
RELIANCE,2026-07-24,BUY,2026-07-24 10:25:00,2026-07-24 10:30:00,10:30,1272.0357000000001,1271.0,1249.8,21.200000000000045,1261.4357,10.600000000000136,1293.2357000000004,2026-07-24 15:25:00,1280.3,END_OF_DAY,False,5.711964299999821,0.5388645566037498,ORB_50PCT
RELIANCE,2026-07-24,BUY,2026-07-24 10:25:00,2026-07-24 10:30:00,10:30,1272.0357000000001,1271.0,1249.8,21.200000000000045,1249.8,22.23570000000018,1316.5071000000005,2026-07-24 15:25:00,1280.3,END_OF_DAY,False,5.711964299999821,0.25688259420660353,ORB_BOUNDARY
RELIANCE,2026-07-27,SELL,2026-07-27 09:50:00,2026-07-27 09:55:00,09:55,1281.7588,1288.7,1282.5,6.2000000000000455,1284.8588,3.099999999999909,1275.5588000000002,2026-07-27 15:25:00,1281.0,END_OF_DAY,False,-1.8039587999999354,-0.5819221935483834,ORB_50PCT
RELIANCE,2026-07-27,SELL,2026-07-27 09:50:00,2026-07-27 09:55:00,09:55,1281.7588,1288.7,1282.5,6.2000000000000455,1288.7,6.941199999999981,1267.8764,2026-07-27 15:25:00,1281.0,END_OF_DAY,False,-1.8039587999999354,-0.2598914885034202,ORB_BOUNDARY
RELIANCE,2026-07-28,BUY,2026-07-28 10:55:00,2026-07-28 11:00:00,11:00,1279.0392000000002,1277.0,1268.5,8.5,1274.7892000000002,4.25,1287.5392000000002,2026-07-28 11:20:00,1274.7892000000002,STOP_LOSS,False,-6.8038284,-1.6009008,ORB_50PCT
RELIANCE,2026-07-28,BUY,2026-07-28 10:55:00,2026-07-28 11:00:00,11:00,1279.0392000000002,1277.0,1268.5,8.5,1268.5,10.539200000000164,1300.1176000000005,2026-07-28 14:40:00,1268.5,STOP_LOSS,False,-13.086739200000164,-1.2417203582814595,ORB_BOUNDARY
RELIANCE,2026-07-28,SELL,2026-07-28 14:45:00,2026-07-28 14:50:00,14:50,1266.46645,1277.0,1268.5,8.5,1270.71645,4.25,1257.96645,2026-07-28 15:25:00,1270.71645,STOP_LOSS,False,-6.7871828999999995,-1.5969842117647057,ORB_50PCT
RELIANCE,2026-07-28,SELL,2026-07-28 14:45:00,2026-07-28 14:50:00,14:50,1266.46645,1277.0,1268.5,8.5,1277.0,10.533550000000105,1245.3993499999997,2026-07-28 15:25:00,1271.6,END_OF_DAY,False,-7.6716164500000135,-0.7283030364881675,ORB_BOUNDARY
RELIANCE,2026-07-29,BUY,2026-07-29 09:35:00,2026-07-29 09:40:00,09:40,1277.93865,1276.8,1271.2,5.599999999999909,1275.13865,2.7999999999999545,1283.53865,2026-07-29 09:50:00,1275.13865,STOP_LOSS,False,-5.3530772999999545,-1.9118133214285862,ORB_50PCT
RELIANCE,2026-07-29,BUY,2026-07-29 09:35:00,2026-07-29 09:40:00,09:40,1277.93865,1276.8,1271.2,5.599999999999909,1271.2,6.738650000000007,1291.41595,2026-07-29 10:25:00,1271.2,STOP_LOSS,False,-9.287788650000007,-1.378286251697298,ORB_BOUNDARY
RELIANCE,2026-07-29,SELL,2026-07-29 10:45:00,2026-07-29 10:50:00,10:50,1269.7648000000002,1276.8,1271.2,5.599999999999909,1272.5648,2.7999999999999545,1264.1648000000002,2026-07-29 11:40:00,1272.5648,STOP_LOSS,False,-5.342329599999955,-1.907974857142872,ORB_50PCT
RELIANCE,2026-07-29,SELL,2026-07-29 10:45:00,2026-07-29 10:50:00,10:50,1269.7648000000002,1276.8,1271.2,5.599999999999909,1276.8,7.035199999999804,1255.6944000000005,2026-07-29 13:05:00,1276.8,STOP_LOSS,False,-9.581764799999805,-1.361974755515134,ORB_BOUNDARY
RELIANCE,2026-07-29,BUY,2026-07-29 14:35:00,2026-07-29 14:40:00,14:40,1278.73905,1276.8,1271.2,5.599999999999909,1275.93905,2.7999999999999545,1284.3390499999998,2026-07-29 15:05:00,1275.93905,STOP_LOSS,False,-5.354678099999955,-1.9123850357143006,ORB_50PCT
RELIANCE,2026-07-29,BUY,2026-07-29 14:35:00,2026-07-29 14:40:00,14:40,1278.73905,1276.8,1271.2,5.599999999999909,1271.2,7.539049999999861,1293.8171499999996,2026-07-29 15:25:00,1277.1,END_OF_DAY,False,-4.194889049999997,-0.5564214390407378,ORB_BOUNDARY
RELIANCE,2026-07-30,BUY,2026-07-30 10:35:00,2026-07-30 10:40:00,10:40,1284.54195,1283.0,1275.3,7.7000000000000455,1280.69195,3.8500000000001364,1292.2419500000003,2026-07-30 12:30:00,1292.2419500000003,TARGET,False,5.123216100000272,1.330705480519504,ORB_50PCT
RELIANCE,2026-07-30,BUY,2026-07-30 10:35:00,2026-07-30 10:40:00,10:40,1284.54195,1283.0,1275.3,7.7000000000000455,1275.3,9.241950000000088,1303.0258500000002,2026-07-30 15:25:00,1289.4,END_OF_DAY,False,2.284108050000048,0.247145683540814,ORB_BOUNDARY
RELIANCE,2026-07-31,SELL,2026-07-31 09:30:00,2026-07-31 09:35:00,09:35,1293.65285,1300.9,1295.0,5.900000000000091,1296.60285,2.9500000000000455,1287.7528499999999,2026-07-31 09:40:00,1296.60285,STOP_LOSS,False,-5.540255700000046,-1.8780527796610034,ORB_50PCT
RELIANCE,2026-07-31,SELL,2026-07-31 09:30:00,2026-07-31 09:35:00,09:35,1293.65285,1300.9,1295.0,5.900000000000091,1300.9,7.247150000000147,1279.1585499999997,2026-07-31 10:10:00,1300.9,STOP_LOSS,False,-9.841702850000146,-1.358010093623003,ORB_BOUNDARY
RELIANCE,2026-07-31,BUY,2026-07-31 12:25:00,2026-07-31 12:30:00,12:30,1301.6505,1300.9,1295.0,5.900000000000091,1298.7005,2.9500000000000455,1307.5505,2026-07-31 15:00:00,1307.5505,TARGET,False,3.290799000000091,1.1155250847457763,ORB_50PCT
RELIANCE,2026-07-31,BUY,2026-07-31 12:25:00,2026-07-31 12:30:00,12:30,1301.6505,1300.9,1295.0,5.900000000000091,1295.0,6.650499999999965,1314.9515,2026-07-31 15:25:00,1305.0,END_OF_DAY,False,0.7428495000000348,0.11169829336140721,ORB_BOUNDARY
RELIANCE,2026-08-03,SELL,2026-08-03 09:45:00,2026-08-03 09:50:00,09:50,1310.2445500000001,1315.8,1311.2,4.599999999999909,1312.54455,2.2999999999999545,1305.6445500000002,2026-08-03 09:55:00,1312.54455,STOP_LOSS,False,-4.922789099999955,-2.1403430869565443,ORB_50PCT
RELIANCE,2026-08-03,SELL,2026-08-03 09:45:00,2026-08-03 09:50:00,09:50,1310.2445500000001,1315.8,1311.2,4.599999999999909,1315.8,5.555449999999837,1299.1336500000004,2026-08-03 15:10:00,1309.0,END_OF_DAY,False,-1.3746945499998828,-0.2474497205446765,ORB_BOUNDARY
RELIANCE,2026-08-04,SELL,2026-08-04 09:30:00,2026-08-04 09:35:00,09:35,1304.44745,1315.0,1306.0,9.0,1308.94745,4.5,1295.44745,2026-08-04 11:55:00,1295.44745,TARGET,False,6.4001051,1.4222455777777778,ORB_50PCT
RELIANCE,2026-08-04,SELL,2026-08-04 09:30:00,2026-08-04 09:35:00,09:35,1304.44745,1315.0,1306.0,9.0,1315.0,10.55255000000011,1283.3423499999997,2026-08-04 15:10:00,1290.6,END_OF_DAY,False,11.252402549999982,1.066320704474261,ORB_BOUNDARY
RELIANCE,2026-08-05,SELL,2026-08-05 09:50:00,2026-08-05 09:55:00,09:55,1290.7543,1299.0,1292.5,6.5,1294.0043,3.25,1284.2543,2026-08-05 11:00:00,1294.0043,STOP_LOSS,False,-5.834758600000001,-1.7953103384615388,ORB_50PCT
RELIANCE,2026-08-05,SELL,2026-08-05 09:50:00,2026-08-05 09:55:00,09:55,1290.7543,1299.0,1292.5,6.5,1299.0,8.245699999999943,1274.2629000000002,2026-08-05 14:20:00,1274.2629000000002,TARGET,False,13.926382799999885,1.6889266890621757,ORB_BOUNDARY
RELIANCE,2026-08-06,BUY,2026-08-06 09:45:00,2026-08-06 09:50:00,09:50,1304.2518,1301.1,1281.2,19.899999999999864,1294.3018000000002,9.949999999999818,1324.1517999999996,2026-08-06 13:00:00,1324.1517999999996,TARGET,False,17.271596399999638,1.7358388341708495,ORB_50PCT
RELIANCE,2026-08-06,BUY,2026-08-06 09:45:00,2026-08-06 09:50:00,09:50,1304.2518,1301.1,1281.2,19.899999999999864,1281.2,23.051799999999957,1350.3554,2026-08-06 15:10:00,1321.9,END_OF_DAY,False,15.022048200000087,0.6516648678194378,ORB_BOUNDARY
RELIANCE,2026-08-07,SELL,2026-08-07 09:35:00,2026-08-07 09:40:00,09:40,1318.64035,1331.6,1320.0,11.599999999999909,1324.4403499999999,5.7999999999999545,1307.04035,2026-08-07 10:40:00,1324.4403499999999,STOP_LOSS,False,-8.443080699999953,-1.4557035689655207,ORB_50PCT
RELIANCE,2026-08-07,SELL,2026-08-07 09:35:00,2026-08-07 09:40:00,09:40,1318.64035,1331.6,1320.0,11.599999999999909,1331.6,12.95965000000001,1292.7210499999999,2026-08-07 11:25:00,1331.6,STOP_LOSS,False,-15.609890350000011,-1.204499376912185,ORB_BOUNDARY
RELIANCE,2026-08-07,BUY,2026-08-07 12:30:00,2026-08-07 12:35:00,12:35,1333.6665,1331.6,1320.0,11.599999999999909,1327.8665,5.7999999999999545,1345.2665,2026-08-07 14:25:00,1327.8665,STOP_LOSS,False,-8.461532999999955,-1.4588850000000038,ORB_50PCT
RELIANCE,2026-08-07,BUY,2026-08-07 12:30:00,2026-08-07 12:35:00,12:35,1333.6665,1331.6,1320.0,11.599999999999909,1320.0,13.666500000000042,1360.9995000000001,2026-08-07 15:10:00,1330.5,END_OF_DAY,False,-5.830666500000042,-0.42663933706508794,ORB_BOUNDARY
RELIANCE,2026-08-10,SELL,2026-08-10 09:40:00,2026-08-10 09:45:00,09:45,1323.1381,1332.1,1324.2,7.899999999999864,1327.0881,3.9500000000000455,1315.2380999999998,2026-08-10 10:20:00,1327.0881,STOP_LOSS,False,-6.600226200000046,-1.6709433417721442,ORB_50PCT
RELIANCE,2026-08-10,SELL,2026-08-10 09:40:00,2026-08-10 09:45:00,09:45,1323.1381,1332.1,1324.2,7.899999999999864,1332.1,8.961900000000014,1305.2142999999999,2026-08-10 11:35:00,1332.1,STOP_LOSS,False,-11.617138100000014,-1.2962807105636076,ORB_BOUNDARY
RELIANCE,2026-08-12,SELL,2026-08-12 09:45:00,2026-08-12 09:50:00,09:50,1315.24205,1326.0,1316.0,10.0,1320.24205,5.0,1305.24205,2026-08-12 14:50:00,1320.24205,STOP_LOSS,False,-7.6354841,-1.5270968200000001,ORB_50PCT
RELIANCE,2026-08-12,SELL,2026-08-12 09:45:00,2026-08-12 09:50:00,09:50,1315.24205,1326.0,1316.0,10.0,1326.0,10.757949999999937,1293.7261500000002,2026-08-12 15:10:00,1320.5,END_OF_DAY,False,-7.893692049999936,-0.7337542979842797,ORB_BOUNDARY
RELIANCE,2026-08-13,SELL,2026-08-13 11:30:00,2026-08-13 11:35:00,11:35,1308.5454,1327.8,1310.0,17.799999999999955,1317.4454,8.900000000000091,1290.7453999999998,2026-08-13 15:10:00,1313.8,END_OF_DAY,False,-7.8769453999999826,-0.8850500449438092,ORB_50PCT
RELIANCE,2026-08-13,SELL,2026-08-13 11:30:00,2026-08-13 11:35:00,11:35,1308.5454,1327.8,1310.0,17.799999999999955,1327.8,19.254599999999982,1270.0362,2026-08-13 15:10:00,1313.8,END_OF_DAY,False,-7.8769453999999826,-0.4090942112534142,ORB_BOUNDARY
RELIANCE,2026-08-14,SELL,2026-08-14 10:30:00,2026-08-14 10:35:00,10:35,1305.84675,1317.5,1307.2,10.299999999999955,1310.9967499999998,5.149999999999864,1295.5467500000002,2026-08-14 13:55:00,1310.9967499999998,STOP_LOSS,False,-7.7668434999998635,-1.5081249514563242,ORB_50PCT
RELIANCE,2026-08-14,SELL,2026-08-14 10:30:00,2026-08-14 10:35:00,10:35,1305.84675,1317.5,1307.2,10.299999999999955,1317.5,11.653250000000071,1282.5402499999998,2026-08-14 15:10:00,1308.7,END_OF_DAY,False,-5.467796750000117,-0.4692078819213596,ORB_BOUNDARY
ICICIBANK,2025-08-18,BUY,2025-08-18 09:30:00,2025-08-18 09:35:00,09:35,1452.62595,1451.7,1441.6,10.100000000000136,1447.57595,5.050000000000182,1462.7259500000005,2025-08-18 10:05:00,1447.57595,STOP_LOSS,False,-7.950201900000182,-1.5742974059405734,ORB_50PCT
ICICIBANK,2025-08-18,BUY,2025-08-18 09:30:00,2025-08-18 09:35:00,09:35,1452.62595,1451.7,1441.6,10.100000000000136,1441.6,11.025950000000194,1474.6778500000005,2025-08-18 11:00:00,1441.6,STOP_LOSS,False,-13.920175950000193,-1.2624922070207056,ORB_BOUNDARY
ICICIBANK,2025-08-19,SELL,2025-08-19 10:00:00,2025-08-19 10:05:00,10:05,1429.18505,1438.5,1431.1,7.400000000000091,1432.88505,3.7000000000000455,1421.78505,2025-08-19 11:05:00,1432.88505,STOP_LOSS,False,-6.562070100000046,-1.7735324594594502,ORB_50PCT
ICICIBANK,2025-08-19,SELL,2025-08-19 10:00:00,2025-08-19 10:05:00,10:05,1429.18505,1438.5,1431.1,7.400000000000091,1438.5,9.314949999999953,1410.5551500000001,2025-08-19 15:25:00,1436.0,END_OF_DAY,False,-9.680135049999954,-1.039204187891508,ORB_BOUNDARY
ICICIBANK,2025-08-20,SELL,2025-08-20 09:35:00,2025-08-20 09:40:00,09:40,1424.0876,1435.9,1426.0,9.900000000000091,1429.0376,4.9500000000000455,1414.1876,2025-08-20 10:15:00,1429.0376,STOP_LOSS,False,-7.803125200000046,-1.5763889292929243,ORB_50PCT
ICICIBANK,2025-08-20,SELL,2025-08-20 09:35:00,2025-08-20 09:40:00,09:40,1424.0876,1435.9,1426.0,9.900000000000091,1435.9,11.812400000000025,1400.4628,2025-08-20 15:25:00,1430.0,END_OF_DAY,False,-8.766487599999934,-0.7421427990924719,ORB_BOUNDARY
ICICIBANK,2025-08-21,BUY,2025-08-21 10:00:00,2025-08-21 10:05:00,10:05,1445.22225,1442.0,1436.4,5.599999999999909,1442.42225,2.7999999999999545,1450.82225,2025-08-21 11:25:00,1442.42225,STOP_LOSS,False,-5.687644499999955,-2.031301607142874,ORB_50PCT
ICICIBANK,2025-08-21,BUY,2025-08-21 10:00:00,2025-08-21 10:05:00,10:05,1445.22225,1442.0,1436.4,5.599999999999909,1436.4,8.82224999999994,1462.86675,2025-08-21 15:25:00,1444.7,END_OF_DAY,False,-3.4121722499999856,-0.3867689364957929,ORB_BOUNDARY
ICICIBANK,2025-08-22,SELL,2025-08-22 09:55:00,2025-08-22 10:00:00,10:00,1430.8842,1446.0,1433.5,12.5,1437.1342,6.25,1418.3842,2025-08-22 11:35:00,1437.1342,STOP_LOSS,False,-9.1180184,-1.458882944,ORB_50PCT
ICICIBANK,2025-08-22,SELL,2025-08-22 09:55:00,2025-08-22 10:00:00,10:00,1430.8842,1446.0,1433.5,12.5,1446.0,15.115800000000036,1400.6526,2025-08-22 15:25:00,1435.9,END_OF_DAY,False,-7.882584200000126,-0.5214797893594852,ORB_BOUNDARY
ICICIBANK,2025-08-25,SELL,2025-08-25 09:55:00,2025-08-25 10:00:00,10:00,1424.2875,1435.9,1425.8,10.100000000000136,1429.3375,5.050000000000182,1414.1874999999995,2025-08-25 11:40:00,1429.3375,STOP_LOSS,False,-7.903625000000182,-1.5650742574257221,ORB_50PCT
ICICIBANK,2025-08-25,SELL,2025-08-25 09:55:00,2025-08-25 10:00:00,10:00,1424.2875,1435.9,1425.8,10.100000000000136,1435.9,11.612500000000182,1401.0624999999995,2025-08-25 15:25:00,1430.9,END_OF_DAY,False,-9.467687500000181,-0.8153013993541471,ORB_BOUNDARY
ICICIBANK,2025-08-26,SELL,2025-08-26 09:35:00,2025-08-26 09:40:00,09:40,1414.2925,1427.9,1415.7,12.200000000000045,1420.3925,6.099999999999909,1402.0925000000002,2025-08-26 11:25:00,1420.3925,STOP_LOSS,False,-8.93468499999991,-1.4647024590164004,ORB_50PCT
ICICIBANK,2025-08-26,SELL,2025-08-26 09:35:00,2025-08-26 09:40:00,09:40,1414.2925,1427.9,1415.7,12.200000000000045,1427.9,13.607500000000073,1387.0774999999999,2025-08-26 15:25:00,1415.0,END_OF_DAY,False,-3.536792499999982,-0.25991493661583415,ORB_BOUNDARY
ICICIBANK,2025-08-28,BUY,2025-08-28 09:50:00,2025-08-28 09:55:00,09:55,1410.6049500000001,1408.0,1400.0,8.0,1406.6049500000001,4.0,1418.6049500000001,2025-08-28 10:20:00,1406.6049500000001,STOP_LOSS,False,-6.8172099,-1.704302475,ORB_50PCT
ICICIBANK,2025-08-28,BUY,2025-08-28 09:50:00,2025-08-28 09:55:00,09:55,1410.6049500000001,1408.0,1400.0,8.0,1400.0,10.604950000000144,1431.8148500000004,2025-08-28 13:55:00,1400.0,STOP_LOSS,False,-13.415554950000145,-1.2650276474665096,ORB_BOUNDARY
ICICIBANK,2025-08-28,SELL,2025-08-28 15:05:00,2025-08-28 15:10:00,15:10,1398.00065,1408.0,1400.0,8.0,1402.00065,4.0,1390.00065,2025-08-28 15:25:00,1397.6,END_OF_DAY,False,-2.3949506499999584,-0.5987376624999896,ORB_50PCT
ICICIBANK,2025-08-28,SELL,2025-08-28 15:05:00,2025-08-28 15:10:00,15:10,1398.00065,1408.0,1400.0,8.0,1408.0,9.99935000000005,1378.0019499999999,2025-08-28 15:25:00,1397.6,END_OF_DAY,False,-2.3949506499999584,-0.2395106331911521,ORB_BOUNDARY
ICICIBANK,2025-08-29,BUY,2025-08-29 09:35:00,2025-08-29 09:40:00,09:40,1402.3008,1400.6,1392.1,8.5,1398.0508,4.25,1410.8008,2025-08-29 15:10:00,1398.0508,STOP_LOSS,False,-7.0503516,-1.6589062588235295,ORB_50PCT
ICICIBANK,2025-08-29,BUY,2025-08-29 09:35:00,2025-08-29 09:40:00,09:40,1402.3008,1400.6,1392.1,8.5,1392.1,10.200800000000072,1422.7024000000001,2025-08-29 15:25:00,1396.2,END_OF_DAY,False,-8.899300799999935,-0.8724120461140177,ORB_BOUNDARY
ICICIBANK,2025-09-01,BUY,2025-09-01 13:00:00,2025-09-01 13:05:00,13:05,1410.3048,1408.7,1398.1,10.600000000000136,1405.0047999999997,5.300000000000182,1420.9048000000003,2025-09-01 15:25:00,1411.0,END_OF_DAY,False,-2.1261047999998866,-0.4011518490565686,ORB_50PCT
ICICIBANK,2025-09-01,BUY,2025-09-01 13:00:00,2025-09-01 13:05:00,13:05,1410.3048,1408.7,1398.1,10.600000000000136,1398.1,12.204799999999977,1434.7143999999998,2025-09-01 15:25:00,1411.0,END_OF_DAY,False,-2.1261047999998866,-0.1742023466177152,ORB_BOUNDARY
ICICIBANK,2025-09-02,SELL,2025-09-02 11:50:00,2025-09-02 11:55:00,11:55,1405.6968000000002,1413.9,1406.6,7.300000000000182,1409.3468000000003,3.650000000000091,1398.3968,2025-09-02 13:50:00,1398.3968,TARGET,False,4.495906400000182,1.231755178082211,ORB_50PCT
ICICIBANK,2025-09-02,SELL,2025-09-02 11:50:00,2025-09-02 11:55:00,11:55,1405.6968000000002,1413.9,1406.6,7.300000000000182,1413.9,8.203199999999924,1389.2904000000003,2025-09-02 15:25:00,1391.0,END_OF_DAY,False,11.900103200000167,1.4506659840062752,ORB_BOUNDARY
ICICIBANK,2025-09-03,BUY,2025-09-03 10:00:00,2025-09-03 10:05:00,10:05,1392.8961,1391.7,1384.2,7.5,1389.1461,3.75,1400.3961,2025-09-03 15:25:00,1396.8,END_OF_DAY,False,1.1142039000000215,0.2971210400000057,ORB_50PCT
ICICIBANK,2025-09-03,BUY,2025-09-03 10:00:00,2025-09-03 10:05:00,10:05,1392.8961,1391.7,1384.2,7.5,1384.2,8.696099999999888,1410.2882999999997,2025-09-03 15:25:00,1396.8,END_OF_DAY,False,1.1142039000000215,0.1281268499672308,ORB_BOUNDARY
ICICIBANK,2025-09-04,BUY,2025-09-04 09:30:00,2025-09-04 09:35:00,09:35,1413.80655,1411.0,1401.9,9.099999999999909,1409.25655,4.5499999999999545,1422.90655,2025-09-04 10:10:00,1409.25655,STOP_LOSS,False,-7.373063099999955,-1.620453428571435,ORB_50PCT
ICICIBANK,2025-09-04,BUY,2025-09-04 09:30:00,2025-09-04 09:35:00,09:35,1413.80655,1411.0,1401.9,9.099999999999909,1401.9,11.906549999999925,1437.6196499999999,2025-09-04 15:25:00,1408.0,END_OF_DAY,False,-8.628356550000015,-0.7246731042997401,ORB_BOUNDARY
ICICIBANK,2025-09-05,SELL,2025-09-05 09:35:00,2025-09-05 09:40:00,09:40,1402.0986,1411.5,1403.0,8.5,1406.3486,4.25,1393.5986,2025-09-05 10:20:00,1393.5986,TARGET,False,5.7043028,1.342188894117647,ORB_50PCT
ICICIBANK,2025-09-05,SELL,2025-09-05 09:35:00,2025-09-05 09:40:00,09:40,1402.0986,1411.5,1403.0,8.5,1411.5,9.401399999999967,1383.2958,2025-09-05 15:25:00,1402.3,END_OF_DAY,False,-3.0057985999999213,-0.3197181909077299,ORB_BOUNDARY
ICICIBANK,2025-09-08,BUY,2025-09-08 09:40:00,2025-09-08 09:45:00,09:45,1407.00315,1405.6,1400.0,5.599999999999909,1404.20315,2.7999999999999545,1412.60315,2025-09-08 09:50:00,1404.20315,STOP_LOSS,False,-5.611206299999955,-2.0040022500000165,ORB_50PCT
ICICIBANK,2025-09-08,BUY,2025-09-08 09:40:00,2025-09-08 09:45:00,09:45,1407.00315,1405.6,1400.0,5.599999999999909,1400.0,7.003150000000005,1421.00945,2025-09-08 10:25:00,1400.0,STOP_LOSS,False,-9.810153150000005,-1.400820080963566,ORB_BOUNDARY
ICICIBANK,2025-09-08,SELL,2025-09-08 10:50:00,2025-09-08 10:55:00,10:55,1398.3005,1405.6,1400.0,5.599999999999909,1401.1005,2.7999999999999545,1392.7005000000001,2025-09-08 11:10:00,1401.1005,STOP_LOSS,False,-5.599400999999954,-1.9997860714285876,ORB_50PCT
ICICIBANK,2025-09-08,SELL,2025-09-08 10:50:00,2025-09-08 10:55:00,10:55,1398.3005,1405.6,1400.0,5.599999999999909,1405.6,7.299499999999853,1383.7015000000004,2025-09-08 12:50:00,1405.6,STOP_LOSS,False,-10.103400499999852,-1.3841222686485453,ORB_BOUNDARY
ICICIBANK,2025-09-08,BUY,2025-09-08 14:50:00,2025-09-08 14:55:00,14:55,1408.5039,1405.6,1400.0,5.599999999999909,1405.7039,2.7999999999999545,1414.1038999999998,2025-09-08 15:00:00,1405.7039,STOP_LOSS,False,-5.614207799999955,-2.0050742142857305,ORB_50PCT
ICICIBANK,2025-09-08,BUY,2025-09-08 14:50:00,2025-09-08 14:55:00,14:55,1408.5039,1405.6,1400.0,5.599999999999909,1400.0,8.50389999999993,1425.5116999999998,2025-09-08 15:25:00,1403.0,END_OF_DAY,False,-8.31540389999993,-0.9778341584449486,ORB_BOUNDARY
ICICIBANK,2025-09-09,SELL,2025-09-09 11:35:00,2025-09-09 11:40:00,11:40,1396.60135,1402.1,1397.6,4.5,1398.85135,2.25,1392.10135,2025-09-09 12:35:00,1398.85135,STOP_LOSS,False,-5.0454527,-2.242423422222222,ORB_50PCT
ICICIBANK,2025-09-09,SELL,2025-09-09 11:35:00,2025-09-09 11:40:00,11:40,1396.60135,1402.1,1397.6,4.5,1402.1,5.498649999999998,1385.60405,2025-09-09 13:40:00,1402.1,STOP_LOSS,False,-8.297351349999998,-1.5089797222954726,ORB_BOUNDARY
ICICIBANK,2025-09-09,BUY,2025-09-09 13:50:00,2025-09-09 13:55:00,13:55,1403.00115,1402.1,1397.6,4.5,1400.75115,2.25,1407.50115,2025-09-09 15:25:00,1402.4,END_OF_DAY,False,-3.4065511499999617,-1.5140227333333163,ORB_50PCT
ICICIBANK,2025-09-09,BUY,2025-09-09 13:50:00,2025-09-09 13:55:00,13:55,1403.00115,1402.1,1397.6,4.5,1397.6,5.401150000000143,1413.8034500000003,2025-09-09 15:25:00,1402.4,END_OF_DAY,False,-3.4065511499999617,-0.6307084880071598,ORB_BOUNDARY
ICICIBANK,2025-09-10,BUY,2025-09-10 09:55:00,2025-09-10 10:00:00,10:00,1412.20575,1410.0,1405.5,4.5,1409.95575,2.25,1416.70575,2025-09-10 10:10:00,1409.95575,STOP_LOSS,False,-5.0721615,-2.254294,ORB_50PCT
ICICIBANK,2025-09-10,BUY,2025-09-10 09:55:00,2025-09-10 10:00:00,10:00,1412.20575,1410.0,1405.5,4.5,1405.5,6.70575000000008,1425.6172500000002,2025-09-10 13:05:00,1405.5,STOP_LOSS,False,-9.52345575000008,-1.4201924840621805,ORB_BOUNDARY
ICICIBANK,2025-09-10,SELL,2025-09-10 13:10:00,2025-09-10 13:15:00,13:15,1404.2975,1410.0,1405.5,4.5,1406.5475,2.25,1399.7975,2025-09-10 13:20:00,1406.5475,STOP_LOSS,False,-5.0608450000000005,-2.2492644444444445,ORB_50PCT
ICICIBANK,2025-09-10,SELL,2025-09-10 13:10:00,2025-09-10 13:15:00,13:15,1404.2975,1410.0,1405.5,4.5,1410.0,5.7025000000001,1392.8924999999997,2025-09-10 15:25:00,1403.3,END_OF_DAY,False,-1.8100975000000545,-0.3174217448487545,ORB_BOUNDARY
ICICIBANK,2025-09-11,BUY,2025-09-11 10:45:00,2025-09-11 10:50:00,10:50,1406.703,1405.8,1396.0,9.799999999999955,1401.8029999999999,4.900000000000091,1416.5030000000002,2025-09-11 14:30:00,1401.8029999999999,STOP_LOSS,False,-7.7085060000000905,-1.5731644897959076,ORB_50PCT
ICICIBANK,2025-09-11,BUY,2025-09-11 10:45:00,2025-09-11 10:50:00,10:50,1406.703,1405.8,1396.0,9.799999999999955,1396.0,10.702999999999975,1428.109,2025-09-11 15:25:00,1401.6,END_OF_DAY,False,-7.911303000000066,-0.7391668691021288,ORB_BOUNDARY
ICICIBANK,2025-09-12,SELL,2025-09-12 09:30:00,2025-09-12 09:35:00,09:35,1400.2995,1407.9,1401.6,6.300000000000182,1403.4495000000002,3.150000000000091,1393.9995,2025-09-12 09:50:00,1403.4495000000002,STOP_LOSS,False,-5.953749000000091,-1.890079047619022,ORB_50PCT
ICICIBANK,2025-09-12,SELL,2025-09-12 09:30:00,2025-09-12 09:35:00,09:35,1400.2995,1407.9,1401.6,6.300000000000182,1407.9,7.600500000000011,1385.0985,2025-09-12 11:05:00,1407.9,STOP_LOSS,False,-10.408699500000012,-1.3694756266035124,ORB_BOUNDARY
ICICIBANK,2025-09-15,BUY,2025-09-15 10:10:00,2025-09-15 10:15:00,10:15,1425.21225,1423.5,1418.3,5.2000000000000455,1422.6122500000001,2.599999999999909,1430.4122499999999,2025-09-15 10:15:00,1422.6122500000001,STOP_LOSS,False,-5.447824499999909,-2.0953171153846535,ORB_50PCT
ICICIBANK,2025-09-15,BUY,2025-09-15 10:10:00,2025-09-15 10:15:00,10:15,1425.21225,1423.5,1418.3,5.2000000000000455,1418.3,6.9122500000000855,1439.0367500000002,2025-09-15 15:25:00,1418.3,STOP_LOSS,False,-9.755762250000085,-1.411372888712064,ORB_BOUNDARY
ICICIBANK,2025-09-16,BUY,2025-09-16 09:30:00,2025-09-16 09:35:00,09:35,1422.9111,1422.0,1413.7,8.299999999999955,1418.7611000000002,4.149999999999864,1431.2110999999998,2025-09-16 13:15:00,1418.7611000000002,STOP_LOSS,False,-6.991672199999863,-1.684740289156649,ORB_50PCT
ICICIBANK,2025-09-16,BUY,2025-09-16 09:30:00,2025-09-16 09:35:00,09:35,1422.9111,1422.0,1413.7,8.299999999999955,1413.7,9.211099999999988,1441.3333,2025-09-16 15:25:00,1422.4,END_OF_DAY,False,-3.356411099999942,-0.3643876518548215,ORB_BOUNDARY
ICICIBANK,2025-09-17,SELL,2025-09-17 11:35:00,2025-09-17 11:40:00,11:40,1418.99015,1425.8,1420.1,5.7000000000000455,1421.84015,2.849999999999909,1413.2901500000003,2025-09-17 12:30:00,1421.84015,STOP_LOSS,False,-5.690830299999909,-1.9967825614035406,ORB_50PCT
ICICIBANK,2025-09-17,SELL,2025-09-17 11:35:00,2025-09-17 11:40:00,11:40,1418.99015,1425.8,1420.1,5.7000000000000455,1425.8,6.809849999999869,1405.3704500000003,2025-09-17 15:25:00,1417.2,END_OF_DAY,False,-1.046040149999961,-0.1536069296680516,ORB_BOUNDARY
ICICIBANK,2025-09-18,SELL,2025-09-18 09:45:00,2025-09-18 09:50:00,09:50,1421.98865,1432.8,1422.8,10.0,1426.98865,5.0,1411.98865,2025-09-18 15:25:00,1422.9,END_OF_DAY,False,-3.756238650000084,-0.7512477300000169,ORB_50PCT
ICICIBANK,2025-09-18,SELL,2025-09-18 09:45:00,2025-09-18 09:50:00,09:50,1421.98865,1432.8,1422.8,10.0,1432.8,10.811349999999948,1400.36595,2025-09-18 15:25:00,1422.9,END_OF_DAY,False,-3.756238650000084,-0.347434746817012,ORB_BOUNDARY
ICICIBANK,2025-09-19,SELL,2025-09-19 09:50:00,2025-09-19 09:55:00,09:55,1406.0965999999999,1418.0,1408.0,10.0,1411.0965999999999,5.0,1396.0965999999999,2025-09-19 15:25:00,1402.5,END_OF_DAY,False,0.788003399999853,0.1576006799999706,ORB_50PCT
ICICIBANK,2025-09-19,SELL,2025-09-19 09:50:00,2025-09-19 09:55:00,09:55,1406.0965999999999,1418.0,1408.0,10.0,1418.0,11.903400000000147,1382.2897999999996,2025-09-19 15:25:00,1402.5,END_OF_DAY,False,0.788003399999853,0.06619985886384086,ORB_BOUNDARY
ICICIBANK,2025-09-22,BUY,2025-09-22 12:40:00,2025-09-22 12:45:00,12:45,1407.5034,1406.4,1397.2,9.200000000000045,1402.9034000000001,4.599999999999909,1416.7033999999999,2025-09-22 14:30:00,1402.9034000000001,STOP_LOSS,False,-7.41040679999991,-1.6109580000000123,ORB_50PCT
ICICIBANK,2025-09-22,BUY,2025-09-22 12:40:00,2025-09-22 12:45:00,12:45,1407.5034,1406.4,1397.2,9.200000000000045,1397.2,10.30340000000001,1428.1102,2025-09-22 15:25:00,1402.2,END_OF_DAY,False,-8.11310340000001,-0.7874200166935189,ORB_BOUNDARY
ICICIBANK,2025-09-24,SELL,2025-09-24 10:25:00,2025-09-24 10:30:00,10:30,1379.60985,1390.9,1380.3,10.600000000000136,1384.90985,5.2999999999999545,1369.0098500000001,2025-09-24 13:15:00,1384.90985,STOP_LOSS,False,-8.064519699999954,-1.5216074905660422,ORB_50PCT
ICICIBANK,2025-09-24,SELL,2025-09-24 10:25:00,2025-09-24 10:30:00,10:30,1379.60985,1390.9,1380.3,10.600000000000136,1390.9,11.29015000000004,1357.02955,2025-09-24 15:25:00,1383.0,END_OF_DAY,False,-6.152759849999949,-0.5449670597821931,ORB_BOUNDARY
ICICIBANK,2025-09-26,SELL,2025-09-26 10:00:00,2025-09-26 10:05:00,10:05,1361.5189,1372.7,1363.2,9.5,1366.2689,4.75,1352.0189,2025-09-26 10:30:00,1366.2689,STOP_LOSS,False,-7.4777878,-1.5742711157894735,ORB_50PCT
ICICIBANK,2025-09-26,SELL,2025-09-26 10:00:00,2025-09-26 10:05:00,10:05,1361.5189,1372.7,1363.2,9.5,1372.7,11.181100000000015,1339.1567,2025-09-26 15:25:00,1362.5,END_OF_DAY,False,-3.7051188999999694,-0.33137338007887995,ORB_BOUNDARY
ICICIBANK,2025-09-29,SELL,2025-09-29 11:35:00,2025-09-29 11:40:00,11:40,1354.9222,1366.2,1355.7,10.5,1360.1722,5.25,1344.4222,2025-09-29 15:25:00,1350.7,END_OF_DAY,False,1.5165777999999301,0.2888719619047486,ORB_50PCT
ICICIBANK,2025-09-29,SELL,2025-09-29 11:35:00,2025-09-29 11:40:00,11:40,1354.9222,1366.2,1355.7,10.5,1366.2,11.27780000000007,1332.3665999999998,2025-09-29 15:25:00,1350.7,END_OF_DAY,False,1.5165777999999301,0.1344746138431184,ORB_BOUNDARY
ICICIBANK,2025-09-30,SELL,2025-09-30 09:30:00,2025-09-30 09:35:00,09:35,1348.1255999999998,1356.6,1349.2,7.399999999999864,1351.8255999999997,3.699999999999818,1340.7256000000002,2025-09-30 13:05:00,1351.8255999999997,STOP_LOSS,False,-6.399951199999817,-1.729716540540576,ORB_50PCT
ICICIBANK,2025-09-30,SELL,2025-09-30 09:30:00,2025-09-30 09:35:00,09:35,1348.1255999999998,1356.6,1349.2,7.399999999999864,1356.6,8.47440000000006,1331.1767999999997,2025-09-30 15:25:00,1348.9,END_OF_DAY,False,-3.4714256000002415,-0.4096367412442435,ORB_BOUNDARY
ICICIBANK,2025-10-01,BUY,2025-10-01 09:45:00,2025-10-01 09:50:00,09:50,1358.2787999999998,1356.9,1347.1,9.800000000000182,1353.3787999999997,4.900000000000091,1368.0788,2025-10-01 10:30:00,1368.0788,TARGET,False,7.073642400000182,1.4436004897959287,ORB_50PCT
ICICIBANK,2025-10-01,BUY,2025-10-01 09:45:00,2025-10-01 09:50:00,09:50,1358.2787999999998,1356.9,1347.1,9.800000000000182,1347.1,11.17879999999991,1380.6363999999996,2025-10-01 15:25:00,1372.4,END_OF_DAY,False,11.390521200000272,1.0189395283930622,ORB_BOUNDARY
ICICIBANK,2025-10-06,SELL,2025-10-06 10:45:00,2025-10-06 10:50:00,10:50,1363.7178000000001,1372.6,1365.3,7.2999999999999545,1367.3678,3.6499999999998636,1356.4178000000004,2025-10-06 12:55:00,1367.3678,STOP_LOSS,False,-6.381085599999864,-1.7482426301370142,ORB_50PCT
ICICIBANK,2025-10-06,SELL,2025-10-06 10:45:00,2025-10-06 10:50:00,10:50,1363.7178000000001,1372.6,1365.3,7.2999999999999545,1372.6,8.882199999999784,1345.9534000000006,2025-10-06 15:25:00,1363.9,END_OF_DAY,False,-2.909817799999966,-0.32760102226926174,ORB_BOUNDARY
ICICIBANK,2025-10-07,BUY,2025-10-07 09:30:00,2025-10-07 09:35:00,09:35,1377.0882000000001,1374.9,1363.6,11.300000000000182,1371.4382,5.650000000000091,1388.3882000000003,2025-10-07 15:25:00,1375.0,END_OF_DAY,False,-4.840288200000143,-0.856688176991162,ORB_50PCT
ICICIBANK,2025-10-07,BUY,2025-10-07 09:30:00,2025-10-07 09:35:00,09:35,1377.0882000000001,1374.9,1363.6,11.300000000000182,1363.6,13.488200000000234,1404.0646000000006,2025-10-07 15:25:00,1375.0,END_OF_DAY,False,-4.840288200000143,-0.35885353123471325,ORB_BOUNDARY
ICICIBANK,2025-10-08,SELL,2025-10-08 11:20:00,2025-10-08 11:25:00,11:25,1369.81475,1381.6,1370.6,11.0,1375.31475,5.5,1358.81475,2025-10-08 15:25:00,1367.7,END_OF_DAY,False,-0.6227647500000422,-0.11322995454546221,ORB_50PCT
ICICIBANK,2025-10-08,SELL,2025-10-08 11:20:00,2025-10-08 11:25:00,11:25,1369.81475,1381.6,1370.6,11.0,1381.6,11.785249999999905,1346.2442500000002,2025-10-08 15:25:00,1367.7,END_OF_DAY,False,-0.6227647500000422,-0.05284272713773973,ORB_BOUNDARY
ICICIBANK,2025-10-09,BUY,2025-10-09 10:55:00,2025-10-09 11:00:00,11:00,1375.2873,1372.8,1365.1,7.7000000000000455,1371.4373,3.849999999999909,1382.9872999999998,2025-10-09 14:45:00,1371.4373,STOP_LOSS,False,-6.596724599999909,-1.713434961038978,ORB_50PCT
ICICIBANK,2025-10-09,BUY,2025-10-09 10:55:00,2025-10-09 11:00:00,11:00,1375.2873,1372.8,1365.1,7.7000000000000455,1365.1,10.18730000000005,1395.6619,2025-10-09 15:25:00,1374.0,END_OF_DAY,False,-4.03658729999996,-0.39623720711080856,ORB_BOUNDARY
ICICIBANK,2025-10-10,BUY,2025-10-10 09:40:00,2025-10-10 09:45:00,09:45,1379.8896,1378.7,1370.3,8.400000000000091,1375.6896,4.2000000000000455,1388.2896,2025-10-10 15:25:00,1379.0,END_OF_DAY,False,-3.648489599999973,-0.8686879999999841,ORB_50PCT
ICICIBANK,2025-10-10,BUY,2025-10-10 09:40:00,2025-10-10 09:45:00,09:45,1379.8896,1378.7,1370.3,8.400000000000091,1370.3,9.589600000000019,1399.0688,2025-10-10 15:25:00,1379.0,END_OF_DAY,False,-3.648489599999973,-0.38046316843246497,ORB_BOUNDARY
ICICIBANK,2025-10-14,SELL,2025-10-14 09:45:00,2025-10-14 09:50:00,09:50,1380.00965,1389.0,1382.2,6.7999999999999545,1383.40965,3.400000000000091,1373.2096499999998,2025-10-14 14:00:00,1383.40965,STOP_LOSS,False,-6.163419300000092,-1.8127703823529195,ORB_50PCT
ICICIBANK,2025-10-14,SELL,2025-10-14 09:45:00,2025-10-14 09:50:00,09:50,1380.00965,1389.0,1382.2,6.7999999999999545,1389.0,8.990350000000035,1362.02895,2025-10-14 15:25:00,1384.8,END_OF_DAY,False,-7.55515964999999,-0.840363239473431,ORB_BOUNDARY
ICICIBANK,2025-10-15,BUY,2025-10-15 10:30:00,2025-10-15 10:35:00,10:35,1394.19675,1392.0,1386.5,5.5,1391.44675,2.75,1399.69675,2025-10-15 11:05:00,1391.44675,STOP_LOSS,False,-5.535643500000001,-2.012961272727273,ORB_50PCT
ICICIBANK,2025-10-15,BUY,2025-10-15 10:30:00,2025-10-15 10:35:00,10:35,1394.19675,1392.0,1386.5,5.5,1386.5,7.6967500000000655,1409.5902500000002,2025-10-15 15:25:00,1399.0,END_OF_DAY,False,2.010053249999934,0.2611561048494387,ORB_BOUNDARY
ICICIBANK,2025-10-16,BUY,2025-10-16 12:15:00,2025-10-16 12:20:00,12:20,1411.20525,1410.0,1399.4,10.599999999999909,1405.90525,5.2999999999999545,1421.80525,2025-10-16 15:25:00,1417.4,END_OF_DAY,False,3.3661447500001125,0.6351216509434229,ORB_50PCT
ICICIBANK,2025-10-16,BUY,2025-10-16 12:15:00,2025-10-16 12:20:00,12:20,1411.20525,1410.0,1399.4,10.599999999999909,1399.4,11.805249999999887,1434.8157499999998,2025-10-16 15:25:00,1417.4,END_OF_DAY,False,3.3661447500001125,0.28513964126131547,ORB_BOUNDARY
ICICIBANK,2025-10-17,BUY,2025-10-17 09:30:00,2025-10-17 09:35:00,09:35,1424.1117000000002,1419.4,1410.9,8.5,1419.8617000000002,4.25,1432.6117000000002,2025-10-17 09:40:00,1419.8617000000002,STOP_LOSS,False,-7.0939734,-1.669170211764706,ORB_50PCT
ICICIBANK,2025-10-17,BUY,2025-10-17 09:30:00,2025-10-17 09:35:00,09:35,1424.1117000000002,1419.4,1410.9,8.5,1410.9,13.211700000000064,1450.5351000000003,2025-10-17 15:25:00,1437.1,END_OF_DAY,False,10.127088299999754,0.7665242398782673,ORB_BOUNDARY
ICICIBANK,2025-10-20,SELL,2025-10-20 14:25:00,2025-10-20 14:30:00,14:30,1395.80175,1445.0,1397.8,47.200000000000045,1419.40175,23.59999999999991,1348.6017500000003,2025-10-20 15:25:00,1393.0,END_OF_DAY,False,0.012948250000083483,0.0005486546610204887,ORB_50PCT
ICICIBANK,2025-10-20,SELL,2025-10-20 14:25:00,2025-10-20 14:30:00,14:30,1395.80175,1445.0,1397.8,47.200000000000045,1445.0,49.198249999999916,1297.4052500000003,2025-10-20 15:25:00,1393.0,END_OF_DAY,False,0.012948250000083483,0.0002631851742711073,ORB_BOUNDARY
ICICIBANK,2025-10-23,BUY,2025-10-23 09:30:00,2025-10-23 09:35:00,09:35,1389.7945499999998,1389.0,1383.1,5.900000000000091,1386.8445499999998,2.9500000000000455,1395.69455,2025-10-23 09:40:00,1386.8445499999998,STOP_LOSS,False,-5.726639100000045,-1.9412335932203244,ORB_50PCT
ICICIBANK,2025-10-23,BUY,2025-10-23 09:30:00,2025-10-23 09:35:00,09:35,1389.7945499999998,1389.0,1383.1,5.900000000000091,1383.1,6.694549999999936,1403.1836499999997,2025-10-23 10:30:00,1383.1,STOP_LOSS,False,-9.467444549999936,-1.4142017835403464,ORB_BOUNDARY
ICICIBANK,2025-10-23,SELL,2025-10-23 10:50:00,2025-10-23 10:55:00,10:55,1382.1086,1389.0,1383.1,5.900000000000091,1385.0586,2.9500000000000455,1376.2086,2025-10-23 11:15:00,1385.0586,STOP_LOSS,False,-5.717167200000045,-1.9380227796610023,ORB_50PCT
ICICIBANK,2025-10-23,SELL,2025-10-23 10:50:00,2025-10-23 10:55:00,10:55,1382.1086,1389.0,1383.1,5.900000000000091,1389.0,6.891399999999976,1368.3258,2025-10-23 13:55:00,1368.3258,TARGET,False,11.032365599999952,1.6008888759903634,ORB_BOUNDARY
ICICIBANK,2025-10-24,BUY,2025-10-24 09:55:00,2025-10-24 10:00:00,10:00,1378.689,1377.8,1368.1,9.700000000000045,1373.839,4.850000000000136,1388.3890000000004,2025-10-24 13:25:00,1373.839,STOP_LOSS,False,-7.602528000000136,-1.5675315463917365,ORB_50PCT
ICICIBANK,2025-10-24,BUY,2025-10-24 09:55:00,2025-10-24 10:00:00,10:00,1378.689,1377.8,1368.1,9.700000000000045,1368.1,10.58900000000017,1399.8670000000004,2025-10-24 15:25:00,1378.0,END_OF_DAY,False,-3.4456890000000784,-0.32540268202852235,ORB_BOUNDARY
ICICIBANK,2025-10-27,SELL,2025-10-27 09:50:00,2025-10-27 09:55:00,09:55,1377.81075,1386.8,1378.8,8.0,1381.81075,4.0,1369.81075,2025-10-27 10:30:00,1381.81075,STOP_LOSS,False,-6.7596215,-1.689905375,ORB_50PCT
ICICIBANK,2025-10-27,SELL,2025-10-27 09:50:00,2025-10-27 09:55:00,09:55,1377.81075,1386.8,1378.8,8.0,1386.8,8.989249999999856,1359.8322500000004,2025-10-27 15:25:00,1379.4,END_OF_DAY,False,-4.346460749999993,-0.48351761826626943,ORB_BOUNDARY
ICICIBANK,2025-10-28,SELL,2025-10-28 10:00:00,2025-10-28 10:05:00,10:05,1359.7198,1375.8,1361.1,14.700000000000045,1367.0698000000002,7.350000000000136,1345.0197999999998,2025-10-28 15:25:00,1366.2,END_OF_DAY,False,-9.206119799999968,-1.2525333061224213,ORB_50PCT
ICICIBANK,2025-10-28,SELL,2025-10-28 10:00:00,2025-10-28 10:05:00,10:05,1359.7198,1375.8,1361.1,14.700000000000045,1375.8,16.080199999999877,1327.5594000000003,2025-10-28 15:25:00,1366.2,END_OF_DAY,False,-9.206119799999968,-0.572512767254141,ORB_BOUNDARY
ICICIBANK,2025-10-29,SELL,2025-10-29 10:10:00,2025-10-29 10:15:00,10:15,1361.2190500000002,1367.9,1362.5,5.400000000000091,1363.9190500000002,2.7000000000000455,1355.81905,2025-10-29 10:25:00,1363.9190500000002,STOP_LOSS,False,-5.425138100000046,-2.0093104074073906,ORB_50PCT
ICICIBANK,2025-10-29,SELL,2025-10-29 10:10:00,2025-10-29 10:15:00,10:15,1361.2190500000002,1367.9,1362.5,5.400000000000091,1367.9,6.680949999999939,1347.8571500000003,2025-10-29 13:30:00,1367.9,STOP_LOSS,False,-9.41006904999994,-1.4084926619717295,ORB_BOUNDARY
ICICIBANK,2025-10-30,SELL,2025-10-30 14:45:00,2025-10-30 14:50:00,14:50,1361.81875,1370.2,1362.4,7.7999999999999545,1365.71875,3.900000000000091,1354.0187499999997,2025-10-30 15:25:00,1362.4,END_OF_DAY,False,-3.305468750000182,-0.8475560897436166,ORB_50PCT
ICICIBANK,2025-10-30,SELL,2025-10-30 14:45:00,2025-10-30 14:50:00,14:50,1361.81875,1370.2,1362.4,7.7999999999999545,1370.2,8.381250000000136,1345.0562499999996,2025-10-30 15:25:00,1362.4,END_OF_DAY,False,-3.305468750000182,-0.3943885160328266,ORB_BOUNDARY
ICICIBANK,2025-10-31,BUY,2025-10-31 09:35:00,2025-10-31 09:40:00,09:40,1361.18025,1360.3,1356.0,4.2999999999999545,1359.0302499999998,2.150000000000091,1365.48025,2025-10-31 09:40:00,1359.0302499999998,STOP_LOSS,False,-4.870210500000091,-2.265214186046458,ORB_50PCT
ICICIBANK,2025-10-31,BUY,2025-10-31 09:35:00,2025-10-31 09:40:00,09:40,1361.18025,1360.3,1356.0,4.2999999999999545,1356.0,5.180249999999887,1371.5407499999997,2025-10-31 10:15:00,1356.0,STOP_LOSS,False,-7.897430249999887,-1.5245268568119414,ORB_BOUNDARY
ICICIBANK,2025-11-03,SELL,2025-11-03 09:30:00,2025-11-03 09:35:00,09:35,1338.63035,1345.0,1340.0,5.0,1341.13035,2.5,1333.63035,2025-11-03 09:35:00,1341.13035,STOP_LOSS,False,-5.179760699999999,-2.0719042799999996,ORB_50PCT
ICICIBANK,2025-11-03,SELL,2025-11-03 09:30:00,2025-11-03 09:35:00,09:35,1338.63035,1345.0,1340.0,5.0,1345.0,6.369650000000092,1325.8910499999997,2025-11-03 09:40:00,1345.0,STOP_LOSS,False,-9.053280350000092,-1.421315197852309,ORB_BOUNDARY
ICICIBANK,2025-11-03,BUY,2025-11-03 10:35:00,2025-11-03 10:40:00,10:40,1346.2728,1345.0,1340.0,5.0,1343.7728,2.5,1351.2728,2025-11-03 11:35:00,1343.7728,STOP_LOSS,False,-5.1900455999999995,-2.07601824,ORB_50PCT
ICICIBANK,2025-11-03,BUY,2025-11-03 10:35:00,2025-11-03 10:40:00,10:40,1346.2728,1345.0,1340.0,5.0,1340.0,6.272799999999961,1358.8183999999999,2025-11-03 15:25:00,1348.5,END_OF_DAY,False,-0.46757279999996104,-0.07453972707562236,ORB_BOUNDARY
ICICIBANK,2025-11-04,SELL,2025-11-04 09:30:00,2025-11-04 09:35:00,09:35,1341.42895,1349.8,1342.6,7.2000000000000455,1345.02895,3.599999999999909,1334.2289500000002,2025-11-04 11:35:00,1334.2289500000002,TARGET,False,4.524342099999818,1.2567616944444258,ORB_50PCT
ICICIBANK,2025-11-04,SELL,2025-11-04 09:30:00,2025-11-04 09:35:00,09:35,1341.42895,1349.8,1342.6,7.2000000000000455,1349.8,8.371049999999968,1324.68685,2025-11-04 15:25:00,1335.4,END_OF_DAY,False,3.3521210499998952,0.4004421249424992,ORB_BOUNDARY
ICICIBANK,2025-11-06,SELL,2025-11-06 09:40:00,2025-11-06 09:45:00,09:45,1329.335,1342.2,1330.0,12.200000000000045,1335.435,6.099999999999909,1317.1350000000002,2025-11-06 15:25:00,1320.3,END_OF_DAY,False,6.385365000000082,1.0467811475410127,ORB_50PCT
ICICIBANK,2025-11-06,SELL,2025-11-06 09:40:00,2025-11-06 09:45:00,09:45,1329.335,1342.2,1330.0,12.200000000000045,1342.2,12.865000000000009,1303.605,2025-11-06 15:25:00,1320.3,END_OF_DAY,False,6.385365000000082,0.49633618344345726,ORB_BOUNDARY
ICICIBANK,2025-11-07,BUY,2025-11-07 09:35:00,2025-11-07 09:40:00,09:40,1329.0642,1327.2,1318.6,8.600000000000136,1324.7642,4.2999999999999545,1337.6642,2025-11-07 11:30:00,1337.6642,TARGET,False,5.933271599999909,1.3798306046511561,ORB_50PCT
ICICIBANK,2025-11-07,BUY,2025-11-07 09:35:00,2025-11-07 09:40:00,09:40,1329.0642,1327.2,1318.6,8.600000000000136,1318.6,10.464200000000119,1349.9926000000003,2025-11-07 15:25:00,1342.6,END_OF_DAY,False,10.86413579999988,1.0382194338792987,ORB_BOUNDARY
ICICIBANK,2025-11-10,BUY,2025-11-10 14:15:00,2025-11-10 14:20:00,14:20,1349.7745499999999,1348.3,1341.8,6.5,1346.5245499999999,3.25,1356.2745499999999,2025-11-10 15:25:00,1346.5245499999999,STOP_LOSS,False,-5.946299099999999,-1.829630492307692,ORB_50PCT
ICICIBANK,2025-11-10,BUY,2025-11-10 14:15:00,2025-11-10 14:20:00,14:20,1349.7745499999999,1348.3,1341.8,6.5,1341.8,7.974549999999908,1365.7236499999997,2025-11-10 15:25:00,1347.5,END_OF_DAY,False,-4.971824549999862,-0.6234614555053162,ORB_BOUNDARY
ICICIBANK,2025-11-11,BUY,2025-11-11 13:10:00,2025-11-11 13:15:00,13:15,1355.6775,1354.9,1346.2,8.700000000000045,1351.3274999999999,4.350000000000136,1364.3775000000003,2025-11-11 15:25:00,1359.0,END_OF_DAY,False,0.6078224999999913,0.1397293103448212,ORB_50PCT
ICICIBANK,2025-11-11,BUY,2025-11-11 13:10:00,2025-11-11 13:15:00,13:15,1355.6775,1354.9,1346.2,8.700000000000045,1346.2,9.477499999999964,1374.6325,2025-11-11 15:25:00,1359.0,END_OF_DAY,False,0.6078224999999913,0.06413321023476588,ORB_BOUNDARY
ICICIBANK,2025-11-12,SELL,2025-11-12 09:35:00,2025-11-12 09:40:00,09:40,1358.22055,1370.0,1359.0,11.0,1363.72055,5.5,1347.22055,2025-11-12 12:50:00,1363.72055,STOP_LOSS,False,-8.2219411,-1.4948983818181818,ORB_50PCT
ICICIBANK,2025-11-12,SELL,2025-11-12 09:35:00,2025-11-12 09:40:00,09:40,1358.22055,1370.0,1359.0,11.0,1370.0,11.779449999999997,1334.66165,2025-11-12 15:25:00,1358.5,END_OF_DAY,False,-2.9961705499999973,-0.2543557254370958,ORB_BOUNDARY
ICICIBANK,2025-11-13,BUY,2025-11-13 09:35:00,2025-11-13 09:40:00,09:40,1370.4849,1369.7,1358.5,11.200000000000045,1364.8849,5.599999999999909,1381.6848999999997,2025-11-13 10:05:00,1381.6848999999997,TARGET,False,8.447830199999817,1.508541107142849,ORB_50PCT
ICICIBANK,2025-11-13,BUY,2025-11-13 09:35:00,2025-11-13 09:40:00,09:40,1370.4849,1369.7,1358.5,11.200000000000045,1358.5,11.984899999999925,1394.4546999999998,2025-11-13 15:25:00,1385.4,END_OF_DAY,False,12.159215100000166,1.01454456023832,ORB_BOUNDARY
ICICIBANK,2025-11-14,SELL,2025-11-14 10:05:00,2025-11-14 10:10:00,10:10,1373.01315,1381.2,1374.0,7.2000000000000455,1376.6131500000001,3.6000000000001364,1365.8131499999997,2025-11-14 13:35:00,1365.8131499999997,TARGET,False,4.461173700000273,1.2392149166666957,ORB_50PCT
ICICIBANK,2025-11-14,SELL,2025-11-14 10:05:00,2025-11-14 10:10:00,10:10,1373.01315,1381.2,1374.0,7.2000000000000455,1381.2,8.18685000000005,1356.63945,2025-11-14 15:25:00,1373.2,END_OF_DAY,False,-2.9330631500000495,-0.35826516303584793,ORB_BOUNDARY
ICICIBANK,2025-11-17,BUY,2025-11-17 10:20:00,2025-11-17 10:25:00,10:25,1381.4904,1380.0,1373.6,6.400000000000091,1378.2903999999999,3.2000000000000455,1387.8904,2025-11-17 10:25:00,1378.2903999999999,STOP_LOSS,False,-5.959780800000045,-1.8624314999999876,ORB_50PCT
ICICIBANK,2025-11-17,BUY,2025-11-17 10:20:00,2025-11-17 10:25:00,10:25,1381.4904,1380.0,1373.6,6.400000000000091,1373.6,7.8904,1397.2712,2025-11-17 15:25:00,1379.1,END_OF_DAY,False,-5.1509903999999995,-0.6528173983574976,ORB_BOUNDARY
ICICIBANK,2025-11-18,SELL,2025-11-18 15:10:00,2025-11-18 15:15:00,15:15,1371.21405,1382.8,1373.0,9.799999999999955,1376.1140500000001,4.900000000000091,1361.4140499999999,2025-11-18 15:25:00,1370.6,END_OF_DAY,False,-2.127764049999866,-0.4342375612244544,ORB_50PCT
ICICIBANK,2025-11-18,SELL,2025-11-18 15:10:00,2025-11-18 15:15:00,15:15,1371.21405,1382.8,1373.0,9.799999999999955,1382.8,11.585949999999912,1348.0421500000002,2025-11-18 15:25:00,1370.6,END_OF_DAY,False,-2.127764049999866,-0.18365037394429307,ORB_BOUNDARY
ICICIBANK,2025-11-19,BUY,2025-11-19 10:35:00,2025-11-19 10:40:00,10:40,1377.6885,1377.1,1371.6,5.5,1374.9385,2.75,1383.1885,2025-11-19 14:55:00,1383.1885,TARGET,False,2.739123,0.9960447272727273,ORB_50PCT
ICICIBANK,2025-11-19,BUY,2025-11-19 10:35:00,2025-11-19 10:40:00,10:40,1377.6885,1377.1,1371.6,5.5,1371.6,6.088500000000067,1389.8655,2025-11-19 15:25:00,1383.1,END_OF_DAY,False,2.650711499999933,0.4353636363636205,ORB_BOUNDARY
ICICIBANK,2025-11-20,BUY,2025-11-20 11:05:00,2025-11-20 11:10:00,11:10,1382.99115,1382.1,1375.4,6.699999999999818,1379.6411500000002,3.349999999999909,1389.6911499999999,2025-11-20 11:15:00,1379.6411500000002,STOP_LOSS,False,-6.112632299999909,-1.8246663582089775,ORB_50PCT
ICICIBANK,2025-11-20,BUY,2025-11-20 11:05:00,2025-11-20 11:10:00,11:10,1382.99115,1382.1,1375.4,6.699999999999818,1375.4,7.5911499999999705,1398.17345,2025-11-20 15:25:00,1382.0,END_OF_DAY,False,-3.756141150000061,-0.49480528641906374,ORB_BOUNDARY
ICICIBANK,2025-11-21,SELL,2025-11-21 09:35:00,2025-11-21 09:40:00,09:40,1370.3145,1376.0,1371.0,5.0,1372.8145,2.5,1365.3145,2025-11-21 09:55:00,1365.3145,TARGET,False,2.264371,0.9057484,ORB_50PCT
ICICIBANK,2025-11-21,SELL,2025-11-21 09:35:00,2025-11-21 09:40:00,09:40,1370.3145,1376.0,1371.0,5.0,1376.0,5.685500000000047,1358.9434999999999,2025-11-21 15:25:00,1369.0,END_OF_DAY,False,-1.4248145000000472,-0.25060495998593535,ORB_BOUNDARY
ICICIBANK,2025-11-24,SELL,2025-11-24 09:30:00,2025-11-24 09:35:00,09:35,1367.5159,1377.0,1370.0,7.0,1371.0159,3.5,1360.5159,2025-11-24 11:05:00,1371.0159,STOP_LOSS,False,-6.2385318000000005,-1.7824376571428573,ORB_50PCT
ICICIBANK,2025-11-24,SELL,2025-11-24 09:30:00,2025-11-24 09:35:00,09:35,1367.5159,1377.0,1370.0,7.0,1377.0,9.484099999999899,1348.5477000000003,2025-11-24 15:25:00,1366.0,END_OF_DAY,False,-1.217615899999899,-0.1283849706350536,ORB_BOUNDARY
ICICIBANK,2025-11-25,BUY,2025-11-25 09:30:00,2025-11-25 09:35:00,09:35,1371.4854,1367.9,1356.2,11.700000000000045,1365.6354000000001,5.849999999999909,1383.1853999999998,2025-11-25 10:55:00,1365.6354000000001,STOP_LOSS,False,-8.587120799999909,-1.4678838974359045,ORB_50PCT
ICICIBANK,2025-11-25,BUY,2025-11-25 09:30:00,2025-11-25 09:35:00,09:35,1371.4854,1367.9,1356.2,11.700000000000045,1356.2,15.285399999999981,1402.0562,2025-11-25 14:55:00,1356.2,STOP_LOSS,False,-18.01308539999998,-1.178450377484397,ORB_BOUNDARY
ICICIBANK,2025-11-26,BUY,2025-11-26 12:25:00,2025-11-26 12:30:00,12:30,1370.5849500000002,1369.7,1359.9,9.799999999999955,1365.6849500000003,4.899999999999864,1380.38495,2025-11-26 15:25:00,1375.0,END_OF_DAY,False,1.669465049999837,0.3407071530612007,ORB_50PCT
ICICIBANK,2025-11-26,BUY,2025-11-26 12:25:00,2025-11-26 12:30:00,12:30,1370.5849500000002,1369.7,1359.9,9.799999999999955,1359.9,10.684950000000072,1391.9548500000003,2025-11-26 15:25:00,1375.0,END_OF_DAY,False,1.669465049999837,0.15624453553828757,ORB_BOUNDARY
ICICIBANK,2025-11-27,BUY,2025-11-27 09:30:00,2025-11-27 09:35:00,09:35,1388.2938,1386.4,1375.7,10.700000000000045,1382.9438,5.349999999999909,1398.9937999999997,2025-11-27 09:40:00,1382.9438,STOP_LOSS,False,-8.121237599999908,-1.5179883364486069,ORB_50PCT
ICICIBANK,2025-11-27,BUY,2025-11-27 09:30:00,2025-11-27 09:35:00,09:35,1388.2938,1386.4,1375.7,10.700000000000045,1375.7,12.593799999999874,1413.4813999999997,2025-11-27 15:25:00,1393.7,END_OF_DAY,False,2.624206200000126,0.20837286601344726,ORB_BOUNDARY
ICICIBANK,2025-11-28,SELL,2025-11-28 11:50:00,2025-11-28 11:55:00,11:55,1388.2055500000001,1398.5,1389.0,9.5,1392.9555500000001,4.75,1378.7055500000001,2025-11-28 15:25:00,1388.4,END_OF_DAY,False,-2.971055549999961,-0.6254853789473602,ORB_50PCT
ICICIBANK,2025-11-28,SELL,2025-11-28 11:50:00,2025-11-28 11:55:00,11:55,1388.2055500000001,1398.5,1389.0,9.5,1398.5,10.29444999999987,1367.6166500000004,2025-11-28 15:25:00,1388.4,END_OF_DAY,False,-2.971055549999961,-0.2886075069576324,ORB_BOUNDARY
ICICIBANK,2025-12-01,BUY,2025-12-01 09:30:00,2025-12-01 09:35:00,09:35,1395.6975,1394.8,1388.4,6.399999999999864,1392.4975,3.2000000000000455,1402.0975,2025-12-01 11:40:00,1392.4975,STOP_LOSS,False,-5.9881950000000455,-1.8713109374999877,ORB_50PCT
ICICIBANK,2025-12-01,BUY,2025-12-01 09:30:00,2025-12-01 09:35:00,09:35,1395.6975,1394.8,1388.4,6.399999999999864,1388.4,7.2974999999999,1410.2924999999998,2025-12-01 14:40:00,1388.4,STOP_LOSS,False,-10.0815974999999,-1.3815138746145992,ORB_BOUNDARY
ICICIBANK,2025-12-01,SELL,2025-12-01 14:45:00,2025-12-01 14:50:00,14:50,1386.80625,1394.8,1388.4,6.399999999999864,1390.00625,3.199999999999818,1380.4062500000005,2025-12-01 15:00:00,1390.00625,STOP_LOSS,False,-5.976812499999818,-1.8677539062500494,ORB_50PCT
ICICIBANK,2025-12-01,SELL,2025-12-01 14:45:00,2025-12-01 14:50:00,14:50,1386.80625,1394.8,1388.4,6.399999999999864,1394.8,7.993749999999864,1370.8187500000004,2025-12-01 15:25:00,1390.2,END_OF_DAY,False,-6.170756249999955,-0.7719476153244798,ORB_BOUNDARY
ICICIBANK,2025-12-02,SELL,2025-12-02 09:45:00,2025-12-02 09:50:00,09:50,1371.5139000000001,1381.8,1372.5,9.299999999999955,1376.1639,4.649999999999864,1362.2139000000004,2025-12-02 10:50:00,1376.1639,STOP_LOSS,False,-7.3976777999998635,-1.5908984516129205,ORB_50PCT
ICICIBANK,2025-12-02,SELL,2025-12-02 09:45:00,2025-12-02 09:50:00,09:50,1371.5139000000001,1381.8,1372.5,9.299999999999955,1381.8,10.286099999999806,1350.9417000000005,2025-12-02 15:25:00,1373.8,END_OF_DAY,False,-5.031413899999806,-0.48914689726912053,ORB_BOUNDARY
ICICIBANK,2025-12-03,BUY,2025-12-03 10:35:00,2025-12-03 10:40:00,10:40,1379.3893500000001,1378.4,1367.0,11.400000000000091,1373.68935,5.7000000000000455,1390.7893500000002,2025-12-03 15:00:00,1390.7893500000002,TARGET,False,8.62982130000009,1.514003736842109,ORB_50PCT
ICICIBANK,2025-12-03,BUY,2025-12-03 10:35:00,2025-12-03 10:40:00,10:40,1379.3893500000001,1378.4,1367.0,11.400000000000091,1367.0,12.38935000000015,1404.1680500000004,2025-12-03 15:25:00,1390.0,END_OF_DAY,False,7.84126064999985,0.6329033121188565,ORB_BOUNDARY
ICICIBANK,2025-12-04,BUY,2025-12-04 09:50:00,2025-12-04 09:55:00,09:55,1390.99515,1390.0,1382.5,7.5,1387.24515,3.75,1398.49515,2025-12-04 10:05:00,1387.24515,STOP_LOSS,False,-6.5282403,-1.7408640800000001,ORB_50PCT
ICICIBANK,2025-12-04,BUY,2025-12-04 09:50:00,2025-12-04 09:55:00,09:55,1390.99515,1390.0,1382.5,7.5,1382.5,8.495149999999967,1407.98545,2025-12-04 12:15:00,1382.5,STOP_LOSS,False,-11.268645149999966,-1.3264798326103728,ORB_BOUNDARY
ICICIBANK,2025-12-04,SELL,2025-12-04 12:45:00,2025-12-04 12:50:00,12:50,1381.6088499999998,1390.0,1382.5,7.5,1385.3588499999998,3.75,1374.1088499999998,2025-12-04 14:40:00,1385.3588499999998,STOP_LOSS,False,-6.5169677,-1.7378580533333334,ORB_50PCT
ICICIBANK,2025-12-04,SELL,2025-12-04 12:45:00,2025-12-04 12:50:00,12:50,1381.6088499999998,1390.0,1382.5,7.5,1390.0,8.391150000000152,1364.8265499999995,2025-12-04 15:25:00,1385.7,END_OF_DAY,False,-6.858458850000198,-0.8173443270588744,ORB_BOUNDARY
ICICIBANK,2025-12-05,BUY,2025-12-05 10:00:00,2025-12-05 10:05:00,10:05,1395.0972000000002,1390.0,1381.0,9.0,1390.5972000000002,4.5,1404.0972000000002,2025-12-05 10:05:00,1390.5972000000002,STOP_LOSS,False,-7.285694400000001,-1.6190432000000001,ORB_50PCT
ICICIBANK,2025-12-05,BUY,2025-12-05 10:00:00,2025-12-05 10:05:00,10:05,1395.0972000000002,1390.0,1381.0,9.0,1381.0,14.097200000000157,1423.2916000000005,2025-12-05 15:25:00,1390.2,END_OF_DAY,False,-7.682497200000112,-0.544966177680676,ORB_BOUNDARY
ICICIBANK,2025-12-08,BUY,2025-12-08 10:10:00,2025-12-08 10:15:00,10:15,1392.696,1389.7,1383.3,6.400000000000091,1389.4959999999999,3.2000000000000455,1399.096,2025-12-08 11:15:00,1389.4959999999999,STOP_LOSS,False,-5.982192000000046,-1.8694349999999877,ORB_50PCT
ICICIBANK,2025-12-08,BUY,2025-12-08 10:10:00,2025-12-08 10:15:00,10:15,1392.696,1389.7,1383.3,6.400000000000091,1383.3,9.395999999999958,1411.4879999999998,2025-12-08 13:30:00,1383.3,STOP_LOSS,False,-12.171995999999957,-1.2954444444444457,ORB_BOUNDARY
ICICIBANK,2025-12-08,BUY,2025-12-08 15:05:00,2025-12-08 15:10:00,15:10,1390.8951,1389.7,1383.3,6.400000000000091,1387.6951,3.2000000000000455,1397.2951,2025-12-08 15:25:00,1387.6951,STOP_LOSS,False,-5.9785902000000455,-1.8683094374999876,ORB_50PCT
ICICIBANK,2025-12-08,BUY,2025-12-08 15:05:00,2025-12-08 15:10:00,15:10,1390.8951,1389.7,1383.3,6.400000000000091,1383.3,7.595100000000002,1406.0853,2025-12-08 15:25:00,1387.5,END_OF_DAY,False,-6.173495099999957,-0.8128260457400106,ORB_BOUNDARY
ICICIBANK,2025-12-09,SELL,2025-12-09 11:40:00,2025-12-09 11:45:00,11:45,1375.21205,1384.3,1376.9,7.399999999999864,1378.91205,3.699999999999818,1367.8120500000005,2025-12-09 15:25:00,1375.0,END_OF_DAY,False,-2.53816204999991,-0.6859897432432526,ORB_50PCT
ICICIBANK,2025-12-09,SELL,2025-12-09 11:40:00,2025-12-09 11:45:00,11:45,1375.21205,1384.3,1376.9,7.399999999999864,1384.3,9.087949999999864,1357.0361500000004,2025-12-09 15:25:00,1375.0,END_OF_DAY,False,-2.53816204999991,-0.27928873398290566,ORB_BOUNDARY
ICICIBANK,2025-12-10,SELL,2025-12-10 11:30:00,2025-12-10 11:35:00,11:35,1369.5149000000001,1379.0,1370.5,8.5,1373.7649000000001,4.25,1361.0149000000001,2025-12-10 13:55:00,1361.0149000000001,TARGET,False,5.7694702,1.3575224,ORB_50PCT
ICICIBANK,2025-12-10,SELL,2025-12-10 11:30:00,2025-12-10 11:35:00,11:35,1369.5149000000001,1379.0,1370.5,8.5,1379.0,9.485099999999875,1350.5447000000004,2025-12-10 15:25:00,1364.5,END_OF_DAY,False,2.280885100000125,0.2404703271446959,ORB_BOUNDARY
ICICIBANK,2025-12-11,SELL,2025-12-11 09:35:00,2025-12-11 09:40:00,09:40,1356.0216500000001,1366.6,1359.8,6.7999999999999545,1359.4216500000002,3.400000000000091,1349.22165,2025-12-11 10:10:00,1359.4216500000002,STOP_LOSS,False,-6.115443300000091,-1.7986597941176259,ORB_50PCT
ICICIBANK,2025-12-11,SELL,2025-12-11 09:35:00,2025-12-11 09:40:00,09:40,1356.0216500000001,1366.6,1359.8,6.7999999999999545,1366.6,10.578349999999773,1334.8649500000006,2025-12-11 15:25:00,1361.0,END_OF_DAY,False,-7.695371649999864,-0.7274642690022574,ORB_BOUNDARY
ICICIBANK,2025-12-12,SELL,2025-12-12 10:25:00,2025-12-12 10:30:00,10:30,1363.6178499999999,1368.9,1364.6,4.300000000000182,1365.76785,2.150000000000091,1359.3178499999997,2025-12-12 10:30:00,1365.76785,STOP_LOSS,False,-4.879385700000091,-2.269481720930179,ORB_50PCT
ICICIBANK,2025-12-12,SELL,2025-12-12 10:25:00,2025-12-12 10:30:00,10:30,1363.6178499999999,1368.9,1364.6,4.300000000000182,1368.9,5.282150000000229,1353.0535499999994,2025-12-12 11:20:00,1368.9,STOP_LOSS,False,-8.01466785000023,-1.5173116723303735,ORB_BOUNDARY
ICICIBANK,2025-12-12,SELL,2025-12-12 13:25:00,2025-12-12 13:30:00,13:30,1363.81775,1368.9,1364.6,4.300000000000182,1365.96775,2.150000000000091,1359.5177499999998,2025-12-12 14:00:00,1365.96775,STOP_LOSS,False,-4.879785500000091,-2.269667674418551,ORB_50PCT
ICICIBANK,2025-12-12,SELL,2025-12-12 13:25:00,2025-12-12 13:30:00,13:30,1363.81775,1368.9,1364.6,4.300000000000182,1368.9,5.082250000000158,1353.6532499999996,2025-12-12 15:25:00,1366.1,END_OF_DAY,False,-5.012167749999977,-0.9862103890992809,ORB_BOUNDARY
ICICIBANK,2025-12-15,BUY,2025-12-15 12:30:00,2025-12-15 12:35:00,12:35,1369.18425,1369.0,1356.1,12.900000000000091,1362.73425,6.4500000000000455,1382.08425,2025-12-15 15:25:00,1365.0,END_OF_DAY,False,-6.91843425000002,-1.0726254651162745,ORB_50PCT
ICICIBANK,2025-12-15,BUY,2025-12-15 12:30:00,2025-12-15 12:35:00,12:35,1369.18425,1369.0,1356.1,12.900000000000091,1356.1,13.084250000000111,1395.3527500000002,2025-12-15 15:25:00,1365.0,END_OF_DAY,False,-6.91843425000002,-0.5287604753807029,ORB_BOUNDARY
ICICIBANK,2025-12-16,SELL,2025-12-16 09:35:00,2025-12-16 09:40:00,09:40,1355.62185,1367.1,1357.0,10.099999999999909,1360.67185,5.0499999999999545,1345.52185,2025-12-16 10:00:00,1360.67185,STOP_LOSS,False,-7.766293699999954,-1.5378799405940642,ORB_50PCT
ICICIBANK,2025-12-16,SELL,2025-12-16 09:35:00,2025-12-16 09:40:00,09:40,1355.62185,1367.1,1357.0,10.099999999999909,1367.1,11.478149999999914,1332.6655500000002,2025-12-16 10:20:00,1367.1,STOP_LOSS,False,-14.200871849999913,-1.2372091190653562,ORB_BOUNDARY
ICICIBANK,2025-12-17,SELL,2025-12-17 09:40:00,2025-12-17 09:45:00,09:45,1348.3255,1365.0,1351.1,13.900000000000091,1355.2755,6.9500000000000455,1334.4254999999998,2025-12-17 15:25:00,1353.5,END_OF_DAY,False,-7.87632550000008,-1.1332842446043208,ORB_50PCT
ICICIBANK,2025-12-17,SELL,2025-12-17 09:40:00,2025-12-17 09:45:00,09:45,1348.3255,1365.0,1351.1,13.900000000000091,1365.0,16.67450000000008,1314.9764999999998,2025-12-17 15:25:00,1353.5,END_OF_DAY,False,-7.87632550000008,-0.4723575219646791,ORB_BOUNDARY
ICICIBANK,2025-12-18,BUY,2025-12-18 09:55:00,2025-12-18 10:00:00,10:00,1353.57645,1351.9,1345.5,6.400000000000091,1350.37645,3.2000000000000455,1359.97645,2025-12-18 10:15:00,1359.97645,TARGET,False,3.6864471000000907,1.152014718750012,ORB_50PCT
ICICIBANK,2025-12-18,BUY,2025-12-18 09:55:00,2025-12-18 10:00:00,10:00,1353.57645,1351.9,1345.5,6.400000000000091,1345.5,8.076450000000023,1369.72935,2025-12-18 15:25:00,1357.0,END_OF_DAY,False,0.7129735499999774,0.0882780862879081,ORB_BOUNDARY
ICICIBANK,2025-12-19,SELL,2025-12-19 11:45:00,2025-12-19 11:50:00,11:50,1351.1241,1360.4,1352.2,8.200000000000045,1355.2241,4.099999999999909,1342.9241000000002,2025-12-19 12:00:00,1355.2241,STOP_LOSS,False,-6.806348199999909,-1.660084926829283,ORB_50PCT
ICICIBANK,2025-12-19,SELL,2025-12-19 11:45:00,2025-12-19 11:50:00,11:50,1351.1241,1360.4,1352.2,8.200000000000045,1360.4,9.275900000000092,1332.5722999999998,2025-12-19 15:25:00,1354.3,END_OF_DAY,False,-5.881324099999956,-0.6340434998221086,ORB_BOUNDARY
ICICIBANK,2025-12-22,BUY,2025-12-22 10:00:00,2025-12-22 10:05:00,10:05,1365.18225,1363.0,1354.8,8.200000000000045,1361.08225,4.100000000000136,1373.3822500000003,2025-12-22 10:30:00,1361.08225,STOP_LOSS,False,-6.8262645000001365,-1.6649425609755877,ORB_50PCT
ICICIBANK,2025-12-22,BUY,2025-12-22 10:00:00,2025-12-22 10:05:00,10:05,1365.18225,1363.0,1354.8,8.200000000000045,1354.8,10.382250000000113,1385.9467500000003,2025-12-22 15:25:00,1367.5,END_OF_DAY,False,-0.41493225000006717,-0.03996554215127383,ORB_BOUNDARY
ICICIBANK,2025-12-23,SELL,2025-12-23 09:40:00,2025-12-23 09:45:00,09:45,1359.7198,1365.0,1361.1,3.900000000000091,1361.6698000000001,1.9500000000000455,1355.8198,2025-12-23 10:00:00,1361.6698000000001,STOP_LOSS,False,-4.671389600000046,-2.3955844102563777,ORB_50PCT
ICICIBANK,2025-12-23,SELL,2025-12-23 09:40:00,2025-12-23 09:45:00,09:45,1359.7198,1365.0,1361.1,3.900000000000091,1365.0,5.2801999999999225,1349.1594000000002,2025-12-23 15:25:00,1362.4,END_OF_DAY,False,-5.402319800000014,-1.0231278739441865,ORB_BOUNDARY
ICICIBANK,2025-12-24,BUY,2025-12-24 09:40:00,2025-12-24 09:45:00,09:45,1367.6835,1365.7,1359.6,6.100000000000136,1364.6335,3.050000000000182,1373.7835000000005,2025-12-24 10:10:00,1364.6335,STOP_LOSS,False,-5.782317000000182,-1.8958416393442088,ORB_50PCT
ICICIBANK,2025-12-24,BUY,2025-12-24 09:40:00,2025-12-24 09:45:00,09:45,1367.6835,1365.7,1359.6,6.100000000000136,1359.6,8.083500000000186,1383.8505000000005,2025-12-24 13:15:00,1359.6,STOP_LOSS,False,-10.810783500000186,-1.33738894043421,ORB_BOUNDARY
ICICIBANK,2025-12-24,SELL,2025-12-24 13:20:00,2025-12-24 13:25:00,13:25,1358.82025,1365.7,1359.6,6.100000000000136,1361.87025,3.0499999999999545,1352.72025,2025-12-24 13:50:00,1361.87025,STOP_LOSS,False,-5.770690499999954,-1.892029672131161,ORB_50PCT
ICICIBANK,2025-12-24,SELL,2025-12-24 13:20:00,2025-12-24 13:25:00,13:25,1358.82025,1365.7,1359.6,6.100000000000136,1365.7,6.879750000000058,1345.0607499999999,2025-12-24 15:25:00,1359.0,END_OF_DAY,False,-2.8975702500000127,-0.42117377084922974,ORB_BOUNDARY
ICICIBANK,2025-12-26,SELL,2025-12-26 09:30:00,2025-12-26 09:35:00,09:35,1355.322,1362.0,1356.5,5.5,1358.072,2.75,1349.822,2025-12-26 10:55:00,1358.072,STOP_LOSS,False,-5.463393999999999,-1.986688727272727,ORB_50PCT
ICICIBANK,2025-12-26,SELL,2025-12-26 09:30:00,2025-12-26 09:35:00,09:35,1355.322,1362.0,1356.5,5.5,1362.0,6.678000000000111,1341.9659999999997,2025-12-26 15:25:00,1350.0,END_OF_DAY,False,2.616677999999889,0.39183557951480164,ORB_BOUNDARY
ICICIBANK,2025-12-29,SELL,2025-12-29 09:50:00,2025-12-29 09:55:00,09:55,1348.02565,1355.7,1349.1,6.600000000000136,1351.3256500000002,3.300000000000182,1341.4256499999997,2025-12-29 10:10:00,1351.3256500000002,STOP_LOSS,False,-5.999351300000182,-1.8179852424241973,ORB_50PCT
ICICIBANK,2025-12-29,SELL,2025-12-29 09:50:00,2025-12-29 09:55:00,09:55,1348.02565,1355.7,1349.1,6.600000000000136,1355.7,7.674350000000004,1332.67695,2025-12-29 15:25:00,1342.7,END_OF_DAY,False,2.6349243499999955,0.3433416966909242,ORB_BOUNDARY
ICICIBANK,2025-12-30,SELL,2025-12-30 10:40:00,2025-12-30 10:45:00,10:45,1340.02965,1345.9,1341.4,4.5,1342.27965,2.25,1335.52965,2025-12-30 11:40:00,1342.27965,STOP_LOSS,False,-4.9323093,-2.192137466666667,ORB_50PCT
ICICIBANK,2025-12-30,SELL,2025-12-30 10:40:00,2025-12-30 10:45:00,10:45,1340.02965,1345.9,1341.4,4.5,1345.9,5.870350000000144,1328.2889499999997,2025-12-30 15:25:00,1345.9,STOP_LOSS,False,-8.556279650000144,-1.4575416542454767,ORB_BOUNDARY
ICICIBANK,2025-12-31,SELL,2025-12-31 10:20:00,2025-12-31 10:25:00,10:25,1341.2290500000001,1347.9,1341.8,6.100000000000136,1344.27905,3.0499999999999545,1335.1290500000002,2025-12-31 12:40:00,1344.27905,STOP_LOSS,False,-5.735508099999954,-1.8804944590164065,ORB_50PCT
ICICIBANK,2025-12-31,SELL,2025-12-31 10:20:00,2025-12-31 10:25:00,10:25,1341.2290500000001,1347.9,1341.8,6.100000000000136,1347.9,6.670949999999948,1327.8871500000002,2025-12-31 13:20:00,1347.9,STOP_LOSS,False,-9.360079049999948,-1.403110359094285,ORB_BOUNDARY
ICICIBANK,2025-12-31,BUY,2025-12-31 14:35:00,2025-12-31 14:40:00,14:40,1349.17425,1347.9,1341.8,6.100000000000136,1346.1242499999998,3.050000000000182,1355.2742500000004,2025-12-31 15:00:00,1346.1242499999998,STOP_LOSS,False,-5.745298500000182,-1.8837044262294553,ORB_50PCT
ICICIBANK,2025-12-31,BUY,2025-12-31 14:35:00,2025-12-31 14:40:00,14:40,1349.17425,1347.9,1341.8,6.100000000000136,1341.8,7.374250000000075,1363.9227500000002,2025-12-31 15:00:00,1341.8,STOP_LOSS,False,-10.065224250000075,-1.364914974404173,ORB_BOUNDARY
ICICIBANK,2026-01-01,BUY,2026-01-01 09:40:00,2026-01-01 09:45:00,09:45,1348.4739,1347.7,1343.0,4.7000000000000455,1346.1239,2.349999999999909,1353.1738999999998,2026-01-01 09:55:00,1346.1239,STOP_LOSS,False,-5.044597799999909,-2.1466373617021723,ORB_50PCT
ICICIBANK,2026-01-01,BUY,2026-01-01 09:40:00,2026-01-01 09:45:00,09:45,1348.4739,1347.7,1343.0,4.7000000000000455,1343.0,5.473899999999958,1359.4216999999999,2026-01-01 09:55:00,1343.0,STOP_LOSS,False,-8.165373899999958,-1.491692193865438,ORB_BOUNDARY
ICICIBANK,2026-01-01,SELL,2026-01-01 11:30:00,2026-01-01 11:35:00,11:35,1342.02865,1347.7,1343.0,4.7000000000000455,1344.37865,2.3500000000001364,1337.3286499999997,2026-01-01 15:10:00,1337.3286499999997,TARGET,False,2.020642700000273,0.8598479574468747,ORB_50PCT
ICICIBANK,2026-01-01,SELL,2026-01-01 11:30:00,2026-01-01 11:35:00,11:35,1342.02865,1347.7,1343.0,4.7000000000000455,1347.7,5.671350000000075,1330.6859499999998,2026-01-01 15:25:00,1337.6,END_OF_DAY,False,1.7490213500000618,0.30839594629145417,ORB_BOUNDARY
ICICIBANK,2026-01-02,BUY,2026-01-02 09:30:00,2026-01-02 09:35:00,09:35,1343.5714500000001,1343.4,1336.3,7.100000000000136,1340.0214500000002,3.5499999999999545,1350.67145,2026-01-02 12:20:00,1350.67145,TARGET,False,4.405757099999908,1.241058338028159,ORB_50PCT
ICICIBANK,2026-01-02,BUY,2026-01-02 09:30:00,2026-01-02 09:35:00,09:35,1343.5714500000001,1343.4,1336.3,7.100000000000136,1336.3,7.271450000000186,1358.1143500000005,2026-01-02 15:25:00,1355.8,END_OF_DAY,False,9.529178549999813,1.3104922058185875,ORB_BOUNDARY
ICICIBANK,2026-01-05,BUY,2026-01-05 09:55:00,2026-01-05 10:00:00,10:00,1370.78505,1369.6,1352.6,17.0,1362.28505,8.5,1387.78505,2026-01-05 15:25:00,1372.0,END_OF_DAY,False,-1.5278350499999558,-0.1797452999999948,ORB_50PCT
ICICIBANK,2026-01-05,BUY,2026-01-05 09:55:00,2026-01-05 10:00:00,10:00,1370.78505,1369.6,1352.6,17.0,1352.6,18.185050000000047,1407.15515,2026-01-05 15:25:00,1372.0,END_OF_DAY,False,-1.5278350499999558,-0.08401599390708037,ORB_BOUNDARY
ICICIBANK,2026-01-06,BUY,2026-01-06 09:30:00,2026-01-06 09:35:00,09:35,1405.40235,1396.4,1366.0,30.40000000000009,1390.20235,15.200000000000045,1435.8023500000002,2026-01-06 15:25:00,1409.9,END_OF_DAY,False,1.6823476500000214,0.1106807664473695,ORB_50PCT
ICICIBANK,2026-01-06,BUY,2026-01-06 09:30:00,2026-01-06 09:35:00,09:35,1405.40235,1396.4,1366.0,30.40000000000009,1366.0,39.40235000000007,1484.2070500000002,2026-01-06 15:25:00,1409.9,END_OF_DAY,False,1.6823476500000214,0.042696632307464365,ORB_BOUNDARY
ICICIBANK,2026-01-07,BUY,2026-01-07 09:40:00,2026-01-07 09:45:00,09:45,1415.20725,1413.2,1404.2,9.0,1410.70725,4.5,1424.20725,2026-01-07 10:45:00,1424.20725,TARGET,False,6.1605855,1.369019,ORB_50PCT
ICICIBANK,2026-01-07,BUY,2026-01-07 09:40:00,2026-01-07 09:45:00,09:45,1415.20725,1413.2,1404.2,9.0,1404.2,11.007249999999885,1437.2217499999997,2026-01-07 15:25:00,1425.6,END_OF_DAY,False,7.551942749999978,0.6860880555997235,ORB_BOUNDARY
ICICIBANK,2026-01-08,BUY,2026-01-08 09:30:00,2026-01-08 09:35:00,09:35,1439.7195,1438.0,1423.3,14.700000000000045,1432.3694999999998,7.350000000000136,1454.4195000000002,2026-01-08 10:55:00,1432.3694999999998,STOP_LOSS,False,-10.222089000000135,-1.3907604081632579,ORB_50PCT
ICICIBANK,2026-01-08,BUY,2026-01-08 09:30:00,2026-01-08 09:35:00,09:35,1439.7195,1438.0,1423.3,14.700000000000045,1423.3,16.41949999999997,1472.5584999999999,2026-01-08 15:25:00,1434.9,END_OF_DAY,False,-7.694119499999834,-0.46859645543407824,ORB_BOUNDARY
ICICIBANK,2026-01-09,SELL,2026-01-09 09:45:00,2026-01-09 09:50:00,09:50,1413.59285,1429.5,1417.2,12.299999999999955,1419.74285,6.150000000000091,1401.2928499999998,2026-01-09 15:25:00,1405.0,END_OF_DAY,False,5.774257149999999,0.9389036016260022,ORB_50PCT
ICICIBANK,2026-01-09,SELL,2026-01-09 09:45:00,2026-01-09 09:50:00,09:50,1413.59285,1429.5,1417.2,12.299999999999955,1429.5,15.907150000000001,1381.77855,2026-01-09 15:25:00,1405.0,END_OF_DAY,False,5.774257149999999,0.36299759227768635,ORB_BOUNDARY
ICICIBANK,2026-01-12,BUY,2026-01-12 10:00:00,2026-01-12 10:05:00,10:05,1403.5013999999999,1400.1,1391.7,8.399999999999864,1399.3013999999998,4.2000000000000455,1411.9014,2026-01-12 12:20:00,1411.9014,TARGET,False,5.584597200000092,1.3296660000000073,ORB_50PCT
ICICIBANK,2026-01-12,BUY,2026-01-12 10:00:00,2026-01-12 10:05:00,10:05,1403.5013999999999,1400.1,1391.7,8.399999999999864,1391.7,11.80139999999983,1427.1041999999995,2026-01-12 15:25:00,1420.0,END_OF_DAY,False,13.675098600000124,1.1587691799278323,ORB_BOUNDARY
ICICIBANK,2026-01-13,BUY,2026-01-13 10:05:00,2026-01-13 10:10:00,10:10,1425.21225,1423.0,1412.2,10.799999999999955,1419.81225,5.400000000000091,1436.0122500000002,2026-01-13 11:35:00,1436.0122500000002,TARGET,False,7.938775500000181,1.47014361111112,ORB_50PCT
ICICIBANK,2026-01-13,BUY,2026-01-13 10:05:00,2026-01-13 10:10:00,10:10,1425.21225,1423.0,1412.2,10.799999999999955,1412.2,13.012249999999995,1451.23675,2026-01-13 15:25:00,1436.5,END_OF_DAY,False,8.42603774999996,0.6475465618935975,ORB_BOUNDARY
ICICIBANK,2026-01-14,SELL,2026-01-14 10:05:00,2026-01-14 10:10:00,10:10,1422.0886,1443.9,1425.1,18.800000000000182,1431.4886000000001,9.400000000000091,1403.2885999999999,2026-01-14 12:00:00,1431.4886000000001,STOP_LOSS,False,-12.253577200000091,-1.3035720425531885,ORB_50PCT
ICICIBANK,2026-01-14,SELL,2026-01-14 10:05:00,2026-01-14 10:10:00,10:10,1422.0886,1443.9,1425.1,18.800000000000182,1443.9,21.81140000000005,1378.4658,2026-01-14 15:25:00,1416.6,END_OF_DAY,False,2.649911400000133,0.12149203627461451,ORB_BOUNDARY
ICICIBANK,2026-01-16,BUY,2026-01-16 10:35:00,2026-01-16 10:40:00,10:40,1420.71,1419.7,1409.1,10.600000000000136,1415.4099999999999,5.300000000000182,1431.3100000000004,2026-01-16 10:55:00,1415.4099999999999,STOP_LOSS,False,-8.136120000000181,-1.535116981132057,ORB_50PCT
ICICIBANK,2026-01-16,BUY,2026-01-16 10:35:00,2026-01-16 10:40:00,10:40,1420.71,1419.7,1409.1,10.600000000000136,1409.1,11.610000000000127,1443.9300000000003,2026-01-16 12:50:00,1409.1,STOP_LOSS,False,-14.439810000000127,-1.2437390180878527,ORB_BOUNDARY
ICICIBANK,2026-01-16,SELL,2026-01-16 15:10:00,2026-01-16 15:15:00,15:15,1407.59585,1419.7,1409.1,10.600000000000136,1412.8958499999999,5.2999999999999545,1396.99585,2026-01-16 15:25:00,1412.8958499999999,STOP_LOSS,False,-8.120491699999954,-1.5321682452830234,ORB_50PCT
ICICIBANK,2026-01-16,SELL,2026-01-16 15:10:00,2026-01-16 15:15:00,15:15,1407.59585,1419.7,1409.1,10.600000000000136,1419.7,12.104150000000118,1383.3875499999997,2026-01-16 15:25:00,1419.7,STOP_LOSS,False,-14.931445850000118,-1.233580701660172,ORB_BOUNDARY
ICICIBANK,2026-01-19,SELL,2026-01-19 10:05:00,2026-01-19 10:10:00,10:10,1361.41895,1400.0,1364.3,35.700000000000045,1379.2689500000001,17.850000000000136,1325.7189499999997,2026-01-19 13:50:00,1379.2689500000001,STOP_LOSS,False,-20.590687900000137,-1.153539938375349,ORB_50PCT
ICICIBANK,2026-01-19,SELL,2026-01-19 10:05:00,2026-01-19 10:10:00,10:10,1361.41895,1400.0,1364.3,35.700000000000045,1400.0,38.581050000000005,1284.25685,2026-01-19 15:25:00,1377.7,END_OF_DAY,False,-19.02016895000005,-0.4929925170517662,ORB_BOUNDARY
ICICIBANK,2026-01-20,BUY,2026-01-20 09:30:00,2026-01-20 09:35:00,09:35,1384.79205,1378.7,1371.6,7.100000000000136,1381.2420499999998,3.550000000000182,1391.8920500000004,2026-01-20 10:35:00,1381.2420499999998,STOP_LOSS,False,-6.316034100000182,-1.7791645352112275,ORB_50PCT
ICICIBANK,2026-01-20,BUY,2026-01-20 09:30:00,2026-01-20 09:35:00,09:35,1384.79205,1378.7,1371.6,7.100000000000136,1371.6,13.192050000000108,1411.1761500000002,2026-01-20 15:00:00,1371.6,STOP_LOSS,False,-15.948442050000109,-1.2089434204691445,ORB_BOUNDARY
ICICIBANK,2026-01-21,SELL,2026-01-21 09:30:00,2026-01-21 09:35:00,09:35,1355.42195,1371.5,1357.0,14.5,1362.67195,7.25,1340.92195,2026-01-21 11:00:00,1340.92195,TARGET,False,11.8036561,1.628090496551724,ORB_50PCT
ICICIBANK,2026-01-21,SELL,2026-01-21 09:30:00,2026-01-21 09:35:00,09:35,1355.42195,1371.5,1357.0,14.5,1371.5,16.078050000000076,1323.2658499999998,2026-01-21 15:25:00,1347.0,END_OF_DAY,False,5.719528049999925,0.35573518243816243,ORB_BOUNDARY
ICICIBANK,2026-01-22,SELL,2026-01-22 10:25:00,2026-01-22 10:30:00,10:30,1344.82725,1358.0,1347.5,10.5,1350.07725,5.25,1334.32725,2026-01-22 15:25:00,1347.0,END_OF_DAY,False,-4.864577249999951,-0.9265861428571336,ORB_50PCT
ICICIBANK,2026-01-22,SELL,2026-01-22 10:25:00,2026-01-22 10:30:00,10:30,1344.82725,1358.0,1347.5,10.5,1358.0,13.17274999999995,1318.4817500000001,2026-01-22 15:25:00,1347.0,END_OF_DAY,False,-4.864577249999951,-0.36929094152701364,ORB_BOUNDARY
ICICIBANK,2026-01-23,SELL,2026-01-23 09:30:00,2026-01-23 09:35:00,09:35,1338.1306,1345.6,1339.1,6.5,1341.3806,3.25,1331.6306,2026-01-23 10:25:00,1341.3806,STOP_LOSS,False,-5.9295112,-1.8244649846153846,ORB_50PCT
ICICIBANK,2026-01-23,SELL,2026-01-23 09:30:00,2026-01-23 09:35:00,09:35,1338.1306,1345.6,1339.1,6.5,1345.6,7.4693999999999505,1323.1918,2026-01-23 11:00:00,1345.6,STOP_LOSS,False,-10.153130599999951,-1.359296677109275,ORB_BOUNDARY
ICICIBANK,2026-01-23,BUY,2026-01-23 11:10:00,2026-01-23 11:15:00,11:15,1346.57295,1345.6,1339.1,6.5,1343.32295,3.25,1353.07295,2026-01-23 12:40:00,1353.07295,TARGET,False,3.8003541,1.1693397230769231,ORB_50PCT
ICICIBANK,2026-01-23,BUY,2026-01-23 11:10:00,2026-01-23 11:15:00,11:15,1346.57295,1345.6,1339.1,6.5,1339.1,7.472950000000083,1361.5188500000002,2026-01-23 15:25:00,1346.0,END_OF_DAY,False,-3.2655229499999914,-0.43697909794658807,ORB_BOUNDARY
ICICIBANK,2026-01-27,BUY,2026-01-27 12:55:00,2026-01-27 13:00:00,13:00,1353.0762000000002,1351.3,1331.3,20.0,1343.0762000000002,10.0,1373.0762000000002,2026-01-27 15:25:00,1367.1,END_OF_DAY,False,11.30362379999971,1.130362379999971,ORB_50PCT
ICICIBANK,2026-01-27,BUY,2026-01-27 12:55:00,2026-01-27 13:00:00,13:00,1353.0762000000002,1351.3,1331.3,20.0,1331.3,21.776200000000244,1396.6286000000007,2026-01-27 15:25:00,1367.1,END_OF_DAY,False,11.30362379999971,0.5190815569291053,ORB_BOUNDARY
ICICIBANK,2026-01-29,BUY,2026-01-29 10:10:00,2026-01-29 10:15:00,10:15,1364.4819,1363.1,1355.2,7.899999999999864,1360.5319,3.9500000000000455,1372.3819,2026-01-29 12:30:00,1372.3819,TARGET,False,5.163136200000091,1.3071230886076028,ORB_50PCT
ICICIBANK,2026-01-29,BUY,2026-01-29 10:10:00,2026-01-29 10:15:00,10:15,1364.4819,1363.1,1355.2,7.899999999999864,1355.2,9.28189999999995,1383.0457,2026-01-29 14:30:00,1383.0457,TARGET,False,15.816272399999901,1.7039908208448686,ORB_BOUNDARY
ICICIBANK,2026-01-30,SELL,2026-01-30 11:05:00,2026-01-30 11:10:00,11:10,1363.7178000000001,1381.9,1368.2,13.700000000000045,1370.5678000000003,6.850000000000136,1350.0177999999999,2026-01-30 15:25:00,1356.1,END_OF_DAY,False,4.897982200000216,0.7150338978102363,ORB_50PCT
ICICIBANK,2026-01-30,SELL,2026-01-30 11:05:00,2026-01-30 11:10:00,11:10,1363.7178000000001,1381.9,1368.2,13.700000000000045,1381.9,18.182199999999966,1327.3534000000002,2026-01-30 15:25:00,1356.1,END_OF_DAY,False,4.897982200000216,0.26938336394936946,ORB_BOUNDARY
ICICIBANK,2026-02-01,SELL,2026-02-01 09:30:00,2026-02-01 09:35:00,09:35,1349.5249000000001,1359.9,1351.0,8.900000000000091,1353.9749000000002,4.4500000000000455,1340.6249,2026-02-01 10:15:00,1353.9749000000002,STOP_LOSS,False,-7.153499800000046,-1.607528044943814,ORB_50PCT
ICICIBANK,2026-02-01,SELL,2026-02-01 09:30:00,2026-02-01 09:35:00,09:35,1349.5249000000001,1359.9,1351.0,8.900000000000091,1359.9,10.375099999999975,1328.7747000000002,2026-02-01 10:35:00,1359.9,STOP_LOSS,False,-13.084524899999975,-1.2611468708735345,ORB_BOUNDARY
ICICIBANK,2026-02-01,BUY,2026-02-01 11:05:00,2026-02-01 11:10:00,11:10,1363.18125,1359.9,1351.0,8.900000000000091,1358.73125,4.4500000000000455,1372.0812500000002,2026-02-01 11:20:00,1358.73125,STOP_LOSS,False,-7.171912500000046,-1.6116657303370725,ORB_50PCT
ICICIBANK,2026-02-01,BUY,2026-02-01 11:05:00,2026-02-01 11:10:00,11:10,1363.18125,1359.9,1351.0,8.900000000000091,1351.0,12.181250000000091,1387.5437500000003,2026-02-01 12:25:00,1351.0,STOP_LOSS,False,-14.89543125000009,-1.222816316059516,ORB_BOUNDARY
ICICIBANK,2026-02-01,SELL,2026-02-01 12:40:00,2026-02-01 12:45:00,12:45,1346.22655,1359.9,1351.0,8.900000000000091,1350.6765500000001,4.4500000000000455,1337.32655,2026-02-01 12:55:00,1350.6765500000001,STOP_LOSS,False,-7.146903100000046,-1.606045640449432,ORB_50PCT
ICICIBANK,2026-02-01,SELL,2026-02-01 12:40:00,2026-02-01 12:45:00,12:45,1346.22655,1359.9,1351.0,8.900000000000091,1359.9,13.673450000000003,1318.87965,2026-02-01 15:25:00,1334.0,END_OF_DAY,False,9.546323450000088,0.6981649437413444,ORB_BOUNDARY
ICICIBANK,2026-02-02,BUY,2026-02-02 09:45:00,2026-02-02 09:50:00,09:50,1346.673,1343.2,1329.1,14.100000000000136,1339.623,7.0499999999999545,1360.773,2026-02-02 10:00:00,1339.623,STOP_LOSS,False,-9.736295999999955,-1.3810348936170238,ORB_50PCT
ICICIBANK,2026-02-02,BUY,2026-02-02 09:45:00,2026-02-02 09:50:00,09:50,1346.673,1343.2,1329.1,14.100000000000136,1329.1,17.573000000000093,1381.8190000000002,2026-02-02 15:25:00,1351.0,END_OF_DAY,False,1.6293269999999982,0.0927176350082507,ORB_BOUNDARY
ICICIBANK,2026-02-05,SELL,2026-02-05 13:55:00,2026-02-05 14:00:00,14:00,1400.99915,1414.0,1402.2,11.799999999999955,1406.8991500000002,5.900000000000091,1389.19915,2026-02-05 15:25:00,1393.3,END_OF_DAY,False,4.904850850000145,0.8313306525423846,ORB_50PCT
ICICIBANK,2026-02-05,SELL,2026-02-05 13:55:00,2026-02-05 14:00:00,14:00,1400.99915,1414.0,1402.2,11.799999999999955,1414.0,13.0008499999999,1374.9974500000003,2026-02-05 15:25:00,1393.3,END_OF_DAY,False,4.904850850000145,0.37727155147549446,ORB_BOUNDARY
ICICIBANK,2026-02-06,SELL,2026-02-06 12:05:00,2026-02-06 12:10:00,12:10,1394.4024499999998,1406.9,1396.7,10.200000000000045,1399.50245,5.100000000000136,1384.2024499999995,2026-02-06 12:45:00,1399.50245,STOP_LOSS,False,-7.893904900000136,-1.5478244901960636,ORB_50PCT
ICICIBANK,2026-02-06,SELL,2026-02-06 12:05:00,2026-02-06 12:10:00,12:10,1394.4024499999998,1406.9,1396.7,10.200000000000045,1406.9,12.497550000000274,1369.4073499999993,2026-02-06 15:20:00,1406.9,STOP_LOSS,False,-15.298852450000274,-1.2241481290332856,ORB_BOUNDARY
ICICIBANK,2026-02-09,SELL,2026-02-09 10:15:00,2026-02-09 10:20:00,10:20,1398.3005,1414.0,1400.0,14.0,1405.3005,7.0,1384.3005,2026-02-09 15:25:00,1395.1,END_OF_DAY,False,0.4070995000001476,0.05815707142859251,ORB_50PCT
ICICIBANK,2026-02-09,SELL,2026-02-09 10:15:00,2026-02-09 10:20:00,10:20,1398.3005,1414.0,1400.0,14.0,1414.0,15.699499999999944,1366.9015000000002,2026-02-09 15:25:00,1395.1,END_OF_DAY,False,0.4070995000001476,0.025930730278043827,ORB_BOUNDARY
ICICIBANK,2026-02-10,SELL,2026-02-10 09:45:00,2026-02-10 09:50:00,09:50,1395.302,1402.6,1396.3,6.2999999999999545,1398.4519999999998,3.1499999999998636,1389.0020000000002,2026-02-10 10:00:00,1398.4519999999998,STOP_LOSS,False,-5.943753999999863,-1.8869060317460702,ORB_50PCT
ICICIBANK,2026-02-10,SELL,2026-02-10 09:45:00,2026-02-10 09:50:00,09:50,1395.302,1402.6,1396.3,6.2999999999999545,1402.6,7.298000000000002,1380.706,2026-02-10 12:45:00,1402.6,STOP_LOSS,False,-10.095902000000002,-1.3833792819950672,ORB_BOUNDARY
ICICIBANK,2026-02-10,BUY,2026-02-10 13:00:00,2026-02-10 13:05:00,13:05,1405.5023999999999,1402.6,1396.3,6.2999999999999545,1402.3523999999998,3.150000000000091,1411.8024,2026-02-10 13:15:00,1402.3523999999998,STOP_LOSS,False,-5.95785480000009,-1.8913824761904503,ORB_50PCT
ICICIBANK,2026-02-10,BUY,2026-02-10 13:00:00,2026-02-10 13:05:00,13:05,1405.5023999999999,1402.6,1396.3,6.2999999999999545,1396.3,9.202399999999898,1423.9071999999996,2026-02-10 15:25:00,1404.1,END_OF_DAY,False,-4.2120023999999425,-0.45770694601408213,ORB_BOUNDARY
ICICIBANK,2026-02-11,SELL,2026-02-11 09:35:00,2026-02-11 09:40:00,09:40,1402.19855,1413.0,1405.0,8.0,1406.19855,4.0,1394.19855,2026-02-11 10:05:00,1406.19855,STOP_LOSS,False,-6.8083971000000005,-1.7020992750000001,ORB_50PCT
ICICIBANK,2026-02-11,SELL,2026-02-11 09:35:00,2026-02-11 09:40:00,09:40,1402.19855,1413.0,1405.0,8.0,1413.0,10.801449999999932,1380.5956500000002,2026-02-11 15:25:00,1409.0,END_OF_DAY,False,-9.612648549999932,-0.8899405681644588,ORB_BOUNDARY
ICICIBANK,2026-02-12,BUY,2026-02-12 09:30:00,2026-02-12 09:35:00,09:35,1424.01165,1422.7,1405.3,17.40000000000009,1415.3116499999999,8.700000000000045,1441.41165,2026-02-12 15:25:00,1431.6,END_OF_DAY,False,4.732738349999991,0.5439929137930996,ORB_50PCT
ICICIBANK,2026-02-12,BUY,2026-02-12 09:30:00,2026-02-12 09:35:00,09:35,1424.01165,1422.7,1405.3,17.40000000000009,1405.3,18.711649999999963,1461.4349499999998,2026-02-12 15:25:00,1431.6,END_OF_DAY,False,4.732738349999991,0.2529300382382099,ORB_BOUNDARY
ICICIBANK,2026-02-13,SELL,2026-02-13 10:30:00,2026-02-13 10:35:00,10:35,1420.8891999999998,1434.4,1425.0,9.400000000000091,1425.5892,4.7000000000000455,1411.4891999999998,2026-02-13 12:10:00,1411.4891999999998,TARGET,False,6.567621600000091,1.3973662978723462,ORB_50PCT
ICICIBANK,2026-02-13,SELL,2026-02-13 10:30:00,2026-02-13 10:35:00,10:35,1420.8891999999998,1434.4,1425.0,9.400000000000091,1434.4,13.510800000000245,1393.8675999999994,2026-02-13 15:25:00,1415.5,END_OF_DAY,False,2.5528107999998464,0.18894593954464578,ORB_BOUNDARY
ICICIBANK,2026-02-16,BUY,2026-02-16 14:45:00,2026-02-16 14:50:00,14:50,1413.7065,1411.7,1400.5,11.200000000000045,1408.1064999999999,5.600000000000136,1424.9065000000003,2026-02-16 15:25:00,1413.0,END_OF_DAY,False,-3.5332065000000057,-0.6309297321428428,ORB_50PCT
ICICIBANK,2026-02-16,BUY,2026-02-16 14:45:00,2026-02-16 14:50:00,14:50,1413.7065,1411.7,1400.5,11.200000000000045,1400.5,13.206500000000005,1440.1195,2026-02-16 15:25:00,1413.0,END_OF_DAY,False,-3.5332065000000057,-0.2675354181652977,ORB_BOUNDARY
ICICIBANK,2026-02-17,SELL,2026-02-17 09:30:00,2026-02-17 09:35:00,09:35,1393.80275,1413.6,1395.0,18.59999999999991,1403.10275,9.299999999999955,1375.2027500000002,2026-02-17 11:35:00,1403.10275,STOP_LOSS,False,-12.096905499999954,-1.3007425268817219,ORB_50PCT
ICICIBANK,2026-02-17,SELL,2026-02-17 09:30:00,2026-02-17 09:35:00,09:35,1393.80275,1413.6,1395.0,18.59999999999991,1413.6,19.79724999999985,1354.2082500000004,2026-02-17 15:25:00,1405.0,END_OF_DAY,False,-13.99605274999994,-0.7069695412241623,ORB_BOUNDARY
ICICIBANK,2026-02-18,SELL,2026-02-18 10:40:00,2026-02-18 10:45:00,10:45,1400.2995,1412.3,1401.3,11.0,1405.7995,5.5,1389.2995,2026-02-18 14:20:00,1405.7995,STOP_LOSS,False,-8.306099,-1.5101998181818181,ORB_50PCT
ICICIBANK,2026-02-18,SELL,2026-02-18 10:40:00,2026-02-18 10:45:00,10:45,1400.2995,1412.3,1401.3,11.0,1412.3,12.000499999999874,1376.2985000000003,2026-02-18 15:25:00,1406.0,END_OF_DAY,False,-8.50679949999992,-0.708870422065748,ORB_BOUNDARY
ICICIBANK,2026-02-19,SELL,2026-02-19 10:10:00,2026-02-19 10:15:00,10:15,1402.2985,1412.3,1403.5,8.799999999999955,1406.6985,4.399999999999864,1393.4985000000004,2026-02-19 12:10:00,1393.4985000000004,TARGET,False,6.004202999999727,1.3645915909090711,ORB_50PCT
ICICIBANK,2026-02-19,SELL,2026-02-19 10:10:00,2026-02-19 10:15:00,10:15,1402.2985,1412.3,1403.5,8.799999999999955,1412.3,10.00149999999985,1382.2955000000004,2026-02-19 15:25:00,1388.7,END_OF_DAY,False,10.807501500000058,1.0805880617907533,ORB_BOUNDARY
ICICIBANK,2026-02-20,BUY,2026-02-20 09:55:00,2026-02-20 10:00:00,10:00,1396.7980499999999,1395.7,1384.0,11.700000000000045,1390.94805,5.849999999999909,1408.4980499999997,2026-02-20 15:25:00,1394.0,END_OF_DAY,False,-5.588848049999875,-0.9553586410256345,ORB_50PCT
ICICIBANK,2026-02-20,BUY,2026-02-20 09:55:00,2026-02-20 10:00:00,10:00,1396.7980499999999,1395.7,1384.0,11.700000000000045,1384.0,12.798049999999876,1422.3941499999996,2026-02-20 15:25:00,1394.0,END_OF_DAY,False,-5.588848049999875,-0.43669528170306643,ORB_BOUNDARY
ICICIBANK,2026-02-23,BUY,2026-02-23 09:30:00,2026-02-23 09:35:00,09:35,1405.8025499999999,1405.0,1395.3,9.700000000000045,1400.95255,4.849999999999909,1415.5025499999997,2026-02-23 10:45:00,1400.95255,STOP_LOSS,False,-7.656755099999909,-1.5787123917525883,ORB_50PCT
ICICIBANK,2026-02-23,BUY,2026-02-23 09:30:00,2026-02-23 09:35:00,09:35,1405.8025499999999,1405.0,1395.3,9.700000000000045,1395.3,10.502549999999928,1426.8076499999997,2026-02-23 15:25:00,1399.0,END_OF_DAY,False,-9.607352549999883,-0.9147638002199416,ORB_BOUNDARY
ICICIBANK,2026-02-24,SELL,2026-02-24 10:20:00,2026-02-24 10:25:00,10:25,1392.6033499999999,1400.9,1393.3,7.600000000000136,1396.40335,3.800000000000182,1385.0033499999995,2026-02-24 13:30:00,1385.0033499999995,TARGET,False,4.822393300000364,1.2690508684210877,ORB_50PCT
ICICIBANK,2026-02-24,SELL,2026-02-24 10:20:00,2026-02-24 10:25:00,10:25,1392.6033499999999,1400.9,1393.3,7.600000000000136,1400.9,8.296650000000227,1376.0100499999994,2026-02-24 15:25:00,1385.5,END_OF_DAY,False,4.325246649999864,0.5213244683094677,ORB_BOUNDARY
ICICIBANK,2026-02-25,BUY,2026-02-25 09:35:00,2026-02-25 09:40:00,09:40,1400.4999,1398.1,1388.2,9.899999999999864,1395.5499,4.9500000000000455,1410.3999000000001,2026-02-25 10:30:00,1395.5499,STOP_LOSS,False,-7.746049800000046,-1.5648585454545403,ORB_50PCT
ICICIBANK,2026-02-25,BUY,2026-02-25 09:35:00,2026-02-25 09:40:00,09:40,1400.4999,1398.1,1388.2,9.899999999999864,1388.2,12.29989999999998,1425.0997,2026-02-25 15:25:00,1399.9,END_OF_DAY,False,-3.4002998999999345,-0.2764493938975065,ORB_BOUNDARY
ICICIBANK,2026-02-26,BUY,2026-02-26 14:55:00,2026-02-26 15:00:00,15:00,1409.00415,1408.0,1392.9,15.099999999999909,1401.45415,7.5499999999999545,1424.10415,2026-02-26 15:25:00,1401.45415,STOP_LOSS,False,-10.360458299999955,-1.3722461324503334,ORB_50PCT
ICICIBANK,2026-02-26,BUY,2026-02-26 14:55:00,2026-02-26 15:00:00,15:00,1409.00415,1408.0,1392.9,15.099999999999909,1392.9,16.10414999999989,1441.2124499999998,2026-02-26 15:25:00,1401.6,END_OF_DAY,False,-10.214754150000072,-0.634293281545449,ORB_BOUNDARY
ICICIBANK,2026-02-27,SELL,2026-02-27 10:15:00,2026-02-27 10:20:00,10:20,1391.60385,1402.2,1394.3,7.900000000000091,1395.55385,3.9500000000000455,1383.7038499999999,2026-02-27 13:00:00,1383.7038499999999,TARGET,False,5.124692300000091,1.2973904556962106,ORB_50PCT
ICICIBANK,2026-02-27,SELL,2026-02-27 10:15:00,2026-02-27 10:20:00,10:20,1391.60385,1402.2,1394.3,7.900000000000091,1402.2,10.59615000000008,1370.4115499999998,2026-02-27 15:25:00,1379.4,END_OF_DAY,False,9.432846149999875,0.8902144788437125,ORB_BOUNDARY
ICICIBANK,2026-03-02,BUY,2026-03-02 15:15:00,2026-03-02 15:20:00,15:20,1379.3893500000001,1377.6,1355.0,22.59999999999991,1368.0893500000002,11.299999999999955,1401.98935,2026-03-02 15:25:00,1374.8,END_OF_DAY,False,-7.343539350000196,-0.649870738938073,ORB_50PCT
ICICIBANK,2026-03-02,BUY,2026-03-02 15:15:00,2026-03-02 15:20:00,15:20,1379.3893500000001,1377.6,1355.0,22.59999999999991,1355.0,24.38935000000015,1428.1680500000004,2026-03-02 15:25:00,1374.8,END_OF_DAY,False,-7.343539350000196,-0.3010961485238496,ORB_BOUNDARY
ICICIBANK,2026-03-04,BUY,2026-03-04 13:40:00,2026-03-04 13:45:00,13:45,1361.18025,1358.3,1326.0,32.299999999999955,1345.0302499999998,16.15000000000009,1393.48025,2026-03-04 15:25:00,1366.5,END_OF_DAY,False,2.5920697500001126,0.1604996749226067,ORB_50PCT
ICICIBANK,2026-03-04,BUY,2026-03-04 13:40:00,2026-03-04 13:45:00,13:45,1361.18025,1358.3,1326.0,32.299999999999955,1326.0,35.18024999999989,1431.5407499999997,2026-03-04 15:25:00,1366.5,END_OF_DAY,False,2.5920697500001126,0.07367968533481488,ORB_BOUNDARY
ICICIBANK,2026-03-05,BUY,2026-03-05 11:05:00,2026-03-05 11:10:00,11:10,1370.3848500000001,1368.9,1355.0,13.900000000000091,1363.43485,6.9500000000000455,1384.2848500000002,2026-03-05 11:25:00,1363.43485,STOP_LOSS,False,-9.683819700000045,-1.393355352517983,ORB_50PCT
ICICIBANK,2026-03-05,BUY,2026-03-05 11:05:00,2026-03-05 11:10:00,11:10,1370.3848500000001,1368.9,1355.0,13.900000000000091,1355.0,15.384850000000142,1401.1545500000004,2026-03-05 12:15:00,1355.0,STOP_LOSS,False,-18.110234850000143,-1.1771473137534636,ORB_BOUNDARY
ICICIBANK,2026-03-05,SELL,2026-03-05 13:15:00,2026-03-05 13:20:00,13:20,1353.9226999999998,1368.9,1355.0,13.900000000000091,1360.8727,6.9500000000000455,1340.0226999999998,2026-03-05 14:55:00,1360.8727,STOP_LOSS,False,-9.664795400000045,-1.3906180431654651,ORB_50PCT
ICICIBANK,2026-03-05,SELL,2026-03-05 13:15:00,2026-03-05 13:20:00,13:20,1353.9226999999998,1368.9,1355.0,13.900000000000091,1368.9,14.977300000000241,1323.9680999999994,2026-03-05 15:25:00,1353.3,END_OF_DAY,False,-2.0845227000001048,-0.1391788039232753,ORB_BOUNDARY
ICICIBANK,2026-03-06,SELL,2026-03-06 13:45:00,2026-03-06 13:50:00,13:50,1319.5399,1357.6,1320.3,37.299999999999955,1338.1898999999999,18.649999999999864,1282.2399000000003,2026-03-06 15:25:00,1315.1,END_OF_DAY,False,1.8052601000000794,0.09679678820375832,ORB_50PCT
ICICIBANK,2026-03-06,SELL,2026-03-06 13:45:00,2026-03-06 13:50:00,13:50,1319.5399,1357.6,1320.3,37.299999999999955,1357.6,38.06009999999992,1243.4197000000001,2026-03-06 15:25:00,1315.1,END_OF_DAY,False,1.8052601000000794,0.04743182755694502,ORB_BOUNDARY
ICICIBANK,2026-03-10,BUY,2026-03-10 10:15:00,2026-03-10 10:20:00,10:20,1302.651,1299.5,1285.6,13.900000000000091,1295.701,6.9500000000000455,1316.5510000000002,2026-03-10 15:25:00,1312.8,END_OF_DAY,False,7.533548999999887,1.083963884892063,ORB_50PCT
ICICIBANK,2026-03-10,BUY,2026-03-10 10:15:00,2026-03-10 10:20:00,10:20,1302.651,1299.5,1285.6,13.900000000000091,1285.6,17.05100000000016,1336.7530000000004,2026-03-10 15:25:00,1312.8,END_OF_DAY,False,7.533548999999887,0.4418244677731404,ORB_BOUNDARY
ICICIBANK,2026-03-11,SELL,2026-03-11 10:05:00,2026-03-11 10:10:00,10:10,1296.1516,1306.5,1297.0,9.5,1300.9016,4.75,1286.6516,2026-03-11 13:25:00,1300.9016,STOP_LOSS,False,-7.3470531999999995,-1.546748042105263,ORB_50PCT
ICICIBANK,2026-03-11,SELL,2026-03-11 10:05:00,2026-03-11 10:10:00,10:10,1296.1516,1306.5,1297.0,9.5,1306.5,10.348400000000083,1275.4547999999998,2026-03-11 15:25:00,1292.0,END_OF_DAY,False,1.5634483999999165,0.1510811719686042,ORB_BOUNDARY
ICICIBANK,2026-03-12,BUY,2026-03-12 10:35:00,2026-03-12 10:40:00,10:40,1278.0387,1276.7,1258.3,18.40000000000009,1268.8387,9.200000000000045,1296.4387000000002,2026-03-12 14:40:00,1268.8387,STOP_LOSS,False,-11.746877400000045,-1.2768344999999985,ORB_50PCT
ICICIBANK,2026-03-12,BUY,2026-03-12 10:35:00,2026-03-12 10:40:00,10:40,1278.0387,1276.7,1258.3,18.40000000000009,1258.3,19.738700000000108,1317.5161000000003,2026-03-12 15:25:00,1269.9,END_OF_DAY,False,-10.686638699999971,-0.5414053965053379,ORB_BOUNDARY
ICICIBANK,2026-03-13,BUY,2026-03-13 11:30:00,2026-03-13 11:35:00,11:35,1258.8291000000002,1256.7,1250.0,6.7000000000000455,1255.4791,3.3500000000001364,1265.5291000000004,2026-03-13 12:15:00,1255.4791,STOP_LOSS,False,-5.864308200000137,-1.7505397611939995,ORB_50PCT
ICICIBANK,2026-03-13,BUY,2026-03-13 11:30:00,2026-03-13 11:35:00,11:35,1258.8291000000002,1256.7,1250.0,6.7000000000000455,1250.0,8.829100000000153,1276.4873000000005,2026-03-13 12:40:00,1250.0,STOP_LOSS,False,-11.337929100000153,-1.2841545684158018,ORB_BOUNDARY
ICICIBANK,2026-03-13,BUY,2026-03-13 14:10:00,2026-03-13 14:15:00,14:15,1258.2287999999999,1256.7,1250.0,6.7000000000000455,1254.8788,3.349999999999909,1264.9287999999997,2026-03-13 15:05:00,1254.8788,STOP_LOSS,False,-5.863107599999909,-1.7501813731343485,ORB_50PCT
ICICIBANK,2026-03-13,BUY,2026-03-13 14:10:00,2026-03-13 14:15:00,14:15,1258.2287999999999,1256.7,1250.0,6.7000000000000455,1250.0,8.228799999999865,1274.6863999999996,2026-03-13 15:25:00,1254.0,END_OF_DAY,False,-6.741028799999865,-0.8191994944584843,ORB_BOUNDARY
ICICIBANK,2026-03-16,SELL,2026-03-16 10:20:00,2026-03-16 10:25:00,10:25,1243.67785,1258.3,1245.0,13.299999999999955,1250.3278500000001,6.650000000000091,1230.3778499999999,2026-03-16 11:20:00,1250.3278500000001,STOP_LOSS,False,-9.144005700000092,-1.3750384511278144,ORB_50PCT
ICICIBANK,2026-03-16,SELL,2026-03-16 10:20:00,2026-03-16 10:25:00,10:25,1243.67785,1258.3,1245.0,13.299999999999955,1258.3,14.62214999999992,1214.4335500000002,2026-03-16 13:50:00,1258.3,STOP_LOSS,False,-17.12412784999992,-1.1711087528167892,ORB_BOUNDARY
ICICIBANK,2026-03-16,BUY,2026-03-16 14:00:00,2026-03-16 14:05:00,14:05,1259.12925,1258.3,1245.0,13.299999999999955,1252.4792499999999,6.650000000000091,1272.4292500000001,2026-03-16 14:45:00,1272.4292500000001,TARGET,False,10.768441500000183,1.6193145112782008,ORB_50PCT
ICICIBANK,2026-03-16,BUY,2026-03-16 14:00:00,2026-03-16 14:05:00,14:05,1259.12925,1258.3,1245.0,13.299999999999955,1245.0,14.129249999999956,1287.3877499999999,2026-03-16 15:25:00,1267.6,END_OF_DAY,False,5.944020749999953,0.42068904931259415,ORB_BOUNDARY
ICICIBANK,2026-03-17,BUY,2026-03-17 09:40:00,2026-03-17 09:45:00,09:45,1285.0422,1282.2,1273.0,9.200000000000045,1280.4422,4.600000000000136,1294.2422000000004,2026-03-17 11:10:00,1280.4422,STOP_LOSS,False,-7.165484400000137,-1.5577139999999836,ORB_50PCT
ICICIBANK,2026-03-17,BUY,2026-03-17 09:40:00,2026-03-17 09:45:00,09:45,1285.0422,1282.2,1273.0,9.200000000000045,1273.0,12.042200000000093,1309.1266000000003,2026-03-17 15:25:00,1287.0,END_OF_DAY,False,-0.6142422000000933,-0.0510074737174344,ORB_BOUNDARY
ICICIBANK,2026-03-18,SELL,2026-03-18 09:35:00,2026-03-18 09:40:00,09:40,1275.7618,1290.1,1277.1,13.0,1282.2618,6.5,1262.7618,2026-03-18 10:50:00,1282.2618,STOP_LOSS,False,-9.0580236,-1.3935420923076924,ORB_50PCT
ICICIBANK,2026-03-18,SELL,2026-03-18 09:35:00,2026-03-18 09:40:00,09:40,1275.7618,1290.1,1277.1,13.0,1290.1,14.338199999999915,1247.0854000000002,2026-03-18 11:10:00,1290.1,STOP_LOSS,False,-16.904061799999916,-1.1789528532172808,ORB_BOUNDARY
ICICIBANK,2026-03-18,BUY,2026-03-18 11:20:00,2026-03-18 11:25:00,11:25,1290.8451,1290.1,1277.1,13.0,1284.3451,6.5,1303.8451,2026-03-18 15:25:00,1292.0,END_OF_DAY,False,-1.4279451000000023,-0.2196838615384619,ORB_50PCT
ICICIBANK,2026-03-18,BUY,2026-03-18 11:20:00,2026-03-18 11:25:00,11:25,1290.8451,1290.1,1277.1,13.0,1277.1,13.745100000000093,1318.3353000000002,2026-03-18 15:25:00,1292.0,END_OF_DAY,False,-1.4279451000000023,-0.10388757448108726,ORB_BOUNDARY
ICICIBANK,2026-03-19,SELL,2026-03-19 14:40:00,2026-03-19 14:45:00,14:45,1255.372,1285.9,1256.2,29.700000000000045,1270.2220000000002,14.850000000000136,1225.6719999999998,2026-03-19 15:25:00,1259.1,END_OF_DAY,False,-6.242471999999838,-0.42036848484847006,ORB_50PCT
ICICIBANK,2026-03-19,SELL,2026-03-19 14:40:00,2026-03-19 14:45:00,14:45,1255.372,1285.9,1256.2,29.700000000000045,1285.9,30.52800000000002,1194.316,2026-03-19 15:25:00,1259.1,END_OF_DAY,False,-6.242471999999838,-0.2044834905660323,ORB_BOUNDARY
ICICIBANK,2026-03-20,SELL,2026-03-20 12:20:00,2026-03-20 12:25:00,12:25,1255.5719000000001,1274.0,1258.4,15.599999999999909,1263.3719,7.7999999999999545,1239.9719000000002,2026-03-20 13:00:00,1263.3719,STOP_LOSS,False,-10.318943799999955,-1.3229415128205149,ORB_50PCT
ICICIBANK,2026-03-20,SELL,2026-03-20 12:20:00,2026-03-20 12:25:00,12:25,1255.5719000000001,1274.0,1258.4,15.599999999999909,1274.0,18.42809999999986,1218.7157000000004,2026-03-20 15:25:00,1249.8,END_OF_DAY,False,3.266528100000187,0.1772579972976168,ORB_BOUNDARY
ICICIBANK,2026-03-23,SELL,2026-03-23 09:55:00,2026-03-23 10:00:00,10:00,1222.68835,1234.9,1225.0,9.900000000000091,1227.63835,4.9500000000000455,1212.7883499999998,2026-03-23 10:45:00,1227.63835,STOP_LOSS,False,-7.400326700000045,-1.4950154949494903,ORB_50PCT
ICICIBANK,2026-03-23,SELL,2026-03-23 09:55:00,2026-03-23 10:00:00,10:00,1222.68835,1234.9,1225.0,9.900000000000091,1234.9,12.21165000000019,1198.2650499999995,2026-03-23 15:25:00,1225.0,END_OF_DAY,False,-4.7593383500001,-0.38973753342095663,ORB_BOUNDARY
ICICIBANK,2026-03-24,BUY,2026-03-24 09:30:00,2026-03-24 09:35:00,09:35,1242.12075,1241.3,1231.6,9.700000000000045,1237.2707500000001,4.849999999999909,1251.8207499999999,2026-03-24 10:20:00,1237.2707500000001,STOP_LOSS,False,-7.329391499999909,-1.5112147422680509,ORB_50PCT
ICICIBANK,2026-03-24,BUY,2026-03-24 09:30:00,2026-03-24 09:35:00,09:35,1242.12075,1241.3,1231.6,9.700000000000045,1231.6,10.520750000000135,1263.1622500000003,2026-03-24 10:35:00,1231.6,STOP_LOSS,False,-12.994470750000135,-1.235127795071641,ORB_BOUNDARY
ICICIBANK,2026-03-24,SELL,2026-03-24 10:50:00,2026-03-24 10:55:00,10:55,1228.88525,1241.3,1231.6,9.700000000000045,1233.7352500000002,4.850000000000136,1219.1852499999998,2026-03-24 12:25:00,1233.7352500000002,STOP_LOSS,False,-7.312620500000136,-1.507756804123697,ORB_50PCT
ICICIBANK,2026-03-24,SELL,2026-03-24 10:50:00,2026-03-24 10:55:00,10:55,1228.88525,1241.3,1231.6,9.700000000000045,1241.3,12.414749999999913,1204.0557500000002,2026-03-24 13:15:00,1241.3,STOP_LOSS,False,-14.884935249999913,-1.1989718077287113,ORB_BOUNDARY
ICICIBANK,2026-03-25,BUY,2026-03-25 10:25:00,2026-03-25 10:30:00,10:30,1266.4329,1265.1,1256.8,8.299999999999955,1262.2829000000002,4.149999999999864,1274.7328999999997,2026-03-25 13:55:00,1262.2829000000002,STOP_LOSS,False,-6.678715799999864,-1.609329108433755,ORB_50PCT
ICICIBANK,2026-03-25,BUY,2026-03-25 10:25:00,2026-03-25 10:30:00,10:30,1266.4329,1265.1,1256.8,8.299999999999955,1256.8,9.632900000000063,1285.6987000000001,2026-03-25 14:30:00,1256.8,STOP_LOSS,False,-12.156132900000063,-1.2619390733839222,ORB_BOUNDARY
ICICIBANK,2026-03-27,SELL,2026-03-27 11:15:00,2026-03-27 11:20:00,11:20,1246.07665,1260.9,1248.5,12.400000000000091,1252.27665,6.2000000000000455,1233.6766499999999,2026-03-27 12:35:00,1252.27665,STOP_LOSS,False,-8.698353300000045,-1.4029602096774163,ORB_50PCT
ICICIBANK,2026-03-27,SELL,2026-03-27 11:15:00,2026-03-27 11:20:00,11:20,1246.07665,1260.9,1248.5,12.400000000000091,1260.9,14.823350000000119,1216.4299499999997,2026-03-27 15:25:00,1237.9,END_OF_DAY,False,5.692673349999881,0.38403419942184697,ORB_BOUNDARY
ICICIBANK,2026-03-30,SELL,2026-03-30 15:00:00,2026-03-30 15:05:00,15:05,1202.4984499999998,1222.6,1206.0,16.59999999999991,1210.7984499999998,8.299999999999955,1185.89845,2026-03-30 15:25:00,1210.7984499999998,STOP_LOSS,False,-10.713296899999953,-1.2907586626506038,ORB_50PCT
ICICIBANK,2026-03-30,SELL,2026-03-30 15:00:00,2026-03-30 15:05:00,15:05,1202.4984499999998,1222.6,1206.0,16.59999999999991,1222.6,20.10155000000009,1162.2953499999996,2026-03-30 15:25:00,1211.8,END_OF_DAY,False,-11.715848450000134,-0.5828330874982318,ORB_BOUNDARY
ICICIBANK,2026-04-01,SELL,2026-04-01 09:30:00,2026-04-01 09:35:00,09:35,1220.0896500000001,1234.0,1221.2,12.799999999999955,1226.48965,6.399999999999864,1207.2896500000004,2026-04-01 09:45:00,1226.48965,STOP_LOSS,False,-8.846579299999863,-1.382278015625008,ORB_50PCT
ICICIBANK,2026-04-01,SELL,2026-04-01 09:30:00,2026-04-01 09:35:00,09:35,1220.0896500000001,1234.0,1221.2,12.799999999999955,1234.0,13.91034999999988,1192.2689500000004,2026-04-01 15:25:00,1213.0,END_OF_DAY,False,4.65656035000012,0.3347550816478493,ORB_BOUNDARY
ICICIBANK,2026-04-02,BUY,2026-04-02 10:10:00,2026-04-02 10:15:00,10:15,1201.10025,1197.7,1187.6,10.100000000000136,1196.0502499999998,5.050000000000182,1211.2002500000003,2026-04-02 10:30:00,1196.0502499999998,STOP_LOSS,False,-7.447150500000182,-1.4746832673267156,ORB_50PCT
ICICIBANK,2026-04-02,BUY,2026-04-02 10:10:00,2026-04-02 10:15:00,10:15,1201.10025,1197.7,1187.6,10.100000000000136,1187.6,13.500250000000051,1228.10075,2026-04-02 15:25:00,1216.5,END_OF_DAY,False,12.98214975000004,0.9616229143904736,ORB_BOUNDARY
ICICIBANK,2026-04-06,BUY,2026-04-06 12:45:00,2026-04-06 12:50:00,12:50,1217.0082,1215.0,1201.1,13.900000000000091,1210.0582,6.9500000000000455,1230.9082,2026-04-06 14:10:00,1230.9082,TARGET,False,11.45208360000009,1.6477818129496424,ORB_50PCT
ICICIBANK,2026-04-06,BUY,2026-04-06 12:45:00,2026-04-06 12:50:00,12:50,1217.0082,1215.0,1201.1,13.900000000000091,1201.1,15.908200000000079,1248.8246000000001,2026-04-06 15:25:00,1228.6,END_OF_DAY,False,9.146191799999922,0.5749356809695552,ORB_BOUNDARY
ICICIBANK,2026-04-07,BUY,2026-04-07 13:25:00,2026-04-07 13:30:00,13:30,1233.11625,1229.0,1216.6,12.400000000000091,1226.91625,6.2000000000000455,1245.5162500000001,2026-04-07 15:05:00,1245.5162500000001,TARGET,False,9.921367500000091,1.600220564516132,ORB_50PCT
ICICIBANK,2026-04-07,BUY,2026-04-07 13:25:00,2026-04-07 13:30:00,13:30,1233.11625,1229.0,1216.6,12.400000000000091,1216.6,16.516250000000127,1266.1487500000003,2026-04-07 15:25:00,1248.0,END_OF_DAY,False,12.402633749999964,0.7509352153182393,ORB_BOUNDARY
ICICIBANK,2026-04-09,SELL,2026-04-09 09:30:00,2026-04-09 09:35:00,09:35,1294.1526,1308.0,1296.5,11.5,1299.9026,5.75,1282.6526,2026-04-09 13:30:00,1282.6526,TARGET,False,8.923194800000001,1.5518599652173914,ORB_50PCT
ICICIBANK,2026-04-09,SELL,2026-04-09 09:30:00,2026-04-09 09:35:00,09:35,1294.1526,1308.0,1296.5,11.5,1308.0,13.847400000000107,1266.4577999999997,2026-04-09 15:25:00,1283.5,END_OF_DAY,False,8.074947399999893,0.5831381631208624,ORB_BOUNDARY
ICICIBANK,2026-04-10,BUY,2026-04-10 09:40:00,2026-04-10 09:45:00,09:45,1313.6565,1303.4,1288.5,14.900000000000091,1306.2065,7.4500000000000455,1328.5565000000001,2026-04-10 15:25:00,1322.0,END_OF_DAY,False,5.707843499999949,0.7661534899328745,ORB_50PCT
ICICIBANK,2026-04-10,BUY,2026-04-10 09:40:00,2026-04-10 09:45:00,09:45,1313.6565,1303.4,1288.5,14.900000000000091,1288.5,25.15650000000005,1363.9695000000002,2026-04-10 15:25:00,1322.0,END_OF_DAY,False,5.707843499999949,0.22689338739490542,ORB_BOUNDARY
ICICIBANK,2026-04-13,BUY,2026-04-13 09:45:00,2026-04-13 09:50:00,09:50,1308.55395,1306.3,1296.7,9.599999999999909,1303.75395,4.7999999999999545,1318.15395,2026-04-13 10:40:00,1318.15395,TARGET,False,6.9732920999999095,1.4527691874999948,ORB_50PCT
ICICIBANK,2026-04-13,BUY,2026-04-13 09:45:00,2026-04-13 09:50:00,09:50,1308.55395,1306.3,1296.7,9.599999999999909,1296.7,11.85394999999994,1332.2618499999999,2026-04-13 12:40:00,1332.2618499999999,TARGET,False,21.067084199999883,1.7772206057896303,ORB_BOUNDARY
ICICIBANK,2026-04-15,SELL,2026-04-15 09:30:00,2026-04-15 09:35:00,09:35,1349.9246999999998,1364.8,1351.1,13.700000000000045,1356.7747,6.850000000000136,1336.2246999999995,2026-04-15 15:25:00,1347.0,END_OF_DAY,False,0.22777529999980262,0.033251868613109206,ORB_50PCT
ICICIBANK,2026-04-15,SELL,2026-04-15 09:30:00,2026-04-15 09:35:00,09:35,1349.9246999999998,1364.8,1351.1,13.700000000000045,1364.8,14.875300000000152,1320.1740999999995,2026-04-15 15:25:00,1347.0,END_OF_DAY,False,0.22777529999980262,0.01531231639024425,ORB_BOUNDARY
ICICIBANK,2026-04-16,SELL,2026-04-16 12:00:00,2026-04-16 12:05:00,12:05,1350.1245999999999,1366.9,1352.0,14.900000000000091,1357.5746,7.4500000000000455,1335.2245999999998,2026-04-16 15:25:00,1343.9,END_OF_DAY,False,3.5305753999997824,0.47390273825500145,ORB_50PCT
ICICIBANK,2026-04-16,SELL,2026-04-16 12:00:00,2026-04-16 12:05:00,12:05,1350.1245999999999,1366.9,1352.0,14.900000000000091,1366.9,16.775400000000218,1316.5737999999994,2026-04-16 15:25:00,1343.9,END_OF_DAY,False,3.5305753999997824,0.21046147334786275,ORB_BOUNDARY
ICICIBANK,2026-04-17,SELL,2026-04-17 09:35:00,2026-04-17 09:40:00,09:40,1339.42995,1348.0,1340.2,7.7999999999999545,1343.3299499999998,3.8999999999998636,1331.6299500000002,2026-04-17 13:50:00,1343.3299499999998,STOP_LOSS,False,-6.582759899999864,-1.6878871538461782,ORB_50PCT
ICICIBANK,2026-04-17,SELL,2026-04-17 09:35:00,2026-04-17 09:40:00,09:40,1339.42995,1348.0,1340.2,7.7999999999999545,1348.0,8.570050000000037,1322.28985,2026-04-17 15:15:00,1348.0,STOP_LOSS,False,-11.257479950000038,-1.3135839289152325,ORB_BOUNDARY
ICICIBANK,2026-04-20,BUY,2026-04-20 09:30:00,2026-04-20 09:35:00,09:35,1374.0867,1371.9,1355.1,16.800000000000182,1365.6867,8.400000000000091,1390.8867000000002,2026-04-20 09:55:00,1365.6867,STOP_LOSS,False,-11.139773400000092,-1.3261634999999965,ORB_50PCT
ICICIBANK,2026-04-20,BUY,2026-04-20 09:30:00,2026-04-20 09:35:00,09:35,1374.0867,1371.9,1355.1,16.800000000000182,1355.1,18.986700000000155,1412.0601000000004,2026-04-20 13:20:00,1355.1,STOP_LOSS,False,-21.715886700000155,-1.143742024680433,ORB_BOUNDARY
ICICIBANK,2026-04-20,SELL,2026-04-20 14:35:00,2026-04-20 14:40:00,14:40,1354.4224499999998,1371.9,1355.1,16.800000000000182,1362.82245,8.400000000000091,1337.6224499999996,2026-04-20 15:25:00,1354.3,END_OF_DAY,False,-2.5862724500001555,-0.30788957738096756,ORB_50PCT
ICICIBANK,2026-04-20,SELL,2026-04-20 14:35:00,2026-04-20 14:40:00,14:40,1354.4224499999998,1371.9,1355.1,16.800000000000182,1371.9,17.477550000000292,1319.4673499999992,2026-04-20 15:25:00,1354.3,END_OF_DAY,False,-2.5862724500001555,-0.1479768302765612,ORB_BOUNDARY
ICICIBANK,2026-04-21,BUY,2026-04-21 10:40:00,2026-04-21 10:45:00,10:45,1380.8901,1379.8,1360.0,19.799999999999955,1370.9901,9.900000000000091,1400.6901000000003,2026-04-21 15:25:00,1385.6,END_OF_DAY,False,1.9434098999998342,0.19630403030301175,ORB_50PCT
ICICIBANK,2026-04-21,BUY,2026-04-21 10:40:00,2026-04-21 10:45:00,10:45,1380.8901,1379.8,1360.0,19.799999999999955,1360.0,20.890100000000075,1422.6703000000002,2026-04-21 15:25:00,1385.6,END_OF_DAY,False,1.9434098999998342,0.09303018654768656,ORB_BOUNDARY
ICICIBANK,2026-04-22,SELL,2026-04-22 09:30:00,2026-04-22 09:35:00,09:35,1369.315,1380.1,1370.2,9.899999999999864,1374.2649999999999,4.949999999999818,1359.4150000000004,2026-04-22 15:25:00,1367.8,END_OF_DAY,False,-1.2221149999998997,-0.246891919191908,ORB_50PCT
ICICIBANK,2026-04-22,SELL,2026-04-22 09:30:00,2026-04-22 09:35:00,09:35,1369.315,1380.1,1370.2,9.899999999999864,1380.1,10.784999999999854,1347.7450000000003,2026-04-22 15:25:00,1367.8,END_OF_DAY,False,-1.2221149999998997,-0.11331617987945444,ORB_BOUNDARY
ICICIBANK,2026-04-24,SELL,2026-04-24 09:50:00,2026-04-24 09:55:00,09:55,1333.63285,1348.8,1335.0,13.799999999999955,1340.53285,6.900000000000091,1319.8328499999998,2026-04-24 15:25:00,1325.7,END_OF_DAY,False,5.2735171499999165,0.7642778478260648,ORB_50PCT
ICICIBANK,2026-04-24,SELL,2026-04-24 09:50:00,2026-04-24 09:55:00,09:55,1333.63285,1348.8,1335.0,13.799999999999955,1348.8,15.167149999999992,1303.29855,2026-04-24 15:25:00,1325.7,END_OF_DAY,False,5.2735171499999165,0.347693347135086,ORB_BOUNDARY
ICICIBANK,2026-04-27,SELL,2026-04-27 10:20:00,2026-04-27 10:25:00,10:25,1321.339,1335.9,1326.1,9.800000000000182,1326.239,4.900000000000091,1311.5389999999998,2026-04-27 11:35:00,1311.5389999999998,TARGET,False,7.167122000000182,1.4626779591836834,ORB_50PCT
ICICIBANK,2026-04-27,SELL,2026-04-27 10:20:00,2026-04-27 10:25:00,10:25,1321.339,1335.9,1326.1,9.800000000000182,1335.9,14.56100000000015,1292.2169999999996,2026-04-27 15:25:00,1316.6,END_OF_DAY,False,2.101061000000033,0.14429372982624897,ORB_BOUNDARY
ICICIBANK,2026-04-28,SELL,2026-04-28 09:35:00,2026-04-28 09:40:00,09:40,1310.64435,1317.7,1312.0,5.7000000000000455,1313.49435,2.849999999999909,1304.9443500000002,2026-04-28 09:40:00,1313.49435,STOP_LOSS,False,-5.474138699999909,-1.920750421052661,ORB_50PCT
ICICIBANK,2026-04-28,SELL,2026-04-28 09:35:00,2026-04-28 09:40:00,09:40,1310.64435,1317.7,1312.0,5.7000000000000455,1317.7,7.055650000000014,1296.53305,2026-04-28 13:35:00,1296.53305,TARGET,False,11.504122600000029,1.6304837399814343,ORB_BOUNDARY
ICICIBANK,2026-04-29,SELL,2026-04-29 14:15:00,2026-04-29 14:20:00,14:20,1280.7593000000002,1296.8,1282.2,14.599999999999909,1288.0593000000001,7.2999999999999545,1266.1593000000003,2026-04-29 15:25:00,1279.0,END_OF_DAY,False,-0.8004592999998335,-0.10965195890408745,ORB_50PCT
ICICIBANK,2026-04-29,SELL,2026-04-29 14:15:00,2026-04-29 14:20:00,14:20,1280.7593000000002,1296.8,1282.2,14.599999999999909,1296.8,16.040699999999788,1248.6779000000006,2026-04-29 15:25:00,1279.0,END_OF_DAY,False,-0.8004592999998335,-0.04990176862604774,ORB_BOUNDARY
ICICIBANK,2026-04-30,BUY,2026-04-30 13:45:00,2026-04-30 13:50:00,13:50,1270.8351,1270.2,1260.0,10.200000000000045,1265.7350999999999,5.100000000000136,1281.0351000000003,2026-04-30 14:50:00,1265.7350999999999,STOP_LOSS,False,-7.636570200000136,-1.4973667058823397,ORB_50PCT
ICICIBANK,2026-04-30,BUY,2026-04-30 13:45:00,2026-04-30 13:50:00,13:50,1270.8351,1270.2,1260.0,10.200000000000045,1260.0,10.835100000000011,1292.5053,2026-04-30 15:25:00,1265.7,END_OF_DAY,False,-7.671635099999966,-0.7080354680621275,ORB_BOUNDARY
ICICIBANK,2026-05-04,BUY,2026-05-04 09:30:00,2026-05-04 09:35:00,09:35,1279.13925,1278.1,1264.3,13.799999999999955,1272.23925,6.899999999999864,1292.9392499999997,2026-05-04 12:10:00,1272.23925,STOP_LOSS,False,-9.451378499999864,-1.3697650000000074,ORB_50PCT
ICICIBANK,2026-05-04,BUY,2026-05-04 09:30:00,2026-05-04 09:35:00,09:35,1279.13925,1278.1,1264.3,13.799999999999955,1264.3,14.839249999999993,1308.81775,2026-05-04 15:25:00,1270.9,END_OF_DAY,False,-10.789289249999856,-0.7270778004279098,ORB_BOUNDARY
ICICIBANK,2026-05-05,SELL,2026-05-05 10:00:00,2026-05-05 10:05:00,10:05,1252.67335,1266.7,1255.1,11.600000000000136,1258.4733500000002,5.800000000000182,1241.0733499999997,2026-05-05 15:25:00,1250.9,END_OF_DAY,False,-0.7302233500000637,-0.12590057758621392,ORB_50PCT
ICICIBANK,2026-05-05,SELL,2026-05-05 10:00:00,2026-05-05 10:05:00,10:05,1252.67335,1266.7,1255.1,11.600000000000136,1266.7,14.026650000000018,1224.62005,2026-05-05 15:25:00,1250.9,END_OF_DAY,False,-0.7302233500000637,-0.05205971133521281,ORB_BOUNDARY
ICICIBANK,2026-05-06,SELL,2026-05-06 09:30:00,2026-05-06 09:35:00,09:35,1257.371,1269.4,1258.5,10.900000000000091,1262.8210000000001,5.4500000000000455,1246.471,2026-05-06 14:20:00,1262.8210000000001,STOP_LOSS,False,-7.970192000000045,-1.4624205504587118,ORB_50PCT
ICICIBANK,2026-05-06,SELL,2026-05-06 09:30:00,2026-05-06 09:35:00,09:35,1257.371,1269.4,1258.5,10.900000000000091,1269.4,12.028999999999996,1233.313,2026-05-06 14:25:00,1269.4,STOP_LOSS,False,-14.555770999999996,-1.2100566131848034,ORB_BOUNDARY
ICICIBANK,2026-05-07,BUY,2026-05-07 10:00:00,2026-05-07 10:05:00,10:05,1291.7455499999999,1288.1,1276.2,11.899999999999864,1285.7955499999998,5.9500000000000455,1303.64555,2026-05-07 11:20:00,1285.7955499999998,STOP_LOSS,False,-8.527541100000045,-1.4332001848739462,ORB_50PCT
ICICIBANK,2026-05-07,BUY,2026-05-07 10:00:00,2026-05-07 10:05:00,10:05,1291.7455499999999,1288.1,1276.2,11.899999999999864,1276.2,15.545549999999821,1322.8366499999995,2026-05-07 15:10:00,1276.2,STOP_LOSS,False,-18.113495549999822,-1.1651884655094242,ORB_BOUNDARY
ICICIBANK,2026-05-07,SELL,2026-05-07 15:20:00,2026-05-07 15:25:00,15:25,1275.06215,1288.1,1276.2,11.899999999999864,1281.01215,5.9500000000000455,1263.1621499999999,2026-05-07 15:25:00,1279.0,END_OF_DAY,False,-6.491912150000026,-1.0910776722689035,ORB_50PCT
ICICIBANK,2026-05-07,SELL,2026-05-07 15:20:00,2026-05-07 15:25:00,15:25,1275.06215,1288.1,1276.2,11.899999999999864,1288.1,13.037849999999935,1248.98645,2026-05-07 15:25:00,1279.0,END_OF_DAY,False,-6.491912150000026,-0.49792812081747057,ORB_BOUNDARY
ICICIBANK,2026-05-08,SELL,2026-05-08 10:50:00,2026-05-08 10:55:00,10:55,1265.86675,1279.6,1266.8,12.799999999999955,1272.2667499999998,6.399999999999864,1253.0667500000002,2026-05-08 15:25:00,1266.3,END_OF_DAY,False,-2.9654167500000437,-0.4633463671875167,ORB_50PCT
ICICIBANK,2026-05-08,SELL,2026-05-08 10:50:00,2026-05-08 10:55:00,10:55,1265.86675,1279.6,1266.8,12.799999999999955,1279.6,13.733249999999998,1238.40025,2026-05-08 15:25:00,1266.3,END_OF_DAY,False,-2.9654167500000437,-0.21592971437933803,ORB_BOUNDARY
ICICIBANK,2026-05-11,BUY,2026-05-11 10:50:00,2026-05-11 10:55:00,10:55,1263.6315,1262.8,1252.0,10.799999999999955,1258.2314999999999,5.400000000000091,1274.4315000000001,2026-05-11 12:55:00,1274.4315000000001,TARGET,False,8.26193700000018,1.529988333333341,ORB_50PCT
ICICIBANK,2026-05-11,BUY,2026-05-11 10:50:00,2026-05-11 10:55:00,10:55,1263.6315,1262.8,1252.0,10.799999999999955,1252.0,11.63149999999996,1286.8944999999999,2026-05-11 15:25:00,1267.2,END_OF_DAY,False,1.0376685000000854,0.08921192451533241,ORB_BOUNDARY
ICICIBANK,2026-05-12,SELL,2026-05-12 09:30:00,2026-05-12 09:35:00,09:35,1248.9751999999999,1259.9,1249.6,10.300000000000182,1254.1252,5.150000000000091,1238.6751999999997,2026-05-12 15:00:00,1238.6751999999997,TARGET,False,7.812349600000182,1.5169610873786494,ORB_50PCT
ICICIBANK,2026-05-12,SELL,2026-05-12 09:30:00,2026-05-12 09:35:00,09:35,1248.9751999999999,1259.9,1249.6,10.300000000000182,1259.9,10.924800000000232,1227.1255999999994,2026-05-12 15:25:00,1244.5,END_OF_DAY,False,1.981724799999859,0.18139689513765167,ORB_BOUNDARY
ICICIBANK,2026-05-13,SELL,2026-05-13 09:30:00,2026-05-13 09:35:00,09:35,1230.7843,1248.2,1234.3,13.900000000000091,1237.7343,6.9500000000000455,1216.8843,2026-05-13 10:20:00,1237.7343,STOP_LOSS,False,-9.418518600000045,-1.3551825323740982,ORB_50PCT
ICICIBANK,2026-05-13,SELL,2026-05-13 09:30:00,2026-05-13 09:35:00,09:35,1230.7843,1248.2,1234.3,13.900000000000091,1248.2,17.415700000000015,1195.9529,2026-05-13 12:55:00,1248.2,STOP_LOSS,False,-19.894684300000016,-1.1423419271117439,ORB_BOUNDARY
ICICIBANK,2026-05-14,SELL,2026-05-14 10:45:00,2026-05-14 10:50:00,10:50,1236.5814,1248.8,1239.1,9.700000000000045,1241.4314,4.849999999999909,1226.8814000000002,2026-05-14 11:20:00,1241.4314,STOP_LOSS,False,-7.328012799999909,-1.5109304742268137,ORB_50PCT
ICICIBANK,2026-05-14,SELL,2026-05-14 10:45:00,2026-05-14 10:50:00,10:50,1236.5814,1248.8,1239.1,9.700000000000045,1248.8,12.218599999999924,1212.1442000000002,2026-05-14 11:35:00,1248.8,STOP_LOSS,False,-14.703981399999924,-1.20340967050235,ORB_BOUNDARY
ICICIBANK,2026-05-15,SELL,2026-05-15 15:05:00,2026-05-15 15:10:00,15:10,1242.27855,1258.0,1243.3,14.700000000000045,1249.62855,7.349999999999909,1227.5785500000002,2026-05-15 15:25:00,1247.9,END_OF_DAY,False,-8.111628550000095,-1.1036229319728157,ORB_50PCT
ICICIBANK,2026-05-15,SELL,2026-05-15 15:05:00,2026-05-15 15:10:00,15:10,1242.27855,1258.0,1243.3,14.700000000000045,1258.0,15.721450000000004,1210.83565,2026-05-15 15:25:00,1247.9,END_OF_DAY,False,-8.111628550000095,-0.5159593135493287,ORB_BOUNDARY
ICICIBANK,2026-05-18,BUY,2026-05-18 11:30:00,2026-05-18 11:35:00,11:35,1242.12075,1240.8,1232.0,8.799999999999955,1237.72075,4.400000000000091,1250.9207500000002,2026-05-18 11:45:00,1237.72075,STOP_LOSS,False,-6.879841500000091,-1.5636003409090793,ORB_50PCT
ICICIBANK,2026-05-18,BUY,2026-05-18 11:30:00,2026-05-18 11:35:00,11:35,1242.12075,1240.8,1232.0,8.799999999999955,1232.0,10.120750000000044,1262.3622500000001,2026-05-18 15:25:00,1251.7,END_OF_DAY,False,7.0854292500000025,0.7000893461452927,ORB_BOUNDARY
ICICIBANK,2026-05-19,SELL,2026-05-19 09:30:00,2026-05-19 09:35:00,09:35,1242.0786500000002,1256.3,1246.2,10.099999999999909,1247.12865,5.0499999999999545,1231.9786500000002,2026-05-19 09:50:00,1231.9786500000002,TARGET,False,7.625942699999909,1.5100876633663323,ORB_50PCT
ICICIBANK,2026-05-19,SELL,2026-05-19 09:30:00,2026-05-19 09:35:00,09:35,1242.0786500000002,1256.3,1246.2,10.099999999999909,1256.3,14.221349999999802,1213.6359500000005,2026-05-19 15:25:00,1242.5,END_OF_DAY,False,-2.905928649999848,-0.20433563972477214,ORB_BOUNDARY
ICICIBANK,2026-05-20,BUY,2026-05-20 09:30:00,2026-05-20 09:35:00,09:35,1233.51645,1230.7,1223.3,7.400000000000091,1229.81645,3.7000000000000455,1240.9164500000002,2026-05-20 09:55:00,1229.81645,STOP_LOSS,False,-6.1633329000000465,-1.6657656486486407,ORB_50PCT
ICICIBANK,2026-05-20,BUY,2026-05-20 09:30:00,2026-05-20 09:35:00,09:35,1233.51645,1230.7,1223.3,7.400000000000091,1223.3,10.216450000000123,1253.9493500000003,2026-05-20 15:25:00,1236.0,END_OF_DAY,False,0.0140335499999229,0.0013736229316369906,ORB_BOUNDARY
ICICIBANK,2026-05-21,SELL,2026-05-21 09:30:00,2026-05-21 09:35:00,09:35,1239.7798,1247.7,1241.1,6.600000000000136,1243.0798,3.2999999999999545,1233.1798000000001,2026-05-21 09:35:00,1243.0798,STOP_LOSS,False,-5.782859599999954,-1.7523816969697072,ORB_50PCT
ICICIBANK,2026-05-21,SELL,2026-05-21 09:30:00,2026-05-21 09:35:00,09:35,1239.7798,1247.7,1241.1,6.600000000000136,1247.7,7.9202000000000226,1223.9394,2026-05-21 11:40:00,1247.7,STOP_LOSS,False,-10.407679800000022,-1.3140678013181475,ORB_BOUNDARY
ICICIBANK,2026-05-21,SELL,2026-05-21 12:35:00,2026-05-21 12:40:00,12:40,1239.1801,1247.7,1241.1,6.600000000000136,1242.4801000000002,3.300000000000182,1232.5800999999997,2026-05-21 14:25:00,1242.4801000000002,STOP_LOSS,False,-5.781660200000182,-1.752018242424201,ORB_50PCT
ICICIBANK,2026-05-21,SELL,2026-05-21 12:35:00,2026-05-21 12:40:00,12:40,1239.1801,1247.7,1241.1,6.600000000000136,1247.7,8.519900000000007,1222.1403,2026-05-21 15:25:00,1244.4,END_OF_DAY,False,-7.703480100000053,-0.9041749433678853,ORB_BOUNDARY
ICICIBANK,2026-05-22,BUY,2026-05-22 09:30:00,2026-05-22 09:35:00,09:35,1265.13225,1261.2,1242.0,19.200000000000045,1255.5322500000002,9.599999999999909,1284.33225,2026-05-22 15:25:00,1267.2,END_OF_DAY,False,-0.4645822500000678,-0.04839398437500752,ORB_50PCT
ICICIBANK,2026-05-22,BUY,2026-05-22 09:30:00,2026-05-22 09:35:00,09:35,1265.13225,1261.2,1242.0,19.200000000000045,1242.0,23.132250000000113,1311.3967500000003,2026-05-22 15:25:00,1267.2,END_OF_DAY,False,-0.4645822500000678,-0.020083746717248236,ORB_BOUNDARY
ICICIBANK,2026-05-25,BUY,2026-05-25 14:20:00,2026-05-25 14:25:00,14:25,1285.14225,1284.3,1270.9,13.399999999999864,1278.44225,6.7000000000000455,1298.5422500000002,2026-05-25 15:25:00,1293.5,END_OF_DAY,False,5.779107749999897,0.8625533955223668,ORB_50PCT
ICICIBANK,2026-05-25,BUY,2026-05-25 14:20:00,2026-05-25 14:25:00,14:25,1285.14225,1284.3,1270.9,13.399999999999864,1270.9,14.242250000000013,1313.6267500000001,2026-05-25 15:25:00,1293.5,END_OF_DAY,False,5.779107749999897,0.4057721041267982,ORB_BOUNDARY
ICICIBANK,2026-05-26,BUY,2026-05-26 09:35:00,2026-05-26 09:40:00,09:40,1300.95015,1296.4,1282.9,13.5,1294.20015,6.75,1314.45015,2026-05-26 09:55:00,1294.20015,STOP_LOSS,False,-9.3451503,-1.384466711111111,ORB_50PCT
ICICIBANK,2026-05-26,BUY,2026-05-26 09:35:00,2026-05-26 09:40:00,09:40,1300.95015,1296.4,1282.9,13.5,1282.9,18.050149999999803,1337.0504499999995,2026-05-26 13:55:00,1282.9,STOP_LOSS,False,-20.634000149999803,-1.143148403198867,ORB_BOUNDARY
ICICIBANK,2026-05-26,SELL,2026-05-26 14:10:00,2026-05-26 14:15:00,14:15,1281.359,1296.4,1282.9,13.5,1288.109,6.75,1267.859,2026-05-26 15:25:00,1280.9,END_OF_DAY,False,-2.1032590000001674,-0.31159392592595075,ORB_50PCT
ICICIBANK,2026-05-26,SELL,2026-05-26 14:10:00,2026-05-26 14:15:00,14:15,1281.359,1296.4,1282.9,13.5,1296.4,15.041000000000167,1251.2769999999996,2026-05-26 15:25:00,1280.9,END_OF_DAY,False,-2.1032590000001674,-0.13983505086098957,ORB_BOUNDARY
ICICIBANK,2026-05-27,BUY,2026-05-27 10:10:00,2026-05-27 10:15:00,10:15,1288.644,1287.0,1275.2,11.799999999999955,1282.7440000000001,5.899999999999864,1300.4439999999997,2026-05-27 12:30:00,1282.7440000000001,STOP_LOSS,False,-8.471387999999862,-1.435828474576281,ORB_50PCT
ICICIBANK,2026-05-27,BUY,2026-05-27 10:10:00,2026-05-27 10:15:00,10:15,1288.644,1287.0,1275.2,11.799999999999955,1275.2,13.44399999999996,1315.532,2026-05-27 13:40:00,1275.2,STOP_LOSS,False,-16.00784399999996,-1.1907054448080934,ORB_BOUNDARY
ICICIBANK,2026-05-27,SELL,2026-05-27 14:05:00,2026-05-27 14:10:00,14:10,1271.66385,1287.0,1275.2,11.799999999999955,1277.56385,5.900000000000091,1259.8638499999997,2026-05-27 15:25:00,1272.5,END_OF_DAY,False,-3.3803138500000887,-0.5729345508474638,ORB_50PCT
ICICIBANK,2026-05-27,SELL,2026-05-27 14:05:00,2026-05-27 14:10:00,14:10,1271.66385,1287.0,1275.2,11.799999999999955,1287.0,15.336150000000089,1240.9915499999997,2026-05-27 15:25:00,1272.5,END_OF_DAY,False,-3.3803138500000887,-0.2204147618535336,ORB_BOUNDARY
ICICIBANK,2026-05-29,SELL,2026-05-29 09:50:00,2026-05-29 09:55:00,09:55,1273.86275,1287.8,1275.1,12.700000000000045,1280.2127500000001,6.350000000000136,1261.1627499999997,2026-05-29 10:15:00,1280.2127500000001,STOP_LOSS,False,-8.904075500000136,-1.4022166141732197,ORB_50PCT
ICICIBANK,2026-05-29,SELL,2026-05-29 09:50:00,2026-05-29 09:55:00,09:55,1273.86275,1287.8,1275.1,12.700000000000045,1287.8,13.937249999999949,1245.98825,2026-05-29 15:25:00,1259.0,END_OF_DAY,False,12.329887250000006,0.8846714559902457,ORB_BOUNDARY
ICICIBANK,2026-06-01,SELL,2026-06-01 11:30:00,2026-06-01 11:35:00,11:35,1249.4749499999998,1261.0,1251.1,9.900000000000091,1254.4249499999999,4.9500000000000455,1239.5749499999997,2026-06-01 14:05:00,1239.5749499999997,TARGET,False,7.4109501000000915,1.497161636363641,ORB_50PCT
ICICIBANK,2026-06-01,SELL,2026-06-01 11:30:00,2026-06-01 11:35:00,11:35,1249.4749499999998,1261.0,1251.1,9.900000000000091,1261.0,11.525050000000192,1226.4248499999994,2026-06-01 15:25:00,1238.6,END_OF_DAY,False,8.3868750499999,0.7277083439984867,ORB_BOUNDARY
ICICIBANK,2026-06-02,SELL,2026-06-02 09:45:00,2026-06-02 09:50:00,09:50,1226.68635,1235.8,1228.0,7.7999999999999545,1230.58635,3.900000000000091,1218.8863499999998,2026-06-02 10:25:00,1230.58635,STOP_LOSS,False,-6.357272700000091,-1.6300699230769085,ORB_50PCT
ICICIBANK,2026-06-02,SELL,2026-06-02 09:45:00,2026-06-02 09:50:00,09:50,1226.68635,1235.8,1228.0,7.7999999999999545,1235.8,9.113650000000007,1208.45905,2026-06-02 12:50:00,1235.8,STOP_LOSS,False,-11.576136350000008,-1.2701975992055872,ORB_BOUNDARY
ICICIBANK,2026-06-02,BUY,2026-06-02 13:25:00,2026-06-02 13:30:00,13:30,1236.618,1235.8,1228.0,7.7999999999999545,1232.7179999999998,3.900000000000091,1244.4180000000001,2026-06-02 14:15:00,1232.7179999999998,STOP_LOSS,False,-6.369336000000091,-1.6331630769230623,ORB_50PCT
ICICIBANK,2026-06-02,BUY,2026-06-02 13:25:00,2026-06-02 13:30:00,13:30,1236.618,1235.8,1228.0,7.7999999999999545,1228.0,8.617999999999938,1253.8539999999998,2026-06-02 14:40:00,1228.0,STOP_LOSS,False,-11.082617999999938,-1.2859849152935736,ORB_BOUNDARY
ICICIBANK,2026-06-03,SELL,2026-06-03 09:30:00,2026-06-03 09:35:00,09:35,1214.89225,1226.6,1217.3,9.299999999999955,1219.54225,4.649999999999864,1205.5922500000004,2026-06-03 10:15:00,1219.54225,STOP_LOSS,False,-7.084434499999864,-1.5235343010752842,ORB_50PCT
ICICIBANK,2026-06-03,SELL,2026-06-03 09:30:00,2026-06-03 09:35:00,09:35,1214.89225,1226.6,1217.3,9.299999999999955,1226.6,11.707749999999805,1191.4767500000005,2026-06-03 12:30:00,1226.6,STOP_LOSS,False,-14.149242249999805,-1.2085364181845393,ORB_BOUNDARY
ICICIBANK,2026-06-04,BUY,2026-06-04 09:40:00,2026-06-04 09:45:00,09:45,1243.6215,1242.4,1232.2,10.200000000000045,1238.5214999999998,5.100000000000136,1253.8215000000002,2026-06-04 10:45:00,1253.8215000000002,TARGET,False,7.702557000000272,1.51030529411766,ORB_50PCT
ICICIBANK,2026-06-04,BUY,2026-06-04 09:40:00,2026-06-04 09:45:00,09:45,1243.6215,1242.4,1232.2,10.200000000000045,1232.2,11.421499999999924,1266.4644999999998,2026-06-04 15:25:00,1253.0,END_OF_DAY,False,6.881878500000031,0.6025371886354749,ORB_BOUNDARY
ICICIBANK,2026-06-05,SELL,2026-06-05 10:35:00,2026-06-05 10:40:00,10:40,1249.87475,1263.4,1255.1,8.300000000000182,1254.02475,4.150000000000091,1241.5747499999998,2026-06-05 10:50:00,1254.02475,STOP_LOSS,False,-6.653899500000091,-1.6033492771084206,ORB_50PCT
ICICIBANK,2026-06-05,SELL,2026-06-05 10:35:00,2026-06-05 10:40:00,10:40,1249.87475,1263.4,1255.1,8.300000000000182,1263.4,13.525250000000142,1222.8242499999997,2026-06-05 12:20:00,1263.4,STOP_LOSS,False,-16.038524750000143,-1.1858209460083897,ORB_BOUNDARY
ICICIBANK,2026-06-09,BUY,2026-06-09 09:30:00,2026-06-09 09:35:00,09:35,1273.2362999999998,1269.8,1252.7,17.09999999999991,1264.6862999999998,8.549999999999955,1290.3362999999997,2026-06-09 10:55:00,1264.6862999999998,STOP_LOSS,False,-11.087922599999954,-1.2968330526315806,ORB_50PCT
ICICIBANK,2026-06-09,BUY,2026-06-09 09:30:00,2026-06-09 09:35:00,09:35,1273.2362999999998,1269.8,1252.7,17.09999999999991,1252.7,20.536299999999756,1314.3088999999993,2026-06-09 15:25:00,1273.8,END_OF_DAY,False,-1.9833362999998463,-0.09657710006183538,ORB_BOUNDARY
ICICIBANK,2026-06-10,BUY,2026-06-10 09:45:00,2026-06-10 09:50:00,09:50,1290.4449,1288.6,1271.3,17.299999999999955,1281.7948999999999,8.650000000000091,1307.7449000000001,2026-06-10 15:25:00,1293.0,END_OF_DAY,False,-0.02834489999996137,-0.003276867052018621,ORB_50PCT
ICICIBANK,2026-06-10,BUY,2026-06-10 09:45:00,2026-06-10 09:50:00,09:50,1290.4449,1288.6,1271.3,17.299999999999955,1271.3,19.144900000000007,1328.7347,2026-06-10 15:25:00,1293.0,END_OF_DAY,False,-0.02834489999996137,-0.0014805457328041075,ORB_BOUNDARY
ICICIBANK,2026-06-11,BUY,2026-06-11 09:35:00,2026-06-11 09:40:00,09:40,1303.3513500000001,1302.5,1286.5,16.0,1295.3513500000001,8.0,1319.3513500000001,2026-06-11 10:20:00,1319.3513500000001,TARGET,False,13.377297299999999,1.6721621624999998,ORB_50PCT
ICICIBANK,2026-06-11,BUY,2026-06-11 09:35:00,2026-06-11 09:40:00,09:40,1303.3513500000001,1302.5,1286.5,16.0,1286.5,16.85135000000014,1337.0540500000004,2026-06-11 15:25:00,1313.9,END_OF_DAY,False,7.931398649999952,0.4706684419942549,ORB_BOUNDARY
ICICIBANK,2026-06-12,SELL,2026-06-12 10:00:00,2026-06-12 10:05:00,10:05,1320.7393000000002,1338.8,1324.2,14.599999999999909,1328.0393000000001,7.2999999999999545,1306.1393000000003,2026-06-12 11:40:00,1328.0393000000001,STOP_LOSS,False,-9.948778599999955,-1.362846383561646,ORB_50PCT
ICICIBANK,2026-06-12,SELL,2026-06-12 10:00:00,2026-06-12 10:05:00,10:05,1320.7393000000002,1338.8,1324.2,14.599999999999909,1338.8,18.06069999999977,1284.6179000000006,2026-06-12 14:10:00,1338.8,STOP_LOSS,False,-20.72023929999977,-1.1472556047107827,ORB_BOUNDARY
ICICIBANK,2026-06-12,BUY,2026-06-12 14:15:00,2026-06-12 14:20:00,14:20,1339.96965,1338.8,1324.2,14.599999999999909,1332.66965,7.2999999999999545,1354.56965,2026-06-12 15:25:00,1340.0,END_OF_DAY,False,-2.6496196500000013,-0.3629615958904134,ORB_50PCT
ICICIBANK,2026-06-12,BUY,2026-06-12 14:15:00,2026-06-12 14:20:00,14:20,1339.96965,1338.8,1324.2,14.599999999999909,1324.2,15.769649999999956,1371.50895,2026-06-12 15:25:00,1340.0,END_OF_DAY,False,-2.6496196500000013,-0.1680201938533835,ORB_BOUNDARY
ICICIBANK,2026-06-15,SELL,2026-06-15 09:35:00,2026-06-15 09:40:00,09:40,1345.5269,1362.7,1347.0,15.700000000000045,1353.3769000000002,7.850000000000136,1329.8268999999998,2026-06-15 15:00:00,1329.8268999999998,TARGET,False,13.024646200000273,1.6591905987261206,ORB_50PCT
ICICIBANK,2026-06-15,SELL,2026-06-15 09:35:00,2026-06-15 09:40:00,09:40,1345.5269,1362.7,1347.0,15.700000000000045,1362.7,17.173099999999977,1311.1807000000001,2026-06-15 15:25:00,1328.0,END_OF_DAY,False,14.85337310000007,0.8649208995463888,ORB_BOUNDARY
ICICIBANK,2026-06-16,SELL,2026-06-16 10:00:00,2026-06-16 10:05:00,10:05,1326.23655,1334.9,1328.8,6.100000000000136,1329.2865500000003,3.050000000000182,1320.1365499999997,2026-06-16 10:20:00,1329.2865500000003,STOP_LOSS,False,-5.705523100000182,-1.870663311475358,ORB_50PCT
ICICIBANK,2026-06-16,SELL,2026-06-16 10:00:00,2026-06-16 10:05:00,10:05,1326.23655,1334.9,1328.8,6.100000000000136,1334.9,8.663450000000012,1308.90965,2026-06-16 15:00:00,1334.9,STOP_LOSS,False,-11.324586550000012,-1.3071682239754367,ORB_BOUNDARY
ICICIBANK,2026-06-16,BUY,2026-06-16 15:05:00,2026-06-16 15:10:00,15:10,1337.2683,1334.9,1328.8,6.100000000000136,1334.2183,3.0499999999999545,1343.3682999999999,2026-06-16 15:15:00,1334.2183,STOP_LOSS,False,-5.721486599999954,-1.8758972459016523,ORB_50PCT
ICICIBANK,2026-06-16,BUY,2026-06-16 15:05:00,2026-06-16 15:10:00,15:10,1337.2683,1334.9,1328.8,6.100000000000136,1328.8,8.4683,1354.2049,2026-06-16 15:25:00,1335.5,END_OF_DAY,False,-4.441068299999953,-0.5244344555577807,ORB_BOUNDARY
ICICIBANK,2026-06-17,BUY,2026-06-17 10:20:00,2026-06-17 10:25:00,10:25,1345.17225,1343.6,1337.2,6.399999999999864,1341.9722500000003,3.199999999999818,1351.5722499999997,2026-06-17 10:35:00,1341.9722500000003,STOP_LOSS,False,-5.887144499999819,-1.8397326562500478,ORB_50PCT
ICICIBANK,2026-06-17,BUY,2026-06-17 10:20:00,2026-06-17 10:25:00,10:25,1345.17225,1343.6,1337.2,6.399999999999864,1337.2,7.972250000000031,1361.1167500000001,2026-06-17 12:10:00,1337.2,STOP_LOSS,False,-10.654622250000031,-1.3364636394995126,ORB_BOUNDARY
ICICIBANK,2026-06-17,SELL,2026-06-17 14:20:00,2026-06-17 14:25:00,14:25,1335.5319,1343.6,1337.2,6.399999999999864,1338.7318999999998,3.199999999999818,1329.1319000000003,2026-06-17 15:25:00,1337.0,END_OF_DAY,False,-4.1406319000000495,-1.2939474687500891,ORB_50PCT
ICICIBANK,2026-06-17,SELL,2026-06-17 14:20:00,2026-06-17 14:25:00,14:25,1335.5319,1343.6,1337.2,6.399999999999864,1343.6,8.068099999999959,1319.3957,2026-06-17 15:25:00,1337.0,END_OF_DAY,False,-4.1406319000000495,-0.5132102849493773,ORB_BOUNDARY
ICICIBANK,2026-06-18,SELL,2026-06-18 10:35:00,2026-06-18 10:40:00,10:40,1331.334,1341.3,1333.6,7.7000000000000455,1335.1840000000002,3.8500000000001364,1323.6339999999998,2026-06-18 11:40:00,1335.1840000000002,STOP_LOSS,False,-6.516518000000136,-1.6926020779220534,ORB_50PCT
ICICIBANK,2026-06-18,SELL,2026-06-18 10:35:00,2026-06-18 10:40:00,10:40,1331.334,1341.3,1333.6,7.7000000000000455,1341.3,9.965999999999894,1311.4020000000003,2026-06-18 12:00:00,1341.3,STOP_LOSS,False,-12.638633999999895,-1.2681751956652647,ORB_BOUNDARY
ICICIBANK,2026-06-18,BUY,2026-06-18 14:55:00,2026-06-18 15:00:00,15:00,1342.17075,1341.3,1333.6,7.7000000000000455,1338.3207499999999,3.8500000000001364,1349.8707500000003,2026-06-18 15:25:00,1341.0,END_OF_DAY,False,-3.8539207499999986,-1.0010183766233407,ORB_50PCT
ICICIBANK,2026-06-18,BUY,2026-06-18 14:55:00,2026-06-18 15:00:00,15:00,1342.17075,1341.3,1333.6,7.7000000000000455,1333.6,8.57075000000009,1359.3122500000002,2026-06-18 15:25:00,1341.0,END_OF_DAY,False,-3.8539207499999986,-0.4496596855584352,ORB_BOUNDARY
ICICIBANK,2026-06-19,BUY,2026-06-19 10:40:00,2026-06-19 10:45:00,10:45,1347.57345,1346.8,1332.0,14.799999999999955,1340.1734500000002,7.399999999999864,1362.3734499999998,2026-06-19 15:25:00,1347.8,END_OF_DAY,False,-2.468823450000139,-0.3336247905405655,ORB_50PCT
ICICIBANK,2026-06-19,BUY,2026-06-19 10:40:00,2026-06-19 10:45:00,10:45,1347.57345,1346.8,1332.0,14.799999999999955,1332.0,15.573450000000093,1378.7203500000003,2026-06-19 15:25:00,1347.8,END_OF_DAY,False,-2.468823450000139,-0.15852771543878358,ORB_BOUNDARY
ICICIBANK,2026-06-22,BUY,2026-06-22 10:20:00,2026-06-22 10:25:00,10:25,1359.6795,1358.4,1348.4,10.0,1354.6795,5.0,1369.6795,2026-06-22 13:40:00,1354.6795,STOP_LOSS,False,-7.714359,-1.5428718,ORB_50PCT
ICICIBANK,2026-06-22,BUY,2026-06-22 10:20:00,2026-06-22 10:25:00,10:25,1359.6795,1358.4,1348.4,10.0,1348.4,11.27949999999987,1382.2384999999997,2026-06-22 15:25:00,1351.0,END_OF_DAY,False,-11.390179499999963,-1.0098124473602637,ORB_BOUNDARY
ICICIBANK,2026-06-23,BUY,2026-06-23 09:30:00,2026-06-23 09:35:00,09:35,1361.98065,1359.9,1354.2,5.7000000000000455,1359.13065,2.849999999999909,1367.6806499999998,2026-06-23 10:50:00,1367.6806499999998,TARGET,False,2.9703386999998185,1.0422241052631274,ORB_50PCT
ICICIBANK,2026-06-23,BUY,2026-06-23 09:30:00,2026-06-23 09:35:00,09:35,1361.98065,1359.9,1354.2,5.7000000000000455,1354.2,7.780649999999923,1377.5419499999998,2026-06-23 12:20:00,1354.2,STOP_LOSS,False,-10.496830649999923,-1.349094310886626,ORB_BOUNDARY
ICICIBANK,2026-06-23,SELL,2026-06-23 12:45:00,2026-06-23 12:50:00,12:50,1353.82275,1359.9,1354.2,5.7000000000000455,1356.6727500000002,2.8500000000001364,1348.1227499999998,2026-06-23 14:05:00,1348.1227499999998,TARGET,False,2.998054500000273,1.0519489473684664,ORB_50PCT
ICICIBANK,2026-06-23,SELL,2026-06-23 12:45:00,2026-06-23 12:50:00,12:50,1353.82275,1359.9,1354.2,5.7000000000000455,1359.9,6.077250000000049,1341.66825,2026-06-23 15:00:00,1341.66825,TARGET,False,9.459009000000098,1.5564620510921916,ORB_BOUNDARY
ICICIBANK,2026-06-24,BUY,2026-06-24 09:30:00,2026-06-24 09:35:00,09:35,1363.18125,1361.1,1340.6,20.5,1352.93125,10.25,1383.68125,2026-06-24 15:25:00,1372.0,END_OF_DAY,False,6.083568749999909,0.5935189024390155,ORB_50PCT
ICICIBANK,2026-06-24,BUY,2026-06-24 09:30:00,2026-06-24 09:35:00,09:35,1363.18125,1361.1,1340.6,20.5,1340.6,22.581250000000182,1408.3437500000005,2026-06-24 15:25:00,1372.0,END_OF_DAY,False,6.083568749999909,0.26940797121505056,ORB_BOUNDARY
ICICIBANK,2026-06-25,BUY,2026-06-25 09:55:00,2026-06-25 10:00:00,10:00,1391.2953,1390.5,1380.1,10.400000000000091,1386.0953,5.2000000000000455,1401.6953,2026-06-25 10:30:00,1386.0953,STOP_LOSS,False,-7.977390600000046,-1.5341135769230723,ORB_50PCT
ICICIBANK,2026-06-25,BUY,2026-06-25 09:55:00,2026-06-25 10:00:00,10:00,1391.2953,1390.5,1380.1,10.400000000000091,1380.1,11.195300000000088,1413.6859000000002,2026-06-25 15:25:00,1387.0,END_OF_DAY,False,-7.073595299999997,-0.6318361544576689,ORB_BOUNDARY
ICICIBANK,2026-06-29,SELL,2026-06-29 09:30:00,2026-06-29 09:35:00,09:35,1382.9081999999999,1402.0,1387.6,14.400000000000091,1390.1082,7.2000000000000455,1368.5081999999998,2026-06-29 09:40:00,1390.1082,STOP_LOSS,False,-9.973016400000045,-1.3851411666666642,ORB_50PCT
ICICIBANK,2026-06-29,SELL,2026-06-29 09:30:00,2026-06-29 09:35:00,09:35,1382.9081999999999,1402.0,1387.6,14.400000000000091,1402.0,19.09180000000015,1344.7245999999996,2026-06-29 15:25:00,1388.0,END_OF_DAY,False,-7.8627082000001485,-0.4118369247530399,ORB_BOUNDARY
ICICIBANK,2026-06-30,SELL,2026-06-30 09:45:00,2026-06-30 09:50:00,09:50,1384.5074,1402.0,1388.6,13.400000000000091,1391.2074,6.7000000000000455,1371.1073999999999,2026-06-30 14:00:00,1371.1073999999999,TARGET,False,10.644385200000091,1.5887142089552266,ORB_50PCT
ICICIBANK,2026-06-30,SELL,2026-06-30 09:45:00,2026-06-30 09:50:00,09:50,1384.5074,1402.0,1388.6,13.400000000000091,1402.0,17.49260000000004,1349.5221999999999,2026-06-30 15:25:00,1379.9,END_OF_DAY,False,1.8429925999998704,0.1053584144152308,ORB_BOUNDARY
ICICIBANK,2026-07-01,BUY,2026-07-01 10:05:00,2026-07-01 10:10:00,10:10,1375.0872000000002,1374.8,1367.7,7.099999999999909,1371.5372000000002,3.5499999999999545,1382.1872,2026-07-01 10:55:00,1371.5372000000002,STOP_LOSS,False,-6.296624399999955,-1.7736970140845172,ORB_50PCT
ICICIBANK,2026-07-01,BUY,2026-07-01 10:05:00,2026-07-01 10:10:00,10:10,1375.0872000000002,1374.8,1367.7,7.099999999999909,1367.7,7.387200000000121,1389.8616000000004,2026-07-01 15:25:00,1377.6,END_OF_DAY,False,-0.23988720000025765,-0.03247335932427087,ORB_BOUNDARY
ICICIBANK,2026-07-02,BUY,2026-07-02 09:30:00,2026-07-02 09:35:00,09:35,1391.6955,1388.0,1376.8,11.200000000000045,1386.0955,5.600000000000136,1402.8955000000003,2026-07-02 10:10:00,1386.0955,STOP_LOSS,False,-8.377791000000137,-1.4960341071428451,ORB_50PCT
ICICIBANK,2026-07-02,BUY,2026-07-02 09:30:00,2026-07-02 09:35:00,09:35,1391.6955,1388.0,1376.8,11.200000000000045,1376.8,14.895500000000084,1421.4865000000002,2026-07-02 15:25:00,1401.9,END_OF_DAY,False,7.410904500000052,0.4975264005907832,ORB_BOUNDARY
ICICIBANK,2026-07-07,SELL,2026-07-07 12:35:00,2026-07-07 12:40:00,12:40,1418.4904000000001,1433.0,1421.4,11.599999999999909,1424.2904,5.7999999999999545,1406.8904000000002,2026-07-07 15:25:00,1412.0,END_OF_DAY,False,3.6599096000001357,0.6310188965517525,ORB_50PCT
ICICIBANK,2026-07-07,SELL,2026-07-07 12:35:00,2026-07-07 12:40:00,12:40,1418.4904000000001,1433.0,1421.4,11.599999999999909,1433.0,14.509599999999864,1389.4712000000004,2026-07-07 15:25:00,1412.0,END_OF_DAY,False,3.6599096000001357,0.2522405579754211,ORB_BOUNDARY
ICICIBANK,2026-07-08,BUY,2026-07-08 09:45:00,2026-07-08 09:50:00,09:50,1417.4083500000002,1416.1,1410.3,5.7999999999999545,1414.50835,2.900000000000091,1423.2083500000003,2026-07-08 09:55:00,1414.50835,STOP_LOSS,False,-5.731916700000092,-1.9765229999999696,ORB_50PCT
ICICIBANK,2026-07-08,BUY,2026-07-08 09:45:00,2026-07-08 09:50:00,09:50,1417.4083500000002,1416.1,1410.3,5.7999999999999545,1410.3,7.1083500000002005,1431.6250500000006,2026-07-08 11:15:00,1410.3,STOP_LOSS,False,-9.9360583500002,-1.397800945367057,ORB_BOUNDARY
ICICIBANK,2026-07-09,BUY,2026-07-09 09:50:00,2026-07-09 09:55:00,09:55,1399.3993500000001,1398.0,1381.4,16.59999999999991,1391.0993500000002,8.299999999999955,1415.99935,2026-07-09 10:45:00,1391.0993500000002,STOP_LOSS,False,-11.090498699999955,-1.3362046626506043,ORB_50PCT
ICICIBANK,2026-07-09,BUY,2026-07-09 09:50:00,2026-07-09 09:55:00,09:55,1399.3993500000001,1398.0,1381.4,16.59999999999991,1381.4,17.99935000000005,1435.3980500000002,2026-07-09 14:10:00,1381.4,STOP_LOSS,False,-20.78014935000005,-1.154494431743368,ORB_BOUNDARY
ICICIBANK,2026-07-09,SELL,2026-07-09 15:00:00,2026-07-09 15:05:00,15:05,1379.31,1398.0,1381.4,16.59999999999991,1387.61,8.299999999999955,1362.71,2026-07-09 15:25:00,1383.7,END_OF_DAY,False,-7.1530100000001005,-0.8618084337349566,ORB_50PCT
ICICIBANK,2026-07-09,SELL,2026-07-09 15:00:00,2026-07-09 15:05:00,15:05,1379.31,1398.0,1381.4,16.59999999999991,1398.0,18.690000000000055,1341.9299999999998,2026-07-09 15:25:00,1383.7,END_OF_DAY,False,-7.1530100000001005,-0.3827185660781209,ORB_BOUNDARY
ICICIBANK,2026-07-10,BUY,2026-07-10 09:30:00,2026-07-10 09:35:00,09:35,1405.40235,1403.0,1389.6,13.400000000000091,1398.70235,6.7000000000000455,1418.8023500000002,2026-07-10 13:05:00,1398.70235,STOP_LOSS,False,-9.504104700000045,-1.418523089552236,ORB_50PCT
ICICIBANK,2026-07-10,BUY,2026-07-10 09:30:00,2026-07-10 09:35:00,09:35,1405.40235,1403.0,1389.6,13.400000000000091,1389.6,15.80235000000016,1437.0070500000004,2026-07-10 15:25:00,1401.2,END_OF_DAY,False,-7.008952350000024,-0.4435386097637347,ORB_BOUNDARY
ICICIBANK,2026-07-13,BUY,2026-07-13 09:45:00,2026-07-13 09:50:00,09:50,1397.8986,1393.5,1386.3,7.2000000000000455,1394.2986,3.599999999999909,1405.0985999999998,2026-07-13 10:25:00,1405.0985999999998,TARGET,False,4.397002799999818,1.221389666666647,ORB_50PCT
ICICIBANK,2026-07-13,BUY,2026-07-13 09:45:00,2026-07-13 09:50:00,09:50,1397.8986,1393.5,1386.3,7.2000000000000455,1386.3,11.598600000000033,1421.0958,2026-07-13 15:25:00,1406.8,END_OF_DAY,False,6.096701399999967,0.5256411463452442,ORB_BOUNDARY
ICICIBANK,2026-07-14,SELL,2026-07-14 09:50:00,2026-07-14 09:55:00,09:55,1393.20305,1402.5,1393.5,9.0,1397.70305,4.5,1384.20305,2026-07-14 10:40:00,1397.70305,STOP_LOSS,False,-7.290906100000001,-1.6202013555555557,ORB_50PCT
ICICIBANK,2026-07-14,SELL,2026-07-14 09:50:00,2026-07-14 09:55:00,09:55,1393.20305,1402.5,1393.5,9.0,1402.5,9.296949999999924,1374.6091500000002,2026-07-14 10:45:00,1402.5,STOP_LOSS,False,-12.092653049999925,-1.3007118517363245,ORB_BOUNDARY
ICICIBANK,2026-07-14,BUY,2026-07-14 13:45:00,2026-07-14 13:50:00,13:50,1404.3018,1402.5,1393.5,9.0,1399.8018,4.5,1413.3018,2026-07-14 15:25:00,1406.4,END_OF_DAY,False,-0.7125017999998664,-0.15833373333330364,ORB_50PCT
ICICIBANK,2026-07-14,BUY,2026-07-14 13:45:00,2026-07-14 13:50:00,13:50,1404.3018,1402.5,1393.5,9.0,1393.5,10.801799999999957,1425.9053999999999,2026-07-14 15:25:00,1406.4,END_OF_DAY,False,-0.7125017999998664,-0.06596139532298961,ORB_BOUNDARY
ICICIBANK,2026-07-16,SELL,2026-07-16 09:55:00,2026-07-16 10:00:00,10:00,1411.39395,1423.7,1413.2,10.5,1416.64395,5.25,1400.89395,2026-07-16 10:55:00,1416.64395,STOP_LOSS,False,-8.0780379,-1.5386738857142856,ORB_50PCT
ICICIBANK,2026-07-16,SELL,2026-07-16 09:55:00,2026-07-16 10:00:00,10:00,1411.39395,1423.7,1413.2,10.5,1423.7,12.306050000000141,1386.7818499999996,2026-07-16 15:25:00,1418.0,END_OF_DAY,False,-9.435443950000096,-0.7667321317563303,ORB_BOUNDARY
ICICIBANK,2026-07-17,BUY,2026-07-17 10:15:00,2026-07-17 10:20:00,10:20,1432.61595,1431.5,1419.7,11.799999999999955,1426.7159500000002,5.899999999999864,1444.4159499999998,2026-07-17 14:15:00,1444.4159499999998,TARGET,False,8.922968099999727,1.5123674745762599,ORB_50PCT
ICICIBANK,2026-07-17,BUY,2026-07-17 10:15:00,2026-07-17 10:20:00,10:20,1432.61595,1431.5,1419.7,11.799999999999955,1419.7,12.915950000000066,1458.4478500000002,2026-07-17 15:25:00,1454.0,END_OF_DAY,False,18.49743404999989,1.4321388709308873,ORB_BOUNDARY
ICICIBANK,2026-07-20,SELL,2026-07-20 09:40:00,2026-07-20 09:45:00,09:45,1443.3779499999998,1480.0,1444.5,35.5,1461.1279499999998,17.75,1407.8779499999998,2026-07-20 10:45:00,1461.1279499999998,STOP_LOSS,False,-20.6545059,-1.1636341352112676,ORB_50PCT
ICICIBANK,2026-07-20,SELL,2026-07-20 09:40:00,2026-07-20 09:45:00,09:45,1443.3779499999998,1480.0,1444.5,35.5,1480.0,36.62205000000017,1370.1338499999995,2026-07-20 15:25:00,1460.3,END_OF_DAY,False,-19.825727950000125,-0.5413604085516794,ORB_BOUNDARY
ICICIBANK,2026-07-21,SELL,2026-07-21 09:35:00,2026-07-21 09:40:00,09:40,1460.56935,1473.9,1465.6,8.300000000000182,1464.71935,4.150000000000091,1452.2693499999998,2026-07-21 11:00:00,1464.71935,STOP_LOSS,False,-7.075288700000091,-1.7048888433734786,ORB_50PCT
ICICIBANK,2026-07-21,SELL,2026-07-21 09:35:00,2026-07-21 09:40:00,09:40,1460.56935,1473.9,1465.6,8.300000000000182,1473.9,13.330650000000105,1433.9080499999998,2026-07-21 15:25:00,1463.1,END_OF_DAY,False,-5.454319349999924,-0.4091562939541494,ORB_BOUNDARY
ICICIBANK,2026-07-22,SELL,2026-07-22 09:30:00,2026-07-22 09:35:00,09:35,1446.77625,1466.4,1449.1,17.300000000000182,1455.42625,8.650000000000091,1429.4762499999997,2026-07-22 15:25:00,1439.7,END_OF_DAY,False,4.189773749999846,0.48436690751442796,ORB_50PCT
ICICIBANK,2026-07-22,SELL,2026-07-22 09:30:00,2026-07-22 09:35:00,09:35,1446.77625,1466.4,1449.1,17.300000000000182,1466.4,19.6237500000002,1407.5287499999995,2026-07-22 15:25:00,1439.7,END_OF_DAY,False,4.189773749999846,0.21350525511178053,ORB_BOUNDARY
ICICIBANK,2026-07-23,SELL,2026-07-23 12:35:00,2026-07-23 12:40:00,12:40,1431.78375,1446.0,1432.5,13.5,1438.53375,6.75,1418.28375,2026-07-23 15:25:00,1433.4,END_OF_DAY,False,-4.481433750000036,-0.6639161111111165,ORB_50PCT
ICICIBANK,2026-07-23,SELL,2026-07-23 12:35:00,2026-07-23 12:40:00,12:40,1431.78375,1446.0,1432.5,13.5,1446.0,14.216249999999945,1403.3512500000002,2026-07-23 15:25:00,1433.4,END_OF_DAY,False,-4.481433750000036,-0.315233183856506,ORB_BOUNDARY
ICICIBANK,2026-07-24,SELL,2026-07-24 09:40:00,2026-07-24 09:45:00,09:45,1423.0881,1432.0,1423.8,8.200000000000045,1427.1880999999998,4.099999999999909,1414.8881000000001,2026-07-24 12:00:00,1427.1880999999998,STOP_LOSS,False,-6.950276199999909,-1.695189317073186,ORB_50PCT
ICICIBANK,2026-07-24,SELL,2026-07-24 09:40:00,2026-07-24 09:45:00,09:45,1423.0881,1432.0,1423.8,8.200000000000045,1432.0,8.91190000000006,1405.2642999999998,2026-07-24 12:25:00,1432.0,STOP_LOSS,False,-11.76698810000006,-1.3203680584387145,ORB_BOUNDARY
ICICIBANK,2026-07-24,BUY,2026-07-24 15:15:00,2026-07-24 15:20:00,15:20,1434.01665,1432.0,1423.8,8.200000000000045,1429.9166500000001,4.099999999999909,1442.2166499999998,2026-07-24 15:25:00,1436.0,END_OF_DAY,False,-0.8866666500000271,-0.21626015853659677,ORB_50PCT
ICICIBANK,2026-07-24,BUY,2026-07-24 15:15:00,2026-07-24 15:20:00,15:20,1434.01665,1432.0,1423.8,8.200000000000045,1423.8,10.216650000000072,1454.4499500000002,2026-07-24 15:25:00,1436.0,END_OF_DAY,False,-0.8866666500000271,-0.08678643684573914,ORB_BOUNDARY
ICICIBANK,2026-07-27,BUY,2026-07-27 13:40:00,2026-07-27 13:45:00,13:45,1440.5199,1439.6,1429.2,10.399999999999864,1435.3199,5.2000000000000455,1450.9199,2026-07-27 15:25:00,1445.5,END_OF_DAY,False,2.0940800999999927,0.4027077115384566,ORB_50PCT
ICICIBANK,2026-07-27,BUY,2026-07-27 13:40:00,2026-07-27 13:45:00,13:45,1440.5199,1439.6,1429.2,10.399999999999864,1429.2,11.319899999999961,1463.1597,2026-07-27 15:25:00,1445.5,END_OF_DAY,False,2.0940800999999927,0.18499104232369543,ORB_BOUNDARY
ICICIBANK,2026-07-28,BUY,2026-07-28 09:35:00,2026-07-28 09:40:00,09:40,1445.7225,1445.3,1440.3,5.0,1443.2225,2.5,1450.7225,2026-07-28 09:40:00,1443.2225,STOP_LOSS,False,-5.388945,-2.1555779999999998,ORB_50PCT
ICICIBANK,2026-07-28,BUY,2026-07-28 09:35:00,2026-07-28 09:40:00,09:40,1445.7225,1445.3,1440.3,5.0,1440.3,5.422500000000127,1456.5675000000003,2026-07-28 09:50:00,1440.3,STOP_LOSS,False,-8.308522500000127,-1.5322309820193512,ORB_BOUNDARY
ICICIBANK,2026-07-28,SELL,2026-07-28 10:00:00,2026-07-28 10:05:00,10:05,1439.1800500000002,1445.3,1440.3,5.0,1441.6800500000002,2.5,1434.1800500000002,2026-07-28 10:45:00,1434.1800500000002,TARGET,False,2.1266399,0.8506559599999999,ORB_50PCT
ICICIBANK,2026-07-28,SELL,2026-07-28 10:00:00,2026-07-28 10:05:00,10:05,1439.1800500000002,1445.3,1440.3,5.0,1445.3,6.11994999999979,1426.9401500000006,2026-07-28 12:55:00,1426.9401500000006,TARGET,False,9.373779799999578,1.5316758797048833,ORB_BOUNDARY
ICICIBANK,2026-07-28,SELL,2026-07-28 15:20:00,2026-07-28 15:25:00,15:25,1425.0871,1445.3,1440.3,5.0,1427.5871,2.5,1420.0871,2026-07-28 15:25:00,1427.5871,STOP_LOSS,True,-5.3526742,-2.14106968,ORB_50PCT
ICICIBANK,2026-07-28,SELL,2026-07-28 15:20:00,2026-07-28 15:25:00,15:25,1425.0871,1445.3,1440.3,5.0,1445.3,20.21289999999999,1384.6613,2026-07-28 15:25:00,1418.0,END_OF_DAY,False,4.244012899999964,0.20996556159680035,ORB_BOUNDARY
ICICIBANK,2026-07-30,BUY,2026-07-30 15:20:00,2026-07-30 15:25:00,15:25,1440.41985,1434.8,1423.8,11.0,1434.91985,5.5,1451.41985,2026-07-30 15:25:00,1434.91985,STOP_LOSS,False,-8.3753397,-1.5227890363636363,ORB_50PCT
ICICIBANK,2026-07-30,BUY,2026-07-30 15:20:00,2026-07-30 15:25:00,15:25,1440.41985,1434.8,1423.8,11.0,1423.8,16.619850000000042,1473.65955,2026-07-30 15:25:00,1429.5,END_OF_DAY,False,-13.789769849999997,-0.8297168656756807,ORB_BOUNDARY
ICICIBANK,2026-07-31,SELL,2026-07-31 10:05:00,2026-07-31 10:10:00,10:10,1432.6833000000001,1441.9,1434.3,7.600000000000136,1436.4833000000003,3.800000000000182,1425.0832999999998,2026-07-31 11:15:00,1436.4833000000003,STOP_LOSS,False,-6.669166600000183,-1.7550438421052272,ORB_50PCT
ICICIBANK,2026-07-31,SELL,2026-07-31 10:05:00,2026-07-31 10:10:00,10:10,1432.6833000000001,1441.9,1434.3,7.600000000000136,1441.9,9.216699999999946,1414.2499000000003,2026-07-31 15:25:00,1433.9,END_OF_DAY,False,-4.083283299999946,-0.443030943830218,ORB_BOUNDARY
ICICIBANK,2026-08-03,BUY,2026-08-03 09:30:00,2026-08-03 09:35:00,09:35,1448.0236499999999,1446.4,1433.0,13.400000000000091,1441.3236499999998,6.7000000000000455,1461.42365,2026-08-03 15:10:00,1444.3,END_OF_DAY,False,-6.615973649999907,-0.9874587537313226,ORB_50PCT
ICICIBANK,2026-08-03,BUY,2026-08-03 09:30:00,2026-08-03 09:35:00,09:35,1448.0236499999999,1446.4,1433.0,13.400000000000091,1433.0,15.023649999999861,1478.0709499999996,2026-08-03 15:10:00,1444.3,END_OF_DAY,False,-6.615973649999907,-0.44037059236603404,ORB_BOUNDARY
ICICIBANK,2026-08-04,BUY,2026-08-04 09:40:00,2026-08-04 09:45:00,09:45,1452.82605,1452.0,1443.1,8.900000000000091,1448.3760499999999,4.4500000000000455,1461.72605,2026-08-04 10:05:00,1448.3760499999999,STOP_LOSS,False,-7.3512021000000445,-1.6519555280898808,ORB_50PCT
ICICIBANK,2026-08-04,BUY,2026-08-04 09:40:00,2026-08-04 09:45:00,09:45,1452.82605,1452.0,1443.1,8.900000000000091,1443.1,9.726049999999987,1472.2781499999999,2026-08-04 11:40:00,1443.1,STOP_LOSS,False,-12.621976049999986,-1.2977494512160646,ORB_BOUNDARY
ICICIBANK,2026-08-04,SELL,2026-08-04 12:00:00,2026-08-04 12:05:00,12:05,1440.8791999999999,1452.0,1443.1,8.900000000000091,1445.3292,4.4500000000000455,1431.9791999999998,2026-08-04 13:30:00,1431.9791999999998,TARGET,False,6.027141600000091,1.3544138426966357,ORB_50PCT
ICICIBANK,2026-08-04,SELL,2026-08-04 12:00:00,2026-08-04 12:05:00,12:05,1440.8791999999999,1452.0,1443.1,8.900000000000091,1452.0,11.120800000000145,1418.6375999999996,2026-08-04 15:10:00,1440.0,END_OF_DAY,False,-2.0016792000001447,-0.17999417308108398,ORB_BOUNDARY
ICICIBANK,2026-08-05,SELL,2026-08-05 11:50:00,2026-08-05 11:55:00,11:55,1443.278,1454.6,1444.3,10.299999999999955,1448.4279999999999,5.149999999999864,1432.9780000000003,2026-08-05 13:05:00,1432.9780000000003,TARGET,False,7.423743999999727,1.4415036893203734,ORB_50PCT
ICICIBANK,2026-08-05,SELL,2026-08-05 11:50:00,2026-08-05 11:55:00,11:55,1443.278,1454.6,1444.3,10.299999999999955,1454.6,11.321999999999889,1420.6340000000002,2026-08-05 15:10:00,1443.6,END_OF_DAY,False,-3.208877999999889,-0.2834197138314715,ORB_BOUNDARY
ICICIBANK,2026-08-07,SELL,2026-08-07 10:35:00,2026-08-07 10:40:00,10:40,1448.8752,1455.0,1449.8,5.2000000000000455,1451.4751999999999,2.599999999999909,1443.6752000000001,2026-08-07 11:00:00,1443.6752000000001,TARGET,False,2.307449599999818,0.8874806153845763,ORB_50PCT
ICICIBANK,2026-08-07,SELL,2026-08-07 10:35:00,2026-08-07 10:40:00,10:40,1448.8752,1455.0,1449.8,5.2000000000000455,1455.0,6.12480000000005,1436.6255999999998,2026-08-07 12:15:00,1436.6255999999998,TARGET,False,9.364099200000101,1.5288824451410699,ORB_BOUNDARY
ICICIBANK,2026-08-10,SELL,2026-08-10 09:35:00,2026-08-10 09:40:00,09:40,1426.1865500000001,1441.9,1428.1,13.800000000000182,1433.0865500000002,6.900000000000091,1412.38655,2026-08-10 15:10:00,1428.2,END_OF_DAY,False,-4.867836549999921,-0.7054835579709937,ORB_50PCT
ICICIBANK,2026-08-10,SELL,2026-08-10 09:35:00,2026-08-10 09:40:00,09:40,1426.1865500000001,1441.9,1428.1,13.800000000000182,1441.9,15.713449999999966,1394.7596500000002,2026-08-10 15:10:00,1428.2,END_OF_DAY,False,-4.867836549999921,-0.30978789190151945,ORB_BOUNDARY
ICICIBANK,2026-08-11,SELL,2026-08-11 09:50:00,2026-08-11 09:55:00,09:55,1422.0886,1434.0,1422.8,11.200000000000045,1427.6886,5.599999999999909,1410.8886000000002,2026-08-11 15:10:00,1426.0,END_OF_DAY,False,-6.759488599999958,-1.207051535714298,ORB_50PCT
ICICIBANK,2026-08-11,SELL,2026-08-11 09:50:00,2026-08-11 09:55:00,09:55,1422.0886,1434.0,1422.8,11.200000000000045,1434.0,11.911399999999958,1398.2658000000001,2026-08-11 15:10:00,1426.0,END_OF_DAY,False,-6.759488599999958,-0.567480615208958,ORB_BOUNDARY
ICICIBANK,2026-08-12,BUY,2026-08-12 10:20:00,2026-08-12 10:25:00,10:25,1433.7165,1431.9,1418.6,13.300000000000182,1427.0665,6.650000000000091,1447.0165000000002,2026-08-12 10:55:00,1427.0665,STOP_LOSS,False,-9.51078300000009,-1.4301929323308211,ORB_50PCT
ICICIBANK,2026-08-12,BUY,2026-08-12 10:20:00,2026-08-12 10:25:00,10:25,1433.7165,1431.9,1418.6,13.300000000000182,1418.6,15.116500000000087,1463.9495000000002,2026-08-12 15:10:00,1426.1,END_OF_DAY,False,-10.476316500000088,-0.6930385009757568,ORB_BOUNDARY
ICICIBANK,2026-08-13,SELL,2026-08-13 09:30:00,2026-08-13 09:35:00,09:35,1415.292,1429.0,1416.5,12.5,1421.542,6.25,1402.792,2026-08-13 15:10:00,1410.9,END_OF_DAY,False,1.5658079999998251,0.25052927999997204,ORB_50PCT
ICICIBANK,2026-08-13,SELL,2026-08-13 09:30:00,2026-08-13 09:35:00,09:35,1415.292,1429.0,1416.5,12.5,1429.0,13.708000000000084,1387.8759999999997,2026-08-13 15:10:00,1410.9,END_OF_DAY,False,1.5658079999998251,0.11422585351618146,ORB_BOUNDARY
ICICIBANK,2026-08-14,BUY,2026-08-14 09:40:00,2026-08-14 09:45:00,09:45,1413.5064,1410.5,1401.0,9.5,1408.7564,4.75,1423.0064,2026-08-14 10:30:00,1408.7564,STOP_LOSS,False,-7.5722628,-1.594160589473684,ORB_50PCT
ICICIBANK,2026-08-14,BUY,2026-08-14 09:40:00,2026-08-14 09:45:00,09:45,1413.5064,1410.5,1401.0,9.5,1401.0,12.506399999999985,1438.5192,2026-08-14 15:10:00,1412.4,END_OF_DAY,False,-3.932306399999894,-0.314423527154089,ORB_BOUNDARY
TMPV,2025-08-18,BUY,2025-08-18 09:40:00,2025-08-18 09:45:00,09:45,469.484625,468.75,463.3,5.449999999999989,466.759625,2.724999999999966,474.9346249999999,2025-08-18 12:00:00,466.759625,STOP_LOSS,False,-3.661244249999966,-1.3435758715596373,ORB_50PCT
TMPV,2025-08-18,BUY,2025-08-18 09:40:00,2025-08-18 09:45:00,09:45,469.484625,468.75,463.3,5.449999999999989,463.3,6.184624999999983,481.85387499999996,2025-08-18 15:25:00,465.35,END_OF_DAY,False,-5.069459624999971,-0.8196874709460937,ORB_BOUNDARY
TMPV,2025-08-19,BUY,2025-08-19 09:45:00,2025-08-19 09:50:00,09:50,467.483625,466.95,463.45,3.5,465.733625,1.75,470.983625,2025-08-19 09:50:00,470.983625,TARGET,False,2.56153275,1.463733,ORB_50PCT
TMPV,2025-08-19,BUY,2025-08-19 09:45:00,2025-08-19 09:50:00,09:50,467.483625,466.95,463.45,3.5,463.45,4.033625000000029,475.5508750000001,2025-08-19 10:10:00,475.5508750000001,TARGET,False,7.124215500000058,1.7662066999287258,ORB_BOUNDARY
TMPV,2025-08-20,SELL,2025-08-20 09:35:00,2025-08-20 09:40:00,09:40,476.26175,482.5,477.15,5.350000000000023,478.93675,2.6750000000000114,470.91175,2025-08-20 15:25:00,475.05,END_OF_DAY,False,0.2604382499999949,0.0973600934579416,ORB_50PCT
TMPV,2025-08-20,SELL,2025-08-20 09:35:00,2025-08-20 09:40:00,09:40,476.26175,482.5,477.15,5.350000000000023,482.5,6.238249999999994,463.78525,2025-08-20 15:25:00,475.05,END_OF_DAY,False,0.2604382499999949,0.041748607381877155,ORB_BOUNDARY
TMPV,2025-08-21,SELL,2025-08-21 10:10:00,2025-08-21 10:15:00,10:15,475.712025,478.15,476.15,2.0,476.712025,1.0,473.712025,2025-08-21 11:35:00,476.712025,STOP_LOSS,False,-1.9524240499999999,-1.9524240499999999,ORB_50PCT
TMPV,2025-08-21,SELL,2025-08-21 10:10:00,2025-08-21 10:15:00,10:15,475.712025,478.15,476.15,2.0,478.15,2.4379749999999945,470.836075,2025-08-21 13:50:00,478.15,STOP_LOSS,False,-3.3918370249999943,-1.391251766322461,ORB_BOUNDARY
TMPV,2025-08-22,SELL,2025-08-22 09:30:00,2025-08-22 09:35:00,09:35,469.765,476.1,470.5,5.600000000000023,472.565,2.8000000000000114,464.16499999999996,2025-08-22 15:25:00,468.85,END_OF_DAY,False,-0.023615000000036357,-0.008433928571441521,ORB_50PCT
TMPV,2025-08-22,SELL,2025-08-22 09:30:00,2025-08-22 09:35:00,09:35,469.765,476.1,470.5,5.600000000000023,476.1,6.335000000000036,457.0949999999999,2025-08-22 15:25:00,468.85,END_OF_DAY,False,-0.023615000000036357,-0.0037277032359962466,ORB_BOUNDARY
TMPV,2025-08-25,BUY,2025-08-25 09:35:00,2025-08-25 09:40:00,09:40,472.185975,471.4,468.4,3.0,470.685975,1.5,475.185975,2025-08-25 15:25:00,472.4,END_OF_DAY,False,-0.7305609750000076,-0.48704065000000507,ORB_50PCT
TMPV,2025-08-25,BUY,2025-08-25 09:35:00,2025-08-25 09:40:00,09:40,472.185975,471.4,468.4,3.0,468.4,3.7859750000000076,479.757925,2025-08-25 15:25:00,472.4,END_OF_DAY,False,-0.7305609750000076,-0.19296508165003892,ORB_BOUNDARY
TMPV,2025-08-28,SELL,2025-08-28 09:45:00,2025-08-28 09:50:00,09:50,462.9684,468.1,463.45,4.650000000000034,465.2934,2.3250000000000455,458.3183999999999,2025-08-28 14:00:00,465.2934,STOP_LOSS,False,-3.2532618000000455,-1.3992523870967664,ORB_50PCT
TMPV,2025-08-28,SELL,2025-08-28 09:45:00,2025-08-28 09:50:00,09:50,462.9684,468.1,463.45,4.650000000000034,468.1,5.131600000000049,452.7051999999999,2025-08-28 14:10:00,468.1,STOP_LOSS,False,-6.062668400000049,-1.1814382258944562,ORB_BOUNDARY
TMPV,2025-08-29,SELL,2025-08-29 09:30:00,2025-08-29 09:35:00,09:35,460.919425,468.95,462.0,6.949999999999989,464.39442499999996,3.474999999999966,453.96942500000006,2025-08-29 10:40:00,464.39442499999996,STOP_LOSS,False,-4.400313849999966,-1.2662773669064775,ORB_50PCT
TMPV,2025-08-29,SELL,2025-08-29 09:30:00,2025-08-29 09:35:00,09:35,460.919425,468.95,462.0,6.949999999999989,468.95,8.030574999999999,444.858275,2025-08-29 15:25:00,460.95,END_OF_DAY,False,-0.9524444249999989,-0.11860227007406059,ORB_BOUNDARY
TMPV,2025-09-01,BUY,2025-09-01 11:15:00,2025-09-01 11:20:00,11:20,465.382575,464.55,461.65,2.900000000000034,463.93257499999993,1.4500000000000455,468.28257500000007,2025-09-01 12:20:00,468.28257500000007,TARGET,False,1.966334850000091,1.3560930000000202,ORB_50PCT
TMPV,2025-09-01,BUY,2025-09-01 11:15:00,2025-09-01 11:20:00,11:20,465.382575,464.55,461.65,2.900000000000034,461.65,3.732574999999997,472.84772499999997,2025-09-01 13:50:00,472.84772499999997,TARGET,False,6.526919699999994,1.7486372544423083,ORB_BOUNDARY
TMPV,2025-09-02,BUY,2025-09-02 10:25:00,2025-09-02 10:30:00,10:30,477.13845,476.45,472.15,4.300000000000011,474.98844999999994,2.150000000000034,481.43845000000005,2025-09-02 13:10:00,474.98844999999994,STOP_LOSS,False,-3.102126900000034,-1.4428497209302256,ORB_50PCT
TMPV,2025-09-02,BUY,2025-09-02 10:25:00,2025-09-02 10:30:00,10:30,477.13845,476.45,472.15,4.300000000000011,472.15,4.98845,487.11535,2025-09-02 13:55:00,472.15,STOP_LOSS,False,-5.93773845,-1.1902972767091982,ORB_BOUNDARY
TMPV,2025-09-02,SELL,2025-09-02 14:20:00,2025-09-02 14:25:00,14:25,471.764,476.45,472.15,4.300000000000011,473.914,2.1499999999999773,467.46400000000006,2025-09-02 15:25:00,471.15,END_OF_DAY,False,-0.3289139999999673,-0.1529832558139399,ORB_50PCT
TMPV,2025-09-02,SELL,2025-09-02 14:20:00,2025-09-02 14:25:00,14:25,471.764,476.45,472.15,4.300000000000011,476.45,4.685999999999979,462.39200000000005,2025-09-02 15:25:00,471.15,END_OF_DAY,False,-0.3289139999999673,-0.07019078104992932,ORB_BOUNDARY
TMPV,2025-09-03,BUY,2025-09-03 11:35:00,2025-09-03 11:40:00,11:40,475.0374,474.15,471.6,2.5499999999999545,473.7624,1.2749999999999773,477.58739999999995,2025-09-03 15:25:00,476.3,END_OF_DAY,False,0.3112626000000204,0.24412752941178503,ORB_50PCT
TMPV,2025-09-03,BUY,2025-09-03 11:35:00,2025-09-03 11:40:00,11:40,475.0374,474.15,471.6,2.5499999999999545,471.6,3.4373999999999683,481.9121999999999,2025-09-03 15:25:00,476.3,END_OF_DAY,False,0.3112626000000204,0.09055175423285718,ORB_BOUNDARY
TMPV,2025-09-04,SELL,2025-09-04 10:00:00,2025-09-04 10:05:00,10:05,480.5596,486.3,481.1,5.199999999999989,483.15959999999995,2.599999999999966,475.35960000000006,2025-09-04 14:05:00,475.35960000000006,TARGET,False,4.2440807999999315,1.6323387692307643,ORB_50PCT
TMPV,2025-09-04,SELL,2025-09-04 10:00:00,2025-09-04 10:05:00,10:05,480.5596,486.3,481.1,5.199999999999989,486.3,5.740400000000022,469.07879999999994,2025-09-04 15:25:00,473.7,END_OF_DAY,False,5.9053404,1.028733259006337,ORB_BOUNDARY
TMPV,2025-09-05,BUY,2025-09-05 09:45:00,2025-09-05 09:50:00,09:50,479.389575,478.8,473.4,5.400000000000034,476.689575,2.6999999999999886,484.78957499999996,2025-09-05 10:45:00,476.689575,STOP_LOSS,False,-3.6560791499999885,-1.3541033888888903,ORB_50PCT
TMPV,2025-09-05,BUY,2025-09-05 09:45:00,2025-09-05 09:50:00,09:50,479.389575,478.8,473.4,5.400000000000034,473.4,5.989575000000002,491.368725,2025-09-05 11:40:00,473.4,STOP_LOSS,False,-6.942364575000002,-1.159074654712563,ORB_BOUNDARY
TMPV,2025-09-08,BUY,2025-09-08 09:30:00,2025-09-08 09:35:00,09:35,489.194475,487.8,477.85,9.949999999999989,484.219475,4.975000000000023,499.14447500000006,2025-09-08 15:25:00,496.5,END_OF_DAY,False,6.319830524999989,1.2703176934673286,ORB_50PCT
TMPV,2025-09-08,BUY,2025-09-08 09:30:00,2025-09-08 09:35:00,09:35,489.194475,487.8,477.85,9.949999999999989,477.85,11.344474999999989,511.883425,2025-09-08 15:25:00,496.5,END_OF_DAY,False,6.319830524999989,0.5570844419860765,ORB_BOUNDARY
TMPV,2025-09-09,SELL,2025-09-09 09:30:00,2025-09-09 09:35:00,09:35,492.45365,497.25,493.3,3.9499999999999886,494.42864999999995,1.974999999999966,488.50365000000005,2025-09-09 09:50:00,494.42864999999995,STOP_LOSS,False,-2.961882299999966,-1.4996872405063377,ORB_50PCT
TMPV,2025-09-09,SELL,2025-09-09 09:30:00,2025-09-09 09:35:00,09:35,492.45365,497.25,493.3,3.9499999999999886,497.25,4.796350000000018,482.86094999999995,2025-09-09 15:25:00,492.35,END_OF_DAY,False,-0.8811536500000409,-0.18371337579618618,ORB_BOUNDARY
TMPV,2025-09-10,BUY,2025-09-10 11:00:00,2025-09-10 11:05:00,11:05,495.8478,495.0,489.0,6.0,492.8478,3.0,501.8478,2025-09-10 11:25:00,492.8478,STOP_LOSS,False,-3.9886956,-1.3295652,ORB_50PCT
TMPV,2025-09-10,BUY,2025-09-10 11:00:00,2025-09-10 11:05:00,11:05,495.8478,495.0,489.0,6.0,489.0,6.8478000000000065,509.5434,2025-09-10 12:00:00,489.0,STOP_LOSS,False,-7.832647800000006,-1.1438195916936824,ORB_BOUNDARY
TMPV,2025-09-10,SELL,2025-09-10 12:35:00,2025-09-10 12:40:00,12:40,488.85545,495.0,489.0,6.0,491.85545,3.0,482.85545,2025-09-10 15:25:00,489.2,END_OF_DAY,False,-1.3226054499999698,-0.44086848333332324,ORB_50PCT
TMPV,2025-09-10,SELL,2025-09-10 12:35:00,2025-09-10 12:40:00,12:40,488.85545,495.0,489.0,6.0,495.0,6.144549999999981,476.56635000000006,2025-09-10 15:25:00,489.2,END_OF_DAY,False,-1.3226054499999698,-0.21524854545897973,ORB_BOUNDARY
TMPV,2025-09-11,SELL,2025-09-11 09:30:00,2025-09-11 09:35:00,09:35,487.805975,490.2,488.3,1.8999999999999773,488.755975,0.9499999999999886,485.905975,2025-09-11 10:30:00,485.905975,TARGET,False,0.9262880499999773,0.9750400526315667,ORB_50PCT
TMPV,2025-09-11,SELL,2025-09-11 09:30:00,2025-09-11 09:35:00,09:35,487.805975,490.2,488.3,1.8999999999999773,490.2,2.394024999999999,483.017925,2025-09-11 15:25:00,486.05,END_OF_DAY,False,0.7821190249999781,0.32669626465888135,ORB_BOUNDARY
TMPV,2025-09-12,BUY,2025-09-12 09:30:00,2025-09-12 09:35:00,09:35,494.196975,493.2,487.0,6.199999999999989,491.09697500000004,3.099999999999966,500.39697499999994,2025-09-12 10:15:00,491.09697500000004,STOP_LOSS,False,-4.085293949999966,-1.3178367580645196,ORB_50PCT
TMPV,2025-09-12,BUY,2025-09-12 09:30:00,2025-09-12 09:35:00,09:35,494.196975,493.2,487.0,6.199999999999989,487.0,7.196975000000009,508.590925,2025-09-12 15:25:00,492.3,END_OF_DAY,False,-2.8834719749999977,-0.40065054762591146,ORB_BOUNDARY
TMPV,2025-09-15,SELL,2025-09-15 11:15:00,2025-09-15 11:20:00,11:20,490.25475,497.05,490.6,6.449999999999989,493.47974999999997,3.224999999999966,483.80475000000007,2025-09-15 15:25:00,490.9,END_OF_DAY,False,-1.6264047499999759,-0.5043115503875948,ORB_50PCT
TMPV,2025-09-15,SELL,2025-09-15 11:15:00,2025-09-15 11:20:00,11:20,490.25475,497.05,490.6,6.449999999999989,497.05,6.79525000000001,476.66425,2025-09-15 15:25:00,490.9,END_OF_DAY,False,-1.6264047499999759,-0.23934435819137978,ORB_BOUNDARY
TMPV,2025-09-16,BUY,2025-09-16 10:00:00,2025-09-16 10:05:00,10:05,495.09742500000004,492.95,491.05,1.8999999999999773,494.14742500000006,0.9499999999999886,496.997425,2025-09-16 10:10:00,494.14742500000006,STOP_LOSS,False,-1.9392448499999886,-2.041310368421065,ORB_50PCT
TMPV,2025-09-16,BUY,2025-09-16 10:00:00,2025-09-16 10:05:00,10:05,495.09742500000004,492.95,491.05,1.8999999999999773,491.05,4.0474250000000325,503.1922750000001,2025-09-16 12:40:00,491.05,STOP_LOSS,False,-5.033572425000033,-1.2436481034237798,ORB_BOUNDARY
TMPV,2025-09-16,SELL,2025-09-16 12:45:00,2025-09-16 12:50:00,12:50,490.104825,492.95,491.05,1.8999999999999773,491.054825,0.9499999999999886,488.204825,2025-09-16 12:55:00,488.204825,TARGET,False,0.9216903499999772,0.9702003684210403,ORB_50PCT
TMPV,2025-09-16,SELL,2025-09-16 12:45:00,2025-09-16 12:50:00,12:50,490.104825,492.95,491.05,1.8999999999999773,492.95,2.8451749999999834,484.41447500000004,2025-09-16 15:25:00,492.2,END_OF_DAY,False,-3.0774798249999833,-1.0816486947200088,ORB_BOUNDARY
TMPV,2025-09-17,BUY,2025-09-17 09:35:00,2025-09-17 09:40:00,09:40,496.298025,495.7,491.8,3.8999999999999773,494.348025,1.9499999999999886,500.198025,2025-09-17 10:45:00,494.348025,STOP_LOSS,False,-2.9406460499999887,-1.5080236153846183,ORB_50PCT
TMPV,2025-09-17,BUY,2025-09-17 09:35:00,2025-09-17 09:40:00,09:40,496.298025,495.7,491.8,3.8999999999999773,491.8,4.498024999999984,505.29407499999996,2025-09-17 15:25:00,495.25,END_OF_DAY,False,-2.0395730249999957,-0.4534374586624136,ORB_BOUNDARY
TMPV,2025-09-18,SELL,2025-09-18 11:25:00,2025-09-18 11:30:00,11:30,495.05235,499.35,495.4,3.9500000000000455,497.02735,1.9750000000000227,491.10234999999994,2025-09-18 12:35:00,491.10234999999994,TARGET,False,2.9638453000000453,1.5006811645569678,ORB_50PCT
TMPV,2025-09-18,SELL,2025-09-18 11:25:00,2025-09-18 11:30:00,11:30,495.05235,499.35,495.4,3.9500000000000455,499.35,4.297650000000033,486.4570499999999,2025-09-18 15:25:00,490.55,END_OF_DAY,False,3.5167476499999784,0.8182954987027682,ORB_BOUNDARY
TMPV,2025-09-19,SELL,2025-09-19 09:55:00,2025-09-19 10:00:00,10:00,487.706025,491.25,488.5,2.75,489.081025,1.375,484.956025,2025-09-19 10:25:00,489.081025,STOP_LOSS,False,-2.35178705,-1.7103905818181817,ORB_50PCT
TMPV,2025-09-19,SELL,2025-09-19 09:55:00,2025-09-19 10:00:00,10:00,487.706025,491.25,488.5,2.75,491.25,3.543974999999989,480.61807500000003,2025-09-19 15:25:00,486.75,END_OF_DAY,False,-0.018431024999988943,-0.005200664508070458,ORB_BOUNDARY
TMPV,2025-09-22,SELL,2025-09-22 14:35:00,2025-09-22 14:40:00,14:40,481.209275,490.2,482.8,7.399999999999977,484.909275,3.6999999999999886,473.809275,2025-09-22 15:25:00,478.5,END_OF_DAY,False,1.7495657249999912,0.4728556013513504,ORB_50PCT
TMPV,2025-09-22,SELL,2025-09-22 14:35:00,2025-09-22 14:40:00,14:40,481.209275,490.2,482.8,7.399999999999977,490.2,8.990724999999998,463.227825,2025-09-22 15:25:00,478.5,END_OF_DAY,False,1.7495657249999912,0.1945967344124074,ORB_BOUNDARY
TMPV,2025-09-23,SELL,2025-09-23 11:35:00,2025-09-23 11:40:00,11:40,479.76,487.3,480.25,7.050000000000011,483.28499999999997,3.5249999999999773,472.71000000000004,2025-09-23 12:35:00,483.28499999999997,STOP_LOSS,False,-4.488044999999977,-1.2732042553191507,ORB_50PCT
TMPV,2025-09-23,SELL,2025-09-23 11:35:00,2025-09-23 11:40:00,11:40,479.76,487.3,480.25,7.050000000000011,487.3,7.5400000000000205,464.67999999999995,2025-09-23 15:25:00,483.45,END_OF_DAY,False,-4.653209999999998,-0.6171366047745338,ORB_BOUNDARY
TMPV,2025-09-24,SELL,2025-09-24 14:20:00,2025-09-24 14:25:00,14:25,471.514125,484.2,472.65,11.550000000000011,477.289125,5.775000000000034,459.9641249999999,2025-09-24 15:25:00,470.5,END_OF_DAY,False,0.0721108749999787,0.01248673160172784,ORB_50PCT
TMPV,2025-09-24,SELL,2025-09-24 14:20:00,2025-09-24 14:25:00,14:25,471.514125,484.2,472.65,11.550000000000011,484.2,12.68587500000001,446.14237499999996,2025-09-24 15:25:00,470.5,END_OF_DAY,False,0.0721108749999787,0.005684343807579584,ORB_BOUNDARY
TMPV,2025-09-25,SELL,2025-09-25 09:50:00,2025-09-25 09:55:00,09:55,458.3707,464.75,458.8,5.949999999999989,461.34569999999997,2.974999999999966,452.42070000000007,2025-09-25 10:40:00,452.42070000000007,TARGET,False,5.039208599999932,1.6938516302520974,ORB_50PCT
TMPV,2025-09-25,SELL,2025-09-25 09:50:00,2025-09-25 09:55:00,09:55,458.3707,464.75,458.8,5.949999999999989,464.75,6.379300000000001,445.6121,2025-09-25 15:25:00,457.8,END_OF_DAY,False,-0.345470700000012,-0.05415495430533318,ORB_BOUNDARY
TMPV,2025-09-26,BUY,2025-09-26 09:35:00,2025-09-26 09:40:00,09:40,464.33205000000004,461.8,456.05,5.75,461.45705000000004,2.875,470.08205000000004,2025-09-26 14:20:00,461.45705000000004,STOP_LOSS,False,-3.8007891000000003,-1.3220136,ORB_50PCT
TMPV,2025-09-26,BUY,2025-09-26 09:35:00,2025-09-26 09:40:00,09:40,464.33205000000004,461.8,456.05,5.75,456.05,8.282050000000027,480.8961500000001,2025-09-26 15:25:00,463.6,END_OF_DAY,False,-1.6599820500000153,-0.20043130022156472,ORB_BOUNDARY
TMPV,2025-09-29,SELL,2025-09-29 09:40:00,2025-09-29 09:45:00,09:45,464.66755,471.6,465.6,6.0,467.66755,3.0,458.66755,2025-09-29 15:25:00,464.3,END_OF_DAY,False,-0.5614175500000058,-0.18713918333333526,ORB_50PCT
TMPV,2025-09-29,SELL,2025-09-29 09:40:00,2025-09-29 09:45:00,09:45,464.66755,471.6,465.6,6.0,471.6,6.932450000000017,450.80264999999997,2025-09-29 15:25:00,464.3,END_OF_DAY,False,-0.5614175500000058,-0.08098400276958427,ORB_BOUNDARY
TMPV,2025-09-30,SELL,2025-09-30 10:35:00,2025-09-30 10:40:00,10:40,459.07035,464.3,459.35,4.949999999999989,461.54535,2.474999999999966,454.1203500000001,2025-09-30 11:05:00,461.54535,STOP_LOSS,False,-3.395615699999966,-1.3719659393939445,ORB_50PCT
TMPV,2025-09-30,SELL,2025-09-30 10:35:00,2025-09-30 10:40:00,10:40,459.07035,464.3,459.35,4.949999999999989,464.3,5.229649999999992,448.61105000000003,2025-09-30 14:30:00,464.3,STOP_LOSS,False,-6.153020349999992,-1.1765644641610817,ORB_BOUNDARY
TMPV,2025-10-01,BUY,2025-10-01 09:35:00,2025-10-01 09:40:00,09:40,473.386575,472.5,467.65,4.850000000000023,470.961575,2.4250000000000114,478.236575,2025-10-01 09:55:00,478.236575,TARGET,False,3.8983768500000227,1.6075780824742285,ORB_50PCT
TMPV,2025-10-01,BUY,2025-10-01 09:35:00,2025-10-01 09:40:00,09:40,473.386575,472.5,467.65,4.850000000000023,467.65,5.736575000000016,484.859725,2025-10-01 11:25:00,484.859725,TARGET,False,10.514903700000032,1.8329584638917824,ORB_BOUNDARY
TMPV,2025-10-03,SELL,2025-10-03 11:55:00,2025-10-03 12:00:00,12:00,492.703525,509.3,494.7,14.600000000000023,500.003525,7.300000000000011,478.103525,2025-10-03 15:25:00,492.85,END_OF_DAY,False,-1.1320285250000095,-0.15507240068493255,ORB_50PCT
TMPV,2025-10-03,SELL,2025-10-03 11:55:00,2025-10-03 12:00:00,12:00,492.703525,509.3,494.7,14.600000000000023,509.3,16.596474999999998,459.510575,2025-10-03 15:25:00,492.85,END_OF_DAY,False,-1.1320285250000095,-0.06820897359228448,ORB_BOUNDARY
TMPV,2025-10-07,SELL,2025-10-07 11:15:00,2025-10-07 11:20:00,11:20,485.95689999999996,490.85,486.3,4.550000000000011,488.2319,2.275000000000034,481.4068999999999,2025-10-07 12:30:00,481.4068999999999,TARGET,False,3.5826362000000684,1.5747851428571493,ORB_50PCT
TMPV,2025-10-07,SELL,2025-10-07 11:15:00,2025-10-07 11:20:00,11:20,485.95689999999996,490.85,486.3,4.550000000000011,490.85,4.893100000000061,476.17069999999984,2025-10-07 15:25:00,480.2,END_OF_DAY,False,4.790743099999974,0.9790813799022938,ORB_BOUNDARY
TMPV,2025-10-08,SELL,2025-10-08 11:00:00,2025-10-08 11:05:00,11:05,472.91342499999996,483.35,474.3,9.050000000000011,477.43842499999994,4.524999999999977,463.863425,2025-10-08 15:25:00,468.2,END_OF_DAY,False,3.7723115749999723,0.8336600165745837,ORB_50PCT
TMPV,2025-10-08,SELL,2025-10-08 11:00:00,2025-10-08 11:05:00,11:05,472.91342499999996,483.35,474.3,9.050000000000011,483.35,10.436575000000062,452.04027499999984,2025-10-08 15:25:00,468.2,END_OF_DAY,False,3.7723115749999723,0.36145110584650136,ORB_BOUNDARY
TMPV,2025-10-09,SELL,2025-10-09 09:40:00,2025-10-09 09:45:00,09:45,462.7685,471.35,464.05,7.300000000000011,466.4185,3.6499999999999773,455.46850000000006,2025-10-09 15:05:00,466.4185,STOP_LOSS,False,-4.579186999999977,-1.2545717808219192,ORB_50PCT
TMPV,2025-10-09,SELL,2025-10-09 09:40:00,2025-10-09 09:45:00,09:45,462.7685,471.35,464.05,7.300000000000011,471.35,8.581500000000005,445.6055,2025-10-09 15:15:00,471.35,STOP_LOSS,False,-9.515618500000006,-1.1088525898735653,ORB_BOUNDARY
TMPV,2025-10-10,BUY,2025-10-10 10:10:00,2025-10-10 10:15:00,10:15,471.8358,471.5,467.0,4.5,469.5858,2.25,476.3358,2025-10-10 11:30:00,469.5858,STOP_LOSS,False,-3.1914216,-1.4184096,ORB_50PCT
TMPV,2025-10-10,BUY,2025-10-10 10:10:00,2025-10-10 10:15:00,10:15,471.8358,471.5,467.0,4.5,467.0,4.835800000000006,481.5074,2025-10-10 11:30:00,467.0,STOP_LOSS,False,-5.774635800000006,-1.1941428098763387,ORB_BOUNDARY
TMPV,2025-10-10,SELL,2025-10-10 12:10:00,2025-10-10 12:15:00,12:15,466.616575,471.5,467.0,4.5,468.866575,2.25,462.116575,2025-10-10 15:25:00,467.6,END_OF_DAY,False,-1.9176415750000113,-0.8522851444444495,ORB_50PCT
TMPV,2025-10-10,SELL,2025-10-10 12:10:00,2025-10-10 12:15:00,12:15,466.616575,471.5,467.0,4.5,471.5,4.883424999999988,456.84972500000003,2025-10-10 15:25:00,467.6,END_OF_DAY,False,-1.9176415750000113,-0.3926837363121203,ORB_BOUNDARY
TMPV,2025-10-13,SELL,2025-10-13 13:00:00,2025-10-13 13:05:00,13:05,457.1713,467.75,458.0,9.75,462.0463,4.875,447.4213,2025-10-13 15:25:00,457.15,END_OF_DAY,False,-0.8930213000000035,-0.1831838564102571,ORB_50PCT
TMPV,2025-10-13,SELL,2025-10-13 13:00:00,2025-10-13 13:05:00,13:05,457.1713,467.75,458.0,9.75,467.75,10.578700000000026,436.0138999999999,2025-10-13 15:25:00,457.15,END_OF_DAY,False,-0.8930213000000035,-0.08441692268426189,ORB_BOUNDARY
TMPV,2025-10-15,SELL,2025-10-15 11:10:00,2025-10-15 11:15:00,11:15,391.50415,403.0,392.1,10.899999999999977,396.95414999999997,5.449999999999989,380.60415,2025-10-15 15:25:00,391.9,END_OF_DAY,False,-1.1792541499999958,-0.2163769082568804,ORB_50PCT
TMPV,2025-10-15,SELL,2025-10-15 11:10:00,2025-10-15 11:15:00,11:15,391.50415,403.0,392.1,10.899999999999977,403.0,11.495850000000019,368.51244999999994,2025-10-15 15:25:00,391.9,END_OF_DAY,False,-1.1792541499999958,-0.1025808574398582,ORB_BOUNDARY
TMPV,2025-10-16,BUY,2025-10-16 09:45:00,2025-10-16 09:50:00,09:50,397.948875,395.45,389.55,5.899999999999977,394.998875,2.9499999999999886,403.84887499999996,2025-10-16 15:25:00,396.4,END_OF_DAY,False,-2.3432238750000094,-0.7943131779661079,ORB_50PCT
TMPV,2025-10-16,BUY,2025-10-16 09:45:00,2025-10-16 09:50:00,09:50,397.948875,395.45,389.55,5.899999999999977,389.55,8.398874999999975,414.74662499999994,2025-10-16 15:25:00,396.4,END_OF_DAY,False,-2.3432238750000094,-0.2789925882930769,ORB_BOUNDARY
TMPV,2025-10-17,BUY,2025-10-17 09:35:00,2025-10-17 09:40:00,09:40,401.60069999999996,400.65,396.15,4.5,399.35069999999996,2.25,406.10069999999996,2025-10-17 09:45:00,399.35069999999996,STOP_LOSS,False,-3.0509513999999998,-1.3559784,ORB_50PCT
TMPV,2025-10-17,BUY,2025-10-17 09:35:00,2025-10-17 09:40:00,09:40,401.60069999999996,400.65,396.15,4.5,396.15,5.4506999999999834,412.5020999999999,2025-10-17 10:50:00,396.15,STOP_LOSS,False,-6.248450699999983,-1.1463574770213005,ORB_BOUNDARY
TMPV,2025-10-17,SELL,2025-10-17 12:50:00,2025-10-17 12:55:00,12:55,395.45217499999995,400.65,396.15,4.5,397.70217499999995,2.25,390.95217499999995,2025-10-17 15:25:00,396.5,END_OF_DAY,False,-1.8397771750000458,-0.8176787444444648,ORB_50PCT
TMPV,2025-10-17,SELL,2025-10-17 12:50:00,2025-10-17 12:55:00,12:55,395.45217499999995,400.65,396.15,4.5,400.65,5.197825000000023,385.0565249999999,2025-10-17 15:25:00,396.5,END_OF_DAY,False,-1.8397771750000458,-0.3539513498434514,ORB_BOUNDARY
TMPV,2025-10-20,BUY,2025-10-20 10:45:00,2025-10-20 10:50:00,10:50,402.4011,400.4,396.6,3.7999999999999545,400.5011,1.8999999999999773,406.20109999999994,2025-10-20 10:55:00,400.5011,STOP_LOSS,False,-2.7029021999999774,-1.422580105263163,ORB_50PCT
TMPV,2025-10-20,BUY,2025-10-20 10:45:00,2025-10-20 10:50:00,10:50,402.4011,400.4,396.6,3.7999999999999545,396.6,5.801099999999963,414.0032999999999,2025-10-20 15:25:00,399.6,END_OF_DAY,False,-3.6031010999999626,-0.6211065315198817,ORB_BOUNDARY
TMPV,2025-10-23,BUY,2025-10-23 12:10:00,2025-10-23 12:15:00,12:15,408.50415000000004,407.95,403.7,4.25,406.37915000000004,2.125,412.75415000000004,2025-10-23 15:05:00,406.37915000000004,STOP_LOSS,False,-2.9398833,-1.3834744941176471,ORB_50PCT
TMPV,2025-10-23,BUY,2025-10-23 12:10:00,2025-10-23 12:15:00,12:15,408.50415000000004,407.95,403.7,4.25,403.7,4.80415000000005,418.11245000000014,2025-10-23 15:25:00,405.6,END_OF_DAY,False,-3.718254150000016,-0.7739671221756143,ORB_BOUNDARY
TMPV,2025-10-24,SELL,2025-10-24 13:15:00,2025-10-24 13:20:00,13:20,403.39820000000003,408.5,404.25,4.25,405.52320000000003,2.125,399.14820000000003,2025-10-24 15:25:00,403.45,END_OF_DAY,False,-0.8586481999999575,-0.40406974117645056,ORB_50PCT
TMPV,2025-10-24,SELL,2025-10-24 13:15:00,2025-10-24 13:20:00,13:20,403.39820000000003,408.5,404.25,4.25,408.5,5.101799999999969,393.1946000000001,2025-10-24 15:25:00,403.45,END_OF_DAY,False,-0.8586481999999575,-0.16830299110117267,ORB_BOUNDARY
TMPV,2025-10-27,BUY,2025-10-27 09:35:00,2025-10-27 09:40:00,09:40,408.654225,408.2,403.65,4.550000000000011,406.379225,2.2749999999999773,413.20422499999995,2025-10-27 15:25:00,410.15,END_OF_DAY,False,0.6769707749999806,0.2975695714285659,ORB_50PCT
TMPV,2025-10-27,BUY,2025-10-27 09:35:00,2025-10-27 09:40:00,09:40,408.654225,408.2,403.65,4.550000000000011,403.65,5.0042250000000195,418.66267500000004,2025-10-27 15:25:00,410.15,END_OF_DAY,False,0.6769707749999806,0.13527984353221087,ORB_BOUNDARY
TMPV,2025-10-28,BUY,2025-10-28 09:35:00,2025-10-28 09:40:00,09:40,413.50665000000004,411.9,409.75,2.1499999999999773,412.43165000000005,1.0749999999999886,415.65665,2025-10-28 09:55:00,412.43165000000005,STOP_LOSS,False,-1.9009382999999886,-1.7683146976744268,ORB_50PCT
TMPV,2025-10-28,BUY,2025-10-28 09:35:00,2025-10-28 09:40:00,09:40,413.50665000000004,411.9,409.75,2.1499999999999773,409.75,3.756650000000036,421.0199500000001,2025-10-28 12:15:00,409.75,STOP_LOSS,False,-4.579906650000036,-1.219146486896568,ORB_BOUNDARY
TMPV,2025-10-28,SELL,2025-10-28 12:35:00,2025-10-28 12:40:00,12:40,409.345225,411.9,409.75,2.1499999999999773,410.420225,1.0749999999999886,407.19522500000005,2025-10-28 12:40:00,410.420225,STOP_LOSS,False,-1.8947654499999889,-1.7625725116279152,ORB_50PCT
TMPV,2025-10-28,SELL,2025-10-28 12:35:00,2025-10-28 12:40:00,12:40,409.345225,411.9,409.75,2.1499999999999773,411.9,2.5547749999999496,404.2356750000001,2025-10-28 15:15:00,411.9,STOP_LOSS,False,-3.37602022499995,-1.3214550107152356,ORB_BOUNDARY
TMPV,2025-10-29,BUY,2025-10-29 10:00:00,2025-10-29 10:05:00,10:05,413.2065,412.65,407.05,5.599999999999966,410.40650000000005,2.7999999999999545,418.8064999999999,2025-10-29 15:25:00,411.85,END_OF_DAY,False,-2.181556499999983,-0.779127321428578,ORB_50PCT
TMPV,2025-10-29,BUY,2025-10-29 10:00:00,2025-10-29 10:05:00,10:05,413.2065,412.65,407.05,5.599999999999966,407.05,6.156499999999994,425.5195,2025-10-29 15:25:00,411.85,END_OF_DAY,False,-2.181556499999983,-0.3543501177617128,ORB_BOUNDARY
TMPV,2025-10-30,SELL,2025-10-30 09:30:00,2025-10-30 09:35:00,09:35,411.29425,419.0,412.05,6.949999999999989,414.76924999999994,3.474999999999966,404.34425000000005,2025-10-30 15:25:00,412.85,END_OF_DAY,False,-2.3798942500000457,-0.6848616546762789,ORB_50PCT
TMPV,2025-10-30,SELL,2025-10-30 09:30:00,2025-10-30 09:35:00,09:35,411.29425,419.0,412.05,6.949999999999989,419.0,7.705750000000023,395.88274999999993,2025-10-30 15:25:00,412.85,END_OF_DAY,False,-2.3798942500000457,-0.3088465431658227,ORB_BOUNDARY
TMPV,2025-10-31,BUY,2025-10-31 09:30:00,2025-10-31 09:35:00,09:35,415.0074,414.75,411.65,3.1000000000000227,413.4574,1.5500000000000114,418.10740000000004,2025-10-31 11:00:00,413.4574,STOP_LOSS,False,-2.3784648000000113,-1.5344934193548347,ORB_50PCT
TMPV,2025-10-31,BUY,2025-10-31 09:30:00,2025-10-31 09:35:00,09:35,415.0074,414.75,411.65,3.1000000000000227,411.65,3.357400000000041,421.7222000000001,2025-10-31 13:55:00,411.65,STOP_LOSS,False,-4.184057400000041,-1.246219515100968,ORB_BOUNDARY
TMPV,2025-10-31,SELL,2025-10-31 14:15:00,2025-10-31 14:20:00,14:20,410.044875,414.75,411.65,3.1000000000000227,411.594875,1.5500000000000114,406.94487499999997,2025-10-31 15:25:00,410.15,END_OF_DAY,False,-0.9253198749999867,-0.596980564516116,ORB_50PCT
TMPV,2025-10-31,SELL,2025-10-31 14:15:00,2025-10-31 14:20:00,14:20,410.044875,414.75,411.65,3.1000000000000227,414.75,4.7051250000000095,400.63462499999997,2025-10-31 15:25:00,410.15,END_OF_DAY,False,-0.9253198749999867,-0.19666212374803746,ORB_BOUNDARY
TMPV,2025-11-03,SELL,2025-11-03 10:10:00,2025-11-03 10:15:00,10:15,410.544625,414.5,410.95,3.5500000000000114,412.319625,1.7749999999999773,406.99462500000004,2025-11-03 11:20:00,412.319625,STOP_LOSS,False,-2.597864249999977,-1.4635854929577523,ORB_50PCT
TMPV,2025-11-03,SELL,2025-11-03 10:10:00,2025-11-03 10:15:00,10:15,410.544625,414.5,410.95,3.5500000000000114,414.5,3.9553750000000036,402.633875,2025-11-03 14:40:00,414.5,STOP_LOSS,False,-4.780419625000004,-1.2085882185633472,ORB_BOUNDARY
TMPV,2025-11-04,SELL,2025-11-04 09:30:00,2025-11-04 09:35:00,09:35,412.343725,417.5,413.25,4.25,414.468725,2.125,408.093725,2025-11-04 13:35:00,408.093725,TARGET,False,3.42956255,1.613911788235294,ORB_50PCT
TMPV,2025-11-04,SELL,2025-11-04 09:30:00,2025-11-04 09:35:00,09:35,412.343725,417.5,413.25,4.25,417.5,5.156274999999994,402.031175,2025-11-04 15:25:00,407.0,END_OF_DAY,False,4.524381275000007,0.8774515081139024,ORB_BOUNDARY
TMPV,2025-11-06,SELL,2025-11-06 10:10:00,2025-11-06 10:15:00,10:15,405.747025,409.65,406.5,3.1499999999999773,407.322025,1.5749999999999886,402.59702500000003,2025-11-06 10:50:00,407.322025,STOP_LOSS,False,-2.388069049999989,-1.5162343174603212,ORB_50PCT
TMPV,2025-11-06,SELL,2025-11-06 10:10:00,2025-11-06 10:15:00,10:15,405.747025,409.65,406.5,3.1499999999999773,409.65,3.9029749999999694,397.94107500000007,2025-11-06 13:00:00,409.65,STOP_LOSS,False,-4.71837202499997,-1.2089167942402927,ORB_BOUNDARY
TMPV,2025-11-07,SELL,2025-11-07 09:30:00,2025-11-07 09:35:00,09:35,403.648075,407.2,404.15,3.0500000000000114,405.17307500000004,1.525000000000034,400.59807499999994,2025-11-07 09:35:00,405.17307500000004,STOP_LOSS,False,-2.333821150000034,-1.530374524590152,ORB_50PCT
TMPV,2025-11-07,SELL,2025-11-07 09:30:00,2025-11-07 09:35:00,09:35,403.648075,407.2,404.15,3.0500000000000114,407.2,3.551924999999983,396.54422500000004,2025-11-07 15:25:00,406.0,END_OF_DAY,False,-3.1615730749999944,-0.890101304222361,ORB_BOUNDARY
TMPV,2025-11-10,BUY,2025-11-10 09:35:00,2025-11-10 09:40:00,09:40,409.654725,409.7,406.0,3.6999999999999886,407.80472499999996,1.8500000000000227,413.35472500000003,2025-11-10 10:05:00,407.80472499999996,STOP_LOSS,False,-2.6674594500000226,-1.4418699729729674,ORB_50PCT
TMPV,2025-11-10,BUY,2025-11-10 09:35:00,2025-11-10 09:40:00,09:40,409.654725,409.7,406.0,3.6999999999999886,406.0,3.654724999999985,416.96417499999995,2025-11-10 15:25:00,410.15,END_OF_DAY,False,-0.32452972500000765,-0.08879730349068918,ORB_BOUNDARY
TMPV,2025-11-11,SELL,2025-11-11 09:45:00,2025-11-11 09:50:00,09:50,404.89745000000005,413.7,405.75,7.949999999999989,408.8724500000001,3.9750000000000227,396.94745,2025-11-11 15:25:00,408.1,END_OF_DAY,False,-4.015547449999974,-1.0102006163521888,ORB_50PCT
TMPV,2025-11-11,SELL,2025-11-11 09:45:00,2025-11-11 09:50:00,09:50,404.89745000000005,413.7,405.75,7.949999999999989,413.7,8.80254999999994,387.29235000000017,2025-11-11 15:25:00,408.1,END_OF_DAY,False,-4.015547449999974,-0.45618002169825805,ORB_BOUNDARY
TMPV,2025-11-12,SELL,2025-11-12 10:00:00,2025-11-12 10:05:00,10:05,405.89695,411.4,407.5,3.8999999999999773,407.84695,1.9499999999999886,401.99695,2025-11-12 15:15:00,401.99695,TARGET,False,3.0921060999999774,1.5856954358974336,ORB_50PCT
TMPV,2025-11-12,SELL,2025-11-12 10:00:00,2025-11-12 10:05:00,10:05,405.89695,411.4,407.5,3.8999999999999773,411.4,5.503049999999973,394.89085000000006,2025-11-12 15:25:00,402.3,END_OF_DAY,False,2.7887530499999924,0.5067649848720266,ORB_BOUNDARY
TMPV,2025-11-13,SELL,2025-11-13 12:30:00,2025-11-13 12:35:00,12:35,398.20079999999996,404.0,398.9,5.100000000000023,400.75079999999997,2.5500000000000114,393.10079999999994,2025-11-13 12:55:00,400.75079999999997,STOP_LOSS,False,-3.348951600000011,-1.313314352941175,ORB_50PCT
TMPV,2025-11-13,SELL,2025-11-13 12:30:00,2025-11-13 12:35:00,12:35,398.20079999999996,404.0,398.9,5.100000000000023,404.0,5.799200000000042,386.6023999999999,2025-11-13 15:25:00,397.9,END_OF_DAY,False,-0.49530080000001886,-0.0854084701338142,ORB_BOUNDARY
TMPV,2025-11-14,SELL,2025-11-14 11:15:00,2025-11-14 11:20:00,11:20,393.753025,399.6,394.3,5.300000000000011,396.40302499999996,2.6499999999999773,388.453025,2025-11-14 14:50:00,388.453025,TARGET,False,4.517793949999954,1.7048279056603748,ORB_50PCT
TMPV,2025-11-14,SELL,2025-11-14 11:15:00,2025-11-14 11:20:00,11:20,393.753025,399.6,394.3,5.300000000000011,399.6,5.846975000000043,382.0590749999999,2025-11-14 15:25:00,392.8,END_OF_DAY,False,0.16647197499996835,0.028471470290187168,ORB_BOUNDARY
TMPV,2025-11-19,SELL,2025-11-19 12:35:00,2025-11-19 12:40:00,12:40,363.51815,371.25,364.2,7.050000000000011,367.04314999999997,3.5249999999999773,356.46815000000004,2025-11-19 15:25:00,361.0,END_OF_DAY,False,1.7936318499999915,0.5088317304964548,ORB_50PCT
TMPV,2025-11-19,SELL,2025-11-19 12:35:00,2025-11-19 12:40:00,12:40,363.51815,371.25,364.2,7.050000000000011,371.25,7.7318500000000085,348.05445,2025-11-19 15:25:00,361.0,END_OF_DAY,False,1.7936318499999915,0.2319796491137295,ORB_BOUNDARY
TMPV,2025-11-20,SELL,2025-11-20 10:00:00,2025-11-20 10:05:00,10:05,361.01939999999996,364.4,361.3,3.099999999999966,362.5694,1.5500000000000114,357.91939999999994,2025-11-20 15:25:00,359.8,END_OF_DAY,False,0.4985805999999505,0.3216649032257722,ORB_50PCT
TMPV,2025-11-20,SELL,2025-11-20 10:00:00,2025-11-20 10:05:00,10:05,361.01939999999996,364.4,361.3,3.099999999999966,364.4,3.3806000000000154,354.25819999999993,2025-11-20 15:25:00,359.8,END_OF_DAY,False,0.4985805999999505,0.1474828728627901,ORB_BOUNDARY
TMPV,2025-11-21,BUY,2025-11-21 09:30:00,2025-11-21 09:35:00,09:35,361.88085,360.8,358.0,2.8000000000000114,360.48085000000003,1.3999999999999773,364.68084999999996,2025-11-21 10:40:00,360.48085000000003,STOP_LOSS,False,-2.1223616999999773,-1.5159726428571512,ORB_50PCT
TMPV,2025-11-21,BUY,2025-11-21 09:30:00,2025-11-21 09:35:00,09:35,361.88085,360.8,358.0,2.8000000000000114,358.0,3.8808500000000095,369.64255,2025-11-21 15:25:00,362.5,END_OF_DAY,False,-0.10523085000000953,-0.027115412860587055,ORB_BOUNDARY
TMPV,2025-11-25,SELL,2025-11-25 13:00:00,2025-11-25 13:05:00,13:05,354.32275,358.1,354.75,3.3500000000000227,355.99775,1.6750000000000114,350.97274999999996,2025-11-25 15:25:00,352.6,END_OF_DAY,False,1.0158272499999623,0.6064640298507197,ORB_50PCT
TMPV,2025-11-25,SELL,2025-11-25 13:00:00,2025-11-25 13:05:00,13:05,354.32275,358.1,354.75,3.3500000000000227,358.1,3.7772500000000377,346.7682499999999,2025-11-25 15:25:00,352.6,END_OF_DAY,False,1.0158272499999623,0.2689330200542596,ORB_BOUNDARY
TMPV,2025-11-27,SELL,2025-11-27 09:30:00,2025-11-27 09:35:00,09:35,358.8205,362.8,359.9,2.900000000000034,360.27049999999997,1.4499999999999886,355.9205,2025-11-27 11:05:00,360.27049999999997,STOP_LOSS,False,-2.1690909999999883,-1.4959248275862105,ORB_50PCT
TMPV,2025-11-27,SELL,2025-11-27 09:30:00,2025-11-27 09:35:00,09:35,358.8205,362.8,359.9,2.900000000000034,362.8,3.97950000000003,350.8614999999999,2025-11-27 15:25:00,358.5,END_OF_DAY,False,-0.39682050000001867,-0.0997161703731664,ORB_BOUNDARY
TMPV,2025-11-28,SELL,2025-11-28 09:45:00,2025-11-28 09:50:00,09:50,355.6221,359.75,357.0,2.75,356.9971,1.375,352.8721,2025-11-28 11:15:00,356.9971,STOP_LOSS,False,-2.0876192,-1.518268509090909,ORB_50PCT
TMPV,2025-11-28,SELL,2025-11-28 09:45:00,2025-11-28 09:50:00,09:50,355.6221,359.75,357.0,2.75,359.75,4.127900000000011,347.36629999999997,2025-11-28 15:25:00,357.2,END_OF_DAY,False,-2.2907220999999995,-0.5549364325686168,ORB_BOUNDARY
TMPV,2025-12-01,BUY,2025-12-01 10:00:00,2025-12-01 10:05:00,10:05,362.130975,361.75,358.7,3.0500000000000114,360.60597499999994,1.525000000000034,365.18097500000005,2025-12-01 10:55:00,360.60597499999994,STOP_LOSS,False,-2.247736950000034,-1.4739258688524484,ORB_50PCT
TMPV,2025-12-01,BUY,2025-12-01 10:00:00,2025-12-01 10:05:00,10:05,362.130975,361.75,358.7,3.0500000000000114,358.7,3.4309749999999894,368.99292499999996,2025-12-01 15:25:00,363.5,END_OF_DAY,False,0.6433940250000219,0.1875251276969444,ORB_BOUNDARY
TMPV,2025-12-02,SELL,2025-12-02 09:45:00,2025-12-02 09:50:00,09:50,359.91995000000003,364.0,360.8,3.1999999999999886,361.51995,1.599999999999966,356.7199500000001,2025-12-02 11:50:00,361.51995,STOP_LOSS,False,-2.321439899999966,-1.4508999375000096,ORB_50PCT
TMPV,2025-12-02,SELL,2025-12-02 09:45:00,2025-12-02 09:50:00,09:50,359.91995000000003,364.0,360.8,3.1999999999999886,364.0,4.0800499999999715,351.7598500000001,2025-12-02 15:25:00,361.65,END_OF_DAY,False,-2.451619949999949,-0.6008798789230441,ORB_BOUNDARY
TMPV,2025-12-03,SELL,2025-12-03 11:05:00,2025-12-03 11:10:00,11:10,356.42170000000004,361.7,357.1,4.599999999999966,358.72170000000006,2.3000000000000114,351.8217,2025-12-03 15:25:00,357.5,END_OF_DAY,False,-1.7922216999999563,-0.7792268260869336,ORB_50PCT
TMPV,2025-12-03,SELL,2025-12-03 11:05:00,2025-12-03 11:10:00,11:10,356.42170000000004,361.7,357.1,4.599999999999966,361.7,5.278299999999945,345.86510000000015,2025-12-03 15:25:00,357.5,END_OF_DAY,False,-1.7922216999999563,-0.3395452513119707,ORB_BOUNDARY
TMPV,2025-12-04,BUY,2025-12-04 09:30:00,2025-12-04 09:35:00,09:35,358.929375,358.0,354.3,3.6999999999999886,357.079375,1.849999999999966,362.6293749999999,2025-12-04 11:10:00,357.079375,STOP_LOSS,False,-2.5660087499999658,-1.3870317567567638,ORB_50PCT
TMPV,2025-12-04,BUY,2025-12-04 09:30:00,2025-12-04 09:35:00,09:35,358.929375,358.0,354.3,3.6999999999999886,354.3,4.629374999999982,368.18812499999996,2025-12-04 15:25:00,355.75,END_OF_DAY,False,-3.8940543749999934,-0.841162008910492,ORB_BOUNDARY
TMPV,2025-12-05,SELL,2025-12-05 09:35:00,2025-12-05 09:40:00,09:40,354.372725,356.55,354.6,1.9499999999999886,355.34772499999997,0.9749999999999659,352.42272500000007,2025-12-05 10:00:00,355.34772499999997,STOP_LOSS,False,-1.684720449999966,-1.7279184102564358,ORB_50PCT
TMPV,2025-12-05,SELL,2025-12-05 09:35:00,2025-12-05 09:40:00,09:40,354.372725,356.55,354.6,1.9499999999999886,356.55,2.1772750000000087,350.018175,2025-12-05 15:25:00,354.0,END_OF_DAY,False,-0.3356477249999973,-0.15415954576247645,ORB_BOUNDARY
TMPV,2025-12-08,SELL,2025-12-08 09:45:00,2025-12-08 09:50:00,09:50,353.373225,356.2,353.7,2.5,354.623225,1.25,350.873225,2025-12-08 11:15:00,350.873225,TARGET,False,1.7957535500000001,1.4366028400000002,ORB_50PCT
TMPV,2025-12-08,SELL,2025-12-08 09:45:00,2025-12-08 09:50:00,09:50,353.373225,356.2,353.7,2.5,356.2,2.826774999999998,347.719675,2025-12-08 13:30:00,347.719675,TARGET,False,4.952457099999996,1.751981356846583,ORB_BOUNDARY
TMPV,2025-12-09,SELL,2025-12-09 09:35:00,2025-12-09 09:40:00,09:40,343.078375,348.65,343.8,4.849999999999966,345.503375,2.4250000000000114,338.22837499999997,2025-12-09 10:10:00,345.503375,STOP_LOSS,False,-3.1135817500000114,-1.2839512371134008,ORB_50PCT
TMPV,2025-12-09,SELL,2025-12-09 09:35:00,2025-12-09 09:40:00,09:40,343.078375,348.65,343.8,4.849999999999966,348.65,5.571624999999983,331.935125,2025-12-09 15:25:00,345.5,END_OF_DAY,False,-3.110203375000006,-0.5582219505081579,ORB_BOUNDARY
TMPV,2025-12-10,BUY,2025-12-10 09:35:00,2025-12-10 09:40:00,09:40,347.02342500000003,347.15,344.2,2.9499999999999886,345.54842500000007,1.474999999999966,349.97342499999996,2025-12-10 09:40:00,345.54842500000007,STOP_LOSS,False,-2.167571849999966,-1.4695402372881465,ORB_50PCT
TMPV,2025-12-10,BUY,2025-12-10 09:35:00,2025-12-10 09:40:00,09:40,347.02342500000003,347.15,344.2,2.9499999999999886,344.2,2.823425000000043,352.6702750000001,2025-12-10 10:45:00,344.2,STOP_LOSS,False,-3.514648425000043,-1.2448173494957329,ORB_BOUNDARY
TMPV,2025-12-10,SELL,2025-12-10 11:40:00,2025-12-10 11:45:00,11:45,343.578125,347.15,344.2,2.9499999999999886,345.053125,1.4750000000000227,340.62812499999995,2025-12-10 15:25:00,342.5,END_OF_DAY,False,0.392046875,0.2657944915254196,ORB_50PCT
TMPV,2025-12-10,SELL,2025-12-10 11:40:00,2025-12-10 11:45:00,11:45,343.578125,347.15,344.2,2.9499999999999886,347.15,3.5718749999999773,336.43437500000005,2025-12-10 15:25:00,342.5,END_OF_DAY,False,0.392046875,0.1097594050743664,ORB_BOUNDARY
TMPV,2025-12-11,BUY,2025-12-11 10:10:00,2025-12-11 10:15:00,10:15,344.9724,344.7,341.75,2.9499999999999886,343.49739999999997,1.4750000000000227,347.92240000000004,2025-12-11 10:50:00,343.49739999999997,STOP_LOSS,False,-2.1634698000000228,-1.4667591864406708,ORB_50PCT
TMPV,2025-12-11,BUY,2025-12-11 10:10:00,2025-12-11 10:15:00,10:15,344.9724,344.7,341.75,2.9499999999999886,341.75,3.2223999999999933,351.4172,2025-12-11 15:25:00,346.95,END_OF_DAY,False,1.2856775999999954,0.39898138033763597,ORB_BOUNDARY
TMPV,2025-12-12,SELL,2025-12-12 09:30:00,2025-12-12 09:35:00,09:35,346.776525,349.15,347.15,2.0,347.776525,1.0,344.776525,2025-12-12 12:40:00,344.776525,TARGET,False,1.30844695,1.30844695,ORB_50PCT
TMPV,2025-12-12,SELL,2025-12-12 09:30:00,2025-12-12 09:35:00,09:35,346.776525,349.15,347.15,2.0,349.15,2.373474999999985,342.029575,2025-12-12 14:05:00,349.15,STOP_LOSS,False,-3.069401524999985,-1.2932099663994794,ORB_BOUNDARY
TMPV,2025-12-15,SELL,2025-12-15 09:30:00,2025-12-15 09:35:00,09:35,344.077875,347.45,344.4,3.0500000000000114,345.60287500000004,1.525000000000034,341.02787499999994,2025-12-15 11:50:00,345.60287500000004,STOP_LOSS,False,-2.214680750000034,-1.4522496721311373,ORB_50PCT
TMPV,2025-12-15,SELL,2025-12-15 09:30:00,2025-12-15 09:35:00,09:35,344.077875,347.45,344.4,3.0500000000000114,347.45,3.3721249999999827,337.33362500000004,2025-12-15 15:00:00,347.45,STOP_LOSS,False,-4.063652874999983,-1.2050718389739419,ORB_BOUNDARY
TMPV,2025-12-16,SELL,2025-12-16 12:45:00,2025-12-16 12:50:00,12:50,345.377225,349.35,345.8,3.5500000000000114,347.15222500000004,1.775000000000034,341.82722499999994,2025-12-16 15:25:00,345.45,END_OF_DAY,False,-0.7636022249999788,-0.4301984366196981,ORB_50PCT
TMPV,2025-12-16,SELL,2025-12-16 12:45:00,2025-12-16 12:50:00,12:50,345.377225,349.35,345.8,3.5500000000000114,349.35,3.972775000000013,337.431675,2025-12-16 15:25:00,345.45,END_OF_DAY,False,-0.7636022249999788,-0.1922087772400844,ORB_BOUNDARY
TMPV,2025-12-17,BUY,2025-12-17 09:30:00,2025-12-17 09:35:00,09:35,349.9749,349.2,345.55,3.6499999999999773,348.1499,1.8249999999999886,353.62489999999997,2025-12-17 10:05:00,348.1499,STOP_LOSS,False,-2.5231247999999886,-1.3825341369863038,ORB_50PCT
TMPV,2025-12-17,BUY,2025-12-17 09:30:00,2025-12-17 09:35:00,09:35,349.9749,349.2,345.55,3.6499999999999773,345.55,4.42489999999998,358.82469999999995,2025-12-17 14:35:00,345.55,STOP_LOSS,False,-5.120424899999979,-1.1571843205496175,ORB_BOUNDARY
TMPV,2025-12-18,SELL,2025-12-18 09:30:00,2025-12-18 09:35:00,09:35,339.2303,346.45,339.6,6.849999999999966,342.6553,3.4250000000000114,332.3803,2025-12-18 11:20:00,342.6553,STOP_LOSS,False,-4.106885600000012,-1.1990906861313864,ORB_50PCT
TMPV,2025-12-18,SELL,2025-12-18 09:30:00,2025-12-18 09:35:00,09:35,339.2303,346.45,339.6,6.849999999999966,346.45,7.219699999999989,324.7909,2025-12-18 11:50:00,346.45,STOP_LOSS,False,-7.9053802999999885,-1.0949735169051347,ORB_BOUNDARY
TMPV,2025-12-19,BUY,2025-12-19 15:20:00,2025-12-19 15:25:00,15:25,353.526675,353.1,347.0,6.100000000000023,350.476675,3.0500000000000114,359.62667500000003,2025-12-19 15:25:00,354.55,END_OF_DAY,False,0.3152483249999998,0.1033601065573766,ORB_50PCT
TMPV,2025-12-19,BUY,2025-12-19 15:20:00,2025-12-19 15:25:00,15:25,353.526675,353.1,347.0,6.100000000000023,347.0,6.5266750000000116,366.58002500000003,2025-12-19 15:25:00,354.55,END_OF_DAY,False,0.3152483249999998,0.04830152029938663,ORB_BOUNDARY
TMPV,2025-12-22,BUY,2025-12-22 10:10:00,2025-12-22 10:15:00,10:15,358.179,357.1,353.6,3.5,356.429,1.75,361.679,2025-12-22 15:25:00,358.95,END_OF_DAY,False,0.0538710000000151,0.0307834285714372,ORB_50PCT
TMPV,2025-12-22,BUY,2025-12-22 10:10:00,2025-12-22 10:15:00,10:15,358.179,357.1,353.6,3.5,353.6,4.578999999999951,367.3369999999999,2025-12-22 15:25:00,358.95,END_OF_DAY,False,0.0538710000000151,0.011764795806948171,ORB_BOUNDARY
TMPV,2025-12-23,BUY,2025-12-23 10:20:00,2025-12-23 10:25:00,10:25,361.1805,361.15,357.65,3.5,359.4305,1.75,364.6805,2025-12-23 11:25:00,364.6805,TARGET,False,2.774139,1.5852222857142857,ORB_50PCT
TMPV,2025-12-23,BUY,2025-12-23 10:20:00,2025-12-23 10:25:00,10:25,361.1805,361.15,357.65,3.5,357.65,3.5305000000000177,368.24150000000003,2025-12-23 15:25:00,362.6,END_OF_DAY,False,0.6957195000000277,0.19705976490582755,ORB_BOUNDARY
TMPV,2025-12-24,SELL,2025-12-24 09:30:00,2025-12-24 09:35:00,09:35,361.11935,364.9,362.0,2.8999999999999773,362.56935,1.4499999999999886,358.21935,2025-12-24 15:25:00,359.3,END_OF_DAY,False,1.0989306499999858,0.7578832068965479,ORB_50PCT
TMPV,2025-12-24,SELL,2025-12-24 09:30:00,2025-12-24 09:35:00,09:35,361.11935,364.9,362.0,2.8999999999999773,364.9,3.78064999999998,353.55805000000004,2025-12-24 15:25:00,359.3,END_OF_DAY,False,1.0989306499999858,0.2906724108288235,ORB_BOUNDARY
TMPV,2025-12-26,SELL,2025-12-26 10:05:00,2025-12-26 10:10:00,10:10,356.72155,360.4,357.0,3.3999999999999773,358.42154999999997,1.6999999999999886,353.32155,2025-12-26 15:05:00,358.42154999999997,STOP_LOSS,False,-2.4151430999999888,-1.4206724117647087,ORB_50PCT
TMPV,2025-12-26,SELL,2025-12-26 10:05:00,2025-12-26 10:10:00,10:10,356.72155,360.4,357.0,3.3999999999999773,360.4,3.678449999999998,349.36465,2025-12-26 15:25:00,360.05,END_OF_DAY,False,-4.045221550000032,-1.0997081787165883,ORB_BOUNDARY
TMPV,2025-12-29,SELL,2025-12-29 12:20:00,2025-12-29 12:25:00,12:25,358.0209,362.8,358.25,4.550000000000011,360.29589999999996,2.2749999999999773,353.47090000000003,2025-12-29 15:25:00,358.4,END_OF_DAY,False,-1.0955208999999941,-0.4815476483516506,ORB_50PCT
TMPV,2025-12-29,SELL,2025-12-29 12:20:00,2025-12-29 12:25:00,12:25,358.0209,362.8,358.25,4.550000000000011,362.8,4.779100000000028,348.4626999999999,2025-12-29 15:25:00,358.4,END_OF_DAY,False,-1.0955208999999941,-0.2292316335711719,ORB_BOUNDARY
TMPV,2025-12-30,BUY,2025-12-30 10:10:00,2025-12-30 10:15:00,10:15,362.73127500000004,362.35,358.45,3.900000000000034,360.78127500000005,1.9499999999999886,366.631275,2025-12-30 11:25:00,360.78127500000005,STOP_LOSS,False,-2.6735125499999888,-1.3710320769230793,ORB_50PCT
TMPV,2025-12-30,BUY,2025-12-30 10:10:00,2025-12-30 10:15:00,10:15,362.73127500000004,362.35,358.45,3.900000000000034,358.45,4.281275000000051,371.29382500000014,2025-12-30 15:25:00,361.5,END_OF_DAY,False,-1.9555062750000394,-0.4567579225814778,ORB_BOUNDARY
TMPV,2025-12-31,BUY,2025-12-31 09:30:00,2025-12-31 09:35:00,09:35,363.63172499999996,362.85,360.65,2.2000000000000455,362.53172499999994,1.1000000000000227,365.831725,2025-12-31 09:35:00,362.53172499999994,STOP_LOSS,False,-1.8261634500000228,-1.6601485909090774,ORB_50PCT
TMPV,2025-12-31,BUY,2025-12-31 09:30:00,2025-12-31 09:35:00,09:35,363.63172499999996,362.85,360.65,2.2000000000000455,360.65,2.981724999999983,369.5951749999999,2025-12-31 15:25:00,367.6,END_OF_DAY,False,3.2370432750000626,1.0856277071158744,ORB_BOUNDARY
TMPV,2026-01-01,SELL,2026-01-01 09:35:00,2026-01-01 09:40:00,09:40,365.6171,369.65,366.05,3.599999999999966,367.4171,1.8000000000000114,362.01709999999997,2026-01-01 09:45:00,367.4171,STOP_LOSS,False,-2.5330342000000114,-1.4072412222222197,ORB_50PCT
TMPV,2026-01-01,SELL,2026-01-01 09:35:00,2026-01-01 09:40:00,09:40,365.6171,369.65,366.05,3.599999999999966,369.65,4.032899999999984,357.5513,2026-01-01 09:50:00,369.65,STOP_LOSS,False,-4.7681670999999834,-1.1823172158992294,ORB_BOUNDARY
TMPV,2026-01-01,SELL,2026-01-01 14:25:00,2026-01-01 14:30:00,14:30,365.667075,369.65,366.05,3.599999999999966,367.467075,1.8000000000000114,362.067075,2026-01-01 14:55:00,367.467075,STOP_LOSS,False,-2.5331341500000115,-1.4072967499999975,ORB_50PCT
TMPV,2026-01-01,SELL,2026-01-01 14:25:00,2026-01-01 14:30:00,14:30,365.667075,369.65,366.05,3.599999999999966,369.65,3.982924999999966,357.7012250000001,2026-01-01 15:25:00,368.5,END_OF_DAY,False,-3.567092074999989,-0.8955960945787378,ORB_BOUNDARY
TMPV,2026-01-05,BUY,2026-01-05 10:55:00,2026-01-05 11:00:00,11:00,371.9859,371.7,369.1,2.599999999999966,370.68590000000006,1.2999999999999545,374.5858999999999,2026-01-05 11:05:00,370.68590000000006,STOP_LOSS,False,-2.0426717999999546,-1.5712860000000202,ORB_50PCT
TMPV,2026-01-05,BUY,2026-01-05 10:55:00,2026-01-05 11:00:00,11:00,371.9859,371.7,369.1,2.599999999999966,369.1,2.8858999999999924,377.7577,2026-01-05 15:25:00,373.5,END_OF_DAY,False,0.7686140999999849,0.2663342804670941,ORB_BOUNDARY
TMPV,2026-01-07,SELL,2026-01-07 09:35:00,2026-01-07 09:40:00,09:40,360.51965,367.25,361.3,5.949999999999989,363.49465,2.974999999999966,354.5696500000001,2026-01-07 14:50:00,363.49465,STOP_LOSS,False,-3.6990142999999662,-1.2433661512605072,ORB_50PCT
TMPV,2026-01-07,SELL,2026-01-07 09:35:00,2026-01-07 09:40:00,09:40,360.51965,367.25,361.3,5.949999999999989,367.25,6.730349999999987,347.05895000000004,2026-01-07 15:25:00,363.0,END_OF_DAY,False,-3.2038696499999872,-0.47603314092134785,ORB_BOUNDARY
TMPV,2026-01-08,SELL,2026-01-08 10:15:00,2026-01-08 10:20:00,10:20,361.41920000000005,365.35,362.0,3.3500000000000227,363.09420000000006,1.6750000000000114,358.0692,2026-01-08 15:25:00,358.0692,TARGET,False,2.6305116000000224,1.570454686567167,ORB_50PCT
TMPV,2026-01-08,SELL,2026-01-08 10:15:00,2026-01-08 10:20:00,10:20,361.41920000000005,365.35,362.0,3.3500000000000227,365.35,3.9307999999999765,353.5576000000001,2026-01-08 15:25:00,358.65,END_OF_DAY,False,2.0491308000000688,0.5213012109494457,ORB_BOUNDARY
TMPV,2026-01-09,SELL,2026-01-09 09:30:00,2026-01-09 09:35:00,09:35,354.72254999999996,359.75,355.75,4.0,356.72254999999996,2.0,350.72254999999996,2026-01-09 09:45:00,356.72254999999996,STOP_LOSS,False,-2.7114450999999997,-1.3557225499999999,ORB_50PCT
TMPV,2026-01-09,SELL,2026-01-09 09:30:00,2026-01-09 09:35:00,09:35,354.72254999999996,359.75,355.75,4.0,359.75,5.027450000000044,344.66764999999987,2026-01-09 15:25:00,355.15,END_OF_DAY,False,-1.1373225500000217,-0.22622254821032764,ORB_BOUNDARY
TMPV,2026-01-12,SELL,2026-01-12 10:35:00,2026-01-12 10:40:00,10:40,349.17532500000004,354.15,349.8,4.349999999999966,351.350325,2.1749999999999545,344.82532500000013,2026-01-12 12:25:00,351.350325,STOP_LOSS,False,-2.875525649999955,-1.3220807586206966,ORB_50PCT
TMPV,2026-01-12,SELL,2026-01-12 10:35:00,2026-01-12 10:40:00,10:40,349.17532500000004,354.15,349.8,4.349999999999966,354.15,4.974674999999934,339.2259750000002,2026-01-12 15:25:00,350.6,END_OF_DAY,False,-2.1244503249999793,-0.427053088895256,ORB_BOUNDARY
TMPV,2026-01-13,SELL,2026-01-13 09:30:00,2026-01-13 09:35:00,09:35,347.02639999999997,351.9,348.25,3.6499999999999773,348.85139999999996,1.8249999999999886,343.3764,2026-01-13 10:25:00,348.85139999999996,STOP_LOSS,False,-2.5208777999999885,-1.3813029041095914,ORB_50PCT
TMPV,2026-01-13,SELL,2026-01-13 09:30:00,2026-01-13 09:35:00,09:35,347.02639999999997,351.9,348.25,3.6499999999999773,351.9,4.87360000000001,337.27919999999995,2026-01-13 15:25:00,348.45,END_OF_DAY,False,-2.1190764000000217,-0.43480720617203245,ORB_BOUNDARY
TMPV,2026-01-14,BUY,2026-01-14 09:50:00,2026-01-14 09:55:00,09:55,352.926375,352.3,347.1,5.199999999999989,350.326375,2.6000000000000227,358.12637500000005,2026-01-14 13:45:00,350.326375,STOP_LOSS,False,-3.3032527500000226,-1.2704818269230744,ORB_50PCT
TMPV,2026-01-14,BUY,2026-01-14 09:50:00,2026-01-14 09:55:00,09:55,352.926375,352.3,347.1,5.199999999999989,347.1,5.8263749999999845,364.579125,2026-01-14 15:25:00,349.0,END_OF_DAY,False,-4.6283013750000075,-0.7943706635772706,ORB_BOUNDARY
TMPV,2026-01-16,BUY,2026-01-16 10:15:00,2026-01-16 10:20:00,10:20,354.9774,353.95,349.65,4.300000000000011,352.8274,2.1499999999999773,359.27739999999994,2026-01-16 10:40:00,359.27739999999994,TARGET,False,3.5857451999999546,1.6677884651162755,ORB_50PCT
TMPV,2026-01-16,BUY,2026-01-16 10:15:00,2026-01-16 10:20:00,10:20,354.9774,353.95,349.65,4.300000000000011,349.65,5.3274000000000115,365.6322,2026-01-16 15:25:00,354.0,END_OF_DAY,False,-1.6863773999999887,-0.31654792206329263,ORB_BOUNDARY
TMPV,2026-01-19,SELL,2026-01-19 09:30:00,2026-01-19 09:35:00,09:35,340.62960000000004,353.6,341.0,12.600000000000023,346.92960000000005,6.300000000000011,328.0296,2026-01-19 15:25:00,343.55,END_OF_DAY,False,-3.6045795999999726,-0.5721554920634867,ORB_50PCT
TMPV,2026-01-19,SELL,2026-01-19 09:30:00,2026-01-19 09:35:00,09:35,340.62960000000004,353.6,341.0,12.600000000000023,353.6,12.970399999999984,314.68880000000007,2026-01-19 15:25:00,343.55,END_OF_DAY,False,-3.6045795999999726,-0.2779081292789719,ORB_BOUNDARY
TMPV,2026-01-20,SELL,2026-01-20 09:35:00,2026-01-20 09:40:00,09:40,341.6291,346.6,342.65,3.9500000000000455,343.6041,1.9750000000000227,337.67909999999995,2026-01-20 12:20:00,337.67909999999995,TARGET,False,3.2706918000000456,1.6560464810126623,ORB_50PCT
TMPV,2026-01-20,SELL,2026-01-20 09:35:00,2026-01-20 09:40:00,09:40,341.6291,346.6,342.65,3.9500000000000455,346.6,4.970900000000029,331.68729999999994,2026-01-20 15:25:00,338.0,END_OF_DAY,False,2.949470899999994,0.593347462230175,ORB_BOUNDARY
TMPV,2026-01-21,BUY,2026-01-21 09:30:00,2026-01-21 09:35:00,09:35,341.37059999999997,340.9,335.95,4.949999999999989,338.89559999999994,2.4750000000000227,346.3206,2026-01-21 10:55:00,338.89559999999994,STOP_LOSS,False,-3.155266200000023,-1.274855030303028,ORB_50PCT
TMPV,2026-01-21,BUY,2026-01-21 09:30:00,2026-01-21 09:35:00,09:35,341.37059999999997,340.9,335.95,4.949999999999989,335.95,5.420599999999979,352.2117999999999,2026-01-21 15:25:00,339.2,END_OF_DAY,False,-2.8511705999999792,-0.5259880087075214,ORB_BOUNDARY
TMPV,2026-01-22,BUY,2026-01-22 09:30:00,2026-01-22 09:35:00,09:35,349.724775,348.4,343.1,5.2999999999999545,347.07477500000005,2.6499999999999773,355.024775,2026-01-22 10:50:00,347.07477500000005,STOP_LOSS,False,-3.3467995499999774,-1.2629432264150966,ORB_50PCT
TMPV,2026-01-22,BUY,2026-01-22 09:30:00,2026-01-22 09:35:00,09:35,349.724775,348.4,343.1,5.2999999999999545,343.1,6.624775,362.974325,2026-01-22 15:25:00,347.3,END_OF_DAY,False,-3.121799775000011,-0.4712310644512472,ORB_BOUNDARY
TMPV,2026-01-23,BUY,2026-01-23 09:45:00,2026-01-23 09:50:00,09:50,349.47465,349.15,344.9,4.25,347.34965,2.125,353.72465,2026-01-23 10:55:00,347.34965,STOP_LOSS,False,-2.8218243000000003,-1.327917317647059,ORB_50PCT
TMPV,2026-01-23,BUY,2026-01-23 09:45:00,2026-01-23 09:50:00,09:50,349.47465,349.15,344.9,4.25,344.9,4.57465000000002,358.62395000000004,2026-01-23 11:40:00,344.9,STOP_LOSS,False,-5.26902465000002,-1.1517874919392734,ORB_BOUNDARY
TMPV,2026-01-23,SELL,2026-01-23 12:05:00,2026-01-23 12:10:00,12:10,344.67757500000005,349.15,344.9,4.25,346.80257500000005,2.125,340.42757500000005,2026-01-23 15:25:00,344.85,END_OF_DAY,False,-0.8619525749999757,-0.40562474117645914,ORB_50PCT
TMPV,2026-01-23,SELL,2026-01-23 12:05:00,2026-01-23 12:10:00,12:10,344.67757500000005,349.15,344.9,4.25,349.15,4.47242499999993,335.7327250000002,2026-01-23 15:25:00,344.85,END_OF_DAY,False,-0.8619525749999757,-0.19272599875906005,ORB_BOUNDARY
TMPV,2026-01-27,SELL,2026-01-27 14:00:00,2026-01-27 14:05:00,14:05,336.581625,345.0,337.1,7.899999999999977,340.53162499999996,3.9499999999999886,328.681625,2026-01-27 14:55:00,340.53162499999996,STOP_LOSS,False,-4.627113249999988,-1.1714210759493675,ORB_50PCT
TMPV,2026-01-27,SELL,2026-01-27 14:00:00,2026-01-27 14:05:00,14:05,336.581625,345.0,337.1,7.899999999999977,345.0,8.418375000000026,319.7448749999999,2026-01-27 15:25:00,340.0,END_OF_DAY,False,-4.094956625000026,-0.4864307690023328,ORB_BOUNDARY
TMPV,2026-01-28,SELL,2026-01-28 10:05:00,2026-01-28 10:10:00,10:10,340.379725,346.6,341.1,5.5,343.129725,2.75,334.879725,2026-01-28 15:25:00,341.0,END_OF_DAY,False,-1.3016547249999924,-0.47332899090908814,ORB_50PCT
TMPV,2026-01-28,SELL,2026-01-28 10:05:00,2026-01-28 10:10:00,10:10,340.379725,346.6,341.1,5.5,346.6,6.220275000000015,327.939175,2026-01-28 15:25:00,341.0,END_OF_DAY,False,-1.3016547249999924,-0.20925999654355945,ORB_BOUNDARY
TMPV,2026-01-29,SELL,2026-01-29 09:35:00,2026-01-29 09:40:00,09:40,337.181325,341.3,338.35,2.9499999999999886,338.65632500000004,1.4750000000000227,334.23132499999997,2026-01-29 11:15:00,338.65632500000004,STOP_LOSS,False,-2.150837650000023,-1.4581950169491456,ORB_50PCT
TMPV,2026-01-29,SELL,2026-01-29 09:35:00,2026-01-29 09:40:00,09:40,337.181325,341.3,338.35,2.9499999999999886,341.3,4.118674999999996,328.943975,2026-01-29 12:05:00,341.3,STOP_LOSS,False,-4.797156324999996,-1.1647329116766922,ORB_BOUNDARY
TMPV,2026-01-30,SELL,2026-01-30 10:05:00,2026-01-30 10:10:00,10:10,349.32525,353.0,349.85,3.1499999999999773,350.90024999999997,1.5749999999999886,346.17525,2026-01-30 14:00:00,350.90024999999997,STOP_LOSS,False,-2.275225499999989,-1.4445876190476223,ORB_50PCT
TMPV,2026-01-30,SELL,2026-01-30 10:05:00,2026-01-30 10:10:00,10:10,349.32525,353.0,349.85,3.1499999999999773,353.0,3.6747500000000173,341.97574999999995,2026-01-30 15:25:00,349.25,END_OF_DAY,False,-0.6233252500000173,-0.16962385196272245,ORB_BOUNDARY
TMPV,2026-02-01,BUY,2026-02-01 09:45:00,2026-02-01 09:50:00,09:50,351.67575,349.95,347.1,2.849999999999966,350.25075000000004,1.4249999999999545,354.5257499999999,2026-02-01 10:05:00,354.5257499999999,TARGET,False,2.1437984999999093,1.5044199999999843,ORB_50PCT
TMPV,2026-02-01,BUY,2026-02-01 09:45:00,2026-02-01 09:50:00,09:50,351.67575,349.95,347.1,2.849999999999966,347.1,4.575749999999971,360.82724999999994,2026-02-01 12:20:00,347.1,STOP_LOSS,False,-5.274525749999971,-1.1527128339616466,ORB_BOUNDARY
TMPV,2026-02-01,SELL,2026-02-01 12:25:00,2026-02-01 12:30:00,12:30,345.277275,349.95,347.1,2.849999999999966,346.702275,1.4250000000000114,342.42727499999995,2026-02-01 12:30:00,342.42727499999995,TARGET,False,2.162295450000023,1.5174003157894775,ORB_50PCT
TMPV,2026-02-01,SELL,2026-02-01 12:25:00,2026-02-01 12:30:00,12:30,345.277275,349.95,347.1,2.849999999999966,349.95,4.672725000000014,335.93182499999995,2026-02-01 15:25:00,343.2,END_OF_DAY,False,1.388797724999986,0.2972136654735688,ORB_BOUNDARY
TMPV,2026-02-02,BUY,2026-02-02 09:50:00,2026-02-02 09:55:00,09:55,352.5762,352.0,341.1,10.899999999999977,347.1262,5.449999999999989,363.47619999999995,2026-02-02 15:15:00,363.47619999999995,TARGET,False,10.183947599999977,1.8686142385321096,ORB_50PCT
TMPV,2026-02-02,BUY,2026-02-02 09:50:00,2026-02-02 09:55:00,09:55,352.5762,352.0,341.1,10.899999999999977,341.1,11.476199999999949,375.52859999999987,2026-02-02 15:25:00,364.0,END_OF_DAY,False,10.707223800000028,0.9329938307105206,ORB_BOUNDARY
TMPV,2026-02-03,SELL,2026-02-03 09:35:00,2026-02-03 09:40:00,09:40,369.21529999999996,384.6,370.0,14.600000000000023,376.51529999999997,7.300000000000011,354.61529999999993,2026-02-03 15:25:00,372.0,END_OF_DAY,False,-3.5259153000000434,-0.48300209589041615,ORB_50PCT
TMPV,2026-02-03,SELL,2026-02-03 09:35:00,2026-02-03 09:40:00,09:40,369.21529999999996,384.6,370.0,14.600000000000023,384.6,15.384700000000066,338.4458999999998,2026-02-03 15:25:00,372.0,END_OF_DAY,False,-3.5259153000000434,-0.22918323399221488,ORB_BOUNDARY
TMPV,2026-02-04,SELL,2026-02-04 10:35:00,2026-02-04 10:40:00,10:40,370.31475,377.6,370.8,6.800000000000011,373.71475,3.3999999999999773,363.51475000000005,2026-02-04 14:10:00,373.71475,STOP_LOSS,False,-4.144029499999977,-1.2188322058823544,ORB_50PCT
TMPV,2026-02-04,SELL,2026-02-04 10:35:00,2026-02-04 10:40:00,10:40,370.31475,377.6,370.8,6.800000000000011,377.6,7.285250000000019,355.74424999999997,2026-02-04 15:25:00,375.4,END_OF_DAY,False,-5.830964749999974,-0.8003794996739931,ORB_BOUNDARY
TMPV,2026-02-05,SELL,2026-02-05 09:30:00,2026-02-05 09:35:00,09:35,364.91745000000003,375.0,366.5,8.5,369.16745000000003,4.25,356.41745000000003,2026-02-05 12:40:00,369.16745000000003,STOP_LOSS,False,-4.9840849,-1.1727258588235294,ORB_50PCT
TMPV,2026-02-05,SELL,2026-02-05 09:30:00,2026-02-05 09:35:00,09:35,364.91745000000003,375.0,366.5,8.5,375.0,10.08254999999997,344.7523500000001,2026-02-05 15:00:00,375.0,STOP_LOSS,False,-10.82246744999997,-1.073385944032016,ORB_BOUNDARY
TMPV,2026-02-06,BUY,2026-02-06 09:45:00,2026-02-06 09:50:00,09:50,378.88935,378.55,361.0,17.55000000000001,370.11434999999994,8.775000000000034,396.43935000000005,2026-02-06 12:25:00,370.11434999999994,STOP_LOSS,False,-9.524003700000033,-1.0853565470085467,ORB_50PCT
TMPV,2026-02-06,BUY,2026-02-06 09:45:00,2026-02-06 09:50:00,09:50,378.88935,378.55,361.0,17.55000000000001,361.0,17.88934999999998,414.66804999999994,2026-02-06 15:25:00,369.0,END_OF_DAY,False,-10.637239349999978,-0.594612959665946,ORB_BOUNDARY
TMPV,2026-02-09,BUY,2026-02-09 10:05:00,2026-02-09 10:10:00,10:10,375.08745,373.7,369.6,4.099999999999966,373.03745000000004,2.0499999999999545,379.1874499999999,2026-02-09 12:00:00,379.1874499999999,TARGET,False,3.345725099999909,1.6320610243902358,ORB_50PCT
TMPV,2026-02-09,BUY,2026-02-09 10:05:00,2026-02-09 10:10:00,10:10,375.08745,373.7,369.6,4.099999999999966,369.6,5.487449999999967,386.0623499999999,2026-02-09 15:25:00,377.2,END_OF_DAY,False,1.3602625499999987,0.24788609463412092,ORB_BOUNDARY
TMPV,2026-02-10,SELL,2026-02-10 09:30:00,2026-02-10 09:35:00,09:35,377.0114,382.5,377.75,4.75,379.3864,2.375,372.2614,2026-02-10 09:35:00,379.3864,STOP_LOSS,False,-3.1313978000000002,-1.3184832842105265,ORB_50PCT
TMPV,2026-02-10,SELL,2026-02-10 09:30:00,2026-02-10 09:35:00,09:35,377.0114,382.5,377.75,4.75,382.5,5.4886000000000195,366.03419999999994,2026-02-10 15:25:00,378.6,END_OF_DAY,False,-2.3442114000000425,-0.42710552782130856,ORB_BOUNDARY
TMPV,2026-02-11,BUY,2026-02-11 10:45:00,2026-02-11 10:50:00,10:50,385.9929,385.6,382.1,3.5,384.2429,1.75,389.4929,2026-02-11 12:00:00,384.2429,STOP_LOSS,False,-2.5202358,-1.440134742857143,ORB_50PCT
TMPV,2026-02-11,BUY,2026-02-11 10:45:00,2026-02-11 10:50:00,10:50,385.9929,385.6,382.1,3.5,382.1,3.8928999999999974,393.7787,2026-02-11 15:25:00,384.1,END_OF_DAY,False,-2.662992899999997,-0.6840640396619484,ORB_BOUNDARY
TMPV,2026-02-12,BUY,2026-02-12 10:20:00,2026-02-12 10:25:00,10:25,385.89285,385.6,380.45,5.150000000000034,383.31785,2.5749999999999886,391.04285,2026-02-12 11:50:00,383.31785,STOP_LOSS,False,-3.344210699999989,-1.298722601941749,ORB_50PCT
TMPV,2026-02-12,BUY,2026-02-12 10:20:00,2026-02-12 10:25:00,10:25,385.89285,385.6,380.45,5.150000000000034,380.45,5.442850000000021,396.77855000000005,2026-02-12 14:45:00,380.45,STOP_LOSS,False,-6.209192850000021,-1.1407980837245189,ORB_BOUNDARY
TMPV,2026-02-13,SELL,2026-02-13 09:30:00,2026-02-13 09:35:00,09:35,377.11135,382.25,377.7,4.550000000000011,379.38635,2.2749999999999773,372.56135000000006,2026-02-13 11:35:00,379.38635,STOP_LOSS,False,-3.0314976999999774,-1.3325264615384649,ORB_50PCT
TMPV,2026-02-13,SELL,2026-02-13 09:30:00,2026-02-13 09:35:00,09:35,377.11135,382.25,377.7,4.550000000000011,382.25,5.138649999999984,366.83405000000005,2026-02-13 11:55:00,382.25,STOP_LOSS,False,-5.898011349999984,-1.147774483570588,ORB_BOUNDARY
TMPV,2026-02-13,BUY,2026-02-13 12:00:00,2026-02-13 12:05:00,12:05,383.241525,382.25,377.7,4.550000000000011,380.96652500000005,2.2749999999999773,387.791525,2026-02-13 14:20:00,380.96652500000005,STOP_LOSS,False,-3.0392080499999774,-1.3359156263736298,ORB_50PCT
TMPV,2026-02-13,BUY,2026-02-13 12:00:00,2026-02-13 12:05:00,12:05,383.241525,382.25,377.7,4.550000000000011,377.7,5.541525000000036,394.3245750000001,2026-02-13 15:25:00,379.0,END_OF_DAY,False,-5.0037665250000245,-0.9029583959289171,ORB_BOUNDARY
TMPV,2026-02-16,SELL,2026-02-16 09:45:00,2026-02-16 09:50:00,09:50,376.4117,379.6,376.55,3.0500000000000114,377.9367,1.5249999999999773,373.36170000000004,2026-02-16 10:10:00,377.9367,STOP_LOSS,False,-2.2793483999999773,-1.4946546885245975,ORB_50PCT
TMPV,2026-02-16,SELL,2026-02-16 09:45:00,2026-02-16 09:50:00,09:50,376.4117,379.6,376.55,3.0500000000000114,379.6,3.1883000000000266,370.03509999999994,2026-02-16 15:25:00,377.15,END_OF_DAY,False,-1.4918616999999812,-0.4679176049932468,ORB_BOUNDARY
TMPV,2026-02-17,BUY,2026-02-17 09:40:00,2026-02-17 09:45:00,09:45,377.23852500000004,377.0,373.55,3.4499999999999886,375.5135250000001,1.724999999999966,380.68852499999997,2026-02-17 11:10:00,380.68852499999997,TARGET,False,2.6920729499999316,1.5606219999999913,ORB_50PCT
TMPV,2026-02-17,BUY,2026-02-17 09:40:00,2026-02-17 09:45:00,09:45,377.23852500000004,377.0,373.55,3.4499999999999886,373.55,3.688525000000027,384.6155750000001,2026-02-17 15:25:00,383.2,END_OF_DAY,False,5.201036474999951,1.410058620993463,ORB_BOUNDARY
TMPV,2026-02-18,BUY,2026-02-18 09:35:00,2026-02-18 09:40:00,09:40,384.99240000000003,384.5,381.0,3.5,383.24240000000003,1.75,388.49240000000003,2026-02-18 09:45:00,383.24240000000003,STOP_LOSS,False,-2.5182348,-1.4389913142857143,ORB_50PCT
TMPV,2026-02-18,BUY,2026-02-18 09:35:00,2026-02-18 09:40:00,09:40,384.99240000000003,384.5,381.0,3.5,381.0,3.992400000000032,392.9772000000001,2026-02-18 11:30:00,381.0,STOP_LOSS,False,-4.758392400000032,-1.1918626390141254,ORB_BOUNDARY
TMPV,2026-02-18,SELL,2026-02-18 11:40:00,2026-02-18 11:45:00,11:45,380.10985,384.5,381.0,3.5,381.85985,1.75,376.60985,2026-02-18 14:10:00,381.85985,STOP_LOSS,False,-2.5119697,-1.435411257142857,ORB_50PCT
TMPV,2026-02-18,SELL,2026-02-18 11:40:00,2026-02-18 11:45:00,11:45,380.10985,384.5,381.0,3.5,384.5,4.3901500000000055,371.32955,2026-02-18 15:25:00,382.8,END_OF_DAY,False,-3.4530598500000167,-0.7865471225356793,ORB_BOUNDARY
TMPV,2026-02-19,SELL,2026-02-19 11:55:00,2026-02-19 12:00:00,12:00,381.559125,386.45,381.9,4.550000000000011,383.834125,2.2749999999999773,377.00912500000004,2026-02-19 14:45:00,377.00912500000004,TARGET,False,3.7914317499999544,1.6665634065934032,ORB_50PCT
TMPV,2026-02-19,SELL,2026-02-19 11:55:00,2026-02-19 12:00:00,12:00,381.559125,386.45,381.9,4.550000000000011,386.45,4.890874999999994,371.777375,2026-02-19 15:25:00,375.2,END_OF_DAY,False,5.602365875000006,1.1454731259743935,ORB_BOUNDARY
TMPV,2026-02-20,BUY,2026-02-20 09:45:00,2026-02-20 09:50:00,09:50,378.339075,377.55,374.6,2.9499999999999886,376.86407499999996,1.4750000000000227,381.289075,2026-02-20 10:05:00,376.86407499999996,STOP_LOSS,False,-2.2302031500000226,-1.5120021355932123,ORB_50PCT
TMPV,2026-02-20,BUY,2026-02-20 09:45:00,2026-02-20 09:50:00,09:50,378.339075,377.55,374.6,2.9499999999999886,374.6,3.739074999999957,385.8172249999999,2026-02-20 15:25:00,378.3,END_OF_DAY,False,-0.7957140749999685,-0.21281040765429354,ORB_BOUNDARY
TMPV,2026-02-23,SELL,2026-02-23 14:20:00,2026-02-23 14:25:00,14:25,377.261275,384.0,377.55,6.449999999999989,380.486275,3.224999999999966,370.8112750000001,2026-02-23 15:25:00,379.05,END_OF_DAY,False,-2.5450362749999993,-0.789158534883729,ORB_50PCT
TMPV,2026-02-23,SELL,2026-02-23 14:20:00,2026-02-23 14:25:00,14:25,377.261275,384.0,377.55,6.449999999999989,384.0,6.738724999999988,363.78382500000004,2026-02-23 15:25:00,379.05,END_OF_DAY,False,-2.5450362749999993,-0.37767326534322204,ORB_BOUNDARY
TMPV,2026-02-24,BUY,2026-02-24 09:45:00,2026-02-24 09:50:00,09:50,379.53967500000005,378.5,376.25,2.25,378.41467500000005,1.125,381.78967500000005,2026-02-24 10:40:00,378.41467500000005,STOP_LOSS,False,-1.88295435,-1.6737372000000001,ORB_50PCT
TMPV,2026-02-24,BUY,2026-02-24 09:45:00,2026-02-24 09:50:00,09:50,379.53967500000005,378.5,376.25,2.25,376.25,3.289675000000045,386.11902500000014,2026-02-24 12:20:00,376.25,STOP_LOSS,False,-4.045464675000045,-1.2297460007447512,ORB_BOUNDARY
TMPV,2026-02-24,SELL,2026-02-24 12:45:00,2026-02-24 12:50:00,12:50,375.86197500000003,378.5,376.25,2.25,376.98697500000003,1.125,373.61197500000003,2026-02-24 13:05:00,376.98697500000003,STOP_LOSS,False,-1.8778489500000002,-1.6691990666666667,ORB_50PCT
TMPV,2026-02-24,SELL,2026-02-24 12:45:00,2026-02-24 12:50:00,12:50,375.86197500000003,378.5,376.25,2.25,378.5,2.6380249999999705,370.5859250000001,2026-02-24 15:25:00,377.75,END_OF_DAY,False,-2.6416369749999706,-1.001369196652799,ORB_BOUNDARY
TMPV,2026-02-25,BUY,2026-02-25 10:00:00,2026-02-25 10:05:00,10:05,381.140475,380.25,376.1,4.149999999999977,379.065475,2.0749999999999886,385.29047499999996,2026-02-25 12:30:00,385.29047499999996,TARGET,False,3.383569049999977,1.6306356867469858,ORB_50PCT
TMPV,2026-02-25,BUY,2026-02-25 10:00:00,2026-02-25 10:05:00,10:05,381.140475,380.25,376.1,4.149999999999977,376.1,5.040474999999958,391.2214249999999,2026-02-25 15:25:00,381.6,END_OF_DAY,False,-0.30321547499995816,-0.06015613111858717,ORB_BOUNDARY
TMPV,2026-02-26,BUY,2026-02-26 09:40:00,2026-02-26 09:45:00,09:45,383.941875,383.35,380.1,3.25,382.316875,1.625,387.191875,2026-02-26 10:05:00,387.191875,TARGET,False,2.4788662500000003,1.525456153846154,ORB_50PCT
TMPV,2026-02-26,BUY,2026-02-26 09:40:00,2026-02-26 09:45:00,09:45,383.941875,383.35,380.1,3.25,380.1,3.841874999999959,391.6256249999999,2026-02-26 10:45:00,391.6256249999999,TARGET,False,6.908182499999918,1.798127867252316,ORB_BOUNDARY
TMPV,2026-02-26,BUY,2026-02-26 14:40:00,2026-02-26 14:45:00,14:45,389.29455,383.35,380.1,3.25,387.66955,1.625,392.54455,2026-02-26 15:25:00,392.54455,TARGET,False,2.4681609,1.518868246153846,ORB_50PCT
TMPV,2026-02-26,BUY,2026-02-26 14:40:00,2026-02-26 14:45:00,14:45,389.29455,383.35,380.1,3.25,380.1,9.194549999999992,407.68365,2026-02-26 15:25:00,393.05,END_OF_DAY,False,2.9731054499999963,0.32335518867154983,ORB_BOUNDARY
TMPV,2026-02-27,SELL,2026-02-27 09:35:00,2026-02-27 09:40:00,09:40,389.70504999999997,394.05,390.2,3.8500000000000227,391.63005,1.9250000000000114,385.85504999999995,2026-02-27 15:00:00,385.85504999999995,TARGET,False,3.074439900000023,1.5971116363636388,ORB_50PCT
TMPV,2026-02-27,SELL,2026-02-27 09:35:00,2026-02-27 09:40:00,09:40,389.70504999999997,394.05,390.2,3.8500000000000227,394.05,4.34495000000004,381.0151499999999,2026-02-27 15:25:00,381.0151499999999,TARGET,False,7.91917980000008,1.8226170151555272,ORB_BOUNDARY
TMPV,2026-03-04,SELL,2026-03-04 10:20:00,2026-03-04 10:25:00,10:25,354.62260000000003,363.9,355.2,8.699999999999989,358.97260000000006,4.350000000000023,345.9226,2026-03-04 15:25:00,351.0,END_OF_DAY,False,2.916977400000034,0.6705695172413837,ORB_50PCT
TMPV,2026-03-04,SELL,2026-03-04 10:20:00,2026-03-04 10:25:00,10:25,354.62260000000003,363.9,355.2,8.699999999999989,363.9,9.277399999999943,336.06780000000015,2026-03-04 15:25:00,351.0,END_OF_DAY,False,2.916977400000034,0.3144175523314778,ORB_BOUNDARY
TMPV,2026-03-05,SELL,2026-03-05 09:35:00,2026-03-05 09:40:00,09:40,351.274275,355.9,353.0,2.8999999999999773,352.724275,1.4499999999999886,348.374275,2026-03-05 09:55:00,352.724275,STOP_LOSS,False,-2.1539985499999887,-1.4855162413793142,ORB_50PCT
TMPV,2026-03-05,SELL,2026-03-05 09:35:00,2026-03-05 09:40:00,09:40,351.274275,355.9,353.0,2.8999999999999773,355.9,4.6257249999999885,342.022825,2026-03-05 14:50:00,355.9,STOP_LOSS,False,-5.332899274999988,-1.1528785811953806,ORB_BOUNDARY
TMPV,2026-03-06,SELL,2026-03-06 10:40:00,2026-03-06 10:45:00,10:45,350.274775,354.35,350.5,3.8500000000000227,352.199775,1.9250000000000114,346.42477499999995,2026-03-06 11:50:00,352.199775,STOP_LOSS,False,-2.627474550000011,-1.364921844155842,ORB_50PCT
TMPV,2026-03-06,SELL,2026-03-06 10:40:00,2026-03-06 10:45:00,10:45,350.274775,354.35,350.5,3.8500000000000227,354.35,4.075225000000046,342.1243249999999,2026-03-06 15:25:00,350.85,END_OF_DAY,False,-1.2763497750000459,-0.3131973756050357,ORB_BOUNDARY
TMPV,2026-03-09,SELL,2026-03-09 12:45:00,2026-03-09 12:50:00,12:50,330.23479999999995,342.9,330.85,12.049999999999955,336.2597999999999,6.024999999999977,318.1848,2026-03-09 15:25:00,332.2,END_OF_DAY,False,-2.6276348000000382,-0.43612195850623203,ORB_50PCT
TMPV,2026-03-09,SELL,2026-03-09 12:45:00,2026-03-09 12:50:00,12:50,330.23479999999995,342.9,330.85,12.049999999999955,342.9,12.665200000000027,304.9043999999999,2026-03-09 15:25:00,332.2,END_OF_DAY,False,-2.6276348000000382,-0.2074688753434634,ORB_BOUNDARY
TMPV,2026-03-10,SELL,2026-03-10 09:30:00,2026-03-10 09:35:00,09:35,335.18232500000005,339.85,335.4,4.4500000000000455,337.40732500000007,2.2250000000000227,330.732325,2026-03-10 10:05:00,337.40732500000007,STOP_LOSS,False,-2.8975896500000227,-1.3022874831460642,ORB_50PCT
TMPV,2026-03-10,SELL,2026-03-10 09:30:00,2026-03-10 09:35:00,09:35,335.18232500000005,339.85,335.4,4.4500000000000455,339.85,4.667674999999974,325.8469750000001,2026-03-10 11:15:00,339.85,STOP_LOSS,False,-5.342707324999974,-1.144618535994902,ORB_BOUNDARY
TMPV,2026-03-10,BUY,2026-03-10 11:20:00,2026-03-10 11:25:00,11:25,341.1705,339.85,335.4,4.4500000000000455,338.9455,2.2250000000000227,345.62050000000005,2026-03-10 12:30:00,338.9455,STOP_LOSS,False,-2.9051160000000227,-1.3056701123595473,ORB_50PCT
TMPV,2026-03-10,BUY,2026-03-10 11:20:00,2026-03-10 11:25:00,11:25,341.1705,339.85,335.4,4.4500000000000455,335.4,5.770500000000027,352.71150000000006,2026-03-10 15:25:00,344.4,END_OF_DAY,False,2.5439294999999733,0.4408507928255717,ORB_BOUNDARY
TMPV,2026-03-11,SELL,2026-03-11 10:05:00,2026-03-11 10:10:00,10:10,342.97842499999996,347.0,343.55,3.4499999999999886,344.7034249999999,1.724999999999966,339.528425,2026-03-11 11:20:00,339.528425,TARGET,False,2.7674931499999316,1.6043438550724558,ORB_50PCT
TMPV,2026-03-11,SELL,2026-03-11 10:05:00,2026-03-11 10:10:00,10:10,342.97842499999996,347.0,343.55,3.4499999999999886,347.0,4.021575000000041,334.9352749999999,2026-03-11 15:20:00,334.9352749999999,TARGET,False,7.365236300000083,1.8314307951486688,ORB_BOUNDARY
TMPV,2026-03-13,SELL,2026-03-13 09:30:00,2026-03-13 09:35:00,09:35,319.390225,324.15,320.05,4.099999999999966,321.44022499999994,2.0499999999999545,315.2902250000001,2026-03-13 09:55:00,315.2902250000001,TARGET,False,3.4653195499999088,1.690399780487798,ORB_50PCT
TMPV,2026-03-13,SELL,2026-03-13 09:30:00,2026-03-13 09:35:00,09:35,319.390225,324.15,320.05,4.099999999999966,324.15,4.7597749999999905,309.870675,2026-03-13 12:55:00,309.870675,TARGET,False,8.89028909999998,1.867796082798031,ORB_BOUNDARY
TMPV,2026-03-13,SELL,2026-03-13 15:20:00,2026-03-13 15:25:00,15:25,313.843,324.15,320.05,4.099999999999966,315.89300000000003,2.0500000000000114,309.743,2026-03-13 15:25:00,314.2,END_OF_DAY,False,-0.9850429999999709,-0.480508780487788,ORB_50PCT
TMPV,2026-03-13,SELL,2026-03-13 15:20:00,2026-03-13 15:25:00,15:25,313.843,324.15,320.05,4.099999999999966,324.15,10.30699999999996,293.2290000000001,2026-03-13 15:25:00,314.2,END_OF_DAY,False,-0.9850429999999709,-0.09557029203453718,ORB_BOUNDARY
TMPV,2026-03-16,SELL,2026-03-16 09:55:00,2026-03-16 10:00:00,10:00,310.54465,316.45,311.55,4.899999999999977,312.99465,2.4499999999999886,305.64465,2026-03-16 11:30:00,312.99465,STOP_LOSS,False,-3.0735392999999886,-1.254505836734695,ORB_50PCT
TMPV,2026-03-16,SELL,2026-03-16 09:55:00,2026-03-16 10:00:00,10:00,310.54465,316.45,311.55,4.899999999999977,316.45,5.9053499999999985,298.73395,2026-03-16 15:25:00,313.8,END_OF_DAY,False,-3.8796946500000216,-0.6569796286418286,ORB_BOUNDARY
TMPV,2026-03-17,BUY,2026-03-17 09:35:00,2026-03-17 09:40:00,09:40,316.5582,315.85,313.0,2.8500000000000227,315.1332,1.4250000000000114,319.4082,2026-03-17 10:30:00,315.1332,STOP_LOSS,False,-2.056691400000011,-1.4432922105263122,ORB_50PCT
TMPV,2026-03-17,BUY,2026-03-17 09:35:00,2026-03-17 09:40:00,09:40,316.5582,315.85,313.0,2.8500000000000227,313.0,3.5581999999999994,323.6746,2026-03-17 15:25:00,319.0,END_OF_DAY,False,1.8062418000000007,0.5076279579562704,ORB_BOUNDARY
TMPV,2026-03-18,BUY,2026-03-18 09:45:00,2026-03-18 09:50:00,09:50,327.31357499999996,324.25,319.9,4.350000000000023,325.13857499999995,2.1750000000000114,331.663575,2026-03-18 10:05:00,325.13857499999995,STOP_LOSS,False,-2.827452150000011,-1.2999779999999983,ORB_50PCT
TMPV,2026-03-18,BUY,2026-03-18 09:45:00,2026-03-18 09:50:00,09:50,327.31357499999996,324.25,319.9,4.350000000000023,319.9,7.41357499999998,342.1407249999999,2026-03-18 15:25:00,324.0,END_OF_DAY,False,-3.964888574999957,-0.5348146575707358,ORB_BOUNDARY
TMPV,2026-03-19,SELL,2026-03-19 13:15:00,2026-03-19 13:20:00,13:20,310.294775,318.95,311.6,7.349999999999966,313.969775,3.6750000000000114,302.944775,2026-03-19 15:25:00,310.2,END_OF_DAY,False,-0.5257197749999731,-0.14305299999999224,ORB_50PCT
TMPV,2026-03-19,SELL,2026-03-19 13:15:00,2026-03-19 13:20:00,13:20,310.294775,318.95,311.6,7.349999999999966,318.95,8.655224999999973,292.98432500000007,2026-03-19 15:25:00,310.2,END_OF_DAY,False,-0.5257197749999731,-0.060740162734068126,ORB_BOUNDARY
TMPV,2026-03-23,SELL,2026-03-23 10:25:00,2026-03-23 10:30:00,10:30,305.0474,311.05,305.5,5.550000000000011,307.8224,2.775000000000034,299.4973999999999,2026-03-23 15:25:00,304.7,END_OF_DAY,False,-0.26234740000000667,-0.09453960360360485,ORB_50PCT
TMPV,2026-03-23,SELL,2026-03-23 10:25:00,2026-03-23 10:30:00,10:30,305.0474,311.05,305.5,5.550000000000011,311.05,6.0026000000000295,293.0421999999999,2026-03-23 15:25:00,304.7,END_OF_DAY,False,-0.26234740000000667,-0.04370562756139096,ORB_BOUNDARY
TMPV,2026-03-24,SELL,2026-03-24 10:05:00,2026-03-24 10:10:00,10:10,306.496675,312.95,307.1,5.849999999999966,309.42167499999994,2.9249999999999545,300.6466750000001,2026-03-24 12:20:00,309.42167499999994,STOP_LOSS,False,-3.5409183499999544,-1.2105703760683793,ORB_50PCT
TMPV,2026-03-24,SELL,2026-03-24 10:05:00,2026-03-24 10:10:00,10:10,306.496675,312.95,307.1,5.849999999999966,312.95,6.453325000000007,293.59002499999997,2026-03-24 12:50:00,312.95,STOP_LOSS,False,-7.0727716750000065,-1.0959887616073882,ORB_BOUNDARY
TMPV,2026-03-24,BUY,2026-03-24 13:15:00,2026-03-24 13:20:00,13:20,313.1565,312.95,307.1,5.849999999999966,310.2315,2.9250000000000114,319.0065,2026-03-24 14:35:00,310.2315,STOP_LOSS,False,-3.548388000000011,-1.2131241025641017,ORB_50PCT
TMPV,2026-03-24,BUY,2026-03-24 13:15:00,2026-03-24 13:20:00,13:20,313.1565,312.95,307.1,5.849999999999966,307.1,6.056499999999971,325.26949999999994,2026-03-24 15:25:00,310.95,END_OF_DAY,False,-2.8306065000000054,-0.46736671344836433,ORB_BOUNDARY
TMPV,2026-03-25,BUY,2026-03-25 10:40:00,2026-03-25 10:45:00,10:45,320.56019999999995,320.3,314.6,5.699999999999989,317.7102,2.849999999999966,326.2601999999999,2026-03-25 15:15:00,317.7102,STOP_LOSS,False,-3.4882703999999656,-1.223954526315792,ORB_50PCT
TMPV,2026-03-25,BUY,2026-03-25 10:40:00,2026-03-25 10:45:00,10:45,320.56019999999995,320.3,314.6,5.699999999999989,314.6,5.960199999999929,332.4805999999998,2026-03-25 15:25:00,317.6,END_OF_DAY,False,-3.5983601999999295,-0.6037314519646945,ORB_BOUNDARY
TMPV,2026-03-27,SELL,2026-03-27 09:45:00,2026-03-27 09:50:00,09:50,304.94745,312.85,306.65,6.2000000000000455,308.04745,3.1000000000000227,298.74744999999996,2026-03-27 15:25:00,302.35,END_OF_DAY,False,1.9901525499999808,0.6419846935483762,ORB_50PCT
TMPV,2026-03-27,SELL,2026-03-27 09:45:00,2026-03-27 09:50:00,09:50,304.94745,312.85,306.65,6.2000000000000455,312.85,7.902550000000019,289.14234999999996,2026-03-27 15:25:00,302.35,END_OF_DAY,False,1.9901525499999808,0.2518367552245764,ORB_BOUNDARY
TMPV,2026-03-30,BUY,2026-03-30 09:30:00,2026-03-30 09:35:00,09:35,301.7508,300.7,295.75,4.949999999999989,299.2758,2.4750000000000227,306.7008000000001,2026-03-30 10:50:00,299.2758,STOP_LOSS,False,-3.0760266000000227,-1.2428390303030281,ORB_50PCT
TMPV,2026-03-30,BUY,2026-03-30 09:30:00,2026-03-30 09:35:00,09:35,301.7508,300.7,295.75,4.949999999999989,295.75,6.000800000000027,313.7524000000001,2026-03-30 14:35:00,295.75,STOP_LOSS,False,-6.598300800000026,-1.0995701906412474,ORB_BOUNDARY
TMPV,2026-03-30,SELL,2026-03-30 14:40:00,2026-03-30 14:45:00,14:45,295.55215,300.7,295.75,4.949999999999989,298.02715,2.4750000000000227,290.60214999999994,2026-03-30 15:25:00,297.45,END_OF_DAY,False,-2.4908521500000056,-1.0064049090909022,ORB_50PCT
TMPV,2026-03-30,SELL,2026-03-30 14:40:00,2026-03-30 14:45:00,14:45,295.55215,300.7,295.75,4.949999999999989,300.7,5.147850000000005,285.25645,2026-03-30 15:25:00,297.45,END_OF_DAY,False,-2.4908521500000056,-0.4838626125469862,ORB_BOUNDARY
TMPV,2026-04-01,SELL,2026-04-01 10:10:00,2026-04-01 10:15:00,10:15,303.44820000000004,310.0,303.9,6.100000000000023,306.49820000000005,3.0500000000000114,297.3482,2026-04-01 15:25:00,303.25,END_OF_DAY,False,-0.4084981999999575,-0.13393383606555934,ORB_50PCT
TMPV,2026-04-01,SELL,2026-04-01 10:10:00,2026-04-01 10:15:00,10:15,303.44820000000004,310.0,303.9,6.100000000000023,310.0,6.551799999999957,290.3446000000001,2026-04-01 15:25:00,303.25,END_OF_DAY,False,-0.4084981999999575,-0.062349003327323814,ORB_BOUNDARY
TMPV,2026-04-02,SELL,2026-04-02 10:45:00,2026-04-02 10:50:00,10:50,295.15235,299.95,295.75,4.199999999999989,297.25235,2.099999999999966,290.9523500000001,2026-04-02 12:35:00,297.25235,STOP_LOSS,False,-2.692404699999966,-1.2820974761904806,ORB_50PCT
TMPV,2026-04-02,SELL,2026-04-02 10:45:00,2026-04-02 10:50:00,10:50,295.15235,299.95,295.75,4.199999999999989,299.95,4.797649999999976,285.55705000000006,2026-04-02 13:25:00,299.95,STOP_LOSS,False,-5.392752349999976,-1.124040384354841,ORB_BOUNDARY
TMPV,2026-04-02,BUY,2026-04-02 13:35:00,2026-04-02 13:40:00,13:40,301.000425,299.95,295.75,4.199999999999989,298.90042500000004,2.099999999999966,305.20042499999994,2026-04-02 15:25:00,303.4,END_OF_DAY,False,1.7951745749999701,0.8548450357142854,ORB_50PCT
TMPV,2026-04-02,BUY,2026-04-02 13:35:00,2026-04-02 13:40:00,13:40,301.000425,299.95,295.75,4.199999999999989,295.75,5.250425000000007,311.501275,2026-04-02 15:25:00,303.4,END_OF_DAY,False,1.7951745749999701,0.34191033582995045,ORB_BOUNDARY
TMPV,2026-04-06,BUY,2026-04-06 10:40:00,2026-04-06 10:45:00,10:45,305.3526,305.1,299.85,5.25,302.7276,2.625,310.6026,2026-04-06 15:25:00,307.15,END_OF_DAY,False,1.184897399999982,0.45138948571427884,ORB_50PCT
TMPV,2026-04-06,BUY,2026-04-06 10:40:00,2026-04-06 10:45:00,10:45,305.3526,305.1,299.85,5.25,299.85,5.502599999999973,316.35779999999994,2026-04-06 15:25:00,307.15,END_OF_DAY,False,1.184897399999982,0.2153340966088736,ORB_BOUNDARY
TMPV,2026-04-07,BUY,2026-04-07 13:40:00,2026-04-07 13:45:00,13:45,307.50367500000004,306.75,301.85,4.899999999999977,305.05367500000006,2.4499999999999886,312.403675,2026-04-07 15:25:00,308.75,END_OF_DAY,False,0.6300713249999561,0.2571719693877384,ORB_50PCT
TMPV,2026-04-07,BUY,2026-04-07 13:40:00,2026-04-07 13:45:00,13:45,307.50367500000004,306.75,301.85,4.899999999999977,301.85,5.653675000000021,318.8110250000001,2026-04-07 15:25:00,308.75,END_OF_DAY,False,0.6300713249999561,0.11144456039654804,ORB_BOUNDARY
TMPV,2026-04-08,BUY,2026-04-08 09:30:00,2026-04-08 09:35:00,09:35,328.164,326.6,318.95,7.650000000000034,324.33899999999994,3.8250000000000455,335.8140000000001,2026-04-08 11:10:00,335.8140000000001,TARGET,False,6.986022000000091,1.8264109803921589,ORB_50PCT
TMPV,2026-04-08,BUY,2026-04-08 09:30:00,2026-04-08 09:35:00,09:35,328.164,326.6,318.95,7.650000000000034,318.95,9.213999999999999,346.592,2026-04-08 15:25:00,335.8,END_OF_DAY,False,6.972036000000024,0.7566785326676824,ORB_BOUNDARY
TMPV,2026-04-10,BUY,2026-04-10 09:55:00,2026-04-10 10:00:00,10:00,338.71927500000004,338.2,335.0,3.1999999999999886,337.119275,1.6000000000000227,341.9192750000001,2026-04-10 10:05:00,337.119275,STOP_LOSS,False,-2.2758385500000227,-1.422399093749994,ORB_50PCT
TMPV,2026-04-10,BUY,2026-04-10 09:55:00,2026-04-10 10:00:00,10:00,338.71927500000004,338.2,335.0,3.1999999999999886,335.0,3.7192750000000387,346.1578250000001,2026-04-10 15:25:00,343.0,END_OF_DAY,False,3.5990057249999614,0.9676632475415031,ORB_BOUNDARY
TMPV,2026-04-13,BUY,2026-04-13 09:45:00,2026-04-13 09:50:00,09:50,338.46915,338.0,332.0,6.0,335.46915,3.0,344.46915,2026-04-13 11:15:00,344.46915,TARGET,False,5.3170617,1.7723539,ORB_50PCT
TMPV,2026-04-13,BUY,2026-04-13 09:45:00,2026-04-13 09:50:00,09:50,338.46915,338.0,332.0,6.0,332.0,6.469150000000013,351.40745000000004,2026-04-13 15:25:00,345.6,END_OF_DAY,False,6.446780850000009,0.996542180966587,ORB_BOUNDARY
TMPV,2026-04-15,BUY,2026-04-15 09:50:00,2026-04-15 09:55:00,09:55,354.727275,354.15,349.25,4.899999999999977,352.27727500000003,2.4499999999999886,359.627275,2026-04-15 10:45:00,359.627275,TARGET,False,4.185645449999977,1.7084267142857128,ORB_50PCT
TMPV,2026-04-15,BUY,2026-04-15 09:50:00,2026-04-15 09:55:00,09:55,354.727275,354.15,349.25,4.899999999999977,349.25,5.47727500000002,365.68182500000006,2026-04-15 15:25:00,356.0,END_OF_DAY,False,0.5619977249999799,0.10260535120109504,ORB_BOUNDARY
TMPV,2026-04-16,SELL,2026-04-16 09:40:00,2026-04-16 09:45:00,09:45,356.571625,360.0,356.8,3.1999999999999886,358.17162499999995,1.599999999999966,353.37162500000005,2026-04-16 15:25:00,356.7,END_OF_DAY,False,-0.8416466250000054,-0.5260291406250146,ORB_50PCT
TMPV,2026-04-16,SELL,2026-04-16 09:40:00,2026-04-16 09:45:00,09:45,356.571625,360.0,356.8,3.1999999999999886,360.0,3.428375000000017,349.71487499999995,2026-04-16 15:25:00,356.7,END_OF_DAY,False,-0.8416466250000054,-0.24549433040434646,ORB_BOUNDARY
TMPV,2026-04-17,BUY,2026-04-17 10:15:00,2026-04-17 10:20:00,10:20,360.18,359.9,352.0,7.899999999999977,356.23,3.9499999999999886,368.08,2026-04-17 15:25:00,361.0,END_OF_DAY,False,0.09881999999999314,0.025017721518985677,ORB_50PCT
TMPV,2026-04-17,BUY,2026-04-17 10:15:00,2026-04-17 10:20:00,10:20,360.18,359.9,352.0,7.899999999999977,352.0,8.180000000000007,376.54,2026-04-17 15:25:00,361.0,END_OF_DAY,False,0.09881999999999314,0.012080684596576168,ORB_BOUNDARY
TMPV,2026-04-20,SELL,2026-04-20 09:30:00,2026-04-20 09:35:00,09:35,352.873475,358.3,353.6,4.699999999999989,355.223475,2.3500000000000227,348.17347499999994,2026-04-20 10:00:00,355.223475,STOP_LOSS,False,-3.0580969500000226,-1.3013178510638268,ORB_50PCT
TMPV,2026-04-20,SELL,2026-04-20 09:30:00,2026-04-20 09:35:00,09:35,352.873475,358.3,353.6,4.699999999999989,358.3,5.4265250000000265,342.02042499999993,2026-04-20 11:30:00,358.3,STOP_LOSS,False,-6.137698475000026,-1.131055044434513,ORB_BOUNDARY
TMPV,2026-04-20,BUY,2026-04-20 11:45:00,2026-04-20 11:50:00,11:50,358.529175,358.3,353.6,4.699999999999989,356.179175,2.3500000000000227,363.22917500000005,2026-04-20 13:15:00,356.179175,STOP_LOSS,False,-3.0647083500000227,-1.3041312127659546,ORB_50PCT
TMPV,2026-04-20,BUY,2026-04-20 11:45:00,2026-04-20 11:50:00,11:50,358.529175,358.3,353.6,4.699999999999989,353.6,4.9291749999999865,368.387525,2026-04-20 15:25:00,354.6,END_OF_DAY,False,-4.642304174999986,-0.9418014525757351,ORB_BOUNDARY
TMPV,2026-04-21,BUY,2026-04-21 09:50:00,2026-04-21 09:55:00,09:55,358.67925,358.0,353.45,4.550000000000011,356.40425000000005,2.2749999999999773,363.22925,2026-04-21 13:10:00,356.40425000000005,STOP_LOSS,False,-2.9900834999999772,-1.3143224175824206,ORB_50PCT
TMPV,2026-04-21,BUY,2026-04-21 09:50:00,2026-04-21 09:55:00,09:55,358.67925,358.0,353.45,4.550000000000011,353.45,5.229250000000036,369.1377500000001,2026-04-21 15:25:00,356.0,END_OF_DAY,False,-3.3939292500000247,-0.6490279198737872,ORB_BOUNDARY
TMPV,2026-04-22,BUY,2026-04-22 10:50:00,2026-04-22 10:55:00,10:55,362.831325,362.2,353.4,8.800000000000011,358.431325,4.399999999999977,371.63132499999995,2026-04-22 15:25:00,362.1,END_OF_DAY,False,-1.4562563249999698,-0.33096734659090393,ORB_50PCT
TMPV,2026-04-22,BUY,2026-04-22 10:50:00,2026-04-22 10:55:00,10:55,362.831325,362.2,353.4,8.800000000000011,353.4,9.431325000000015,381.693975,2026-04-22 15:25:00,362.1,END_OF_DAY,False,-1.4562563249999698,-0.15440633474087337,ORB_BOUNDARY
TMPV,2026-04-23,SELL,2026-04-23 10:55:00,2026-04-23 11:00:00,11:00,355.672075,361.2,356.35,4.849999999999966,358.097075,2.4250000000000114,350.822075,2026-04-23 15:25:00,350.822075,TARGET,False,4.143505850000023,1.7086622061855683,ORB_50PCT
TMPV,2026-04-23,SELL,2026-04-23 10:55:00,2026-04-23 11:00:00,11:00,355.672075,361.2,356.35,4.849999999999966,361.2,5.527924999999982,344.61622500000004,2026-04-23 15:25:00,351.45,END_OF_DAY,False,3.514952925000018,0.6358539461009383,ORB_BOUNDARY
TMPV,2026-04-24,SELL,2026-04-24 09:35:00,2026-04-24 09:40:00,09:40,348.6256,355.85,349.3,6.550000000000011,351.90060000000005,3.275000000000034,342.07559999999995,2026-04-24 15:25:00,349.8,END_OF_DAY,False,-1.8728255999999917,-0.5718551450381595,ORB_50PCT
TMPV,2026-04-24,SELL,2026-04-24 09:35:00,2026-04-24 09:40:00,09:40,348.6256,355.85,349.3,6.550000000000011,355.85,7.224400000000003,334.1768,2026-04-24 15:25:00,349.8,END_OF_DAY,False,-1.8728255999999917,-0.25923614417806196,ORB_BOUNDARY
TMPV,2026-04-27,SELL,2026-04-27 09:30:00,2026-04-27 09:35:00,09:35,350.574625,353.75,351.0,2.75,351.949625,1.375,347.824625,2026-04-27 09:40:00,351.949625,STOP_LOSS,False,-2.07752425,-1.5109267272727274,ORB_50PCT
TMPV,2026-04-27,SELL,2026-04-27 09:30:00,2026-04-27 09:35:00,09:35,350.574625,353.75,351.0,2.75,353.75,3.175374999999974,344.2238750000001,2026-04-27 13:15:00,353.75,STOP_LOSS,False,-3.879699624999974,-1.2218083297248374,ORB_BOUNDARY
TMPV,2026-04-27,BUY,2026-04-27 13:30:00,2026-04-27 13:35:00,13:35,354.227025,353.75,351.0,2.75,352.852025,1.375,356.977025,2026-04-27 15:25:00,354.35,END_OF_DAY,False,-0.5856020250000034,-0.4258923818181843,ORB_50PCT
TMPV,2026-04-27,BUY,2026-04-27 13:30:00,2026-04-27 13:35:00,13:35,354.227025,353.75,351.0,2.75,351.0,3.227025000000026,360.6810750000001,2026-04-27 15:25:00,354.35,END_OF_DAY,False,-0.5856020250000034,-0.18146807818346578,ORB_BOUNDARY
TMPV,2026-04-28,SELL,2026-04-28 10:10:00,2026-04-28 10:15:00,10:15,352.37372500000004,356.0,352.55,3.4499999999999886,354.09872500000006,1.7250000000000227,348.923725,2026-04-28 10:25:00,354.09872500000006,STOP_LOSS,False,-2.431472450000023,-1.4095492463768062,ORB_50PCT
TMPV,2026-04-28,SELL,2026-04-28 10:10:00,2026-04-28 10:15:00,10:15,352.37372500000004,356.0,352.55,3.4499999999999886,356.0,3.626274999999964,345.1211750000001,2026-04-28 15:25:00,350.5,END_OF_DAY,False,1.170851275000036,0.322879890521278,ORB_BOUNDARY
TMPV,2026-04-29,BUY,2026-04-29 09:40:00,2026-04-29 09:45:00,09:45,361.1805,357.9,351.0,6.899999999999977,357.7305,3.4499999999999886,368.0805,2026-04-29 10:35:00,357.7305,STOP_LOSS,False,-4.168910999999989,-1.2083800000000007,ORB_50PCT
TMPV,2026-04-29,BUY,2026-04-29 09:40:00,2026-04-29 09:45:00,09:45,361.1805,357.9,351.0,6.899999999999977,351.0,10.180499999999995,381.5415,2026-04-29 15:25:00,352.45,END_OF_DAY,False,-9.444130500000007,-0.9276686312067198,ORB_BOUNDARY
TMPV,2026-04-30,SELL,2026-04-30 09:45:00,2026-04-30 09:50:00,09:50,343.877975,352.0,344.2,7.800000000000011,347.77797499999997,3.8999999999999773,336.07797500000004,2026-04-30 15:25:00,342.2,END_OF_DAY,False,0.9918970250000037,0.25433257051282293,ORB_50PCT
TMPV,2026-04-30,SELL,2026-04-30 09:45:00,2026-04-30 09:50:00,09:50,343.877975,352.0,344.2,7.800000000000011,352.0,8.122025000000008,327.633925,2026-04-30 15:25:00,342.2,END_OF_DAY,False,0.9918970250000037,0.12212435014666942,ORB_BOUNDARY
TMPV,2026-05-04,BUY,2026-05-04 09:45:00,2026-05-04 09:50:00,09:50,344.822325,343.55,338.0,5.550000000000011,342.047325,2.7749999999999773,350.37232499999993,2026-05-04 10:20:00,342.047325,STOP_LOSS,False,-3.4618696499999775,-1.2475205945945966,ORB_50PCT
TMPV,2026-05-04,BUY,2026-05-04 09:45:00,2026-05-04 09:50:00,09:50,344.822325,343.55,338.0,5.550000000000011,338.0,6.822324999999978,358.46697499999993,2026-05-04 15:25:00,343.4,END_OF_DAY,False,-2.1105473250000006,-0.30935895387569595,ORB_BOUNDARY
TMPV,2026-05-05,BUY,2026-05-05 09:30:00,2026-05-05 09:35:00,09:35,342.87135,342.65,339.0,3.6499999999999773,341.04635,1.8249999999999886,346.52135,2026-05-05 10:30:00,341.04635,STOP_LOSS,False,-2.5089176999999885,-1.3747494246575365,ORB_50PCT
TMPV,2026-05-05,BUY,2026-05-05 09:30:00,2026-05-05 09:35:00,09:35,342.87135,342.65,339.0,3.6499999999999773,339.0,3.8713500000000067,350.61405,2026-05-05 15:25:00,340.6,END_OF_DAY,False,-2.954821349999984,-0.7632534774690944,ORB_BOUNDARY
TMPV,2026-05-06,BUY,2026-05-06 13:25:00,2026-05-06 13:30:00,13:30,349.224525,348.15,344.0,4.149999999999977,347.14952500000004,2.0749999999999886,353.374525,2026-05-06 14:20:00,353.374525,TARGET,False,3.4474009499999774,1.6613980481927693,ORB_50PCT
TMPV,2026-05-06,BUY,2026-05-06 13:25:00,2026-05-06 13:30:00,13:30,349.224525,348.15,344.0,4.149999999999977,344.0,5.224525000000028,359.6735750000001,2026-05-06 15:25:00,358.25,END_OF_DAY,False,8.318000474999971,1.5921065503562384,ORB_BOUNDARY
TMPV,2026-05-07,SELL,2026-05-07 10:05:00,2026-05-07 10:10:00,10:10,357.12135,361.0,357.5,3.5,358.87135,1.75,353.62135,2026-05-07 10:20:00,358.87135,STOP_LOSS,False,-2.4659927,-1.4091386857142858,ORB_50PCT
TMPV,2026-05-07,SELL,2026-05-07 10:05:00,2026-05-07 10:10:00,10:10,357.12135,361.0,357.5,3.5,361.0,3.8786499999999933,349.36405,2026-05-07 13:05:00,361.0,STOP_LOSS,False,-4.596771349999993,-1.1851472419527416,ORB_BOUNDARY
TMPV,2026-05-08,BUY,2026-05-08 12:25:00,2026-05-08 12:30:00,12:30,357.47865,356.9,354.1,2.7999999999999545,356.07865000000004,1.3999999999999773,360.27864999999997,2026-05-08 12:40:00,356.07865000000004,STOP_LOSS,False,-2.1135572999999774,-1.5096837857142942,ORB_50PCT
TMPV,2026-05-08,BUY,2026-05-08 12:25:00,2026-05-08 12:30:00,12:30,357.47865,356.9,354.1,2.7999999999999545,354.1,3.3786499999999933,364.23595,2026-05-08 13:05:00,354.1,STOP_LOSS,False,-4.090228649999993,-1.2106103473280752,ORB_BOUNDARY
TMPV,2026-05-08,BUY,2026-05-08 14:45:00,2026-05-08 14:50:00,14:50,357.27855,356.9,354.1,2.7999999999999545,355.87855,1.3999999999999773,360.07854999999995,2026-05-08 15:00:00,355.87855,STOP_LOSS,False,-2.1131570999999774,-1.509397928571437,ORB_50PCT
TMPV,2026-05-08,BUY,2026-05-08 14:45:00,2026-05-08 14:50:00,14:50,357.27855,356.9,354.1,2.7999999999999545,354.1,3.178549999999973,363.63564999999994,2026-05-08 15:25:00,355.5,END_OF_DAY,False,-2.4913285499999955,-0.7837940413081489,ORB_BOUNDARY
TMPV,2026-05-11,SELL,2026-05-11 10:15:00,2026-05-11 10:20:00,10:20,348.52565,352.3,348.95,3.3500000000000227,350.20065,1.6750000000000114,345.17564999999996,2026-05-11 15:25:00,345.7,END_OF_DAY,False,2.131424349999996,1.2724921492537205,ORB_50PCT
TMPV,2026-05-11,SELL,2026-05-11 10:15:00,2026-05-11 10:20:00,10:20,348.52565,352.3,348.95,3.3500000000000227,352.3,3.7743500000000267,340.97694999999993,2026-05-11 15:25:00,345.7,END_OF_DAY,False,2.131424349999996,0.564712957197923,ORB_BOUNDARY
TMPV,2026-05-12,SELL,2026-05-12 09:30:00,2026-05-12 09:35:00,09:35,339.13035,345.7,340.0,5.699999999999989,341.98035000000004,2.8500000000000227,333.43035,2026-05-12 10:00:00,341.98035000000004,STOP_LOSS,False,-3.531110700000023,-1.2389862105263139,ORB_50PCT
TMPV,2026-05-12,SELL,2026-05-12 09:30:00,2026-05-12 09:35:00,09:35,339.13035,345.7,340.0,5.699999999999989,345.7,6.569649999999967,325.9910500000001,2026-05-12 15:25:00,337.95,END_OF_DAY,False,0.5032696500000327,0.07660524533270953,ORB_BOUNDARY
TMPV,2026-05-13,BUY,2026-05-13 10:10:00,2026-05-13 10:15:00,10:15,339.919875,339.6,334.0,5.600000000000023,337.119875,2.8000000000000114,345.519875,2026-05-13 15:00:00,337.119875,STOP_LOSS,False,-3.4770397500000114,-1.2417999107142847,ORB_50PCT
TMPV,2026-05-13,BUY,2026-05-13 10:10:00,2026-05-13 10:15:00,10:15,339.919875,339.6,334.0,5.600000000000023,334.0,5.9198749999999905,351.75962499999997,2026-05-13 15:25:00,336.95,END_OF_DAY,False,-3.6467448750000018,-0.6160172089782314,ORB_BOUNDARY
TMPV,2026-05-14,SELL,2026-05-14 09:35:00,2026-05-14 09:40:00,09:40,336.13185,340.6,337.65,2.9500000000000455,337.60685,1.4750000000000227,333.18184999999994,2026-05-14 12:15:00,337.60685,STOP_LOSS,False,-2.1487387000000227,-1.4567719999999929,ORB_50PCT
TMPV,2026-05-14,SELL,2026-05-14 09:35:00,2026-05-14 09:40:00,09:40,336.13185,340.6,337.65,2.9500000000000455,340.6,4.468150000000037,327.1955499999999,2026-05-14 15:25:00,338.25,END_OF_DAY,False,-2.7925318500000142,-0.6249861463916814,ORB_BOUNDARY
TMPV,2026-05-19,BUY,2026-05-19 09:40:00,2026-05-19 09:45:00,09:45,356.82832499999995,355.9,352.9,3.0,355.32832499999995,1.5,359.82832499999995,2026-05-19 09:55:00,359.82832499999995,TARGET,False,2.28334335,1.5222289,ORB_50PCT
TMPV,2026-05-19,BUY,2026-05-19 09:40:00,2026-05-19 09:45:00,09:45,356.82832499999995,355.9,352.9,3.0,352.9,3.9283249999999725,364.6849749999999,2026-05-19 11:25:00,364.6849749999999,TARGET,False,7.135136699999945,1.816330548007101,ORB_BOUNDARY
TMPV,2026-05-20,BUY,2026-05-20 09:30:00,2026-05-20 09:35:00,09:35,360.33007499999997,359.8,356.1,3.6999999999999886,358.48007499999994,1.8500000000000227,364.030075,2026-05-20 11:05:00,364.030075,TARGET,False,2.9756398500000456,1.6084539729729779,ORB_50PCT
TMPV,2026-05-20,BUY,2026-05-20 09:30:00,2026-05-20 09:35:00,09:35,360.33007499999997,359.8,356.1,3.6999999999999886,356.1,4.2300749999999425,368.79022499999985,2026-05-20 15:25:00,360.3,END_OF_DAY,False,-0.750705074999954,-0.17746850233151049,ORB_BOUNDARY
TMPV,2026-05-21,SELL,2026-05-21 11:15:00,2026-05-21 11:20:00,11:20,361.6191,366.0,362.75,3.25,363.2441,1.625,358.3691,2026-05-21 11:25:00,363.2441,STOP_LOSS,False,-2.3498632,-1.4460696615384616,ORB_50PCT
TMPV,2026-05-21,SELL,2026-05-21 11:15:00,2026-05-21 11:20:00,11:20,361.6191,366.0,362.75,3.25,366.0,4.380899999999997,352.8573,2026-05-21 15:25:00,363.2,END_OF_DAY,False,-2.3057190999999855,-0.5263117395968835,ORB_BOUNDARY
TMPV,2026-05-22,SELL,2026-05-22 09:40:00,2026-05-22 09:45:00,09:45,362.31875,365.65,362.7,2.9499999999999886,363.79375000000005,1.4750000000000227,359.36875,2026-05-22 10:30:00,363.79375000000005,STOP_LOSS,False,-2.201112500000023,-1.4922796610169418,ORB_50PCT
TMPV,2026-05-22,SELL,2026-05-22 09:40:00,2026-05-22 09:45:00,09:45,362.31875,365.65,362.7,2.9499999999999886,365.65,3.3312499999999545,355.6562500000001,2026-05-22 15:25:00,363.95,END_OF_DAY,False,-2.357518749999966,-0.7076979362101308,ORB_BOUNDARY
TMPV,2026-05-25,BUY,2026-05-25 10:20:00,2026-05-25 10:25:00,10:25,372.08594999999997,371.45,366.15,5.300000000000011,369.43594999999993,2.650000000000034,377.38595000000004,2026-05-25 15:25:00,373.05,END_OF_DAY,False,0.21891405000004294,0.08260907547171326,ORB_50PCT
TMPV,2026-05-25,BUY,2026-05-25 10:20:00,2026-05-25 10:25:00,10:25,372.08594999999997,371.45,366.15,5.300000000000011,366.15,5.935949999999991,383.95784999999995,2026-05-25 15:25:00,373.05,END_OF_DAY,False,0.21891405000004294,0.03687936219140041,ORB_BOUNDARY
TMPV,2026-05-26,BUY,2026-05-26 09:55:00,2026-05-26 10:00:00,10:00,377.88885,376.7,371.8,4.899999999999977,375.43885,2.4499999999999886,382.78884999999997,2026-05-26 10:15:00,382.78884999999997,TARGET,False,4.139322299999977,1.6895193061224474,ORB_50PCT
TMPV,2026-05-26,BUY,2026-05-26 09:55:00,2026-05-26 10:00:00,10:00,377.88885,376.7,371.8,4.899999999999977,371.8,6.0888499999999794,390.06654999999995,2026-05-26 15:25:00,385.6,END_OF_DAY,False,6.947661150000032,1.1410465276694377,ORB_BOUNDARY
TMPV,2026-05-27,SELL,2026-05-27 09:30:00,2026-05-27 09:35:00,09:35,385.10735,388.9,385.6,3.2999999999999545,386.75735,1.6499999999999773,381.80735000000004,2026-05-27 09:45:00,386.75735,STOP_LOSS,False,-2.4218646999999773,-1.4677967878787943,ORB_50PCT
TMPV,2026-05-27,SELL,2026-05-27 09:30:00,2026-05-27 09:35:00,09:35,385.10735,388.9,385.6,3.2999999999999545,388.9,3.7926499999999805,377.52205000000004,2026-05-27 09:45:00,388.9,STOP_LOSS,False,-4.56665734999998,-1.2040808801233975,ORB_BOUNDARY
TMPV,2026-05-27,BUY,2026-05-27 09:50:00,2026-05-27 09:55:00,09:55,389.29455,388.9,385.6,3.2999999999999545,387.64455000000004,1.6499999999999773,392.59454999999997,2026-05-27 10:35:00,392.59454999999997,TARGET,False,2.5181108999999546,1.5261278181818116,ORB_50PCT
TMPV,2026-05-27,BUY,2026-05-27 09:50:00,2026-05-27 09:55:00,09:55,389.29455,388.9,385.6,3.2999999999999545,385.6,3.6945499999999925,396.68365,2026-05-27 14:40:00,396.68365,TARGET,False,6.603121799999985,1.7872600993355074,ORB_BOUNDARY
TMPV,2026-05-29,SELL,2026-05-29 10:25:00,2026-05-29 10:30:00,10:30,400.29975,408.0,400.5,7.5,404.04975,3.75,392.79975,2026-05-29 15:20:00,392.79975,TARGET,False,6.7069005,1.7885068,ORB_50PCT
TMPV,2026-05-29,SELL,2026-05-29 10:25:00,2026-05-29 10:30:00,10:30,400.29975,408.0,400.5,7.5,408.0,7.700249999999983,384.89925000000005,2026-05-29 15:25:00,395.0,END_OF_DAY,False,4.504450250000017,0.5849745462809685,ORB_BOUNDARY
TMPV,2026-06-01,SELL,2026-06-01 09:40:00,2026-06-01 09:45:00,09:45,392.853475,398.85,393.2,5.650000000000034,395.67847500000005,2.8250000000000455,387.2034749999999,2026-06-01 13:15:00,387.2034749999999,TARGET,False,4.869943050000091,1.7238736460177038,ORB_50PCT
TMPV,2026-06-01,SELL,2026-06-01 09:40:00,2026-06-01 09:45:00,09:45,392.853475,398.85,393.2,5.650000000000034,398.85,5.99652500000002,380.86042499999996,2026-06-01 15:25:00,385.25,END_OF_DAY,False,6.825371525000003,1.1382211405772478,ORB_BOUNDARY
TMPV,2026-06-02,SELL,2026-06-02 11:00:00,2026-06-02 11:05:00,11:05,378.26077499999997,388.95,379.55,9.399999999999977,382.96077499999996,4.699999999999989,368.860775,2026-06-02 12:40:00,382.96077499999996,STOP_LOSS,False,-5.461221549999989,-1.161962031914894,ORB_50PCT
TMPV,2026-06-02,SELL,2026-06-02 11:00:00,2026-06-02 11:05:00,11:05,378.26077499999997,388.95,379.55,9.399999999999977,388.95,10.689225000000022,356.8823249999999,2026-06-02 13:45:00,388.95,STOP_LOSS,False,-11.456435775000022,-1.0717742188980024,ORB_BOUNDARY
TMPV,2026-06-02,BUY,2026-06-02 13:50:00,2026-06-02 13:55:00,13:55,389.1945,388.95,379.55,9.399999999999977,384.4945,4.699999999999989,398.5945,2026-06-02 15:25:00,391.25,END_OF_DAY,False,1.2750554999999948,0.2712884042553187,ORB_50PCT
TMPV,2026-06-02,BUY,2026-06-02 13:50:00,2026-06-02 13:55:00,13:55,389.1945,388.95,379.55,9.399999999999977,379.55,9.644499999999994,408.4835,2026-06-02 15:25:00,391.25,END_OF_DAY,False,1.2750554999999948,0.13220545388563384,ORB_BOUNDARY
TMPV,2026-06-03,SELL,2026-06-03 10:40:00,2026-06-03 10:45:00,10:45,386.30675,392.7,386.7,6.0,389.30675,3.0,380.30675,2026-06-03 12:05:00,389.30675,STOP_LOSS,False,-3.7756135,-1.2585378333333332,ORB_50PCT
TMPV,2026-06-03,SELL,2026-06-03 10:40:00,2026-06-03 10:45:00,10:45,386.30675,392.7,386.7,6.0,392.7,6.393249999999966,373.5202500000001,2026-06-03 12:40:00,392.7,STOP_LOSS,False,-7.172256749999966,-1.1218483165838977,ORB_BOUNDARY
TMPV,2026-06-03,BUY,2026-06-03 12:55:00,2026-06-03 13:00:00,13:00,393.09645,392.7,386.7,6.0,390.09645,3.0,399.09645,2026-06-03 14:40:00,399.09645,TARGET,False,5.2078071,1.7359357,ORB_50PCT
TMPV,2026-06-03,BUY,2026-06-03 12:55:00,2026-06-03 13:00:00,13:00,393.09645,392.7,386.7,6.0,386.7,6.396450000000016,405.88935000000004,2026-06-03 15:25:00,398.0,END_OF_DAY,False,4.112453549999995,0.6429274910301784,ORB_BOUNDARY
TMPV,2026-06-04,SELL,2026-06-04 09:30:00,2026-06-04 09:35:00,09:35,391.853975,396.85,393.95,2.900000000000034,393.30397500000004,1.4500000000000455,388.9539749999999,2026-06-04 09:50:00,393.30397500000004,STOP_LOSS,False,-2.2351579500000454,-1.5414882413792932,ORB_50PCT
TMPV,2026-06-04,SELL,2026-06-04 09:30:00,2026-06-04 09:35:00,09:35,391.853975,396.85,393.95,2.900000000000034,396.85,4.9960250000000315,381.8619249999999,2026-06-04 09:55:00,396.85,STOP_LOSS,False,-5.784728975000031,-1.1578662987074715,ORB_BOUNDARY
TMPV,2026-06-04,BUY,2026-06-04 10:00:00,2026-06-04 10:05:00,10:05,397.7988,396.85,393.95,2.900000000000034,396.3488,1.4500000000000455,400.6988000000001,2026-06-04 10:20:00,396.3488,STOP_LOSS,False,-2.2441476000000455,-1.5476879999999829,ORB_50PCT
TMPV,2026-06-04,BUY,2026-06-04 10:00:00,2026-06-04 10:05:00,10:05,397.7988,396.85,393.95,2.900000000000034,393.95,3.8488000000000397,405.4964000000001,2026-06-04 11:00:00,393.95,STOP_LOSS,False,-4.64054880000004,-1.2057131573477429,ORB_BOUNDARY
TMPV,2026-06-04,SELL,2026-06-04 11:05:00,2026-06-04 11:10:00,11:10,393.70304999999996,396.85,393.95,2.900000000000034,395.15305,1.4500000000000455,390.80304999999987,2026-06-04 11:40:00,395.15305,STOP_LOSS,False,-2.2388561000000453,-1.5440386896551552,ORB_50PCT
TMPV,2026-06-04,SELL,2026-06-04 11:05:00,2026-06-04 11:10:00,11:10,393.70304999999996,396.85,393.95,2.900000000000034,396.85,3.1469500000000608,387.40914999999984,2026-06-04 11:55:00,396.85,STOP_LOSS,False,-3.9375030500000605,-1.2512124596831804,ORB_BOUNDARY
TMPV,2026-06-04,BUY,2026-06-04 12:00:00,2026-06-04 12:05:00,12:05,397.1985,396.85,393.95,2.900000000000034,395.74850000000004,1.4499999999999886,400.0985,2026-06-04 12:30:00,395.74850000000004,STOP_LOSS,False,-2.242946999999989,-1.5468600000000046,ORB_50PCT
TMPV,2026-06-04,BUY,2026-06-04 12:00:00,2026-06-04 12:05:00,12:05,397.1985,396.85,393.95,2.900000000000034,393.95,3.2485000000000355,403.6955000000001,2026-06-04 15:25:00,400.35,END_OF_DAY,False,2.3539514999999986,0.7246272125596346,ORB_BOUNDARY
TMPV,2026-06-05,SELL,2026-06-05 09:55:00,2026-06-05 10:00:00,10:00,396.8015,403.05,398.25,4.800000000000011,399.2015,2.400000000000034,392.0014999999999,2026-06-05 11:50:00,399.2015,STOP_LOSS,False,-3.196003000000034,-1.3316679166666618,ORB_50PCT
TMPV,2026-06-05,SELL,2026-06-05 09:55:00,2026-06-05 10:00:00,10:00,396.8015,403.05,398.25,4.800000000000011,403.05,6.2485000000000355,384.3044999999999,2026-06-05 15:25:00,397.45,END_OF_DAY,False,-1.4427515000000128,-0.23089565495719047,ORB_BOUNDARY
TMPV,2026-06-08,SELL,2026-06-08 10:45:00,2026-06-08 10:50:00,10:50,387.556125,392.9,388.2,4.699999999999989,389.906125,2.349999999999966,382.8561250000001,2026-06-08 11:45:00,389.906125,STOP_LOSS,False,-3.127462249999966,-1.3308350000000049,ORB_50PCT
TMPV,2026-06-08,SELL,2026-06-08 10:45:00,2026-06-08 10:50:00,10:50,387.556125,392.9,388.2,4.699999999999989,392.9,5.343874999999969,376.86837500000007,2026-06-08 15:25:00,388.5,END_OF_DAY,False,-1.7199311249999916,-0.3218509274636854,ORB_BOUNDARY
TMPV,2026-06-09,SELL,2026-06-09 09:45:00,2026-06-09 09:50:00,09:50,390.70455,395.45,391.0,4.449999999999989,392.92954999999995,2.224999999999966,386.25455000000005,2026-06-09 15:25:00,387.9,END_OF_DAY,False,2.0259454500000063,0.9105372808988932,ORB_50PCT
TMPV,2026-06-09,SELL,2026-06-09 09:45:00,2026-06-09 09:50:00,09:50,390.70455,395.45,391.0,4.449999999999989,395.45,4.745450000000005,381.21365,2026-06-09 15:25:00,387.9,END_OF_DAY,False,2.0259454500000063,0.4269237796204794,ORB_BOUNDARY
TMPV,2026-06-10,SELL,2026-06-10 10:10:00,2026-06-10 10:15:00,10:15,383.808,388.8,384.55,4.25,385.933,2.125,379.558,2026-06-10 10:35:00,385.933,STOP_LOSS,False,-2.894741,-1.3622310588235294,ORB_50PCT
TMPV,2026-06-10,SELL,2026-06-10 10:10:00,2026-06-10 10:15:00,10:15,383.808,388.8,384.55,4.25,388.8,4.992000000000019,373.82399999999996,2026-06-10 15:25:00,381.0,END_OF_DAY,False,2.043191999999993,0.40929326923076625,ORB_BOUNDARY
TMPV,2026-06-12,SELL,2026-06-12 10:45:00,2026-06-12 10:50:00,10:50,379.260275,385.7,380.2,5.5,382.010275,2.75,373.760275,2026-06-12 13:30:00,382.010275,STOP_LOSS,False,-3.51127055,-1.2768256545454546,ORB_50PCT
TMPV,2026-06-12,SELL,2026-06-12 10:45:00,2026-06-12 10:50:00,10:50,379.260275,385.7,380.2,5.5,385.7,6.43972500000001,366.38082499999996,2026-06-12 14:00:00,385.7,STOP_LOSS,False,-7.20468527500001,-1.1187877238546675,ORB_BOUNDARY
TMPV,2026-06-12,BUY,2026-06-12 14:10:00,2026-06-12 14:15:00,14:15,386.343075,385.7,380.2,5.5,383.593075,2.75,391.843075,2026-06-12 15:20:00,391.843075,TARGET,False,4.72181385,1.7170232181818184,ORB_50PCT
TMPV,2026-06-12,BUY,2026-06-12 14:10:00,2026-06-12 14:15:00,14:15,386.343075,385.7,380.2,5.5,380.2,6.14307500000001,398.629225,2026-06-12 15:25:00,391.0,END_OF_DAY,False,3.879581925000001,0.6315374507066892,ORB_BOUNDARY
TMPV,2026-06-15,BUY,2026-06-15 09:30:00,2026-06-15 09:35:00,09:35,406.60319999999996,405.85,396.1,9.75,401.72819999999996,4.875,416.35319999999996,2026-06-15 10:05:00,401.72819999999996,STOP_LOSS,False,-5.6833314,-1.1658115692307693,ORB_50PCT
TMPV,2026-06-15,BUY,2026-06-15 09:30:00,2026-06-15 09:35:00,09:35,406.60319999999996,405.85,396.1,9.75,396.1,10.503199999999936,427.60959999999983,2026-06-15 15:05:00,396.1,STOP_LOSS,False,-11.305903199999936,-1.076424632492955,ORB_BOUNDARY
TMPV,2026-06-15,SELL,2026-06-15 15:20:00,2026-06-15 15:25:00,15:25,395.45217499999995,405.85,396.1,9.75,400.32717499999995,4.875,385.70217499999995,2026-06-15 15:25:00,396.5,END_OF_DAY,False,-1.8397771750000458,-0.3773901897435991,ORB_50PCT
TMPV,2026-06-15,SELL,2026-06-15 15:20:00,2026-06-15 15:25:00,15:25,395.45217499999995,405.85,396.1,9.75,405.85,10.397825000000068,374.6565249999998,2026-06-15 15:25:00,396.5,END_OF_DAY,False,-1.8397771750000458,-0.17693865543996304,ORB_BOUNDARY
TMPV,2026-06-16,SELL,2026-06-16 09:55:00,2026-06-16 10:00:00,10:00,392.353725,398.65,393.2,5.449999999999989,395.07872499999996,2.724999999999966,386.90372500000007,2026-06-16 15:25:00,393.15,END_OF_DAY,False,-1.5817787249999802,-0.5804692568807339,ORB_50PCT
TMPV,2026-06-16,SELL,2026-06-16 09:55:00,2026-06-16 10:00:00,10:00,392.353725,398.65,393.2,5.449999999999989,398.65,6.29627499999998,379.76117500000004,2026-06-16 15:25:00,393.15,END_OF_DAY,False,-1.5817787249999802,-0.2512245295829654,ORB_BOUNDARY
TMPV,2026-06-17,SELL,2026-06-17 09:45:00,2026-06-17 09:50:00,09:50,389.355225,395.6,389.7,5.900000000000034,392.30522500000006,2.9500000000000455,383.4552249999999,2026-06-17 11:35:00,383.4552249999999,TARGET,False,5.127189550000091,1.7380303559322074,ORB_50PCT
TMPV,2026-06-17,SELL,2026-06-17 09:45:00,2026-06-17 09:50:00,09:50,389.355225,395.6,389.7,5.900000000000034,395.6,6.244775000000004,376.865675,2026-06-17 13:45:00,376.865675,TARGET,False,11.723329100000008,1.8773020805393308,ORB_BOUNDARY
TMPV,2026-06-18,SELL,2026-06-18 10:40:00,2026-06-18 10:45:00,10:45,361.819,366.25,362.45,3.8000000000000114,363.71900000000005,1.900000000000034,358.01899999999995,2026-06-18 15:00:00,363.71900000000005,STOP_LOSS,False,-2.6255380000000343,-1.3818621052631512,ORB_50PCT
TMPV,2026-06-18,SELL,2026-06-18 10:40:00,2026-06-18 10:45:00,10:45,361.819,366.25,362.45,3.8000000000000114,366.25,4.430999999999983,352.95700000000005,2026-06-18 15:25:00,365.0,END_OF_DAY,False,-3.907818999999983,-0.881927104491085,ORB_BOUNDARY
TMPV,2026-06-19,SELL,2026-06-19 10:00:00,2026-06-19 10:05:00,10:05,357.52115,363.75,358.1,5.649999999999977,360.34614999999997,2.8249999999999886,351.87115,2026-06-19 14:35:00,360.34614999999997,STOP_LOSS,False,-3.5428672999999886,-1.254112318584072,ORB_50PCT
TMPV,2026-06-19,SELL,2026-06-19 10:00:00,2026-06-19 10:05:00,10:05,357.52115,363.75,358.1,5.649999999999977,363.75,6.228850000000023,345.06344999999993,2026-06-19 15:25:00,359.4,END_OF_DAY,False,-2.59577115,-0.4167336105380593,ORB_BOUNDARY
TMPV,2026-06-22,BUY,2026-06-22 09:35:00,2026-06-22 09:40:00,09:40,365.132475,363.5,360.0,3.5,363.382475,1.75,368.632475,2026-06-22 09:55:00,368.632475,TARGET,False,2.76623505,1.580705742857143,ORB_50PCT
TMPV,2026-06-22,BUY,2026-06-22 09:35:00,2026-06-22 09:40:00,09:40,365.132475,363.5,360.0,3.5,360.0,5.1324749999999995,375.397425,2026-06-22 15:25:00,361.25,END_OF_DAY,False,-4.608857475,-0.8979795274209812,ORB_BOUNDARY
TMPV,2026-06-23,SELL,2026-06-23 09:35:00,2026-06-23 09:40:00,09:40,358.77052499999996,361.9,359.15,2.75,360.14552499999996,1.375,356.02052499999996,2026-06-23 11:10:00,356.02052499999996,TARGET,False,2.03520895,1.4801519636363636,ORB_50PCT
TMPV,2026-06-23,SELL,2026-06-23 09:35:00,2026-06-23 09:40:00,09:40,358.77052499999996,361.9,359.15,2.75,361.9,3.1294750000000136,352.51157499999994,2026-06-23 12:45:00,352.51157499999994,TARGET,False,5.547667900000027,1.7727151998338389,ORB_BOUNDARY
TMPV,2026-06-23,SELL,2026-06-23 15:00:00,2026-06-23 15:05:00,15:05,354.8225,361.9,359.15,2.75,356.1975,1.375,352.0725,2026-06-23 15:25:00,354.9,END_OF_DAY,False,-0.7872224999999864,-0.5725254545454447,ORB_50PCT
TMPV,2026-06-23,SELL,2026-06-23 15:00:00,2026-06-23 15:05:00,15:05,354.8225,361.9,359.15,2.75,361.9,7.077499999999986,340.6675,2026-06-23 15:25:00,354.9,END_OF_DAY,False,-0.7872224999999864,-0.11122889438360832,ORB_BOUNDARY
TMPV,2026-06-24,SELL,2026-06-24 09:35:00,2026-06-24 09:40:00,09:40,354.32275,356.8,354.6,2.1999999999999886,355.42274999999995,1.099999999999966,352.12275000000005,2026-06-24 10:00:00,355.42274999999995,STOP_LOSS,False,-1.8097454999999658,-1.6452231818182017,ORB_50PCT
TMPV,2026-06-24,SELL,2026-06-24 09:35:00,2026-06-24 09:40:00,09:40,354.32275,356.8,354.6,2.1999999999999886,356.8,2.4772500000000264,349.36824999999993,2026-06-24 11:15:00,349.36824999999993,TARGET,False,4.250809000000053,1.715938641638917,ORB_BOUNDARY
TMPV,2026-06-29,SELL,2026-06-29 10:35:00,2026-06-29 10:40:00,10:40,349.72504999999995,354.45,350.0,4.449999999999989,351.9500499999999,2.224999999999966,345.27505,2026-06-29 15:00:00,345.27505,TARGET,False,3.7549998999999317,1.6876404044943771,ORB_50PCT
TMPV,2026-06-29,SELL,2026-06-29 10:35:00,2026-06-29 10:40:00,10:40,349.72504999999995,354.45,350.0,4.449999999999989,354.45,4.724950000000035,340.2751499999999,2026-06-29 15:25:00,345.55,END_OF_DAY,False,3.4797749499999417,0.7364681001915185,ORB_BOUNDARY
TMPV,2026-06-30,SELL,2026-06-30 09:30:00,2026-06-30 09:35:00,09:35,343.52815,349.1,344.0,5.100000000000023,346.07815,2.5500000000000114,338.42814999999996,2026-06-30 10:35:00,346.07815,STOP_LOSS,False,-3.2396063000000113,-1.2704338431372537,ORB_50PCT
TMPV,2026-06-30,SELL,2026-06-30 09:30:00,2026-06-30 09:35:00,09:35,343.52815,349.1,344.0,5.100000000000023,349.1,5.57185000000004,332.3844499999999,2026-06-30 10:55:00,349.1,STOP_LOSS,False,-6.26447815000004,-1.124308470256736,ORB_BOUNDARY
TMPV,2026-06-30,BUY,2026-06-30 11:10:00,2026-06-30 11:15:00,11:15,350.225025,349.1,344.0,5.100000000000023,347.675025,2.5500000000000114,355.32502500000004,2026-06-30 12:15:00,355.32502500000004,TARGET,False,4.3944499500000225,1.723313705882354,ORB_50PCT
TMPV,2026-06-30,BUY,2026-06-30 11:10:00,2026-06-30 11:15:00,11:15,350.225025,349.1,344.0,5.100000000000023,344.0,6.2250250000000165,362.67507500000005,2026-06-30 15:25:00,351.5,END_OF_DAY,False,0.5732499749999835,0.09208797956634424,ORB_BOUNDARY
TMPV,2026-07-01,SELL,2026-07-01 10:40:00,2026-07-01 10:45:00,10:45,349.72504999999995,353.95,350.05,3.8999999999999773,351.67504999999994,1.9499999999999886,345.82505,2026-07-01 14:25:00,351.67504999999994,STOP_LOSS,False,-2.6514000999999885,-1.359692358974361,ORB_50PCT
TMPV,2026-07-01,SELL,2026-07-01 10:40:00,2026-07-01 10:45:00,10:45,349.72504999999995,353.95,350.05,3.8999999999999773,353.95,4.224950000000035,341.2751499999999,2026-07-01 14:30:00,353.95,STOP_LOSS,False,-4.9286250500000355,-1.1665522787251907,ORB_BOUNDARY
TMPV,2026-07-01,SELL,2026-07-01 14:35:00,2026-07-01 14:40:00,14:40,349.2253,353.95,350.05,3.8999999999999773,351.1753,1.9499999999999886,345.3253,2026-07-01 15:25:00,347.9,END_OF_DAY,False,0.6281747000000271,0.32214087179488754,ORB_50PCT
TMPV,2026-07-01,SELL,2026-07-01 14:35:00,2026-07-01 14:40:00,14:40,349.2253,353.95,350.05,3.8999999999999773,353.95,4.724699999999984,339.77590000000004,2026-07-01 15:25:00,347.9,END_OF_DAY,False,0.6281747000000271,0.13295546807205308,ORB_BOUNDARY
TMPV,2026-07-02,SELL,2026-07-02 09:50:00,2026-07-02 09:55:00,09:55,347.4262,351.25,347.65,3.6000000000000227,349.2262,1.8000000000000114,343.8262,2026-07-02 15:25:00,346.35,END_OF_DAY,False,0.38242379999997156,0.21245766666664953,ORB_50PCT
TMPV,2026-07-02,SELL,2026-07-02 09:50:00,2026-07-02 09:55:00,09:55,347.4262,351.25,347.65,3.6000000000000227,351.25,3.8238000000000056,339.7786,2026-07-02 15:25:00,346.35,END_OF_DAY,False,0.38242379999997156,0.10001145457397641,ORB_BOUNDARY
TMPV,2026-07-03,BUY,2026-07-03 10:40:00,2026-07-03 10:45:00,10:45,347.47365,347.0,341.0,6.0,344.47365,3.0,353.47365,2026-07-03 11:35:00,344.47365,STOP_LOSS,False,-3.6919473,-1.2306491,ORB_50PCT
TMPV,2026-07-03,BUY,2026-07-03 10:40:00,2026-07-03 10:45:00,10:45,347.47365,347.0,341.0,6.0,341.0,6.4736500000000206,360.42095000000006,2026-07-03 15:25:00,344.6,END_OF_DAY,False,-3.565723649999998,-0.5508057510059992,ORB_BOUNDARY
TMPV,2026-07-06,BUY,2026-07-06 10:20:00,2026-07-06 10:25:00,10:25,346.67325,345.6,341.6,4.0,344.67325,2.0,350.67325,2026-07-06 15:25:00,347.3,END_OF_DAY,False,-0.06722324999998452,-0.03361162499999226,ORB_50PCT
TMPV,2026-07-06,BUY,2026-07-06 10:20:00,2026-07-06 10:25:00,10:25,346.67325,345.6,341.6,4.0,341.6,5.073249999999973,356.81974999999994,2026-07-06 15:25:00,347.3,END_OF_DAY,False,-0.06722324999998452,-0.013250529739315996,ORB_BOUNDARY
TMPV,2026-07-07,SELL,2026-07-07 09:30:00,2026-07-07 09:35:00,09:35,344.977425,348.8,346.0,2.8000000000000114,346.377425,1.400000000000034,342.1774249999999,2026-07-07 15:05:00,342.1774249999999,TARGET,False,2.1128451500000685,1.5091751071428692,ORB_50PCT
TMPV,2026-07-07,SELL,2026-07-07 09:30:00,2026-07-07 09:35:00,09:35,344.977425,348.8,346.0,2.8000000000000114,348.8,3.822575000000029,337.3322749999999,2026-07-07 15:25:00,341.95,END_OF_DAY,False,2.340497574999994,0.6122829702491059,ORB_BOUNDARY
TMPV,2026-07-08,SELL,2026-07-08 09:30:00,2026-07-08 09:35:00,09:35,338.080875,341.4,339.0,2.3999999999999773,339.280875,1.1999999999999886,335.680875,2026-07-08 10:35:00,339.280875,STOP_LOSS,False,-1.8773617499999888,-1.5644681250000054,ORB_50PCT
TMPV,2026-07-08,SELL,2026-07-08 09:30:00,2026-07-08 09:35:00,09:35,338.080875,341.4,339.0,2.3999999999999773,341.4,3.3191249999999854,331.442625,2026-07-08 14:45:00,331.442625,TARGET,False,5.9687264999999705,1.7982831318495076,ORB_BOUNDARY
TMPV,2026-07-09,SELL,2026-07-09 09:55:00,2026-07-09 10:00:00,10:00,332.283775,334.6,332.8,1.8000000000000114,333.18377499999997,0.8999999999999773,330.48377500000004,2026-07-09 10:40:00,333.18377499999997,STOP_LOSS,False,-1.5654675499999773,-1.7394083888889076,ORB_50PCT
TMPV,2026-07-09,SELL,2026-07-09 09:55:00,2026-07-09 10:00:00,10:00,332.283775,334.6,332.8,1.8000000000000114,334.6,2.3162250000000313,327.65132499999993,2026-07-09 15:25:00,332.0,END_OF_DAY,False,-0.38050877500000857,-0.16427971159969496,ORB_BOUNDARY
TMPV,2026-07-10,BUY,2026-07-10 09:45:00,2026-07-10 09:50:00,09:50,335.917875,335.6,333.65,1.9500000000000455,334.94287499999996,0.9750000000000227,337.867875,2026-07-10 10:20:00,337.867875,TARGET,False,1.2762142500000455,1.3089376923077085,ORB_50PCT
TMPV,2026-07-10,BUY,2026-07-10 09:45:00,2026-07-10 09:50:00,09:50,335.917875,335.6,333.65,1.9500000000000455,333.65,2.2678750000000036,340.453625,2026-07-10 15:25:00,337.6,END_OF_DAY,False,1.008607125000042,0.4447366477429489,ORB_BOUNDARY
TMPV,2026-07-13,BUY,2026-07-13 12:45:00,2026-07-13 12:50:00,12:50,340.5702,339.5,335.2,4.300000000000011,338.4202,2.1499999999999773,344.87019999999995,2026-07-13 15:25:00,343.5,END_OF_DAY,False,2.2457298000000003,1.0445254883721042,ORB_50PCT
TMPV,2026-07-13,BUY,2026-07-13 12:45:00,2026-07-13 12:50:00,12:50,340.5702,339.5,335.2,4.300000000000011,335.2,5.370200000000011,351.3106,2026-07-13 15:25:00,343.5,END_OF_DAY,False,2.2457298000000003,0.4181836430672965,ORB_BOUNDARY
TMPV,2026-07-14,SELL,2026-07-14 09:45:00,2026-07-14 09:50:00,09:50,336.6316,340.75,337.3,3.4499999999999886,338.35659999999996,1.724999999999966,333.18160000000006,2026-07-14 14:05:00,333.18160000000006,TARGET,False,2.7801867999999317,1.6117024927536154,ORB_50PCT
TMPV,2026-07-14,SELL,2026-07-14 09:45:00,2026-07-14 09:50:00,09:50,336.6316,340.75,337.3,3.4499999999999886,340.75,4.118400000000008,328.3948,2026-07-14 15:25:00,333.05,END_OF_DAY,False,2.9119183999999803,0.7070508935508873,ORB_BOUNDARY
TMPV,2026-07-15,SELL,2026-07-15 12:55:00,2026-07-15 13:00:00,13:00,331.53415,335.1,332.55,2.5500000000000114,332.80915000000005,1.275000000000034,328.98414999999994,2026-07-15 14:35:00,332.80915000000005,STOP_LOSS,False,-1.9393433000000342,-1.5210535686274371,ORB_50PCT
TMPV,2026-07-15,SELL,2026-07-15 12:55:00,2026-07-15 13:00:00,13:00,331.53415,335.1,332.55,2.5500000000000114,335.1,3.5658500000000117,324.40245,2026-07-15 15:25:00,334.1,END_OF_DAY,False,-3.231484150000012,-0.906231094970344,ORB_BOUNDARY
TMPV,2026-07-16,SELL,2026-07-16 11:40:00,2026-07-16 11:45:00,11:45,333.283275,339.2,334.0,5.199999999999989,335.883275,2.6000000000000227,328.08327499999996,2026-07-16 15:25:00,332.0,END_OF_DAY,False,0.6179917250000032,0.23768912499999917,ORB_50PCT
TMPV,2026-07-16,SELL,2026-07-16 11:40:00,2026-07-16 11:45:00,11:45,333.283275,339.2,334.0,5.199999999999989,339.2,5.916724999999985,321.44982500000003,2026-07-16 15:25:00,332.0,END_OF_DAY,False,0.6179917250000032,0.10444827586206977,ORB_BOUNDARY
TMPV,2026-07-17,BUY,2026-07-17 10:15:00,2026-07-17 10:20:00,10:20,333.716775,332.85,330.2,2.650000000000034,332.39177499999994,1.3250000000000455,336.3667750000001,2026-07-17 11:00:00,332.39177499999994,STOP_LOSS,False,-1.9911085500000454,-1.5027234339622468,ORB_50PCT
TMPV,2026-07-17,BUY,2026-07-17 10:15:00,2026-07-17 10:20:00,10:20,333.716775,332.85,330.2,2.650000000000034,330.2,3.5167749999999955,340.750325,2026-07-17 15:25:00,335.5,END_OF_DAY,False,1.1140082250000158,0.31676983173504625,ORB_BOUNDARY
TMPV,2026-07-20,SELL,2026-07-20 11:25:00,2026-07-20 11:30:00,11:30,333.2333,336.75,333.75,3.0,334.7333,1.5,330.2333,2026-07-20 11:35:00,334.7333,STOP_LOSS,False,-2.1679665999999997,-1.4453110666666664,ORB_50PCT
TMPV,2026-07-20,SELL,2026-07-20 11:25:00,2026-07-20 11:30:00,11:30,333.2333,336.75,333.75,3.0,336.75,3.5167000000000144,326.19989999999996,2026-07-20 14:05:00,336.75,STOP_LOSS,False,-4.1866833000000145,-1.1905147723718252,ORB_BOUNDARY
TMPV,2026-07-20,BUY,2026-07-20 14:20:00,2026-07-20 14:25:00,14:25,337.218525,336.75,333.75,3.0,335.718525,1.5,340.218525,2026-07-20 15:25:00,336.3,END_OF_DAY,False,-1.5920435249999882,-1.0613623499999922,ORB_50PCT
TMPV,2026-07-20,BUY,2026-07-20 14:20:00,2026-07-20 14:25:00,14:25,337.218525,336.75,333.75,3.0,333.75,3.4685249999999996,344.155575,2026-07-20 15:25:00,336.3,END_OF_DAY,False,-1.5920435249999882,-0.4589972754989479,ORB_BOUNDARY
TMPV,2026-07-21,SELL,2026-07-21 10:00:00,2026-07-21 10:05:00,10:05,334.2328,337.65,334.75,2.8999999999999773,335.6828,1.4499999999999886,331.3328,2026-07-21 15:25:00,333.9,END_OF_DAY,False,-0.3353327999999798,-0.23126399999998787,ORB_50PCT
TMPV,2026-07-21,SELL,2026-07-21 10:00:00,2026-07-21 10:05:00,10:05,334.2328,337.65,334.75,2.8999999999999773,337.65,3.41719999999998,327.39840000000004,2026-07-21 15:25:00,333.9,END_OF_DAY,False,-0.3353327999999798,-0.09813086737679438,ORB_BOUNDARY
TMPV,2026-07-22,SELL,2026-07-22 09:30:00,2026-07-22 09:35:00,09:35,330.8345,334.6,331.85,2.75,332.2095,1.375,328.0845,2026-07-22 13:10:00,328.0845,TARGET,False,2.091081,1.5207861818181818,ORB_50PCT
TMPV,2026-07-22,SELL,2026-07-22 09:30:00,2026-07-22 09:35:00,09:35,330.8345,334.6,331.85,2.75,334.6,3.7655000000000314,323.30349999999993,2026-07-22 15:25:00,327.85,END_OF_DAY,False,2.3258154999999685,0.617664453591807,ORB_BOUNDARY
TMPV,2026-07-23,SELL,2026-07-23 09:35:00,2026-07-23 09:40:00,09:40,325.837,327.9,326.1,1.7999999999999545,326.73699999999997,0.8999999999999773,324.03700000000003,2026-07-23 10:00:00,326.73699999999997,STOP_LOSS,False,-1.5525739999999773,-1.7250822222222406,ORB_50PCT
TMPV,2026-07-23,SELL,2026-07-23 09:35:00,2026-07-23 09:40:00,09:40,325.837,327.9,326.1,1.7999999999999545,327.9,2.062999999999988,321.711,2026-07-23 10:15:00,327.9,STOP_LOSS,False,-2.716736999999988,-1.3168865729520134,ORB_BOUNDARY
TMPV,2026-07-23,BUY,2026-07-23 10:40:00,2026-07-23 10:45:00,10:45,328.113975,327.9,326.1,1.7999999999999545,327.213975,0.8999999999999773,329.91397499999994,2026-07-23 11:10:00,327.213975,STOP_LOSS,False,-1.5553279499999773,-1.728142166666685,ORB_50PCT
TMPV,2026-07-23,BUY,2026-07-23 10:40:00,2026-07-23 10:45:00,10:45,328.113975,327.9,326.1,1.7999999999999545,326.1,2.0139749999999594,332.1419249999999,2026-07-23 12:30:00,326.1,STOP_LOSS,False,-2.6681889749999597,-1.3248371876512932,ORB_BOUNDARY
TMPV,2026-07-23,SELL,2026-07-23 12:35:00,2026-07-23 12:40:00,12:40,325.886975,327.9,326.1,1.7999999999999545,326.786975,0.8999999999999773,324.08697500000005,2026-07-23 14:45:00,324.08697500000005,TARGET,False,1.1500260499999544,1.2778067222222038,ORB_50PCT
TMPV,2026-07-23,SELL,2026-07-23 12:35:00,2026-07-23 12:40:00,12:40,325.886975,327.9,326.1,1.7999999999999545,327.9,2.0130249999999705,321.86092500000007,2026-07-23 15:25:00,324.25,END_OF_DAY,False,0.9868380250000067,0.4902264129854429,ORB_BOUNDARY
TMPV,2026-07-24,SELL,2026-07-24 10:00:00,2026-07-24 10:05:00,10:05,318.94045,321.9,319.4,2.5,320.19045,1.25,316.44045,2026-07-24 11:05:00,320.19045,STOP_LOSS,False,-1.8891309,-1.51130472,ORB_50PCT
TMPV,2026-07-24,SELL,2026-07-24 10:00:00,2026-07-24 10:05:00,10:05,318.94045,321.9,319.4,2.5,321.9,2.959549999999979,313.02135000000004,2026-07-24 11:15:00,321.9,STOP_LOSS,False,-3.6003904499999786,-1.2165330709060513,ORB_BOUNDARY
TMPV,2026-07-24,BUY,2026-07-24 11:40:00,2026-07-24 11:45:00,11:45,322.110975,321.9,319.4,2.5,320.860975,1.25,324.610975,2026-07-24 12:55:00,324.610975,TARGET,False,1.8532780500000001,1.48262244,ORB_50PCT
TMPV,2026-07-24,BUY,2026-07-24 11:40:00,2026-07-24 11:45:00,11:45,322.110975,321.9,319.4,2.5,319.4,2.710975000000019,327.53292500000003,2026-07-24 15:25:00,324.3,END_OF_DAY,False,1.542614025000015,0.5690255443152387,ORB_BOUNDARY
TMPV,2026-07-27,BUY,2026-07-27 09:40:00,2026-07-27 09:45:00,09:45,328.46415,327.8,326.3,1.5,327.71415,0.75,329.96415,2026-07-27 09:45:00,327.71415,STOP_LOSS,False,-1.4061783,-1.8749044000000001,ORB_50PCT
TMPV,2026-07-27,BUY,2026-07-27 09:40:00,2026-07-27 09:45:00,09:45,328.46415,327.8,326.3,1.5,326.3,2.1641500000000065,332.79245000000003,2026-07-27 10:35:00,326.3,STOP_LOSS,False,-2.8189141500000066,-1.3025502622276637,ORB_BOUNDARY
TMPV,2026-07-27,SELL,2026-07-27 11:00:00,2026-07-27 11:05:00,11:05,326.33675,327.8,326.3,1.5,327.08675,0.75,324.83675,2026-07-27 11:05:00,327.08675,STOP_LOSS,False,-1.4034235000000002,-1.8712313333333335,ORB_50PCT
TMPV,2026-07-27,SELL,2026-07-27 11:00:00,2026-07-27 11:05:00,11:05,326.33675,327.8,326.3,1.5,327.8,1.4632500000000164,323.41024999999996,2026-07-27 12:05:00,327.8,STOP_LOSS,False,-2.1173867500000165,-1.447043738253882,ORB_BOUNDARY
TMPV,2026-07-27,BUY,2026-07-27 13:15:00,2026-07-27 13:20:00,13:20,328.314075,327.8,326.3,1.5,327.564075,0.75,329.814075,2026-07-27 14:55:00,327.564075,STOP_LOSS,False,-1.40587815,-1.8745041999999998,ORB_50PCT
TMPV,2026-07-27,BUY,2026-07-27 13:15:00,2026-07-27 13:20:00,13:20,328.314075,327.8,326.3,1.5,326.3,2.014074999999991,332.342225,2026-07-27 15:25:00,327.4,END_OF_DAY,False,-1.5697890750000254,-0.7794094435410956,ORB_BOUNDARY
TMPV,2026-07-28,SELL,2026-07-28 09:50:00,2026-07-28 09:55:00,09:55,323.688075,327.35,323.9,3.4500000000000455,325.41307500000005,1.7250000000000227,320.238075,2026-07-28 11:40:00,325.41307500000005,STOP_LOSS,False,-2.3741011500000226,-1.3762905217391255,ORB_50PCT
TMPV,2026-07-28,SELL,2026-07-28 09:50:00,2026-07-28 09:55:00,09:55,323.688075,327.35,323.9,3.4500000000000455,327.35,3.6619249999999965,316.36422500000003,2026-07-28 15:25:00,324.15,END_OF_DAY,False,-1.1097630749999512,-0.30305456146697496,ORB_BOUNDARY
TMPV,2026-07-29,BUY,2026-07-29 09:45:00,2026-07-29 09:50:00,09:50,330.06494999999995,329.2,325.35,3.849999999999966,328.13995,1.9249999999999545,333.91494999999986,2026-07-29 09:55:00,328.13995,STOP_LOSS,False,-2.5832048999999544,-1.3419246233766313,ORB_50PCT
TMPV,2026-07-29,BUY,2026-07-29 09:45:00,2026-07-29 09:50:00,09:50,330.06494999999995,329.2,325.35,3.849999999999966,325.35,4.714949999999931,339.4948499999998,2026-07-29 15:25:00,329.35,END_OF_DAY,False,-1.3743649499999306,-0.29149088537523216,ORB_BOUNDARY
TMPV,2026-07-30,BUY,2026-07-30 09:40:00,2026-07-30 09:45:00,09:45,330.815325,330.65,328.05,2.599999999999966,329.51532499999996,1.3000000000000114,333.415325,2026-07-30 12:55:00,333.415325,TARGET,False,1.9357693500000228,1.4890533461538507,ORB_50PCT
TMPV,2026-07-30,BUY,2026-07-30 09:40:00,2026-07-30 09:45:00,09:45,330.815325,330.65,328.05,2.599999999999966,328.05,2.7653249999999616,336.3459749999999,2026-07-30 15:25:00,335.0,END_OF_DAY,False,3.518859675000027,1.2724940739334711,ORB_BOUNDARY
TMPV,2026-07-31,BUY,2026-07-31 11:35:00,2026-07-31 11:40:00,11:40,338.169,337.6,334.5,3.1000000000000227,336.61899999999997,1.5500000000000114,341.269,2026-07-31 14:00:00,341.269,TARGET,False,2.4205620000000225,1.5616529032258095,ORB_50PCT
TMPV,2026-07-31,BUY,2026-07-31 11:35:00,2026-07-31 11:40:00,11:40,338.169,337.6,334.5,3.1000000000000227,334.5,3.6689999999999827,345.50699999999995,2026-07-31 15:25:00,340.0,END_OF_DAY,False,1.1528310000000173,0.3142085036794829,ORB_BOUNDARY
TMPV,2026-08-04,BUY,2026-08-04 11:25:00,2026-08-04 11:30:00,11:30,349.624725,348.95,345.3,3.6499999999999773,347.799725,1.8249999999999886,353.274725,2026-08-04 11:45:00,347.799725,STOP_LOSS,False,-2.5224244499999884,-1.382150383561646,ORB_50PCT
TMPV,2026-08-04,BUY,2026-08-04 11:25:00,2026-08-04 11:30:00,11:30,349.624725,348.95,345.3,3.6499999999999773,345.3,4.324725000000001,358.274175,2026-08-04 14:00:00,345.3,STOP_LOSS,False,-5.019649725000001,-1.1606864540519917,ORB_BOUNDARY
TMPV,2026-08-04,SELL,2026-08-04 14:25:00,2026-08-04 14:30:00,14:30,345.0274,348.95,345.3,3.6499999999999773,346.8524,1.8249999999999886,341.3774,2026-08-04 15:10:00,345.25,END_OF_DAY,False,-0.9128773999999998,-0.500206794520551,ORB_50PCT
TMPV,2026-08-04,SELL,2026-08-04 14:25:00,2026-08-04 14:30:00,14:30,345.0274,348.95,345.3,3.6499999999999773,348.95,3.9225999999999885,337.1822,2026-08-04 15:10:00,345.25,END_OF_DAY,False,-0.9128773999999998,-0.23272253097435439,ORB_BOUNDARY
TMPV,2026-08-05,SELL,2026-08-05 15:05:00,2026-08-05 15:10:00,15:10,346.92645000000005,352.75,347.2,5.550000000000011,349.70145,2.7749999999999773,341.3764500000001,2026-08-05 15:10:00,347.5,END_OF_DAY,False,-1.2679764499999546,-0.45692845045043784,ORB_50PCT
TMPV,2026-08-05,SELL,2026-08-05 15:05:00,2026-08-05 15:10:00,15:10,346.92645000000005,352.75,347.2,5.550000000000011,352.75,5.823549999999955,335.27935000000014,2026-08-05 15:10:00,347.5,END_OF_DAY,False,-1.2679764499999546,-0.21773256003639782,ORB_BOUNDARY
TMPV,2026-08-06,SELL,2026-08-06 11:35:00,2026-08-06 11:40:00,11:40,345.4272,349.0,346.0,3.0,346.9272,1.5,342.4272,2026-08-06 15:10:00,343.5,END_OF_DAY,False,1.2382728000000274,0.8255152000000182,ORB_50PCT
TMPV,2026-08-06,SELL,2026-08-06 11:35:00,2026-08-06 11:40:00,11:40,345.4272,349.0,346.0,3.0,349.0,3.5727999999999724,338.2816000000001,2026-08-06 15:10:00,343.5,END_OF_DAY,False,1.2382728000000274,0.34658329601434085,ORB_BOUNDARY
TMPV,2026-08-07,BUY,2026-08-07 09:45:00,2026-08-07 09:50:00,09:50,346.27305,346.0,343.65,2.3500000000000227,345.09805,1.1750000000000114,348.62305000000003,2026-08-07 10:00:00,348.62305000000003,TARGET,False,1.6551039000000227,1.408599063829793,ORB_50PCT
TMPV,2026-08-07,BUY,2026-08-07 09:45:00,2026-08-07 09:50:00,09:50,346.27305,346.0,343.65,2.3500000000000227,343.65,2.6230500000000347,351.5191500000001,2026-08-07 15:10:00,345.9,END_OF_DAY,False,-1.0652230500000348,-0.40610093212101206,ORB_BOUNDARY
TMPV,2026-08-11,BUY,2026-08-11 10:30:00,2026-08-11 10:35:00,10:35,348.07394999999997,347.7,344.85,2.849999999999966,346.64895,1.4249999999999545,350.9239499999999,2026-08-11 10:35:00,346.64895,STOP_LOSS,False,-2.1197228999999544,-1.4875248421052787,ORB_50PCT
TMPV,2026-08-11,BUY,2026-08-11 10:30:00,2026-08-11 10:35:00,10:35,348.07394999999997,347.7,344.85,2.849999999999966,344.85,3.2239499999999452,354.52184999999986,2026-08-11 11:05:00,344.85,STOP_LOSS,False,-3.916873949999945,-1.2149301167822117,ORB_BOUNDARY
TMPV,2026-08-11,SELL,2026-08-11 11:10:00,2026-08-11 11:15:00,11:15,344.477675,347.7,344.85,2.849999999999966,345.90267499999993,1.4249999999999545,341.62767500000007,2026-08-11 11:20:00,345.90267499999993,STOP_LOSS,False,-2.1153803499999544,-1.4844774385965065,ORB_50PCT
TMPV,2026-08-11,SELL,2026-08-11 11:10:00,2026-08-11 11:15:00,11:15,344.477675,347.7,344.85,2.849999999999966,347.7,3.222325000000012,338.03302499999995,2026-08-11 13:00:00,347.7,STOP_LOSS,False,-3.914502675000012,-1.2148069096071927,ORB_BOUNDARY
TMPV,2026-08-11,BUY,2026-08-11 13:25:00,2026-08-11 13:30:00,13:30,348.023925,347.7,344.85,2.849999999999966,346.598925,1.4250000000000114,350.87392500000004,2026-08-11 15:10:00,347.25,END_OF_DAY,False,-1.4691989250000197,-1.03101678947369,ORB_50PCT
TMPV,2026-08-11,BUY,2026-08-11 13:25:00,2026-08-11 13:30:00,13:30,348.023925,347.7,344.85,2.849999999999966,344.85,3.173924999999997,354.371775,2026-08-11 15:10:00,347.25,END_OF_DAY,False,-1.4691989250000197,-0.4628965476499984,ORB_BOUNDARY
TMPV,2026-08-12,SELL,2026-08-12 09:50:00,2026-08-12 09:55:00,09:55,346.97642499999995,351.25,347.25,4.0,348.97642499999995,2.0,342.97642499999995,2026-08-12 11:00:00,342.97642499999995,TARGET,False,3.31004715,1.655023575,ORB_50PCT
TMPV,2026-08-12,SELL,2026-08-12 09:50:00,2026-08-12 09:55:00,09:55,346.97642499999995,351.25,347.25,4.0,351.25,4.273575000000051,338.42927499999985,2026-08-12 11:05:00,338.42927499999985,TARGET,False,7.861744300000102,1.8396177205267272,ORB_BOUNDARY
TMPV,2026-08-13,BUY,2026-08-13 09:35:00,2026-08-13 09:40:00,09:40,345.422625,345.25,342.45,2.8000000000000114,344.02262499999995,1.400000000000034,348.22262500000005,2026-08-13 09:40:00,348.22262500000005,TARGET,False,2.106354750000068,1.504539107142869,ORB_50PCT
TMPV,2026-08-13,BUY,2026-08-13 09:35:00,2026-08-13 09:40:00,09:40,345.422625,345.25,342.45,2.8000000000000114,342.45,2.9726249999999936,351.36787499999997,2026-08-13 09:40:00,351.36787499999997,TARGET,False,5.248459499999988,1.7655975778983217,ORB_BOUNDARY
TMPV,2026-08-13,BUY,2026-08-13 11:00:00,2026-08-13 11:05:00,11:05,348.47415,345.25,342.45,2.8000000000000114,347.07415000000003,1.3999999999999773,351.27414999999996,2026-08-13 15:10:00,349.2,END_OF_DAY,False,0.028175849999979796,0.02012560714284304,ORB_50PCT
TMPV,2026-08-13,BUY,2026-08-13 11:00:00,2026-08-13 11:05:00,11:05,348.47415,345.25,342.45,2.8000000000000114,342.45,6.02415000000002,360.52245000000005,2026-08-13 15:10:00,349.2,END_OF_DAY,False,0.028175849999979796,0.004677149473366318,ORB_BOUNDARY
ASHOKLEY,2025-08-18,BUY,2025-08-18 10:00:00,2025-08-18 10:05:00,10:05,130.97545499999998,130.54,125.1,5.439999999999998,128.25545499999998,2.719999999999999,136.41545499999998,2025-08-18 15:25:00,131.9,END_OF_DAY,False,0.6616695450000233,0.24326086213236162,ORB_50PCT
ASHOKLEY,2025-08-18,BUY,2025-08-18 10:00:00,2025-08-18 10:05:00,10:05,130.97545499999998,130.54,125.1,5.439999999999998,125.1,5.875454999999988,142.72636499999996,2025-08-18 15:25:00,131.9,END_OF_DAY,False,0.6616695450000233,0.11261588166363705,ORB_BOUNDARY
ASHOKLEY,2025-08-19,BUY,2025-08-19 12:05:00,2025-08-19 12:10:00,12:10,132.015975,131.76,127.11,4.6499999999999915,129.690975,2.3249999999999886,136.66597499999997,2025-08-19 15:25:00,133.36,END_OF_DAY,False,1.0786490250000162,0.4639350645161383,ORB_50PCT
ASHOKLEY,2025-08-19,BUY,2025-08-19 12:05:00,2025-08-19 12:10:00,12:10,132.015975,131.76,127.11,4.6499999999999915,127.11,4.905974999999998,141.827925,2025-08-19 15:25:00,133.36,END_OF_DAY,False,1.0786490250000162,0.2198643541803651,ORB_BOUNDARY
ASHOKLEY,2025-08-21,BUY,2025-08-21 10:25:00,2025-08-21 10:30:00,10:30,133.76684999999998,133.48,131.6,1.8799999999999955,132.82684999999998,0.9399999999999977,135.64684999999997,2025-08-21 11:35:00,132.82684999999998,STOP_LOSS,False,-1.2065936999999978,-1.283610319148937,ORB_50PCT
ASHOKLEY,2025-08-21,BUY,2025-08-21 10:25:00,2025-08-21 10:30:00,10:30,133.76684999999998,133.48,131.6,1.8799999999999955,131.6,2.1668499999999824,138.10054999999994,2025-08-21 13:35:00,131.6,STOP_LOSS,False,-2.4322168499999823,-1.1224666451300285,ORB_BOUNDARY
ASHOKLEY,2025-08-21,SELL,2025-08-21 14:35:00,2025-08-21 14:40:00,14:40,131.464235,133.48,131.6,1.8799999999999955,132.404235,0.9399999999999977,129.584235,2025-08-21 15:25:00,130.95,END_OF_DAY,False,0.2518207650000136,0.26789443085107895,ORB_50PCT
ASHOKLEY,2025-08-21,SELL,2025-08-21 14:35:00,2025-08-21 14:40:00,14:40,131.464235,133.48,131.6,1.8799999999999955,133.48,2.0157649999999876,127.43270500000003,2025-08-21 15:25:00,130.95,END_OF_DAY,False,0.2518207650000136,0.12492565601645785,ORB_BOUNDARY
ASHOKLEY,2025-08-22,SELL,2025-08-22 09:30:00,2025-08-22 09:35:00,09:35,130.004965,132.1,130.15,1.9499999999999886,130.979965,0.9749999999999943,128.054965,2025-08-22 11:40:00,130.979965,STOP_LOSS,False,-1.2359849299999943,-1.2676768512820529,ORB_50PCT
ASHOKLEY,2025-08-22,SELL,2025-08-22 09:30:00,2025-08-22 09:35:00,09:35,130.004965,132.1,130.15,1.9499999999999886,132.1,2.0950349999999958,125.814895,2025-08-22 15:25:00,131.49,END_OF_DAY,False,-1.7465299650000106,-0.833651927056118,ORB_BOUNDARY
ASHOKLEY,2025-08-26,SELL,2025-08-26 09:40:00,2025-08-26 09:45:00,09:45,129.95499,130.94,130.12,0.8199999999999932,130.36499,0.4099999999999966,129.13499000000002,2025-08-26 09:55:00,130.36499,STOP_LOSS,False,-0.6703199799999966,-1.6349267804878103,ORB_50PCT
ASHOKLEY,2025-08-26,SELL,2025-08-26 09:40:00,2025-08-26 09:45:00,09:45,129.95499,130.94,130.12,0.8199999999999932,130.94,0.9850099999999884,127.98497000000003,2025-08-26 10:30:00,130.94,STOP_LOSS,False,-1.2459049899999883,-1.264865321164255,ORB_BOUNDARY
ASHOKLEY,2025-08-28,SELL,2025-08-28 13:00:00,2025-08-28 13:05:00,13:05,130.12490499999998,131.9,130.25,1.6500000000000057,130.949905,0.825000000000017,128.47490499999995,2025-08-28 15:25:00,129.8,END_OF_DAY,False,0.0649800949999727,0.0787637515151168,ORB_50PCT
ASHOKLEY,2025-08-28,SELL,2025-08-28 13:00:00,2025-08-28 13:05:00,13:05,130.12490499999998,131.9,130.25,1.6500000000000057,131.9,1.7750950000000216,126.57471499999994,2025-08-28 15:25:00,129.8,END_OF_DAY,False,0.0649800949999727,0.03660654500180098,ORB_BOUNDARY
ASHOKLEY,2025-08-29,SELL,2025-08-29 09:30:00,2025-08-29 09:35:00,09:35,128.845545,130.24,129.2,1.0400000000000205,129.365545,0.5200000000000102,127.80554499999997,2025-08-29 11:25:00,129.365545,STOP_LOSS,False,-0.7782110900000103,-1.496559788461529,ORB_50PCT
ASHOKLEY,2025-08-29,SELL,2025-08-29 09:30:00,2025-08-29 09:35:00,09:35,128.845545,130.24,129.2,1.0400000000000205,130.24,1.394455000000022,126.05663499999994,2025-08-29 15:25:00,126.94,END_OF_DAY,False,1.6497594549999894,1.1830854742533559,ORB_BOUNDARY
ASHOKLEY,2025-09-01,SELL,2025-09-01 09:50:00,2025-09-01 09:55:00,09:55,126.826555,128.24,127.0,1.240000000000009,127.446555,0.6200000000000045,125.58655499999999,2025-09-01 11:20:00,127.446555,STOP_LOSS,False,-0.8742731100000045,-1.4101179193548357,ORB_50PCT
ASHOKLEY,2025-09-01,SELL,2025-09-01 09:50:00,2025-09-01 09:55:00,09:55,126.826555,128.24,127.0,1.240000000000009,128.24,1.41344500000001,123.99966499999998,2025-09-01 14:15:00,128.24,STOP_LOSS,False,-1.66851155500001,-1.180457361269804,ORB_BOUNDARY
ASHOKLEY,2025-09-01,BUY,2025-09-01 14:40:00,2025-09-01 14:45:00,14:45,128.32413,128.24,127.0,1.240000000000009,127.70412999999999,0.6200000000000045,129.56413,2025-09-01 15:25:00,127.70412999999999,STOP_LOSS,False,-0.8760282600000046,-1.4129488064516098,ORB_50PCT
ASHOKLEY,2025-09-01,BUY,2025-09-01 14:40:00,2025-09-01 14:45:00,14:45,128.32413,128.24,127.0,1.240000000000009,127.0,1.3241299999999967,130.97239,2025-09-01 15:25:00,128.0,END_OF_DAY,False,-0.5804541299999967,-0.4383664217259621,ORB_BOUNDARY
ASHOKLEY,2025-09-02,BUY,2025-09-02 09:30:00,2025-09-02 09:35:00,09:35,129.414675,129.25,128.46,0.789999999999992,129.019675,0.3949999999999818,130.20467499999995,2025-09-02 09:45:00,130.20467499999995,TARGET,False,0.5303806499999637,1.34273582278478,ORB_50PCT
ASHOKLEY,2025-09-02,BUY,2025-09-02 09:30:00,2025-09-02 09:35:00,09:35,129.414675,129.25,128.46,0.789999999999992,128.46,0.9546749999999804,131.32402499999995,2025-09-02 10:00:00,131.32402499999995,TARGET,False,1.648611299999961,1.7268822374106316,ORB_BOUNDARY
ASHOKLEY,2025-09-03,SELL,2025-09-03 10:15:00,2025-09-03 10:20:00,10:20,128.7356,132.38,128.81,3.569999999999993,130.5206,1.7849999999999966,125.16560000000001,2025-09-03 15:25:00,130.21,END_OF_DAY,False,-1.733345600000003,-0.9710619607843172,ORB_50PCT
ASHOKLEY,2025-09-03,SELL,2025-09-03 10:15:00,2025-09-03 10:20:00,10:20,128.7356,132.38,128.81,3.569999999999993,132.38,3.6443999999999903,121.44680000000002,2025-09-03 15:25:00,130.21,END_OF_DAY,False,-1.733345600000003,-0.4756189221819799,ORB_BOUNDARY
ASHOKLEY,2025-09-05,BUY,2025-09-05 11:25:00,2025-09-05 11:30:00,11:30,131.02548000000002,130.59,128.24,2.3499999999999943,129.85048,1.1750000000000114,133.37548000000004,2025-09-05 15:25:00,131.44,END_OF_DAY,False,0.15205451999998176,0.1294081021276428,ORB_50PCT
ASHOKLEY,2025-09-05,BUY,2025-09-05 11:25:00,2025-09-05 11:30:00,11:30,131.02548000000002,130.59,128.24,2.3499999999999943,128.24,2.785480000000007,136.59644000000003,2025-09-05 15:25:00,131.44,END_OF_DAY,False,0.15205451999998176,0.054588264859191736,ORB_BOUNDARY
ASHOKLEY,2025-09-08,BUY,2025-09-08 09:30:00,2025-09-08 09:35:00,09:35,134.28711,132.34,131.37,0.9699999999999989,133.80211000000003,0.4849999999999852,135.25710999999998,2025-09-08 09:35:00,135.25710999999998,TARGET,False,0.7004557799999704,1.4442387216494676,ORB_50PCT
ASHOKLEY,2025-09-08,BUY,2025-09-08 09:30:00,2025-09-08 09:35:00,09:35,134.28711,132.34,131.37,0.9699999999999989,131.37,2.917110000000008,140.12133000000003,2025-09-08 15:25:00,137.41,END_OF_DAY,False,2.851192889999984,0.9774032827010213,ORB_BOUNDARY
ASHOKLEY,2025-09-09,SELL,2025-09-09 09:30:00,2025-09-09 09:35:00,09:35,136.35179,137.7,136.6,1.0999999999999943,136.90179,0.5500000000000114,135.25178999999997,2025-09-09 09:45:00,136.90179,STOP_LOSS,False,-0.8232535800000114,-1.4968246909090805,ORB_50PCT
ASHOKLEY,2025-09-09,SELL,2025-09-09 09:30:00,2025-09-09 09:35:00,09:35,136.35179,137.7,136.6,1.0999999999999943,137.7,1.3482099999999946,133.65537,2025-09-09 15:25:00,135.06,END_OF_DAY,False,1.0203782099999918,0.7568392238597814,ORB_BOUNDARY
ASHOKLEY,2025-09-10,SELL,2025-09-10 12:00:00,2025-09-10 12:05:00,12:05,132.703615,136.13,133.15,2.9799999999999898,134.19361500000002,1.490000000000009,129.723615,2025-09-10 13:45:00,134.19361500000002,STOP_LOSS,False,-1.7568972300000092,-1.1791256577181197,ORB_50PCT
ASHOKLEY,2025-09-10,SELL,2025-09-10 12:00:00,2025-09-10 12:05:00,12:05,132.703615,136.13,133.15,2.9799999999999898,136.13,3.426384999999982,125.85084500000005,2025-09-10 15:25:00,133.8,END_OF_DAY,False,-1.362888614999998,-0.39776283605024104,ORB_BOUNDARY
ASHOKLEY,2025-09-11,SELL,2025-09-11 10:30:00,2025-09-11 10:35:00,10:35,133.45324000000002,134.66,133.63,1.0300000000000011,133.96824000000004,0.5150000000000148,132.42324,2025-09-11 11:35:00,132.42324,TARGET,False,0.7641235200000296,1.483734990291277,ORB_50PCT
ASHOKLEY,2025-09-11,SELL,2025-09-11 10:30:00,2025-09-11 10:35:00,10:35,133.45324000000002,134.66,133.63,1.0300000000000011,134.66,1.2067599999999743,131.03972000000007,2025-09-11 15:25:00,133.5,END_OF_DAY,False,-0.31371323999997774,-0.2599632404123309,ORB_BOUNDARY
ASHOKLEY,2025-09-12,BUY,2025-09-12 09:30:00,2025-09-12 09:35:00,09:35,134.297115,133.72,132.77,0.9499999999999886,133.822115,0.4749999999999943,135.24711499999998,2025-09-12 11:05:00,135.24711499999998,TARGET,False,0.6804557699999887,1.4325384631578881,ORB_50PCT
ASHOKLEY,2025-09-12,BUY,2025-09-12 09:30:00,2025-09-12 09:35:00,09:35,134.297115,133.72,132.77,0.9499999999999886,132.77,1.5271149999999807,137.35134499999995,2025-09-12 15:25:00,134.0,END_OF_DAY,False,-0.5654121149999909,-0.37024855037112336,ORB_BOUNDARY
ASHOKLEY,2025-09-15,SELL,2025-09-15 10:55:00,2025-09-15 11:00:00,11:00,133.982975,136.0,134.11,1.8899999999999864,134.927975,0.9449999999999932,132.09297500000002,2025-09-15 15:25:00,133.9,END_OF_DAY,False,-0.18490797499999528,-0.19566981481481124,ORB_50PCT
ASHOKLEY,2025-09-15,SELL,2025-09-15 10:55:00,2025-09-15 11:00:00,11:00,133.982975,136.0,134.11,1.8899999999999864,136.0,2.0170249999999896,129.94892500000003,2025-09-15 15:25:00,133.9,END_OF_DAY,False,-0.18490797499999528,-0.09167361584511656,ORB_BOUNDARY
ASHOKLEY,2025-09-16,BUY,2025-09-16 10:30:00,2025-09-16 10:35:00,10:35,135.61777500000002,135.28,134.1,1.1800000000000068,135.02777500000002,0.5900000000000034,136.79777500000003,2025-09-16 10:40:00,135.02777500000002,STOP_LOSS,False,-0.8606455500000034,-1.4587212711864381,ORB_50PCT
ASHOKLEY,2025-09-16,BUY,2025-09-16 10:30:00,2025-09-16 10:35:00,10:35,135.61777500000002,135.28,134.1,1.1800000000000068,134.1,1.5177750000000287,138.65332500000008,2025-09-16 14:55:00,134.1,STOP_LOSS,False,-1.787492775000029,-1.1777060335029863,ORB_BOUNDARY
ASHOKLEY,2025-09-17,BUY,2025-09-17 10:50:00,2025-09-17 10:55:00,10:55,137.36865,137.22,135.0,2.219999999999999,136.25865,1.1100000000000136,139.58865000000003,2025-09-17 15:25:00,136.7,END_OF_DAY,False,-0.9427186500000138,-0.849296081081083,ORB_50PCT
ASHOKLEY,2025-09-17,BUY,2025-09-17 10:50:00,2025-09-17 10:55:00,10:55,137.36865,137.22,135.0,2.219999999999999,135.0,2.3686500000000024,142.10595,2025-09-17 15:25:00,136.7,END_OF_DAY,False,-0.9427186500000138,-0.3979982901652894,ORB_BOUNDARY
ASHOKLEY,2025-09-18,SELL,2025-09-18 11:45:00,2025-09-18 11:50:00,11:50,136.081925,137.65,136.26,1.3900000000000148,136.776925,0.6949999999999932,134.69192500000003,2025-09-18 13:25:00,136.776925,STOP_LOSS,False,-0.9678588499999932,-1.3926026618705074,ORB_50PCT
ASHOKLEY,2025-09-18,SELL,2025-09-18 11:45:00,2025-09-18 11:50:00,11:50,136.081925,137.65,136.26,1.3900000000000148,137.65,1.5680749999999932,132.94577500000003,2025-09-18 14:45:00,137.65,STOP_LOSS,False,-1.8418069249999933,-1.1745655820034127,ORB_BOUNDARY
ASHOKLEY,2025-09-19,BUY,2025-09-19 10:10:00,2025-09-19 10:15:00,10:15,142.141035,141.4,138.89,2.5100000000000193,140.886035,1.2549999999999955,144.65103499999998,2025-09-19 10:40:00,140.886035,STOP_LOSS,False,-1.5380270699999954,-1.2255195776892438,ORB_50PCT
ASHOKLEY,2025-09-19,BUY,2025-09-19 10:10:00,2025-09-19 10:15:00,10:15,142.141035,141.4,138.89,2.5100000000000193,138.89,3.2510350000000017,148.643105,2025-09-19 15:25:00,141.08,END_OF_DAY,False,-1.3442560349999755,-0.4134855622901552,ORB_BOUNDARY
ASHOKLEY,2025-09-22,BUY,2025-09-22 10:10:00,2025-09-22 10:15:00,10:15,141.65079,141.4,140.51,0.8900000000000148,141.20578999999998,0.4450000000000216,142.54079000000004,2025-09-22 10:45:00,141.20578999999998,STOP_LOSS,False,-0.7278565800000216,-1.635632764044913,ORB_50PCT
ASHOKLEY,2025-09-22,BUY,2025-09-22 10:10:00,2025-09-22 10:15:00,10:15,141.65079,141.4,140.51,0.8900000000000148,140.51,1.1407900000000097,143.93237000000002,2025-09-22 12:40:00,140.51,STOP_LOSS,False,-1.4229507900000098,-1.2473380639732095,ORB_BOUNDARY
ASHOKLEY,2025-09-22,SELL,2025-09-22 14:00:00,2025-09-22 14:05:00,14:05,140.419755,141.4,140.51,0.8900000000000148,140.864755,0.4449999999999932,139.52975500000002,2025-09-22 14:40:00,139.52975500000002,TARGET,False,0.6100504899999863,1.3708999775280801,ORB_50PCT
ASHOKLEY,2025-09-22,SELL,2025-09-22 14:00:00,2025-09-22 14:05:00,14:05,140.419755,141.4,140.51,0.8900000000000148,141.4,0.9802449999999965,138.45926500000002,2025-09-22 15:25:00,139.01,END_OF_DAY,False,1.1303252450000183,1.1531048309351462,ORB_BOUNDARY
ASHOKLEY,2025-09-23,BUY,2025-09-23 14:25:00,2025-09-23 14:30:00,14:30,143.981955,143.9,139.56,4.340000000000003,141.811955,2.1699999999999875,148.32195499999997,2025-09-23 15:25:00,144.2,END_OF_DAY,False,-0.07013695500001066,-0.032321177419359935,ORB_50PCT
ASHOKLEY,2025-09-23,BUY,2025-09-23 14:25:00,2025-09-23 14:30:00,14:30,143.981955,143.9,139.56,4.340000000000003,139.56,4.421954999999997,152.825865,2025-09-23 15:25:00,144.2,END_OF_DAY,False,-0.07013695500001066,-0.015861073891527775,ORB_BOUNDARY
ASHOKLEY,2025-09-24,BUY,2025-09-24 09:50:00,2025-09-24 09:55:00,09:55,143.05149,142.5,139.6,2.9000000000000057,141.60149,1.4499999999999886,145.95148999999998,2025-09-24 15:25:00,142.0,END_OF_DAY,False,-1.3365414900000012,-0.921752751724146,ORB_50PCT
ASHOKLEY,2025-09-24,BUY,2025-09-24 09:50:00,2025-09-24 09:55:00,09:55,143.05149,142.5,139.6,2.9000000000000057,139.6,3.451490000000007,149.95447000000001,2025-09-24 15:25:00,142.0,END_OF_DAY,False,-1.3365414900000012,-0.38723608934112475,ORB_BOUNDARY
ASHOKLEY,2025-09-25,SELL,2025-09-25 15:00:00,2025-09-25 15:05:00,15:05,140.42975,141.9,140.51,1.3900000000000148,141.12475,0.6949999999999932,139.03975000000003,2025-09-25 15:25:00,140.1,END_OF_DAY,False,0.049220250000018395,0.07082050359714946,ORB_50PCT
ASHOKLEY,2025-09-25,SELL,2025-09-25 15:00:00,2025-09-25 15:05:00,15:05,140.42975,141.9,140.51,1.3900000000000148,141.9,1.470249999999993,137.48925000000003,2025-09-25 15:25:00,140.1,END_OF_DAY,False,0.049220250000018395,0.03347746981807082,ORB_BOUNDARY
ASHOKLEY,2025-09-26,BUY,2025-09-26 09:45:00,2025-09-26 09:50:00,09:50,142.121025,141.6,139.01,2.5900000000000034,140.82602500000002,1.2949999999999875,144.71102499999998,2025-09-26 15:25:00,141.6,END_OF_DAY,False,-0.8047460250000087,-0.6214255019305146,ORB_50PCT
ASHOKLEY,2025-09-26,BUY,2025-09-26 09:45:00,2025-09-26 09:50:00,09:50,142.121025,141.6,139.01,2.5900000000000034,139.01,3.111025000000012,148.34307500000003,2025-09-26 15:25:00,141.6,END_OF_DAY,False,-0.8047460250000087,-0.2586755249475673,ORB_BOUNDARY
ASHOKLEY,2025-09-29,BUY,2025-09-29 10:30:00,2025-09-29 10:35:00,10:35,144.17204999999998,144.0,142.0,2.0,143.17204999999998,1.0,146.17204999999998,2025-09-29 10:50:00,143.17204999999998,STOP_LOSS,False,-1.2873440999999999,-1.2873440999999999,ORB_50PCT
ASHOKLEY,2025-09-29,BUY,2025-09-29 10:30:00,2025-09-29 10:35:00,10:35,144.17204999999998,144.0,142.0,2.0,142.0,2.1720499999999845,148.51614999999995,2025-09-29 11:35:00,142.0,STOP_LOSS,False,-2.4582220499999847,-1.1317520545107167,ORB_BOUNDARY
ASHOKLEY,2025-09-29,SELL,2025-09-29 11:55:00,2025-09-29 12:00:00,12:00,141.86903,144.0,142.0,2.0,142.86903,1.0,139.86903,2025-09-29 13:10:00,142.86903,STOP_LOSS,False,-1.28473806,-1.28473806,ORB_50PCT
ASHOKLEY,2025-09-29,SELL,2025-09-29 11:55:00,2025-09-29 12:00:00,12:00,141.86903,144.0,142.0,2.0,144.0,2.1309699999999907,137.60709000000003,2025-09-29 15:25:00,142.6,END_OF_DAY,False,-1.015439029999985,-0.4765149345133856,ORB_BOUNDARY
ASHOKLEY,2025-09-30,SELL,2025-09-30 11:30:00,2025-09-30 11:35:00,11:35,141.998965,143.79,142.5,1.289999999999992,142.64396499999998,0.6449999999999818,140.70896500000003,2025-09-30 14:15:00,142.64396499999998,STOP_LOSS,False,-0.9296429299999818,-1.4413068682170667,ORB_50PCT
ASHOKLEY,2025-09-30,SELL,2025-09-30 11:30:00,2025-09-30 11:35:00,11:35,141.998965,143.79,142.5,1.289999999999992,143.79,1.7910349999999937,138.416895,2025-09-30 15:25:00,142.7,END_OF_DAY,False,-0.9857339649999903,-0.5503711345674394,ORB_BOUNDARY
ASHOKLEY,2025-10-01,SELL,2025-10-01 09:35:00,2025-10-01 09:40:00,09:40,142.66863,143.8,142.8,1.0,143.16863,0.5,141.66863,2025-10-01 10:40:00,141.66863,TARGET,False,0.71566274,1.43132548,ORB_50PCT
ASHOKLEY,2025-10-01,SELL,2025-10-01 09:35:00,2025-10-01 09:40:00,09:40,142.66863,143.8,142.8,1.0,143.8,1.131370000000004,140.40589,2025-10-01 15:25:00,141.0,END_OF_DAY,False,1.3849613700000074,1.2241453901022676,ORB_BOUNDARY
ASHOKLEY,2025-10-03,SELL,2025-10-03 09:30:00,2025-10-03 09:35:00,09:35,139.26033500000003,142.95,139.37,3.579999999999984,141.05033500000002,1.789999999999992,135.68033500000004,2025-10-03 15:25:00,139.74,END_OF_DAY,False,-0.758665334999983,-0.4238353826815566,ORB_50PCT
ASHOKLEY,2025-10-03,SELL,2025-10-03 09:30:00,2025-10-03 09:35:00,09:35,139.26033500000003,142.95,139.37,3.579999999999984,142.95,3.6896649999999624,131.8810050000001,2025-10-03 15:25:00,139.74,END_OF_DAY,False,-0.758665334999983,-0.20561902909884522,ORB_BOUNDARY
ASHOKLEY,2025-10-06,SELL,2025-10-06 11:20:00,2025-10-06 11:25:00,11:25,138.23085,140.5,138.5,2.0,139.23085,1.0,136.23085,2025-10-06 15:25:00,138.05,END_OF_DAY,False,-0.09543085000000756,-0.09543085000000756,ORB_50PCT
ASHOKLEY,2025-10-06,SELL,2025-10-06 11:20:00,2025-10-06 11:25:00,11:25,138.23085,140.5,138.5,2.0,140.5,2.2691499999999962,133.69255,2025-10-06 15:25:00,138.05,END_OF_DAY,False,-0.09543085000000756,-0.0420557697816397,ORB_BOUNDARY
ASHOKLEY,2025-10-07,BUY,2025-10-07 09:30:00,2025-10-07 09:35:00,09:35,139.019475,138.92,137.94,0.9799999999999898,138.529475,0.4900000000000091,139.99947500000002,2025-10-07 09:55:00,139.99947500000002,TARGET,False,0.7009810500000182,1.430573571428582,ORB_50PCT
ASHOKLEY,2025-10-07,BUY,2025-10-07 09:30:00,2025-10-07 09:35:00,09:35,139.019475,138.92,137.94,0.9799999999999898,137.94,1.0794750000000022,141.178425,2025-10-07 15:25:00,139.81,END_OF_DAY,False,0.5116955250000024,0.47402258042103923,ORB_BOUNDARY
ASHOKLEY,2025-10-08,SELL,2025-10-08 10:25:00,2025-10-08 10:30:00,10:30,140.04994,141.5,140.21,1.289999999999992,140.69493999999997,0.6449999999999818,138.75994000000003,2025-10-08 15:25:00,139.01,END_OF_DAY,False,0.7608800600000014,1.1796590077519735,ORB_50PCT
ASHOKLEY,2025-10-08,SELL,2025-10-08 10:25:00,2025-10-08 10:30:00,10:30,140.04994,141.5,140.21,1.289999999999992,141.5,1.4500600000000077,137.14981999999998,2025-10-08 15:25:00,139.01,END_OF_DAY,False,0.7608800600000014,0.5247231562831864,ORB_BOUNDARY
ASHOKLEY,2025-10-09,SELL,2025-10-09 09:30:00,2025-10-09 09:35:00,09:35,138.120905,139.91,138.37,1.539999999999992,138.89090499999998,0.7699999999999818,136.58090500000003,2025-10-09 15:25:00,138.89090499999998,STOP_LOSS,False,-1.0470118099999817,-1.3597555974026057,ORB_50PCT
ASHOKLEY,2025-10-09,SELL,2025-10-09 09:30:00,2025-10-09 09:35:00,09:35,138.120905,139.91,138.37,1.539999999999992,139.91,1.7890950000000032,134.542715,2025-10-09 15:25:00,138.84,END_OF_DAY,False,-0.9960559050000101,-0.556737291759246,ORB_BOUNDARY
ASHOKLEY,2025-10-10,SELL,2025-10-10 10:05:00,2025-10-10 10:10:00,10:10,138.04094500000002,139.52,138.36,1.1599999999999966,138.620945,0.5799999999999841,136.88094500000005,2025-10-10 15:25:00,137.65,END_OF_DAY,False,0.11525405500001623,0.19871388793106792,ORB_50PCT
ASHOKLEY,2025-10-10,SELL,2025-10-10 10:05:00,2025-10-10 10:10:00,10:10,138.04094500000002,139.52,138.36,1.1599999999999966,139.52,1.4790549999999882,135.08283500000005,2025-10-10 15:25:00,137.65,END_OF_DAY,False,0.11525405500001623,0.07792411708828756,ORB_BOUNDARY
ASHOKLEY,2025-10-13,BUY,2025-10-13 14:25:00,2025-10-13 14:30:00,14:30,137.55874500000002,137.49,135.7,1.7900000000000205,136.663745,0.8950000000000102,139.34874500000004,2025-10-13 15:25:00,137.68,END_OF_DAY,False,-0.15398374500000922,-0.1720488770949804,ORB_50PCT
ASHOKLEY,2025-10-13,BUY,2025-10-13 14:25:00,2025-10-13 14:30:00,14:30,137.55874500000002,137.49,135.7,1.7900000000000205,135.7,1.8587450000000274,141.27623500000007,2025-10-13 15:25:00,137.68,END_OF_DAY,False,-0.15398374500000922,-0.08284285633586476,ORB_BOUNDARY
ASHOKLEY,2025-10-14,SELL,2025-10-14 09:35:00,2025-10-14 09:40:00,09:40,137.10141499999997,138.39,137.32,1.0699999999999932,137.63641499999997,0.5349999999999966,136.03141499999998,2025-10-14 10:55:00,136.03141499999998,TARGET,False,0.7968671699999932,1.4894713457943893,ORB_50PCT
ASHOKLEY,2025-10-14,SELL,2025-10-14 09:35:00,2025-10-14 09:40:00,09:40,137.10141499999997,138.39,137.32,1.0699999999999932,138.39,1.2885850000000119,134.52424499999995,2025-10-14 15:25:00,135.29,END_OF_DAY,False,1.5390235849999825,1.1943516221281236,ORB_BOUNDARY
ASHOKLEY,2025-10-15,BUY,2025-10-15 11:40:00,2025-10-15 11:45:00,11:45,136.48820999999998,136.34,135.2,1.1400000000000148,135.91821,0.5699999999999932,137.62820999999997,2025-10-15 11:45:00,135.91821,STOP_LOSS,False,-0.8424064199999932,-1.4779060000000057,ORB_50PCT
ASHOKLEY,2025-10-15,BUY,2025-10-15 11:40:00,2025-10-15 11:45:00,11:45,136.48820999999998,136.34,135.2,1.1400000000000148,135.2,1.2882099999999923,139.06462999999997,2025-10-15 15:25:00,135.79,END_OF_DAY,False,-0.9704882099999889,-0.7533618043641911,ORB_BOUNDARY
ASHOKLEY,2025-10-17,SELL,2025-10-17 11:35:00,2025-10-17 11:40:00,11:40,135.27233,137.7,135.57,2.1299999999999955,136.33733,1.0649999999999977,133.14233000000002,2025-10-17 15:25:00,134.5,END_OF_DAY,False,0.5025576700000108,0.4718851361502459,ORB_50PCT
ASHOKLEY,2025-10-17,SELL,2025-10-17 11:35:00,2025-10-17 11:40:00,11:40,135.27233,137.7,135.57,2.1299999999999955,137.7,2.427669999999978,130.41699000000006,2025-10-17 15:25:00,134.5,END_OF_DAY,False,0.5025576700000108,0.20701234928965445,ORB_BOUNDARY
ASHOKLEY,2025-10-23,BUY,2025-10-23 09:30:00,2025-10-23 09:35:00,09:35,138.559245,137.89,136.45,1.4399999999999977,137.839245,0.7199999999999989,139.999245,2025-10-23 15:05:00,137.839245,STOP_LOSS,False,-0.9963984899999989,-1.3838867916666673,ORB_50PCT
ASHOKLEY,2025-10-23,BUY,2025-10-23 09:30:00,2025-10-23 09:35:00,09:35,138.559245,137.89,136.45,1.4399999999999977,136.45,2.1092450000000156,142.77773500000004,2025-10-23 15:25:00,137.6,END_OF_DAY,False,-1.23540424500001,-0.5857092205978921,ORB_BOUNDARY
ASHOKLEY,2025-10-24,BUY,2025-10-24 09:40:00,2025-10-24 09:45:00,09:45,138.35914499999998,138.25,137.2,1.0500000000000114,137.83414499999998,0.5250000000000057,139.409145,2025-10-24 10:15:00,137.83414499999998,STOP_LOSS,False,-0.8011932900000056,-1.5260824571428513,ORB_50PCT
ASHOKLEY,2025-10-24,BUY,2025-10-24 09:40:00,2025-10-24 09:45:00,09:45,138.35914499999998,138.25,137.2,1.0500000000000114,137.2,1.1591449999999952,140.67743499999997,2025-10-24 11:30:00,137.2,STOP_LOSS,False,-1.434704144999995,-1.2377262076789366,ORB_BOUNDARY
ASHOKLEY,2025-10-24,SELL,2025-10-24 12:55:00,2025-10-24 13:00:00,13:00,136.95149,138.25,137.2,1.0500000000000114,137.47649,0.5250000000000057,135.90149,2025-10-24 14:55:00,135.90149,TARGET,False,0.7771470200000113,1.4802800380952437,ORB_50PCT
ASHOKLEY,2025-10-24,SELL,2025-10-24 12:55:00,2025-10-24 13:00:00,13:00,136.95149,138.25,137.2,1.0500000000000114,138.25,1.2985099999999932,134.35447000000002,2025-10-24 15:25:00,136.51,END_OF_DAY,False,0.1680285100000159,0.12940101346929694,ORB_BOUNDARY
ASHOKLEY,2025-10-27,BUY,2025-10-27 09:30:00,2025-10-27 09:35:00,09:35,138.419175,137.81,136.5,1.3100000000000023,137.764175,0.6550000000000011,139.729175,2025-10-27 10:05:00,139.729175,TARGET,False,1.0318516500000023,1.575346030534352,ORB_50PCT
ASHOKLEY,2025-10-27,BUY,2025-10-27 09:30:00,2025-10-27 09:35:00,09:35,138.419175,137.81,136.5,1.3100000000000023,136.5,1.9191749999999956,142.257525,2025-10-27 15:25:00,141.0,END_OF_DAY,False,2.3014058250000042,1.1991641330259144,ORB_BOUNDARY
ASHOKLEY,2025-10-28,BUY,2025-10-28 09:30:00,2025-10-28 09:35:00,09:35,142.01097,141.69,140.87,0.8199999999999932,141.60097,0.4099999999999966,142.83096999999998,2025-10-28 09:40:00,141.60097,STOP_LOSS,False,-0.6936119399999966,-1.691736439024396,ORB_50PCT
ASHOKLEY,2025-10-28,BUY,2025-10-28 09:30:00,2025-10-28 09:35:00,09:35,142.01097,141.69,140.87,0.8199999999999932,140.87,1.1409699999999816,144.29290999999995,2025-10-28 10:10:00,140.87,STOP_LOSS,False,-1.4238509699999815,-1.2479302435646902,ORB_BOUNDARY
ASHOKLEY,2025-10-28,SELL,2025-10-28 10:30:00,2025-10-28 10:35:00,10:35,140.26983,141.69,140.87,0.8199999999999932,140.67983,0.4099999999999966,139.44983000000002,2025-10-28 13:05:00,139.44983000000002,TARGET,False,0.5402803399999931,1.3177569268292626,ORB_50PCT
ASHOKLEY,2025-10-28,SELL,2025-10-28 10:30:00,2025-10-28 10:35:00,10:35,140.26983,141.69,140.87,0.8199999999999932,141.69,1.4201699999999846,137.42949000000004,2025-10-28 15:25:00,140.25,END_OF_DAY,False,-0.2606898299999869,-0.18356241154227293,ORB_BOUNDARY
ASHOKLEY,2025-10-30,BUY,2025-10-30 12:05:00,2025-10-30 12:10:00,12:10,140.29011,140.19,139.0,1.1899999999999977,139.69511,0.5949999999999989,141.48011,2025-10-30 15:25:00,140.8,END_OF_DAY,False,0.22879989000001283,0.3845376302521231,ORB_50PCT
ASHOKLEY,2025-10-30,BUY,2025-10-30 12:05:00,2025-10-30 12:10:00,12:10,140.29011,140.19,139.0,1.1899999999999977,139.0,1.2901099999999985,142.87033,2025-10-30 15:25:00,140.8,END_OF_DAY,False,0.22879989000001283,0.17734913301967514,ORB_BOUNDARY
ASHOKLEY,2025-10-31,BUY,2025-10-31 11:50:00,2025-10-31 11:55:00,11:55,143.52172499999998,143.4,140.95,2.450000000000017,142.29672499999998,1.2249999999999943,145.97172499999996,2025-10-31 13:10:00,142.29672499999998,STOP_LOSS,False,-1.5108184499999944,-1.2333211836734705,ORB_50PCT
ASHOKLEY,2025-10-31,BUY,2025-10-31 11:50:00,2025-10-31 11:55:00,11:55,143.52172499999998,143.4,140.95,2.450000000000017,140.95,2.5717249999999865,148.66517499999995,2025-10-31 15:25:00,141.35,END_OF_DAY,False,-2.4565967249999807,-0.9552330536896416,ORB_BOUNDARY
ASHOKLEY,2025-11-03,SELL,2025-11-03 10:30:00,2025-11-03 10:35:00,10:35,140.46973,142.95,141.2,1.75,141.34473,0.875,138.71973,2025-11-03 15:25:00,139.99,END_OF_DAY,False,0.1992702699999893,0.22773745142855922,ORB_50PCT
ASHOKLEY,2025-11-03,SELL,2025-11-03 10:30:00,2025-11-03 10:35:00,10:35,140.46973,142.95,141.2,1.75,142.95,2.48026999999999,135.50919000000002,2025-11-03 15:25:00,139.99,END_OF_DAY,False,0.1992702699999893,0.08034216839295323,ORB_BOUNDARY
ASHOKLEY,2025-11-04,BUY,2025-11-04 10:10:00,2025-11-04 10:15:00,10:15,139.639785,139.5,138.11,1.3899999999999864,138.944785,0.6949999999999932,141.02978499999998,2025-11-04 11:05:00,138.944785,STOP_LOSS,False,-0.9735845699999932,-1.4008411079136731,ORB_50PCT
ASHOKLEY,2025-11-04,BUY,2025-11-04 10:10:00,2025-11-04 10:15:00,10:15,139.639785,139.5,138.11,1.3899999999999864,138.11,1.5297849999999755,142.69935499999994,2025-11-04 15:25:00,140.26,END_OF_DAY,False,0.3403152150000018,0.22245950574754442,ORB_BOUNDARY
ASHOKLEY,2025-11-07,BUY,2025-11-07 12:25:00,2025-11-07 12:30:00,12:30,141.2706,141.09,139.0,2.0900000000000034,140.2256,1.045000000000016,143.36060000000003,2025-11-07 15:25:00,141.32,END_OF_DAY,False,-0.23319060000000857,-0.2231488995215359,ORB_50PCT
ASHOKLEY,2025-11-07,BUY,2025-11-07 12:25:00,2025-11-07 12:30:00,12:30,141.2706,141.09,139.0,2.0900000000000034,139.0,2.2706000000000017,145.8118,2025-11-07 15:25:00,141.32,END_OF_DAY,False,-0.23319060000000857,-0.10269999119175918,ORB_BOUNDARY
ASHOKLEY,2025-11-10,BUY,2025-11-10 09:50:00,2025-11-10 09:55:00,09:55,142.83138,141.8,140.69,1.1100000000000136,142.27638,0.5550000000000068,143.94138,2025-11-10 10:00:00,142.27638,STOP_LOSS,False,-0.8401077600000069,-1.5137076756756696,ORB_50PCT
ASHOKLEY,2025-11-10,BUY,2025-11-10 09:50:00,2025-11-10 09:55:00,09:55,142.83138,141.8,140.69,1.1100000000000136,140.69,2.141379999999998,147.11414,2025-11-10 15:25:00,142.41,END_OF_DAY,False,-0.7066213799999992,-0.32998411304859476,ORB_BOUNDARY
ASHOKLEY,2025-11-11,SELL,2025-11-11 10:00:00,2025-11-11 10:05:00,10:05,142.618655,144.28,142.75,1.5300000000000011,143.38365499999998,0.7649999999999864,141.08865500000002,2025-11-11 12:55:00,143.38365499999998,STOP_LOSS,False,-1.0510023099999863,-1.3738592287581766,ORB_50PCT
ASHOKLEY,2025-11-11,SELL,2025-11-11 10:00:00,2025-11-11 10:05:00,10:05,142.618655,144.28,142.75,1.5300000000000011,144.28,1.6613450000000114,139.29596499999997,2025-11-11 13:10:00,144.28,STOP_LOSS,False,-1.9482436550000113,-1.1726905940668542,ORB_BOUNDARY
ASHOKLEY,2025-11-12,SELL,2025-11-12 14:15:00,2025-11-12 14:20:00,14:20,143.40825999999998,147.6,144.5,3.0999999999999943,144.95826,1.5500000000000114,140.30825999999996,2025-11-12 15:25:00,142.15,END_OF_DAY,False,0.9727017399999787,0.627549509677401,ORB_50PCT
ASHOKLEY,2025-11-12,SELL,2025-11-12 14:15:00,2025-11-12 14:20:00,14:20,143.40825999999998,147.6,144.5,3.0999999999999943,147.6,4.19174000000001,135.02477999999996,2025-11-12 15:25:00,142.15,END_OF_DAY,False,0.9727017399999787,0.23205202135628078,ORB_BOUNDARY
ASHOKLEY,2025-11-13,BUY,2025-11-13 12:05:00,2025-11-13 12:10:00,12:10,150.95543999999998,150.0,143.63,6.3700000000000045,147.77043999999998,3.1850000000000023,157.32544,2025-11-13 15:25:00,150.5,END_OF_DAY,False,-0.7568954399999817,-0.23764378021977428,ORB_50PCT
ASHOKLEY,2025-11-13,BUY,2025-11-13 12:05:00,2025-11-13 12:10:00,12:10,150.95543999999998,150.0,143.63,6.3700000000000045,143.63,7.325439999999986,165.60631999999995,2025-11-13 15:25:00,150.5,END_OF_DAY,False,-0.7568954399999817,-0.10332422898829055,ORB_BOUNDARY
ASHOKLEY,2025-11-14,SELL,2025-11-14 10:30:00,2025-11-14 10:35:00,10:35,149.53519500000002,152.94,149.66,3.280000000000001,151.17519500000003,1.6400000000000148,146.255195,2025-11-14 15:25:00,148.25,END_OF_DAY,False,0.9874098050000157,0.6020791493902481,ORB_50PCT
ASHOKLEY,2025-11-14,SELL,2025-11-14 10:30:00,2025-11-14 10:35:00,10:35,149.53519500000002,152.94,149.66,3.280000000000001,152.94,3.404804999999982,142.72558500000005,2025-11-14 15:25:00,148.25,END_OF_DAY,False,0.9874098050000157,0.2900048035056401,ORB_BOUNDARY
ASHOKLEY,2025-11-18,SELL,2025-11-18 10:30:00,2025-11-18 10:35:00,10:35,147.48622,149.45,147.6,1.8499999999999943,148.41122000000001,0.9250000000000114,145.63621999999998,2025-11-18 11:10:00,148.41122000000001,STOP_LOSS,False,-1.2208974400000114,-1.3198891243243205,ORB_50PCT
ASHOKLEY,2025-11-18,SELL,2025-11-18 10:30:00,2025-11-18 10:35:00,10:35,147.48622,149.45,147.6,1.8499999999999943,149.45,1.9637799999999856,143.55866000000003,2025-11-18 15:25:00,147.05,END_OF_DAY,False,0.1416837799999916,0.07214849932273097,ORB_BOUNDARY
ASHOKLEY,2025-11-19,SELL,2025-11-19 10:45:00,2025-11-19 10:50:00,10:50,145.42725,147.65,145.52,2.1299999999999955,146.49224999999998,1.0649999999999977,143.29725,2025-11-19 15:25:00,145.46,END_OF_DAY,False,-0.32363725000002136,-0.3038847417840583,ORB_50PCT
ASHOKLEY,2025-11-19,SELL,2025-11-19 10:45:00,2025-11-19 10:50:00,10:50,145.42725,147.65,145.52,2.1299999999999955,147.65,2.222750000000019,140.98174999999995,2025-11-19 15:25:00,145.46,END_OF_DAY,False,-0.32363725000002136,-0.14560218198178768,ORB_BOUNDARY
ASHOKLEY,2025-11-20,SELL,2025-11-20 09:40:00,2025-11-20 09:45:00,09:45,145.56717999999998,146.84,145.65,1.1899999999999977,146.16217999999998,0.5949999999999989,144.37717999999998,2025-11-20 11:25:00,146.16217999999998,STOP_LOSS,False,-0.8867293599999988,-1.490301445378152,ORB_50PCT
ASHOKLEY,2025-11-20,SELL,2025-11-20 09:40:00,2025-11-20 09:45:00,09:45,145.56717999999998,146.84,145.65,1.1899999999999977,146.84,1.2728200000000243,143.02153999999993,2025-11-20 15:25:00,146.84,STOP_LOSS,False,-1.5652271800000244,-1.2297317609716962,ORB_BOUNDARY
ASHOKLEY,2025-11-21,SELL,2025-11-21 09:30:00,2025-11-21 09:35:00,09:35,144.77757499999998,146.78,145.21,1.5699999999999932,145.56257499999998,0.7849999999999966,143.207575,2025-11-21 09:50:00,145.56257499999998,STOP_LOSS,False,-1.0753401499999966,-1.369860063694269,ORB_50PCT
ASHOKLEY,2025-11-21,SELL,2025-11-21 09:30:00,2025-11-21 09:35:00,09:35,144.77757499999998,146.78,145.21,1.5699999999999932,146.78,2.0024250000000166,140.77272499999995,2025-11-21 15:25:00,144.61,END_OF_DAY,False,-0.12181257500002901,-0.06083252805974156,ORB_BOUNDARY
ASHOKLEY,2025-11-24,BUY,2025-11-24 10:40:00,2025-11-24 10:45:00,10:45,145.922925,145.68,144.21,1.4699999999999989,145.187925,0.7349999999999852,147.39292499999996,2025-11-24 11:00:00,145.187925,STOP_LOSS,False,-1.0261108499999851,-1.3960691836734773,ORB_50PCT
ASHOKLEY,2025-11-24,BUY,2025-11-24 10:40:00,2025-11-24 10:45:00,10:45,145.922925,145.68,144.21,1.4699999999999989,144.21,1.7129249999999843,149.34877499999996,2025-11-24 15:25:00,144.21,STOP_LOSS,False,-2.0030579249999843,-1.1693786505538788,ORB_BOUNDARY
ASHOKLEY,2025-11-25,BUY,2025-11-25 09:30:00,2025-11-25 09:35:00,09:35,147.57375,147.0,144.51,2.490000000000009,146.32874999999999,1.2450000000000045,150.06375,2025-11-25 11:45:00,146.32874999999999,STOP_LOSS,False,-1.5389025000000045,-1.23606626506024,ORB_50PCT
ASHOKLEY,2025-11-25,BUY,2025-11-25 09:30:00,2025-11-25 09:35:00,09:35,147.57375,147.0,144.51,2.490000000000009,144.51,3.063749999999999,153.70125,2025-11-25 15:25:00,145.5,END_OF_DAY,False,-2.36682374999999,-0.7725250917992625,ORB_BOUNDARY
ASHOKLEY,2025-11-26,BUY,2025-11-26 11:15:00,2025-11-26 11:20:00,11:20,147.17355,146.85,145.0,1.8499999999999943,146.24855000000002,0.924999999999983,149.02354999999997,2025-11-26 15:25:00,149.02354999999997,TARGET,False,1.5538028999999658,1.679786918918913,ORB_50PCT
ASHOKLEY,2025-11-26,BUY,2025-11-26 11:15:00,2025-11-26 11:20:00,11:20,147.17355,146.85,145.0,1.8499999999999943,145.0,2.173550000000006,151.52065000000002,2025-11-26 15:25:00,149.22,END_OF_DAY,False,1.750056449999993,0.8051604287916029,ORB_BOUNDARY
ASHOKLEY,2025-11-27,BUY,2025-11-27 09:30:00,2025-11-27 09:35:00,09:35,155.727825,154.94,149.5,5.439999999999998,153.007825,2.719999999999999,161.167825,2025-11-27 15:10:00,161.167825,TARGET,False,5.1231043499999975,1.8834942463235294,ORB_50PCT
ASHOKLEY,2025-11-27,BUY,2025-11-27 09:30:00,2025-11-27 09:35:00,09:35,155.727825,154.94,149.5,5.439999999999998,149.5,6.227824999999996,168.183475,2025-11-27 15:25:00,158.99,END_OF_DAY,False,2.9474571750000136,0.4732723181849226,ORB_BOUNDARY
ASHOKLEY,2025-12-01,BUY,2025-12-01 10:00:00,2025-12-01 10:05:00,10:05,158.91942,158.74,156.63,2.1100000000000136,157.86442,1.0550000000000068,161.02942000000002,2025-12-01 11:35:00,161.02942000000002,TARGET,False,1.7900511600000137,1.6967309573459737,ORB_50PCT
ASHOKLEY,2025-12-01,BUY,2025-12-01 10:00:00,2025-12-01 10:05:00,10:05,158.91942,158.74,156.63,2.1100000000000136,156.63,2.289420000000007,163.49826000000002,2025-12-01 15:25:00,160.0,END_OF_DAY,False,0.7616605799999976,0.33268713473281236,ORB_BOUNDARY
ASHOKLEY,2025-12-02,BUY,2025-12-02 09:30:00,2025-12-02 09:35:00,09:35,164.52222,163.65,158.9,4.75,162.14722,2.375,169.27222,2025-12-02 09:50:00,162.14722,STOP_LOSS,False,-2.70166944,-1.137545027368421,ORB_50PCT
ASHOKLEY,2025-12-02,BUY,2025-12-02 09:30:00,2025-12-02 09:35:00,09:35,164.52222,163.65,158.9,4.75,158.9,5.622219999999999,175.76666,2025-12-02 15:25:00,160.3,END_OF_DAY,False,-4.547042219999993,-0.8087627698667064,ORB_BOUNDARY
ASHOKLEY,2025-12-03,BUY,2025-12-03 12:40:00,2025-12-03 12:45:00,12:45,162.32112,162.0,159.5,2.5,161.07112,1.25,164.82112,2025-12-03 15:25:00,162.5,END_OF_DAY,False,-0.14594112000000764,-0.11675289600000612,ORB_50PCT
ASHOKLEY,2025-12-03,BUY,2025-12-03 12:40:00,2025-12-03 12:45:00,12:45,162.32112,162.0,159.5,2.5,159.5,2.8211200000000076,167.96336000000002,2025-12-03 15:25:00,162.5,END_OF_DAY,False,-0.14594112000000764,-0.051731624319421805,ORB_BOUNDARY
ASHOKLEY,2025-12-04,BUY,2025-12-04 09:30:00,2025-12-04 09:35:00,09:35,163.18155,162.35,160.45,1.9000000000000057,162.23154999999997,0.950000000000017,165.08155000000002,2025-12-04 09:45:00,162.23154999999997,STOP_LOSS,False,-1.275413100000017,-1.3425401052631518,ORB_50PCT
ASHOKLEY,2025-12-04,BUY,2025-12-04 09:30:00,2025-12-04 09:35:00,09:35,163.18155,162.35,160.45,1.9000000000000057,160.45,2.7315499999999986,168.64464999999998,2025-12-04 13:10:00,160.45,STOP_LOSS,False,-3.0551815499999986,-1.118479086965276,ORB_BOUNDARY
ASHOKLEY,2025-12-04,SELL,2025-12-04 13:25:00,2025-12-04 13:30:00,13:30,160.35978,162.35,160.45,1.9000000000000057,161.30978,0.9499999999999886,158.45978000000002,2025-12-04 15:25:00,160.4,END_OF_DAY,False,-0.360979780000005,-0.3799787157894835,ORB_50PCT
ASHOKLEY,2025-12-04,SELL,2025-12-04 13:25:00,2025-12-04 13:30:00,13:30,160.35978,162.35,160.45,1.9000000000000057,162.35,1.9902199999999937,156.37934,2025-12-04 15:25:00,160.4,END_OF_DAY,False,-0.360979780000005,-0.1813768226628243,ORB_BOUNDARY
ASHOKLEY,2025-12-05,SELL,2025-12-05 09:35:00,2025-12-05 09:40:00,09:40,160.21985,161.29,160.37,0.9199999999999875,160.67985,0.45999999999997954,159.29985000000005,2025-12-05 10:05:00,160.67985,STOP_LOSS,False,-0.7808996999999795,-1.6976080434782919,ORB_50PCT
ASHOKLEY,2025-12-05,SELL,2025-12-05 09:35:00,2025-12-05 09:40:00,09:40,160.21985,161.29,160.37,0.9199999999999875,161.29,1.070149999999984,158.07955000000004,2025-12-05 15:25:00,160.83,END_OF_DAY,False,-0.9311998500000045,-0.8701582488436373,ORB_BOUNDARY
ASHOKLEY,2025-12-08,SELL,2025-12-08 11:15:00,2025-12-08 11:20:00,11:20,160.77957,162.81,160.87,1.9399999999999977,161.74957,0.9699999999999989,158.83957,2025-12-08 12:35:00,158.83957,TARGET,False,1.6203808599999978,1.6704957319587626,ORB_50PCT
ASHOKLEY,2025-12-08,SELL,2025-12-08 11:15:00,2025-12-08 11:20:00,11:20,160.77957,162.81,160.87,1.9399999999999977,162.81,2.0304299999999955,156.71871000000002,2025-12-08 15:25:00,159.31,END_OF_DAY,False,1.1494804300000045,0.5661265987992726,ORB_BOUNDARY
ASHOKLEY,2025-12-09,SELL,2025-12-09 09:35:00,2025-12-09 09:40:00,09:40,156.64164,159.17,156.83,2.339999999999975,157.81163999999998,1.1699999999999875,154.30164000000002,2025-12-09 10:40:00,157.81163999999998,STOP_LOSS,False,-1.4844532799999874,-1.26876348717949,ORB_50PCT
ASHOKLEY,2025-12-09,SELL,2025-12-09 09:35:00,2025-12-09 09:40:00,09:40,156.64164,159.17,156.83,2.339999999999975,159.17,2.528359999999992,151.58492,2025-12-09 13:55:00,159.17,STOP_LOSS,False,-2.8441716399999923,-1.1249077030169758,ORB_BOUNDARY
ASHOKLEY,2025-12-09,BUY,2025-12-09 14:10:00,2025-12-09 14:15:00,14:15,159.2796,159.17,156.83,2.339999999999975,158.1096,1.1699999999999875,161.61959999999996,2025-12-09 15:25:00,159.31,END_OF_DAY,False,-0.2881895999999856,-0.24631589743588778,ORB_50PCT
ASHOKLEY,2025-12-09,BUY,2025-12-09 14:10:00,2025-12-09 14:15:00,14:15,159.2796,159.17,156.83,2.339999999999975,156.83,2.4495999999999754,164.17879999999994,2025-12-09 15:25:00,159.31,END_OF_DAY,False,-0.2881895999999856,-0.1176476159372912,ORB_BOUNDARY
ASHOKLEY,2025-12-10,SELL,2025-12-10 11:25:00,2025-12-10 11:30:00,11:30,158.590665,160.32,158.72,1.5999999999999943,159.390665,0.8000000000000114,156.99066499999998,2025-12-10 15:25:00,157.85,END_OF_DAY,False,0.42422433500000706,0.5302804187500013,ORB_50PCT
ASHOKLEY,2025-12-10,SELL,2025-12-10 11:25:00,2025-12-10 11:30:00,11:30,158.590665,160.32,158.72,1.5999999999999943,160.32,1.7293349999999919,155.13199500000002,2025-12-10 15:25:00,157.85,END_OF_DAY,False,0.42422433500000706,0.24531067433435919,ORB_BOUNDARY
ASHOKLEY,2025-12-11,BUY,2025-12-11 09:50:00,2025-12-11 09:55:00,09:55,159.09951,158.99,157.1,1.8900000000000148,158.15451000000002,0.9449999999999932,160.98951,2025-12-11 12:50:00,160.98951,TARGET,False,1.5699109799999864,1.661281460317458,ORB_50PCT
ASHOKLEY,2025-12-11,BUY,2025-12-11 09:50:00,2025-12-11 09:55:00,09:55,159.09951,158.99,157.1,1.8900000000000148,157.1,1.999510000000015,163.09853000000004,2025-12-11 15:25:00,160.45,END_OF_DAY,False,1.0309404899999794,0.5155965661586948,ORB_BOUNDARY
ASHOKLEY,2025-12-12,BUY,2025-12-12 09:30:00,2025-12-12 09:35:00,09:35,163.48170000000002,163.3,160.35,2.950000000000017,162.00670000000002,1.4749999999999943,166.4317,2025-12-12 15:25:00,163.84,END_OF_DAY,False,0.03097829999998558,0.021002237288125898,ORB_50PCT
ASHOKLEY,2025-12-12,BUY,2025-12-12 09:30:00,2025-12-12 09:35:00,09:35,163.48170000000002,163.3,160.35,2.950000000000017,160.35,3.1317000000000235,169.74510000000006,2025-12-12 15:25:00,163.84,END_OF_DAY,False,0.03097829999998558,0.00989184787814457,ORB_BOUNDARY
ASHOKLEY,2025-12-15,SELL,2025-12-15 09:35:00,2025-12-15 09:40:00,09:40,162.928495,164.7,163.2,1.5,163.678495,0.75,161.428495,2025-12-15 10:25:00,163.678495,STOP_LOSS,False,-1.07660699,-1.4354759866666666,ORB_50PCT
ASHOKLEY,2025-12-15,SELL,2025-12-15 09:35:00,2025-12-15 09:40:00,09:40,162.928495,164.7,163.2,1.5,164.7,1.7715049999999906,159.38548500000002,2025-12-15 10:45:00,164.7,STOP_LOSS,False,-2.0991334949999905,-1.1849435903370307,ORB_BOUNDARY
ASHOKLEY,2025-12-16,BUY,2025-12-16 09:30:00,2025-12-16 09:35:00,09:35,168.314115,167.5,166.03,1.4699999999999989,167.579115,0.7349999999999852,169.78411499999996,2025-12-16 10:00:00,167.579115,STOP_LOSS,False,-1.0708932299999852,-1.4569975918367437,ORB_50PCT
ASHOKLEY,2025-12-16,BUY,2025-12-16 09:30:00,2025-12-16 09:35:00,09:35,168.314115,167.5,166.03,1.4699999999999989,166.03,2.2841149999999857,172.88234499999996,2025-12-16 15:25:00,167.27,END_OF_DAY,False,-1.3796991149999767,-0.6040410027516063,ORB_BOUNDARY
ASHOKLEY,2025-12-17,SELL,2025-12-17 12:00:00,2025-12-17 12:05:00,12:05,165.21735,167.5,165.55,1.9499999999999886,166.19235,0.9749999999999943,163.26735000000002,2025-12-17 14:35:00,166.19235,STOP_LOSS,False,-1.3064096999999943,-1.3399073846153866,ORB_50PCT
ASHOKLEY,2025-12-17,SELL,2025-12-17 12:00:00,2025-12-17 12:05:00,12:05,165.21735,167.5,165.55,1.9499999999999886,167.5,2.2826499999999896,160.65205000000003,2025-12-17 15:25:00,166.01,END_OF_DAY,False,-1.1238773499999806,-0.4923564059316959,ORB_BOUNDARY
ASHOKLEY,2025-12-18,BUY,2025-12-18 10:35:00,2025-12-18 10:40:00,10:40,167.553735,167.36,165.63,1.7300000000000182,166.68873499999998,0.8650000000000091,169.283735,2025-12-18 12:20:00,169.283735,TARGET,False,1.393162530000018,1.610592520231218,ORB_50PCT
ASHOKLEY,2025-12-18,BUY,2025-12-18 10:35:00,2025-12-18 10:40:00,10:40,167.553735,167.36,165.63,1.7300000000000182,165.63,1.9237349999999935,171.40120499999998,2025-12-18 13:30:00,171.40120499999998,TARGET,False,3.5085150599999873,1.8238037255651112,ORB_BOUNDARY
ASHOKLEY,2025-12-19,BUY,2025-12-19 10:20:00,2025-12-19 10:25:00,10:25,173.176545,172.95,170.7,2.25,172.051545,1.125,175.426545,2025-12-19 15:25:00,174.5,END_OF_DAY,False,0.9757784549999955,0.8673586266666626,ORB_50PCT
ASHOKLEY,2025-12-19,BUY,2025-12-19 10:20:00,2025-12-19 10:25:00,10:25,173.176545,172.95,170.7,2.25,170.7,2.4765450000000158,178.12963500000004,2025-12-19 15:25:00,174.5,END_OF_DAY,False,0.9757784549999955,0.3940079647250461,ORB_BOUNDARY
ASHOKLEY,2025-12-22,BUY,2025-12-22 10:50:00,2025-12-22 10:55:00,10:55,177.718815,177.55,174.61,2.9399999999999977,176.248815,1.4699999999999989,180.658815,2025-12-22 11:35:00,176.248815,STOP_LOSS,False,-1.823967629999999,-1.2407943061224491,ORB_50PCT
ASHOKLEY,2025-12-22,BUY,2025-12-22 10:50:00,2025-12-22 10:55:00,10:55,177.718815,177.55,174.61,2.9399999999999977,174.61,3.108814999999993,183.936445,2025-12-22 15:25:00,176.6,END_OF_DAY,False,-1.4731338150000122,-0.47385702108360117,ORB_BOUNDARY
ASHOKLEY,2025-12-23,BUY,2025-12-23 13:10:00,2025-12-23 13:15:00,13:15,177.59875499999998,177.5,175.58,1.9199999999999875,176.638755,0.9599999999999795,179.51875499999994,2025-12-23 15:25:00,178.08,END_OF_DAY,False,0.12556624500002966,0.13079817187503368,ORB_50PCT
ASHOKLEY,2025-12-23,BUY,2025-12-23 13:10:00,2025-12-23 13:15:00,13:15,177.59875499999998,177.5,175.58,1.9199999999999875,175.58,2.0187549999999703,181.63626499999992,2025-12-23 15:25:00,178.08,END_OF_DAY,False,0.12556624500002966,0.06219984346789557,ORB_BOUNDARY
ASHOKLEY,2025-12-24,SELL,2025-12-24 09:35:00,2025-12-24 09:40:00,09:40,176.81155,178.3,177.25,1.0500000000000114,177.33655000000002,0.5250000000000057,175.76155,2025-12-24 11:00:00,175.76155,TARGET,False,0.6974269000000113,1.3284321904761975,ORB_50PCT
ASHOKLEY,2025-12-24,SELL,2025-12-24 09:35:00,2025-12-24 09:40:00,09:40,176.81155,178.3,177.25,1.0500000000000114,178.3,1.4884500000000003,173.83465,2025-12-24 15:25:00,175.18,END_OF_DAY,False,1.2795584500000041,0.8596583358527353,ORB_BOUNDARY
ASHOKLEY,2025-12-26,SELL,2025-12-26 10:35:00,2025-12-26 10:40:00,10:40,174.29281,175.99,174.5,1.490000000000009,175.03781,0.7450000000000045,172.80281,2025-12-26 15:15:00,175.03781,STOP_LOSS,False,-1.0943306200000045,-1.4689001610738226,ORB_50PCT
ASHOKLEY,2025-12-26,SELL,2025-12-26 10:35:00,2025-12-26 10:40:00,10:40,174.29281,175.99,174.5,1.490000000000009,175.99,1.6971900000000062,170.89843,2025-12-26 15:25:00,174.5,END_OF_DAY,False,-0.5559828099999972,-0.32759019909379333,ORB_BOUNDARY
ASHOKLEY,2025-12-29,SELL,2025-12-29 09:55:00,2025-12-29 10:00:00,10:00,173.99296,175.68,174.3,1.3799999999999955,174.68296,0.6899999999999977,172.61296000000002,2025-12-29 13:45:00,174.68296,STOP_LOSS,False,-1.0386759199999978,-1.5053274202898568,ORB_50PCT
ASHOKLEY,2025-12-29,SELL,2025-12-29 09:55:00,2025-12-29 10:00:00,10:00,173.99296,175.68,174.3,1.3799999999999955,175.68,1.687039999999996,170.61888000000002,2025-12-29 14:05:00,175.68,STOP_LOSS,False,-2.036712959999996,-1.2072701062215483,ORB_BOUNDARY
ASHOKLEY,2025-12-30,BUY,2025-12-30 10:00:00,2025-12-30 10:05:00,10:05,176.53822499999998,175.5,174.01,1.490000000000009,175.79322499999998,0.7450000000000045,178.028225,2025-12-30 11:25:00,178.028225,TARGET,False,1.135433550000009,1.5240718791946337,ORB_50PCT
ASHOKLEY,2025-12-30,BUY,2025-12-30 10:00:00,2025-12-30 10:05:00,10:05,176.53822499999998,175.5,174.01,1.490000000000009,174.01,2.528224999999992,181.59467499999997,2025-12-30 15:25:00,179.05,END_OF_DAY,False,2.1561867750000285,0.852846077781857,ORB_BOUNDARY
ASHOKLEY,2025-12-31,BUY,2025-12-31 12:15:00,2025-12-31 12:20:00,12:20,180.19004999999999,180.0,176.7,3.3000000000000114,178.54004999999998,1.6500000000000057,183.49005,2025-12-31 15:25:00,179.0,END_OF_DAY,False,-1.5492400499999852,-0.9389333636363515,ORB_50PCT
ASHOKLEY,2025-12-31,BUY,2025-12-31 12:15:00,2025-12-31 12:20:00,12:20,180.19004999999999,180.0,176.7,3.3000000000000114,176.7,3.4900499999999965,187.17014999999998,2025-12-31 15:25:00,179.0,END_OF_DAY,False,-1.5492400499999852,-0.4439019641552375,ORB_BOUNDARY
ASHOKLEY,2026-01-01,BUY,2026-01-01 09:30:00,2026-01-01 09:35:00,09:35,182.281095,181.6,178.81,2.789999999999992,180.886095,1.3949999999999818,185.07109499999996,2026-01-01 13:05:00,185.07109499999996,TARGET,False,2.4226478099999635,1.7366650967741901,ORB_50PCT
ASHOKLEY,2026-01-01,BUY,2026-01-01 09:30:00,2026-01-01 09:35:00,09:35,182.281095,181.6,178.81,2.789999999999992,178.81,3.471094999999991,189.22328499999998,2026-01-01 15:25:00,185.0,END_OF_DAY,False,2.3516239050000065,0.6774876242223311,ORB_BOUNDARY
ASHOKLEY,2026-01-02,BUY,2026-01-02 09:35:00,2026-01-02 09:40:00,09:40,187.93392,187.45,183.77,3.6799999999999784,186.09392000000003,1.839999999999975,191.61391999999995,2026-01-02 15:25:00,188.1,END_OF_DAY,False,-0.20995392000000618,-0.11410539130435274,ORB_50PCT
ASHOKLEY,2026-01-02,BUY,2026-01-02 09:35:00,2026-01-02 09:40:00,09:40,187.93392,187.45,183.77,3.6799999999999784,183.77,4.16391999999999,196.26175999999998,2026-01-02 15:25:00,188.1,END_OF_DAY,False,-0.20995392000000618,-0.05042217910046463,ORB_BOUNDARY
ASHOKLEY,2026-01-05,BUY,2026-01-05 09:30:00,2026-01-05 09:35:00,09:35,191.205555,191.0,187.16,3.8400000000000034,189.285555,1.920000000000016,195.04555500000004,2026-01-05 10:40:00,189.285555,STOP_LOSS,False,-2.300491110000016,-1.1981724531249982,ORB_50PCT
ASHOKLEY,2026-01-05,BUY,2026-01-05 09:30:00,2026-01-05 09:35:00,09:35,191.205555,191.0,187.16,3.8400000000000034,187.16,4.045555000000007,199.29666500000002,2026-01-05 12:50:00,187.16,STOP_LOSS,False,-4.423920555000008,-1.093526241764109,ORB_BOUNDARY
ASHOKLEY,2026-01-05,SELL,2026-01-05 13:20:00,2026-01-05 13:25:00,13:25,187.04643,191.0,187.16,3.8400000000000034,188.96643,1.920000000000016,183.20642999999995,2026-01-05 15:25:00,187.75,END_OF_DAY,False,-1.0783664300000133,-0.5616491822916689,ORB_50PCT
ASHOKLEY,2026-01-05,SELL,2026-01-05 13:20:00,2026-01-05 13:25:00,13:25,187.04643,191.0,187.16,3.8400000000000034,191.0,3.9535700000000134,179.13928999999996,2026-01-05 15:25:00,187.75,END_OF_DAY,False,-1.0783664300000133,-0.2727576418275153,ORB_BOUNDARY
ASHOKLEY,2026-01-06,SELL,2026-01-06 12:20:00,2026-01-06 12:25:00,12:25,186.02694,189.17,186.13,3.039999999999992,187.54694,1.5200000000000102,182.98693999999998,2026-01-06 15:25:00,186.23,END_OF_DAY,False,-0.5753169399999936,-0.37849798684209846,ORB_50PCT
ASHOKLEY,2026-01-06,SELL,2026-01-06 12:20:00,2026-01-06 12:25:00,12:25,186.02694,189.17,186.13,3.039999999999992,189.17,3.1430599999999913,179.74082,2026-01-06 15:25:00,186.23,END_OF_DAY,False,-0.5753169399999936,-0.18304357536922464,ORB_BOUNDARY
ASHOKLEY,2026-01-07,SELL,2026-01-07 09:40:00,2026-01-07 09:45:00,09:45,184.68761,186.69,185.09,1.5999999999999943,185.48761000000002,0.8000000000000114,183.08760999999998,2026-01-07 09:55:00,185.48761000000002,STOP_LOSS,False,-1.1701752200000115,-1.4627190249999935,ORB_50PCT
ASHOKLEY,2026-01-07,SELL,2026-01-07 09:40:00,2026-01-07 09:45:00,09:45,184.68761,186.69,185.09,1.5999999999999943,186.69,2.0023899999999912,180.68283000000002,2026-01-07 14:55:00,186.69,STOP_LOSS,False,-2.3737676099999914,-1.1854671717297838,ORB_BOUNDARY
ASHOKLEY,2026-01-08,SELL,2026-01-08 11:25:00,2026-01-08 11:30:00,11:30,184.23783500000002,186.1,184.4,1.6999999999999886,185.087835,0.8499999999999943,182.53783500000003,2026-01-08 13:45:00,185.087835,STOP_LOSS,False,-1.2193256699999944,-1.4345007882352971,ORB_50PCT
ASHOKLEY,2026-01-08,SELL,2026-01-08 11:25:00,2026-01-08 11:30:00,11:30,184.23783500000002,186.1,184.4,1.6999999999999886,186.1,1.862164999999976,180.51350500000007,2026-01-08 15:25:00,184.38,END_OF_DAY,False,-0.5107828349999772,-0.27429515375919095,ORB_BOUNDARY
ASHOKLEY,2026-01-09,BUY,2026-01-09 09:45:00,2026-01-09 09:50:00,09:50,188.364135,187.49,183.9,3.5900000000000034,186.56913500000002,1.7949999999999875,191.95413499999998,2026-01-09 15:25:00,188.1,END_OF_DAY,False,-0.6405991350000102,-0.35687974094708336,ORB_50PCT
ASHOKLEY,2026-01-09,BUY,2026-01-09 09:45:00,2026-01-09 09:50:00,09:50,188.364135,187.49,183.9,3.5900000000000034,183.9,4.464134999999999,197.292405,2026-01-09 15:25:00,188.1,END_OF_DAY,False,-0.6405991350000102,-0.14349905076795624,ORB_BOUNDARY
ASHOKLEY,2026-01-12,SELL,2026-01-12 09:40:00,2026-01-12 09:45:00,09:45,186.31679499999998,189.65,186.86,2.789999999999992,187.711795,1.3950000000000102,183.52679499999996,2026-01-12 11:40:00,183.52679499999996,TARGET,False,2.4201564100000206,1.734879146953407,ORB_50PCT
ASHOKLEY,2026-01-12,SELL,2026-01-12 09:40:00,2026-01-12 09:45:00,09:45,186.31679499999998,189.65,186.86,2.789999999999992,189.65,3.333205000000021,179.65038499999994,2026-01-12 15:25:00,187.2,END_OF_DAY,False,-1.2567217950000038,-0.3770310541955853,ORB_BOUNDARY
ASHOKLEY,2026-01-13,SELL,2026-01-13 09:30:00,2026-01-13 09:35:00,09:35,185.907,187.9,186.0,1.9000000000000057,186.85700000000003,0.950000000000017,184.00699999999998,2026-01-13 10:25:00,186.85700000000003,STOP_LOSS,False,-1.3227640000000171,-1.3923831578947299,ORB_50PCT
ASHOKLEY,2026-01-13,SELL,2026-01-13 09:30:00,2026-01-13 09:35:00,09:35,185.907,187.9,186.0,1.9000000000000057,187.9,1.992999999999995,181.92100000000002,2026-01-13 15:25:00,185.69,END_OF_DAY,False,-0.15459699999998705,-0.07756999498243224,ORB_BOUNDARY
ASHOKLEY,2026-01-14,SELL,2026-01-14 09:45:00,2026-01-14 09:50:00,09:50,184.177865,185.75,184.3,1.4499999999999886,184.902865,0.7249999999999943,182.727865,2026-01-14 10:10:00,184.902865,STOP_LOSS,False,-1.0940807299999944,-1.5090768689655214,ORB_50PCT
ASHOKLEY,2026-01-14,SELL,2026-01-14 09:45:00,2026-01-14 09:50:00,09:50,184.177865,185.75,184.3,1.4499999999999886,185.75,1.572135000000003,181.033595,2026-01-14 10:35:00,185.75,STOP_LOSS,False,-1.942062865000003,-1.235302862031568,ORB_BOUNDARY
ASHOKLEY,2026-01-14,BUY,2026-01-14 10:55:00,2026-01-14 11:00:00,11:00,186.022965,185.75,184.3,1.4499999999999886,185.297965,0.7249999999999943,187.472965,2026-01-14 11:35:00,187.472965,TARGET,False,1.0765040699999886,1.484833199999996,ORB_50PCT
ASHOKLEY,2026-01-14,BUY,2026-01-14 10:55:00,2026-01-14 11:00:00,11:00,186.022965,185.75,184.3,1.4499999999999886,184.3,1.7229649999999879,189.46889499999997,2026-01-14 15:25:00,187.0,END_OF_DAY,False,0.6040120350000008,0.3505654699892366,ORB_BOUNDARY
ASHOKLEY,2026-01-16,SELL,2026-01-16 09:55:00,2026-01-16 10:00:00,10:00,184.36777,186.45,184.5,1.9499999999999886,185.34277,0.9749999999999943,182.41777000000002,2026-01-16 10:20:00,185.34277,STOP_LOSS,False,-1.3447105399999943,-1.3791902974358996,ORB_50PCT
ASHOKLEY,2026-01-16,SELL,2026-01-16 09:55:00,2026-01-16 10:00:00,10:00,184.36777,186.45,184.5,1.9499999999999886,186.45,2.0822299999999814,180.20331000000004,2026-01-16 12:30:00,186.45,STOP_LOSS,False,-2.4530477699999813,-1.1780868443927919,ORB_BOUNDARY
ASHOKLEY,2026-01-16,SELL,2026-01-16 14:15:00,2026-01-16 14:20:00,14:20,184.32779,186.45,184.5,1.9499999999999886,185.30279,0.9749999999999943,182.37779,2026-01-16 15:25:00,184.02,END_OF_DAY,False,-0.06055779000001715,-0.0621105538461718,ORB_50PCT
ASHOKLEY,2026-01-16,SELL,2026-01-16 14:15:00,2026-01-16 14:20:00,14:20,184.32779,186.45,184.5,1.9499999999999886,186.45,2.1222099999999955,180.08337,2026-01-16 15:25:00,184.02,END_OF_DAY,False,-0.06055779000001715,-0.02853524863233011,ORB_BOUNDARY
ASHOKLEY,2026-01-19,BUY,2026-01-19 10:30:00,2026-01-19 10:35:00,10:35,185.43267,185.12,182.34,2.780000000000001,184.04267,1.3900000000000148,188.21267000000003,2026-01-19 13:50:00,188.21267000000003,TARGET,False,2.4063546600000296,1.7311904028777008,ORB_50PCT
ASHOKLEY,2026-01-19,BUY,2026-01-19 10:30:00,2026-01-19 10:35:00,10:35,185.43267,185.12,182.34,2.780000000000001,182.34,3.0926699999999983,191.61801,2026-01-19 15:25:00,188.49,END_OF_DAY,False,2.683407330000007,0.8676668800745015,ORB_BOUNDARY
ASHOKLEY,2026-01-20,SELL,2026-01-20 09:30:00,2026-01-20 09:35:00,09:35,187.12639,189.75,187.3,2.4499999999999886,188.35138999999998,1.2249999999999943,184.67639,2026-01-20 12:00:00,184.67639,TARGET,False,2.0781972199999887,1.696487526530611,ORB_50PCT
ASHOKLEY,2026-01-20,SELL,2026-01-20 09:30:00,2026-01-20 09:35:00,09:35,187.12639,189.75,187.3,2.4499999999999886,189.75,2.6236100000000135,181.87916999999996,2026-01-20 13:45:00,181.87916999999996,TARGET,False,4.878214440000027,1.8593519768563171,ORB_BOUNDARY
ASHOKLEY,2026-01-21,BUY,2026-01-21 09:30:00,2026-01-21 09:35:00,09:35,181.95093,181.78,178.8,2.9799999999999898,180.46093000000002,1.4899999999999807,184.93092999999996,2026-01-21 09:45:00,180.46093000000002,STOP_LOSS,False,-1.8524118599999806,-1.2432294362416139,ORB_50PCT
ASHOKLEY,2026-01-21,BUY,2026-01-21 09:30:00,2026-01-21 09:35:00,09:35,181.95093,181.78,178.8,2.9799999999999898,178.8,3.1509299999999882,188.25278999999998,2026-01-21 10:35:00,178.8,STOP_LOSS,False,-3.5116809299999883,-1.1144903028629647,ORB_BOUNDARY
ASHOKLEY,2026-01-21,BUY,2026-01-21 12:45:00,2026-01-21 12:50:00,12:50,182.8914,181.78,178.8,2.9799999999999898,181.40140000000002,1.4899999999999807,185.87139999999997,2026-01-21 13:40:00,181.40140000000002,STOP_LOSS,False,-1.8542927999999808,-1.2444918120805402,ORB_50PCT
ASHOKLEY,2026-01-21,BUY,2026-01-21 12:45:00,2026-01-21 12:50:00,12:50,182.8914,181.78,178.8,2.9799999999999898,178.8,4.091399999999993,191.0742,2026-01-21 15:25:00,181.35,END_OF_DAY,False,-1.9056414000000101,-0.4657675612259895,ORB_BOUNDARY
ASHOKLEY,2026-01-22,BUY,2026-01-22 09:45:00,2026-01-22 09:50:00,09:50,190.095,189.3,184.53,4.77000000000001,187.70999999999998,2.3850000000000193,194.86500000000004,2026-01-22 10:00:00,187.70999999999998,STOP_LOSS,False,-2.7628050000000193,-1.1584088050314452,ORB_50PCT
ASHOKLEY,2026-01-22,BUY,2026-01-22 09:45:00,2026-01-22 09:50:00,09:50,190.095,189.3,184.53,4.77000000000001,184.53,5.564999999999998,201.225,2026-01-22 15:25:00,191.34,END_OF_DAY,False,0.8635650000000046,0.15517789757412487,ORB_BOUNDARY
ASHOKLEY,2026-01-23,BUY,2026-01-23 09:35:00,2026-01-23 09:40:00,09:40,194.79735,194.2,190.0,4.199999999999989,192.69735,2.0999999999999943,198.99734999999998,2026-01-23 10:25:00,198.99734999999998,TARGET,False,3.8062052999999887,1.8124787142857137,ORB_50PCT
ASHOKLEY,2026-01-23,BUY,2026-01-23 09:35:00,2026-01-23 09:40:00,09:40,194.79735,194.2,190.0,4.199999999999989,190.0,4.7973499999999945,204.39204999999998,2026-01-23 15:25:00,193.0,END_OF_DAY,False,-2.1851473499999945,-0.4554904999635209,ORB_BOUNDARY
ASHOKLEY,2026-01-28,SELL,2026-01-28 10:05:00,2026-01-28 10:10:00,10:10,191.794055,196.44,192.1,4.340000000000003,193.96405499999997,2.1699999999999875,187.454055,2026-01-28 15:00:00,193.96405499999997,STOP_LOSS,False,-2.5557581099999873,-1.1777687142857152,ORB_50PCT
ASHOKLEY,2026-01-28,SELL,2026-01-28 10:05:00,2026-01-28 10:10:00,10:10,191.794055,196.44,192.1,4.340000000000003,196.44,4.645945000000012,182.50216499999996,2026-01-28 15:20:00,196.44,STOP_LOSS,False,-5.034179055000012,-1.0835640660834338,ORB_BOUNDARY
ASHOKLEY,2026-01-29,SELL,2026-01-29 12:55:00,2026-01-29 13:00:00,13:00,192.00395,196.4,192.61,3.789999999999992,193.89895,1.8950000000000102,188.21394999999998,2026-01-29 13:35:00,193.89895,STOP_LOSS,False,-2.2809029000000103,-1.2036426912928748,ORB_50PCT
ASHOKLEY,2026-01-29,SELL,2026-01-29 12:55:00,2026-01-29 13:00:00,13:00,192.00395,196.4,192.61,3.789999999999992,196.4,4.3960500000000025,183.21185,2026-01-29 15:25:00,193.68,END_OF_DAY,False,-2.0617339500000034,-0.4689969290613169,ORB_BOUNDARY
ASHOKLEY,2026-01-30,BUY,2026-01-30 10:30:00,2026-01-30 10:35:00,10:35,194.527215,194.3,191.92,2.380000000000024,193.33721500000001,1.1899999999999977,196.907215,2026-01-30 11:20:00,196.907215,TARGET,False,1.9885655699999953,1.67106350420168,ORB_50PCT
ASHOKLEY,2026-01-30,BUY,2026-01-30 10:30:00,2026-01-30 10:35:00,10:35,194.527215,194.3,191.92,2.380000000000024,191.92,2.607215000000025,199.74164500000006,2026-01-30 15:25:00,197.5,END_OF_DAY,False,2.5807577849999874,0.9898523079224241,ORB_BOUNDARY
ASHOKLEY,2026-02-01,SELL,2026-02-01 12:00:00,2026-02-01 12:05:00,12:05,193.89300500000002,198.4,194.65,3.75,195.76800500000002,1.875,190.14300500000002,2026-02-01 15:10:00,190.14300500000002,TARGET,False,3.36596399,1.7951807946666667,ORB_50PCT
ASHOKLEY,2026-02-01,SELL,2026-02-01 12:00:00,2026-02-01 12:05:00,12:05,193.89300500000002,198.4,194.65,3.75,198.4,4.506994999999989,184.87901500000004,2026-02-01 15:25:00,189.1,END_OF_DAY,False,4.410011995000022,0.9784816701593928,ORB_BOUNDARY
ASHOKLEY,2026-02-02,SELL,2026-02-02 09:40:00,2026-02-02 09:45:00,09:45,186.9065,191.8,187.32,4.480000000000018,189.1465,2.240000000000009,182.42649999999998,2026-02-02 11:40:00,189.1465,STOP_LOSS,False,-2.6160530000000093,-1.1678808035714279,ORB_50PCT
ASHOKLEY,2026-02-02,SELL,2026-02-02 09:40:00,2026-02-02 09:45:00,09:45,186.9065,191.8,187.32,4.480000000000018,191.8,4.893500000000017,177.11949999999996,2026-02-02 14:05:00,191.8,STOP_LOSS,False,-5.272206500000017,-1.0773897006232755,ORB_BOUNDARY
ASHOKLEY,2026-02-02,BUY,2026-02-02 14:20:00,2026-02-02 14:25:00,14:25,191.91591,191.8,187.32,4.480000000000018,189.67591,2.240000000000009,196.39591000000001,2026-02-02 15:25:00,194.58,END_OF_DAY,False,2.277594090000016,1.0167830758928602,ORB_50PCT
ASHOKLEY,2026-02-02,BUY,2026-02-02 14:20:00,2026-02-02 14:25:00,14:25,191.91591,191.8,187.32,4.480000000000018,187.32,4.5959100000000035,201.10773,2026-02-02 15:25:00,194.58,END_OF_DAY,False,2.277594090000016,0.49556977617055475,ORB_BOUNDARY
ASHOKLEY,2026-02-03,SELL,2026-02-03 09:40:00,2026-02-03 09:45:00,09:45,198.050925,203.0,198.95,4.050000000000011,200.075925,2.0250000000000057,194.000925,2026-02-03 13:45:00,200.075925,STOP_LOSS,False,-2.423126850000006,-1.1966058518518514,ORB_50PCT
ASHOKLEY,2026-02-03,SELL,2026-02-03 09:40:00,2026-02-03 09:45:00,09:45,198.050925,203.0,198.95,4.050000000000011,203.0,4.9490749999999935,188.15277500000002,2026-02-03 15:25:00,199.51,END_OF_DAY,False,-1.8566359249999844,-0.3751480680733242,ORB_BOUNDARY
ASHOKLEY,2026-02-05,SELL,2026-02-05 10:05:00,2026-02-05 10:10:00,10:10,200.72958500000001,202.86,201.0,1.8600000000000136,201.65958500000002,0.9300000000000068,198.869585,2026-02-05 10:20:00,201.65958500000002,STOP_LOSS,False,-1.3323891700000068,-1.4326765268817172,ORB_50PCT
ASHOKLEY,2026-02-05,SELL,2026-02-05 10:05:00,2026-02-05 10:10:00,10:10,200.72958500000001,202.86,201.0,1.8600000000000136,202.86,2.1304149999999993,196.46875500000002,2026-02-05 15:25:00,201.93,END_OF_DAY,False,-1.6030745849999923,-0.7524705679409847,ORB_BOUNDARY
ASHOKLEY,2026-02-06,SELL,2026-02-06 09:40:00,2026-02-06 09:45:00,09:45,199.45022500000002,201.83,199.78,2.0500000000000114,200.47522500000002,1.0250000000000057,197.400225,2026-02-06 09:45:00,200.47522500000002,STOP_LOSS,False,-1.4249254500000057,-1.3901711707317053,ORB_50PCT
ASHOKLEY,2026-02-06,SELL,2026-02-06 09:40:00,2026-02-06 09:45:00,09:45,199.45022500000002,201.83,199.78,2.0500000000000114,201.83,2.379774999999995,194.69067500000003,2026-02-06 14:55:00,201.83,STOP_LOSS,False,-2.781055224999995,-1.1686210776228847,ORB_BOUNDARY
ASHOKLEY,2026-02-09,BUY,2026-02-09 10:30:00,2026-02-09 10:35:00,10:35,204.50220000000002,203.9,200.79,3.1100000000000136,202.9472,1.5550000000000068,207.61220000000003,2026-02-09 15:25:00,205.6,END_OF_DAY,False,0.687697799999978,0.44224938906750805,ORB_50PCT
ASHOKLEY,2026-02-09,BUY,2026-02-09 10:30:00,2026-02-09 10:35:00,10:35,204.50220000000002,203.9,200.79,3.1100000000000136,200.79,3.712200000000024,211.92660000000006,2026-02-09 15:25:00,205.6,END_OF_DAY,False,0.687697799999978,0.18525343462097235,ORB_BOUNDARY
ASHOKLEY,2026-02-10,BUY,2026-02-10 09:30:00,2026-02-10 09:35:00,09:35,207.22356,206.79,204.92,1.8700000000000045,206.28856,0.9350000000000023,209.09356,2026-02-10 10:05:00,206.28856,STOP_LOSS,False,-1.3485121200000023,-1.4422589518716566,ORB_50PCT
ASHOKLEY,2026-02-10,BUY,2026-02-10 09:30:00,2026-02-10 09:35:00,09:35,207.22356,206.79,204.92,1.8700000000000045,204.92,2.3035600000000045,211.83068,2026-02-10 15:25:00,210.79,END_OF_DAY,False,3.14842644,1.366765545503479,ORB_BOUNDARY
ASHOKLEY,2026-02-11,BUY,2026-02-11 09:45:00,2026-02-11 09:50:00,09:50,212.7063,212.49,208.34,4.150000000000006,210.6313,2.0749999999999886,216.85629999999998,2026-02-11 13:40:00,210.6313,STOP_LOSS,False,-2.4983375999999886,-1.204018120481929,ORB_50PCT
ASHOKLEY,2026-02-11,BUY,2026-02-11 09:45:00,2026-02-11 09:50:00,09:50,212.7063,212.49,208.34,4.150000000000006,208.34,4.366299999999995,221.4389,2026-02-11 13:50:00,208.34,STOP_LOSS,False,-4.787346299999996,-1.0964309140462178,ORB_BOUNDARY
ASHOKLEY,2026-02-12,BUY,2026-02-12 09:35:00,2026-02-12 09:40:00,09:40,209.60475,208.79,204.63,4.159999999999997,207.52474999999998,2.0800000000000125,213.76475000000002,2026-02-12 15:25:00,211.0,END_OF_DAY,False,0.9746452500000043,0.4685794471153839,ORB_50PCT
ASHOKLEY,2026-02-12,BUY,2026-02-12 09:35:00,2026-02-12 09:40:00,09:40,209.60475,208.79,204.63,4.159999999999997,204.63,4.97475,219.55425,2026-02-12 15:25:00,211.0,END_OF_DAY,False,0.9746452500000043,0.19591843811246884,ORB_BOUNDARY
ASHOKLEY,2026-02-13,SELL,2026-02-13 10:00:00,2026-02-13 10:05:00,10:05,207.706095,212.87,208.76,4.110000000000014,209.761095,2.055000000000007,203.596095,2026-02-13 15:25:00,204.71,END_OF_DAY,False,2.5836789049999966,1.257264673965931,ORB_50PCT
ASHOKLEY,2026-02-13,SELL,2026-02-13 10:00:00,2026-02-13 10:05:00,10:05,207.706095,212.87,208.76,4.110000000000014,212.87,5.163905,197.378285,2026-02-13 15:25:00,204.71,END_OF_DAY,False,2.5836789049999966,0.5003343216035145,ORB_BOUNDARY
ASHOKLEY,2026-02-16,BUY,2026-02-16 09:30:00,2026-02-16 09:35:00,09:35,206.78334,206.29,203.03,3.259999999999991,205.15334000000001,1.6299999999999955,210.04334,2026-02-16 10:00:00,205.15334000000001,STOP_LOSS,False,-2.0419366799999956,-1.252721889570553,ORB_50PCT
ASHOKLEY,2026-02-16,BUY,2026-02-16 09:30:00,2026-02-16 09:35:00,09:35,206.78334,206.29,203.03,3.259999999999991,203.03,3.7533400000000086,214.29002000000003,2026-02-16 12:40:00,203.03,STOP_LOSS,False,-4.163153340000009,-1.109186308727693,ORB_BOUNDARY
ASHOKLEY,2026-02-17,BUY,2026-02-17 13:00:00,2026-02-17 13:05:00,13:05,206.573235,206.31,203.86,2.4499999999999886,205.34823500000002,1.2249999999999943,209.023235,2026-02-17 15:25:00,207.5,END_OF_DAY,False,0.5126917649999889,0.41852388979591126,ORB_50PCT
ASHOKLEY,2026-02-17,BUY,2026-02-17 13:00:00,2026-02-17 13:05:00,13:05,206.573235,206.31,203.86,2.4499999999999886,203.86,2.7132349999999974,211.999705,2026-02-17 15:25:00,207.5,END_OF_DAY,False,0.5126917649999889,0.1889595869874852,ORB_BOUNDARY
ASHOKLEY,2026-02-18,BUY,2026-02-18 10:20:00,2026-02-18 10:25:00,10:25,209.3046,209.0,207.1,1.9000000000000057,208.3546,0.9499999999999886,211.20459999999997,2026-02-18 11:00:00,208.3546,STOP_LOSS,False,-1.3676591999999888,-1.4396412631579,ORB_50PCT
ASHOKLEY,2026-02-18,BUY,2026-02-18 10:20:00,2026-02-18 10:25:00,10:25,209.3046,209.0,207.1,1.9000000000000057,207.1,2.2045999999999992,213.7138,2026-02-18 15:25:00,208.4,END_OF_DAY,False,-1.3223045999999878,-0.5997934319150813,ORB_BOUNDARY
ASHOKLEY,2026-02-19,SELL,2026-02-19 09:50:00,2026-02-19 09:55:00,09:55,206.18685499999998,208.61,206.7,1.910000000000025,207.141855,0.9550000000000125,204.27685499999995,2026-02-19 10:50:00,207.141855,STOP_LOSS,False,-1.3683287100000125,-1.4328049319371672,ORB_50PCT
ASHOKLEY,2026-02-19,SELL,2026-02-19 09:50:00,2026-02-19 09:55:00,09:55,206.18685499999998,208.61,206.7,1.910000000000025,208.61,2.4231450000000336,201.3405649999999,2026-02-19 15:25:00,202.84,END_OF_DAY,False,2.9378281449999766,1.212402949472663,ORB_BOUNDARY
ASHOKLEY,2026-02-20,BUY,2026-02-20 09:35:00,2026-02-20 09:40:00,09:40,204.812355,204.0,201.81,2.1899999999999977,203.717355,1.0949999999999989,207.002355,2026-02-20 11:25:00,207.002355,TARGET,False,1.7781852899999977,1.6239135068493147,ORB_50PCT
ASHOKLEY,2026-02-20,BUY,2026-02-20 09:35:00,2026-02-20 09:40:00,09:40,204.812355,204.0,201.81,2.1899999999999977,201.81,3.0023549999999943,210.81706499999999,2026-02-20 15:25:00,208.3,END_OF_DAY,False,3.0745326450000148,1.0240403433304923,ORB_BOUNDARY
ASHOKLEY,2026-02-23,BUY,2026-02-23 09:50:00,2026-02-23 09:55:00,09:55,211.56573,211.13,208.96,2.1699999999999875,210.48073,1.085000000000008,213.73573000000002,2026-02-23 10:45:00,210.48073,STOP_LOSS,False,-1.507046460000008,-1.3889829124423936,ORB_50PCT
ASHOKLEY,2026-02-23,BUY,2026-02-23 09:50:00,2026-02-23 09:55:00,09:55,211.56573,211.13,208.96,2.1699999999999875,208.96,2.605729999999994,216.77719,2026-02-23 15:25:00,210.2,END_OF_DAY,False,-1.7874957300000134,-0.6859865488749861,ORB_BOUNDARY
ASHOKLEY,2026-02-24,SELL,2026-02-24 13:45:00,2026-02-24 13:50:00,13:50,208.71559,210.69,208.85,1.8400000000000034,209.63558999999998,0.9199999999999875,206.87559000000002,2026-02-24 14:00:00,209.63558999999998,STOP_LOSS,False,-1.3383511799999874,-1.454729543478267,ORB_50PCT
ASHOKLEY,2026-02-24,SELL,2026-02-24 13:45:00,2026-02-24 13:50:00,13:50,208.71559,210.69,208.85,1.8400000000000034,210.69,1.974410000000006,204.76676999999998,2026-02-24 14:55:00,210.69,STOP_LOSS,False,-2.393815590000006,-1.2124207180879345,ORB_BOUNDARY
ASHOKLEY,2026-02-25,BUY,2026-02-25 09:30:00,2026-02-25 09:35:00,09:35,211.60575,210.98,209.63,1.3499999999999943,210.93075,0.6750000000000114,212.95575000000002,2026-02-25 09:40:00,212.95575000000002,TARGET,False,0.9254385000000227,1.3710200000000106,ORB_50PCT
ASHOKLEY,2026-02-25,BUY,2026-02-25 09:30:00,2026-02-25 09:35:00,09:35,211.60575,210.98,209.63,1.3499999999999943,209.63,1.975750000000005,215.55725,2026-02-25 15:25:00,211.45,END_OF_DAY,False,-0.5788057500000119,-0.29295495381501224,ORB_BOUNDARY
ASHOKLEY,2026-02-26,SELL,2026-02-26 11:40:00,2026-02-26 11:45:00,11:45,210.824535,212.89,211.1,1.789999999999992,211.719535,0.8950000000000102,209.03453499999998,2026-02-26 14:15:00,211.719535,STOP_LOSS,False,-1.3175440700000103,-1.4721162793296036,ORB_50PCT
ASHOKLEY,2026-02-26,SELL,2026-02-26 11:40:00,2026-02-26 11:45:00,11:45,210.824535,212.89,211.1,1.789999999999992,212.89,2.065464999999989,206.69360500000002,2026-02-26 15:25:00,211.6,END_OF_DAY,False,-1.197889534999997,-0.5799611879165241,ORB_BOUNDARY
ASHOKLEY,2026-02-27,SELL,2026-02-27 09:45:00,2026-02-27 09:50:00,09:50,211.284305,214.1,211.6,2.5,212.534305,1.25,208.784305,2026-02-27 12:25:00,212.534305,STOP_LOSS,False,-1.67381861,-1.3390548880000002,ORB_50PCT
ASHOKLEY,2026-02-27,SELL,2026-02-27 09:45:00,2026-02-27 09:50:00,09:50,211.284305,214.1,211.6,2.5,214.1,2.815695000000005,205.65291499999998,2026-02-27 15:25:00,211.8,END_OF_DAY,False,-0.9387793050000222,-0.333409444204724,ORB_BOUNDARY
ASHOKLEY,2026-03-02,BUY,2026-03-02 09:40:00,2026-03-02 09:45:00,09:45,212.48619,211.2,200.05,11.149999999999977,206.91119,5.574999999999989,223.63618999999997,2026-03-02 12:35:00,206.91119,STOP_LOSS,False,-5.994397379999989,-1.0752282295964128,ORB_50PCT
ASHOKLEY,2026-03-02,BUY,2026-03-02 09:40:00,2026-03-02 09:45:00,09:45,212.48619,211.2,200.05,11.149999999999977,200.05,12.436189999999982,237.35856999999996,2026-03-02 15:25:00,209.2,END_OF_DAY,False,-3.707876190000005,-0.29815210205054843,ORB_BOUNDARY
ASHOKLEY,2026-03-04,SELL,2026-03-04 10:45:00,2026-03-04 10:50:00,10:50,201.489205,207.18,202.07,5.110000000000014,204.044205,2.555000000000007,196.37920499999998,2026-03-04 15:25:00,199.0,END_OF_DAY,False,2.0887157949999984,0.8175012896281773,ORB_50PCT
ASHOKLEY,2026-03-04,SELL,2026-03-04 10:45:00,2026-03-04 10:50:00,10:50,201.489205,207.18,202.07,5.110000000000014,207.18,5.6907950000000085,190.10761499999998,2026-03-04 15:25:00,199.0,END_OF_DAY,False,2.0887157949999984,0.3670340954119759,ORB_BOUNDARY
ASHOKLEY,2026-03-05,SELL,2026-03-05 10:00:00,2026-03-05 10:05:00,10:05,200.929485,203.6,201.04,2.5600000000000023,202.209485,1.2800000000000011,198.369485,2026-03-05 11:35:00,198.369485,TARGET,False,2.160701030000002,1.6880476796875001,ORB_50PCT
ASHOKLEY,2026-03-05,SELL,2026-03-05 10:00:00,2026-03-05 10:05:00,10:05,200.929485,203.6,201.04,2.5600000000000023,203.6,2.6705149999999946,195.588455,2026-03-05 14:50:00,203.6,STOP_LOSS,False,-3.0750444849999945,-1.151479952368738,ORB_BOUNDARY
ASHOKLEY,2026-03-06,SELL,2026-03-06 10:30:00,2026-03-06 10:35:00,10:35,200.17986,202.49,200.31,2.180000000000007,201.26986,1.0900000000000034,197.99985999999998,2026-03-06 11:20:00,197.99985999999998,TARGET,False,1.781820280000007,1.6346975045871572,ORB_50PCT
ASHOKLEY,2026-03-06,SELL,2026-03-06 10:30:00,2026-03-06 10:35:00,10:35,200.17986,202.49,200.31,2.180000000000007,202.49,2.3101400000000183,195.55957999999995,2026-03-06 14:45:00,195.55957999999995,TARGET,False,4.224540560000037,1.8286946072532415,ORB_BOUNDARY
ASHOKLEY,2026-03-11,BUY,2026-03-11 09:50:00,2026-03-11 09:55:00,09:55,195.307605,194.58,192.37,2.210000000000008,194.202605,1.1049999999999898,197.51760499999997,2026-03-11 10:05:00,194.202605,STOP_LOSS,False,-1.4945102099999898,-1.3524979276018132,ORB_50PCT
ASHOKLEY,2026-03-11,BUY,2026-03-11 09:50:00,2026-03-11 09:55:00,09:55,195.307605,194.58,192.37,2.210000000000008,192.37,2.9376049999999907,201.18281499999998,2026-03-11 10:35:00,192.37,STOP_LOSS,False,-3.3252826049999906,-1.1319706376452932,ORB_BOUNDARY
ASHOKLEY,2026-03-12,SELL,2026-03-12 10:50:00,2026-03-12 10:55:00,10:55,177.93099,184.97,178.7,6.27000000000001,181.06599,3.134999999999991,171.66099000000003,2026-03-12 15:25:00,178.0,END_OF_DAY,False,-0.4249409899999916,-0.13554736523125768,ORB_50PCT
ASHOKLEY,2026-03-12,SELL,2026-03-12 10:50:00,2026-03-12 10:55:00,10:55,177.93099,184.97,178.7,6.27000000000001,184.97,7.03900999999999,163.85297000000003,2026-03-12 15:25:00,178.0,END_OF_DAY,False,-0.4249409899999916,-0.0603694255300095,ORB_BOUNDARY
ASHOKLEY,2026-03-13,SELL,2026-03-13 09:45:00,2026-03-13 09:50:00,09:50,173.45323,176.6,174.0,2.5999999999999943,174.75322999999997,1.299999999999983,170.85323000000002,2026-03-13 10:20:00,170.85323000000002,TARGET,False,2.255693539999966,1.7351488769230736,ORB_50PCT
ASHOKLEY,2026-03-13,SELL,2026-03-13 09:45:00,2026-03-13 09:50:00,09:50,173.45323,176.6,174.0,2.5999999999999943,176.6,3.1467700000000036,167.15968999999998,2026-03-13 15:25:00,170.99,END_OF_DAY,False,2.1187867699999816,0.6733211419963897,ORB_BOUNDARY
ASHOKLEY,2026-03-16,BUY,2026-03-16 09:30:00,2026-03-16 09:35:00,09:35,173.09650499999998,172.36,168.7,3.660000000000025,171.26650499999997,1.8300000000000125,176.756505,2026-03-16 10:15:00,171.26650499999997,STOP_LOSS,False,-2.1743630100000124,-1.18817650819672,ORB_50PCT
ASHOKLEY,2026-03-16,BUY,2026-03-16 09:30:00,2026-03-16 09:35:00,09:35,173.09650499999998,172.36,168.7,3.660000000000025,168.7,4.396504999999991,181.88951499999996,2026-03-16 15:25:00,171.86,END_OF_DAY,False,-1.5814615049999656,-0.3597087925522589,ORB_BOUNDARY
ASHOKLEY,2026-03-17,BUY,2026-03-17 10:05:00,2026-03-17 10:10:00,10:10,175.337625,174.6,171.7,2.9000000000000057,173.887625,1.4499999999999886,178.23762499999998,2026-03-17 11:55:00,173.887625,STOP_LOSS,False,-1.7992252499999886,-1.2408450000000018,ORB_50PCT
ASHOKLEY,2026-03-17,BUY,2026-03-17 10:05:00,2026-03-17 10:10:00,10:10,175.337625,174.6,171.7,2.9000000000000057,171.7,3.637625000000014,182.61287500000003,2026-03-17 15:25:00,176.47,END_OF_DAY,False,0.7805673749999962,0.21458159513418595,ORB_BOUNDARY
ASHOKLEY,2026-03-18,BUY,2026-03-18 09:30:00,2026-03-18 09:35:00,09:35,179.679795,179.23,175.51,3.719999999999999,177.819795,1.8600000000000136,183.39979500000004,2026-03-18 10:00:00,177.819795,STOP_LOSS,False,-2.217499590000014,-1.19220408064516,ORB_50PCT
ASHOKLEY,2026-03-18,BUY,2026-03-18 09:30:00,2026-03-18 09:35:00,09:35,179.679795,179.23,175.51,3.719999999999999,175.51,4.169795000000022,188.01938500000006,2026-03-18 15:25:00,178.45,END_OF_DAY,False,-1.5879247950000241,-0.3808160341215853,ORB_BOUNDARY
ASHOKLEY,2026-03-19,SELL,2026-03-19 12:05:00,2026-03-19 12:10:00,12:10,171.08441499999998,175.95,171.26,4.689999999999998,173.42941499999998,2.344999999999999,166.39441499999998,2026-03-19 15:25:00,169.6,END_OF_DAY,False,1.1437305849999844,0.48773159275052663,ORB_50PCT
ASHOKLEY,2026-03-19,SELL,2026-03-19 12:05:00,2026-03-19 12:10:00,12:10,171.08441499999998,175.95,171.26,4.689999999999998,175.95,4.86558500000001,161.35324499999996,2026-03-19 15:25:00,169.6,END_OF_DAY,False,1.1437305849999844,0.23506537959977722,ORB_BOUNDARY
ASHOKLEY,2026-03-20,SELL,2026-03-20 09:50:00,2026-03-20 09:55:00,09:55,170.324795,172.67,170.53,2.1399999999999864,171.394795,1.0699999999999932,168.184795,2026-03-20 10:20:00,168.184795,TARGET,False,1.8014904099999862,1.6836358971962595,ORB_50PCT
ASHOKLEY,2026-03-20,SELL,2026-03-20 09:50:00,2026-03-20 09:55:00,09:55,170.324795,172.67,170.53,2.1399999999999864,172.67,2.345204999999993,165.634385,2026-03-20 15:25:00,169.4,END_OF_DAY,False,0.585070204999989,0.2494750800036631,ORB_BOUNDARY
ASHOKLEY,2026-03-23,SELL,2026-03-23 09:45:00,2026-03-23 09:50:00,09:50,163.58816499999998,167.06,163.79,3.2700000000000102,165.223165,1.6350000000000193,160.31816499999994,2026-03-23 15:25:00,162.0,END_OF_DAY,False,1.262576834999975,0.7722182477063977,ORB_50PCT
ASHOKLEY,2026-03-23,SELL,2026-03-23 09:45:00,2026-03-23 09:50:00,09:50,163.58816499999998,167.06,163.79,3.2700000000000102,167.06,3.471835000000027,156.64449499999992,2026-03-23 15:25:00,162.0,END_OF_DAY,False,1.262576834999975,0.36366268414252556,ORB_BOUNDARY
ASHOKLEY,2026-03-24,SELL,2026-03-24 10:00:00,2026-03-24 10:05:00,10:05,163.108405,166.72,163.83,2.8899999999999864,164.553405,1.4449999999999932,160.21840500000002,2026-03-24 12:20:00,164.553405,STOP_LOSS,False,-1.7726618099999931,-1.2267555778546724,ORB_50PCT
ASHOKLEY,2026-03-24,SELL,2026-03-24 10:00:00,2026-03-24 10:05:00,10:05,163.108405,166.72,163.83,2.8899999999999864,166.72,3.611594999999994,155.88521500000002,2026-03-24 13:20:00,166.72,STOP_LOSS,False,-3.941423404999994,-1.0913248592380929,ORB_BOUNDARY
ASHOKLEY,2026-03-24,BUY,2026-03-24 14:05:00,2026-03-24 14:10:00,14:10,166.82337,166.72,163.83,2.8899999999999864,165.37837000000002,1.4449999999999932,169.71337,2026-03-24 15:25:00,167.44,END_OF_DAY,False,0.28236662999998646,0.19540943252594312,ORB_50PCT
ASHOKLEY,2026-03-24,BUY,2026-03-24 14:05:00,2026-03-24 14:10:00,14:10,166.82337,166.72,163.83,2.8899999999999864,163.83,2.9933699999999988,172.81011,2026-03-24 15:25:00,167.44,END_OF_DAY,False,0.28236662999998646,0.09433068080457363,ORB_BOUNDARY
ASHOKLEY,2026-03-25,BUY,2026-03-25 14:00:00,2026-03-25 14:05:00,14:05,172.84637999999998,172.38,169.79,2.5900000000000034,171.55138,1.2949999999999875,175.43637999999996,2026-03-25 14:20:00,171.55138,STOP_LOSS,False,-1.6393977599999874,-1.2659442162162187,ORB_50PCT
ASHOKLEY,2026-03-25,BUY,2026-03-25 14:00:00,2026-03-25 14:05:00,14:05,172.84637999999998,172.38,169.79,2.5900000000000034,169.79,3.05637999999999,178.95913999999996,2026-03-25 15:25:00,171.02,END_OF_DAY,False,-2.170246379999972,-0.7100708616075158,ORB_BOUNDARY
ASHOKLEY,2026-03-27,SELL,2026-03-27 09:35:00,2026-03-27 09:40:00,09:40,166.486715,170.0,166.39,3.6100000000000136,168.291715,1.8050000000000068,162.876715,2026-03-27 15:00:00,162.876715,TARGET,False,3.2806365700000137,1.8175271855955686,ORB_50PCT
ASHOKLEY,2026-03-27,SELL,2026-03-27 09:35:00,2026-03-27 09:40:00,09:40,166.486715,170.0,166.39,3.6100000000000136,170.0,3.513284999999996,159.460145,2026-03-27 15:25:00,163.16,END_OF_DAY,False,2.997068285000007,0.8530672248337412,ORB_BOUNDARY
ASHOKLEY,2026-03-30,SELL,2026-03-30 10:30:00,2026-03-30 10:35:00,10:35,157.50121000000001,160.83,158.1,2.730000000000018,158.86621000000002,1.365000000000009,154.77121,2026-03-30 14:35:00,154.77121,TARGET,False,2.417727580000018,1.7712289963369976,ORB_50PCT
ASHOKLEY,2026-03-30,SELL,2026-03-30 10:30:00,2026-03-30 10:35:00,10:35,157.50121000000001,160.83,158.1,2.730000000000018,160.83,3.328789999999998,150.84363000000002,2026-03-30 15:25:00,154.3,END_OF_DAY,False,2.889408790000003,0.8680057288083673,ORB_BOUNDARY
ASHOKLEY,2026-04-01,SELL,2026-04-01 14:10:00,2026-04-01 14:15:00,14:15,154.00296,162.86,154.15,8.710000000000008,158.35796,4.35499999999999,145.29296000000002,2026-04-01 15:25:00,148.6,END_OF_DAY,False,5.100357040000008,1.171149722158443,ORB_50PCT
ASHOKLEY,2026-04-01,SELL,2026-04-01 14:10:00,2026-04-01 14:15:00,14:15,154.00296,162.86,154.15,8.710000000000008,162.86,8.857040000000012,136.28887999999998,2026-04-01 15:25:00,148.6,END_OF_DAY,False,5.100357040000008,0.5758534499110313,ORB_BOUNDARY
ASHOKLEY,2026-04-02,SELL,2026-04-02 09:50:00,2026-04-02 09:55:00,09:55,144.837545,147.56,145.11,2.4499999999999886,146.062545,1.2249999999999943,142.38754500000002,2026-04-02 13:25:00,146.062545,STOP_LOSS,False,-1.5159000899999944,-1.237469461224491,ORB_50PCT
ASHOKLEY,2026-04-02,SELL,2026-04-02 09:50:00,2026-04-02 09:55:00,09:55,144.837545,147.56,145.11,2.4499999999999886,147.56,2.7224549999999965,139.392635,2026-04-02 14:10:00,147.56,STOP_LOSS,False,-3.0148525449999966,-1.1074021590806828,ORB_BOUNDARY
ASHOKLEY,2026-04-02,BUY,2026-04-02 14:50:00,2026-04-02 14:55:00,14:55,147.883905,147.56,145.11,2.4499999999999886,146.658905,1.2249999999999943,150.333905,2026-04-02 15:25:00,148.4,END_OF_DAY,False,0.21981109500000706,0.17943762857143516,ORB_50PCT
ASHOKLEY,2026-04-02,BUY,2026-04-02 14:50:00,2026-04-02 14:55:00,14:55,147.883905,147.56,145.11,2.4499999999999886,145.11,2.773904999999985,153.43171499999997,2026-04-02 15:25:00,148.4,END_OF_DAY,False,0.21981109500000706,0.0792424740573337,ORB_BOUNDARY
ASHOKLEY,2026-04-06,BUY,2026-04-06 14:30:00,2026-04-06 14:35:00,14:35,150.15504,149.9,145.15,4.75,147.78004,2.375,154.90504,2026-04-06 15:25:00,150.7,END_OF_DAY,False,0.24410495999997478,0.10278103578946307,ORB_50PCT
ASHOKLEY,2026-04-06,BUY,2026-04-06 14:30:00,2026-04-06 14:35:00,14:35,150.15504,149.9,145.15,4.75,145.15,5.005040000000008,160.16512000000003,2026-04-06 15:25:00,150.7,END_OF_DAY,False,0.24410495999997478,0.048771829995359554,ORB_BOUNDARY
ASHOKLEY,2026-04-07,BUY,2026-04-07 10:40:00,2026-04-07 10:45:00,10:45,150.225075,150.08,146.14,3.940000000000026,148.25507499999998,1.9700000000000273,154.16507500000006,2026-04-07 15:25:00,152.46,END_OF_DAY,False,1.9322399250000042,0.9808324492385673,ORB_50PCT
ASHOKLEY,2026-04-07,BUY,2026-04-07 10:40:00,2026-04-07 10:45:00,10:45,150.225075,150.08,146.14,3.940000000000026,146.14,4.0850750000000176,158.39522500000004,2026-04-07 15:25:00,152.46,END_OF_DAY,False,1.9322399250000042,0.472999865363548,ORB_BOUNDARY
ASHOKLEY,2026-04-08,BUY,2026-04-08 09:30:00,2026-04-08 09:35:00,09:35,166.82337,166.39,162.94,3.4499999999999886,165.09837000000002,1.7249999999999943,170.27337,2026-04-08 09:50:00,170.27337,TARGET,False,3.112903259999989,1.8045815999999995,ORB_50PCT
ASHOKLEY,2026-04-08,BUY,2026-04-08 09:30:00,2026-04-08 09:35:00,09:35,166.82337,166.39,162.94,3.4499999999999886,162.94,3.8833700000000135,174.59011000000004,2026-04-08 15:25:00,172.4,END_OF_DAY,False,5.237406629999994,1.3486756682984047,ORB_BOUNDARY
ASHOKLEY,2026-04-09,BUY,2026-04-09 09:30:00,2026-04-09 09:35:00,09:35,173.58675,173.48,169.93,3.549999999999983,171.81175000000002,1.7749999999999773,177.13674999999995,2026-04-09 09:45:00,171.81175000000002,STOP_LOSS,False,-2.120398499999977,-1.1945907042253545,ORB_50PCT
ASHOKLEY,2026-04-09,BUY,2026-04-09 09:30:00,2026-04-09 09:35:00,09:35,173.58675,173.48,169.93,3.549999999999983,169.93,3.656749999999988,180.90024999999997,2026-04-09 13:30:00,169.93,STOP_LOSS,False,-4.000266749999988,-1.0939404525876806,ORB_BOUNDARY
ASHOKLEY,2026-04-09,SELL,2026-04-09 13:40:00,2026-04-09 13:45:00,13:45,169.67512,173.48,169.93,3.549999999999983,171.45011999999997,1.7749999999999773,166.12512000000004,2026-04-09 15:25:00,170.5,END_OF_DAY,False,-1.1650551200000074,-0.6563690816901534,ORB_50PCT
ASHOKLEY,2026-04-09,SELL,2026-04-09 13:40:00,2026-04-09 13:45:00,13:45,169.67512,173.48,169.93,3.549999999999983,173.48,3.804879999999997,162.06536,2026-04-09 15:25:00,170.5,END_OF_DAY,False,-1.1650551200000074,-0.30620022707680883,ORB_BOUNDARY
ASHOKLEY,2026-04-10,BUY,2026-04-10 09:35:00,2026-04-10 09:40:00,09:40,175.417665,175.29,172.13,3.1599999999999966,173.83766500000002,1.579999999999984,178.57766499999997,2026-04-10 15:25:00,177.99,END_OF_DAY,False,2.2189273350000094,1.4043843892405263,ORB_50PCT
ASHOKLEY,2026-04-10,BUY,2026-04-10 09:35:00,2026-04-10 09:40:00,09:40,175.417665,175.29,172.13,3.1599999999999966,172.13,3.287665000000004,181.992995,2026-04-10 15:25:00,177.99,END_OF_DAY,False,2.2189273350000094,0.6749250106078346,ORB_BOUNDARY
ASHOKLEY,2026-04-15,BUY,2026-04-15 10:40:00,2026-04-15 10:45:00,10:45,178.80936,178.5,175.51,2.990000000000009,177.31436,1.4950000000000045,181.79936,2026-04-15 11:55:00,177.31436,STOP_LOSS,False,-1.8511237200000046,-1.2382098461538456,ORB_50PCT
ASHOKLEY,2026-04-15,BUY,2026-04-15 10:40:00,2026-04-15 10:45:00,10:45,178.80936,178.5,175.51,2.990000000000009,175.51,3.299360000000007,185.40808,2026-04-15 15:10:00,175.51,STOP_LOSS,False,-3.653679360000007,-1.1073903302458656,ORB_BOUNDARY
ASHOKLEY,2026-04-16,SELL,2026-04-16 09:50:00,2026-04-16 09:55:00,09:55,175.45223,177.89,175.56,2.329999999999984,176.61722999999998,1.164999999999992,173.12223,2026-04-16 10:50:00,176.61722999999998,STOP_LOSS,False,-1.517069459999992,-1.3022055450643797,ORB_50PCT
ASHOKLEY,2026-04-16,SELL,2026-04-16 09:50:00,2026-04-16 09:55:00,09:55,175.45223,177.89,175.56,2.329999999999984,177.89,2.4377700000000004,170.57668999999999,2026-04-16 15:25:00,176.72,END_OF_DAY,False,-1.619942230000013,-0.6645180759464645,ORB_BOUNDARY
ASHOKLEY,2026-04-17,SELL,2026-04-17 11:55:00,2026-04-17 12:00:00,12:00,174.1129,177.47,174.34,3.1299999999999955,175.6779,1.5649999999999977,170.9829,2026-04-17 15:25:00,174.7,END_OF_DAY,False,-0.9359128999999924,-0.5980274121405711,ORB_50PCT
ASHOKLEY,2026-04-17,SELL,2026-04-17 11:55:00,2026-04-17 12:00:00,12:00,174.1129,177.47,174.34,3.1299999999999955,177.47,3.3571000000000026,167.3987,2026-04-17 15:25:00,174.7,END_OF_DAY,False,-0.9359128999999924,-0.2787861249292519,ORB_BOUNDARY
ASHOKLEY,2026-04-20,SELL,2026-04-20 09:40:00,2026-04-20 09:45:00,09:45,172.85353,176.0,173.2,2.8000000000000114,174.25353,1.4000000000000057,170.05353,2026-04-20 10:05:00,174.25353,STOP_LOSS,False,-1.7471070600000058,-1.2479336142857134,ORB_50PCT
ASHOKLEY,2026-04-20,SELL,2026-04-20 09:40:00,2026-04-20 09:45:00,09:45,172.85353,176.0,173.2,2.8000000000000114,176.0,3.1464699999999937,166.56059000000002,2026-04-20 11:40:00,176.0,STOP_LOSS,False,-3.4953235299999936,-1.1108713987420826,ORB_BOUNDARY
ASHOKLEY,2026-04-20,BUY,2026-04-20 11:55:00,2026-04-20 12:00:00,12:00,176.22806999999997,176.0,173.2,2.8000000000000114,174.82806999999997,1.4000000000000057,179.02806999999999,2026-04-20 15:25:00,175.38,END_OF_DAY,False,-1.1996780699999785,-0.8569129071428383,ORB_50PCT
ASHOKLEY,2026-04-20,BUY,2026-04-20 11:55:00,2026-04-20 12:00:00,12:00,176.22806999999997,176.0,173.2,2.8000000000000114,173.2,3.0280699999999854,182.28420999999994,2026-04-20 15:25:00,175.38,END_OF_DAY,False,-1.1996780699999785,-0.3961857123514266,ORB_BOUNDARY
ASHOKLEY,2026-04-21,BUY,2026-04-21 09:55:00,2026-04-21 10:00:00,10:00,178.64928,178.3,175.98,2.3200000000000216,177.48928,1.1599999999999966,180.96928,2026-04-21 11:35:00,177.48928,STOP_LOSS,False,-1.5161385599999966,-1.3070160000000008,ORB_50PCT
ASHOKLEY,2026-04-21,BUY,2026-04-21 09:55:00,2026-04-21 10:00:00,10:00,178.64928,178.3,175.98,2.3200000000000216,175.98,2.6692800000000148,183.98784000000003,2026-04-21 15:25:00,176.6,END_OF_DAY,False,-2.40452928000001,-0.9008156806329785,ORB_BOUNDARY
ASHOKLEY,2026-04-22,BUY,2026-04-22 10:40:00,2026-04-22 10:45:00,10:45,177.298605,177.07,175.6,1.4699999999999989,176.563605,0.7350000000000136,178.76860500000004,2026-04-22 11:40:00,178.76860500000004,TARGET,False,1.1139327900000273,1.5155548163265395,ORB_50PCT
ASHOKLEY,2026-04-22,BUY,2026-04-22 10:40:00,2026-04-22 10:45:00,10:45,177.298605,177.07,175.6,1.4699999999999989,175.6,1.6986050000000148,180.69581500000004,2026-04-22 12:20:00,180.69581500000004,TARGET,False,3.03921558000003,1.7892421016069089,ORB_BOUNDARY
ASHOKLEY,2026-04-23,SELL,2026-04-23 09:40:00,2026-04-23 09:45:00,09:45,172.55367999999999,177.79,173.0,4.789999999999992,174.94867999999997,2.394999999999982,167.76368000000002,2026-04-23 15:25:00,170.62,END_OF_DAY,False,1.5905063199999812,0.6640944968684732,ORB_50PCT
ASHOKLEY,2026-04-23,SELL,2026-04-23 09:40:00,2026-04-23 09:45:00,09:45,172.55367999999999,177.79,173.0,4.789999999999992,177.79,5.236320000000006,162.08103999999997,2026-04-23 15:25:00,170.62,END_OF_DAY,False,1.5905063199999812,0.30374505759769826,ORB_BOUNDARY
ASHOKLEY,2026-04-24,SELL,2026-04-24 09:30:00,2026-04-24 09:35:00,09:35,169.59516,172.2,169.8,2.3999999999999773,170.79515999999998,1.1999999999999886,167.19516000000002,2026-04-24 15:25:00,170.1,END_OF_DAY,False,-0.8445351600000015,-0.7037793000000079,ORB_50PCT
ASHOKLEY,2026-04-24,SELL,2026-04-24 09:30:00,2026-04-24 09:35:00,09:35,169.59516,172.2,169.8,2.3999999999999773,172.2,2.604839999999996,164.38548,2026-04-24 15:25:00,170.1,END_OF_DAY,False,-0.8445351600000015,-0.3242176717188015,ORB_BOUNDARY
ASHOKLEY,2026-04-27,SELL,2026-04-27 09:35:00,2026-04-27 09:40:00,09:40,168.145885,171.49,168.6,2.890000000000015,169.59088500000001,1.4450000000000216,165.25588499999995,2026-04-27 09:55:00,169.59088500000001,STOP_LOSS,False,-1.7827367700000216,-1.2337278685121071,ORB_50PCT
ASHOKLEY,2026-04-27,SELL,2026-04-27 09:35:00,2026-04-27 09:40:00,09:40,168.145885,171.49,168.6,2.890000000000015,171.49,3.3441150000000164,161.45765499999996,2026-04-27 15:25:00,169.69,END_OF_DAY,False,-1.881950885000005,-0.562765002100704,ORB_BOUNDARY
ASHOKLEY,2026-04-28,BUY,2026-04-28 09:50:00,2026-04-28 09:55:00,09:55,171.435675,171.25,168.25,3.0,169.935675,1.5,174.435675,2026-04-28 11:25:00,169.935675,STOP_LOSS,False,-1.84137135,-1.2275809,ORB_50PCT
ASHOKLEY,2026-04-28,BUY,2026-04-28 09:50:00,2026-04-28 09:55:00,09:55,171.435675,171.25,168.25,3.0,168.25,3.1856750000000034,177.807025,2026-04-28 12:40:00,168.25,STOP_LOSS,False,-3.5253606750000035,-1.106629105291657,ORB_BOUNDARY
ASHOKLEY,2026-04-28,SELL,2026-04-28 12:50:00,2026-04-28 12:55:00,12:55,168.13589,171.25,168.25,3.0,169.63589,1.5,165.13589,2026-04-28 15:25:00,167.74,END_OF_DAY,False,0.06001410999998008,0.04000940666665339,ORB_50PCT
ASHOKLEY,2026-04-28,SELL,2026-04-28 12:50:00,2026-04-28 12:55:00,12:55,168.13589,171.25,168.25,3.0,171.25,3.114110000000011,161.90766999999997,2026-04-28 15:25:00,167.74,END_OF_DAY,False,0.06001410999998008,0.019271673126504803,ORB_BOUNDARY
ASHOKLEY,2026-04-29,SELL,2026-04-29 11:20:00,2026-04-29 11:25:00,11:25,166.666625,169.26,166.78,2.4799999999999898,167.90662500000002,1.240000000000009,164.186625,2026-04-29 15:25:00,165.8,END_OF_DAY,False,0.5341583749999991,0.4307728830645122,ORB_50PCT
ASHOKLEY,2026-04-29,SELL,2026-04-29 11:20:00,2026-04-29 11:25:00,11:25,166.666625,169.26,166.78,2.4799999999999898,169.26,2.5933749999999804,161.47987500000005,2026-04-29 15:25:00,165.8,END_OF_DAY,False,0.5341583749999991,0.20597035716007253,ORB_BOUNDARY
ASHOKLEY,2026-04-30,SELL,2026-04-30 09:35:00,2026-04-30 09:40:00,09:40,162.75858,164.72,163.09,1.6299999999999955,163.57358,0.8149999999999977,161.12858,2026-04-30 09:40:00,163.57358,STOP_LOSS,False,-1.1413321599999977,-1.4004075582822098,ORB_50PCT
ASHOKLEY,2026-04-30,SELL,2026-04-30 09:35:00,2026-04-30 09:40:00,09:40,162.75858,164.72,163.09,1.6299999999999955,164.72,1.961420000000004,158.83574,2026-04-30 15:25:00,162.55,END_OF_DAY,False,-0.11672858000001646,-0.05951228191821039,ORB_BOUNDARY
ASHOKLEY,2026-05-04,BUY,2026-05-04 09:35:00,2026-05-04 09:40:00,09:40,163.631775,162.76,159.22,3.539999999999992,161.86177500000002,1.7699999999999818,167.17177499999997,2026-05-04 10:25:00,161.86177500000002,STOP_LOSS,False,-2.095493549999982,-1.183894661016951,ORB_50PCT
ASHOKLEY,2026-05-04,BUY,2026-05-04 09:35:00,2026-05-04 09:40:00,09:40,163.631775,162.76,159.22,3.539999999999992,159.22,4.411775000000006,172.45532500000002,2026-05-04 13:25:00,159.22,STOP_LOSS,False,-4.734626775000006,-1.0731795649143485,ORB_BOUNDARY
ASHOKLEY,2026-05-05,BUY,2026-05-05 09:30:00,2026-05-05 09:35:00,09:35,160.58025,160.27,158.59,1.6800000000000068,159.74025,0.8400000000000034,162.26025,2026-05-05 10:50:00,159.74025,STOP_LOSS,False,-1.1603205000000034,-1.381333928571427,ORB_50PCT
ASHOKLEY,2026-05-05,BUY,2026-05-05 09:30:00,2026-05-05 09:35:00,09:35,160.58025,160.27,158.59,1.6800000000000068,158.59,1.9902500000000032,164.56075,2026-05-05 15:25:00,161.0,END_OF_DAY,False,0.0981697499999934,0.049325336013060286,ORB_BOUNDARY
ASHOKLEY,2026-05-06,SELL,2026-05-06 09:30:00,2026-05-06 09:35:00,09:35,162.088915,164.14,162.52,1.6199999999999761,162.898915,0.8100000000000023,160.46891499999998,2026-05-06 09:55:00,162.898915,STOP_LOSS,False,-1.1349878300000023,-1.4012195432098753,ORB_50PCT
ASHOKLEY,2026-05-06,SELL,2026-05-06 09:30:00,2026-05-06 09:35:00,09:35,162.088915,164.14,162.52,1.6199999999999761,164.14,2.0510850000000005,157.98674499999998,2026-05-06 14:25:00,164.14,STOP_LOSS,False,-2.377313915,-1.1590518749832404,ORB_BOUNDARY
ASHOKLEY,2026-05-06,BUY,2026-05-06 14:30:00,2026-05-06 14:35:00,14:35,164.78234999999998,164.14,162.52,1.6199999999999761,163.97235,0.8099999999999739,166.40234999999993,2026-05-06 14:45:00,166.40234999999993,TARGET,False,1.2888152999999478,1.5911299999999868,ORB_50PCT
ASHOKLEY,2026-05-06,BUY,2026-05-06 14:30:00,2026-05-06 14:35:00,14:35,164.78234999999998,164.14,162.52,1.6199999999999761,162.52,2.2623499999999694,169.30704999999992,2026-05-06 15:25:00,168.4,END_OF_DAY,False,3.284467650000026,1.4517946604195064,ORB_BOUNDARY
ASHOKLEY,2026-05-07,BUY,2026-05-07 11:50:00,2026-05-07 11:55:00,11:55,169.274595,169.0,166.41,2.5900000000000034,167.97959500000002,1.2949999999999875,171.86459499999998,2026-05-07 12:40:00,171.86459499999998,TARGET,False,2.248860809999975,1.7365720540540517,ORB_50PCT
ASHOKLEY,2026-05-07,BUY,2026-05-07 11:50:00,2026-05-07 11:55:00,11:55,169.274595,169.0,166.41,2.5900000000000034,166.41,2.8645950000000084,175.00378500000002,2026-05-07 15:25:00,170.15,END_OF_DAY,False,0.5359804050000007,0.18710512480821864,ORB_BOUNDARY
ASHOKLEY,2026-05-08,SELL,2026-05-08 10:00:00,2026-05-08 10:05:00,10:05,167.7161,170.0,167.95,2.0500000000000114,168.74110000000002,1.0250000000000057,165.6661,2026-05-08 10:20:00,168.74110000000002,STOP_LOSS,False,-1.3614572000000058,-1.3282509268292666,ORB_50PCT
ASHOKLEY,2026-05-08,SELL,2026-05-08 10:00:00,2026-05-08 10:05:00,10:05,167.7161,170.0,167.95,2.0500000000000114,170.0,2.2838999999999885,163.14830000000003,2026-05-08 15:25:00,168.77,END_OF_DAY,False,-1.3903860999999988,-0.6087771356013861,ORB_BOUNDARY
ASHOKLEY,2026-05-11,SELL,2026-05-11 09:55:00,2026-05-11 10:00:00,10:00,162.208855,166.38,162.45,3.930000000000007,164.173855,1.9650000000000034,158.278855,2026-05-11 15:25:00,161.81,END_OF_DAY,False,0.07483614499999747,0.03808455216284852,ORB_50PCT
ASHOKLEY,2026-05-11,SELL,2026-05-11 09:55:00,2026-05-11 10:00:00,10:00,162.208855,166.38,162.45,3.930000000000007,166.38,4.171144999999996,153.866565,2026-05-11 15:25:00,161.81,END_OF_DAY,False,0.07483614499999747,0.017941391392530717,ORB_BOUNDARY
ASHOKLEY,2026-05-12,SELL,2026-05-12 09:35:00,2026-05-12 09:40:00,09:40,158.830545,161.47,159.26,2.210000000000008,159.935545,1.1049999999999898,156.62054500000002,2026-05-12 09:40:00,159.935545,STOP_LOSS,False,-1.4237660899999898,-1.288476099547514,ORB_50PCT
ASHOKLEY,2026-05-12,SELL,2026-05-12 09:35:00,2026-05-12 09:40:00,09:40,158.830545,161.47,159.26,2.210000000000008,161.47,2.639454999999998,153.551635,2026-05-12 15:25:00,156.85,END_OF_DAY,False,1.6648644550000065,0.6307606892331968,ORB_BOUNDARY
ASHOKLEY,2026-05-13,SELL,2026-05-13 09:30:00,2026-05-13 09:35:00,09:35,154.492715,157.36,155.15,2.210000000000008,155.597715,1.1049999999999898,152.28271500000002,2026-05-13 10:20:00,155.597715,STOP_LOSS,False,-1.4150904299999898,-1.2806248235294144,ORB_50PCT
ASHOKLEY,2026-05-13,SELL,2026-05-13 09:30:00,2026-05-13 09:35:00,09:35,154.492715,157.36,155.15,2.210000000000008,157.36,2.8672850000000096,148.75814499999998,2026-05-13 15:25:00,153.5,END_OF_DAY,False,0.6847222850000041,0.2388051013415136,ORB_BOUNDARY
ASHOKLEY,2026-05-14,SELL,2026-05-14 09:30:00,2026-05-14 09:35:00,09:35,153.173375,154.4,153.3,1.0999999999999943,153.72337499999998,0.549999999999983,152.07337500000003,2026-05-14 09:40:00,152.07337500000003,TARGET,False,0.7947532499999659,1.4450059090908918,ORB_50PCT
ASHOKLEY,2026-05-14,SELL,2026-05-14 09:30:00,2026-05-14 09:35:00,09:35,153.173375,154.4,153.3,1.0999999999999943,154.4,1.2266250000000127,150.72012499999997,2026-05-14 09:50:00,150.72012499999997,TARGET,False,2.1493565000000254,1.7522523183532075,ORB_BOUNDARY
ASHOKLEY,2026-05-14,BUY,2026-05-14 13:10:00,2026-05-14 13:15:00,13:15,154.707315,154.4,153.3,1.0999999999999943,154.15731499999998,0.5500000000000114,155.80731500000002,2026-05-14 13:20:00,154.15731499999998,STOP_LOSS,False,-0.8588646300000113,-1.5615720545454428,ORB_50PCT
ASHOKLEY,2026-05-14,BUY,2026-05-14 13:10:00,2026-05-14 13:15:00,13:15,154.707315,154.4,153.3,1.0999999999999943,153.3,1.4073149999999828,157.52194499999996,2026-05-14 15:25:00,154.25,END_OF_DAY,False,-0.7662723149999942,-0.5444923950927856,ORB_BOUNDARY
ASHOKLEY,2026-05-15,SELL,2026-05-15 11:10:00,2026-05-15 11:15:00,11:15,153.473225,157.35,154.41,2.9399999999999977,154.943225,1.4699999999999989,150.53322500000002,2026-05-15 15:25:00,153.64,END_OF_DAY,False,-0.4738882249999728,-0.3223729421768525,ORB_50PCT
ASHOKLEY,2026-05-15,SELL,2026-05-15 11:10:00,2026-05-15 11:15:00,11:15,153.473225,157.35,154.41,2.9399999999999977,157.35,3.8767749999999808,145.71967500000005,2026-05-15 15:25:00,153.64,END_OF_DAY,False,-0.4738882249999728,-0.12223774271139676,ORB_BOUNDARY
ASHOKLEY,2026-05-18,SELL,2026-05-18 09:50:00,2026-05-18 09:55:00,09:55,149.52519999999998,152.0,149.87,2.1299999999999955,150.59019999999998,1.0649999999999977,147.3952,2026-05-18 11:30:00,150.59019999999998,STOP_LOSS,False,-1.3651153999999976,-1.2817984976525827,ORB_50PCT
ASHOKLEY,2026-05-18,SELL,2026-05-18 09:50:00,2026-05-18 09:55:00,09:55,149.52519999999998,152.0,149.87,2.1299999999999955,152.0,2.474800000000016,144.57559999999995,2026-05-18 15:25:00,151.0,END_OF_DAY,False,-1.7753252000000161,-0.7173610796832086,ORB_BOUNDARY
ASHOKLEY,2026-05-19,BUY,2026-05-19 10:05:00,2026-05-19 10:10:00,10:10,151.605765,151.23,149.28,1.9499999999999886,150.630765,0.9749999999999943,153.55576499999998,2026-05-19 10:20:00,150.630765,STOP_LOSS,False,-1.2772365299999944,-1.3099861846153864,ORB_50PCT
ASHOKLEY,2026-05-19,BUY,2026-05-19 10:05:00,2026-05-19 10:10:00,10:10,151.605765,151.23,149.28,1.9499999999999886,149.28,2.32576499999999,156.25729499999997,2026-05-19 15:25:00,151.2,END_OF_DAY,False,-0.7085707650000024,-0.3046613759343723,ORB_BOUNDARY
ASHOKLEY,2026-05-20,BUY,2026-05-20 10:55:00,2026-05-20 11:00:00,11:00,150.84538500000002,150.49,148.8,1.6899999999999977,150.00038500000002,0.8449999999999989,152.53538500000002,2026-05-20 11:20:00,152.53538500000002,TARGET,False,1.3866192299999978,1.6409695029585794,ORB_50PCT
ASHOKLEY,2026-05-20,BUY,2026-05-20 10:55:00,2026-05-20 11:00:00,11:00,150.84538500000002,150.49,148.8,1.6899999999999977,148.8,2.0453850000000102,154.93615500000004,2026-05-20 15:25:00,154.5,END_OF_DAY,False,3.3492696149999786,1.6374763748633934,ORB_BOUNDARY
ASHOKLEY,2026-05-21,SELL,2026-05-21 09:30:00,2026-05-21 09:35:00,09:35,154.88252,158.48,155.17,3.3100000000000023,156.53752,1.6550000000000011,151.57252,2026-05-21 15:25:00,154.4,END_OF_DAY,False,0.17323747999999384,0.10467521450150678,ORB_50PCT
ASHOKLEY,2026-05-21,SELL,2026-05-21 09:30:00,2026-05-21 09:35:00,09:35,154.88252,158.48,155.17,3.3100000000000023,158.48,3.5974799999999902,147.68756000000002,2026-05-21 15:25:00,154.4,END_OF_DAY,False,0.17323747999999384,0.04815523088383933,ORB_BOUNDARY
ASHOKLEY,2026-05-22,BUY,2026-05-22 11:55:00,2026-05-22 12:00:00,12:00,155.77785,155.46,154.05,1.4099999999999966,155.07285000000002,0.7049999999999841,157.18784999999997,2026-05-22 12:05:00,155.07285000000002,STOP_LOSS,False,-1.0158506999999841,-1.4409229787234143,ORB_50PCT
ASHOKLEY,2026-05-22,BUY,2026-05-22 11:55:00,2026-05-22 12:00:00,12:00,155.77785,155.46,154.05,1.4099999999999966,154.05,1.7278499999999894,159.23354999999998,2026-05-22 15:25:00,158.0,END_OF_DAY,False,1.908372149999999,1.1044779060682413,ORB_BOUNDARY
ASHOKLEY,2026-05-26,SELL,2026-05-26 10:45:00,2026-05-26 10:50:00,10:50,162.19886,164.3,162.32,1.9800000000000182,163.18886,0.9900000000000091,160.21885999999998,2026-05-26 13:00:00,160.21885999999998,TARGET,False,1.6575822800000182,1.6743255353535382,ORB_50PCT
ASHOKLEY,2026-05-26,SELL,2026-05-26 10:45:00,2026-05-26 10:50:00,10:50,162.19886,164.3,162.32,1.9800000000000182,164.3,2.101140000000015,157.99657999999997,2026-05-26 15:25:00,160.8,END_OF_DAY,False,1.075861139999985,0.5120368657014654,ORB_BOUNDARY
ASHOKLEY,2026-05-27,SELL,2026-05-27 12:20:00,2026-05-27 12:25:00,12:25,159.83004499999998,161.6,159.91,1.6899999999999977,160.67504499999998,0.8449999999999989,158.140045,2026-05-27 12:55:00,160.67504499999998,STOP_LOSS,False,-1.1655050899999988,-1.379295964497042,ORB_50PCT
ASHOKLEY,2026-05-27,SELL,2026-05-27 12:20:00,2026-05-27 12:25:00,12:25,159.83004499999998,161.6,159.91,1.6899999999999977,161.6,1.7699550000000102,156.29013499999996,2026-05-27 13:05:00,161.6,STOP_LOSS,False,-2.09138504500001,-1.1816035125186788,ORB_BOUNDARY
ASHOKLEY,2026-05-27,BUY,2026-05-27 13:25:00,2026-05-27 13:30:00,13:30,161.80086,161.6,159.91,1.6899999999999977,160.95586,0.8449999999999989,163.49086,2026-05-27 14:45:00,163.49086,TARGET,False,1.3647082799999977,1.615039384615384,ORB_50PCT
ASHOKLEY,2026-05-27,BUY,2026-05-27 13:25:00,2026-05-27 13:30:00,13:30,161.80086,161.6,159.91,1.6899999999999977,159.91,1.8908600000000035,165.58258,2026-05-27 15:25:00,164.0,END_OF_DAY,False,1.87333914,0.9907339200152293,ORB_BOUNDARY
ASHOKLEY,2026-05-29,SELL,2026-05-29 09:40:00,2026-05-29 09:45:00,09:45,160.24983500000002,165.7,160.72,4.97999999999999,162.73983500000003,2.490000000000009,155.269835,2026-05-29 15:05:00,155.269835,TARGET,False,4.664480330000018,1.8732852730923697,ORB_50PCT
ASHOKLEY,2026-05-29,SELL,2026-05-29 09:40:00,2026-05-29 09:45:00,09:45,160.24983500000002,165.7,160.72,4.97999999999999,165.7,5.45016499999997,149.34950500000008,2026-05-29 15:25:00,156.65,END_OF_DAY,False,3.282935165000013,0.6023551883291663,ORB_BOUNDARY
ASHOKLEY,2026-06-01,SELL,2026-06-01 09:55:00,2026-06-01 10:00:00,10:00,152.80356,157.6,153.55,4.049999999999983,154.82855999999998,2.0249999999999773,148.75356000000005,2026-06-01 15:25:00,149.8,END_OF_DAY,False,2.700956439999993,1.3338056493827275,ORB_50PCT
ASHOKLEY,2026-06-01,SELL,2026-06-01 09:55:00,2026-06-01 10:00:00,10:00,152.80356,157.6,153.55,4.049999999999983,157.6,4.79643999999999,143.21068000000002,2026-06-01 15:25:00,149.8,END_OF_DAY,False,2.700956439999993,0.5631169033699992,ORB_BOUNDARY
ASHOKLEY,2026-06-02,BUY,2026-06-02 12:40:00,2026-06-02 12:45:00,12:45,148.824375,148.49,145.5,2.990000000000009,147.329375,1.4950000000000045,151.814375,2026-06-02 15:25:00,149.15,END_OF_DAY,False,0.02765062500000226,0.018495401337794096,ORB_50PCT
ASHOKLEY,2026-06-02,BUY,2026-06-02 12:40:00,2026-06-02 12:45:00,12:45,148.824375,148.49,145.5,2.990000000000009,145.5,3.3243750000000034,155.473125,2026-06-02 15:25:00,149.15,END_OF_DAY,False,0.02765062500000226,0.008317540891145623,ORB_BOUNDARY
ASHOKLEY,2026-06-03,SELL,2026-06-03 09:30:00,2026-06-03 09:35:00,09:35,144.157885,147.8,144.38,3.420000000000016,145.867885,1.710000000000008,140.73788499999998,2026-06-03 15:10:00,145.867885,STOP_LOSS,False,-2.0000257700000077,-1.1696057134502915,ORB_50PCT
ASHOKLEY,2026-06-03,SELL,2026-06-03 09:30:00,2026-06-03 09:35:00,09:35,144.157885,147.8,144.38,3.420000000000016,147.8,3.642115000000018,136.87365499999996,2026-06-03 15:25:00,147.2,END_OF_DAY,False,-3.3334728849999955,-0.9152574493117265,ORB_BOUNDARY
ASHOKLEY,2026-06-04,SELL,2026-06-04 11:00:00,2026-06-04 11:05:00,11:05,145.20736,147.22,145.3,1.9199999999999875,146.16735999999997,0.9599999999999795,143.28736000000004,2026-06-04 12:00:00,146.16735999999997,STOP_LOSS,False,-1.2513747199999794,-1.3035153333333396,ORB_50PCT
ASHOKLEY,2026-06-04,SELL,2026-06-04 11:00:00,2026-06-04 11:05:00,11:05,145.20736,147.22,145.3,1.9199999999999875,147.22,2.0126400000000046,141.18207999999998,2026-06-04 15:25:00,144.97,END_OF_DAY,False,-0.0528173600000047,-0.026242825343829285,ORB_BOUNDARY
ASHOKLEY,2026-06-05,SELL,2026-06-05 09:45:00,2026-06-05 09:50:00,09:50,144.12789999999998,146.53,144.53,2.0,145.12789999999998,1.0,142.12789999999998,2026-06-05 10:00:00,145.12789999999998,STOP_LOSS,False,-1.2892557999999998,-1.2892557999999998,ORB_50PCT
ASHOKLEY,2026-06-05,SELL,2026-06-05 09:45:00,2026-06-05 09:50:00,09:50,144.12789999999998,146.53,144.53,2.0,146.53,2.4021000000000186,139.32369999999995,2026-06-05 15:25:00,145.4,END_OF_DAY,False,-1.561627900000023,-0.6501094459015074,ORB_BOUNDARY
ASHOKLEY,2026-06-08,BUY,2026-06-08 10:35:00,2026-06-08 10:40:00,10:40,142.361145,142.27,140.31,1.960000000000008,141.381145,0.9799999999999898,144.32114499999997,2026-06-08 12:05:00,141.381145,STOP_LOSS,False,-1.2637422899999897,-1.2895329489795948,ORB_50PCT
ASHOKLEY,2026-06-08,BUY,2026-06-08 10:35:00,2026-06-08 10:40:00,10:40,142.361145,142.27,140.31,1.960000000000008,140.31,2.051144999999991,146.46343499999998,2026-06-08 15:25:00,141.0,END_OF_DAY,False,-1.6445061449999934,-0.8017503126302629,ORB_BOUNDARY
ASHOKLEY,2026-06-09,BUY,2026-06-09 14:50:00,2026-06-09 14:55:00,14:55,144.24208499999997,143.55,141.02,2.530000000000001,142.977085,1.2649999999999864,146.77208499999995,2026-06-09 15:25:00,144.2,END_OF_DAY,False,-0.3305270849999859,-0.2612862332015727,ORB_50PCT
ASHOKLEY,2026-06-09,BUY,2026-06-09 14:50:00,2026-06-09 14:55:00,14:55,144.24208499999997,143.55,141.02,2.530000000000001,141.02,3.2220849999999643,150.6862549999999,2026-06-09 15:25:00,144.2,END_OF_DAY,False,-0.3305270849999859,-0.10258173977408713,ORB_BOUNDARY
ASHOKLEY,2026-06-10,SELL,2026-06-10 14:35:00,2026-06-10 14:40:00,14:40,142.94849000000002,145.3,143.3,2.0,143.94849000000002,1.0,140.94849000000002,2026-06-10 15:25:00,141.53,END_OF_DAY,False,1.1340115100000197,1.1340115100000197,ORB_50PCT
ASHOKLEY,2026-06-10,SELL,2026-06-10 14:35:00,2026-06-10 14:40:00,14:40,142.94849000000002,145.3,143.3,2.0,145.3,2.3515099999999904,138.24547000000004,2026-06-10 15:25:00,141.53,END_OF_DAY,False,1.1340115100000197,0.48224821922935657,ORB_BOUNDARY
ASHOKLEY,2026-06-11,SELL,2026-06-11 11:15:00,2026-06-11 11:20:00,11:20,138.5307,140.9,138.61,2.289999999999992,139.6757,1.1450000000000102,136.24069999999998,2026-06-11 14:25:00,139.6757,STOP_LOSS,False,-1.4232064000000102,-1.242975021834059,ORB_50PCT
ASHOKLEY,2026-06-11,SELL,2026-06-11 11:15:00,2026-06-11 11:20:00,11:20,138.5307,140.9,138.61,2.289999999999992,140.9,2.3693000000000097,133.79209999999998,2026-06-11 15:25:00,139.01,END_OF_DAY,False,-0.756840699999995,-0.3194364158190149,ORB_BOUNDARY
ASHOKLEY,2026-06-12,BUY,2026-06-12 10:05:00,2026-06-12 10:10:00,10:10,145.4727,145.19,142.7,2.490000000000009,144.2277,1.2450000000000045,147.9627,2026-06-12 13:35:00,147.9627,TARGET,False,2.196564600000009,1.7643089156626515,ORB_50PCT
ASHOKLEY,2026-06-12,BUY,2026-06-12 10:05:00,2026-06-12 10:10:00,10:10,145.4727,145.19,142.7,2.490000000000009,142.7,2.7727000000000146,151.01810000000003,2026-06-12 14:30:00,151.01810000000003,TARGET,False,5.248909200000029,1.8930678400115417,ORB_BOUNDARY
ASHOKLEY,2026-06-15,SELL,2026-06-15 13:00:00,2026-06-15 13:05:00,13:05,158.07092500000002,160.8,158.3,2.5,159.32092500000002,1.25,155.57092500000002,2026-06-15 15:25:00,157.75,END_OF_DAY,False,0.005104075000016806,0.004083260000013444,ORB_50PCT
ASHOKLEY,2026-06-15,SELL,2026-06-15 13:00:00,2026-06-15 13:05:00,13:05,158.07092500000002,160.8,158.3,2.5,160.8,2.7290749999999946,152.61277500000003,2026-06-15 15:25:00,157.75,END_OF_DAY,False,0.005104075000016806,0.0018702582376874273,ORB_BOUNDARY
ASHOKLEY,2026-06-16,SELL,2026-06-16 10:05:00,2026-06-16 10:10:00,10:10,158.78057,160.89,159.0,1.8899999999999864,159.72557,0.9449999999999932,156.89057000000003,2026-06-16 14:10:00,159.72557,STOP_LOSS,False,-1.2635061399999932,-1.3370435343915368,ORB_50PCT
ASHOKLEY,2026-06-16,SELL,2026-06-16 10:05:00,2026-06-16 10:10:00,10:10,158.78057,160.89,159.0,1.8899999999999864,160.89,2.109429999999975,154.56171000000006,2026-06-16 15:25:00,158.4,END_OF_DAY,False,0.06338943000000585,0.03005050179432672,ORB_BOUNDARY
ASHOKLEY,2026-06-18,SELL,2026-06-18 10:35:00,2026-06-18 10:40:00,10:40,157.64114,159.5,157.82,1.6800000000000068,158.48114,0.8400000000000034,155.96114,2026-06-18 14:55:00,158.48114,STOP_LOSS,False,-1.1561222800000035,-1.3763360476190463,ORB_50PCT
ASHOKLEY,2026-06-18,SELL,2026-06-18 10:35:00,2026-06-18 10:40:00,10:40,157.64114,159.5,157.82,1.6800000000000068,159.5,1.8588599999999929,153.92342000000002,2026-06-18 15:25:00,158.3,END_OF_DAY,False,-0.9748011400000043,-0.5244080457915109,ORB_BOUNDARY
ASHOKLEY,2026-06-19,SELL,2026-06-19 09:30:00,2026-06-19 09:35:00,09:35,156.851535,158.18,157.05,1.1299999999999955,157.416535,0.5649999999999977,155.72153500000002,2026-06-19 09:35:00,157.416535,STOP_LOSS,False,-0.8792680699999977,-1.556226672566374,ORB_50PCT
ASHOKLEY,2026-06-19,SELL,2026-06-19 09:30:00,2026-06-19 09:35:00,09:35,156.851535,158.18,157.05,1.1299999999999955,158.18,1.3284649999999942,154.19460500000002,2026-06-19 15:25:00,156.8,END_OF_DAY,False,-0.2621165349999988,-0.19730782143300724,ORB_BOUNDARY
ASHOKLEY,2026-06-22,BUY,2026-06-22 10:00:00,2026-06-22 10:05:00,10:05,157.608765,156.99,155.55,1.4399999999999977,156.888765,0.7199999999999989,159.048765,2026-06-22 10:20:00,156.888765,STOP_LOSS,False,-1.0344975299999988,-1.4368021250000005,ORB_50PCT
ASHOKLEY,2026-06-22,BUY,2026-06-22 10:00:00,2026-06-22 10:05:00,10:05,157.608765,156.99,155.55,1.4399999999999977,155.55,2.058764999999994,161.726295,2026-06-22 15:25:00,157.54,END_OF_DAY,False,-0.38391376500001334,-0.18647770143751932,ORB_BOUNDARY
ASHOKLEY,2026-06-23,SELL,2026-06-23 09:30:00,2026-06-23 09:35:00,09:35,155.57217500000002,157.19,156.35,0.8400000000000034,155.99217500000003,0.4200000000000159,154.73217499999998,2026-06-23 09:35:00,154.73217499999998,TARGET,False,0.5296956500000318,1.261180119047647,ORB_50PCT
ASHOKLEY,2026-06-23,SELL,2026-06-23 09:30:00,2026-06-23 09:35:00,09:35,155.57217500000002,157.19,156.35,0.8400000000000034,157.19,1.617824999999982,152.33652500000005,2026-06-23 11:45:00,152.33652500000005,TARGET,False,2.927741299999964,1.8096773754886941,ORB_BOUNDARY
ASHOKLEY,2026-06-24,BUY,2026-06-24 10:00:00,2026-06-24 10:05:00,10:05,152.48620499999998,151.95,150.8,1.1499999999999773,151.911205,0.5749999999999886,153.63620499999996,2026-06-24 10:25:00,153.63620499999996,TARGET,False,0.8438775899999773,1.4676131999999895,ORB_50PCT
ASHOKLEY,2026-06-24,BUY,2026-06-24 10:00:00,2026-06-24 10:05:00,10:05,152.48620499999998,151.95,150.8,1.1499999999999773,150.8,1.6862049999999726,155.85861499999993,2026-06-24 15:25:00,155.25,END_OF_DAY,False,2.456058795000016,1.4565600238405507,ORB_BOUNDARY
ASHOKLEY,2026-06-25,BUY,2026-06-25 11:25:00,2026-06-25 11:30:00,11:30,160.44018000000003,159.67,156.51,3.1599999999999966,158.86018,1.5800000000000125,163.60018000000005,2026-06-25 15:25:00,161.12,END_OF_DAY,False,0.358259819999978,0.22674672151897163,ORB_50PCT
ASHOKLEY,2026-06-25,BUY,2026-06-25 11:25:00,2026-06-25 11:30:00,11:30,160.44018000000003,159.67,156.51,3.1599999999999966,156.51,3.9301800000000355,168.3005400000001,2026-06-25 15:25:00,161.12,END_OF_DAY,False,0.358259819999978,0.09115608445414072,ORB_BOUNDARY
ASHOKLEY,2026-06-29,SELL,2026-06-29 12:30:00,2026-06-29 12:35:00,12:35,157.02145,160.64,157.15,3.4899999999999807,158.76644999999996,1.7449999999999761,153.53145000000004,2026-06-29 15:25:00,157.75,END_OF_DAY,False,-1.0433214500000125,-0.5978919484240841,ORB_50PCT
ASHOKLEY,2026-06-29,SELL,2026-06-29 12:30:00,2026-06-29 12:35:00,12:35,157.02145,160.64,157.15,3.4899999999999807,160.64,3.618549999999999,149.78435,2026-06-29 15:25:00,157.75,END_OF_DAY,False,-1.0433214500000125,-0.2883258349338859,ORB_BOUNDARY
ASHOKLEY,2026-07-01,BUY,2026-07-01 09:45:00,2026-07-01 09:50:00,09:50,161.590755,161.41,157.89,3.5200000000000102,159.830755,1.759999999999991,165.11075499999998,2026-07-01 10:45:00,159.830755,STOP_LOSS,False,-2.081421509999991,-1.1826258579545463,ORB_50PCT
ASHOKLEY,2026-07-01,BUY,2026-07-01 09:45:00,2026-07-01 09:50:00,09:50,161.590755,161.41,157.89,3.5200000000000102,157.89,3.700755000000015,168.99226500000003,2026-07-01 15:25:00,162.05,END_OF_DAY,False,0.1356042450000099,0.03664231893222041,ORB_BOUNDARY
ASHOKLEY,2026-07-02,BUY,2026-07-02 11:55:00,2026-07-02 12:00:00,12:00,165.12251999999998,164.69,162.62,2.069999999999993,164.08751999999998,1.0349999999999966,167.19251999999997,2026-07-02 12:50:00,164.08751999999998,STOP_LOSS,False,-1.3642100399999966,-1.3180773333333344,ORB_50PCT
ASHOKLEY,2026-07-02,BUY,2026-07-02 11:55:00,2026-07-02 12:00:00,12:00,165.12251999999998,164.69,162.62,2.069999999999993,162.62,2.5025199999999757,170.12755999999993,2026-07-02 15:25:00,164.4,END_OF_DAY,False,-1.0520425199999746,-0.4203932516023787,ORB_BOUNDARY
ASHOKLEY,2026-07-03,BUY,2026-07-03 10:10:00,2026-07-03 10:15:00,10:15,166.32312000000002,166.06,165.1,0.960000000000008,165.84312,0.4800000000000182,167.28312000000005,2026-07-03 10:30:00,167.28312000000005,TARGET,False,0.6263937600000363,1.3049870000000263,ORB_50PCT
ASHOKLEY,2026-07-03,BUY,2026-07-03 10:10:00,2026-07-03 10:15:00,10:15,166.32312000000002,166.06,165.1,0.960000000000008,165.1,1.2231200000000229,168.76936000000006,2026-07-03 14:55:00,165.1,STOP_LOSS,False,-1.554543120000023,-1.2709653345542498,ORB_BOUNDARY
ASHOKLEY,2026-07-06,BUY,2026-07-06 09:45:00,2026-07-06 09:50:00,09:50,164.88240000000002,164.7,162.65,2.049999999999983,163.85740000000004,1.0249999999999773,166.93239999999997,2026-07-06 11:05:00,166.93239999999997,TARGET,False,1.7181851999999544,1.6762782439024317,ORB_50PCT
ASHOKLEY,2026-07-06,BUY,2026-07-06 09:45:00,2026-07-06 09:50:00,09:50,164.88240000000002,164.7,162.65,2.049999999999983,162.65,2.2324000000000126,169.34720000000004,2026-07-06 15:25:00,166.15,END_OF_DAY,False,0.9365675999999874,0.41953395448843495,ORB_BOUNDARY
ASHOKLEY,2026-07-07,SELL,2026-07-07 09:30:00,2026-07-07 09:35:00,09:35,165.667125,167.0,165.83,1.1699999999999875,166.25212499999998,0.5849999999999795,164.49712500000004,2026-07-07 10:50:00,164.49712500000004,TARGET,False,0.839835749999959,1.4356166666666468,ORB_50PCT
ASHOKLEY,2026-07-07,SELL,2026-07-07 09:30:00,2026-07-07 09:35:00,09:35,165.667125,167.0,165.83,1.1699999999999875,167.0,1.3328750000000014,163.001375,2026-07-07 15:25:00,163.86,END_OF_DAY,False,1.477597874999985,1.108579480446391,ORB_BOUNDARY
ASHOKLEY,2026-07-08,BUY,2026-07-08 12:55:00,2026-07-08 13:00:00,13:00,163.48170000000002,162.49,158.45,4.0400000000000205,161.4617,2.0200000000000102,167.52170000000004,2026-07-08 13:45:00,161.4617,STOP_LOSS,False,-2.3449434000000102,-1.16086306930693,ORB_50PCT
ASHOKLEY,2026-07-08,BUY,2026-07-08 12:55:00,2026-07-08 13:00:00,13:00,163.48170000000002,162.49,158.45,4.0400000000000205,158.45,5.031700000000029,173.54510000000008,2026-07-08 14:05:00,158.45,STOP_LOSS,False,-5.3536317000000295,-1.063980702347119,ORB_BOUNDARY
ASHOKLEY,2026-07-09,SELL,2026-07-09 09:55:00,2026-07-09 10:00:00,10:00,157.02145,158.85,157.1,1.75,157.89645,0.875,155.27145,2026-07-09 11:00:00,155.27145,TARGET,False,1.4377071,1.6430938285714285,ORB_50PCT
ASHOKLEY,2026-07-09,SELL,2026-07-09 09:55:00,2026-07-09 10:00:00,10:00,157.02145,158.85,157.1,1.75,158.85,1.828550000000007,153.36434999999997,2026-07-09 15:25:00,155.25,END_OF_DAY,False,1.4591785499999874,0.7979976210658619,ORB_BOUNDARY
ASHOKLEY,2026-07-13,BUY,2026-07-13 09:40:00,2026-07-13 09:45:00,09:45,155.36764499999998,155.1,153.3,1.799999999999983,154.467645,0.8999999999999773,157.16764499999994,2026-07-13 10:20:00,157.16764499999994,TARGET,False,1.4874647099999545,1.6527385666666579,ORB_50PCT
ASHOKLEY,2026-07-13,BUY,2026-07-13 09:40:00,2026-07-13 09:45:00,09:45,155.36764499999998,155.1,153.3,1.799999999999983,153.3,2.0676449999999704,159.50293499999992,2026-07-13 14:45:00,159.50293499999992,TARGET,False,3.820419419999941,1.8477153573268117,ORB_BOUNDARY
ASHOKLEY,2026-07-14,SELL,2026-07-14 09:40:00,2026-07-14 09:45:00,09:45,154.42275,156.9,154.81,2.0900000000000034,155.46775000000002,1.045000000000016,152.33274999999998,2026-07-14 14:15:00,155.46775000000002,STOP_LOSS,False,-1.354890500000016,-1.2965459330143496,ORB_50PCT
ASHOKLEY,2026-07-14,SELL,2026-07-14 09:40:00,2026-07-14 09:45:00,09:45,154.42275,156.9,154.81,2.0900000000000034,156.9,2.477249999999998,149.46825,2026-07-14 15:25:00,155.11,END_OF_DAY,False,-0.9967827500000059,-0.40237470985972623,ORB_BOUNDARY
ASHOKLEY,2026-07-15,BUY,2026-07-15 09:35:00,2026-07-15 09:40:00,09:40,157.648785,157.48,155.75,1.7299999999999898,156.78378500000002,0.8649999999999807,159.37878499999997,2026-07-15 11:20:00,156.78378500000002,STOP_LOSS,False,-1.1794325699999808,-1.3635058612716846,ORB_50PCT
ASHOKLEY,2026-07-15,BUY,2026-07-15 09:35:00,2026-07-15 09:40:00,09:40,157.648785,157.48,155.75,1.7299999999999898,155.75,1.8987850000000037,161.446355,2026-07-15 15:25:00,156.36,END_OF_DAY,False,-1.60279378499999,-0.844115465942688,ORB_BOUNDARY
ASHOKLEY,2026-07-16,SELL,2026-07-16 09:35:00,2026-07-16 09:40:00,09:40,155.792065,157.3,156.15,1.1500000000000057,156.36706500000003,0.575000000000017,154.64206499999997,2026-07-16 09:45:00,156.36706500000003,STOP_LOSS,False,-0.887159130000017,-1.5428854434782446,ORB_50PCT
ASHOKLEY,2026-07-16,SELL,2026-07-16 09:35:00,2026-07-16 09:40:00,09:40,155.792065,157.3,156.15,1.1500000000000057,157.3,1.5079350000000034,152.776195,2026-07-16 09:45:00,157.3,STOP_LOSS,False,-1.8210270650000033,-1.2076296823138923,ORB_BOUNDARY
ASHOKLEY,2026-07-16,BUY,2026-07-16 10:05:00,2026-07-16 10:10:00,10:10,157.55874,157.3,156.15,1.1500000000000057,156.98374,0.5749999999999886,158.70873999999998,2026-07-16 12:35:00,156.98374,STOP_LOSS,False,-0.8895424799999887,-1.547030400000011,ORB_50PCT
ASHOKLEY,2026-07-16,BUY,2026-07-16 10:05:00,2026-07-16 10:10:00,10:10,157.55874,157.3,156.15,1.1500000000000057,156.15,1.4087399999999946,160.37622,2026-07-16 12:40:00,156.15,STOP_LOSS,False,-1.7224487399999946,-1.222687465394609,ORB_BOUNDARY
ASHOKLEY,2026-07-16,SELL,2026-07-16 12:55:00,2026-07-16 13:00:00,13:00,155.46223,157.3,156.15,1.1500000000000057,156.03723000000002,0.575000000000017,154.31222999999997,2026-07-16 15:25:00,154.89,END_OF_DAY,False,0.26187777000001894,0.45543960000001943,ORB_50PCT
ASHOKLEY,2026-07-16,SELL,2026-07-16 12:55:00,2026-07-16 13:00:00,13:00,155.46223,157.3,156.15,1.1500000000000057,157.3,1.8377700000000061,151.78669,2026-07-16 15:25:00,154.89,END_OF_DAY,False,0.26187777000001894,0.14249757586641312,ORB_BOUNDARY
ASHOKLEY,2026-07-17,BUY,2026-07-17 14:20:00,2026-07-17 14:25:00,14:25,155.63778,155.48,154.3,1.1799999999999784,155.04778,0.5900000000000034,156.81778,2026-07-17 15:05:00,155.04778,STOP_LOSS,False,-0.9006855600000034,-1.5265856949152512,ORB_50PCT
ASHOKLEY,2026-07-17,BUY,2026-07-17 14:20:00,2026-07-17 14:25:00,14:25,155.63778,155.48,154.3,1.1799999999999784,154.3,1.3377799999999809,158.31333999999995,2026-07-17 15:25:00,155.4,END_OF_DAY,False,-0.5488177799999865,-0.41024516736682737,ORB_BOUNDARY
ASHOKLEY,2026-07-20,BUY,2026-07-20 13:20:00,2026-07-20 13:25:00,13:25,154.847385,154.49,152.83,1.6599999999999966,154.017385,0.8300000000000125,156.50738500000003,2026-07-20 15:25:00,154.92,END_OF_DAY,False,-0.23715238500001523,-0.285725765060255,ORB_50PCT
ASHOKLEY,2026-07-20,BUY,2026-07-20 13:20:00,2026-07-20 13:25:00,13:25,154.847385,154.49,152.83,1.6599999999999966,152.83,2.01738499999999,158.88215499999998,2026-07-20 15:25:00,154.92,END_OF_DAY,False,-0.23715238500001523,-0.11755435130132146,ORB_BOUNDARY
ASHOKLEY,2026-07-21,SELL,2026-07-21 10:20:00,2026-07-21 10:25:00,10:25,152.9235,155.68,154.04,1.6400000000000148,153.74349999999998,0.8199999999999932,151.2835,2026-07-21 11:05:00,153.74349999999998,STOP_LOSS,False,-1.1266669999999932,-1.3739841463414666,ORB_50PCT
ASHOKLEY,2026-07-21,SELL,2026-07-21 10:20:00,2026-07-21 10:25:00,10:25,152.9235,155.68,154.04,1.6400000000000148,155.68,2.756500000000017,147.41049999999996,2026-07-21 15:25:00,153.81,END_OF_DAY,False,-1.1932335000000123,-0.43287992018864685,ORB_BOUNDARY
ASHOKLEY,2026-07-22,SELL,2026-07-22 09:30:00,2026-07-22 09:35:00,09:35,152.793565,154.75,152.9,1.8499999999999943,153.718565,0.9250000000000114,150.94356499999998,2026-07-22 15:25:00,152.27,END_OF_DAY,False,0.2185014349999907,0.2362177675675546,ORB_50PCT
ASHOKLEY,2026-07-22,SELL,2026-07-22 09:30:00,2026-07-22 09:35:00,09:35,152.793565,154.75,152.9,1.8499999999999943,154.75,1.956434999999999,148.880695,2026-07-22 15:25:00,152.27,END_OF_DAY,False,0.2185014349999907,0.11168346252238935,ORB_BOUNDARY
ASHOKLEY,2026-07-23,BUY,2026-07-23 10:05:00,2026-07-23 10:10:00,10:10,152.826375,152.77,151.1,1.670000000000016,151.991375,0.835000000000008,154.49637500000003,2026-07-23 12:40:00,151.991375,STOP_LOSS,False,-1.139817750000008,-1.365051197604787,ORB_50PCT
ASHOKLEY,2026-07-23,BUY,2026-07-23 10:05:00,2026-07-23 10:10:00,10:10,152.826375,152.77,151.1,1.670000000000016,151.1,1.7263750000000186,156.27912500000005,2026-07-23 13:30:00,151.1,STOP_LOSS,False,-2.0303013750000187,-1.1760488740858717,ORB_BOUNDARY
ASHOKLEY,2026-07-23,SELL,2026-07-23 13:50:00,2026-07-23 13:55:00,13:55,150.994465,152.77,151.1,1.670000000000016,151.829465,0.835000000000008,149.32446499999998,2026-07-23 15:25:00,150.9,END_OF_DAY,False,-0.20742946500001463,-0.248418520958099,ORB_50PCT
ASHOKLEY,2026-07-23,SELL,2026-07-23 13:50:00,2026-07-23 13:55:00,13:55,150.994465,152.77,151.1,1.670000000000016,152.77,1.7755350000000192,147.44339499999995,2026-07-23 15:25:00,150.9,END_OF_DAY,False,-0.20742946500001463,-0.11682645794085297,ORB_BOUNDARY
ASHOKLEY,2026-07-24,SELL,2026-07-24 09:45:00,2026-07-24 09:50:00,09:50,147.556185,150.27,148.31,1.960000000000008,148.536185,0.9799999999999898,145.59618500000002,2026-07-24 10:30:00,148.536185,STOP_LOSS,False,-1.2760923699999898,-1.3021350714285747,ORB_50PCT
ASHOKLEY,2026-07-24,SELL,2026-07-24 09:45:00,2026-07-24 09:50:00,09:50,147.556185,150.27,148.31,1.960000000000008,150.27,2.713815000000011,142.12855499999998,2026-07-24 12:05:00,150.27,STOP_LOSS,False,-3.011641185000011,-1.1097444685802085,ORB_BOUNDARY
ASHOKLEY,2026-07-24,BUY,2026-07-24 12:25:00,2026-07-24 12:30:00,12:30,150.69531,150.27,148.31,1.960000000000008,149.71531,0.9800000000000182,152.65531000000004,2026-07-24 15:25:00,151.2,END_OF_DAY,False,0.2027946899999823,0.20693335714283523,ORB_50PCT
ASHOKLEY,2026-07-24,BUY,2026-07-24 12:25:00,2026-07-24 12:30:00,12:30,150.69531,150.27,148.31,1.960000000000008,148.31,2.385310000000004,155.46593000000001,2026-07-24 15:25:00,151.2,END_OF_DAY,False,0.2027946899999823,0.08501816954608916,ORB_BOUNDARY
ASHOKLEY,2026-07-27,SELL,2026-07-27 09:30:00,2026-07-27 09:35:00,09:35,152.9235,154.2,153.01,1.1899999999999977,153.5185,0.5949999999999989,151.7335,2026-07-27 09:40:00,153.5185,STOP_LOSS,False,-0.9014419999999989,-1.5150285714285725,ORB_50PCT
ASHOKLEY,2026-07-27,SELL,2026-07-27 09:30:00,2026-07-27 09:35:00,09:35,152.9235,154.2,153.01,1.1899999999999977,154.2,1.2764999999999986,150.3705,2026-07-27 13:40:00,154.2,STOP_LOSS,False,-1.5836234999999985,-1.2405981198589895,ORB_BOUNDARY
ASHOKLEY,2026-07-27,BUY,2026-07-27 14:05:00,2026-07-27 14:10:00,14:10,154.507215,154.2,153.01,1.1899999999999977,153.912215,0.5949999999999989,155.697215,2026-07-27 15:25:00,155.1,END_OF_DAY,False,0.28317778499999213,0.47592905042015576,ORB_50PCT
ASHOKLEY,2026-07-27,BUY,2026-07-27 14:05:00,2026-07-27 14:10:00,14:10,154.507215,154.2,153.01,1.1899999999999977,153.01,1.4972150000000113,157.50164500000002,2026-07-27 15:25:00,155.1,END_OF_DAY,False,0.28317778499999213,0.1891363531623648,ORB_BOUNDARY
ASHOKLEY,2026-07-28,SELL,2026-07-28 09:45:00,2026-07-28 09:50:00,09:50,154.34278999999998,155.42,154.55,0.8699999999999761,154.77778999999998,0.4350000000000023,153.47278999999997,2026-07-28 10:25:00,154.77778999999998,STOP_LOSS,False,-0.7441205800000023,-1.710622022988502,ORB_50PCT
ASHOKLEY,2026-07-28,SELL,2026-07-28 09:45:00,2026-07-28 09:50:00,09:50,154.34278999999998,155.42,154.55,0.8699999999999761,155.42,1.077210000000008,152.18836999999996,2026-07-28 10:40:00,155.42,STOP_LOSS,False,-1.386972790000008,-1.2875602621587228,ORB_BOUNDARY
ASHOKLEY,2026-07-28,BUY,2026-07-28 10:55:00,2026-07-28 11:00:00,11:00,155.68780500000003,155.42,154.55,0.8699999999999761,155.25280500000002,0.4350000000000023,156.55780500000003,2026-07-28 11:15:00,156.55780500000003,TARGET,False,0.5577543900000045,1.2821940000000036,ORB_50PCT
ASHOKLEY,2026-07-28,BUY,2026-07-28 10:55:00,2026-07-28 11:00:00,11:00,155.68780500000003,155.42,154.55,0.8699999999999761,154.55,1.1378050000000144,157.96341500000005,2026-07-28 12:10:00,157.96341500000005,TARGET,False,1.9619587800000287,1.7243365778846145,ORB_BOUNDARY
ASHOKLEY,2026-07-29,BUY,2026-07-29 11:00:00,2026-07-29 11:05:00,11:05,158.489205,158.38,156.61,1.7699999999999818,157.604205,0.8849999999999909,160.25920499999998,2026-07-29 15:25:00,157.9,END_OF_DAY,False,-0.9055942049999927,-1.0232702881355955,ORB_50PCT
ASHOKLEY,2026-07-29,BUY,2026-07-29 11:00:00,2026-07-29 11:05:00,11:05,158.489205,158.38,156.61,1.7699999999999818,156.61,1.8792049999999847,162.24761499999997,2026-07-29 15:25:00,157.9,END_OF_DAY,False,-0.9055942049999927,-0.4819028285897494,ORB_BOUNDARY
ASHOKLEY,2026-07-30,SELL,2026-07-30 10:40:00,2026-07-30 10:45:00,10:45,156.12189999999998,157.96,156.26,1.700000000000017,156.9719,0.8500000000000227,154.42189999999994,2026-07-30 11:10:00,156.9719,STOP_LOSS,False,-1.1630938000000226,-1.3683456470588136,ORB_50PCT
ASHOKLEY,2026-07-30,SELL,2026-07-30 10:40:00,2026-07-30 10:45:00,10:45,156.12189999999998,157.96,156.26,1.700000000000017,157.96,1.8381000000000256,152.44569999999993,2026-07-30 15:05:00,157.96,STOP_LOSS,False,-2.1521819000000257,-1.1708731298623556,ORB_BOUNDARY
ASHOKLEY,2026-07-31,BUY,2026-07-31 09:30:00,2026-07-31 09:35:00,09:35,161.60076,161.48,159.17,2.3100000000000023,160.44576,1.1550000000000011,163.91076,2026-07-31 09:45:00,163.91076,TARGET,False,1.9844884800000022,1.7181718441558445,ORB_50PCT
ASHOKLEY,2026-07-31,BUY,2026-07-31 09:30:00,2026-07-31 09:35:00,09:35,161.60076,161.48,159.17,2.3100000000000023,159.17,2.4307600000000207,166.46228000000005,2026-07-31 13:05:00,166.46228000000005,TARGET,False,4.533456960000041,1.8650368444437142,ORB_BOUNDARY
ASHOKLEY,2026-08-03,BUY,2026-08-03 10:50:00,2026-08-03 10:55:00,10:55,172.015965,171.9,169.13,2.7700000000000102,170.630965,1.384999999999991,174.78596499999998,2026-08-03 11:45:00,174.78596499999998,TARGET,False,2.423198069999982,1.749601494584836,ORB_50PCT
ASHOKLEY,2026-08-03,BUY,2026-08-03 10:50:00,2026-08-03 10:55:00,10:55,172.015965,171.9,169.13,2.7700000000000102,169.13,2.885964999999999,177.787895,2026-08-03 15:10:00,174.8,END_OF_DAY,False,2.437219035000017,0.8445074818994749,ORB_BOUNDARY
ASHOKLEY,2026-08-04,SELL,2026-08-04 11:40:00,2026-08-04 11:45:00,11:45,173.203355,175.16,173.32,1.8400000000000034,174.123355,0.9200000000000159,171.36335499999996,2026-08-04 15:10:00,173.46,END_OF_DAY,False,-0.6033083550000202,-0.6557699510869671,ORB_50PCT
ASHOKLEY,2026-08-04,SELL,2026-08-04 11:40:00,2026-08-04 11:45:00,11:45,173.203355,175.16,173.32,1.8400000000000034,175.16,1.9566450000000088,169.29006499999997,2026-08-04 15:10:00,173.46,END_OF_DAY,False,-0.6033083550000202,-0.30833817836143884,ORB_BOUNDARY
ASHOKLEY,2026-08-05,BUY,2026-08-05 10:50:00,2026-08-05 10:55:00,10:55,177.58875,177.13,173.0,4.1299999999999955,175.52375,2.0649999999999977,181.71875,2026-08-05 15:10:00,175.9,END_OF_DAY,False,-2.0422387499999988,-0.9889776029055695,ORB_50PCT
ASHOKLEY,2026-08-05,BUY,2026-08-05 10:50:00,2026-08-05 10:55:00,10:55,177.58875,177.13,173.0,4.1299999999999955,173.0,4.5887500000000045,186.76625,2026-08-05 15:10:00,175.9,END_OF_DAY,False,-2.0422387499999988,-0.44505339144647166,ORB_BOUNDARY
ASHOKLEY,2026-08-06,BUY,2026-08-06 12:35:00,2026-08-06 12:40:00,12:40,177.0885,176.99,175.29,1.700000000000017,176.2385,0.8500000000000227,178.78850000000006,2026-08-06 15:10:00,177.51,END_OF_DAY,False,0.06690149999998046,0.07870764705879844,ORB_50PCT
ASHOKLEY,2026-08-06,BUY,2026-08-06 12:35:00,2026-08-06 12:40:00,12:40,177.0885,176.99,175.29,1.700000000000017,175.29,1.7985000000000184,180.68550000000005,2026-08-06 15:10:00,177.51,END_OF_DAY,False,0.06690149999998046,0.03719849874894622,ORB_BOUNDARY
ASHOKLEY,2026-08-07,BUY,2026-08-07 10:30:00,2026-08-07 10:35:00,10:35,177.58875,177.06,175.52,1.539999999999992,176.81875000000002,0.7699999999999818,179.12874999999997,2026-08-07 11:00:00,176.81875000000002,STOP_LOSS,False,-1.1244074999999818,-1.4602694805194913,ORB_50PCT
ASHOKLEY,2026-08-07,BUY,2026-08-07 10:30:00,2026-08-07 10:35:00,10:35,177.58875,177.06,175.52,1.539999999999992,175.52,2.0687499999999943,181.72625,2026-08-07 11:15:00,175.52,STOP_LOSS,False,-2.4218587499999944,-1.1706870090634447,ORB_BOUNDARY
ASHOKLEY,2026-08-07,BUY,2026-08-07 12:30:00,2026-08-07 12:35:00,12:35,177.38865,177.06,175.52,1.539999999999992,176.61865,0.7700000000000102,178.92865000000003,2026-08-07 14:55:00,176.61865,STOP_LOSS,False,-1.1240073000000101,-1.4597497402597341,ORB_50PCT
ASHOKLEY,2026-08-07,BUY,2026-08-07 12:30:00,2026-08-07 12:35:00,12:35,177.38865,177.06,175.52,1.539999999999992,175.52,1.8686500000000024,181.12595000000002,2026-08-07 15:10:00,177.25,END_OF_DAY,False,-0.4932886500000126,-0.26398129665802156,ORB_BOUNDARY
ASHOKLEY,2026-08-10,BUY,2026-08-10 10:20:00,2026-08-10 10:25:00,10:25,177.78885,177.69,176.0,1.6899999999999977,176.94385,0.8449999999999989,179.47885,2026-08-10 11:40:00,176.94385,STOP_LOSS,False,-1.1997326999999989,-1.4198020118343202,ORB_50PCT
ASHOKLEY,2026-08-10,BUY,2026-08-10 10:20:00,2026-08-10 10:25:00,10:25,177.78885,177.69,176.0,1.6899999999999977,176.0,1.7888499999999965,181.36655,2026-08-10 13:30:00,176.0,STOP_LOSS,False,-2.1426388499999964,-1.197774464041144,ORB_BOUNDARY
ASHOKLEY,2026-08-10,SELL,2026-08-10 14:15:00,2026-08-10 14:20:00,14:20,175.85202999999998,177.69,176.0,1.6899999999999977,176.69702999999998,0.8449999999999989,174.16203,2026-08-10 14:35:00,174.16203,TARGET,False,1.3399859399999978,1.5857821775147924,ORB_50PCT
ASHOKLEY,2026-08-10,SELL,2026-08-10 14:15:00,2026-08-10 14:20:00,14:20,175.85202999999998,177.69,176.0,1.6899999999999977,177.69,1.8379700000000128,172.17608999999996,2026-08-10 15:10:00,174.0,END_OF_DAY,False,1.5021779699999849,0.8173027688155816,ORB_BOUNDARY
ASHOKLEY,2026-08-11,BUY,2026-08-11 09:45:00,2026-08-11 09:50:00,09:50,173.94693,173.61,172.0,1.6100000000000136,173.14193,0.8050000000000068,175.55693000000002,2026-08-11 10:25:00,175.55693000000002,TARGET,False,1.2604961400000136,1.565833714285718,ORB_50PCT
ASHOKLEY,2026-08-11,BUY,2026-08-11 09:45:00,2026-08-11 09:50:00,09:50,173.94693,173.61,172.0,1.6100000000000136,172.0,1.946930000000009,177.84079000000003,2026-08-11 15:10:00,175.31,END_OF_DAY,False,1.0138130699999932,0.5207239448773138,ORB_BOUNDARY
ASHOKLEY,2026-08-13,BUY,2026-08-13 09:30:00,2026-08-13 09:35:00,09:35,181.220565,180.72,176.93,3.789999999999992,179.32556499999998,1.8950000000000102,185.010565,2026-08-13 11:15:00,179.32556499999998,STOP_LOSS,False,-2.25554613000001,-1.1902618100263842,ORB_50PCT
ASHOKLEY,2026-08-13,BUY,2026-08-13 09:30:00,2026-08-13 09:35:00,09:35,181.220565,180.72,176.93,3.789999999999992,176.93,4.290564999999987,189.80169499999997,2026-08-13 15:05:00,176.93,STOP_LOSS,False,-4.6487155649999865,-1.0834739865262504,ORB_BOUNDARY
ASHOKLEY,2026-08-14,BUY,2026-08-14 12:20:00,2026-08-14 12:25:00,12:25,179.28959999999998,178.98,176.6,2.3799999999999955,178.09959999999998,1.1899999999999977,181.66959999999997,2026-08-14 12:40:00,178.09959999999998,STOP_LOSS,False,-1.5473891999999978,-1.30032705882353,ORB_50PCT
ASHOKLEY,2026-08-14,BUY,2026-08-14 12:20:00,2026-08-14 12:25:00,12:25,179.28959999999998,178.98,176.6,2.3799999999999955,176.6,2.6895999999999844,184.66879999999995,2026-08-14 13:15:00,176.6,STOP_LOSS,False,-3.0454895999999843,-1.132320642474718,ORB_BOUNDARY
OLAELEC,2025-08-18,SELL,2025-08-18 09:50:00,2025-08-18 09:55:00,09:55,42.01898,43.03,42.09,0.9399999999999977,42.48898,0.46999999999999886,41.07898,2025-08-18 12:05:00,41.07898,TARGET,False,0.8569020399999977,1.8231958297872335,ORB_50PCT
OLAELEC,2025-08-18,SELL,2025-08-18 09:50:00,2025-08-18 09:55:00,09:55,42.01898,43.03,42.09,0.9399999999999977,43.03,1.011020000000002,39.996939999999995,2025-08-18 15:25:00,41.34,END_OF_DAY,False,0.5956210199999957,0.5891288203991955,ORB_BOUNDARY
OLAELEC,2025-08-19,BUY,2025-08-19 09:30:00,2025-08-19 09:35:00,09:35,44.34216,43.68,41.4,2.280000000000001,43.20216,1.1400000000000006,46.62216,2025-08-19 10:00:00,43.20216,STOP_LOSS,False,-1.2275443200000005,-1.0767932631578947,ORB_50PCT
OLAELEC,2025-08-19,BUY,2025-08-19 09:30:00,2025-08-19 09:35:00,09:35,44.34216,43.68,41.4,2.280000000000001,41.4,2.942160000000001,50.22648,2025-08-19 15:25:00,44.96,END_OF_DAY,False,0.528537840000001,0.17964279305000436,ORB_BOUNDARY
OLAELEC,2025-08-20,BUY,2025-08-20 09:35:00,2025-08-20 09:40:00,09:40,48.44421,48.14,45.4,2.740000000000002,47.074209999999994,1.3700000000000045,51.18421000000001,2025-08-20 10:10:00,51.18421000000001,TARGET,False,2.640371580000009,1.9272785255474454,ORB_50PCT
OLAELEC,2025-08-20,BUY,2025-08-20 09:35:00,2025-08-20 09:40:00,09:40,48.44421,48.14,45.4,2.740000000000002,45.4,3.0442099999999996,54.53263,2025-08-20 15:25:00,53.04,END_OF_DAY,False,4.494305790000001,1.4763455182132645,ORB_BOUNDARY
OLAELEC,2025-08-21,SELL,2025-08-21 09:35:00,2025-08-21 09:40:00,09:40,49.775099999999995,54.6,50.35,4.25,51.900099999999995,2.125,45.525099999999995,2025-08-21 15:25:00,48.75,END_OF_DAY,False,0.9265748999999948,0.4360352470588211,ORB_50PCT
OLAELEC,2025-08-21,SELL,2025-08-21 09:35:00,2025-08-21 09:40:00,09:40,49.775099999999995,54.6,50.35,4.25,54.6,4.824900000000007,40.12529999999998,2025-08-21 15:25:00,48.75,END_OF_DAY,False,0.9265748999999948,0.19204022881303104,ORB_BOUNDARY
OLAELEC,2025-08-22,SELL,2025-08-22 11:50:00,2025-08-22 11:55:00,11:55,47.75611,49.6,48.15,1.4500000000000028,48.48111,0.7250000000000014,46.30611,2025-08-22 15:25:00,46.99,END_OF_DAY,False,0.6713638899999976,0.9260191586206846,ORB_50PCT
OLAELEC,2025-08-22,SELL,2025-08-22 11:50:00,2025-08-22 11:55:00,11:55,47.75611,49.6,48.15,1.4500000000000028,49.6,1.8438900000000018,44.068329999999996,2025-08-22 15:25:00,46.99,END_OF_DAY,False,0.6713638899999976,0.3641019203965513,ORB_BOUNDARY
OLAELEC,2025-08-25,BUY,2025-08-25 09:45:00,2025-08-25 09:50:00,09:50,48.314144999999996,48.15,46.65,1.5,47.564144999999996,0.75,49.814144999999996,2025-08-25 15:25:00,48.45,END_OF_DAY,False,0.0390908550000065,0.05212114000000867,ORB_50PCT
OLAELEC,2025-08-25,BUY,2025-08-25 09:45:00,2025-08-25 09:50:00,09:50,48.314144999999996,48.15,46.65,1.5,46.65,1.6641449999999978,51.64243499999999,2025-08-25 15:25:00,48.45,END_OF_DAY,False,0.0390908550000065,0.02349005345087511,ORB_BOUNDARY
OLAELEC,2025-08-26,BUY,2025-08-26 09:40:00,2025-08-26 09:45:00,09:45,48.86442,48.57,47.81,0.759999999999998,48.48442,0.38000000000000256,49.62442000000001,2025-08-26 09:45:00,49.62442000000001,TARGET,False,0.6615111600000051,1.7408188421052648,ORB_50PCT
OLAELEC,2025-08-26,BUY,2025-08-26 09:40:00,2025-08-26 09:45:00,09:45,48.86442,48.57,47.81,0.759999999999998,47.81,1.0544200000000004,50.97326,2025-08-26 10:05:00,50.97326,TARGET,False,2.009002320000001,1.9053150736898012,ORB_BOUNDARY
OLAELEC,2025-08-26,BUY,2025-08-26 13:55:00,2025-08-26 14:00:00,14:00,50.495235,48.57,47.81,0.759999999999998,50.115235,0.38000000000000256,51.255235000000006,2025-08-26 15:25:00,50.73,END_OF_DAY,False,0.1335397649999959,0.35142043421051317,ORB_50PCT
OLAELEC,2025-08-26,BUY,2025-08-26 13:55:00,2025-08-26 14:00:00,14:00,50.495235,48.57,47.81,0.759999999999998,47.81,2.6852349999999987,55.865705,2025-08-26 15:25:00,50.73,END_OF_DAY,False,0.1335397649999959,0.049731127815627295,ORB_BOUNDARY
OLAELEC,2025-08-28,BUY,2025-08-28 09:30:00,2025-08-28 09:35:00,09:35,52.44621,52.3,51.15,1.1499999999999986,51.871210000000005,0.5749999999999957,53.59620999999999,2025-08-28 09:55:00,51.871210000000005,STOP_LOSS,False,-0.6793174199999957,-1.1814216000000013,ORB_50PCT
OLAELEC,2025-08-28,BUY,2025-08-28 09:30:00,2025-08-28 09:35:00,09:35,52.44621,52.3,51.15,1.1499999999999986,51.15,1.296210000000002,55.038630000000005,2025-08-28 11:00:00,55.038630000000005,TARGET,False,2.484935160000004,1.9170776031661536,ORB_BOUNDARY
OLAELEC,2025-08-29,SELL,2025-08-29 14:40:00,2025-08-29 14:45:00,14:45,53.89304,57.5,54.32,3.1799999999999997,55.48304,1.5900000000000034,50.71303999999999,2025-08-29 15:25:00,54.42,END_OF_DAY,False,-0.6352730400000025,-0.3995427924528309,ORB_50PCT
OLAELEC,2025-08-29,SELL,2025-08-29 14:40:00,2025-08-29 14:45:00,14:45,53.89304,57.5,54.32,3.1799999999999997,57.5,3.606960000000001,46.67912,2025-08-29 15:25:00,54.42,END_OF_DAY,False,-0.6352730400000025,-0.1761242264954428,ORB_BOUNDARY
OLAELEC,2025-09-01,BUY,2025-09-01 09:30:00,2025-09-01 09:35:00,09:35,56.88843,56.75,54.5,2.25,55.76343,1.125,59.13843,2025-09-01 10:45:00,59.13843,TARGET,False,2.13397314,1.8968650133333336,ORB_50PCT
OLAELEC,2025-09-01,BUY,2025-09-01 09:30:00,2025-09-01 09:35:00,09:35,56.88843,56.75,54.5,2.25,54.5,2.3884299999999996,61.66529,2025-09-01 12:45:00,61.66529,TARGET,False,4.658306279999999,1.9503633265366787,ORB_BOUNDARY
OLAELEC,2025-09-02,SELL,2025-09-02 10:00:00,2025-09-02 10:05:00,10:05,61.66915,65.45,62.9,2.5500000000000043,62.94415000000001,1.2750000000000057,59.11914999999999,2025-09-02 10:05:00,62.94415000000001,STOP_LOSS,False,-1.3996133000000057,-1.097735921568627,ORB_50PCT
OLAELEC,2025-09-02,SELL,2025-09-02 10:00:00,2025-09-02 10:05:00,10:05,61.66915,65.45,62.9,2.5500000000000043,65.45,3.780850000000001,54.10745,2025-09-02 15:25:00,62.03,END_OF_DAY,False,-0.4845491499999992,-0.12815878704524092,ORB_BOUNDARY
OLAELEC,2025-09-03,SELL,2025-09-03 09:30:00,2025-09-03 09:35:00,09:35,61.129419999999996,63.7,62.0,1.7000000000000028,61.97942,0.8500000000000014,59.42941999999999,2025-09-03 09:40:00,61.97942,STOP_LOSS,False,-0.9731088400000014,-1.1448339294117644,ORB_50PCT
OLAELEC,2025-09-03,SELL,2025-09-03 09:30:00,2025-09-03 09:35:00,09:35,61.129419999999996,63.7,62.0,1.7000000000000028,63.7,2.5705800000000067,55.98825999999998,2025-09-03 10:15:00,63.7,STOP_LOSS,False,-2.695409420000007,-1.0485607995082822,ORB_BOUNDARY
OLAELEC,2025-09-03,BUY,2025-09-03 10:20:00,2025-09-03 10:25:00,10:25,63.961965,63.7,62.0,1.7000000000000028,63.111965,0.8500000000000014,65.66196500000001,2025-09-03 10:35:00,63.111965,STOP_LOSS,False,-0.9770739300000014,-1.1494987411764703,ORB_50PCT
OLAELEC,2025-09-03,BUY,2025-09-03 10:20:00,2025-09-03 10:25:00,10:25,63.961965,63.7,62.0,1.7000000000000028,62.0,1.9619649999999993,67.885895,2025-09-03 14:15:00,67.885895,TARGET,False,3.7920821400000055,1.932798057049951,ORB_BOUNDARY
OLAELEC,2025-09-04,SELL,2025-09-04 09:30:00,2025-09-04 09:35:00,09:35,68.115925,71.25,68.34,2.9099999999999966,69.570925,1.4549999999999983,65.20592500000001,2025-09-04 10:30:00,65.20592500000001,TARGET,False,2.7766781499999964,1.908369862542955,ORB_50PCT
OLAELEC,2025-09-04,SELL,2025-09-04 09:30:00,2025-09-04 09:35:00,09:35,68.115925,71.25,68.34,2.9099999999999966,71.25,3.1340749999999957,61.84777500000001,2025-09-04 15:25:00,64.49,END_OF_DAY,False,3.4933190750000094,1.1146252323253318,ORB_BOUNDARY
OLAELEC,2025-09-05,SELL,2025-09-05 09:30:00,2025-09-05 09:35:00,09:35,61.229369999999996,64.72,61.52,3.1999999999999957,62.82937,1.6000000000000014,58.02936999999999,2025-09-05 15:25:00,60.21,END_OF_DAY,False,0.897930629999995,0.5612066437499964,ORB_50PCT
OLAELEC,2025-09-05,SELL,2025-09-05 09:30:00,2025-09-05 09:35:00,09:35,61.229369999999996,64.72,61.52,3.1999999999999957,64.72,3.490630000000003,54.24810999999999,2025-09-05 15:25:00,60.21,END_OF_DAY,False,0.897930629999995,0.25724027754302065,ORB_BOUNDARY
OLAELEC,2025-09-08,BUY,2025-09-08 12:10:00,2025-09-08 12:15:00,12:15,63.6318,63.09,60.35,2.740000000000002,62.261799999999994,1.3700000000000045,66.37180000000001,2025-09-08 13:10:00,62.261799999999994,STOP_LOSS,False,-1.4958936000000045,-1.091893138686131,ORB_50PCT
OLAELEC,2025-09-08,BUY,2025-09-08 12:10:00,2025-09-08 12:15:00,12:15,63.6318,63.09,60.35,2.740000000000002,60.35,3.281799999999997,70.19539999999999,2025-09-08 14:50:00,60.35,STOP_LOSS,False,-3.405781799999997,-1.0377785971113413,ORB_BOUNDARY
OLAELEC,2025-09-08,SELL,2025-09-08 14:55:00,2025-09-08 15:00:00,15:00,60.12992,63.09,60.35,2.740000000000002,61.49992,1.3700000000000045,57.38991999999999,2025-09-08 15:25:00,60.37,END_OF_DAY,False,-0.36057991999999894,-0.2631970218978086,ORB_50PCT
OLAELEC,2025-09-08,SELL,2025-09-08 14:55:00,2025-09-08 15:00:00,15:00,60.12992,63.09,60.35,2.740000000000002,63.09,2.960080000000005,54.20975999999999,2025-09-08 15:25:00,60.37,END_OF_DAY,False,-0.36057991999999894,-0.12181424826355988,ORB_BOUNDARY
OLAELEC,2025-09-09,BUY,2025-09-09 09:50:00,2025-09-09 09:55:00,09:55,61.4307,61.0,58.1,2.8999999999999986,59.9807,1.4500000000000028,64.33070000000001,2025-09-09 10:00:00,59.9807,STOP_LOSS,False,-1.5714114000000028,-1.0837319999999997,ORB_50PCT
OLAELEC,2025-09-09,BUY,2025-09-09 09:50:00,2025-09-09 09:55:00,09:55,61.4307,61.0,58.1,2.8999999999999986,58.1,3.3307,68.0921,2025-09-09 10:00:00,58.1,STOP_LOSS,False,-3.4502307,-1.035887561173327,ORB_BOUNDARY
OLAELEC,2025-09-09,BUY,2025-09-09 10:35:00,2025-09-09 10:40:00,10:40,61.180575,61.0,58.1,2.8999999999999986,59.730575,1.4499999999999957,64.08057499999998,2025-09-09 15:05:00,59.730575,STOP_LOSS,False,-1.5709111499999957,-1.0833870000000003,ORB_50PCT
OLAELEC,2025-09-09,BUY,2025-09-09 10:35:00,2025-09-09 10:40:00,10:40,61.180575,61.0,58.1,2.8999999999999986,58.1,3.080574999999996,67.341725,2025-09-09 15:25:00,60.2,END_OF_DAY,False,-1.1019555749999945,-0.3577110036275682,ORB_BOUNDARY
OLAELEC,2025-09-11,SELL,2025-09-11 10:05:00,2025-09-11 10:10:00,10:10,57.87105,59.0,57.9,1.1000000000000014,58.421049999999994,0.5499999999999972,56.77105,2025-09-11 11:50:00,56.77105,TARGET,False,0.9853578999999943,1.791559818181817,ORB_50PCT
OLAELEC,2025-09-11,SELL,2025-09-11 10:05:00,2025-09-11 10:10:00,10:10,57.87105,59.0,57.9,1.1000000000000014,59.0,1.1289500000000032,55.61314999999999,2025-09-11 15:25:00,57.4,END_OF_DAY,False,0.3557789499999982,0.3151414588777157,ORB_BOUNDARY
OLAELEC,2025-09-12,SELL,2025-09-12 09:45:00,2025-09-12 09:50:00,09:50,56.961505,58.44,57.05,1.3900000000000006,57.656505,0.6950000000000003,55.571505,2025-09-12 14:25:00,57.656505,STOP_LOSS,False,-0.8096180100000003,-1.164918,ORB_50PCT
OLAELEC,2025-09-12,SELL,2025-09-12 09:45:00,2025-09-12 09:50:00,09:50,56.961505,58.44,57.05,1.3900000000000006,58.44,1.4784949999999952,54.00451500000001,2025-09-12 14:50:00,58.44,STOP_LOSS,False,-1.5938965049999951,-1.0780533616955081,ORB_BOUNDARY
OLAELEC,2025-09-15,SELL,2025-09-15 10:30:00,2025-09-15 10:35:00,10:35,57.571200000000005,59.2,57.61,1.5900000000000034,58.366200000000006,0.7950000000000017,55.9812,2025-09-15 11:20:00,58.366200000000006,STOP_LOSS,False,-0.9109374000000017,-1.1458332075471696,ORB_50PCT
OLAELEC,2025-09-15,SELL,2025-09-15 10:30:00,2025-09-15 10:35:00,10:35,57.571200000000005,59.2,57.61,1.5900000000000034,59.2,1.6287999999999982,54.31360000000001,2025-09-15 14:50:00,59.2,STOP_LOSS,False,-1.7455711999999983,-1.0716915520628685,ORB_BOUNDARY
OLAELEC,2025-09-17,SELL,2025-09-17 14:30:00,2025-09-17 14:35:00,14:35,58.120925,59.94,58.2,1.7399999999999949,58.990925,0.8699999999999974,56.380925000000005,2025-09-17 15:00:00,58.990925,STOP_LOSS,False,-0.9871118499999975,-1.134611321839081,ORB_50PCT
OLAELEC,2025-09-17,SELL,2025-09-17 14:30:00,2025-09-17 14:35:00,14:35,58.120925,59.94,58.2,1.7399999999999949,59.94,1.819074999999998,54.482775000000004,2025-09-17 15:25:00,58.5,END_OF_DAY,False,-0.49569592500000026,-0.2724988936684858,ORB_BOUNDARY
OLAELEC,2025-09-18,SELL,2025-09-18 09:55:00,2025-09-18 10:00:00,10:00,57.961005,58.81,57.95,0.8599999999999994,58.391005,0.4299999999999997,57.101005,2025-09-18 12:45:00,57.101005,TARGET,False,0.7449379899999994,1.7324139302325579,ORB_50PCT
OLAELEC,2025-09-18,SELL,2025-09-18 09:55:00,2025-09-18 10:00:00,10:00,57.961005,58.81,57.95,0.8599999999999994,58.81,0.8489950000000022,56.263014999999996,2025-09-18 15:25:00,57.6,END_OF_DAY,False,0.2454439949999987,0.28909945877183973,ORB_BOUNDARY
OLAELEC,2025-09-19,BUY,2025-09-19 10:55:00,2025-09-19 11:00:00,11:00,57.878925,57.54,56.5,1.0399999999999991,57.358925,0.5200000000000031,58.91892500000001,2025-09-19 15:25:00,57.5,END_OF_DAY,False,-0.4943039250000024,-0.9505844711538451,ORB_50PCT
OLAELEC,2025-09-19,BUY,2025-09-19 10:55:00,2025-09-19 11:00:00,11:00,57.878925,57.54,56.5,1.0399999999999991,56.5,1.3789250000000024,60.63677500000001,2025-09-19 15:25:00,57.5,END_OF_DAY,False,-0.4943039250000024,-0.35847049331907216,ORB_BOUNDARY
OLAELEC,2025-09-22,SELL,2025-09-22 11:35:00,2025-09-22 11:40:00,11:40,56.87155,57.84,57.0,0.8400000000000034,57.29155,0.4200000000000017,56.031549999999996,2025-09-22 11:50:00,57.29155,STOP_LOSS,False,-0.5341631000000017,-1.2718169047619037,ORB_50PCT
OLAELEC,2025-09-22,SELL,2025-09-22 11:35:00,2025-09-22 11:40:00,11:40,56.87155,57.84,57.0,0.8400000000000034,57.84,0.9684500000000043,54.93464999999999,2025-09-22 15:00:00,57.84,STOP_LOSS,False,-1.0831615500000042,-1.1184486034384837,ORB_BOUNDARY
OLAELEC,2025-09-22,BUY,2025-09-22 15:05:00,2025-09-22 15:10:00,15:10,57.978975000000005,57.84,57.0,0.8400000000000034,57.558975000000004,0.4200000000000017,58.81897500000001,2025-09-22 15:25:00,58.1,END_OF_DAY,False,0.004946024999995927,0.011776249999990253,ORB_50PCT
OLAELEC,2025-09-22,BUY,2025-09-22 15:05:00,2025-09-22 15:10:00,15:10,57.978975000000005,57.84,57.0,0.8400000000000034,57.0,0.9789750000000055,59.936925000000016,2025-09-22 15:25:00,58.1,END_OF_DAY,False,0.004946024999995927,0.00505224852523905,ORB_BOUNDARY
OLAELEC,2025-09-23,BUY,2025-09-23 12:30:00,2025-09-23 12:35:00,12:35,58.729350000000004,58.5,57.6,0.8999999999999986,58.27935000000001,0.44999999999999574,59.629349999999995,2025-09-23 13:50:00,58.27935000000001,STOP_LOSS,False,-0.5670086999999957,-1.2600193333333358,ORB_50PCT
OLAELEC,2025-09-23,BUY,2025-09-23 12:30:00,2025-09-23 12:35:00,12:35,58.729350000000004,58.5,57.6,0.8999999999999986,57.6,1.1293500000000023,60.98805000000001,2025-09-23 15:25:00,58.1,END_OF_DAY,False,-0.7461793500000024,-0.6607157657059378,ORB_BOUNDARY
OLAELEC,2025-09-24,SELL,2025-09-24 09:35:00,2025-09-24 09:40:00,09:40,57.761105,58.6,57.8,0.8000000000000043,58.161105000000006,0.4000000000000057,56.96110499999999,2025-09-24 15:05:00,56.96110499999999,TARGET,False,0.6852777900000113,1.7131944750000039,ORB_50PCT
OLAELEC,2025-09-24,SELL,2025-09-24 09:35:00,2025-09-24 09:40:00,09:40,57.761105,58.6,57.8,0.8000000000000043,58.6,0.8388950000000008,56.083315,2025-09-24 15:25:00,56.65,END_OF_DAY,False,0.996693895000002,1.1881032727576168,ORB_BOUNDARY
OLAELEC,2025-09-25,SELL,2025-09-25 09:30:00,2025-09-25 09:35:00,09:35,56.421775000000004,57.24,56.51,0.730000000000004,56.786775000000006,0.365000000000002,55.691775,2025-09-25 10:40:00,55.691775,TARGET,False,0.617886450000004,1.6928395890410974,ORB_50PCT
OLAELEC,2025-09-25,SELL,2025-09-25 09:30:00,2025-09-25 09:35:00,09:35,56.421775000000004,57.24,56.51,0.730000000000004,57.24,0.8182249999999982,54.78532500000001,2025-09-25 13:45:00,54.78532500000001,TARGET,False,1.5252428999999963,1.8640873842769405,ORB_BOUNDARY
OLAELEC,2025-09-25,SELL,2025-09-25 15:15:00,2025-09-25 15:20:00,15:20,55.67215,57.24,56.51,0.730000000000004,56.037150000000004,0.365000000000002,54.94215,2025-09-25 15:25:00,55.5,END_OF_DAY,False,0.06097785000000201,0.16706260273973064,ORB_50PCT
OLAELEC,2025-09-25,SELL,2025-09-25 15:15:00,2025-09-25 15:20:00,15:20,55.67215,57.24,56.51,0.730000000000004,57.24,1.56785,52.53645,2025-09-25 15:25:00,55.5,END_OF_DAY,False,0.06097785000000201,0.038892655547406965,ORB_BOUNDARY
OLAELEC,2025-09-26,SELL,2025-09-26 13:20:00,2025-09-26 13:25:00,13:25,54.43277,55.4,54.53,0.8699999999999974,54.86776999999999,0.43499999999999517,53.56277000000001,2025-09-26 13:50:00,54.86776999999999,STOP_LOSS,False,-0.5443005399999952,-1.251265609195405,ORB_50PCT
OLAELEC,2025-09-26,SELL,2025-09-26 13:20:00,2025-09-26 13:25:00,13:25,54.43277,55.4,54.53,0.8699999999999974,55.4,0.9672300000000007,52.49831,2025-09-26 15:25:00,54.85,END_OF_DAY,False,-0.5265127700000035,-0.5443511574289498,ORB_BOUNDARY
OLAELEC,2025-09-30,BUY,2025-09-30 09:30:00,2025-09-30 09:35:00,09:35,55.60779,55.4,53.56,1.8399999999999963,54.68779000000001,0.9199999999999946,57.44778999999999,2025-09-30 15:25:00,56.95,END_OF_DAY,False,1.2296522100000014,1.3365784891304442,ORB_50PCT
OLAELEC,2025-09-30,BUY,2025-09-30 09:30:00,2025-09-30 09:35:00,09:35,55.60779,55.4,53.56,1.8399999999999963,53.56,2.047789999999999,59.70337,2025-09-30 15:25:00,56.95,END_OF_DAY,False,1.2296522100000014,0.600477690583508,ORB_BOUNDARY
OLAELEC,2025-10-01,SELL,2025-10-01 09:45:00,2025-10-01 09:50:00,09:50,56.581694999999996,58.65,57.1,1.5499999999999972,57.356694999999995,0.7749999999999986,55.031695,2025-10-01 10:15:00,57.356694999999995,STOP_LOSS,False,-0.8889383899999985,-1.147017277419355,ORB_50PCT
OLAELEC,2025-10-01,SELL,2025-10-01 09:45:00,2025-10-01 09:50:00,09:50,56.581694999999996,58.65,57.1,1.5499999999999972,58.65,2.0683050000000023,52.44508499999999,2025-10-01 15:25:00,55.89,END_OF_DAY,False,0.5792233049999957,0.28004733586197156,ORB_BOUNDARY
OLAELEC,2025-10-03,SELL,2025-10-03 11:55:00,2025-10-03 12:00:00,12:00,54.03297,55.55,54.11,1.4399999999999977,54.75297,0.7199999999999989,52.59297,2025-10-03 15:25:00,54.15,END_OF_DAY,False,-0.22521296999999973,-0.31279579166666677,ORB_50PCT
OLAELEC,2025-10-03,SELL,2025-10-03 11:55:00,2025-10-03 12:00:00,12:00,54.03297,55.55,54.11,1.4399999999999977,55.55,1.5170299999999983,50.99891,2025-10-03 15:25:00,54.15,END_OF_DAY,False,-0.22521296999999973,-0.1484565038265558,ORB_BOUNDARY
OLAELEC,2025-10-06,SELL,2025-10-06 09:30:00,2025-10-06 09:35:00,09:35,52.29384,54.16,52.5,1.6599999999999966,53.12384,0.8299999999999983,50.633840000000006,2025-10-06 09:45:00,53.12384,STOP_LOSS,False,-0.9354176799999983,-1.1270092530120484,ORB_50PCT
OLAELEC,2025-10-06,SELL,2025-10-06 09:30:00,2025-10-06 09:35:00,09:35,52.29384,54.16,52.5,1.6599999999999966,54.16,1.8661599999999936,48.561520000000016,2025-10-06 15:25:00,52.55,END_OF_DAY,False,-0.3610038399999942,-0.19344742144296065,ORB_BOUNDARY
OLAELEC,2025-10-07,BUY,2025-10-07 09:30:00,2025-10-07 09:35:00,09:35,53.966969999999996,53.69,52.51,1.1799999999999997,53.37697,0.5899999999999963,55.14696999999999,2025-10-07 09:40:00,53.37697,STOP_LOSS,False,-0.6973439399999963,-1.1819388813559333,ORB_50PCT
OLAELEC,2025-10-07,BUY,2025-10-07 09:30:00,2025-10-07 09:35:00,09:35,53.966969999999996,53.69,52.51,1.1799999999999997,52.51,1.4569699999999983,56.88090999999999,2025-10-07 14:50:00,52.51,STOP_LOSS,False,-1.5634469699999982,-1.073081099816743,ORB_BOUNDARY
OLAELEC,2025-10-08,SELL,2025-10-08 10:00:00,2025-10-08 10:05:00,10:05,51.974,52.95,52.11,0.8400000000000034,52.394,0.4200000000000017,51.13399999999999,2025-10-08 10:55:00,51.13399999999999,TARGET,False,0.7368920000000034,1.754504761904763,ORB_50PCT
OLAELEC,2025-10-08,SELL,2025-10-08 10:00:00,2025-10-08 10:05:00,10:05,51.974,52.95,52.11,0.8400000000000034,52.95,0.9760000000000062,50.021999999999984,2025-10-08 15:25:00,51.27,END_OF_DAY,False,0.6007559999999935,0.6155286885245796,ORB_BOUNDARY
OLAELEC,2025-10-09,SELL,2025-10-09 09:30:00,2025-10-09 09:35:00,09:35,50.9745,51.65,51.0,0.6499999999999986,51.299499999999995,0.32499999999999574,50.32450000000001,2025-10-09 09:45:00,50.32450000000001,TARGET,False,0.5487009999999914,1.688310769230765,ORB_50PCT
OLAELEC,2025-10-09,SELL,2025-10-09 09:30:00,2025-10-09 09:35:00,09:35,50.9745,51.65,51.0,0.6499999999999986,51.65,0.6754999999999995,49.6235,2025-10-09 10:10:00,49.6235,TARGET,False,1.2504019999999991,1.8510762398223537,ORB_BOUNDARY
OLAELEC,2025-10-09,SELL,2025-10-09 13:00:00,2025-10-09 13:05:00,13:05,50.044965,51.65,51.0,0.6499999999999986,50.36996499999999,0.32499999999999574,49.394965000000006,2025-10-09 13:05:00,50.36996499999999,STOP_LOSS,False,-0.42541492999999575,-1.3089690153846194,ORB_50PCT
OLAELEC,2025-10-09,SELL,2025-10-09 13:00:00,2025-10-09 13:05:00,13:05,50.044965,51.65,51.0,0.6499999999999986,51.65,1.6050350000000009,46.834894999999996,2025-10-09 15:25:00,50.19,END_OF_DAY,False,-0.24526996500000003,-0.1528128452027525,ORB_BOUNDARY
OLAELEC,2025-10-10,SELL,2025-10-10 13:50:00,2025-10-10 13:55:00,13:55,49.745115000000006,50.9,49.8,1.1000000000000014,50.29511500000001,0.5500000000000043,48.645115,2025-10-10 15:25:00,49.8,END_OF_DAY,False,-0.15443011499999165,-0.2807820272727099,ORB_50PCT
OLAELEC,2025-10-10,SELL,2025-10-10 13:50:00,2025-10-10 13:55:00,13:55,49.745115000000006,50.9,49.8,1.1000000000000014,50.9,1.154884999999993,47.43534500000002,2025-10-10 15:25:00,49.8,END_OF_DAY,False,-0.15443011499999165,-0.13371904128981896,ORB_BOUNDARY
OLAELEC,2025-10-13,BUY,2025-10-13 09:45:00,2025-10-13 09:50:00,09:50,49.674825,49.45,48.51,0.9400000000000048,49.204825,0.46999999999999886,50.614824999999996,2025-10-13 10:30:00,49.204825,STOP_LOSS,False,-0.5688796499999988,-1.2103822340425536,ORB_50PCT
OLAELEC,2025-10-13,BUY,2025-10-13 09:45:00,2025-10-13 09:50:00,09:50,49.674825,49.45,48.51,0.9400000000000048,48.51,1.1648250000000004,52.004475,2025-10-13 12:20:00,48.51,STOP_LOSS,False,-1.2630098250000004,-1.084291481553023,ORB_BOUNDARY
OLAELEC,2025-10-13,BUY,2025-10-13 14:50:00,2025-10-13 14:55:00,14:55,49.72485,49.45,48.51,0.9400000000000048,49.254850000000005,0.46999999999999886,50.66485,2025-10-13 14:55:00,49.254850000000005,STOP_LOSS,False,-0.5689796999999989,-1.2105951063829792,ORB_50PCT
OLAELEC,2025-10-13,BUY,2025-10-13 14:50:00,2025-10-13 14:55:00,14:55,49.72485,49.45,48.51,0.9400000000000048,48.51,1.2148500000000055,52.154550000000015,2025-10-13 15:25:00,50.0,END_OF_DAY,False,0.17542514999999645,0.14440066674897778,ORB_BOUNDARY
OLAELEC,2025-10-14,SELL,2025-10-14 09:35:00,2025-10-14 09:40:00,09:40,49.445265,50.6,49.51,1.0900000000000034,49.990265,0.5450000000000017,48.355264999999996,2025-10-14 14:55:00,49.990265,STOP_LOSS,False,-0.6444355300000018,-1.1824505137614674,ORB_50PCT
OLAELEC,2025-10-14,SELL,2025-10-14 09:35:00,2025-10-14 09:40:00,09:40,49.445265,50.6,49.51,1.0900000000000034,50.6,1.1547350000000023,47.135794999999995,2025-10-14 15:25:00,50.0,END_OF_DAY,False,-0.6541802650000008,-0.5665198205648911,ORB_BOUNDARY
OLAELEC,2025-10-15,BUY,2025-10-15 10:05:00,2025-10-15 10:10:00,10:10,51.815895,51.74,50.6,1.1400000000000006,51.245895,0.5700000000000003,52.955895,2025-10-15 15:25:00,52.75,END_OF_DAY,False,0.8295391050000024,1.4553317631578981,ORB_50PCT
OLAELEC,2025-10-15,BUY,2025-10-15 10:05:00,2025-10-15 10:10:00,10:10,51.815895,51.74,50.6,1.1400000000000006,50.6,1.2158949999999962,54.24768499999999,2025-10-15 15:25:00,52.75,END_OF_DAY,False,0.8295391050000024,0.6822456749966116,ORB_BOUNDARY
OLAELEC,2025-10-16,BUY,2025-10-16 10:25:00,2025-10-16 10:30:00,10:30,54.98748,54.4,53.0,1.3999999999999986,54.28748,0.6999999999999957,56.38747999999999,2025-10-16 15:25:00,55.38,END_OF_DAY,False,0.2821525200000046,0.4030750285714376,ORB_50PCT
OLAELEC,2025-10-16,BUY,2025-10-16 10:25:00,2025-10-16 10:30:00,10:30,54.98748,54.4,53.0,1.3999999999999986,53.0,1.987479999999998,58.962439999999994,2025-10-16 15:25:00,55.38,END_OF_DAY,False,0.2821525200000046,0.1419649606536946,ORB_BOUNDARY
OLAELEC,2025-10-20,SELL,2025-10-20 10:00:00,2025-10-20 10:05:00,10:05,54.802585,57.8,55.0,2.799999999999997,56.202585,1.3999999999999986,52.002585,2025-10-20 15:25:00,54.95,END_OF_DAY,False,-0.2571675850000023,-0.18369113214285898,ORB_50PCT
OLAELEC,2025-10-20,SELL,2025-10-20 10:00:00,2025-10-20 10:05:00,10:05,54.802585,57.8,55.0,2.799999999999997,57.8,2.9974149999999966,48.80775500000001,2025-10-20 15:25:00,54.95,END_OF_DAY,False,-0.2571675850000023,-0.08579645627982865,ORB_BOUNDARY
OLAELEC,2025-10-23,SELL,2025-10-23 09:30:00,2025-10-23 09:35:00,09:35,52.223875,53.2,52.58,0.6200000000000045,52.533875,0.3100000000000023,51.603874999999995,2025-10-23 09:55:00,52.533875,STOP_LOSS,False,-0.41475775000000226,-1.337928225806449,ORB_50PCT
OLAELEC,2025-10-23,SELL,2025-10-23 09:30:00,2025-10-23 09:35:00,09:35,52.223875,53.2,52.58,0.6200000000000045,53.2,0.9761250000000032,50.27162499999999,2025-10-23 10:05:00,53.2,STOP_LOSS,False,-1.0815488750000033,-1.108002433090024,ORB_BOUNDARY
OLAELEC,2025-10-23,BUY,2025-10-23 11:40:00,2025-10-23 11:45:00,11:45,53.326649999999994,53.2,52.58,0.6200000000000045,53.01664999999999,0.3100000000000023,53.94665,2025-10-23 12:35:00,53.01664999999999,STOP_LOSS,False,-0.41634330000000225,-1.3430429032258038,ORB_50PCT
OLAELEC,2025-10-23,BUY,2025-10-23 11:40:00,2025-10-23 11:45:00,11:45,53.326649999999994,53.2,52.58,0.6200000000000045,52.58,0.7466499999999954,54.819949999999984,2025-10-23 15:25:00,53.6,END_OF_DAY,False,0.16642335000000774,0.22289339047747778,ORB_BOUNDARY
OLAELEC,2025-10-24,SELL,2025-10-24 10:10:00,2025-10-24 10:15:00,10:15,53.343315,53.96,53.1,0.8599999999999994,53.773315,0.4299999999999997,52.483315,2025-10-24 15:25:00,53.0,END_OF_DAY,False,0.23697168499999693,0.5510969418604583,ORB_50PCT
OLAELEC,2025-10-24,SELL,2025-10-24 10:10:00,2025-10-24 10:15:00,10:15,53.343315,53.96,53.1,0.8599999999999994,53.96,0.6166850000000039,52.10994499999999,2025-10-24 15:25:00,53.0,END_OF_DAY,False,0.23697168499999693,0.3842669839545237,ORB_BOUNDARY
OLAELEC,2025-10-27,SELL,2025-10-27 09:45:00,2025-10-27 09:50:00,09:50,50.924525,52.82,51.25,1.5700000000000003,51.709525,0.7849999999999966,49.35452500000001,2025-10-27 14:30:00,51.709525,STOP_LOSS,False,-0.8876340499999966,-1.1307440127388542,ORB_50PCT
OLAELEC,2025-10-27,SELL,2025-10-27 09:45:00,2025-10-27 09:50:00,09:50,50.924525,52.82,51.25,1.5700000000000003,52.82,1.8954749999999976,47.13357500000001,2025-10-27 15:25:00,51.63,END_OF_DAY,False,-0.8080295249999999,-0.4262939500652876,ORB_BOUNDARY
OLAELEC,2025-10-28,BUY,2025-10-28 11:25:00,2025-10-28 11:30:00,11:30,52.176075,51.97,51.2,0.769999999999996,51.791075,0.384999999999998,52.94607499999999,2025-10-28 13:00:00,52.94607499999999,TARGET,False,0.664877849999996,1.726955454545453,ORB_50PCT
OLAELEC,2025-10-28,BUY,2025-10-28 11:25:00,2025-10-28 11:30:00,11:30,52.176075,51.97,51.2,0.769999999999996,51.2,0.9760749999999945,54.128224999999986,2025-10-28 15:25:00,51.75,END_OF_DAY,False,-0.5300010749999973,-0.542992162487514,ORB_BOUNDARY
OLAELEC,2025-10-29,BUY,2025-10-29 11:25:00,2025-10-29 11:30:00,11:30,52.076024999999994,51.98,51.2,0.779999999999994,51.686025,0.38999999999999346,52.85602499999998,2025-10-29 13:55:00,51.686025,STOP_LOSS,False,-0.49376204999999346,-1.266056538461543,ORB_50PCT
OLAELEC,2025-10-29,BUY,2025-10-29 11:25:00,2025-10-29 11:30:00,11:30,52.076024999999994,51.98,51.2,0.779999999999994,51.2,0.8760249999999914,53.82807499999998,2025-10-29 15:25:00,51.7,END_OF_DAY,False,-0.4798010249999914,-0.5477024342912543,ORB_BOUNDARY
OLAELEC,2025-10-30,BUY,2025-10-30 09:30:00,2025-10-30 09:35:00,09:35,51.515745,51.44,51.0,0.4399999999999977,51.295745000000004,0.21999999999999886,51.955745,2025-10-30 09:40:00,51.295745000000004,STOP_LOSS,False,-0.32281148999999887,-1.467324954545457,ORB_50PCT
OLAELEC,2025-10-30,BUY,2025-10-30 09:30:00,2025-10-30 09:35:00,09:35,51.515745,51.44,51.0,0.4399999999999977,51.0,0.5157450000000026,52.54723500000001,2025-10-30 12:45:00,51.0,STOP_LOSS,False,-0.6182607450000026,-1.1987721548439627,ORB_BOUNDARY
OLAELEC,2025-10-30,SELL,2025-10-30 15:05:00,2025-10-30 15:10:00,15:10,50.904535,51.44,51.0,0.4399999999999977,51.124535,0.21999999999999886,50.464535000000005,2025-10-30 15:25:00,51.0,END_OF_DAY,False,-0.19736953499999726,-0.8971342499999923,ORB_50PCT
OLAELEC,2025-10-30,SELL,2025-10-30 15:05:00,2025-10-30 15:10:00,15:10,50.904535,51.44,51.0,0.4399999999999977,51.44,0.535464999999995,49.83360500000001,2025-10-30 15:25:00,51.0,END_OF_DAY,False,-0.19736953499999726,-0.3685946513777728,ORB_BOUNDARY
OLAELEC,2025-10-31,SELL,2025-10-31 11:00:00,2025-10-31 11:05:00,11:05,50.95451,51.23,50.99,0.23999999999999488,51.07451,0.11999999999999744,50.714510000000004,2025-10-31 11:05:00,50.714510000000004,TARGET,False,0.13833097999999489,1.1527581666666487,ORB_50PCT
OLAELEC,2025-10-31,SELL,2025-10-31 11:00:00,2025-10-31 11:05:00,11:05,50.95451,51.23,50.99,0.23999999999999488,51.23,0.2754899999999978,50.40353,2025-10-31 11:20:00,50.40353,TARGET,False,0.44962195999999555,1.6320808740789108,ORB_BOUNDARY
OLAELEC,2025-10-31,SELL,2025-10-31 13:30:00,2025-10-31 13:35:00,13:35,50.624674999999996,51.23,50.99,0.23999999999999488,50.744674999999994,0.11999999999999744,50.384675,2025-10-31 13:35:00,50.744674999999994,STOP_LOSS,False,-0.22136934999999744,-1.8447445833333513,ORB_50PCT
OLAELEC,2025-10-31,SELL,2025-10-31 13:30:00,2025-10-31 13:35:00,13:35,50.624674999999996,51.23,50.99,0.23999999999999488,51.23,0.6053250000000006,49.414024999999995,2025-10-31 15:25:00,50.23,END_OF_DAY,False,0.29382032499999944,0.48539268161731164,ORB_BOUNDARY
OLAELEC,2025-11-03,BUY,2025-11-03 10:05:00,2025-11-03 10:10:00,10:10,50.025,49.95,48.65,1.3000000000000043,49.375,0.6499999999999986,51.324999999999996,2025-11-03 10:45:00,49.375,STOP_LOSS,False,-0.7493999999999986,-1.1529230769230774,ORB_50PCT
OLAELEC,2025-11-03,BUY,2025-11-03 10:05:00,2025-11-03 10:10:00,10:10,50.025,49.95,48.65,1.3000000000000043,48.65,1.375,52.775,2025-11-03 15:25:00,51.45,END_OF_DAY,False,1.3235250000000043,0.9625636363636395,ORB_BOUNDARY
OLAELEC,2025-11-04,SELL,2025-11-04 10:40:00,2025-11-04 10:45:00,10:45,50.47475,51.27,50.55,0.720000000000006,50.83475,0.35999999999999943,49.75475,2025-11-04 15:25:00,50.06,END_OF_DAY,False,0.31421524999999795,0.8728201388888845,ORB_50PCT
OLAELEC,2025-11-04,SELL,2025-11-04 10:40:00,2025-11-04 10:45:00,10:45,50.47475,51.27,50.55,0.720000000000006,51.27,0.7952500000000029,48.884249999999994,2025-11-04 15:25:00,50.06,END_OF_DAY,False,0.31421524999999795,0.395115058157808,ORB_BOUNDARY
OLAELEC,2025-11-06,SELL,2025-11-06 11:10:00,2025-11-06 11:15:00,11:15,49.025475,50.55,49.06,1.4899999999999949,49.770475,0.7449999999999974,47.535475000000005,2025-11-06 15:25:00,47.65,END_OF_DAY,False,1.2787995250000015,1.7165094295302092,ORB_50PCT
OLAELEC,2025-11-06,SELL,2025-11-06 11:10:00,2025-11-06 11:15:00,11:15,49.025475,50.55,49.06,1.4899999999999949,50.55,1.524524999999997,45.976425000000006,2025-11-06 15:25:00,47.65,END_OF_DAY,False,1.2787995250000015,0.8388183368590243,ORB_BOUNDARY
OLAELEC,2025-11-10,SELL,2025-11-10 11:30:00,2025-11-10 11:35:00,11:35,45.3773,46.45,45.42,1.0300000000000011,45.8923,0.5150000000000006,44.3473,2025-11-10 12:15:00,44.3473,TARGET,False,0.9402754000000011,1.8257774757281555,ORB_50PCT
OLAELEC,2025-11-10,SELL,2025-11-10 11:30:00,2025-11-10 11:35:00,11:35,45.3773,46.45,45.42,1.0300000000000011,46.45,1.0727000000000046,43.23189999999999,2025-11-10 15:25:00,44.45,END_OF_DAY,False,0.8374726999999953,0.7807147385102934,ORB_BOUNDARY
OLAELEC,2025-11-11,SELL,2025-11-11 12:35:00,2025-11-11 12:40:00,12:40,42.068955,43.99,42.29,1.7000000000000028,42.918955000000004,0.8500000000000014,40.368955,2025-11-11 12:45:00,42.918955000000004,STOP_LOSS,False,-0.9349879100000014,-1.099985776470588,ORB_50PCT
OLAELEC,2025-11-11,SELL,2025-11-11 12:35:00,2025-11-11 12:40:00,12:40,42.068955,43.99,42.29,1.7000000000000028,43.99,1.9210449999999994,38.226865000000004,2025-11-11 15:25:00,42.99,END_OF_DAY,False,-1.0061039549999995,-0.5237274269993675,ORB_BOUNDARY
OLAELEC,2025-11-12,SELL,2025-11-12 11:10:00,2025-11-12 11:15:00,11:15,42.968505,44.4,43.02,1.3799999999999955,43.658505,0.6899999999999977,41.588505000000005,2025-11-12 15:20:00,43.658505,STOP_LOSS,False,-0.7766270099999977,-1.1255463913043482,ORB_50PCT
OLAELEC,2025-11-12,SELL,2025-11-12 11:10:00,2025-11-12 11:15:00,11:15,42.968505,44.4,43.02,1.3799999999999955,44.4,1.4314949999999982,40.105515000000004,2025-11-12 15:25:00,43.0,END_OF_DAY,False,-0.11746350499999961,-0.0820565248219517,ORB_BOUNDARY
OLAELEC,2025-11-13,SELL,2025-11-13 09:30:00,2025-11-13 09:35:00,09:35,41.929025,42.99,42.05,0.9400000000000048,42.39902500000001,0.47000000000000597,40.98902499999999,2025-11-13 09:35:00,42.39902500000001,STOP_LOSS,False,-0.554328050000006,-1.179421382978721,ORB_50PCT
OLAELEC,2025-11-13,SELL,2025-11-13 09:30:00,2025-11-13 09:35:00,09:35,41.929025,42.99,42.05,0.9400000000000048,42.99,1.0609749999999991,39.807075000000005,2025-11-13 15:25:00,42.24,END_OF_DAY,False,-0.3951440249999991,-0.3724348123188571,ORB_BOUNDARY
OLAELEC,2025-11-17,SELL,2025-11-17 14:25:00,2025-11-17 14:30:00,14:30,41.75911,42.88,41.81,1.0700000000000003,42.29411,0.5350000000000037,40.68910999999999,2025-11-17 14:45:00,42.29411,STOP_LOSS,False,-0.6190532200000037,-1.1571088224299055,ORB_50PCT
OLAELEC,2025-11-17,SELL,2025-11-17 14:25:00,2025-11-17 14:30:00,14:30,41.75911,42.88,41.81,1.0700000000000003,42.88,1.1208900000000028,39.517329999999994,2025-11-17 15:25:00,42.33,END_OF_DAY,False,-0.6549791099999985,-0.5843384364210554,ORB_BOUNDARY
OLAELEC,2025-11-20,SELL,2025-11-20 09:40:00,2025-11-20 09:45:00,09:45,41.709134999999996,42.0,41.8,0.20000000000000284,41.809135,0.10000000000000142,41.50913499999999,2025-11-20 09:45:00,41.50913499999999,TARGET,False,0.11678173000000285,1.1678173000000118,ORB_50PCT
OLAELEC,2025-11-20,SELL,2025-11-20 09:40:00,2025-11-20 09:45:00,09:45,41.709134999999996,42.0,41.8,0.20000000000000284,42.0,0.2908650000000037,41.12740499999999,2025-11-20 09:50:00,41.12740499999999,TARGET,False,0.49889346000000745,1.715206229694192,ORB_BOUNDARY
OLAELEC,2025-11-20,BUY,2025-11-20 10:55:00,2025-11-20 11:00:00,11:00,42.271125,42.0,41.8,0.20000000000000284,42.171124999999996,0.10000000000000142,42.471125,2025-11-20 11:50:00,42.171124999999996,STOP_LOSS,False,-0.18444225000000142,-1.8444224999999879,ORB_50PCT
OLAELEC,2025-11-20,BUY,2025-11-20 10:55:00,2025-11-20 11:00:00,11:00,42.271125,42.0,41.8,0.20000000000000284,41.8,0.4711250000000007,43.213375,2025-11-20 13:15:00,41.8,STOP_LOSS,False,-0.5551961250000007,-1.1784475988325813,ORB_BOUNDARY
OLAELEC,2025-11-24,SELL,2025-11-24 11:45:00,2025-11-24 11:50:00,11:50,41.3793,42.55,41.4,1.1499999999999986,41.9543,0.5750000000000028,40.229299999999995,2025-11-24 15:25:00,41.25,END_OF_DAY,False,0.046670700000000634,0.0811664347826094,ORB_50PCT
OLAELEC,2025-11-24,SELL,2025-11-24 11:45:00,2025-11-24 11:50:00,11:50,41.3793,42.55,41.4,1.1499999999999986,42.55,1.1706999999999965,39.03790000000001,2025-11-24 15:25:00,41.25,END_OF_DAY,False,0.046670700000000634,0.03986563594430748,ORB_BOUNDARY
OLAELEC,2025-11-26,BUY,2025-11-26 10:20:00,2025-11-26 10:25:00,10:25,41.150565,41.0,40.71,0.28999999999999915,41.005565000000004,0.14499999999999602,41.44056499999999,2025-11-26 10:25:00,41.44056499999999,TARGET,False,0.20740886999999203,1.4304059999999843,ORB_50PCT
OLAELEC,2025-11-26,BUY,2025-11-26 10:20:00,2025-11-26 10:25:00,10:25,41.150565,41.0,40.71,0.28999999999999915,40.71,0.44056499999999943,42.031695,2025-11-26 12:55:00,40.71,STOP_LOSS,False,-0.5224255649999995,-1.185808144087706,ORB_BOUNDARY
OLAELEC,2025-11-26,SELL,2025-11-26 14:05:00,2025-11-26 14:10:00,14:10,40.649665,41.0,40.71,0.28999999999999915,40.794664999999995,0.14499999999999602,40.35966500000001,2025-11-26 14:10:00,40.794664999999995,STOP_LOSS,False,-0.22644432999999603,-1.5616850344827742,ORB_50PCT
OLAELEC,2025-11-26,SELL,2025-11-26 14:05:00,2025-11-26 14:10:00,14:10,40.649665,41.0,40.71,0.28999999999999915,41.0,0.3503350000000012,39.948995,2025-11-26 15:25:00,40.7,END_OF_DAY,False,-0.13168466500000403,-0.3758821271069222,ORB_BOUNDARY
OLAELEC,2025-11-27,BUY,2025-11-27 10:05:00,2025-11-27 10:10:00,10:10,41.290635,40.99,40.5,0.490000000000002,41.045635000000004,0.24499999999999744,41.780635,2025-11-27 11:05:00,41.045635000000004,STOP_LOSS,False,-0.32733626999999743,-1.3360664081632687,ORB_50PCT
OLAELEC,2025-11-27,BUY,2025-11-27 10:05:00,2025-11-27 10:10:00,10:10,41.290635,40.99,40.5,0.490000000000002,40.5,0.7906350000000018,42.871905000000005,2025-11-27 15:25:00,41.7,END_OF_DAY,False,0.3263743650000011,0.4128002997590549,ORB_BOUNDARY
OLAELEC,2025-11-28,SELL,2025-11-28 09:30:00,2025-11-28 09:35:00,09:35,41.25936,41.95,41.15,0.8000000000000043,41.65936000000001,0.4000000000000057,40.45935999999999,2025-11-28 11:40:00,41.65936000000001,STOP_LOSS,False,-0.4829187200000057,-1.207296799999997,ORB_50PCT
OLAELEC,2025-11-28,SELL,2025-11-28 09:30:00,2025-11-28 09:35:00,09:35,41.25936,41.95,41.15,0.8000000000000043,41.95,0.6906400000000019,39.87808,2025-11-28 15:25:00,41.38,END_OF_DAY,False,-0.20327936000000163,-0.29433476195992275,ORB_BOUNDARY
OLAELEC,2025-12-01,SELL,2025-12-01 09:35:00,2025-12-01 09:40:00,09:40,40.599689999999995,41.21,40.7,0.509999999999998,40.85468999999999,0.25499999999999545,40.089690000000004,2025-12-01 10:05:00,40.85468999999999,STOP_LOSS,False,-0.33645437999999545,-1.3194289411764764,ORB_50PCT
OLAELEC,2025-12-01,SELL,2025-12-01 09:35:00,2025-12-01 09:40:00,09:40,40.599689999999995,41.21,40.7,0.509999999999998,41.21,0.6103100000000055,39.379069999999984,2025-12-01 13:45:00,41.21,STOP_LOSS,False,-0.6921196900000055,-1.1340461241008657,ORB_BOUNDARY
OLAELEC,2025-12-01,BUY,2025-12-01 14:00:00,2025-12-01 14:05:00,14:05,41.4207,41.21,40.7,0.509999999999998,41.1657,0.25499999999999545,41.93069999999999,2025-12-01 14:05:00,41.93069999999999,TARGET,False,0.42664859999999094,1.6731317647058768,ORB_50PCT
OLAELEC,2025-12-01,BUY,2025-12-01 14:00:00,2025-12-01 14:05:00,14:05,41.4207,41.21,40.7,0.509999999999998,40.7,0.7206999999999937,42.862099999999984,2025-12-01 14:45:00,40.7,STOP_LOSS,False,-0.8028206999999937,-1.1139457471902328,ORB_BOUNDARY
OLAELEC,2025-12-01,SELL,2025-12-01 14:50:00,2025-12-01 14:55:00,14:55,40.5797,41.21,40.7,0.509999999999998,40.8347,0.25499999999999545,40.06970000000001,2025-12-01 14:55:00,40.8347,STOP_LOSS,False,-0.33641439999999545,-1.3192721568627508,ORB_50PCT
OLAELEC,2025-12-01,SELL,2025-12-01 14:50:00,2025-12-01 14:55:00,14:55,40.5797,41.21,40.7,0.509999999999998,41.21,0.6302999999999983,39.319100000000006,2025-12-01 15:25:00,40.55,END_OF_DAY,False,-0.05142969999999461,-0.08159558940186379,ORB_BOUNDARY
OLAELEC,2025-12-02,SELL,2025-12-02 09:30:00,2025-12-02 09:35:00,09:35,40.47975,41.8,40.7,1.0999999999999943,41.02975,0.5499999999999972,39.37975000000001,2025-12-02 09:45:00,41.02975,STOP_LOSS,False,-0.6315094999999972,-1.1481990909090918,ORB_50PCT
OLAELEC,2025-12-02,SELL,2025-12-02 09:30:00,2025-12-02 09:35:00,09:35,40.47975,41.8,40.7,1.0999999999999943,41.8,1.3202499999999944,37.839250000000014,2025-12-02 15:25:00,40.1,END_OF_DAY,False,0.29917025000000136,0.22660121189168916,ORB_BOUNDARY
OLAELEC,2025-12-03,SELL,2025-12-03 09:30:00,2025-12-03 09:35:00,09:35,39.66016,40.4,39.8,0.6000000000000014,39.96016,0.30000000000000426,39.06015999999999,2025-12-03 09:55:00,39.06015999999999,TARGET,False,0.5212796800000086,1.7375989333333373,ORB_50PCT
OLAELEC,2025-12-03,SELL,2025-12-03 09:30:00,2025-12-03 09:35:00,09:35,39.66016,40.4,39.8,0.6000000000000014,40.4,0.7398400000000009,38.180479999999996,2025-12-03 14:15:00,38.180479999999996,TARGET,False,1.4018393600000019,1.894787197231834,ORB_BOUNDARY
OLAELEC,2025-12-04,SELL,2025-12-04 11:35:00,2025-12-04 11:40:00,11:40,36.271855,38.32,36.36,1.9600000000000009,37.251855000000006,0.980000000000004,34.311854999999994,2025-12-04 15:25:00,36.12,END_OF_DAY,False,0.07946314500000475,0.08108484183673921,ORB_50PCT
OLAELEC,2025-12-04,SELL,2025-12-04 11:35:00,2025-12-04 11:40:00,11:40,36.271855,38.32,36.36,1.9600000000000009,38.32,2.048144999999998,32.175565000000006,2025-12-04 15:25:00,36.12,END_OF_DAY,False,0.07946314500000475,0.03879761686794871,ORB_BOUNDARY
OLAELEC,2025-12-08,SELL,2025-12-08 09:35:00,2025-12-08 09:40:00,09:40,34.88255,36.44,35.11,1.3299999999999983,35.54755,0.6649999999999991,33.552550000000004,2025-12-08 15:25:00,34.41,END_OF_DAY,False,0.40325745000000535,0.6064021804511366,ORB_50PCT
OLAELEC,2025-12-08,SELL,2025-12-08 09:35:00,2025-12-08 09:40:00,09:40,34.88255,36.44,35.11,1.3299999999999983,36.44,1.5574499999999958,31.76765000000001,2025-12-08 15:25:00,34.41,END_OF_DAY,False,0.40325745000000535,0.2589216026196709,ORB_BOUNDARY
OLAELEC,2025-12-09,SELL,2025-12-09 09:55:00,2025-12-09 10:00:00,10:00,33.22338,34.34,33.43,0.9100000000000037,33.678380000000004,0.4550000000000054,32.31337999999999,2025-12-09 10:05:00,33.678380000000004,STOP_LOSS,False,-0.5219017600000054,-1.1470368351648335,ORB_50PCT
OLAELEC,2025-12-09,SELL,2025-12-09 09:55:00,2025-12-09 10:00:00,10:00,33.22338,34.34,33.43,0.9100000000000037,34.34,1.1166200000000046,30.99013999999999,2025-12-09 11:20:00,34.34,STOP_LOSS,False,-1.1841833800000046,-1.0605070480557393,ORB_BOUNDARY
OLAELEC,2025-12-09,BUY,2025-12-09 11:50:00,2025-12-09 11:55:00,11:55,34.487235,34.34,33.43,0.9100000000000037,34.032235,0.4549999999999983,35.397234999999995,2025-12-09 12:40:00,34.032235,STOP_LOSS,False,-0.5235194699999983,-1.1505922417582424,ORB_50PCT
OLAELEC,2025-12-09,BUY,2025-12-09 11:50:00,2025-12-09 11:55:00,11:55,34.487235,34.34,33.43,0.9100000000000037,33.43,1.0572349999999986,36.601704999999995,2025-12-09 15:25:00,34.95,END_OF_DAY,False,0.39332776500000455,0.3720343774090009,ORB_BOUNDARY
OLAELEC,2025-12-10,SELL,2025-12-10 12:40:00,2025-12-10 12:45:00,12:45,34.282849999999996,35.1,34.4,0.7000000000000028,34.63285,0.3500000000000014,33.58284999999999,2025-12-10 15:25:00,34.1,END_OF_DAY,False,0.11446714999999485,0.327048999999984,ORB_50PCT
OLAELEC,2025-12-10,SELL,2025-12-10 12:40:00,2025-12-10 12:45:00,12:45,34.282849999999996,35.1,34.4,0.7000000000000028,35.1,0.8171500000000052,32.648549999999986,2025-12-10 15:25:00,34.1,END_OF_DAY,False,0.11446714999999485,0.14008095208957247,ORB_BOUNDARY
OLAELEC,2025-12-11,BUY,2025-12-11 09:50:00,2025-12-11 09:55:00,09:55,34.307145,34.25,33.82,0.4299999999999997,34.092145,0.2149999999999963,34.73714499999999,2025-12-11 09:55:00,34.092145,STOP_LOSS,False,-0.2833992899999963,-1.318136232558145,ORB_50PCT
OLAELEC,2025-12-11,BUY,2025-12-11 09:50:00,2025-12-11 09:55:00,09:55,34.307145,34.25,33.82,0.4299999999999997,33.82,0.48714499999999816,35.281434999999995,2025-12-11 11:40:00,35.281434999999995,TARGET,False,0.9047014199999963,1.857150170893676,ORB_BOUNDARY
OLAELEC,2025-12-15,SELL,2025-12-15 09:45:00,2025-12-15 09:50:00,09:50,36.20189,36.88,36.23,0.6500000000000057,36.52689,0.32500000000000284,35.55188999999999,2025-12-15 12:30:00,36.52689,STOP_LOSS,False,-0.39772878000000284,-1.2237808615384596,ORB_50PCT
OLAELEC,2025-12-15,SELL,2025-12-15 09:45:00,2025-12-15 09:50:00,09:50,36.20189,36.88,36.23,0.6500000000000057,36.88,0.6781100000000038,34.84566999999999,2025-12-15 14:45:00,36.88,STOP_LOSS,False,-0.7511918900000037,-1.107772912949226,ORB_BOUNDARY
OLAELEC,2025-12-16,SELL,2025-12-16 09:30:00,2025-12-16 09:35:00,09:35,36.411785,37.1,36.61,0.490000000000002,36.656785,0.24499999999999744,35.92178500000001,2025-12-16 09:40:00,35.92178500000001,TARGET,False,0.41766642999999487,1.7047609387755072,ORB_50PCT
OLAELEC,2025-12-16,SELL,2025-12-16 09:30:00,2025-12-16 09:35:00,09:35,36.411785,37.1,36.61,0.490000000000002,37.1,0.6882149999999996,35.035355,2025-12-16 14:15:00,35.035355,TARGET,False,1.304982859999999,1.8961848550235028,ORB_BOUNDARY
OLAELEC,2025-12-17,SELL,2025-12-17 09:40:00,2025-12-17 09:45:00,09:45,33.933025,36.17,34.3,1.8700000000000045,34.868025,0.9350000000000023,32.063024999999996,2025-12-17 15:25:00,32.8,END_OF_DAY,False,1.0662919750000035,1.1404192245989315,ORB_50PCT
OLAELEC,2025-12-17,SELL,2025-12-17 09:40:00,2025-12-17 09:45:00,09:45,33.933025,36.17,34.3,1.8700000000000045,36.17,2.236975000000001,29.459075,2025-12-17 15:25:00,32.8,END_OF_DAY,False,1.0662919750000035,0.4766669162596824,ORB_BOUNDARY
OLAELEC,2025-12-18,SELL,2025-12-18 09:30:00,2025-12-18 09:35:00,09:35,31.654165000000003,33.44,31.82,1.6199999999999974,32.464165,0.8099999999999987,30.034165000000005,2025-12-18 09:45:00,32.464165,STOP_LOSS,False,-0.8741183299999987,-1.0791584320987655,ORB_50PCT
OLAELEC,2025-12-18,SELL,2025-12-18 09:30:00,2025-12-18 09:35:00,09:35,31.654165000000003,33.44,31.82,1.6199999999999974,33.44,1.7858349999999952,28.082495000000012,2025-12-18 15:25:00,31.46,END_OF_DAY,False,0.1310508350000017,0.0733835068749364,ORB_BOUNDARY
OLAELEC,2025-12-19,BUY,2025-12-19 09:30:00,2025-12-19 09:35:00,09:35,33.766875,33.68,32.01,1.6700000000000017,32.931875,0.8350000000000009,35.436875,2025-12-19 15:25:00,34.38,END_OF_DAY,False,0.5449781250000036,0.6526684131736564,ORB_50PCT
OLAELEC,2025-12-19,BUY,2025-12-19 09:30:00,2025-12-19 09:35:00,09:35,33.766875,33.68,32.01,1.6700000000000017,32.01,1.7568750000000009,37.280625,2025-12-19 15:25:00,34.38,END_OF_DAY,False,0.5449781250000036,0.31019743863394,ORB_BOUNDARY
OLAELEC,2025-12-22,BUY,2025-12-22 09:30:00,2025-12-22 09:35:00,09:35,34.827405,34.72,33.3,1.4200000000000017,34.117405,0.7100000000000009,36.247405,2025-12-22 09:50:00,34.117405,STOP_LOSS,False,-0.7789448100000008,-1.097105366197183,ORB_50PCT
OLAELEC,2025-12-22,BUY,2025-12-22 09:30:00,2025-12-22 09:35:00,09:35,34.827405,34.72,33.3,1.4200000000000017,33.3,1.5274050000000017,37.882215,2025-12-22 15:25:00,34.39,END_OF_DAY,False,-0.5066224049999982,-0.33168832431476764,ORB_BOUNDARY
OLAELEC,2025-12-23,BUY,2025-12-23 10:00:00,2025-12-23 10:05:00,10:05,34.737359999999995,34.69,34.17,0.519999999999996,34.47736,0.259999999999998,35.25735999999999,2025-12-23 10:10:00,35.25735999999999,TARGET,False,0.45000527999999607,1.7307895384615366,ORB_50PCT
OLAELEC,2025-12-23,BUY,2025-12-23 10:00:00,2025-12-23 10:05:00,10:05,34.737359999999995,34.69,34.17,0.519999999999996,34.17,0.5673599999999936,35.87207999999998,2025-12-23 10:15:00,35.87207999999998,TARGET,False,1.0641105599999874,1.8755473773265638,ORB_BOUNDARY
OLAELEC,2025-12-23,BUY,2025-12-23 10:40:00,2025-12-23 10:45:00,10:45,35.33766,34.69,34.17,0.519999999999996,35.07766,0.259999999999998,35.857659999999996,2025-12-23 11:15:00,35.07766,STOP_LOSS,False,-0.330415319999998,-1.2708281538461559,ORB_50PCT
OLAELEC,2025-12-23,BUY,2025-12-23 10:40:00,2025-12-23 10:45:00,10:45,35.33766,34.69,34.17,0.519999999999996,34.17,1.167659999999998,37.672979999999995,2025-12-23 15:25:00,34.67,END_OF_DAY,False,-0.737667659999998,-0.6317486768408606,ORB_BOUNDARY
OLAELEC,2025-12-24,SELL,2025-12-24 10:05:00,2025-12-24 10:10:00,10:10,34.84257,35.38,34.86,0.5200000000000031,35.10257,0.259999999999998,34.322570000000006,2025-12-24 11:10:00,35.10257,STOP_LOSS,False,-0.329945139999998,-1.2690197692307714,ORB_50PCT
OLAELEC,2025-12-24,SELL,2025-12-24 10:05:00,2025-12-24 10:10:00,10:10,34.84257,35.38,34.86,0.5200000000000031,35.38,0.5374300000000005,33.76771,2025-12-24 11:15:00,35.38,STOP_LOSS,False,-0.6076525700000005,-1.1306636585229703,ORB_BOUNDARY
OLAELEC,2025-12-24,BUY,2025-12-24 11:20:00,2025-12-24 11:25:00,11:25,35.647815,35.38,34.86,0.5200000000000031,35.387815,0.259999999999998,36.167815,2025-12-24 11:30:00,35.387815,STOP_LOSS,False,-0.331035629999998,-1.2732139615384637,ORB_50PCT
OLAELEC,2025-12-24,BUY,2025-12-24 11:20:00,2025-12-24 11:25:00,11:25,35.647815,35.38,34.86,0.5200000000000031,34.86,0.7878150000000019,37.223445000000005,2025-12-24 15:25:00,35.35,END_OF_DAY,False,-0.36881281499999996,-0.46814647474343474,ORB_BOUNDARY
OLAELEC,2025-12-26,SELL,2025-12-26 11:15:00,2025-12-26 11:20:00,11:20,36.20189,37.25,36.26,0.990000000000002,36.696889999999996,0.49499999999999744,35.211890000000004,2025-12-26 15:25:00,36.12,END_OF_DAY,False,0.00956811000000135,0.01932951515151798,ORB_50PCT
OLAELEC,2025-12-26,SELL,2025-12-26 11:15:00,2025-12-26 11:20:00,11:20,36.20189,37.25,36.26,0.990000000000002,37.25,1.0481100000000012,34.105669999999996,2025-12-26 15:25:00,36.12,END_OF_DAY,False,0.00956811000000135,0.00912891776626627,ORB_BOUNDARY
OLAELEC,2025-12-29,SELL,2025-12-29 10:10:00,2025-12-29 10:15:00,10:15,35.712134999999996,36.43,35.75,0.6799999999999997,36.05213499999999,0.3399999999999963,35.032135000000004,2025-12-29 12:20:00,35.032135000000004,TARGET,False,0.6092557299999926,1.7919286176470564,ORB_50PCT
OLAELEC,2025-12-29,SELL,2025-12-29 10:10:00,2025-12-29 10:15:00,10:15,35.712134999999996,36.43,35.75,0.6799999999999997,36.43,0.7178650000000033,34.27640499999999,2025-12-29 15:25:00,35.48,END_OF_DAY,False,0.16094286499999955,0.22419656202767763,ORB_BOUNDARY
OLAELEC,2025-12-30,BUY,2025-12-30 09:45:00,2025-12-30 09:50:00,09:50,35.827905,35.7,35.33,0.37000000000000455,35.642905,0.18500000000000227,36.197905000000006,2025-12-30 10:35:00,36.197905000000006,TARGET,False,0.2979741900000045,1.6106712972973019,ORB_50PCT
OLAELEC,2025-12-30,BUY,2025-12-30 09:45:00,2025-12-30 09:50:00,09:50,35.827905,35.7,35.33,0.37000000000000455,35.33,0.49790500000000293,36.82371500000001,2025-12-30 15:25:00,36.64,END_OF_DAY,False,0.7396270949999993,1.4854783442624497,ORB_BOUNDARY
OLAELEC,2025-12-31,SELL,2025-12-31 10:45:00,2025-12-31 10:50:00,10:50,36.361810000000006,37.5,36.4,1.1000000000000014,36.91181,0.5499999999999972,35.26181000000001,2025-12-31 15:25:00,36.2,END_OF_DAY,False,0.08924819000000267,0.16226943636364205,ORB_50PCT
OLAELEC,2025-12-31,SELL,2025-12-31 10:45:00,2025-12-31 10:50:00,10:50,36.361810000000006,37.5,36.4,1.1000000000000014,37.5,1.1381899999999945,34.08543000000002,2025-12-31 15:25:00,36.2,END_OF_DAY,False,0.08924819000000267,0.0784123828183371,ORB_BOUNDARY
OLAELEC,2026-01-01,BUY,2026-01-01 09:30:00,2026-01-01 09:35:00,09:35,36.53826,36.48,36.04,0.4399999999999977,36.31826,0.21999999999999886,36.97826,2026-01-01 10:20:00,36.31826,STOP_LOSS,False,-0.29285651999999884,-1.3311660000000016,ORB_50PCT
OLAELEC,2026-01-01,BUY,2026-01-01 09:30:00,2026-01-01 09:35:00,09:35,36.53826,36.48,36.04,0.4399999999999977,36.04,0.4982600000000019,37.534780000000005,2026-01-01 14:15:00,37.534780000000005,TARGET,False,0.9224469600000038,1.8513365712680132,ORB_BOUNDARY
OLAELEC,2026-01-02,BUY,2026-01-02 09:35:00,2026-01-02 09:40:00,09:40,39.269625,39.12,37.72,1.3999999999999986,38.569625,0.6999999999999957,40.66962499999999,2026-01-02 10:00:00,40.66962499999999,TARGET,False,1.3200607499999915,1.8858010714285707,ORB_50PCT
OLAELEC,2026-01-02,BUY,2026-01-02 09:35:00,2026-01-02 09:40:00,09:40,39.269625,39.12,37.72,1.3999999999999986,37.72,1.549624999999999,42.368874999999996,2026-01-02 15:25:00,41.0,END_OF_DAY,False,1.6501053750000023,1.06484173590385,ORB_BOUNDARY
OLAELEC,2026-01-05,SELL,2026-01-05 09:30:00,2026-01-05 09:35:00,09:35,39.770105,41.9,39.85,2.049999999999997,40.795105,1.0249999999999986,37.720105000000004,2026-01-05 09:50:00,40.795105,STOP_LOSS,False,-1.1055652099999986,-1.078600204878049,ORB_50PCT
OLAELEC,2026-01-05,SELL,2026-01-05 09:30:00,2026-01-05 09:35:00,09:35,39.770105,41.9,39.85,2.049999999999997,41.9,2.1298949999999977,35.510315000000006,2026-01-05 10:05:00,41.9,STOP_LOSS,False,-2.211565104999998,-1.0383446625303125,ORB_BOUNDARY
OLAELEC,2026-01-05,BUY,2026-01-05 10:35:00,2026-01-05 10:40:00,10:40,42.121050000000004,41.9,39.85,2.049999999999997,41.096050000000005,1.0249999999999986,44.17105,2026-01-05 12:15:00,44.17105,TARGET,False,1.963707899999997,1.9158125853658534,ORB_50PCT
OLAELEC,2026-01-05,BUY,2026-01-05 10:35:00,2026-01-05 10:40:00,10:40,42.121050000000004,41.9,39.85,2.049999999999997,39.85,2.2710500000000025,46.66315000000001,2026-01-05 15:25:00,44.01,END_OF_DAY,False,1.802818949999994,0.7938261817221074,ORB_BOUNDARY
OLAELEC,2026-01-06,SELL,2026-01-06 09:55:00,2026-01-06 10:00:00,10:00,43.038470000000004,45.87,43.65,2.219999999999999,44.14847,1.1099999999999994,40.818470000000005,2026-01-06 15:05:00,44.14847,STOP_LOSS,False,-1.1971869399999995,-1.078546792792793,ORB_50PCT
OLAELEC,2026-01-06,SELL,2026-01-06 09:55:00,2026-01-06 10:00:00,10:00,43.038470000000004,45.87,43.65,2.219999999999999,45.87,2.8315299999999937,37.37541000000002,2026-01-06 15:25:00,43.16,END_OF_DAY,False,-0.2077284699999928,-0.07336262374051954,ORB_BOUNDARY
OLAELEC,2026-01-07,SELL,2026-01-07 09:55:00,2026-01-07 10:00:00,10:00,42.588695,44.05,42.62,1.4299999999999997,43.303695000000005,0.7150000000000034,41.158694999999994,2026-01-07 15:25:00,42.09,END_OF_DAY,False,0.41401630499999786,0.5790437832167775,ORB_50PCT
OLAELEC,2026-01-07,SELL,2026-01-07 09:55:00,2026-01-07 10:00:00,10:00,42.588695,44.05,42.62,1.4299999999999997,44.05,1.4613049999999959,39.66608500000001,2026-01-07 15:25:00,42.09,END_OF_DAY,False,0.41401630499999786,0.28331957052086937,ORB_BOUNDARY
OLAELEC,2026-01-08,SELL,2026-01-08 09:45:00,2026-01-08 09:50:00,09:50,41.25936,42.24,41.3,0.9400000000000048,41.72936,0.46999999999999886,40.31936,2026-01-08 15:15:00,40.31936,TARGET,False,0.8584212799999977,1.8264282553191484,ORB_50PCT
OLAELEC,2026-01-08,SELL,2026-01-08 09:45:00,2026-01-08 09:50:00,09:50,41.25936,42.24,41.3,0.9400000000000048,42.24,0.9806400000000011,39.29808,2026-01-08 15:25:00,40.3,END_OF_DAY,False,0.8778006400000038,0.8951303638440231,ORB_BOUNDARY
OLAELEC,2026-01-09,SELL,2026-01-09 13:10:00,2026-01-09 13:15:00,13:15,39.490244999999994,41.02,39.52,1.5,40.240244999999994,0.75,37.990244999999994,2026-01-09 15:25:00,39.46,END_OF_DAY,False,-0.048705245000006364,-0.06494032666667515,ORB_50PCT
OLAELEC,2026-01-09,SELL,2026-01-09 13:10:00,2026-01-09 13:15:00,13:15,39.490244999999994,41.02,39.52,1.5,41.02,1.5297550000000086,36.43073499999998,2026-01-09 15:25:00,39.46,END_OF_DAY,False,-0.048705245000006364,-0.031838591800651794,ORB_BOUNDARY
OLAELEC,2026-01-12,BUY,2026-01-12 12:25:00,2026-01-12 12:30:00,12:30,39.849914999999996,39.63,37.9,1.730000000000004,38.984914999999994,0.865000000000002,41.579915,2026-01-12 15:10:00,38.984914999999994,STOP_LOSS,False,-0.943834830000002,-1.0911385317919073,ORB_50PCT
OLAELEC,2026-01-12,BUY,2026-01-12 12:25:00,2026-01-12 12:30:00,12:30,39.849914999999996,39.63,37.9,1.730000000000004,37.9,1.9499149999999972,43.74974499999999,2026-01-12 15:25:00,39.49,END_OF_DAY,False,-0.43925491499999375,-0.22526875017628686,ORB_BOUNDARY
OLAELEC,2026-01-13,SELL,2026-01-13 12:00:00,2026-01-13 12:05:00,12:05,39.46026,40.5,39.6,0.8999999999999986,39.910259999999994,0.44999999999999574,38.56026000000001,2026-01-13 15:25:00,38.56026000000001,TARGET,False,0.8219794799999914,1.826621066666665,ORB_50PCT
OLAELEC,2026-01-13,SELL,2026-01-13 12:00:00,2026-01-13 12:05:00,12:05,39.46026,40.5,39.6,0.8999999999999986,40.5,1.0397400000000019,37.380779999999994,2026-01-13 15:25:00,38.95,END_OF_DAY,False,0.43184973999999526,0.4153439706080313,ORB_BOUNDARY
OLAELEC,2026-01-14,SELL,2026-01-14 09:30:00,2026-01-14 09:35:00,09:35,38.56071,39.1,38.57,0.5300000000000011,38.82571,0.26500000000000057,38.03071,2026-01-14 11:30:00,38.82571,STOP_LOSS,False,-0.3423864200000006,-1.2920242264150938,ORB_50PCT
OLAELEC,2026-01-14,SELL,2026-01-14 09:30:00,2026-01-14 09:35:00,09:35,38.56071,39.1,38.57,0.5300000000000011,39.1,0.5392900000000012,37.48213,2026-01-14 11:35:00,39.1,STOP_LOSS,False,-0.6169507100000011,-1.1440054701552036,ORB_BOUNDARY
OLAELEC,2026-01-14,BUY,2026-01-14 11:50:00,2026-01-14 11:55:00,11:55,39.269625,39.1,38.57,0.5300000000000011,39.004625,0.26500000000000057,39.799625,2026-01-14 12:05:00,39.004625,STOP_LOSS,False,-0.34327425000000056,-1.295374528301886,ORB_50PCT
OLAELEC,2026-01-14,BUY,2026-01-14 11:50:00,2026-01-14 11:55:00,11:55,39.269625,39.1,38.57,0.5300000000000011,38.57,0.6996249999999975,40.66887499999999,2026-01-14 15:15:00,38.57,STOP_LOSS,False,-0.7774646249999975,-1.1112590673575133,ORB_BOUNDARY
OLAELEC,2026-01-16,SELL,2026-01-16 09:30:00,2026-01-16 09:35:00,09:35,38.450765,39.37,38.73,0.6400000000000006,38.770765,0.3200000000000003,37.810764999999996,2026-01-16 11:15:00,37.810764999999996,TARGET,False,0.5637384700000005,1.7616827187500002,ORB_50PCT
OLAELEC,2026-01-16,SELL,2026-01-16 09:30:00,2026-01-16 09:35:00,09:35,38.450765,39.37,38.73,0.6400000000000006,39.37,0.9192350000000005,36.612294999999996,2026-01-16 15:25:00,37.25,END_OF_DAY,False,1.125064234999997,1.2239136183892003,ORB_BOUNDARY
OLAELEC,2026-01-19,SELL,2026-01-19 10:40:00,2026-01-19 10:45:00,10:45,35.832075,37.06,35.94,1.1200000000000045,36.392075000000006,0.5600000000000023,34.712075,2026-01-19 11:30:00,36.392075000000006,STOP_LOSS,False,-0.6322241500000023,-1.128971696428571,ORB_50PCT
OLAELEC,2026-01-19,SELL,2026-01-19 10:40:00,2026-01-19 10:45:00,10:45,35.832075,37.06,35.94,1.1200000000000045,37.06,1.227924999999999,33.376225000000005,2026-01-19 15:25:00,35.69,END_OF_DAY,False,0.0705529250000055,0.05745703117047503,ORB_BOUNDARY
OLAELEC,2026-01-20,SELL,2026-01-20 09:30:00,2026-01-20 09:35:00,09:35,34.462759999999996,35.78,34.5,1.2800000000000011,35.102759999999996,0.6400000000000006,33.182759999999995,2026-01-20 11:10:00,33.182759999999995,TARGET,False,1.2123544800000012,1.8943038750000003,ORB_50PCT
OLAELEC,2026-01-20,SELL,2026-01-20 09:30:00,2026-01-20 09:35:00,09:35,34.462759999999996,35.78,34.5,1.2800000000000011,35.78,1.3172400000000053,31.828279999999985,2026-01-20 15:25:00,32.87,END_OF_DAY,False,1.5254272399999984,1.1580480702073974,ORB_BOUNDARY
OLAELEC,2026-01-21,BUY,2026-01-21 10:05:00,2026-01-21 10:10:00,10:10,33.726855,33.58,32.22,1.3599999999999994,33.046855,0.6799999999999997,35.086855,2026-01-21 10:15:00,33.046855,STOP_LOSS,False,-0.7467737099999997,-1.0981966323529413,ORB_50PCT
OLAELEC,2026-01-21,BUY,2026-01-21 10:05:00,2026-01-21 10:10:00,10:10,33.726855,33.58,32.22,1.3599999999999994,32.22,1.5068550000000016,36.740565000000004,2026-01-21 15:25:00,33.06,END_OF_DAY,False,-0.7336418549999982,-0.4868695760375069,ORB_BOUNDARY
OLAELEC,2026-01-22,SELL,2026-01-22 09:55:00,2026-01-22 10:00:00,10:00,33.12343,33.85,33.2,0.6499999999999986,33.44843,0.32500000000000284,32.47342999999999,2026-01-22 15:25:00,33.08,END_OF_DAY,False,-0.022773429999999248,-0.07007209230768938,ORB_50PCT
OLAELEC,2026-01-22,SELL,2026-01-22 09:55:00,2026-01-22 10:00:00,10:00,33.12343,33.85,33.2,0.6499999999999986,33.85,0.7265700000000024,31.670289999999994,2026-01-22 15:25:00,33.08,END_OF_DAY,False,-0.022773429999999248,-0.0313437521505143,ORB_BOUNDARY
OLAELEC,2026-01-23,SELL,2026-01-23 10:20:00,2026-01-23 10:25:00,10:25,32.633675,33.3,32.7,0.5999999999999943,32.933674999999994,0.29999999999999716,32.033675,2026-01-23 13:45:00,32.033675,TARGET,False,0.5353326499999943,1.7844421666666646,ORB_50PCT
OLAELEC,2026-01-23,SELL,2026-01-23 10:20:00,2026-01-23 10:25:00,10:25,32.633675,33.3,32.7,0.5999999999999943,33.3,0.6663250000000005,31.301024999999996,2026-01-23 15:25:00,32.03,END_OF_DAY,False,0.5390113249999955,0.8089315649270177,ORB_BOUNDARY
OLAELEC,2026-01-27,SELL,2026-01-27 13:35:00,2026-01-27 13:40:00,13:40,30.894545,32.16,30.89,1.269999999999996,31.529545,0.634999999999998,29.624545000000005,2026-01-27 15:15:00,31.529545,STOP_LOSS,False,-0.697424089999998,-1.0983056535433076,ORB_50PCT
OLAELEC,2026-01-27,SELL,2026-01-27 13:35:00,2026-01-27 13:40:00,13:40,30.894545,32.16,30.89,1.269999999999996,32.16,1.2654549999999958,28.36363500000001,2026-01-27 15:25:00,32.16,STOP_LOSS,False,-1.3285095449999957,-1.0498275679498679,ORB_BOUNDARY
OLAELEC,2026-01-28,SELL,2026-01-28 10:25:00,2026-01-28 10:30:00,10:30,31.744120000000002,32.53,31.85,0.6799999999999997,32.08412,0.3399999999999963,31.06412000000001,2026-01-28 11:05:00,32.08412,STOP_LOSS,False,-0.4038282399999963,-1.1877301176470607,ORB_50PCT
OLAELEC,2026-01-28,SELL,2026-01-28 10:25:00,2026-01-28 10:30:00,10:30,31.744120000000002,32.53,31.85,0.6799999999999997,32.53,0.7858799999999988,30.172360000000005,2026-01-28 15:25:00,32.12,END_OF_DAY,False,-0.4397441199999951,-0.5595563190308899,ORB_BOUNDARY
OLAELEC,2026-01-29,SELL,2026-01-29 09:35:00,2026-01-29 09:40:00,09:40,31.72413,32.17,31.77,0.40000000000000213,31.924129999999998,0.1999999999999993,31.32413,2026-01-29 10:45:00,31.32413,TARGET,False,0.3369517399999986,1.684758699999999,ORB_50PCT
OLAELEC,2026-01-29,SELL,2026-01-29 09:35:00,2026-01-29 09:40:00,09:40,31.72413,32.17,31.77,0.40000000000000213,32.17,0.4458700000000029,30.832389999999993,2026-01-29 15:25:00,31.85,END_OF_DAY,False,-0.1894441300000026,-0.42488646915020384,ORB_BOUNDARY
OLAELEC,2026-01-30,BUY,2026-01-30 09:30:00,2026-01-30 09:35:00,09:35,32.606295,32.44,31.4,1.0399999999999991,32.08629500000001,0.519999999999996,33.646294999999995,2026-01-30 13:25:00,32.08629500000001,STOP_LOSS,False,-0.5846925899999961,-1.1244088269230779,ORB_50PCT
OLAELEC,2026-01-30,BUY,2026-01-30 09:30:00,2026-01-30 09:35:00,09:35,32.606295,32.44,31.4,1.0399999999999991,31.4,1.2062950000000043,35.01888500000001,2026-01-30 15:25:00,32.6,END_OF_DAY,False,-0.0715012950000015,-0.059273473735695865,ORB_BOUNDARY
OLAELEC,2026-02-01,SELL,2026-02-01 12:25:00,2026-02-01 12:30:00,12:30,31.614185,32.8,31.82,0.9799999999999969,32.104185,0.490000000000002,30.634184999999995,2026-02-01 12:40:00,32.104185,STOP_LOSS,False,-0.553718370000002,-1.1300374897959178,ORB_50PCT
OLAELEC,2026-02-01,SELL,2026-02-01 12:25:00,2026-02-01 12:30:00,12:30,31.614185,32.8,31.82,0.9799999999999969,32.8,1.185814999999998,29.242555000000003,2026-02-01 15:25:00,31.49,END_OF_DAY,False,0.06108081500000065,0.0515095651513944,ORB_BOUNDARY
OLAELEC,2026-02-02,SELL,2026-02-02 10:20:00,2026-02-02 10:25:00,10:25,31.12443,31.8,31.17,0.629999999999999,31.43943,0.3150000000000013,30.494429999999998,2026-02-02 11:05:00,30.494429999999998,TARGET,False,0.5683811400000025,1.804384571428572,ORB_50PCT
OLAELEC,2026-02-02,SELL,2026-02-02 10:20:00,2026-02-02 10:25:00,10:25,31.12443,31.8,31.17,0.629999999999999,31.8,0.6755700000000004,29.77329,2026-02-02 15:05:00,31.8,STOP_LOSS,False,-0.7384944300000005,-1.0931427239220215,ORB_BOUNDARY
OLAELEC,2026-02-02,BUY,2026-02-02 15:10:00,2026-02-02 15:15:00,15:15,31.91595,31.8,31.17,0.629999999999999,31.600949999999997,0.3150000000000013,32.545950000000005,2026-02-02 15:25:00,31.95,END_OF_DAY,False,-0.029815949999999425,-0.09465380952380731,ORB_50PCT
OLAELEC,2026-02-02,BUY,2026-02-02 15:10:00,2026-02-02 15:15:00,15:15,31.91595,31.8,31.17,0.629999999999999,31.17,0.745949999999997,33.407849999999996,2026-02-02 15:25:00,31.95,END_OF_DAY,False,-0.029815949999999425,-0.03997044037804081,ORB_BOUNDARY
OLAELEC,2026-02-03,SELL,2026-02-03 09:30:00,2026-02-03 09:35:00,09:35,32.033975,33.55,32.09,1.4599999999999937,32.763974999999995,0.7299999999999969,30.573975000000004,2026-02-03 15:25:00,30.98,END_OF_DAY,False,0.9909610249999976,1.357480856164386,ORB_50PCT
OLAELEC,2026-02-03,SELL,2026-02-03 09:30:00,2026-02-03 09:35:00,09:35,32.033975,33.55,32.09,1.4599999999999937,33.55,1.516024999999999,29.001925,2026-02-03 15:25:00,30.98,END_OF_DAY,False,0.9909610249999976,0.6536574429841184,ORB_BOUNDARY
OLAELEC,2026-02-04,BUY,2026-02-04 09:30:00,2026-02-04 09:35:00,09:35,31.505744999999997,31.44,30.75,0.6900000000000013,31.160745,0.34499999999999886,32.195744999999995,2026-02-04 14:15:00,32.195744999999995,TARGET,False,0.6262985099999977,1.8153579999999994,ORB_50PCT
OLAELEC,2026-02-04,BUY,2026-02-04 09:30:00,2026-02-04 09:35:00,09:35,31.505744999999997,31.44,30.75,0.6900000000000013,30.75,0.7557449999999974,33.01723499999999,2026-02-04 15:25:00,32.15,END_OF_DAY,False,0.5805992550000011,0.7682475636623505,ORB_BOUNDARY
OLAELEC,2026-02-05,SELL,2026-02-05 09:35:00,2026-02-05 09:40:00,09:40,31.64417,32.3,31.71,0.5899999999999963,31.939169999999997,0.29499999999999815,31.054170000000003,2026-02-05 15:25:00,31.51,END_OF_DAY,False,0.07101582999999746,0.24073162711863696,ORB_50PCT
OLAELEC,2026-02-05,SELL,2026-02-05 09:35:00,2026-02-05 09:40:00,09:40,31.64417,32.3,31.71,0.5899999999999963,32.3,0.6558299999999981,30.332510000000003,2026-02-05 15:25:00,31.51,END_OF_DAY,False,0.07101582999999746,0.10828389979110084,ORB_BOUNDARY
OLAELEC,2026-02-06,SELL,2026-02-06 09:40:00,2026-02-06 09:45:00,09:45,31.10444,31.59,31.15,0.4400000000000013,31.324440000000003,0.22000000000000242,30.664439999999995,2026-02-06 11:05:00,31.324440000000003,STOP_LOSS,False,-0.28242888000000244,-1.2837676363636334,ORB_50PCT
OLAELEC,2026-02-06,SELL,2026-02-06 09:40:00,2026-02-06 09:45:00,09:45,31.10444,31.59,31.15,0.4400000000000013,31.59,0.48555999999999955,30.13332,2026-02-06 14:20:00,31.59,STOP_LOSS,False,-0.5482544399999996,-1.1291178021253812,ORB_BOUNDARY
OLAELEC,2026-02-06,BUY,2026-02-06 14:55:00,2026-02-06 15:00:00,15:00,31.645815,31.59,31.15,0.4400000000000013,31.425815,0.21999999999999886,32.085815,2026-02-06 15:25:00,31.69,END_OF_DAY,False,-0.019150814999997642,-0.08704915909089883,ORB_50PCT
OLAELEC,2026-02-06,BUY,2026-02-06 14:55:00,2026-02-06 15:00:00,15:00,31.645815,31.59,31.15,0.4400000000000013,31.15,0.49581500000000034,32.637445,2026-02-06 15:25:00,31.69,END_OF_DAY,False,-0.019150814999997642,-0.03862492058529417,ORB_BOUNDARY
OLAELEC,2026-02-10,SELL,2026-02-10 13:20:00,2026-02-10 13:25:00,13:25,31.534225,32.55,31.57,0.9799999999999969,32.024225,0.490000000000002,30.554224999999995,2026-02-10 15:25:00,31.29,END_OF_DAY,False,0.18140077500000013,0.37020566326530485,ORB_50PCT
OLAELEC,2026-02-10,SELL,2026-02-10 13:20:00,2026-02-10 13:25:00,13:25,31.534225,32.55,31.57,0.9799999999999969,32.55,1.0157749999999979,29.502675000000004,2026-02-10 15:25:00,31.29,END_OF_DAY,False,0.18140077500000013,0.17858361841943393,ORB_BOUNDARY
OLAELEC,2026-02-12,SELL,2026-02-12 11:15:00,2026-02-12 11:20:00,11:20,31.154415,31.54,31.18,0.35999999999999943,31.334415,0.17999999999999972,30.794415,2026-02-12 15:15:00,30.794415,TARGET,False,0.2980511699999994,1.6558398333333326,ORB_50PCT
OLAELEC,2026-02-12,SELL,2026-02-12 11:15:00,2026-02-12 11:20:00,11:20,31.154415,31.54,31.18,0.35999999999999943,31.54,0.38558499999999896,30.383245000000002,2026-02-12 15:25:00,30.98,END_OF_DAY,False,0.11228058499999977,0.29119541735285365,ORB_BOUNDARY
OLAELEC,2026-02-13,SELL,2026-02-13 09:30:00,2026-02-13 09:35:00,09:35,30.464760000000002,30.9,30.58,0.3200000000000003,30.624760000000002,0.16000000000000014,30.14476,2026-02-13 09:40:00,30.624760000000002,STOP_LOSS,False,-0.22108952000000015,-1.3818094999999997,ORB_50PCT
OLAELEC,2026-02-13,SELL,2026-02-13 09:30:00,2026-02-13 09:35:00,09:35,30.464760000000002,30.9,30.58,0.3200000000000003,30.9,0.43523999999999674,29.59428000000001,2026-02-13 10:30:00,30.9,STOP_LOSS,False,-0.49660475999999676,-1.1409906258615947,ORB_BOUNDARY
OLAELEC,2026-02-13,BUY,2026-02-13 11:55:00,2026-02-13 12:00:00,12:00,30.955470000000002,30.9,30.58,0.3200000000000003,30.79547,0.16000000000000014,31.275470000000002,2026-02-13 12:05:00,31.275470000000002,TARGET,False,0.25776906000000027,1.6110566250000002,ORB_50PCT
OLAELEC,2026-02-13,BUY,2026-02-13 11:55:00,2026-02-13 12:00:00,12:00,30.955470000000002,30.9,30.58,0.3200000000000003,30.58,0.3754700000000035,31.70641000000001,2026-02-13 15:25:00,30.9,END_OF_DAY,False,-0.11732547000000323,-0.3124762830585723,ORB_BOUNDARY
OLAELEC,2026-02-17,SELL,2026-02-17 09:30:00,2026-02-17 09:35:00,09:35,27.64617,28.69,27.82,0.870000000000001,28.08117,0.4349999999999987,26.776170000000004,2026-02-17 10:00:00,28.08117,STOP_LOSS,False,-0.49072733999999874,-1.1281088275862072,ORB_50PCT
OLAELEC,2026-02-17,SELL,2026-02-17 09:30:00,2026-02-17 09:35:00,09:35,27.64617,28.69,27.82,0.870000000000001,28.69,1.0438299999999998,25.558510000000002,2026-02-17 15:25:00,28.11,END_OF_DAY,False,-0.519586169999998,-0.4977689566308671,ORB_BOUNDARY
OLAELEC,2026-02-19,SELL,2026-02-19 11:15:00,2026-02-19 11:20:00,11:20,27.776104999999998,28.47,27.81,0.6600000000000001,28.106105,0.33000000000000185,27.116104999999994,2026-02-19 15:25:00,27.44,END_OF_DAY,False,0.2808888949999963,0.8511784696969538,ORB_50PCT
OLAELEC,2026-02-19,SELL,2026-02-19 11:15:00,2026-02-19 11:20:00,11:20,27.776104999999998,28.47,27.81,0.6600000000000001,28.47,0.6938950000000013,26.388314999999995,2026-02-19 15:25:00,27.44,END_OF_DAY,False,0.2808888949999963,0.4048002867868997,ORB_BOUNDARY
OLAELEC,2026-02-20,SELL,2026-02-20 13:40:00,2026-02-20 13:45:00,13:45,26.736625,27.38,26.85,0.5299999999999976,27.001624999999997,0.264999999999997,26.206625000000006,2026-02-20 15:25:00,26.44,END_OF_DAY,False,0.2434483749999988,0.918673113207553,ORB_50PCT
OLAELEC,2026-02-20,SELL,2026-02-20 13:40:00,2026-02-20 13:45:00,13:45,26.736625,27.38,26.85,0.5299999999999976,27.38,0.6433749999999989,25.449875000000002,2026-02-20 15:25:00,26.44,END_OF_DAY,False,0.2434483749999988,0.3783926559160664,ORB_BOUNDARY
OLAELEC,2026-02-23,SELL,2026-02-23 09:30:00,2026-02-23 09:35:00,09:35,26.02698,26.58,26.06,0.5199999999999996,26.28698,0.26000000000000156,25.506979999999995,2026-02-23 12:25:00,26.28698,STOP_LOSS,False,-0.31231396000000156,-1.2012075384615373,ORB_50PCT
OLAELEC,2026-02-23,SELL,2026-02-23 09:30:00,2026-02-23 09:35:00,09:35,26.02698,26.58,26.06,0.5199999999999996,26.58,0.5530200000000001,24.920939999999998,2026-02-23 12:35:00,26.58,STOP_LOSS,False,-0.60562698,-1.095126722360855,ORB_BOUNDARY
OLAELEC,2026-02-23,SELL,2026-02-23 13:55:00,2026-02-23 14:00:00,14:00,26.046969999999998,26.58,26.06,0.5199999999999996,26.30697,0.26000000000000156,25.526969999999995,2026-02-23 15:25:00,25.9,END_OF_DAY,False,0.0950230299999996,0.3654731923076886,ORB_50PCT
OLAELEC,2026-02-23,SELL,2026-02-23 13:55:00,2026-02-23 14:00:00,14:00,26.046969999999998,26.58,26.06,0.5199999999999996,26.58,0.5330300000000001,24.980909999999998,2026-02-23 15:25:00,25.9,END_OF_DAY,False,0.0950230299999996,0.17826957206911354,ORB_BOUNDARY
OLAELEC,2026-02-24,SELL,2026-02-24 12:00:00,2026-02-24 12:05:00,12:05,25.457265,26.4,25.5,0.8999999999999986,25.907265,0.4499999999999993,24.557265,2026-02-24 15:25:00,25.25,END_OF_DAY,False,0.1565577349999996,0.34790607777777743,ORB_50PCT
OLAELEC,2026-02-24,SELL,2026-02-24 12:00:00,2026-02-24 12:05:00,12:05,25.457265,26.4,25.5,0.8999999999999986,26.4,0.942734999999999,23.571795,2026-02-24 15:25:00,25.25,END_OF_DAY,False,0.1565577349999996,0.16606759587795059,ORB_BOUNDARY
OLAELEC,2026-02-25,SELL,2026-02-25 09:30:00,2026-02-25 09:35:00,09:35,24.897545,25.4,25.04,0.35999999999999943,25.077545,0.17999999999999972,24.537545,2026-02-25 09:50:00,25.077545,STOP_LOSS,False,-0.22997508999999972,-1.2776393888888893,ORB_50PCT
OLAELEC,2026-02-25,SELL,2026-02-25 09:30:00,2026-02-25 09:35:00,09:35,24.897545,25.4,25.04,0.35999999999999943,25.4,0.5024549999999977,23.892635000000006,2026-02-25 09:55:00,25.4,STOP_LOSS,False,-0.5527525449999977,-1.1001035814152518,ORB_BOUNDARY
OLAELEC,2026-02-25,SELL,2026-02-25 10:10:00,2026-02-25 10:15:00,10:15,24.977504999999997,25.4,25.04,0.35999999999999943,25.157504999999997,0.17999999999999972,24.617504999999998,2026-02-25 10:40:00,25.157504999999997,STOP_LOSS,False,-0.2301350099999997,-1.2785278333333336,ORB_50PCT
OLAELEC,2026-02-25,SELL,2026-02-25 10:10:00,2026-02-25 10:15:00,10:15,24.977504999999997,25.4,25.04,0.35999999999999943,25.4,0.4224950000000014,24.132514999999994,2026-02-25 12:00:00,25.4,STOP_LOSS,False,-0.4728725050000014,-1.1192381093267372,ORB_BOUNDARY
OLAELEC,2026-02-25,BUY,2026-02-25 12:10:00,2026-02-25 12:15:00,12:15,25.632810000000003,25.4,25.04,0.35999999999999943,25.452810000000003,0.17999999999999972,25.992810000000002,2026-02-25 12:30:00,25.452810000000003,STOP_LOSS,False,-0.23108561999999971,-1.2838090000000004,ORB_50PCT
OLAELEC,2026-02-25,BUY,2026-02-25 12:10:00,2026-02-25 12:15:00,12:15,25.632810000000003,25.4,25.04,0.35999999999999943,25.04,0.5928100000000036,26.81843000000001,2026-02-25 15:25:00,25.63,END_OF_DAY,False,-0.05407281000000376,-0.09121440259105519,ORB_BOUNDARY
OLAELEC,2026-02-26,BUY,2026-02-26 09:40:00,2026-02-26 09:45:00,09:45,25.79289,25.61,25.26,0.34999999999999787,25.617890000000003,0.17499999999999716,26.142889999999994,2026-02-26 10:55:00,25.617890000000003,STOP_LOSS,False,-0.22641077999999715,-1.2937758857142905,ORB_50PCT
OLAELEC,2026-02-26,BUY,2026-02-26 09:40:00,2026-02-26 09:45:00,09:45,25.79289,25.61,25.26,0.34999999999999787,25.26,0.5328899999999983,26.858669999999996,2026-02-26 12:30:00,25.26,STOP_LOSS,False,-0.5839428899999983,-1.095803805663458,ORB_BOUNDARY
OLAELEC,2026-02-26,SELL,2026-02-26 12:45:00,2026-02-26 12:50:00,12:50,25.22738,25.61,25.26,0.34999999999999787,25.40238,0.1750000000000007,24.87738,2026-02-26 15:25:00,25.15,END_OF_DAY,False,0.027002620000001552,0.15430068571429395,ORB_50PCT
OLAELEC,2026-02-26,SELL,2026-02-26 12:45:00,2026-02-26 12:50:00,12:50,25.22738,25.61,25.26,0.34999999999999787,25.61,0.3826199999999993,24.46214,2026-02-26 15:25:00,25.15,END_OF_DAY,False,0.027002620000001552,0.07057294443573676,ORB_BOUNDARY
OLAELEC,2026-02-27,BUY,2026-02-27 09:35:00,2026-02-27 09:40:00,09:40,25.272630000000003,25.25,24.78,0.46999999999999886,25.037630000000004,0.23499999999999943,25.742630000000002,2026-02-27 10:15:00,25.037630000000004,STOP_LOSS,False,-0.2853102599999994,-1.214086212765958,ORB_50PCT
OLAELEC,2026-02-27,BUY,2026-02-27 09:35:00,2026-02-27 09:40:00,09:40,25.272630000000003,25.25,24.78,0.46999999999999886,24.78,0.4926300000000019,26.257890000000007,2026-02-27 15:25:00,25.26,END_OF_DAY,False,-0.06316263000000148,-0.12821515133061576,ORB_BOUNDARY
OLAELEC,2026-03-02,BUY,2026-03-02 09:55:00,2026-03-02 10:00:00,10:00,24.55227,24.43,23.82,0.6099999999999994,24.24727,0.3049999999999997,25.16227,2026-03-02 10:45:00,24.24727,STOP_LOSS,False,-0.3537995399999997,-1.1599984918032789,ORB_50PCT
OLAELEC,2026-03-02,BUY,2026-03-02 09:55:00,2026-03-02 10:00:00,10:00,24.55227,24.43,23.82,0.6099999999999994,23.82,0.7322699999999998,26.01681,2026-03-02 12:40:00,23.82,STOP_LOSS,False,-0.7806422699999997,-1.0660579704207465,ORB_BOUNDARY
OLAELEC,2026-03-02,SELL,2026-03-02 13:25:00,2026-03-02 13:30:00,13:30,23.76811,24.43,23.82,0.6099999999999994,24.07311,0.3049999999999997,23.15811,2026-03-02 14:35:00,24.07311,STOP_LOSS,False,-0.35284121999999973,-1.1568564590163937,ORB_50PCT
OLAELEC,2026-03-02,SELL,2026-03-02 13:25:00,2026-03-02 13:30:00,13:30,23.76811,24.43,23.82,0.6099999999999994,24.43,0.6618899999999996,22.44433,2026-03-02 15:25:00,24.43,STOP_LOSS,False,-0.7100881099999996,-1.0728189125081207,ORB_BOUNDARY
OLAELEC,2026-03-04,BUY,2026-03-04 09:30:00,2026-03-04 09:35:00,09:35,24.4122,24.17,23.75,0.4200000000000017,24.202199999999998,0.21000000000000085,24.8322,2026-03-04 09:40:00,24.8322,TARGET,False,0.3707556000000017,1.765502857142858,ORB_50PCT
OLAELEC,2026-03-04,BUY,2026-03-04 09:30:00,2026-03-04 09:35:00,09:35,24.4122,24.17,23.75,0.4200000000000017,23.75,0.6621999999999986,25.736599999999996,2026-03-04 09:40:00,25.736599999999996,TARGET,False,1.274251199999997,1.9242694050135907,ORB_BOUNDARY
OLAELEC,2026-03-04,BUY,2026-03-04 10:05:00,2026-03-04 10:10:00,10:10,25.392689999999998,24.17,23.75,0.4200000000000017,25.182689999999997,0.21000000000000085,25.81269,2026-03-04 10:10:00,25.182689999999997,STOP_LOSS,False,-0.26057538000000086,-1.2408351428571418,ORB_50PCT
OLAELEC,2026-03-04,BUY,2026-03-04 10:05:00,2026-03-04 10:10:00,10:10,25.392689999999998,24.17,23.75,0.4200000000000017,23.75,1.6426899999999982,28.678069999999995,2026-03-04 15:25:00,24.8,END_OF_DAY,False,-0.6428826899999975,-0.39135971485794535,ORB_BOUNDARY
OLAELEC,2026-03-05,SELL,2026-03-05 09:30:00,2026-03-05 09:35:00,09:35,24.687649999999998,25.2,24.73,0.46999999999999886,24.922649999999997,0.23499999999999943,24.21765,2026-03-05 14:10:00,24.21765,TARGET,False,0.4210946999999989,1.7918923404255316,ORB_50PCT
OLAELEC,2026-03-05,SELL,2026-03-05 09:30:00,2026-03-05 09:35:00,09:35,24.687649999999998,25.2,24.73,0.46999999999999886,25.2,0.5123500000000014,23.662949999999995,2026-03-05 15:25:00,24.33,END_OF_DAY,False,0.30863234999999956,0.6023857714452985,ORB_BOUNDARY
OLAELEC,2026-03-06,SELL,2026-03-06 14:55:00,2026-03-06 15:00:00,15:00,24.117935,24.53,24.15,0.38000000000000256,24.307935,0.19000000000000128,23.737934999999997,2026-03-06 15:25:00,24.02,END_OF_DAY,False,0.04979706499999966,0.26208981578947016,ORB_50PCT
OLAELEC,2026-03-06,SELL,2026-03-06 14:55:00,2026-03-06 15:00:00,15:00,24.117935,24.53,24.15,0.38000000000000256,24.53,0.4120650000000019,23.293804999999995,2026-03-06 15:25:00,24.02,END_OF_DAY,False,0.04979706499999966,0.12084759685971735,ORB_BOUNDARY
OLAELEC,2026-03-10,BUY,2026-03-10 10:35:00,2026-03-10 10:40:00,10:40,24.082035,23.83,23.45,0.379999999999999,23.892035,0.19000000000000128,24.462035000000004,2026-03-10 10:45:00,23.892035,STOP_LOSS,False,-0.2379740700000013,-1.2524951052631563,ORB_50PCT
OLAELEC,2026-03-10,BUY,2026-03-10 10:35:00,2026-03-10 10:40:00,10:40,24.082035,23.83,23.45,0.379999999999999,23.45,0.6320350000000019,25.346105000000005,2026-03-10 15:25:00,24.32,END_OF_DAY,False,0.18956296499999908,0.2999247905574826,ORB_BOUNDARY
OLAELEC,2026-03-11,SELL,2026-03-11 15:00:00,2026-03-11 15:05:00,15:05,23.988,25.04,24.22,0.8200000000000003,24.398,0.41000000000000014,23.168,2026-03-11 15:25:00,23.76,END_OF_DAY,False,0.18025199999999797,0.4396390243902388,ORB_50PCT
OLAELEC,2026-03-11,SELL,2026-03-11 15:00:00,2026-03-11 15:05:00,15:05,23.988,25.04,24.22,0.8200000000000003,25.04,1.0519999999999996,21.884,2026-03-11 15:25:00,23.76,END_OF_DAY,False,0.18025199999999797,0.17134220532319205,ORB_BOUNDARY
OLAELEC,2026-03-12,BUY,2026-03-12 11:10:00,2026-03-12 11:15:00,11:15,23.961975,23.89,23.28,0.6099999999999994,23.656975,0.3049999999999997,24.571975,2026-03-12 12:40:00,23.656975,STOP_LOSS,False,-0.3526189499999997,-1.156127704918033,ORB_50PCT
OLAELEC,2026-03-12,BUY,2026-03-12 11:10:00,2026-03-12 11:15:00,11:15,23.961975,23.89,23.28,0.6099999999999994,23.28,0.6819749999999978,25.325924999999994,2026-03-12 15:25:00,23.8,END_OF_DAY,False,-0.20973697499999822,-0.30754349499614925,ORB_BOUNDARY
OLAELEC,2026-03-13,SELL,2026-03-13 09:50:00,2026-03-13 09:55:00,09:55,23.478254999999997,23.8,23.49,0.3100000000000023,23.633255,0.15500000000000114,23.168254999999995,2026-03-13 12:40:00,23.168254999999995,TARGET,False,0.2633534900000023,1.6990547741935507,ORB_50PCT
OLAELEC,2026-03-13,SELL,2026-03-13 09:50:00,2026-03-13 09:55:00,09:55,23.478254999999997,23.8,23.49,0.3100000000000023,23.8,0.3217450000000035,22.83476499999999,2026-03-13 15:25:00,23.06,END_OF_DAY,False,0.3717167449999985,1.155314752365987,ORB_BOUNDARY
OLAELEC,2026-03-16,SELL,2026-03-16 09:55:00,2026-03-16 10:00:00,10:00,22.908540000000002,23.37,22.95,0.4200000000000017,23.118540000000003,0.21000000000000085,22.48854,2026-03-16 10:15:00,22.48854,TARGET,False,0.3746029200000017,1.7838234285714296,ORB_50PCT
OLAELEC,2026-03-16,SELL,2026-03-16 09:55:00,2026-03-16 10:00:00,10:00,22.908540000000002,23.37,22.95,0.4200000000000017,23.37,0.46145999999999887,21.985620000000004,2026-03-16 15:10:00,23.37,STOP_LOSS,False,-0.5077385399999989,-1.1002872188272008,ORB_BOUNDARY
OLAELEC,2026-03-17,SELL,2026-03-17 15:00:00,2026-03-17 15:05:00,15:05,23.618185,24.18,23.71,0.46999999999999886,23.853185,0.23499999999999943,23.148185,2026-03-17 15:25:00,23.58,END_OF_DAY,False,-0.009013184999997863,-0.03835397872339525,ORB_50PCT
OLAELEC,2026-03-17,SELL,2026-03-17 15:00:00,2026-03-17 15:05:00,15:05,23.618185,24.18,23.71,0.46999999999999886,24.18,0.5618149999999993,22.494555000000002,2026-03-17 15:25:00,23.58,END_OF_DAY,False,-0.009013184999997863,-0.01604297678060905,ORB_BOUNDARY
OLAELEC,2026-03-18,BUY,2026-03-18 09:40:00,2026-03-18 09:45:00,09:45,24.262125,24.04,23.62,0.41999999999999815,24.052125000000004,0.2099999999999973,24.682124999999996,2026-03-18 09:45:00,24.682124999999996,TARGET,False,0.3710557499999946,1.7669321428571398,ORB_50PCT
OLAELEC,2026-03-18,BUY,2026-03-18 09:40:00,2026-03-18 09:45:00,09:45,24.262125,24.04,23.62,0.41999999999999815,23.62,0.6421250000000001,25.546375,2026-03-18 15:25:00,24.75,END_OF_DAY,False,0.43886287499999893,0.683453961456101,ORB_BOUNDARY
OLAELEC,2026-03-19,SELL,2026-03-19 11:20:00,2026-03-19 11:25:00,11:25,23.978005,24.46,24.03,0.4299999999999997,24.193005,0.21499999999999986,23.548005,2026-03-19 14:50:00,23.548005,TARGET,False,0.3824739899999997,1.7789487906976742,ORB_50PCT
OLAELEC,2026-03-19,SELL,2026-03-19 11:20:00,2026-03-19 11:25:00,11:25,23.978005,24.46,24.03,0.4299999999999997,24.46,0.4819950000000013,23.014014999999997,2026-03-19 15:25:00,23.55,END_OF_DAY,False,0.3804769949999989,0.7893795475056751,ORB_BOUNDARY
OLAELEC,2026-03-20,SELL,2026-03-20 09:40:00,2026-03-20 09:45:00,09:45,23.62818,24.0,23.67,0.3299999999999983,23.79318,0.16499999999999915,23.298180000000002,2026-03-20 10:45:00,23.79318,STOP_LOSS,False,-0.21242135999999914,-1.2874021818181833,ORB_50PCT
OLAELEC,2026-03-20,SELL,2026-03-20 09:40:00,2026-03-20 09:45:00,09:45,23.62818,24.0,23.67,0.3299999999999983,24.0,0.3718199999999996,22.88454,2026-03-20 11:30:00,24.0,STOP_LOSS,False,-0.4194481799999996,-1.1280947232531873,ORB_BOUNDARY
OLAELEC,2026-03-20,SELL,2026-03-20 12:15:00,2026-03-20 12:20:00,12:20,23.64817,24.0,23.67,0.3299999999999983,23.81317,0.16499999999999915,23.318170000000002,2026-03-20 15:00:00,23.81317,STOP_LOSS,False,-0.21246133999999914,-1.2876444848484863,ORB_50PCT
OLAELEC,2026-03-20,SELL,2026-03-20 12:15:00,2026-03-20 12:20:00,12:20,23.64817,24.0,23.67,0.3299999999999983,24.0,0.35182999999999964,22.94451,2026-03-20 15:00:00,24.0,STOP_LOSS,False,-0.39947816999999963,-1.1354295256231703,ORB_BOUNDARY
OLAELEC,2026-03-23,SELL,2026-03-23 09:50:00,2026-03-23 09:55:00,09:55,23.988,24.5,24.06,0.4400000000000013,24.208,0.21999999999999886,23.548000000000002,2026-03-23 10:55:00,23.548000000000002,TARGET,False,0.3924639999999977,1.7839272727272715,ORB_50PCT
OLAELEC,2026-03-23,SELL,2026-03-23 09:50:00,2026-03-23 09:55:00,09:55,23.988,24.5,24.06,0.4400000000000013,24.5,0.5120000000000005,22.964,2026-03-23 15:25:00,23.2,END_OF_DAY,False,0.7408120000000002,1.4468984374999991,ORB_BOUNDARY
OLAELEC,2026-03-24,SELL,2026-03-24 09:55:00,2026-03-24 10:00:00,10:00,23.518235,24.0,23.55,0.4499999999999993,23.743235,0.22499999999999787,23.068235000000005,2026-03-24 15:25:00,23.2,END_OF_DAY,False,0.2715167650000014,1.2067411777777954,ORB_50PCT
OLAELEC,2026-03-24,SELL,2026-03-24 09:55:00,2026-03-24 10:00:00,10:00,23.518235,24.0,23.55,0.4499999999999993,24.0,0.48176499999999933,22.554705000000002,2026-03-24 15:25:00,23.2,END_OF_DAY,False,0.2715167650000014,0.5635875686278616,ORB_BOUNDARY
OLAELEC,2026-03-25,BUY,2026-03-25 09:30:00,2026-03-25 09:35:00,09:35,24.092039999999997,24.08,23.45,0.629999999999999,23.77704,0.3149999999999977,24.722039999999993,2026-03-25 12:55:00,23.77704,STOP_LOSS,False,-0.36286907999999773,-1.1519653333333344,ORB_50PCT
OLAELEC,2026-03-25,BUY,2026-03-25 09:30:00,2026-03-25 09:35:00,09:35,24.092039999999997,24.08,23.45,0.629999999999999,23.45,0.642039999999998,25.376119999999993,2026-03-25 15:25:00,23.8,END_OF_DAY,False,-0.33993203999999655,-0.529456170955077,ORB_BOUNDARY
OLAELEC,2026-03-30,SELL,2026-03-30 10:40:00,2026-03-30 10:45:00,10:45,23.50824,24.12,23.54,0.5800000000000018,23.79824,0.28999999999999915,22.928240000000002,2026-03-30 15:00:00,22.928240000000002,TARGET,False,0.5335635199999983,1.8398742068965512,ORB_50PCT
OLAELEC,2026-03-30,SELL,2026-03-30 10:40:00,2026-03-30 10:45:00,10:45,23.50824,24.12,23.54,0.5800000000000018,24.12,0.6117600000000003,22.28472,2026-03-30 15:25:00,22.62,END_OF_DAY,False,0.8421117599999997,1.376539427226362,ORB_BOUNDARY
OLAELEC,2026-04-01,BUY,2026-04-01 09:45:00,2026-04-01 09:50:00,09:50,24.132060000000003,24.08,23.17,0.9099999999999966,23.677060000000004,0.4549999999999983,25.04206,2026-04-01 12:00:00,25.04206,TARGET,False,0.8608258799999966,1.8919250109890107,ORB_50PCT
OLAELEC,2026-04-01,BUY,2026-04-01 09:45:00,2026-04-01 09:50:00,09:50,24.132060000000003,24.08,23.17,0.9099999999999966,23.17,0.962060000000001,26.056180000000005,2026-04-01 15:15:00,26.056180000000005,TARGET,False,1.873931760000002,1.947832526037877,ORB_BOUNDARY
OLAELEC,2026-04-02,BUY,2026-04-02 10:20:00,2026-04-02 10:25:00,10:25,26.49324,26.25,25.06,1.1900000000000013,25.89824,0.5949999999999989,27.683239999999998,2026-04-02 11:05:00,27.683239999999998,TARGET,False,1.1358235199999978,1.9089470924369747,ORB_50PCT
OLAELEC,2026-04-02,BUY,2026-04-02 10:20:00,2026-04-02 10:25:00,10:25,26.49324,26.25,25.06,1.1900000000000013,25.06,1.4332400000000014,29.359720000000003,2026-04-02 15:25:00,28.2,END_OF_DAY,False,1.6520667599999992,1.1526797744969424,ORB_BOUNDARY
OLAELEC,2026-04-06,SELL,2026-04-06 11:15:00,2026-04-06 11:20:00,11:20,28.66566,30.4,28.72,1.6799999999999997,29.50566,0.8399999999999999,26.98566,2026-04-06 14:40:00,29.50566,STOP_LOSS,False,-0.8981713199999999,-1.0692515714285715,ORB_50PCT
OLAELEC,2026-04-06,SELL,2026-04-06 11:15:00,2026-04-06 11:20:00,11:20,28.66566,30.4,28.72,1.6799999999999997,30.4,1.7343399999999995,25.19698,2026-04-06 15:25:00,28.83,END_OF_DAY,False,-0.22183565999999927,-0.12790782660839242,ORB_BOUNDARY
OLAELEC,2026-04-08,BUY,2026-04-08 10:20:00,2026-04-08 10:25:00,10:25,30.765375,30.1,29.23,0.870000000000001,30.330374999999997,0.4350000000000023,31.635375000000003,2026-04-08 10:35:00,31.635375000000003,TARGET,False,0.8075992500000045,1.8565500000000008,ORB_50PCT
OLAELEC,2026-04-08,BUY,2026-04-08 10:20:00,2026-04-08 10:25:00,10:25,30.765375,30.1,29.23,0.870000000000001,29.23,1.5353749999999984,33.836124999999996,2026-04-08 15:25:00,30.52,END_OF_DAY,False,-0.3066603749999992,-0.19972995196613175,ORB_BOUNDARY
OLAELEC,2026-04-09,BUY,2026-04-09 10:10:00,2026-04-09 10:15:00,10:15,32.366175,32.24,30.3,1.9400000000000013,31.396175,0.9699999999999989,34.306174999999996,2026-04-09 10:45:00,34.306174999999996,TARGET,False,1.8733276499999978,1.931265618556701,ORB_50PCT
OLAELEC,2026-04-09,BUY,2026-04-09 10:10:00,2026-04-09 10:15:00,10:15,32.366175,32.24,30.3,1.9400000000000013,30.3,2.0661749999999977,36.498524999999994,2026-04-09 15:25:00,36.32,END_OF_DAY,False,3.885138825000002,1.880353225162441,ORB_BOUNDARY
OLAELEC,2026-04-10,BUY,2026-04-10 12:05:00,2026-04-10 12:10:00,12:10,39.669824999999996,39.5,35.7,3.799999999999997,37.769825,1.8999999999999986,43.46982499999999,2026-04-10 15:25:00,40.4,END_OF_DAY,False,0.6501051750000026,0.3421606184210543,ORB_50PCT
OLAELEC,2026-04-10,BUY,2026-04-10 12:05:00,2026-04-10 12:10:00,12:10,39.669824999999996,39.5,35.7,3.799999999999997,35.7,3.969824999999993,47.60947499999998,2026-04-10 15:25:00,40.4,END_OF_DAY,False,0.6501051750000026,0.16376167085450966,ORB_BOUNDARY
OLAELEC,2026-04-13,SELL,2026-04-13 11:20:00,2026-04-13 11:25:00,11:25,37.921029999999995,39.79,37.96,1.8299999999999983,38.836029999999994,0.9149999999999991,36.091029999999996,2026-04-13 15:25:00,38.07,END_OF_DAY,False,-0.2249610300000056,-0.24585904918033424,ORB_50PCT
OLAELEC,2026-04-13,SELL,2026-04-13 11:20:00,2026-04-13 11:25:00,11:25,37.921029999999995,39.79,37.96,1.8299999999999983,39.79,1.8689700000000045,34.183089999999986,2026-04-13 15:25:00,38.07,END_OF_DAY,False,-0.2249610300000056,-0.12036631406603909,ORB_BOUNDARY
OLAELEC,2026-04-15,SELL,2026-04-15 13:50:00,2026-04-15 13:55:00,13:55,38.810584999999996,40.66,39.1,1.5599999999999952,39.59058499999999,0.779999999999994,37.25058500000001,2026-04-15 15:25:00,38.15,END_OF_DAY,False,0.5836244149999975,0.748236429487182,ORB_50PCT
OLAELEC,2026-04-15,SELL,2026-04-15 13:50:00,2026-04-15 13:55:00,13:55,38.810584999999996,40.66,39.1,1.5599999999999952,40.66,1.8494150000000005,35.111754999999995,2026-04-15 15:25:00,38.15,END_OF_DAY,False,0.5836244149999975,0.3155724458815341,ORB_BOUNDARY
OLAELEC,2026-04-16,BUY,2026-04-16 09:50:00,2026-04-16 09:55:00,09:55,39.309644999999996,39.15,37.87,1.2800000000000011,38.669644999999996,0.6400000000000006,40.589645,2026-04-16 11:45:00,38.669644999999996,STOP_LOSS,False,-0.7179792900000006,-1.121842640625,ORB_50PCT
OLAELEC,2026-04-16,BUY,2026-04-16 09:50:00,2026-04-16 09:55:00,09:55,39.309644999999996,39.15,37.87,1.2800000000000011,37.87,1.4396449999999987,42.188934999999994,2026-04-16 15:25:00,38.7,END_OF_DAY,False,-0.6876546449999933,-0.47765570331574375,ORB_BOUNDARY
OLAELEC,2026-04-17,BUY,2026-04-17 09:35:00,2026-04-17 09:40:00,09:40,41.010495,40.2,38.58,1.6200000000000045,40.200495,0.8100000000000023,42.630495,2026-04-17 15:25:00,40.8,END_OF_DAY,False,-0.2923054950000017,-0.36087098148148256,ORB_50PCT
OLAELEC,2026-04-17,BUY,2026-04-17 09:35:00,2026-04-17 09:40:00,09:40,41.010495,40.2,38.58,1.6200000000000045,38.58,2.4304950000000005,45.871485,2026-04-17 15:25:00,40.8,END_OF_DAY,False,-0.2923054950000017,-0.12026582856578666,ORB_BOUNDARY
OLAELEC,2026-04-20,SELL,2026-04-20 12:00:00,2026-04-20 12:05:00,12:05,39.770105,41.6,39.91,1.6900000000000048,40.615105,0.8449999999999989,38.080105,2026-04-20 15:25:00,39.31,END_OF_DAY,False,0.38102489499999864,0.4509170355029576,ORB_50PCT
OLAELEC,2026-04-20,SELL,2026-04-20 12:00:00,2026-04-20 12:05:00,12:05,39.770105,41.6,39.91,1.6900000000000048,41.6,1.8298950000000005,36.110315,2026-04-20 15:25:00,39.31,END_OF_DAY,False,0.38102489499999864,0.20822227231617035,ORB_BOUNDARY
OLAELEC,2026-04-21,SELL,2026-04-21 11:20:00,2026-04-21 11:25:00,11:25,38.310835,39.75,38.35,1.3999999999999986,39.010835,0.7000000000000028,36.91083499999999,2026-04-21 15:25:00,37.67,END_OF_DAY,False,0.5648541649999956,0.8069345214285619,ORB_50PCT
OLAELEC,2026-04-21,SELL,2026-04-21 11:20:00,2026-04-21 11:25:00,11:25,38.310835,39.75,38.35,1.3999999999999986,39.75,1.4391650000000027,35.43250499999999,2026-04-21 15:25:00,37.67,END_OF_DAY,False,0.5648541649999956,0.39248742499990935,ORB_BOUNDARY
OLAELEC,2026-04-22,SELL,2026-04-22 11:10:00,2026-04-22 11:15:00,11:15,37.641169999999995,38.69,37.68,1.009999999999998,38.14617,0.5050000000000026,36.63116999999999,2026-04-22 13:55:00,38.14617,STOP_LOSS,False,-0.5807873400000025,-1.1500739405940585,ORB_50PCT
OLAELEC,2026-04-22,SELL,2026-04-22 11:10:00,2026-04-22 11:15:00,11:15,37.641169999999995,38.69,37.68,1.009999999999998,38.69,1.0488300000000024,35.54350999999999,2026-04-22 14:55:00,38.69,STOP_LOSS,False,-1.1251611700000024,-1.0727774472507459,ORB_BOUNDARY
OLAELEC,2026-04-23,SELL,2026-04-23 10:05:00,2026-04-23 10:10:00,10:10,37.731125,38.89,37.94,0.9500000000000028,38.206125,0.4750000000000014,36.781124999999996,2026-04-23 15:25:00,37.31,END_OF_DAY,False,0.34608387499999643,0.7285976315789376,ORB_50PCT
OLAELEC,2026-04-23,SELL,2026-04-23 10:05:00,2026-04-23 10:10:00,10:10,37.731125,38.89,37.94,0.9500000000000028,38.89,1.1588750000000019,35.413374999999995,2026-04-23 15:25:00,37.31,END_OF_DAY,False,0.34608387499999643,0.298637795275587,ORB_BOUNDARY
OLAELEC,2026-04-24,SELL,2026-04-24 09:30:00,2026-04-24 09:35:00,09:35,36.391794999999995,38.17,36.7,1.4699999999999989,37.126794999999994,0.7349999999999994,34.921794999999996,2026-04-24 15:25:00,35.95,END_OF_DAY,False,0.36945320499999196,0.5026574217686969,ORB_50PCT
OLAELEC,2026-04-24,SELL,2026-04-24 09:30:00,2026-04-24 09:35:00,09:35,36.391794999999995,38.17,36.7,1.4699999999999989,38.17,1.778205000000007,32.83538499999998,2026-04-24 15:25:00,35.95,END_OF_DAY,False,0.36945320499999196,0.20776749868546682,ORB_BOUNDARY
OLAELEC,2026-04-27,BUY,2026-04-27 09:45:00,2026-04-27 09:50:00,09:50,36.988485,36.7,35.55,1.1500000000000057,36.413484999999994,0.5750000000000028,38.138485,2026-04-27 15:25:00,36.8,END_OF_DAY,False,-0.26227348500000003,-0.4561277999999978,ORB_50PCT
OLAELEC,2026-04-27,BUY,2026-04-27 09:45:00,2026-04-27 09:50:00,09:50,36.988485,36.7,35.55,1.1500000000000057,35.55,1.438485,39.865455,2026-04-27 15:25:00,36.8,END_OF_DAY,False,-0.26227348500000003,-0.18232618692582822,ORB_BOUNDARY
OLAELEC,2026-04-28,SELL,2026-04-28 09:35:00,2026-04-28 09:40:00,09:40,36.351814999999995,37.08,36.52,0.5599999999999952,36.63181499999999,0.27999999999999403,35.79181500000001,2026-04-28 12:20:00,35.79181500000001,TARGET,False,0.48785636999998805,1.742344178571423,ORB_50PCT
OLAELEC,2026-04-28,SELL,2026-04-28 09:35:00,2026-04-28 09:40:00,09:40,36.351814999999995,37.08,36.52,0.5599999999999952,37.08,0.7281850000000034,34.89544499999999,2026-04-28 15:25:00,35.95,END_OF_DAY,False,0.32951318499999205,0.45251300837011266,ORB_BOUNDARY
OLAELEC,2026-04-29,BUY,2026-04-29 09:50:00,2026-04-29 09:55:00,09:55,36.788385000000005,36.6,36.12,0.480000000000004,36.548385,0.240000000000002,37.26838500000001,2026-04-29 09:55:00,36.548385,STOP_LOSS,False,-0.313336770000002,-1.3055698749999975,ORB_50PCT
OLAELEC,2026-04-29,BUY,2026-04-29 09:50:00,2026-04-29 09:55:00,09:55,36.788385000000005,36.6,36.12,0.480000000000004,36.12,0.6683850000000078,38.12515500000002,2026-04-29 10:40:00,36.12,STOP_LOSS,False,-0.7412933850000077,-1.1090814201395889,ORB_BOUNDARY
OLAELEC,2026-04-29,SELL,2026-04-29 13:35:00,2026-04-29 13:40:00,13:40,36.06196,36.6,36.12,0.480000000000004,36.30196,0.240000000000002,35.581959999999995,2026-04-29 14:50:00,36.30196,STOP_LOSS,False,-0.312363920000002,-1.3015163333333308,ORB_50PCT
OLAELEC,2026-04-29,SELL,2026-04-29 13:35:00,2026-04-29 13:40:00,13:40,36.06196,36.6,36.12,0.480000000000004,36.6,0.5380400000000023,34.985879999999995,2026-04-29 15:25:00,36.4,END_OF_DAY,False,-0.41050195999999944,-0.7629580700319636,ORB_BOUNDARY
OLAELEC,2026-04-30,SELL,2026-04-30 10:30:00,2026-04-30 10:35:00,10:35,35.70214,36.42,35.77,0.6499999999999986,36.02714,0.32500000000000284,35.052139999999994,2026-04-30 12:50:00,36.02714,STOP_LOSS,False,-0.39672928000000285,-1.220705476923075,ORB_50PCT
OLAELEC,2026-04-30,SELL,2026-04-30 10:30:00,2026-04-30 10:35:00,10:35,35.70214,36.42,35.77,0.6499999999999986,36.42,0.7178600000000017,34.26642,2026-04-30 14:45:00,36.42,STOP_LOSS,False,-0.7899821400000018,-1.100468252862675,ORB_BOUNDARY
OLAELEC,2026-04-30,BUY,2026-04-30 14:50:00,2026-04-30 14:55:00,14:55,36.498239999999996,36.42,35.77,0.6499999999999986,36.17323999999999,0.32500000000000284,37.14824,2026-04-30 15:25:00,36.55,END_OF_DAY,False,-0.021288239999998418,-0.06550227692307148,ORB_50PCT
OLAELEC,2026-04-30,BUY,2026-04-30 14:50:00,2026-04-30 14:55:00,14:55,36.498239999999996,36.42,35.77,0.6499999999999986,35.77,0.7282399999999924,37.95471999999998,2026-04-30 15:25:00,36.55,END_OF_DAY,False,-0.021288239999998418,-0.02923245084038042,ORB_BOUNDARY
OLAELEC,2026-05-04,SELL,2026-05-04 09:30:00,2026-05-04 09:35:00,09:35,37.031475,37.81,37.11,0.7000000000000028,37.381475,0.3500000000000014,36.331475,2026-05-04 12:15:00,36.331475,TARGET,False,0.6266370500000028,1.790391571428572,ORB_50PCT
OLAELEC,2026-05-04,SELL,2026-05-04 09:30:00,2026-05-04 09:35:00,09:35,37.031475,37.81,37.11,0.7000000000000028,37.81,0.7785250000000019,35.474425,2026-05-04 15:25:00,36.67,END_OF_DAY,False,0.28777352499999864,0.36963941427699554,ORB_BOUNDARY
OLAELEC,2026-05-05,SELL,2026-05-05 09:55:00,2026-05-05 10:00:00,10:00,36.001990000000006,36.71,36.06,0.6499999999999986,36.32699000000001,0.32500000000000284,35.35199,2026-05-05 11:10:00,35.35199,TARGET,False,0.5786460200000056,1.780449292307694,ORB_50PCT
OLAELEC,2026-05-05,SELL,2026-05-05 09:55:00,2026-05-05 10:00:00,10:00,36.001990000000006,36.71,36.06,0.6499999999999986,36.71,0.7080099999999945,34.58597000000002,2026-05-05 11:10:00,34.58597000000002,TARGET,False,1.3454320399999888,1.9003008997048054,ORB_BOUNDARY
OLAELEC,2026-05-05,SELL,2026-05-05 13:00:00,2026-05-05 13:05:00,13:05,34.86256,36.71,36.06,0.6499999999999986,35.187560000000005,0.32500000000000284,34.212559999999996,2026-05-05 15:25:00,34.64,END_OF_DAY,False,0.15305744000000143,0.47094596923076953,ORB_50PCT
OLAELEC,2026-05-05,SELL,2026-05-05 13:00:00,2026-05-05 13:05:00,13:05,34.86256,36.71,36.06,0.6499999999999986,36.71,1.8474399999999989,31.167680000000004,2026-05-05 15:25:00,34.64,END_OF_DAY,False,0.15305744000000143,0.08284839561772048,ORB_BOUNDARY
OLAELEC,2026-05-06,SELL,2026-05-06 10:15:00,2026-05-06 10:20:00,10:20,34.06296,35.19,34.25,0.9399999999999977,34.532959999999996,0.46999999999999886,33.12296,2026-05-06 14:40:00,34.532959999999996,STOP_LOSS,False,-0.5385959199999989,-1.1459487659574472,ORB_50PCT
OLAELEC,2026-05-06,SELL,2026-05-06 10:15:00,2026-05-06 10:20:00,10:20,34.06296,35.19,34.25,0.9399999999999977,35.19,1.127040000000001,31.808879999999995,2026-05-06 15:25:00,34.9,END_OF_DAY,False,-0.9060029600000018,-0.8038782651902338,ORB_BOUNDARY
OLAELEC,2026-05-07,BUY,2026-05-07 10:30:00,2026-05-07 10:35:00,10:35,35.347665,35.1,34.57,0.5300000000000011,35.082665,0.26500000000000057,35.877665,2026-05-07 11:10:00,35.082665,STOP_LOSS,False,-0.33543033000000055,-1.2657748301886786,ORB_50PCT
OLAELEC,2026-05-07,BUY,2026-05-07 10:30:00,2026-05-07 10:35:00,10:35,35.347665,35.1,34.57,0.5300000000000011,34.57,0.7776649999999989,36.902995,2026-05-07 15:25:00,35.18,END_OF_DAY,False,-0.23819266499999953,-0.3062921245009096,ORB_BOUNDARY
OLAELEC,2026-05-08,SELL,2026-05-08 09:45:00,2026-05-08 09:50:00,09:50,34.522729999999996,34.98,34.58,0.3999999999999986,34.72273,0.20000000000000284,34.12272999999999,2026-05-08 13:10:00,34.72273,STOP_LOSS,False,-0.2692454600000028,-1.346227299999995,ORB_50PCT
OLAELEC,2026-05-08,SELL,2026-05-08 09:45:00,2026-05-08 09:50:00,09:50,34.522729999999996,34.98,34.58,0.3999999999999986,34.98,0.4572700000000012,33.60818999999999,2026-05-08 13:10:00,34.98,STOP_LOSS,False,-0.5267727300000011,-1.1519949482800091,ORB_BOUNDARY
OLAELEC,2026-05-11,BUY,2026-05-11 09:30:00,2026-05-11 09:35:00,09:35,37.368675,37.33,35.82,1.509999999999998,36.613675,0.7550000000000026,38.87867500000001,2026-05-11 15:25:00,37.0,END_OF_DAY,False,-0.4430436750000032,-0.5868128145695387,ORB_50PCT
OLAELEC,2026-05-11,BUY,2026-05-11 09:30:00,2026-05-11 09:35:00,09:35,37.368675,37.33,35.82,1.509999999999998,35.82,1.548675000000003,40.46602500000001,2026-05-11 15:25:00,37.0,END_OF_DAY,False,-0.4430436750000032,-0.2860791805898606,ORB_BOUNDARY
OLAELEC,2026-05-12,SELL,2026-05-12 09:30:00,2026-05-12 09:35:00,09:35,36.02198,37.34,36.07,1.2700000000000031,36.656980000000004,0.6350000000000051,34.75197999999999,2026-05-12 15:25:00,35.2,END_OF_DAY,False,0.7507580199999964,1.1822960944881737,ORB_50PCT
OLAELEC,2026-05-12,SELL,2026-05-12 09:30:00,2026-05-12 09:35:00,09:35,36.02198,37.34,36.07,1.2700000000000031,37.34,1.3180200000000042,33.38593999999999,2026-05-12 15:25:00,35.2,END_OF_DAY,False,0.7507580199999964,0.5696104914948135,ORB_BOUNDARY
OLAELEC,2026-05-13,SELL,2026-05-13 09:35:00,2026-05-13 09:40:00,09:40,35.02248,35.69,35.15,0.5399999999999991,35.29248,0.269999999999996,34.48248000000001,2026-05-13 09:45:00,35.29248,STOP_LOSS,False,-0.340314959999996,-1.2604257777777816,ORB_50PCT
OLAELEC,2026-05-13,SELL,2026-05-13 09:35:00,2026-05-13 09:40:00,09:40,35.02248,35.69,35.15,0.5399999999999991,35.69,0.6675199999999961,33.68744000000001,2026-05-13 09:50:00,35.69,STOP_LOSS,False,-0.7382324799999961,-1.1059331255992335,ORB_BOUNDARY
OLAELEC,2026-05-13,BUY,2026-05-13 10:25:00,2026-05-13 10:30:00,10:30,35.747865,35.69,35.15,0.5399999999999991,35.477864999999994,0.2700000000000031,36.287865000000004,2026-05-13 15:25:00,36.18,END_OF_DAY,False,0.3602071350000024,1.3341004999999935,ORB_50PCT
OLAELEC,2026-05-13,BUY,2026-05-13 10:25:00,2026-05-13 10:30:00,10:30,35.747865,35.69,35.15,0.5399999999999991,35.15,0.5978649999999988,36.943594999999995,2026-05-13 15:25:00,36.18,END_OF_DAY,False,0.3602071350000024,0.6024890819833961,ORB_BOUNDARY
OLAELEC,2026-05-14,SELL,2026-05-14 09:40:00,2026-05-14 09:45:00,09:45,35.672155,36.39,35.95,0.4399999999999977,35.892154999999995,0.21999999999999886,35.232155,2026-05-14 09:45:00,35.892154999999995,STOP_LOSS,False,-0.2915643099999988,-1.3252923181818197,ORB_50PCT
OLAELEC,2026-05-14,SELL,2026-05-14 09:40:00,2026-05-14 09:45:00,09:45,35.672155,36.39,35.95,0.4399999999999977,36.39,0.7178450000000041,34.23646499999999,2026-05-14 14:25:00,36.39,STOP_LOSS,False,-0.7899071550000041,-1.1003867896272868,ORB_BOUNDARY
OLAELEC,2026-05-14,SELL,2026-05-14 14:40:00,2026-05-14 14:45:00,14:45,35.72213,36.39,35.95,0.4399999999999977,35.94213,0.21999999999999886,35.28213,2026-05-14 15:00:00,35.94213,STOP_LOSS,False,-0.29166425999999884,-1.3257466363636379,ORB_50PCT
OLAELEC,2026-05-14,SELL,2026-05-14 14:40:00,2026-05-14 14:45:00,14:45,35.72213,36.39,35.95,0.4399999999999977,36.39,0.6678700000000006,34.38639,2026-05-14 15:25:00,36.05,END_OF_DAY,False,-0.3996421299999972,-0.5983831134801636,ORB_BOUNDARY
OLAELEC,2026-05-15,SELL,2026-05-15 09:30:00,2026-05-15 09:35:00,09:35,35.52223,36.37,35.6,0.769999999999996,35.90723,0.384999999999998,34.752230000000004,2026-05-15 10:10:00,35.90723,STOP_LOSS,False,-0.456429459999998,-1.1855310649350659,ORB_50PCT
OLAELEC,2026-05-15,SELL,2026-05-15 09:30:00,2026-05-15 09:35:00,09:35,35.52223,36.37,35.6,0.769999999999996,36.37,0.847769999999997,33.826690000000006,2026-05-15 15:25:00,35.7,END_OF_DAY,False,-0.24899223000000242,-0.29370257263173183,ORB_BOUNDARY
OLAELEC,2026-05-18,SELL,2026-05-18 09:50:00,2026-05-18 09:55:00,09:55,34.62268,35.67,34.69,0.980000000000004,35.112680000000005,0.490000000000002,33.64268,2026-05-18 15:25:00,35.04,END_OF_DAY,False,-0.48698267999999656,-0.9938422040816216,ORB_50PCT
OLAELEC,2026-05-18,SELL,2026-05-18 09:50:00,2026-05-18 09:55:00,09:55,34.62268,35.67,34.69,0.980000000000004,35.67,1.0473199999999991,32.528040000000004,2026-05-18 15:25:00,35.04,END_OF_DAY,False,-0.48698267999999656,-0.46497983424359024,ORB_BOUNDARY
OLAELEC,2026-05-19,BUY,2026-05-19 09:40:00,2026-05-19 09:45:00,09:45,36.298140000000004,36.19,34.95,1.2399999999999949,35.678140000000006,0.6199999999999974,37.53814,2026-05-19 10:30:00,37.53814,TARGET,False,1.1661637199999948,1.880909225806451,ORB_50PCT
OLAELEC,2026-05-19,BUY,2026-05-19 09:40:00,2026-05-19 09:45:00,09:45,36.298140000000004,36.19,34.95,1.2399999999999949,34.95,1.3481400000000008,38.994420000000005,2026-05-19 15:25:00,36.61,END_OF_DAY,False,0.2389518599999958,0.17724558280296976,ORB_BOUNDARY
OLAELEC,2026-05-20,BUY,2026-05-20 09:30:00,2026-05-20 09:35:00,09:35,37.63881,37.57,36.02,1.5499999999999972,36.86381,0.7749999999999986,39.18881,2026-05-20 13:05:00,36.86381,STOP_LOSS,False,-0.8495026199999985,-1.096132412903226,ORB_50PCT
OLAELEC,2026-05-20,BUY,2026-05-20 09:30:00,2026-05-20 09:35:00,09:35,37.63881,37.57,36.02,1.5499999999999972,36.02,1.6188099999999963,40.87642999999999,2026-05-20 15:25:00,36.42,END_OF_DAY,False,-1.2928688099999976,-0.7986538321359521,ORB_BOUNDARY
OLAELEC,2026-05-22,BUY,2026-05-22 10:30:00,2026-05-22 10:35:00,10:35,36.168075,35.89,35.37,0.5200000000000031,35.908075,0.2600000000000051,36.68807500000001,2026-05-22 10:50:00,36.68807500000001,TARGET,False,0.4471438500000102,1.719784038461544,ORB_50PCT
OLAELEC,2026-05-22,BUY,2026-05-22 10:30:00,2026-05-22 10:35:00,10:35,36.168075,35.89,35.37,0.5200000000000031,35.37,0.7980750000000043,37.76422500000001,2026-05-22 15:25:00,35.97,END_OF_DAY,False,-0.2702130750000029,-0.3385810544121811,ORB_BOUNDARY
OLAELEC,2026-05-25,BUY,2026-05-25 14:55:00,2026-05-25 15:00:00,15:00,37.728855,37.38,36.36,1.0200000000000031,37.218855000000005,0.509999999999998,38.748855,2026-05-25 15:25:00,37.85,END_OF_DAY,False,0.045566144999998504,0.0893453823529386,ORB_50PCT
OLAELEC,2026-05-25,BUY,2026-05-25 14:55:00,2026-05-25 15:00:00,15:00,37.728855,37.38,36.36,1.0200000000000031,36.36,1.3688550000000035,40.46656500000001,2026-05-25 15:25:00,37.85,END_OF_DAY,False,0.045566144999998504,0.033287780663399984,ORB_BOUNDARY
OLAELEC,2026-05-26,SELL,2026-05-26 14:00:00,2026-05-26 14:05:00,14:05,37.50124,38.29,37.7,0.5899999999999963,37.79624,0.2949999999999946,36.911240000000014,2026-05-26 15:25:00,37.5,END_OF_DAY,False,-0.0737612399999972,-0.25003810169491036,ORB_50PCT
OLAELEC,2026-05-26,SELL,2026-05-26 14:00:00,2026-05-26 14:05:00,14:05,37.50124,38.29,37.7,0.5899999999999963,38.29,0.7887599999999964,35.92372000000001,2026-05-26 15:25:00,37.5,END_OF_DAY,False,-0.0737612399999972,-0.09351544195952831,ORB_BOUNDARY
OLAELEC,2026-05-27,BUY,2026-05-27 09:30:00,2026-05-27 09:35:00,09:35,38.069024999999996,37.94,37.46,0.4799999999999969,37.829025,0.23999999999999488,38.549024999999986,2026-05-27 09:40:00,37.829025,STOP_LOSS,False,-0.3158980499999949,-1.3162418750000067,ORB_50PCT
OLAELEC,2026-05-27,BUY,2026-05-27 09:30:00,2026-05-27 09:35:00,09:35,38.069024999999996,37.94,37.46,0.4799999999999969,37.46,0.6090249999999955,39.28707499999999,2026-05-27 15:10:00,39.28707499999999,TARGET,False,1.140693899999991,1.8729837034604482,ORB_BOUNDARY
OLAELEC,2026-05-29,BUY,2026-05-29 10:35:00,2026-05-29 10:40:00,10:40,41.600789999999996,41.3,39.65,1.6499999999999986,40.77579,0.8249999999999957,43.25078999999999,2026-05-29 15:25:00,41.2,END_OF_DAY,False,-0.48359078999999355,-0.5861706545454498,ORB_50PCT
OLAELEC,2026-05-29,BUY,2026-05-29 10:35:00,2026-05-29 10:40:00,10:40,41.600789999999996,41.3,39.65,1.6499999999999986,39.65,1.9507899999999978,45.50236999999999,2026-05-29 15:25:00,41.2,END_OF_DAY,False,-0.48359078999999355,-0.24789484772835318,ORB_BOUNDARY
OLAELEC,2026-06-01,SELL,2026-06-01 09:30:00,2026-06-01 09:35:00,09:35,40.43977,42.0,40.5,1.5,41.18977,0.75,38.93977,2026-06-01 11:00:00,41.18977,STOP_LOSS,False,-0.83162954,-1.1088393866666666,ORB_50PCT
OLAELEC,2026-06-01,SELL,2026-06-01 09:30:00,2026-06-01 09:35:00,09:35,40.43977,42.0,40.5,1.5,42.0,1.5602299999999971,37.31931000000001,2026-06-01 15:25:00,39.47,END_OF_DAY,False,0.889860230000004,0.5703391358966342,ORB_BOUNDARY
OLAELEC,2026-06-02,BUY,2026-06-02 14:05:00,2026-06-02 14:10:00,14:10,39.389685,39.3,38.08,1.2199999999999989,38.779685,0.6099999999999994,40.609685,2026-06-02 15:25:00,39.97,END_OF_DAY,False,0.5009553149999988,0.8212382213114742,ORB_50PCT
OLAELEC,2026-06-02,BUY,2026-06-02 14:05:00,2026-06-02 14:10:00,14:10,39.389685,39.3,38.08,1.2199999999999989,38.08,1.3096850000000018,42.009055000000004,2026-06-02 15:25:00,39.97,END_OF_DAY,False,0.5009553149999988,0.3825006127427573,ORB_BOUNDARY
OLAELEC,2026-06-03,SELL,2026-06-03 09:30:00,2026-06-03 09:35:00,09:35,39.16041,40.0,39.23,0.7700000000000031,39.545410000000004,0.3850000000000051,38.39040999999999,2026-06-03 09:45:00,39.545410000000004,STOP_LOSS,False,-0.46370582000000515,-1.2044307012986988,ORB_50PCT
OLAELEC,2026-06-03,SELL,2026-06-03 09:30:00,2026-06-03 09:35:00,09:35,39.16041,40.0,39.23,0.7700000000000031,40.0,0.8395900000000012,37.48123,2026-06-03 09:50:00,40.0,STOP_LOSS,False,-0.9187504100000011,-1.0942846031991804,ORB_BOUNDARY
OLAELEC,2026-06-03,BUY,2026-06-03 10:25:00,2026-06-03 10:30:00,10:30,40.12005,40.0,39.23,0.7700000000000031,39.73505,0.384999999999998,40.890049999999995,2026-06-03 10:55:00,40.890049999999995,TARGET,False,0.688989899999996,1.7895841558441548,ORB_50PCT
OLAELEC,2026-06-03,BUY,2026-06-03 10:25:00,2026-06-03 10:30:00,10:30,40.12005,40.0,39.23,0.7700000000000031,39.23,0.8900500000000022,41.900150000000004,2026-06-03 13:35:00,41.900150000000004,TARGET,False,1.6980798000000044,1.9078476490084828,ORB_BOUNDARY
OLAELEC,2026-06-04,SELL,2026-06-04 11:15:00,2026-06-04 11:20:00,11:20,43.248365,45.5,43.46,2.039999999999999,44.268365,1.0200000000000031,41.20836499999999,2026-06-04 15:25:00,43.17,END_OF_DAY,False,-0.008053365000001977,-0.007895455882354855,ORB_50PCT
OLAELEC,2026-06-04,SELL,2026-06-04 11:15:00,2026-06-04 11:20:00,11:20,43.248365,45.5,43.46,2.039999999999999,45.5,2.2516350000000003,38.745095,2026-06-04 15:25:00,43.17,END_OF_DAY,False,-0.008053365000001977,-0.0035766742833549738,ORB_BOUNDARY
OLAELEC,2026-06-05,BUY,2026-06-05 09:30:00,2026-06-05 09:35:00,09:35,44.66232,44.45,42.78,1.6700000000000017,43.82732,0.8350000000000009,46.33232,2026-06-05 09:40:00,43.82732,STOP_LOSS,False,-0.9234896400000009,-1.105975616766467,ORB_50PCT
OLAELEC,2026-06-05,BUY,2026-06-05 09:30:00,2026-06-05 09:35:00,09:35,44.66232,44.45,42.78,1.6700000000000017,42.78,1.88232,48.42696,2026-06-05 15:25:00,45.0,END_OF_DAY,False,0.24801767999999888,0.13176169832972018,ORB_BOUNDARY
OLAELEC,2026-06-08,BUY,2026-06-08 09:30:00,2026-06-08 09:35:00,09:35,46.133055,45.2,43.28,1.9200000000000017,45.173055,0.9600000000000009,48.053055,2026-06-08 09:40:00,45.173055,STOP_LOSS,False,-1.051306110000001,-1.09511053125,ORB_50PCT
OLAELEC,2026-06-08,BUY,2026-06-08 09:30:00,2026-06-08 09:35:00,09:35,46.133055,45.2,43.28,1.9200000000000017,43.28,2.8530549999999977,51.839164999999994,2026-06-08 15:25:00,45.02,END_OF_DAY,False,-1.2042080549999956,-0.42207670549638776,ORB_BOUNDARY
OLAELEC,2026-06-09,BUY,2026-06-09 09:50:00,2026-06-09 09:55:00,09:55,46.073024999999994,45.83,44.62,1.2100000000000009,45.468025,0.6049999999999969,47.28302499999999,2026-06-09 09:55:00,47.28302499999999,TARGET,False,1.1166439499999938,1.8456924793388423,ORB_50PCT
OLAELEC,2026-06-09,BUY,2026-06-09 09:50:00,2026-06-09 09:55:00,09:55,46.073024999999994,45.83,44.62,1.2100000000000009,44.62,1.4530249999999967,48.97907499999999,2026-06-09 11:50:00,48.97907499999999,TARGET,False,2.810997899999993,1.9345833003561532,ORB_BOUNDARY
OLAELEC,2026-06-09,BUY,2026-06-09 15:05:00,2026-06-09 15:10:00,15:10,47.763870000000004,45.83,44.62,1.2100000000000009,47.15887000000001,0.6049999999999969,48.97387,2026-06-09 15:15:00,47.15887000000001,STOP_LOSS,False,-0.6999227399999969,-1.1568970909090917,ORB_50PCT
OLAELEC,2026-06-09,BUY,2026-06-09 15:05:00,2026-06-09 15:10:00,15:10,47.763870000000004,45.83,44.62,1.2100000000000009,44.62,3.143870000000007,54.05161000000002,2026-06-09 15:25:00,47.0,END_OF_DAY,False,-0.8586338700000042,-0.27311366882218485,ORB_BOUNDARY
OLAELEC,2026-06-10,BUY,2026-06-10 09:50:00,2026-06-10 09:55:00,09:55,47.233605000000004,47.18,46.03,1.1499999999999986,46.65860500000001,0.5749999999999957,48.383604999999996,2026-06-10 10:00:00,46.65860500000001,STOP_LOSS,False,-0.6688922099999958,-1.1632908000000013,ORB_50PCT
OLAELEC,2026-06-10,BUY,2026-06-10 09:50:00,2026-06-10 09:55:00,09:55,47.233605000000004,47.18,46.03,1.1499999999999986,46.03,1.2036050000000031,49.64081500000001,2026-06-10 15:25:00,47.07,END_OF_DAY,False,-0.257908605000004,-0.21428010435317513,ORB_BOUNDARY
OLAELEC,2026-06-11,SELL,2026-06-11 10:00:00,2026-06-11 10:05:00,10:05,45.387294999999995,48.19,46.6,1.5899999999999963,46.182294999999996,0.7950000000000017,43.79729499999999,2026-06-11 10:25:00,43.79729499999999,TARGET,False,1.5008154100000035,1.887818125786164,ORB_50PCT
OLAELEC,2026-06-11,SELL,2026-06-11 10:00:00,2026-06-11 10:05:00,10:05,45.387294999999995,48.19,46.6,1.5899999999999963,48.19,2.802705000000003,39.78188499999999,2026-06-11 15:25:00,45.37,END_OF_DAY,False,-0.07346229500000283,-0.02621121202552632,ORB_BOUNDARY
OLAELEC,2026-06-12,SELL,2026-06-12 10:00:00,2026-06-12 10:05:00,10:05,45.897040000000004,47.49,45.94,1.5500000000000043,46.67204000000001,0.7750000000000057,44.34703999999999,2026-06-12 15:25:00,45.63,END_OF_DAY,False,0.1755129600000015,0.22646833548387124,ORB_50PCT
OLAELEC,2026-06-12,SELL,2026-06-12 10:00:00,2026-06-12 10:05:00,10:05,45.897040000000004,47.49,45.94,1.5500000000000043,47.49,1.592959999999998,42.71112000000001,2026-06-12 15:25:00,45.63,END_OF_DAY,False,0.1755129600000015,0.11018039373242373,ORB_BOUNDARY
OLAELEC,2026-06-15,SELL,2026-06-15 10:05:00,2026-06-15 10:10:00,10:10,45.507235,46.74,45.75,0.990000000000002,46.002235,0.49499999999999744,44.51723500000001,2026-06-15 10:25:00,44.51723500000001,TARGET,False,0.8999755299999949,1.818132383838383,ORB_50PCT
OLAELEC,2026-06-15,SELL,2026-06-15 10:05:00,2026-06-15 10:10:00,10:10,45.507235,46.74,45.75,0.990000000000002,46.74,1.2327650000000006,43.041705,2026-06-15 15:25:00,44.23,END_OF_DAY,False,1.1874977650000045,0.9632799154745665,ORB_BOUNDARY
OLAELEC,2026-06-16,SELL,2026-06-16 09:40:00,2026-06-16 09:45:00,09:45,43.05846,44.5,43.31,1.1899999999999977,43.653459999999995,0.5949999999999989,41.86846,2026-06-16 10:55:00,43.653459999999995,STOP_LOSS,False,-0.6817119199999988,-1.1457343193277312,ORB_50PCT
OLAELEC,2026-06-16,SELL,2026-06-16 09:40:00,2026-06-16 09:45:00,09:45,43.05846,44.5,43.31,1.1899999999999977,44.5,1.4415400000000034,40.17537999999999,2026-06-16 15:25:00,43.0,END_OF_DAY,False,-0.027598460000003378,-0.019145122577246078,ORB_BOUNDARY
OLAELEC,2026-06-17,SELL,2026-06-17 09:35:00,2026-06-17 09:40:00,09:40,42.95851,44.21,43.02,1.1899999999999977,43.553509999999996,0.5949999999999989,41.76851,2026-06-17 09:45:00,43.553509999999996,STOP_LOSS,False,-0.6815120199999989,-1.1453983529411769,ORB_50PCT
OLAELEC,2026-06-17,SELL,2026-06-17 09:35:00,2026-06-17 09:40:00,09:40,42.95851,44.21,43.02,1.1899999999999977,44.21,1.251490000000004,40.45552999999999,2026-06-17 15:25:00,42.6,END_OF_DAY,False,0.2729514899999954,0.2181012153512969,ORB_BOUNDARY
OLAELEC,2026-06-18,BUY,2026-06-18 09:40:00,2026-06-18 09:45:00,09:45,43.531755,43.29,42.68,0.6099999999999994,43.226755,0.3049999999999997,44.141754999999996,2026-06-18 09:45:00,43.226755,STOP_LOSS,False,-0.3917585099999997,-1.2844541311475413,ORB_50PCT
OLAELEC,2026-06-18,BUY,2026-06-18 09:40:00,2026-06-18 09:45:00,09:45,43.531755,43.29,42.68,0.6099999999999994,42.68,0.8517549999999972,45.23526499999999,2026-06-18 11:10:00,42.68,STOP_LOSS,False,-0.9379667549999972,-1.1012166115843174,ORB_BOUNDARY
OLAELEC,2026-06-18,SELL,2026-06-18 15:05:00,2026-06-18 15:10:00,15:10,42.498740000000005,43.29,42.68,0.6099999999999994,42.803740000000005,0.3049999999999997,41.888740000000006,2026-06-18 15:15:00,41.888740000000006,TARGET,False,0.5256125199999995,1.7233197377049179,ORB_50PCT
OLAELEC,2026-06-18,SELL,2026-06-18 15:05:00,2026-06-18 15:10:00,15:10,42.498740000000005,43.29,42.68,0.6099999999999994,43.29,0.7912599999999941,40.91622000000002,2026-06-18 15:25:00,42.0,END_OF_DAY,False,0.41424126000000505,0.5235210423881002,ORB_BOUNDARY
OLAELEC,2026-06-19,SELL,2026-06-19 09:35:00,2026-06-19 09:40:00,09:40,41.33932,42.2,41.64,0.5600000000000023,41.61932,0.28000000000000114,40.77932,2026-06-19 10:40:00,41.61932,STOP_LOSS,False,-0.3629586400000011,-1.296280857142856,ORB_50PCT
OLAELEC,2026-06-19,SELL,2026-06-19 09:35:00,2026-06-19 09:40:00,09:40,41.33932,42.2,41.64,0.5600000000000023,42.2,0.8606800000000021,39.61796,2026-06-19 11:40:00,42.2,STOP_LOSS,False,-0.9442193200000021,-1.0970619974903562,ORB_BOUNDARY
OLAELEC,2026-06-19,BUY,2026-06-19 14:45:00,2026-06-19 14:50:00,14:50,42.791385000000005,42.2,41.64,0.5600000000000023,42.511385000000004,0.28000000000000114,43.35138500000001,2026-06-19 14:50:00,42.511385000000004,STOP_LOSS,False,-0.36530277000000116,-1.304652749999999,ORB_50PCT
OLAELEC,2026-06-19,BUY,2026-06-19 14:45:00,2026-06-19 14:50:00,14:50,42.791385000000005,42.2,41.64,0.5600000000000023,41.64,1.1513850000000048,45.094155000000015,2026-06-19 15:25:00,42.41,END_OF_DAY,False,-0.46658638500000876,-0.40523924230384,ORB_BOUNDARY
OLAELEC,2026-06-22,BUY,2026-06-22 09:35:00,2026-06-22 09:40:00,09:40,43.071524999999994,42.83,42.27,0.5599999999999952,42.79152499999999,0.28000000000000114,43.631524999999996,2026-06-22 09:45:00,42.79152499999999,STOP_LOSS,False,-0.36586305000000113,-1.3066537499999988,ORB_50PCT
OLAELEC,2026-06-22,BUY,2026-06-22 09:35:00,2026-06-22 09:40:00,09:40,43.071524999999994,42.83,42.27,0.5599999999999952,42.27,0.8015249999999909,44.674574999999976,2026-06-22 11:10:00,42.27,STOP_LOSS,False,-0.886866524999991,-1.106473940301302,ORB_BOUNDARY
OLAELEC,2026-06-22,SELL,2026-06-22 14:05:00,2026-06-22 14:10:00,14:10,42.228875,42.83,42.27,0.5599999999999952,42.508875,0.28000000000000114,41.668875,2026-06-22 14:45:00,42.508875,STOP_LOSS,False,-0.36473775000000114,-1.3026348214285701,ORB_50PCT
OLAELEC,2026-06-22,SELL,2026-06-22 14:05:00,2026-06-22 14:10:00,14:10,42.228875,42.83,42.27,0.5599999999999952,42.83,0.6011249999999961,41.02662500000001,2026-06-22 14:55:00,42.83,STOP_LOSS,False,-0.6861838749999961,-1.1414994801414025,ORB_BOUNDARY
OLAELEC,2026-06-23,SELL,2026-06-23 10:25:00,2026-06-23 10:30:00,10:30,42.008985,42.72,42.06,0.6599999999999966,42.338985,0.3299999999999983,41.348985000000006,2026-06-23 11:30:00,42.338985,STOP_LOSS,False,-0.4143479699999983,-1.2555999090909105,ORB_50PCT
OLAELEC,2026-06-23,SELL,2026-06-23 10:25:00,2026-06-23 10:30:00,10:30,42.008985,42.72,42.06,0.6599999999999966,42.72,0.7110149999999962,40.58695500000001,2026-06-23 14:10:00,42.72,STOP_LOSS,False,-0.7957439849999962,-1.1191662412185404,ORB_BOUNDARY
OLAELEC,2026-06-24,SELL,2026-06-24 09:45:00,2026-06-24 09:50:00,09:50,42.61868,43.94,42.68,1.259999999999998,43.24867999999999,0.6299999999999955,41.35868000000001,2026-06-24 13:35:00,43.24867999999999,STOP_LOSS,False,-0.7158673599999954,-1.1362973968253978,ORB_50PCT
OLAELEC,2026-06-24,SELL,2026-06-24 09:45:00,2026-06-24 09:50:00,09:50,42.61868,43.94,42.68,1.259999999999998,43.94,1.32132,39.97604,2026-06-24 14:10:00,43.94,STOP_LOSS,False,-1.40787868,-1.0655092483274302,ORB_BOUNDARY
OLAELEC,2026-06-25,SELL,2026-06-25 12:25:00,2026-06-25 12:30:00,12:30,42.39879,43.18,42.41,0.7700000000000031,42.783789999999996,0.384999999999998,41.62879,2026-06-25 14:45:00,41.62879,TARGET,False,0.685972419999996,1.7817465454545443,ORB_50PCT
OLAELEC,2026-06-25,SELL,2026-06-25 12:25:00,2026-06-25 12:30:00,12:30,42.39879,43.18,42.41,0.7700000000000031,43.18,0.7812100000000015,40.836369999999995,2026-06-25 15:25:00,41.6,END_OF_DAY,False,0.7147912099999968,0.9149795957552967,ORB_BOUNDARY
OLAELEC,2026-06-29,SELL,2026-06-29 11:30:00,2026-06-29 11:35:00,11:35,40.689645,41.73,40.75,0.9799999999999969,41.179644999999994,0.4899999999999949,39.70964500000001,2026-06-29 15:25:00,40.35,END_OF_DAY,False,0.2586053549999973,0.5277660306122449,ORB_50PCT
OLAELEC,2026-06-29,SELL,2026-06-29 11:30:00,2026-06-29 11:35:00,11:35,40.689645,41.73,40.75,0.9799999999999969,41.73,1.0403549999999981,38.608935,2026-06-29 15:25:00,40.35,END_OF_DAY,False,0.2586053549999973,0.24857414536384,ORB_BOUNDARY
OLAELEC,2026-06-30,BUY,2026-06-30 09:35:00,2026-06-30 09:40:00,09:40,41.710845,41.0,40.45,0.5499999999999972,41.435845,0.2749999999999986,42.260844999999996,2026-06-30 09:40:00,42.260844999999996,TARGET,False,0.46602830999999717,1.6946483999999984,ORB_50PCT
OLAELEC,2026-06-30,BUY,2026-06-30 09:35:00,2026-06-30 09:40:00,09:40,41.710845,41.0,40.45,0.5499999999999972,40.45,1.2608449999999962,44.23253499999999,2026-06-30 09:50:00,44.23253499999999,TARGET,False,2.4357466199999926,1.9318366809560255,ORB_BOUNDARY
OLAELEC,2026-06-30,BUY,2026-06-30 10:15:00,2026-06-30 10:20:00,10:20,43.171575,41.0,40.45,0.5499999999999972,42.896575,0.2749999999999986,43.721574999999994,2026-06-30 10:20:00,42.896575,STOP_LOSS,False,-0.3610681499999986,-1.3129750909090925,ORB_50PCT
OLAELEC,2026-06-30,BUY,2026-06-30 10:15:00,2026-06-30 10:20:00,10:20,43.171575,41.0,40.45,0.5499999999999972,40.45,2.7215749999999943,48.614724999999986,2026-06-30 15:25:00,43.74,END_OF_DAY,False,0.4815134250000048,0.1769245473668761,ORB_BOUNDARY
OLAELEC,2026-07-02,SELL,2026-07-02 13:45:00,2026-07-02 13:50:00,13:50,44.21788,45.56,44.25,1.3100000000000023,44.87288,0.6550000000000011,42.90788,2026-07-02 14:55:00,44.87288,STOP_LOSS,False,-0.7440907600000012,-1.136016427480916,ORB_50PCT
OLAELEC,2026-07-02,SELL,2026-07-02 13:45:00,2026-07-02 13:50:00,13:50,44.21788,45.56,44.25,1.3100000000000023,45.56,1.3421200000000013,41.53364,2026-07-02 15:00:00,45.56,STOP_LOSS,False,-1.4318978800000013,-1.0668925878460942,ORB_BOUNDARY
OLAELEC,2026-07-02,BUY,2026-07-02 15:20:00,2026-07-02 15:25:00,15:25,45.90294,45.56,44.25,1.3100000000000023,45.24794,0.6550000000000011,47.21294,2026-07-02 15:25:00,45.51,END_OF_DAY,False,-0.48435294000000295,-0.7394701374045833,ORB_50PCT
OLAELEC,2026-07-02,BUY,2026-07-02 15:20:00,2026-07-02 15:25:00,15:25,45.90294,45.56,44.25,1.3100000000000023,44.25,1.652940000000001,49.20882,2026-07-02 15:25:00,45.51,END_OF_DAY,False,-0.48435294000000295,-0.2930251188790898,ORB_BOUNDARY
OLAELEC,2026-07-03,SELL,2026-07-03 10:55:00,2026-07-03 11:00:00,11:00,44.73762,45.83,44.82,1.009999999999998,45.24262,0.5050000000000026,43.727619999999995,2026-07-03 15:25:00,44.39,END_OF_DAY,False,0.25849237999999913,0.5118660990098967,ORB_50PCT
OLAELEC,2026-07-03,SELL,2026-07-03 10:55:00,2026-07-03 11:00:00,11:00,44.73762,45.83,44.82,1.009999999999998,45.83,1.0923799999999986,42.55286,2026-07-03 15:25:00,44.39,END_OF_DAY,False,0.25849237999999913,0.2366322891301557,ORB_BOUNDARY
OLAELEC,2026-07-06,SELL,2026-07-06 11:50:00,2026-07-06 11:55:00,11:55,43.148415,44.31,43.29,1.0200000000000031,43.658415000000005,0.5100000000000051,42.12841499999999,2026-07-06 12:55:00,42.12841499999999,TARGET,False,0.9347231700000103,1.8327905294117663,ORB_50PCT
OLAELEC,2026-07-06,SELL,2026-07-06 11:50:00,2026-07-06 11:55:00,11:55,43.148415,44.31,43.29,1.0200000000000031,44.31,1.1615850000000023,40.825244999999995,2026-07-06 15:25:00,42.19,END_OF_DAY,False,0.8730765850000022,0.7516252232940339,ORB_BOUNDARY
OLAELEC,2026-07-07,SELL,2026-07-07 09:35:00,2026-07-07 09:40:00,09:40,41.83907,42.85,41.9,0.9500000000000028,42.31407,0.4750000000000014,40.88907,2026-07-07 11:20:00,42.31407,STOP_LOSS,False,-0.5591531400000014,-1.1771645052631572,ORB_50PCT
OLAELEC,2026-07-07,SELL,2026-07-07 09:35:00,2026-07-07 09:40:00,09:40,41.83907,42.85,41.9,0.9500000000000028,42.85,1.0109300000000019,39.817209999999996,2026-07-07 14:50:00,42.85,STOP_LOSS,False,-1.095619070000002,-1.0837734264489132,ORB_BOUNDARY
OLAELEC,2026-07-08,BUY,2026-07-08 09:30:00,2026-07-08 09:35:00,09:35,42.391185,42.32,41.79,0.5300000000000011,42.126185,0.26500000000000057,42.921185,2026-07-08 10:20:00,42.126185,STOP_LOSS,False,-0.3495173700000006,-1.3189334716981127,ORB_50PCT
OLAELEC,2026-07-08,BUY,2026-07-08 09:30:00,2026-07-08 09:35:00,09:35,42.391185,42.32,41.79,0.5300000000000011,41.79,0.601185000000001,43.593555,2026-07-08 14:05:00,41.79,STOP_LOSS,False,-0.685366185000001,-1.1400254247860475,ORB_BOUNDARY
OLAELEC,2026-07-09,BUY,2026-07-09 09:40:00,2026-07-09 09:45:00,09:45,41.760870000000004,41.6,41.15,0.45000000000000284,41.53587,0.22500000000000142,42.21087000000001,2026-07-09 09:45:00,41.53587,STOP_LOSS,False,-0.3082967400000014,-1.370207733333331,ORB_50PCT
OLAELEC,2026-07-09,BUY,2026-07-09 09:40:00,2026-07-09 09:45:00,09:45,41.760870000000004,41.6,41.15,0.45000000000000284,41.15,0.6108700000000056,42.982610000000015,2026-07-09 10:30:00,41.15,STOP_LOSS,False,-0.6937808700000055,-1.1357258827573775,ORB_BOUNDARY
OLAELEC,2026-07-09,SELL,2026-07-09 14:05:00,2026-07-09 14:10:00,14:10,40.809585,41.6,41.15,0.45000000000000284,41.034585,0.22500000000000142,40.359584999999996,2026-07-09 15:15:00,40.359584999999996,TARGET,False,0.36883083000000283,1.6392481333333355,ORB_50PCT
OLAELEC,2026-07-09,SELL,2026-07-09 14:05:00,2026-07-09 14:10:00,14:10,40.809585,41.6,41.15,0.45000000000000284,41.6,0.790415000000003,39.22875499999999,2026-07-09 15:25:00,40.39,END_OF_DAY,False,0.33838541499999786,0.4281110745620928,ORB_BOUNDARY
OLAELEC,2026-07-10,BUY,2026-07-10 10:10:00,2026-07-10 10:15:00,10:15,41.360670000000006,41.1,40.61,0.490000000000002,41.11567000000001,0.24499999999999744,41.85067,2026-07-10 10:15:00,41.11567000000001,STOP_LOSS,False,-0.3274763399999975,-1.3366381224489832,ORB_50PCT
OLAELEC,2026-07-10,BUY,2026-07-10 10:10:00,2026-07-10 10:15:00,10:15,41.360670000000006,41.1,40.61,0.490000000000002,40.61,0.7506700000000066,42.86201000000002,2026-07-10 12:30:00,40.61,STOP_LOSS,False,-0.8326406700000066,-1.1091966776346454,ORB_BOUNDARY
OLAELEC,2026-07-10,SELL,2026-07-10 12:55:00,2026-07-10 13:00:00,13:00,40.569705000000006,41.1,40.61,0.490000000000002,40.814705000000004,0.24499999999999744,40.07970500000001,2026-07-10 13:40:00,40.814705000000004,STOP_LOSS,False,-0.32638440999999746,-1.332181265306126,ORB_50PCT
OLAELEC,2026-07-10,SELL,2026-07-10 12:55:00,2026-07-10 13:00:00,13:00,40.569705000000006,41.1,40.61,0.490000000000002,41.1,0.5302949999999953,39.509115000000016,2026-07-10 15:25:00,40.44,END_OF_DAY,False,0.048695295000008396,0.09182680394876215,ORB_BOUNDARY
OLAELEC,2026-07-13,BUY,2026-07-13 10:00:00,2026-07-13 10:05:00,10:05,40.250114999999994,40.16,39.56,0.5999999999999943,39.950115,0.29999999999999716,40.85011499999999,2026-07-13 15:25:00,40.23,END_OF_DAY,False,-0.10059511499999699,-0.3353170499999931,ORB_50PCT
OLAELEC,2026-07-13,BUY,2026-07-13 10:00:00,2026-07-13 10:05:00,10:05,40.250114999999994,40.16,39.56,0.5999999999999943,39.56,0.6901149999999916,41.63034499999998,2026-07-13 15:25:00,40.23,END_OF_DAY,False,-0.10059511499999699,-0.1457657274512193,ORB_BOUNDARY
OLAELEC,2026-07-14,SELL,2026-07-14 12:15:00,2026-07-14 12:20:00,12:20,39.790095,40.35,39.9,0.45000000000000284,40.015095,0.22500000000000142,39.340095,2026-07-14 15:10:00,39.340095,TARGET,False,0.37086981000000285,1.648310266666669,ORB_50PCT
OLAELEC,2026-07-14,SELL,2026-07-14 12:15:00,2026-07-14 12:20:00,12:20,39.790095,40.35,39.9,0.45000000000000284,40.35,0.5599050000000005,38.670285,2026-07-14 15:25:00,39.25,END_OF_DAY,False,0.4610549050000009,0.8234520231110642,ORB_BOUNDARY
OLAELEC,2026-07-15,BUY,2026-07-15 10:10:00,2026-07-15 10:15:00,10:15,40.410195,40.3,39.43,0.8699999999999974,39.975195,0.4350000000000023,41.280195000000006,2026-07-15 10:35:00,41.280195000000006,TARGET,False,0.7883096100000045,1.8122060000000009,ORB_50PCT
OLAELEC,2026-07-15,BUY,2026-07-15 10:10:00,2026-07-15 10:15:00,10:15,40.410195,40.3,39.43,0.8699999999999974,39.43,0.9801950000000019,42.370585000000005,2026-07-15 15:25:00,40.72,END_OF_DAY,False,0.2286748049999972,0.23329521676808876,ORB_BOUNDARY
OLAELEC,2026-07-16,SELL,2026-07-16 09:30:00,2026-07-16 09:35:00,09:35,40.49974,41.09,40.65,0.44000000000000483,40.71974,0.21999999999999886,40.059740000000005,2026-07-16 10:05:00,40.71974,STOP_LOSS,False,-0.3012194799999989,-1.3691794545454565,ORB_50PCT
OLAELEC,2026-07-16,SELL,2026-07-16 09:30:00,2026-07-16 09:35:00,09:35,40.49974,41.09,40.65,0.44000000000000483,41.09,0.5902600000000007,39.31922,2026-07-16 10:05:00,41.09,STOP_LOSS,False,-0.6718497400000006,-1.1382267814183578,ORB_BOUNDARY
OLAELEC,2026-07-16,SELL,2026-07-16 11:15:00,2026-07-16 11:20:00,11:20,40.61968,41.09,40.65,0.44000000000000483,40.83968,0.21999999999999886,40.179680000000005,2026-07-16 11:35:00,40.179680000000005,TARGET,False,0.35920063999999774,1.63273018181818,ORB_50PCT
OLAELEC,2026-07-16,SELL,2026-07-16 11:15:00,2026-07-16 11:20:00,11:20,40.61968,41.09,40.65,0.44000000000000483,41.09,0.47032000000000096,39.67904,2026-07-16 15:20:00,39.67904,TARGET,False,0.8603412800000019,1.8292679027045418,ORB_BOUNDARY
OLAELEC,2026-07-17,SELL,2026-07-17 11:30:00,2026-07-17 11:35:00,11:35,39.40029,40.16,39.46,0.6999999999999957,39.75028999999999,0.3499999999999943,38.70029000000001,2026-07-17 14:50:00,39.75028999999999,STOP_LOSS,False,-0.4291505799999943,-1.226144514285718,ORB_50PCT
OLAELEC,2026-07-17,SELL,2026-07-17 11:30:00,2026-07-17 11:35:00,11:35,39.40029,40.16,39.46,0.6999999999999957,40.16,0.7597099999999983,37.88087,2026-07-17 14:55:00,40.16,STOP_LOSS,False,-0.8392702899999983,-1.1047245527898806,ORB_BOUNDARY
OLAELEC,2026-07-17,BUY,2026-07-17 15:15:00,2026-07-17 15:20:00,15:20,40.210094999999995,40.16,39.46,0.6999999999999957,39.860095,0.3499999999999943,40.910094999999984,2026-07-17 15:25:00,40.35,END_OF_DAY,False,0.05934490500000594,0.16955687142859116,ORB_50PCT
OLAELEC,2026-07-17,BUY,2026-07-17 15:15:00,2026-07-17 15:20:00,15:20,40.210094999999995,40.16,39.46,0.6999999999999957,39.46,0.7500949999999946,41.710284999999985,2026-07-17 15:25:00,40.35,END_OF_DAY,False,0.05934490500000594,0.0791165185743224,ORB_BOUNDARY
OLAELEC,2026-07-20,SELL,2026-07-20 10:05:00,2026-07-20 10:10:00,10:10,39.46026,40.19,39.81,0.37999999999999545,39.650259999999996,0.18999999999999773,39.08026,2026-07-20 10:15:00,39.650259999999996,STOP_LOSS,False,-0.2691105199999977,-1.4163711578947416,ORB_50PCT
OLAELEC,2026-07-20,SELL,2026-07-20 10:05:00,2026-07-20 10:10:00,10:10,39.46026,40.19,39.81,0.37999999999999545,40.19,0.7297399999999996,38.00078,2026-07-20 15:25:00,39.14,END_OF_DAY,False,0.24165973999999757,0.331158686655518,ORB_BOUNDARY
OLAELEC,2026-07-21,SELL,2026-07-21 10:45:00,2026-07-21 10:50:00,10:50,38.890544999999996,39.5,38.98,0.5200000000000031,39.150544999999994,0.259999999999998,38.370545,2026-07-21 12:30:00,39.150544999999994,STOP_LOSS,False,-0.338041089999998,-1.3001580384615408,ORB_50PCT
OLAELEC,2026-07-21,SELL,2026-07-21 10:45:00,2026-07-21 10:50:00,10:50,38.890544999999996,39.5,38.98,0.5200000000000031,39.5,0.6094550000000041,37.67163499999999,2026-07-21 15:25:00,38.69,END_OF_DAY,False,0.1229644549999982,0.20176133594768667,ORB_BOUNDARY
OLAELEC,2026-07-22,SELL,2026-07-22 09:35:00,2026-07-22 09:40:00,09:40,38.02098,38.99,38.25,0.740000000000002,38.39098,0.36999999999999744,37.28098000000001,2026-07-22 10:35:00,37.28098000000001,TARGET,False,0.6646980399999949,1.7964811891891879,ORB_50PCT
OLAELEC,2026-07-22,SELL,2026-07-22 09:35:00,2026-07-22 09:40:00,09:40,38.02098,38.99,38.25,0.740000000000002,38.99,0.9690200000000004,36.08294,2026-07-22 15:25:00,36.6,END_OF_DAY,False,1.3463590200000002,1.389402716146209,ORB_BOUNDARY
OLAELEC,2026-07-23,BUY,2026-07-23 10:45:00,2026-07-23 10:50:00,10:50,37.668825,37.6,36.16,1.4400000000000048,36.948825,0.7199999999999989,39.108824999999996,2026-07-23 15:05:00,36.948825,STOP_LOSS,False,-0.7946176499999988,-1.1036356250000001,ORB_50PCT
OLAELEC,2026-07-23,BUY,2026-07-23 10:45:00,2026-07-23 10:50:00,10:50,37.668825,37.6,36.16,1.4400000000000048,36.16,1.5088250000000016,40.686475,2026-07-23 15:25:00,36.99,END_OF_DAY,False,-0.7534838249999962,-0.49938450449853056,ORB_BOUNDARY
OLAELEC,2026-07-24,SELL,2026-07-24 09:40:00,2026-07-24 09:45:00,09:45,36.511735,36.97,36.52,0.44999999999999574,36.736734999999996,0.22499999999999432,36.06173500000001,2026-07-24 11:25:00,36.736734999999996,STOP_LOSS,False,-0.2982484699999943,-1.3255487555555638,ORB_50PCT
OLAELEC,2026-07-24,SELL,2026-07-24 09:40:00,2026-07-24 09:45:00,09:45,36.511735,36.97,36.52,0.44999999999999574,36.97,0.45826499999999726,35.59520500000001,2026-07-24 11:40:00,36.97,STOP_LOSS,False,-0.5317467349999973,-1.1603476918376932,ORB_BOUNDARY
OLAELEC,2026-07-24,BUY,2026-07-24 13:10:00,2026-07-24 13:15:00,13:15,37.07853,36.97,36.52,0.44999999999999574,36.853530000000006,0.22499999999999432,37.52852999999999,2026-07-24 13:40:00,36.853530000000006,STOP_LOSS,False,-0.29893205999999434,-1.3285869333333418,ORB_50PCT
OLAELEC,2026-07-24,BUY,2026-07-24 13:10:00,2026-07-24 13:15:00,13:15,37.07853,36.97,36.52,0.44999999999999574,36.52,0.5585299999999975,38.195589999999996,2026-07-24 15:25:00,37.37,END_OF_DAY,False,0.21702146999999677,0.3885583048359045,ORB_BOUNDARY
OLAELEC,2026-07-27,SELL,2026-07-27 10:25:00,2026-07-27 10:30:00,10:30,37.231375,37.68,37.3,0.38000000000000256,37.421375,0.18999999999999773,36.851375000000004,2026-07-27 14:20:00,37.421375,STOP_LOSS,False,-0.2646527499999977,-1.3929092105263203,ORB_50PCT
OLAELEC,2026-07-27,SELL,2026-07-27 10:25:00,2026-07-27 10:30:00,10:30,37.231375,37.68,37.3,0.38000000000000256,37.68,0.44862499999999983,36.334125,2026-07-27 15:25:00,37.42,END_OF_DAY,False,-0.26327637500000184,-0.5868517692950725,ORB_BOUNDARY
OLAELEC,2026-07-28,SELL,2026-07-28 09:30:00,2026-07-28 09:35:00,09:35,37.091445,37.5,37.11,0.39000000000000057,37.286445,0.19500000000000028,36.701445,2026-07-28 09:35:00,37.286445,STOP_LOSS,False,-0.2693778900000003,-1.3814250769230765,ORB_50PCT
OLAELEC,2026-07-28,SELL,2026-07-28 09:30:00,2026-07-28 09:35:00,09:35,37.091445,37.5,37.11,0.39000000000000057,37.5,0.4085549999999998,36.274335,2026-07-28 09:35:00,37.5,STOP_LOSS,False,-0.48314644499999976,-1.182573815031024,ORB_BOUNDARY
OLAELEC,2026-07-28,SELL,2026-07-28 10:00:00,2026-07-28 10:05:00,10:05,37.041470000000004,37.5,37.11,0.39000000000000057,37.236470000000004,0.19500000000000028,36.65147,2026-07-28 10:05:00,37.236470000000004,STOP_LOSS,False,-0.26927794000000027,-1.3809125128205122,ORB_50PCT
OLAELEC,2026-07-28,SELL,2026-07-28 10:00:00,2026-07-28 10:05:00,10:05,37.041470000000004,37.5,37.11,0.39000000000000057,37.5,0.4585299999999961,36.12441000000001,2026-07-28 10:50:00,37.5,STOP_LOSS,False,-0.5330714699999961,-1.1625661788759747,ORB_BOUNDARY
OLAELEC,2026-07-28,BUY,2026-07-28 10:55:00,2026-07-28 11:00:00,11:00,37.51875,37.5,37.11,0.39000000000000057,37.32375,0.19500000000000028,37.90875,2026-07-28 11:30:00,37.32375,STOP_LOSS,False,-0.2698425000000003,-1.3838076923076919,ORB_50PCT
OLAELEC,2026-07-28,BUY,2026-07-28 10:55:00,2026-07-28 11:00:00,11:00,37.51875,37.5,37.11,0.39000000000000057,37.11,0.4087499999999977,38.33624999999999,2026-07-28 13:45:00,37.11,STOP_LOSS,False,-0.48337874999999775,-1.1825779816513773,ORB_BOUNDARY
OLAELEC,2026-07-28,SELL,2026-07-28 14:05:00,2026-07-28 14:10:00,14:10,37.081450000000004,37.5,37.11,0.39000000000000057,37.276450000000004,0.19500000000000028,36.69145,2026-07-28 15:25:00,37.24,END_OF_DAY,False,-0.2328714499999982,-1.1942125641025532,ORB_50PCT
OLAELEC,2026-07-28,SELL,2026-07-28 14:05:00,2026-07-28 14:10:00,14:10,37.081450000000004,37.5,37.11,0.39000000000000057,37.5,0.4185499999999962,36.24435000000001,2026-07-28 15:25:00,37.24,END_OF_DAY,False,-0.2328714499999982,-0.5563766575080643,ORB_BOUNDARY
OLAELEC,2026-07-30,SELL,2026-07-30 10:25:00,2026-07-30 10:30:00,10:30,37.711135,38.18,37.75,0.4299999999999997,37.926135,0.2150000000000034,37.28113499999999,2026-07-30 11:15:00,37.926135,STOP_LOSS,False,-0.2906372700000034,-1.3518012558139478,ORB_50PCT
OLAELEC,2026-07-30,SELL,2026-07-30 10:25:00,2026-07-30 10:30:00,10:30,37.711135,38.18,37.75,0.4299999999999997,38.18,0.468865000000001,36.773405,2026-07-30 15:25:00,37.79,END_OF_DAY,False,-0.1543661350000004,-0.3292336493446943,ORB_BOUNDARY
OLAELEC,2026-07-31,BUY,2026-07-31 09:50:00,2026-07-31 09:55:00,09:55,38.309145,38.03,37.61,0.4200000000000017,38.099145,0.21000000000000085,38.729145,2026-07-31 10:00:00,38.099145,STOP_LOSS,False,-0.28640829000000084,-1.3638489999999985,ORB_50PCT
OLAELEC,2026-07-31,BUY,2026-07-31 09:50:00,2026-07-31 09:55:00,09:55,38.309145,38.03,37.61,0.4200000000000017,37.61,0.6991450000000015,39.707435000000004,2026-07-31 15:25:00,38.75,END_OF_DAY,False,0.3637958549999991,0.5203439272253944,ORB_BOUNDARY
OLAELEC,2026-08-04,BUY,2026-08-04 09:50:00,2026-08-04 09:55:00,09:55,39.27963,39.25,38.71,0.5399999999999991,39.00963,0.269999999999996,39.81962999999999,2026-08-04 11:35:00,39.00963,STOP_LOSS,False,-0.34828925999999605,-1.2899602222222266,ORB_50PCT
OLAELEC,2026-08-04,BUY,2026-08-04 09:50:00,2026-08-04 09:55:00,09:55,39.27963,39.25,38.71,0.5399999999999991,38.71,0.5696299999999965,40.41888999999999,2026-08-04 13:30:00,38.71,STOP_LOSS,False,-0.6476196299999966,-1.136912785492338,ORB_BOUNDARY
OLAELEC,2026-08-04,SELL,2026-08-04 13:35:00,2026-08-04 13:40:00,13:40,38.68065,39.25,38.71,0.5399999999999991,38.950649999999996,0.269999999999996,38.14065000000001,2026-08-04 15:25:00,38.5,END_OF_DAY,False,0.10346934999999997,0.38321981481482037,ORB_50PCT
OLAELEC,2026-08-04,SELL,2026-08-04 13:35:00,2026-08-04 13:40:00,13:40,38.68065,39.25,38.71,0.5399999999999991,39.25,0.56935,37.54195,2026-08-04 15:25:00,38.5,END_OF_DAY,False,0.10346934999999997,0.1817324141564942,ORB_BOUNDARY
OLAELEC,2026-08-05,BUY,2026-08-05 09:30:00,2026-08-05 09:35:00,09:35,41.190585,40.45,38.72,1.730000000000004,40.325585,0.865000000000002,42.920585,2026-08-05 15:25:00,41.5,END_OF_DAY,False,0.22672441500000134,0.26210915028901827,ORB_50PCT
OLAELEC,2026-08-05,BUY,2026-08-05 09:30:00,2026-08-05 09:35:00,09:35,41.190585,40.45,38.72,1.730000000000004,38.72,2.470585,46.131755,2026-08-05 15:25:00,41.5,END_OF_DAY,False,0.22672441500000134,0.09176952624580872,ORB_BOUNDARY
OLAELEC,2026-08-07,SELL,2026-08-07 10:15:00,2026-08-07 10:20:00,10:20,41.11943,41.74,41.2,0.5399999999999991,41.389430000000004,0.2700000000000031,40.579429999999995,2026-08-07 10:25:00,41.389430000000004,STOP_LOSS,False,-0.35250886000000314,-1.3055883703703668,ORB_50PCT
OLAELEC,2026-08-07,SELL,2026-08-07 10:15:00,2026-08-07 10:20:00,10:20,41.11943,41.74,41.2,0.5399999999999991,41.74,0.6205700000000007,39.87829,2026-08-07 15:25:00,41.0,END_OF_DAY,False,0.037310570000001264,0.06012306427961587,ORB_BOUNDARY
OLAELEC,2026-08-10,BUY,2026-08-10 09:35:00,2026-08-10 09:40:00,09:40,40.370175,39.86,38.85,1.009999999999998,39.86517500000001,0.5049999999999955,41.380174999999994,2026-08-10 13:00:00,39.86517500000001,STOP_LOSS,False,-0.5852353499999955,-1.1588818811881203,ORB_50PCT
OLAELEC,2026-08-10,BUY,2026-08-10 09:35:00,2026-08-10 09:40:00,09:40,40.370175,39.86,38.85,1.009999999999998,38.85,1.5201750000000018,43.41052500000001,2026-08-10 15:25:00,39.33,END_OF_DAY,False,-1.1198751750000049,-0.7366751689772583,ORB_BOUNDARY
OLAELEC,2026-08-12,SELL,2026-08-12 09:40:00,2026-08-12 09:45:00,09:45,39.770105,40.81,39.85,0.9600000000000009,40.250105000000005,0.480000000000004,38.81010499999999,2026-08-12 15:25:00,39.88,END_OF_DAY,False,-0.18954510500000163,-0.39488563541666677,ORB_50PCT
OLAELEC,2026-08-12,SELL,2026-08-12 09:40:00,2026-08-12 09:45:00,09:45,39.770105,40.81,39.85,0.9600000000000009,40.81,1.0398950000000013,37.690315,2026-08-12 15:25:00,39.88,END_OF_DAY,False,-0.18954510500000163,-0.18227331124777155,ORB_BOUNDARY
OLAELEC,2026-08-13,SELL,2026-08-13 09:40:00,2026-08-13 09:45:00,09:45,39.910035,40.41,40.0,0.4099999999999966,40.115035,0.2049999999999983,39.500035000000004,2026-08-13 15:25:00,39.500035000000004,TARGET,False,0.3305899299999966,1.6126338048780455,ORB_50PCT
OLAELEC,2026-08-13,SELL,2026-08-13 09:40:00,2026-08-13 09:45:00,09:45,39.910035,40.41,40.0,0.4099999999999966,40.41,0.499964999999996,38.91010500000001,2026-08-13 15:25:00,39.55,END_OF_DAY,False,0.28057496500000345,0.5611892132449385,ORB_BOUNDARY
OLAELEC,2026-08-14,SELL,2026-08-14 09:35:00,2026-08-14 09:40:00,09:40,39.110435,39.79,39.21,0.5799999999999983,39.400435,0.28999999999999915,38.530435000000004,2026-08-14 13:35:00,38.530435000000004,TARGET,False,0.5023591299999983,1.732272862068965,ORB_50PCT
OLAELEC,2026-08-14,SELL,2026-08-14 09:35:00,2026-08-14 09:40:00,09:40,39.110435,39.79,39.21,0.5799999999999983,39.79,0.6795649999999966,37.75130500000001,2026-08-14 15:25:00,38.58,END_OF_DAY,False,0.4527445650000042,0.6662270202261836,ORB_BOUNDARY
SUZLON,2025-08-18,SELL,2025-08-18 09:40:00,2025-08-18 09:45:00,09:45,60.099935,61.64,60.2,1.4399999999999977,60.819935,0.7199999999999989,58.659935000000004,2025-08-18 10:55:00,58.659935000000004,TARGET,False,1.3212401299999976,1.8350557361111106,ORB_50PCT
SUZLON,2025-08-18,SELL,2025-08-18 09:40:00,2025-08-18 09:45:00,09:45,60.099935,61.64,60.2,1.4399999999999977,61.64,1.5400649999999985,57.019805000000005,2025-08-18 12:10:00,57.019805000000005,TARGET,False,2.963010259999997,1.9239514306214347,ORB_BOUNDARY
SUZLON,2025-08-18,SELL,2025-08-18 15:15:00,2025-08-18 15:20:00,15:20,57.961005,61.64,60.2,1.4399999999999977,58.681005,0.7199999999999989,56.521005,2025-08-18 15:25:00,58.09,END_OF_DAY,False,-0.24504600500000331,-0.3403416736111162,ORB_50PCT
SUZLON,2025-08-18,SELL,2025-08-18 15:15:00,2025-08-18 15:20:00,15:20,57.961005,61.64,60.2,1.4399999999999977,61.64,3.6789950000000005,50.603015,2025-08-18 15:25:00,58.09,END_OF_DAY,False,-0.24504600500000331,-0.06660677848162427,ORB_BOUNDARY
SUZLON,2025-08-19,BUY,2025-08-19 10:40:00,2025-08-19 10:45:00,10:45,58.6293,58.54,57.72,0.8200000000000003,58.219300000000004,0.4099999999999966,59.449299999999994,2025-08-19 12:10:00,59.449299999999994,TARGET,False,0.7019213999999931,1.7120034146341438,ORB_50PCT
SUZLON,2025-08-19,BUY,2025-08-19 10:40:00,2025-08-19 10:45:00,10:45,58.6293,58.54,57.72,0.8200000000000003,57.72,0.9093000000000018,60.447900000000004,2025-08-19 15:25:00,59.62,END_OF_DAY,False,0.8724506999999968,0.959475090729127,ORB_BOUNDARY
SUZLON,2025-08-20,SELL,2025-08-20 09:50:00,2025-08-20 09:55:00,09:55,59.220375,59.72,59.3,0.4200000000000017,59.430375,0.21000000000000085,58.800374999999995,2025-08-20 09:55:00,59.430375,STOP_LOSS,False,-0.3286507500000008,-1.565003571428569,ORB_50PCT
SUZLON,2025-08-20,SELL,2025-08-20 09:50:00,2025-08-20 09:55:00,09:55,59.220375,59.72,59.3,0.4200000000000017,59.72,0.49962500000000176,58.221124999999994,2025-08-20 11:00:00,59.72,STOP_LOSS,False,-0.6185653750000017,-1.2380592944708522,ORB_BOUNDARY
SUZLON,2025-08-20,BUY,2025-08-20 15:05:00,2025-08-20 15:10:00,15:10,59.919945,59.72,59.3,0.4200000000000017,59.709945,0.21000000000000085,60.339945,2025-08-20 15:25:00,59.82,END_OF_DAY,False,-0.2196849449999982,-1.0461187857142729,ORB_50PCT
SUZLON,2025-08-20,BUY,2025-08-20 15:05:00,2025-08-20 15:10:00,15:10,59.919945,59.72,59.3,0.4200000000000017,59.3,0.6199450000000013,61.159835,2025-08-20 15:25:00,59.82,END_OF_DAY,False,-0.2196849449999982,-0.35436199178959055,ORB_BOUNDARY
SUZLON,2025-08-21,SELL,2025-08-21 11:30:00,2025-08-21 11:35:00,11:35,59.420275000000004,60.24,59.62,0.6200000000000045,59.730275000000006,0.3100000000000023,58.800275,2025-08-21 13:35:00,58.800275,TARGET,False,0.5017794500000046,1.6186433870967771,ORB_50PCT
SUZLON,2025-08-21,SELL,2025-08-21 11:30:00,2025-08-21 11:35:00,11:35,59.420275000000004,60.24,59.62,0.6200000000000045,60.24,0.8197249999999983,57.78082500000001,2025-08-21 15:25:00,58.25,END_OF_DAY,False,1.0526047250000037,1.2840949403763529,ORB_BOUNDARY
SUZLON,2025-08-22,BUY,2025-08-22 09:40:00,2025-08-22 09:45:00,09:45,59.259615,59.15,58.24,0.9099999999999966,58.804615,0.4549999999999983,60.16961499999999,2025-08-22 10:25:00,58.804615,STOP_LOSS,False,-0.5730642299999983,-1.2594818241758252,ORB_50PCT
SUZLON,2025-08-22,BUY,2025-08-22 09:40:00,2025-08-22 09:45:00,09:45,59.259615,59.15,58.24,0.9099999999999966,58.24,1.0196149999999946,61.298844999999986,2025-08-22 14:10:00,58.24,STOP_LOSS,False,-1.1371146149999947,-1.1152391981287062,ORB_BOUNDARY
SUZLON,2025-08-25,SELL,2025-08-25 09:30:00,2025-08-25 09:35:00,09:35,57.971,59.04,58.11,0.9299999999999997,58.43599999999999,0.4649999999999963,57.041000000000004,2025-08-25 15:25:00,57.52,END_OF_DAY,False,0.3355089999999934,0.7215247311827873,ORB_50PCT
SUZLON,2025-08-25,SELL,2025-08-25 09:30:00,2025-08-25 09:35:00,09:35,57.971,59.04,58.11,0.9299999999999997,59.04,1.0690000000000026,55.83299999999999,2025-08-25 15:25:00,57.52,END_OF_DAY,False,0.3355089999999934,0.31385313376987145,ORB_BOUNDARY
SUZLON,2025-08-26,SELL,2025-08-26 09:30:00,2025-08-26 09:35:00,09:35,56.79159,57.45,56.86,0.5900000000000034,57.08659,0.2950000000000017,56.201589999999996,2025-08-26 10:00:00,57.08659,STOP_LOSS,False,-0.4088781800000017,-1.3860277288135572,ORB_50PCT
SUZLON,2025-08-26,SELL,2025-08-26 09:30:00,2025-08-26 09:35:00,09:35,56.79159,57.45,56.86,0.5900000000000034,57.45,0.6584100000000035,55.47476999999999,2025-08-26 15:25:00,57.08,END_OF_DAY,False,-0.40228158999999897,-0.6109894898315591,ORB_BOUNDARY
SUZLON,2025-08-28,SELL,2025-08-28 09:30:00,2025-08-28 09:35:00,09:35,55.93202,57.31,56.04,1.2700000000000031,56.56702,0.634999999999998,54.662020000000005,2025-08-28 09:50:00,56.56702,STOP_LOSS,False,-0.747499039999998,-1.1771638425196855,ORB_50PCT
SUZLON,2025-08-28,SELL,2025-08-28 09:30:00,2025-08-28 09:35:00,09:35,55.93202,57.31,56.04,1.2700000000000031,57.31,1.3779800000000009,53.17606,2025-08-28 15:25:00,56.33,END_OF_DAY,False,-0.5102420199999969,-0.3702826020696937,ORB_BOUNDARY
SUZLON,2025-08-29,SELL,2025-08-29 09:30:00,2025-08-29 09:35:00,09:35,55.772099999999995,56.65,55.94,0.7100000000000009,56.1271,0.355000000000004,55.06209999999999,2025-08-29 10:05:00,56.1271,STOP_LOSS,False,-0.46689920000000396,-1.3152090140845034,ORB_50PCT
SUZLON,2025-08-29,SELL,2025-08-29 09:30:00,2025-08-29 09:35:00,09:35,55.772099999999995,56.65,55.94,0.7100000000000009,56.65,0.8779000000000039,54.01629999999999,2025-08-29 11:20:00,56.65,STOP_LOSS,False,-0.9903221000000039,-1.1280579792687089,ORB_BOUNDARY
SUZLON,2025-08-29,BUY,2025-08-29 11:25:00,2025-08-29 11:30:00,11:30,56.74836,56.65,55.94,0.7100000000000009,56.39336,0.3549999999999969,57.45835999999999,2025-08-29 15:15:00,56.39336,STOP_LOSS,False,-0.4681417199999969,-1.318709070422538,ORB_50PCT
SUZLON,2025-08-29,BUY,2025-08-29 11:25:00,2025-08-29 11:30:00,11:30,56.74836,56.65,55.94,0.7100000000000009,55.94,0.8083600000000004,58.36508,2025-08-29 15:25:00,56.48,END_OF_DAY,False,-0.3815883600000013,-0.4720525013607812,ORB_BOUNDARY
SUZLON,2025-09-01,BUY,2025-09-01 15:05:00,2025-09-01 15:10:00,15:10,57.918945,57.84,56.57,1.2700000000000031,57.283945,0.634999999999998,59.188945,2025-09-01 15:25:00,57.98,END_OF_DAY,False,-0.05484394500000392,-0.08636841732284109,ORB_50PCT
SUZLON,2025-09-01,BUY,2025-09-01 15:05:00,2025-09-01 15:10:00,15:10,57.918945,57.84,56.57,1.2700000000000031,56.57,1.3489450000000005,60.616835,2025-09-01 15:25:00,57.98,END_OF_DAY,False,-0.05484394500000392,-0.04065691707223341,ORB_BOUNDARY
SUZLON,2025-09-02,SELL,2025-09-02 13:55:00,2025-09-02 14:00:00,14:00,58.050959999999996,59.0,58.11,0.8900000000000006,58.49596,0.4450000000000003,57.160959999999996,2025-09-02 15:25:00,58.28,END_OF_DAY,False,-0.3453709600000048,-0.7761145168539428,ORB_50PCT
SUZLON,2025-09-02,SELL,2025-09-02 13:55:00,2025-09-02 14:00:00,14:00,58.050959999999996,59.0,58.11,0.8900000000000006,59.0,0.9490400000000037,56.15287999999999,2025-09-02 15:25:00,58.28,END_OF_DAY,False,-0.3453709600000048,-0.36391612576920196,ORB_BOUNDARY
SUZLON,2025-09-03,BUY,2025-09-03 09:50:00,2025-09-03 09:55:00,09:55,58.58928,58.5,58.19,0.3100000000000023,58.43428,0.15500000000000114,58.899280000000005,2025-09-03 09:55:00,58.43428,STOP_LOSS,False,-0.27202356000000116,-1.754990709677414,ORB_50PCT
SUZLON,2025-09-03,BUY,2025-09-03 09:50:00,2025-09-03 09:55:00,09:55,58.58928,58.5,58.19,0.3100000000000023,58.19,0.3992800000000045,59.38784000000001,2025-09-03 10:40:00,58.19,STOP_LOSS,False,-0.5160592800000046,-1.292474654377877,ORB_BOUNDARY
SUZLON,2025-09-03,SELL,2025-09-03 11:00:00,2025-09-03 11:05:00,11:05,58.11093,58.5,58.19,0.3100000000000023,58.265930000000004,0.15500000000000114,57.80093,2025-09-03 11:15:00,58.265930000000004,STOP_LOSS,False,-0.27137686000000116,-1.750818451612898,ORB_50PCT
SUZLON,2025-09-03,SELL,2025-09-03 11:00:00,2025-09-03 11:05:00,11:05,58.11093,58.5,58.19,0.3100000000000023,58.5,0.3890699999999967,57.33279000000001,2025-09-03 11:20:00,58.5,STOP_LOSS,False,-0.5056809299999967,-1.299717094610227,ORB_BOUNDARY
SUZLON,2025-09-03,BUY,2025-09-03 11:25:00,2025-09-03 11:30:00,11:30,58.549260000000004,58.5,58.19,0.3100000000000023,58.39426,0.15500000000000114,58.859260000000006,2025-09-03 12:00:00,58.39426,STOP_LOSS,False,-0.27194352000000116,-1.7544743225806398,ORB_50PCT
SUZLON,2025-09-03,BUY,2025-09-03 11:25:00,2025-09-03 11:30:00,11:30,58.549260000000004,58.5,58.19,0.3100000000000023,58.19,0.35926000000000613,59.267780000000016,2025-09-03 13:30:00,58.19,STOP_LOSS,False,-0.47599926000000614,-1.3249436619718256,ORB_BOUNDARY
SUZLON,2025-09-03,SELL,2025-09-03 14:55:00,2025-09-03 15:00:00,15:00,58.000985,58.5,58.19,0.3100000000000023,58.155985,0.15500000000000114,57.690985,2025-09-03 15:25:00,58.09,END_OF_DAY,False,-0.2051059850000034,-1.323264419354851,ORB_50PCT
SUZLON,2025-09-03,SELL,2025-09-03 14:55:00,2025-09-03 15:00:00,15:00,58.000985,58.5,58.19,0.3100000000000023,58.5,0.499015,57.002955,2025-09-03 15:25:00,58.09,END_OF_DAY,False,-0.2051059850000034,-0.41102168271495526,ORB_BOUNDARY
SUZLON,2025-09-04,SELL,2025-09-04 10:10:00,2025-09-04 10:15:00,10:15,58.260855,58.85,58.32,0.5300000000000011,58.525855,0.26500000000000057,57.730855,2025-09-04 12:20:00,57.730855,TARGET,False,0.41400829000000117,1.5622954339622652,ORB_50PCT
SUZLON,2025-09-04,SELL,2025-09-04 10:10:00,2025-09-04 10:15:00,10:15,58.260855,58.85,58.32,0.5300000000000011,58.85,0.589145000000002,57.082564999999995,2025-09-04 15:25:00,57.5,END_OF_DAY,False,0.6450941449999994,1.0949666805285578,ORB_BOUNDARY
SUZLON,2025-09-05,SELL,2025-09-05 12:45:00,2025-09-05 12:50:00,12:50,57.29134,57.88,57.32,0.5600000000000023,57.57134,0.28000000000000114,56.731339999999996,2025-09-05 13:30:00,57.57134,STOP_LOSS,False,-0.39486268000000113,-1.4102238571428554,ORB_50PCT
SUZLON,2025-09-05,SELL,2025-09-05 12:45:00,2025-09-05 12:50:00,12:50,57.29134,57.88,57.32,0.5600000000000023,57.88,0.5886600000000044,56.11401999999999,2025-09-05 13:40:00,57.88,STOP_LOSS,False,-0.7038313400000044,-1.1956500186865069,ORB_BOUNDARY
SUZLON,2025-09-05,BUY,2025-09-05 14:10:00,2025-09-05 14:15:00,14:15,57.92895,57.88,57.32,0.5600000000000023,57.64895,0.28000000000000114,58.48895,2025-09-05 15:25:00,57.93,END_OF_DAY,False,-0.11480895000000067,-0.41003196428571503,ORB_50PCT
SUZLON,2025-09-05,BUY,2025-09-05 14:10:00,2025-09-05 14:15:00,14:15,57.92895,57.88,57.32,0.5600000000000023,57.32,0.6089500000000001,59.14685,2025-09-05 15:25:00,57.93,END_OF_DAY,False,-0.11480895000000067,-0.18853592248953224,ORB_BOUNDARY
SUZLON,2025-09-08,SELL,2025-09-08 13:50:00,2025-09-08 13:55:00,13:55,57.65116,58.25,57.76,0.490000000000002,57.896159999999995,0.24499999999999744,57.16116,2025-09-08 15:25:00,57.49,END_OF_DAY,False,0.0460188399999953,0.1878319999999828,ORB_50PCT
SUZLON,2025-09-08,SELL,2025-09-08 13:50:00,2025-09-08 13:55:00,13:55,57.65116,58.25,57.76,0.490000000000002,58.25,0.5988400000000027,56.45347999999999,2025-09-08 15:25:00,57.49,END_OF_DAY,False,0.0460188399999953,0.0768466368311988,ORB_BOUNDARY
SUZLON,2025-09-09,SELL,2025-09-09 11:45:00,2025-09-09 11:50:00,11:50,57.021474999999995,57.75,57.06,0.6899999999999977,57.366474999999994,0.34499999999999886,56.331475,2025-09-09 15:25:00,57.13,END_OF_DAY,False,-0.2226764750000073,-0.6454390579710378,ORB_50PCT
SUZLON,2025-09-09,SELL,2025-09-09 11:45:00,2025-09-09 11:50:00,11:50,57.021474999999995,57.75,57.06,0.6899999999999977,57.75,0.7285250000000048,55.564424999999986,2025-09-09 15:25:00,57.13,END_OF_DAY,False,-0.2226764750000073,-0.30565385539275364,ORB_BOUNDARY
SUZLON,2025-09-11,SELL,2025-09-11 11:35:00,2025-09-11 11:40:00,11:40,57.351310000000005,58.04,57.41,0.6300000000000026,57.66631000000001,0.31500000000000483,56.721309999999995,2025-09-11 15:25:00,57.0,END_OF_DAY,False,0.2369586900000051,0.7522498095238142,ORB_50PCT
SUZLON,2025-09-11,SELL,2025-09-11 11:35:00,2025-09-11 11:40:00,11:40,57.351310000000005,58.04,57.41,0.6300000000000026,58.04,0.688689999999994,55.97393000000002,2025-09-11 15:25:00,57.0,END_OF_DAY,False,0.2369586900000051,0.34407162874443825,ORB_BOUNDARY
SUZLON,2025-09-12,SELL,2025-09-12 09:55:00,2025-09-12 10:00:00,10:00,56.981494999999995,57.32,57.06,0.259999999999998,57.11149499999999,0.12999999999999545,56.721495000000004,2025-09-12 10:10:00,57.11149499999999,STOP_LOSS,False,-0.24409298999999546,-1.8776383846154154,ORB_50PCT
SUZLON,2025-09-12,SELL,2025-09-12 09:55:00,2025-09-12 10:00:00,10:00,56.981494999999995,57.32,57.06,0.259999999999998,57.32,0.33850500000000494,56.304484999999985,2025-09-12 15:15:00,57.32,STOP_LOSS,False,-0.4528064950000049,-1.337665603166861,ORB_BOUNDARY
SUZLON,2025-09-15,BUY,2025-09-15 10:05:00,2025-09-15 10:10:00,10:10,58.219094999999996,58.14,57.2,0.9399999999999977,57.749095,0.46999999999999886,59.15909499999999,2025-09-15 15:25:00,58.2,END_OF_DAY,False,-0.13551409499999298,-0.28832786170211344,ORB_50PCT
SUZLON,2025-09-15,BUY,2025-09-15 10:05:00,2025-09-15 10:10:00,10:10,58.219094999999996,58.14,57.2,0.9399999999999977,57.2,1.019094999999993,60.25728499999998,2025-09-15 15:25:00,58.2,END_OF_DAY,False,-0.13551409499999298,-0.132974938548412,ORB_BOUNDARY
SUZLON,2025-09-16,BUY,2025-09-16 11:25:00,2025-09-16 11:30:00,11:30,59.60979,59.28,58.29,0.990000000000002,59.11479,0.49499999999999744,60.59978999999999,2025-09-16 12:00:00,59.11479,STOP_LOSS,False,-0.6137245799999974,-1.2398476363636375,ORB_50PCT
SUZLON,2025-09-16,BUY,2025-09-16 11:25:00,2025-09-16 11:30:00,11:30,59.60979,59.28,58.29,0.990000000000002,58.29,1.3197899999999976,62.24936999999999,2025-09-16 15:25:00,59.03,END_OF_DAY,False,-0.6984297899999956,-0.5291976678107857,ORB_BOUNDARY
SUZLON,2025-09-17,SELL,2025-09-17 09:45:00,2025-09-17 09:50:00,09:50,59.240365000000004,60.08,59.4,0.6799999999999997,59.580365,0.3399999999999963,58.56036500000001,2025-09-17 15:25:00,59.27,END_OF_DAY,False,-0.14814536499999897,-0.4357216617647076,ORB_50PCT
SUZLON,2025-09-17,SELL,2025-09-17 09:45:00,2025-09-17 09:50:00,09:50,59.240365000000004,60.08,59.4,0.6799999999999997,60.08,0.8396349999999941,57.561095000000016,2025-09-17 15:25:00,59.27,END_OF_DAY,False,-0.14814536499999897,-0.17644019722855767,ORB_BOUNDARY
SUZLON,2025-09-18,SELL,2025-09-18 10:10:00,2025-09-18 10:15:00,10:15,59.200385,59.66,59.25,0.4099999999999966,59.405384999999995,0.2049999999999983,58.790385,2025-09-18 12:40:00,58.790385,TARGET,False,0.29200922999999657,1.424435268292678,ORB_50PCT
SUZLON,2025-09-18,SELL,2025-09-18 10:10:00,2025-09-18 10:15:00,10:15,59.200385,59.66,59.25,0.4099999999999966,59.66,0.45961499999999944,58.281155,2025-09-18 15:25:00,59.05,END_OF_DAY,False,0.03213461499999999,0.06991637566223911,ORB_BOUNDARY
SUZLON,2025-09-19,BUY,2025-09-19 10:20:00,2025-09-19 10:25:00,10:25,59.98998,59.7,59.06,0.6400000000000006,59.66998,0.3200000000000003,60.62998,2025-09-19 10:30:00,59.66998,STOP_LOSS,False,-0.4396599600000003,-1.3739373749999997,ORB_50PCT
SUZLON,2025-09-19,BUY,2025-09-19 10:20:00,2025-09-19 10:25:00,10:25,59.98998,59.7,59.06,0.6400000000000006,59.06,0.9299800000000005,61.849940000000004,2025-09-19 15:25:00,60.6,END_OF_DAY,False,0.4894300199999987,0.526280156562505,ORB_BOUNDARY
SUZLON,2025-09-22,BUY,2025-09-22 09:30:00,2025-09-22 09:35:00,09:35,60.860414999999996,60.75,60.2,0.5499999999999972,60.585415,0.2749999999999986,61.41041499999999,2025-09-22 09:50:00,60.585415,STOP_LOSS,False,-0.39644582999999856,-1.4416212000000022,ORB_50PCT
SUZLON,2025-09-22,BUY,2025-09-22 09:30:00,2025-09-22 09:35:00,09:35,60.860414999999996,60.75,60.2,0.5499999999999972,60.2,0.6604149999999933,62.18124499999998,2025-09-22 14:05:00,60.2,STOP_LOSS,False,-0.7814754149999933,-1.1833096083523258,ORB_BOUNDARY
SUZLON,2025-09-22,SELL,2025-09-22 14:10:00,2025-09-22 14:15:00,14:15,60.14991,60.75,60.2,0.5499999999999972,60.42491,0.2749999999999986,59.59991,2025-09-22 15:25:00,59.85,END_OF_DAY,False,0.17991008999999702,0.6542185090909016,ORB_50PCT
SUZLON,2025-09-22,SELL,2025-09-22 14:10:00,2025-09-22 14:15:00,14:15,60.14991,60.75,60.2,0.5499999999999972,60.75,0.6000900000000016,58.949729999999995,2025-09-22 15:25:00,59.85,END_OF_DAY,False,0.17991008999999702,0.2998051792231108,ORB_BOUNDARY
SUZLON,2025-09-23,SELL,2025-09-23 09:45:00,2025-09-23 09:50:00,09:50,59.45026,60.13,59.55,0.5800000000000054,59.740260000000006,0.29000000000000625,58.87025999999999,2025-09-23 11:15:00,58.87025999999999,TARGET,False,0.4616794800000125,1.5919982068965606,ORB_50PCT
SUZLON,2025-09-23,SELL,2025-09-23 09:45:00,2025-09-23 09:50:00,09:50,59.45026,60.13,59.55,0.5800000000000054,60.13,0.6797400000000025,58.090779999999995,2025-09-23 15:25:00,58.79,END_OF_DAY,False,0.542019740000001,0.797392738399975,ORB_BOUNDARY
SUZLON,2025-09-24,SELL,2025-09-24 11:05:00,2025-09-24 11:10:00,11:10,58.040965,58.88,58.15,0.730000000000004,58.405965,0.365000000000002,57.310964999999996,2025-09-24 15:25:00,57.54,END_OF_DAY,False,0.3853840350000008,1.0558466712328731,ORB_50PCT
SUZLON,2025-09-24,SELL,2025-09-24 11:05:00,2025-09-24 11:10:00,11:10,58.040965,58.88,58.15,0.730000000000004,58.88,0.8390350000000026,56.362894999999995,2025-09-24 15:25:00,57.54,END_OF_DAY,False,0.3853840350000008,0.45931818696478643,ORB_BOUNDARY
SUZLON,2025-09-25,SELL,2025-09-25 12:40:00,2025-09-25 12:45:00,12:45,57.321325,58.2,57.46,0.740000000000002,57.691325000000006,0.37000000000000455,56.58132499999999,2025-09-25 15:10:00,56.58132499999999,TARGET,False,0.6260973500000091,1.6921550000000039,ORB_50PCT
SUZLON,2025-09-25,SELL,2025-09-25 12:40:00,2025-09-25 12:45:00,12:45,57.321325,58.2,57.46,0.740000000000002,58.2,0.8786750000000012,55.563975,2025-09-25 15:25:00,56.66,END_OF_DAY,False,0.547343675000005,0.6229193672290714,ORB_BOUNDARY
SUZLON,2025-09-26,SELL,2025-09-26 09:30:00,2025-09-26 09:35:00,09:35,56.381795,56.99,56.45,0.5399999999999991,56.65179499999999,0.269999999999996,55.841795000000005,2025-09-26 09:45:00,56.65179499999999,STOP_LOSS,False,-0.38303358999999604,-1.418642925925932,ORB_50PCT
SUZLON,2025-09-26,SELL,2025-09-26 09:30:00,2025-09-26 09:35:00,09:35,56.381795,56.99,56.45,0.5399999999999991,56.99,0.6082050000000052,55.165384999999986,2025-09-26 09:45:00,56.99,STOP_LOSS,False,-0.7215767950000052,-1.1864039180868275,ORB_BOUNDARY
SUZLON,2025-09-26,BUY,2025-09-26 09:55:00,2025-09-26 10:00:00,10:00,57.148559999999996,56.99,56.45,0.5399999999999991,56.87855999999999,0.2700000000000031,57.68856,2025-09-26 10:00:00,56.87855999999999,STOP_LOSS,False,-0.3840271200000031,-1.4223226666666617,ORB_50PCT
SUZLON,2025-09-26,BUY,2025-09-26 09:55:00,2025-09-26 10:00:00,10:00,57.148559999999996,56.99,56.45,0.5399999999999991,56.45,0.6985599999999934,58.54567999999998,2025-09-26 12:25:00,56.45,STOP_LOSS,False,-0.8121585599999934,-1.1626181859825944,ORB_BOUNDARY
SUZLON,2025-09-29,SELL,2025-09-29 11:45:00,2025-09-29 11:50:00,11:50,55.422275000000006,56.36,55.5,0.8599999999999994,55.852275000000006,0.4299999999999997,54.56227500000001,2025-09-29 14:20:00,55.852275000000006,STOP_LOSS,False,-0.5412745499999997,-1.2587780232558141,ORB_50PCT
SUZLON,2025-09-29,SELL,2025-09-29 11:45:00,2025-09-29 11:50:00,11:50,55.422275000000006,56.36,55.5,0.8599999999999994,56.36,0.9377249999999933,53.54682500000002,2025-09-29 15:25:00,55.31,END_OF_DAY,False,0.0015427250000038806,0.0016451784904997645,ORB_BOUNDARY
SUZLON,2025-09-30,SELL,2025-09-30 10:25:00,2025-09-30 10:30:00,10:30,54.91253,55.46,54.96,0.5,55.16253,0.25,54.41253,2025-09-30 14:30:00,54.41253,TARGET,False,0.39067494,1.56269976,ORB_50PCT
SUZLON,2025-09-30,SELL,2025-09-30 10:25:00,2025-09-30 10:30:00,10:30,54.91253,55.46,54.96,0.5,55.46,0.5474700000000041,53.81758999999999,2025-09-30 15:25:00,54.97,END_OF_DAY,False,-0.16735253000000214,-0.3056834712404349,ORB_BOUNDARY
SUZLON,2025-10-01,BUY,2025-10-01 09:30:00,2025-10-01 09:35:00,09:35,55.297635,55.26,54.96,0.29999999999999716,55.147635,0.14999999999999858,55.597635,2025-10-01 09:50:00,55.147635,STOP_LOSS,False,-0.26044526999999856,-1.7363018000000068,ORB_50PCT
SUZLON,2025-10-01,BUY,2025-10-01 09:30:00,2025-10-01 09:35:00,09:35,55.297635,55.26,54.96,0.29999999999999716,54.96,0.3376349999999988,55.972905,2025-10-01 09:55:00,54.96,STOP_LOSS,False,-0.44789263499999876,-1.3265586654227208,ORB_BOUNDARY
SUZLON,2025-10-01,SELL,2025-10-01 10:00:00,2025-10-01 10:05:00,10:05,54.83257,55.26,54.96,0.29999999999999716,54.982569999999996,0.14999999999999858,54.53257,2025-10-01 10:10:00,54.982569999999996,STOP_LOSS,False,-0.25981513999999856,-1.7321009333333401,ORB_50PCT
SUZLON,2025-10-01,SELL,2025-10-01 10:00:00,2025-10-01 10:05:00,10:05,54.83257,55.26,54.96,0.29999999999999716,55.26,0.4274300000000011,53.977709999999995,2025-10-01 12:05:00,55.26,STOP_LOSS,False,-0.537522570000001,-1.2575686545165283,ORB_BOUNDARY
SUZLON,2025-10-03,SELL,2025-10-03 09:45:00,2025-10-03 09:50:00,09:50,54.902535,55.48,55.0,0.4799999999999969,55.142534999999995,0.23999999999999488,54.42253500000001,2025-10-03 10:40:00,54.42253500000001,TARGET,False,0.37067492999998974,1.5444788749999903,ORB_50PCT
SUZLON,2025-10-03,SELL,2025-10-03 09:45:00,2025-10-03 09:50:00,09:50,54.902535,55.48,55.0,0.4799999999999969,55.48,0.5774649999999966,53.74760500000001,2025-10-03 15:25:00,54.62,END_OF_DAY,False,0.17301246500000286,0.2996068419731133,ORB_BOUNDARY
SUZLON,2025-10-06,SELL,2025-10-06 09:30:00,2025-10-06 09:35:00,09:35,54.63267,55.17,54.71,0.46000000000000085,54.862669999999994,0.22999999999999687,54.172670000000004,2025-10-06 11:15:00,54.172670000000004,TARGET,False,0.3511946599999938,1.5269333043478197,ORB_50PCT
SUZLON,2025-10-06,SELL,2025-10-06 09:30:00,2025-10-06 09:35:00,09:35,54.63267,55.17,54.71,0.46000000000000085,55.17,0.5373300000000043,53.55800999999999,2025-10-06 15:25:00,54.14,END_OF_DAY,False,0.3838973299999968,0.7144535574041906,ORB_BOUNDARY
SUZLON,2025-10-07,BUY,2025-10-07 09:30:00,2025-10-07 09:35:00,09:35,54.54726,54.42,54.05,0.37000000000000455,54.36226,0.18500000000000227,54.917260000000006,2025-10-07 09:45:00,54.36226,STOP_LOSS,False,-0.29390952000000226,-1.5887001081081007,ORB_50PCT
SUZLON,2025-10-07,BUY,2025-10-07 09:30:00,2025-10-07 09:35:00,09:35,54.54726,54.42,54.05,0.37000000000000455,54.05,0.49726000000000425,55.54178000000001,2025-10-07 11:20:00,54.05,STOP_LOSS,False,-0.6058572600000043,-1.2183913043478243,ORB_BOUNDARY
SUZLON,2025-10-07,SELL,2025-10-07 15:00:00,2025-10-07 15:05:00,15:05,53.973,54.42,54.05,0.37000000000000455,54.158,0.18500000000000227,53.602999999999994,2025-10-07 15:25:00,54.11,END_OF_DAY,False,-0.24508300000000044,-1.3247729729729592,ORB_50PCT
SUZLON,2025-10-07,SELL,2025-10-07 15:00:00,2025-10-07 15:05:00,15:05,53.973,54.42,54.05,0.37000000000000455,54.42,0.44700000000000273,53.07899999999999,2025-10-07 15:25:00,54.11,END_OF_DAY,False,-0.24508300000000044,-0.5482841163310939,ORB_BOUNDARY
SUZLON,2025-10-08,SELL,2025-10-08 10:10:00,2025-10-08 10:15:00,10:15,53.663154999999996,54.14,53.85,0.28999999999999915,53.808155,0.14500000000000313,53.37315499999999,2025-10-08 11:05:00,53.37315499999999,TARGET,False,0.18296369000000628,1.261818551724154,ORB_50PCT
SUZLON,2025-10-08,SELL,2025-10-08 10:10:00,2025-10-08 10:15:00,10:15,53.663154999999996,54.14,53.85,0.28999999999999915,54.14,0.4768450000000044,52.70946499999999,2025-10-08 15:10:00,52.70946499999999,TARGET,False,0.8473173800000088,1.776924115802831,ORB_BOUNDARY
SUZLON,2025-10-09,SELL,2025-10-09 09:55:00,2025-10-09 10:00:00,10:00,52.65366,53.45,52.8,0.6500000000000057,52.978660000000005,0.32500000000000284,52.003659999999996,2025-10-09 11:20:00,52.978660000000005,STOP_LOSS,False,-0.43063232000000284,-1.3250225230769201,ORB_50PCT
SUZLON,2025-10-09,SELL,2025-10-09 09:55:00,2025-10-09 10:00:00,10:00,52.65366,53.45,52.8,0.6500000000000057,53.45,0.7963400000000007,51.06098,2025-10-09 13:15:00,53.45,STOP_LOSS,False,-0.9024436600000008,-1.1332391440841851,ORB_BOUNDARY
SUZLON,2025-10-10,BUY,2025-10-10 09:35:00,2025-10-10 09:40:00,09:40,53.796885,53.74,53.23,0.5100000000000051,53.541885,0.25500000000000256,54.30688500000001,2025-10-10 09:40:00,54.30688500000001,TARGET,False,0.4018962300000051,1.5760636470588276,ORB_50PCT
SUZLON,2025-10-10,BUY,2025-10-10 09:35:00,2025-10-10 09:40:00,09:40,53.796885,53.74,53.23,0.5100000000000051,53.23,0.5668850000000063,54.930655000000016,2025-10-10 15:25:00,54.4,END_OF_DAY,False,0.4949181149999954,0.8730485283611136,ORB_BOUNDARY
SUZLON,2025-10-13,SELL,2025-10-13 09:30:00,2025-10-13 09:35:00,09:35,53.843064999999996,54.48,54.03,0.44999999999999574,54.06806499999999,0.22499999999999432,53.39306500000001,2025-10-13 10:10:00,54.06806499999999,STOP_LOSS,False,-0.3329111299999943,-1.4796050222222341,ORB_50PCT
SUZLON,2025-10-13,SELL,2025-10-13 09:30:00,2025-10-13 09:35:00,09:35,53.843064999999996,54.48,54.03,0.44999999999999574,54.48,0.6369350000000011,52.56919499999999,2025-10-13 15:25:00,54.4,END_OF_DAY,False,-0.6651780650000029,-1.0443421463728664,ORB_BOUNDARY
SUZLON,2025-10-14,SELL,2025-10-14 09:40:00,2025-10-14 09:45:00,09:45,54.222875,54.7,54.35,0.3500000000000014,54.397875,0.17499999999999716,53.87287500000001,2025-10-14 11:15:00,53.87287500000001,TARGET,False,0.2419042499999943,1.38230999999999,ORB_50PCT
SUZLON,2025-10-14,SELL,2025-10-14 09:40:00,2025-10-14 09:45:00,09:45,54.222875,54.7,54.35,0.3500000000000014,54.7,0.4771250000000009,53.268625,2025-10-14 15:25:00,53.93,END_OF_DAY,False,0.18472212500000224,0.3871566675399568,ORB_BOUNDARY
SUZLON,2025-10-15,BUY,2025-10-15 10:35:00,2025-10-15 10:40:00,10:40,54.58728,54.55,54.01,0.5399999999999991,54.31728,0.2700000000000031,55.127280000000006,2025-10-15 10:45:00,54.31728,STOP_LOSS,False,-0.37890456000000317,-1.4033502222222176,ORB_50PCT
SUZLON,2025-10-15,BUY,2025-10-15 10:35:00,2025-10-15 10:40:00,10:40,54.58728,54.55,54.01,0.5399999999999991,54.01,0.5772800000000018,55.74184,2025-10-15 12:20:00,54.01,STOP_LOSS,False,-0.6858772800000018,-1.1881189024390237,ORB_BOUNDARY
SUZLON,2025-10-15,SELL,2025-10-15 13:45:00,2025-10-15 13:50:00,13:50,53.943014999999995,54.55,54.01,0.5399999999999991,54.213015,0.2700000000000031,53.40301499999999,2025-10-15 15:25:00,53.93,END_OF_DAY,False,-0.09485801500000422,-0.3513259814814931,ORB_50PCT
SUZLON,2025-10-15,SELL,2025-10-15 13:45:00,2025-10-15 13:50:00,13:50,53.943014999999995,54.55,54.01,0.5399999999999991,54.55,0.6069850000000017,52.72904499999999,2025-10-15 15:25:00,53.93,END_OF_DAY,False,-0.09485801500000422,-0.15627736270254447,ORB_BOUNDARY
SUZLON,2025-10-16,SELL,2025-10-16 10:20:00,2025-10-16 10:25:00,10:25,53.85306,54.2,53.92,0.28000000000000114,53.99306,0.14000000000000057,53.57306,2025-10-16 12:15:00,53.57306,TARGET,False,0.17257388000000112,1.2326705714285744,ORB_50PCT
SUZLON,2025-10-16,SELL,2025-10-16 10:20:00,2025-10-16 10:25:00,10:25,53.85306,54.2,53.92,0.28000000000000114,54.2,0.3469400000000036,53.15917999999999,2025-10-16 15:25:00,53.59,END_OF_DAY,False,0.15561693999999585,0.4485413616187071,ORB_BOUNDARY
SUZLON,2025-10-17,SELL,2025-10-17 09:45:00,2025-10-17 09:50:00,09:50,52.803585,53.64,52.87,0.7700000000000031,53.188585,0.3850000000000051,52.03358499999999,2025-10-17 13:50:00,52.03358499999999,TARGET,False,0.6651628300000102,1.7276956623376658,ORB_50PCT
SUZLON,2025-10-17,SELL,2025-10-17 09:45:00,2025-10-17 09:50:00,09:50,52.803585,53.64,52.87,0.7700000000000031,53.64,0.8364150000000024,51.13075499999999,2025-10-17 15:25:00,53.64,STOP_LOSS,False,-0.9428585850000024,-1.1272616882767523,ORB_BOUNDARY
SUZLON,2025-10-20,SELL,2025-10-20 10:10:00,2025-10-20 10:15:00,10:15,52.953509999999994,53.69,53.07,0.6199999999999974,53.26351,0.3100000000000023,52.33350999999999,2025-10-20 15:25:00,53.16,END_OF_DAY,False,-0.3126035100000023,-1.0083984193548388,ORB_50PCT
SUZLON,2025-10-20,SELL,2025-10-20 10:10:00,2025-10-20 10:15:00,10:15,52.953509999999994,53.69,53.07,0.6199999999999974,53.69,0.7364900000000034,51.48052999999999,2025-10-20 15:25:00,53.16,END_OF_DAY,False,-0.3126035100000023,-0.4244504473923622,ORB_BOUNDARY
SUZLON,2025-10-23,BUY,2025-10-23 09:30:00,2025-10-23 09:35:00,09:35,54.96747,54.86,54.51,0.3500000000000014,54.792469999999994,0.17500000000000426,55.31747000000001,2025-10-23 09:40:00,54.792469999999994,STOP_LOSS,False,-0.28475994000000426,-1.6271996571428418,ORB_50PCT
SUZLON,2025-10-23,BUY,2025-10-23 09:30:00,2025-10-23 09:35:00,09:35,54.96747,54.86,54.51,0.3500000000000014,54.51,0.4574700000000007,55.88241,2025-10-23 15:10:00,54.51,STOP_LOSS,False,-0.5669474700000007,-1.2393107088989437,ORB_BOUNDARY
SUZLON,2025-10-23,SELL,2025-10-23 15:15:00,2025-10-23 15:20:00,15:20,54.402785,54.86,54.51,0.3500000000000014,54.577785000000006,0.17500000000000426,54.05278499999999,2025-10-23 15:25:00,54.34,END_OF_DAY,False,-0.0459577850000019,-0.26261591428571873,ORB_50PCT
SUZLON,2025-10-23,SELL,2025-10-23 15:15:00,2025-10-23 15:20:00,15:20,54.402785,54.86,54.51,0.3500000000000014,54.86,0.45721499999999793,53.488355000000006,2025-10-23 15:25:00,54.34,END_OF_DAY,False,-0.0459577850000019,-0.10051679188128586,ORB_BOUNDARY
SUZLON,2025-10-24,BUY,2025-10-24 09:35:00,2025-10-24 09:40:00,09:40,55.16757,55.1,54.53,0.5700000000000003,54.88257,0.2849999999999966,55.73756999999999,2025-10-24 10:10:00,54.88257,STOP_LOSS,False,-0.3950501399999966,-1.386140842105268,ORB_50PCT
SUZLON,2025-10-24,BUY,2025-10-24 09:35:00,2025-10-24 09:40:00,09:40,55.16757,55.1,54.53,0.5700000000000003,54.53,0.6375699999999966,56.44270999999999,2025-10-24 10:30:00,54.53,STOP_LOSS,False,-0.7472675699999967,-1.1720557272142675,ORB_BOUNDARY
SUZLON,2025-10-24,SELL,2025-10-24 12:35:00,2025-10-24 12:40:00,12:40,54.502735,55.1,54.53,0.5700000000000003,54.787735,0.2849999999999966,53.93273500000001,2025-10-24 13:25:00,53.93273500000001,TARGET,False,0.4615645299999932,1.6195246666666623,ORB_50PCT
SUZLON,2025-10-24,SELL,2025-10-24 12:35:00,2025-10-24 12:40:00,12:40,54.502735,55.1,54.53,0.5700000000000003,55.1,0.5972650000000002,53.308205,2025-10-24 15:25:00,53.9,END_OF_DAY,False,0.49433226500000266,0.8276598578520464,ORB_BOUNDARY
SUZLON,2025-10-27,SELL,2025-10-27 09:45:00,2025-10-27 09:50:00,09:50,53.79309,54.16,53.84,0.3199999999999932,53.953089999999996,0.1599999999999966,53.473090000000006,2025-10-27 10:20:00,53.953089999999996,STOP_LOSS,False,-0.2677461799999966,-1.6734136250000144,ORB_50PCT
SUZLON,2025-10-27,SELL,2025-10-27 09:45:00,2025-10-27 09:50:00,09:50,53.79309,54.16,53.84,0.3199999999999932,54.16,0.3669099999999972,53.059270000000005,2025-10-27 15:25:00,53.71,END_OF_DAY,False,-0.02441309000000144,-0.06653699817394355,ORB_BOUNDARY
SUZLON,2025-10-28,BUY,2025-10-28 09:30:00,2025-10-28 09:35:00,09:35,54.20709,53.98,53.6,0.37999999999999545,54.01709,0.18999999999999773,54.587089999999996,2025-10-28 09:40:00,54.01709,STOP_LOSS,False,-0.29822417999999773,-1.5696009473684278,ORB_50PCT
SUZLON,2025-10-28,BUY,2025-10-28 09:30:00,2025-10-28 09:35:00,09:35,54.20709,53.98,53.6,0.37999999999999545,53.6,0.6070899999999995,55.42127,2025-10-28 11:00:00,53.6,STOP_LOSS,False,-0.7148970899999995,-1.1775800787362667,ORB_BOUNDARY
SUZLON,2025-10-28,BUY,2025-10-28 11:30:00,2025-10-28 11:35:00,11:35,54.137055,53.98,53.6,0.37999999999999545,53.947055,0.18999999999999773,54.51705499999999,2025-10-28 12:00:00,54.51705499999999,TARGET,False,0.2713458899999955,1.428136263157888,ORB_50PCT
SUZLON,2025-10-28,BUY,2025-10-28 11:30:00,2025-10-28 11:35:00,11:35,54.137055,53.98,53.6,0.37999999999999545,53.6,0.5370549999999952,55.21116499999999,2025-10-28 12:20:00,55.21116499999999,TARGET,False,0.9647617799999904,1.7963928834104497,ORB_BOUNDARY
SUZLON,2025-10-29,BUY,2025-10-29 09:55:00,2025-10-29 10:00:00,10:00,57.238605,57.12,55.98,1.1400000000000006,56.668605,0.5700000000000003,58.378605,2025-10-29 10:20:00,58.378605,TARGET,False,1.0243827900000007,1.7971627894736844,ORB_50PCT
SUZLON,2025-10-29,BUY,2025-10-29 09:55:00,2025-10-29 10:00:00,10:00,57.238605,57.12,55.98,1.1400000000000006,55.98,1.2586050000000029,59.755815000000005,2025-10-29 15:25:00,58.25,END_OF_DAY,False,0.8959063950000002,0.7118249132968629,ORB_BOUNDARY
SUZLON,2025-10-30,SELL,2025-10-30 09:30:00,2025-10-30 09:35:00,09:35,58.31083,59.33,58.44,0.8900000000000006,58.75583,0.4450000000000003,57.42083,2025-10-30 11:25:00,58.75583,STOP_LOSS,False,-0.5620666600000003,-1.2630711460674156,ORB_50PCT
SUZLON,2025-10-30,SELL,2025-10-30 09:30:00,2025-10-30 09:35:00,09:35,58.31083,59.33,58.44,0.8900000000000006,59.33,1.0191699999999955,56.27249000000001,2025-10-30 15:25:00,58.6,END_OF_DAY,False,-0.4060808299999986,-0.39844268375246567,ORB_BOUNDARY
SUZLON,2025-10-31,BUY,2025-10-31 09:50:00,2025-10-31 09:55:00,09:55,59.74986,59.47,58.7,0.769999999999996,59.36486,0.384999999999998,60.519859999999994,2025-10-31 10:00:00,59.36486,STOP_LOSS,False,-0.504114719999998,-1.3093888831168847,ORB_50PCT
SUZLON,2025-10-31,BUY,2025-10-31 09:50:00,2025-10-31 09:55:00,09:55,59.74986,59.47,58.7,0.769999999999996,58.7,1.0498599999999954,61.84957999999999,2025-10-31 15:25:00,59.3,END_OF_DAY,False,-0.568909860000001,-0.5418911664412431,ORB_BOUNDARY
SUZLON,2025-11-04,BUY,2025-11-04 11:00:00,2025-11-04 11:05:00,11:05,60.180074999999995,59.94,59.2,0.7399999999999949,59.810075,0.36999999999999744,60.92007499999999,2025-11-04 11:05:00,59.810075,STOP_LOSS,False,-0.48999014999999746,-1.324297702702705,ORB_50PCT
SUZLON,2025-11-04,BUY,2025-11-04 11:00:00,2025-11-04 11:05:00,11:05,60.180074999999995,59.94,59.2,0.7399999999999949,59.2,0.9800749999999923,62.14022499999998,2025-11-04 15:25:00,60.02,END_OF_DAY,False,-0.280275074999992,-0.285973088794219,ORB_BOUNDARY
SUZLON,2025-11-06,SELL,2025-11-06 15:20:00,2025-11-06 15:25:00,15:25,59.480245,61.5,59.54,1.9600000000000009,60.460245,0.980000000000004,57.52024499999999,2025-11-06 15:25:00,59.5,END_OF_DAY,False,-0.1387352450000035,-0.14156657653061525,ORB_50PCT
SUZLON,2025-11-06,SELL,2025-11-06 15:20:00,2025-11-06 15:25:00,15:25,59.480245,61.5,59.54,1.9600000000000009,61.5,2.0197550000000035,55.44073499999999,2025-11-06 15:25:00,59.5,END_OF_DAY,False,-0.1387352450000035,-0.06868914546566453,ORB_BOUNDARY
SUZLON,2025-11-07,SELL,2025-11-07 09:30:00,2025-11-07 09:35:00,09:35,57.721125,59.5,58.1,1.3999999999999986,58.421125,0.7000000000000028,56.321124999999995,2025-11-07 11:15:00,58.421125,STOP_LOSS,False,-0.8161422500000028,-1.1659174999999993,ORB_50PCT
SUZLON,2025-11-07,SELL,2025-11-07 09:30:00,2025-11-07 09:35:00,09:35,57.721125,59.5,58.1,1.3999999999999986,59.5,1.7788749999999993,54.163375,2025-11-07 15:25:00,57.48,END_OF_DAY,False,0.12592387500000382,0.07078848991638191,ORB_BOUNDARY
SUZLON,2025-11-10,SELL,2025-11-10 10:35:00,2025-11-10 10:40:00,10:40,57.59119,58.19,57.63,0.5599999999999952,57.87119,0.28000000000000114,57.031189999999995,2025-11-10 13:20:00,57.031189999999995,TARGET,False,0.44537762000000225,1.5906343571428587,ORB_50PCT
SUZLON,2025-11-10,SELL,2025-11-10 10:35:00,2025-11-10 10:40:00,10:40,57.59119,58.19,57.63,0.5599999999999952,58.19,0.5988100000000003,56.39357,2025-11-10 15:25:00,57.49,END_OF_DAY,False,-0.01389119000000455,-0.02319799268550048,ORB_BOUNDARY
SUZLON,2025-11-11,SELL,2025-11-11 09:30:00,2025-11-11 09:35:00,09:35,56.881544999999996,57.85,57.2,0.6499999999999986,57.20654499999999,0.32499999999999574,56.231545000000004,2025-11-11 09:55:00,57.20654499999999,STOP_LOSS,False,-0.4390880899999957,-1.3510402769230814,ORB_50PCT
SUZLON,2025-11-11,SELL,2025-11-11 09:30:00,2025-11-11 09:35:00,09:35,56.881544999999996,57.85,57.2,0.6499999999999986,57.85,0.9684550000000058,54.944634999999984,2025-11-11 15:15:00,57.85,STOP_LOSS,False,-1.0831865450000058,-1.1184686381917583,ORB_BOUNDARY
SUZLON,2025-11-12,BUY,2025-11-12 10:15:00,2025-11-12 10:20:00,10:20,58.359165,58.33,57.67,0.6599999999999966,58.029165,0.3299999999999983,59.019164999999994,2025-11-12 11:20:00,58.029165,STOP_LOSS,False,-0.4463883299999983,-1.3526919090909109,ORB_50PCT
SUZLON,2025-11-12,BUY,2025-11-12 10:15:00,2025-11-12 10:20:00,10:20,58.359165,58.33,57.67,0.6599999999999966,57.67,0.6891649999999956,59.73749499999999,2025-11-12 15:25:00,58.29,END_OF_DAY,False,-0.18581416499999814,-0.26962217320960774,ORB_BOUNDARY
SUZLON,2025-11-13,SELL,2025-11-13 12:35:00,2025-11-13 12:40:00,12:40,57.841065,58.3,57.9,0.3999999999999986,58.041065,0.20000000000000284,57.441064999999995,2025-11-13 15:25:00,57.441064999999995,TARGET,False,0.2847178700000057,1.4235893500000083,ORB_50PCT
SUZLON,2025-11-13,SELL,2025-11-13 12:35:00,2025-11-13 12:40:00,12:40,57.841065,58.3,57.9,0.3999999999999986,58.3,0.45893499999999676,56.92319500000001,2025-11-13 15:25:00,57.53,END_OF_DAY,False,0.19569393499999926,0.42640882695806737,ORB_BOUNDARY
SUZLON,2025-11-14,SELL,2025-11-14 14:20:00,2025-11-14 14:25:00,14:25,57.07145,58.29,57.13,1.1599999999999966,57.65145,0.5799999999999983,55.91145,2025-11-14 15:10:00,57.65145,STOP_LOSS,False,-0.6947228999999983,-1.1977981034482763,ORB_50PCT
SUZLON,2025-11-14,SELL,2025-11-14 14:20:00,2025-11-14 14:25:00,14:25,57.07145,58.29,57.13,1.1599999999999966,58.29,1.2185500000000005,54.63435,2025-11-14 15:25:00,57.74,END_OF_DAY,False,-0.7833614500000033,-0.6428636083870198,ORB_BOUNDARY
SUZLON,2025-11-17,SELL,2025-11-17 09:50:00,2025-11-17 09:55:00,09:55,57.721125,58.16,57.76,0.3999999999999986,57.921125,0.20000000000000284,57.321124999999995,2025-11-17 15:25:00,57.69,END_OF_DAY,False,-0.08428612499999705,-0.42143062499997924,ORB_50PCT
SUZLON,2025-11-17,SELL,2025-11-17 09:50:00,2025-11-17 09:55:00,09:55,57.721125,58.16,57.76,0.3999999999999986,58.16,0.4388749999999959,56.84337500000001,2025-11-17 15:25:00,57.69,END_OF_DAY,False,-0.08428612499999705,-0.19205041298774783,ORB_BOUNDARY
SUZLON,2025-11-18,SELL,2025-11-18 09:35:00,2025-11-18 09:40:00,09:40,57.181395,57.88,57.35,0.5300000000000011,57.446395,0.26500000000000057,56.651395,2025-11-18 15:25:00,56.8,END_OF_DAY,False,0.26741360500000483,1.0091079433962424,ORB_50PCT
SUZLON,2025-11-18,SELL,2025-11-18 09:35:00,2025-11-18 09:40:00,09:40,57.181395,57.88,57.35,0.5300000000000011,57.88,0.6986050000000006,55.784185,2025-11-18 15:25:00,56.8,END_OF_DAY,False,0.26741360500000483,0.38278226608742366,ORB_BOUNDARY
SUZLON,2025-11-19,SELL,2025-11-19 11:25:00,2025-11-19 11:30:00,11:30,56.43177,57.08,56.55,0.5300000000000011,56.69677,0.26500000000000057,55.90177,2025-11-19 13:40:00,56.69677,STOP_LOSS,False,-0.37812854000000057,-1.4269001509433954,ORB_50PCT
SUZLON,2025-11-19,SELL,2025-11-19 11:25:00,2025-11-19 11:30:00,11:30,56.43177,57.08,56.55,0.5300000000000011,57.08,0.6482299999999981,55.135310000000004,2025-11-19 15:25:00,56.57,END_OF_DAY,False,-0.2512317700000001,-0.387565786834921,ORB_BOUNDARY
SUZLON,2025-11-20,SELL,2025-11-20 11:05:00,2025-11-20 11:10:00,11:10,56.55171,57.12,56.6,0.519999999999996,56.81171,0.259999999999998,56.031710000000004,2025-11-20 11:20:00,56.81171,STOP_LOSS,False,-0.373363419999998,-1.4360131538461571,ORB_50PCT
SUZLON,2025-11-20,SELL,2025-11-20 11:05:00,2025-11-20 11:10:00,11:10,56.55171,57.12,56.6,0.519999999999996,57.12,0.5682899999999975,55.415130000000005,2025-11-20 12:55:00,57.12,STOP_LOSS,False,-0.6819617099999975,-1.2000241250065995,ORB_BOUNDARY
SUZLON,2025-11-21,SELL,2025-11-21 10:05:00,2025-11-21 10:10:00,10:10,56.05196,56.72,56.1,0.6199999999999974,56.361959999999996,0.30999999999999517,55.43196000000001,2025-11-21 14:50:00,55.43196000000001,TARGET,False,0.5085160799999904,1.6403744516128977,ORB_50PCT
SUZLON,2025-11-21,SELL,2025-11-21 10:05:00,2025-11-21 10:10:00,10:10,56.05196,56.72,56.1,0.6199999999999974,56.72,0.6680399999999977,54.715880000000006,2025-11-21 15:25:00,55.21,END_OF_DAY,False,0.7306980400000003,1.0937938446799633,ORB_BOUNDARY
SUZLON,2025-11-24,SELL,2025-11-24 09:40:00,2025-11-24 09:45:00,09:45,55.022475,55.54,55.08,0.46000000000000085,55.252475000000004,0.23000000000000398,54.56247499999999,2025-11-24 10:00:00,55.252475000000004,STOP_LOSS,False,-0.34027495000000396,-1.4794563043478177,ORB_50PCT
SUZLON,2025-11-24,SELL,2025-11-24 09:40:00,2025-11-24 09:45:00,09:45,55.022475,55.54,55.08,0.46000000000000085,55.54,0.5175249999999991,53.987425,2025-11-24 15:25:00,54.59,END_OF_DAY,False,0.3228625249999966,0.6238587990918258,ORB_BOUNDARY
SUZLON,2025-11-26,BUY,2025-11-26 09:30:00,2025-11-26 09:35:00,09:35,55.387679999999996,55.3,54.14,1.1599999999999966,54.80768,0.5799999999999983,56.54767999999999,2025-11-26 15:25:00,55.66,END_OF_DAY,False,0.16127232000000058,0.27805572413793284,ORB_50PCT
SUZLON,2025-11-26,BUY,2025-11-26 09:30:00,2025-11-26 09:35:00,09:35,55.387679999999996,55.3,54.14,1.1599999999999966,54.14,1.2476799999999955,57.88303999999999,2025-11-26 15:25:00,55.66,END_OF_DAY,False,0.16127232000000058,0.12925775839959058,ORB_BOUNDARY
SUZLON,2025-11-27,SELL,2025-11-27 09:45:00,2025-11-27 09:50:00,09:50,55.412279999999996,55.9,55.46,0.4399999999999977,55.632279999999994,0.21999999999999886,54.97228,2025-11-27 10:05:00,55.632279999999994,STOP_LOSS,False,-0.3310445599999988,-1.5047480000000024,ORB_50PCT
SUZLON,2025-11-27,SELL,2025-11-27 09:45:00,2025-11-27 09:50:00,09:50,55.412279999999996,55.9,55.46,0.4399999999999977,55.9,0.48772000000000304,54.43683999999999,2025-11-27 15:25:00,54.96,END_OF_DAY,False,0.3419077199999947,0.7010328057081779,ORB_BOUNDARY
SUZLON,2025-11-28,SELL,2025-11-28 10:05:00,2025-11-28 10:10:00,10:10,54.29284,55.0,54.4,0.6000000000000014,54.592839999999995,0.29999999999999716,53.692840000000004,2025-11-28 11:20:00,54.592839999999995,STOP_LOSS,False,-0.40888567999999714,-1.36295226666667,ORB_50PCT
SUZLON,2025-11-28,SELL,2025-11-28 10:05:00,2025-11-28 10:10:00,10:10,54.29284,55.0,54.4,0.6000000000000014,55.0,0.7071600000000018,52.878519999999995,2025-11-28 15:25:00,54.12,END_OF_DAY,False,0.06442716000000077,0.09110690649923725,ORB_BOUNDARY
SUZLON,2025-12-01,SELL,2025-12-01 09:40:00,2025-12-01 09:45:00,09:45,54.172900000000006,54.74,54.28,0.46000000000000085,54.4029,0.22999999999999687,53.71290000000001,2025-12-01 14:50:00,53.71290000000001,TARGET,False,0.3521141999999937,1.5309313043478197,ORB_50PCT
SUZLON,2025-12-01,SELL,2025-12-01 09:40:00,2025-12-01 09:45:00,09:45,54.172900000000006,54.74,54.28,0.46000000000000085,54.74,0.5670999999999964,53.03870000000001,2025-12-01 15:25:00,53.77,END_OF_DAY,False,0.29495710000000247,0.5201147945688668,ORB_BOUNDARY
SUZLON,2025-12-02,BUY,2025-12-02 10:30:00,2025-12-02 10:35:00,10:35,53.836905,53.77,53.24,0.5300000000000011,53.571905,0.26500000000000057,54.366905,2025-12-02 11:55:00,53.571905,STOP_LOSS,False,-0.3724088100000006,-1.4053162641509427,ORB_50PCT
SUZLON,2025-12-02,BUY,2025-12-02 10:30:00,2025-12-02 10:35:00,10:35,53.836905,53.77,53.24,0.5300000000000011,53.24,0.5969049999999996,55.030715,2025-12-02 13:20:00,53.24,STOP_LOSS,False,-0.7039819049999996,-1.1793868454779237,ORB_BOUNDARY
SUZLON,2025-12-03,SELL,2025-12-03 09:30:00,2025-12-03 09:35:00,09:35,53.103435000000005,53.65,53.25,0.3999999999999986,53.30343500000001,0.20000000000000284,52.703435,2025-12-03 10:05:00,52.703435,TARGET,False,0.2941931300000057,1.4709656500000075,ORB_50PCT
SUZLON,2025-12-03,SELL,2025-12-03 09:30:00,2025-12-03 09:35:00,09:35,53.103435000000005,53.65,53.25,0.3999999999999986,53.65,0.546564999999994,52.01030500000002,2025-12-03 15:25:00,52.63,END_OF_DAY,False,0.36770156500000206,0.6727499291026797,ORB_BOUNDARY
SUZLON,2025-12-04,BUY,2025-12-04 09:40:00,2025-12-04 09:45:00,09:45,52.70634,52.66,52.07,0.5899999999999963,52.411339999999996,0.2950000000000017,53.29634,2025-12-04 10:45:00,52.411339999999996,STOP_LOSS,False,-0.4001176800000017,-1.3563311186440656,ORB_50PCT
SUZLON,2025-12-04,BUY,2025-12-04 09:40:00,2025-12-04 09:45:00,09:45,52.70634,52.66,52.07,0.5899999999999963,52.07,0.636339999999997,53.97901999999999,2025-12-04 11:20:00,52.07,STOP_LOSS,False,-0.741116339999997,-1.1646546500298591,ORB_BOUNDARY
SUZLON,2025-12-05,BUY,2025-12-05 15:10:00,2025-12-05 15:15:00,15:15,51.935955,51.45,50.83,0.6200000000000045,51.625955,0.3100000000000023,52.555955000000004,2025-12-05 15:25:00,51.89,END_OF_DAY,False,-0.1497809549999993,-0.4831643709677361,ORB_50PCT
SUZLON,2025-12-05,BUY,2025-12-05 15:10:00,2025-12-05 15:15:00,15:15,51.935955,51.45,50.83,0.6200000000000045,50.83,1.1059550000000016,54.147865,2025-12-05 15:25:00,51.89,END_OF_DAY,False,-0.1497809549999993,-0.13543132858027596,ORB_BOUNDARY
SUZLON,2025-12-08,BUY,2025-12-08 10:45:00,2025-12-08 10:50:00,10:50,52.98648,52.94,51.89,1.0499999999999972,52.46148,0.5249999999999986,54.03648,2025-12-08 11:30:00,52.46148,STOP_LOSS,False,-0.6304479599999986,-1.2008532571428576,ORB_50PCT
SUZLON,2025-12-08,BUY,2025-12-08 10:45:00,2025-12-08 10:50:00,10:50,52.98648,52.94,51.89,1.0499999999999972,51.89,1.0964799999999997,55.17944,2025-12-08 13:05:00,51.89,STOP_LOSS,False,-1.2013564799999996,-1.095648329198891,ORB_BOUNDARY
SUZLON,2025-12-08,SELL,2025-12-08 14:10:00,2025-12-08 14:15:00,14:15,51.844065,52.94,51.89,1.0499999999999972,52.369065,0.5249999999999986,50.794065,2025-12-08 15:25:00,51.69,END_OF_DAY,False,0.05053093500000279,0.09624940000000558,ORB_50PCT
SUZLON,2025-12-08,SELL,2025-12-08 14:10:00,2025-12-08 14:15:00,14:15,51.844065,52.94,51.89,1.0499999999999972,52.94,1.0959349999999972,49.652195000000006,2025-12-08 15:25:00,51.69,END_OF_DAY,False,0.05053093500000279,0.04610760218443878,ORB_BOUNDARY
SUZLON,2025-12-09,BUY,2025-12-09 12:05:00,2025-12-09 12:10:00,12:10,52.496235,52.45,51.05,1.4000000000000057,51.796234999999996,0.7000000000000028,53.896235000000004,2025-12-09 15:25:00,52.6,END_OF_DAY,False,-0.0013312349999972384,-0.0019017642857103328,ORB_50PCT
SUZLON,2025-12-09,BUY,2025-12-09 12:05:00,2025-12-09 12:10:00,12:10,52.496235,52.45,51.05,1.4000000000000057,51.05,1.4462350000000015,55.388705,2025-12-09 15:25:00,52.6,END_OF_DAY,False,-0.0013312349999972384,-0.0009204831856491076,ORB_BOUNDARY
SUZLON,2025-12-10,BUY,2025-12-10 09:30:00,2025-12-10 09:35:00,09:35,53.106539999999995,53.05,52.68,0.36999999999999744,52.92153999999999,0.18500000000000227,53.47654,2025-12-10 09:55:00,52.92153999999999,STOP_LOSS,False,-0.29102808000000224,-1.5731247567567495,ORB_50PCT
SUZLON,2025-12-10,BUY,2025-12-10 09:30:00,2025-12-10 09:35:00,09:35,53.106539999999995,53.05,52.68,0.36999999999999744,52.68,0.4265399999999957,53.95961999999999,2025-12-10 10:50:00,52.68,STOP_LOSS,False,-0.5323265399999957,-1.2480108313405567,ORB_BOUNDARY
SUZLON,2025-12-11,BUY,2025-12-11 09:45:00,2025-12-11 09:50:00,09:50,51.92595,51.9,51.32,0.5799999999999983,51.63595,0.28999999999999915,52.50595,2025-12-11 15:25:00,52.05,END_OF_DAY,False,0.020074049999996887,0.06922086206895499,ORB_50PCT
SUZLON,2025-12-11,BUY,2025-12-11 09:45:00,2025-12-11 09:50:00,09:50,51.92595,51.9,51.32,0.5799999999999983,51.32,0.60595,53.13785,2025-12-11 15:25:00,52.05,END_OF_DAY,False,0.020074049999996887,0.03312822840167817,ORB_BOUNDARY
SUZLON,2025-12-15,BUY,2025-12-15 10:20:00,2025-12-15 10:25:00,10:25,53.106539999999995,52.99,52.56,0.4299999999999997,52.89153999999999,0.2150000000000034,53.53654,2025-12-15 10:35:00,52.89153999999999,STOP_LOSS,False,-0.3209980800000034,-1.4930143255813875,ORB_50PCT
SUZLON,2025-12-15,BUY,2025-12-15 10:20:00,2025-12-15 10:25:00,10:25,53.106539999999995,52.99,52.56,0.4299999999999997,52.56,0.5465399999999931,54.19961999999998,2025-12-15 15:25:00,53.09,END_OF_DAY,False,-0.12273653999999201,-0.22457009550992343,ORB_BOUNDARY
SUZLON,2025-12-16,SELL,2025-12-16 11:00:00,2025-12-16 11:05:00,11:05,52.723625,53.14,52.8,0.3400000000000034,52.893625,0.1700000000000017,52.383624999999995,2025-12-16 14:30:00,52.383624999999995,TARGET,False,0.23489275000000343,1.3817220588235357,ORB_50PCT
SUZLON,2025-12-16,SELL,2025-12-16 11:00:00,2025-12-16 11:05:00,11:05,52.723625,53.14,52.8,0.3400000000000034,53.14,0.41637500000000216,51.890874999999994,2025-12-16 15:25:00,52.54,END_OF_DAY,False,0.07836137499999926,0.18819903932752652,ORB_BOUNDARY
SUZLON,2025-12-17,SELL,2025-12-17 09:40:00,2025-12-17 09:45:00,09:45,52.273849999999996,52.65,52.34,0.30999999999999517,52.42885,0.15500000000000114,51.963849999999994,2025-12-17 09:55:00,52.42885,STOP_LOSS,False,-0.2597027000000011,-1.6755012903225757,ORB_50PCT
SUZLON,2025-12-17,SELL,2025-12-17 09:40:00,2025-12-17 09:45:00,09:45,52.273849999999996,52.65,52.34,0.30999999999999517,52.65,0.37615000000000265,51.52154999999999,2025-12-17 15:25:00,51.83,END_OF_DAY,False,0.33974614999999764,0.9032198590987511,ORB_BOUNDARY
SUZLON,2025-12-18,SELL,2025-12-18 09:50:00,2025-12-18 09:55:00,09:55,51.3743,51.91,51.4,0.509999999999998,51.6293,0.25500000000000256,50.86429999999999,2025-12-18 10:40:00,51.6293,STOP_LOSS,False,-0.3580036000000026,-1.4039356862745058,ORB_50PCT
SUZLON,2025-12-18,SELL,2025-12-18 09:50:00,2025-12-18 09:55:00,09:55,51.3743,51.91,51.4,0.509999999999998,51.91,0.5356999999999985,50.3029,2025-12-18 12:40:00,51.91,STOP_LOSS,False,-0.6389842999999985,-1.1928025014000379,ORB_BOUNDARY
SUZLON,2025-12-19,BUY,2025-12-19 14:15:00,2025-12-19 14:20:00,14:20,52.26612,52.13,51.54,0.5900000000000034,51.97112,0.2950000000000017,52.856120000000004,2025-12-19 15:25:00,52.65,END_OF_DAY,False,0.2789638799999978,0.9456402711864277,ORB_50PCT
SUZLON,2025-12-19,BUY,2025-12-19 14:15:00,2025-12-19 14:20:00,14:20,52.26612,52.13,51.54,0.5900000000000034,51.54,0.7261200000000017,53.718360000000004,2025-12-19 15:25:00,52.65,END_OF_DAY,False,0.2789638799999978,0.3841842670632914,ORB_BOUNDARY
SUZLON,2025-12-22,BUY,2025-12-22 10:50:00,2025-12-22 10:55:00,10:55,53.466719999999995,53.39,52.8,0.5900000000000034,53.17171999999999,0.2950000000000017,54.05672,2025-12-22 15:25:00,53.47,END_OF_DAY,False,-0.10365671999999627,-0.3513787118643921,ORB_50PCT
SUZLON,2025-12-22,BUY,2025-12-22 10:50:00,2025-12-22 10:55:00,10:55,53.466719999999995,53.39,52.8,0.5900000000000034,52.8,0.666719999999998,54.80015999999999,2025-12-22 15:25:00,53.47,END_OF_DAY,False,-0.10365671999999627,-0.15547264218861978,ORB_BOUNDARY
SUZLON,2025-12-23,BUY,2025-12-23 09:55:00,2025-12-23 10:00:00,10:00,53.84691,53.74,53.35,0.39000000000000057,53.65191,0.19500000000000028,54.23691,2025-12-23 10:10:00,53.65191,STOP_LOSS,False,-0.3024988200000003,-1.5512759999999992,ORB_50PCT
SUZLON,2025-12-23,BUY,2025-12-23 09:55:00,2025-12-23 10:00:00,10:00,53.84691,53.74,53.35,0.39000000000000057,53.35,0.49690999999999974,54.84073,2025-12-23 14:40:00,53.35,STOP_LOSS,False,-0.6041069099999997,-1.215727012939969,ORB_BOUNDARY
SUZLON,2025-12-24,SELL,2025-12-24 14:50:00,2025-12-24 14:55:00,14:55,53.443265,55.05,53.52,1.529999999999994,54.208265,0.7650000000000006,51.913264999999996,2025-12-24 15:25:00,53.27,END_OF_DAY,False,0.06655173499999355,0.0869957320261353,ORB_50PCT
SUZLON,2025-12-24,SELL,2025-12-24 14:50:00,2025-12-24 14:55:00,14:55,53.443265,55.05,53.52,1.529999999999994,55.05,1.6067350000000005,50.229794999999996,2025-12-24 15:25:00,53.27,END_OF_DAY,False,0.06655173499999355,0.04142048004181992,ORB_BOUNDARY
SUZLON,2025-12-26,BUY,2025-12-26 09:45:00,2025-12-26 09:50:00,09:50,54.027,54.02,53.19,0.8300000000000054,53.611999999999995,0.41500000000000625,54.85700000000001,2025-12-26 12:50:00,53.611999999999995,STOP_LOSS,False,-0.5226390000000063,-1.2593710843373456,ORB_50PCT
SUZLON,2025-12-26,BUY,2025-12-26 09:45:00,2025-12-26 09:50:00,09:50,54.027,54.02,53.19,0.8300000000000054,53.19,0.8370000000000033,55.70100000000001,2025-12-26 14:35:00,53.19,STOP_LOSS,False,-0.9442170000000033,-1.128096774193548,ORB_BOUNDARY
SUZLON,2025-12-26,SELL,2025-12-26 15:00:00,2025-12-26 15:05:00,15:05,53.11343,54.02,53.19,0.8300000000000054,53.52843,0.41499999999999915,52.28343,2025-12-26 15:25:00,53.35,END_OF_DAY,False,-0.3430334300000004,-0.8265865783132557,ORB_50PCT
SUZLON,2025-12-26,SELL,2025-12-26 15:00:00,2025-12-26 15:05:00,15:05,53.11343,54.02,53.19,0.8300000000000054,54.02,0.9065700000000021,51.30029,2025-12-26 15:25:00,53.35,END_OF_DAY,False,-0.3430334300000004,-0.378386037481937,ORB_BOUNDARY
SUZLON,2025-12-29,BUY,2025-12-29 09:30:00,2025-12-29 09:35:00,09:35,53.766870000000004,53.65,53.17,0.4799999999999969,53.52687,0.240000000000002,54.24687000000001,2025-12-29 10:00:00,53.52687,STOP_LOSS,False,-0.347293740000002,-1.4470572499999963,ORB_50PCT
SUZLON,2025-12-29,BUY,2025-12-29 09:30:00,2025-12-29 09:35:00,09:35,53.766870000000004,53.65,53.17,0.4799999999999969,53.17,0.5968700000000027,54.96061000000001,2025-12-29 11:35:00,53.17,STOP_LOSS,False,-0.7038068700000026,-1.1791627490073207,ORB_BOUNDARY
SUZLON,2025-12-29,SELL,2025-12-29 11:40:00,2025-12-29 11:45:00,11:45,53.083445,53.65,53.17,0.4799999999999969,53.32344499999999,0.23999999999999488,52.60344500000001,2025-12-29 15:25:00,52.73,END_OF_DAY,False,0.24763155500000067,1.031798145833358,ORB_50PCT
SUZLON,2025-12-29,SELL,2025-12-29 11:40:00,2025-12-29 11:45:00,11:45,53.083445,53.65,53.17,0.4799999999999969,53.65,0.566555000000001,51.950334999999995,2025-12-29 15:25:00,52.73,END_OF_DAY,False,0.24763155500000067,0.4370829928250571,ORB_BOUNDARY
SUZLON,2025-12-30,SELL,2025-12-30 12:00:00,2025-12-30 12:05:00,12:05,52.07395,52.8,52.2,0.5999999999999943,52.37395,0.29999999999999716,51.47395000000001,2025-12-30 15:25:00,52.22,END_OF_DAY,False,-0.2503439499999953,-0.8344798333333256,ORB_50PCT
SUZLON,2025-12-30,SELL,2025-12-30 12:00:00,2025-12-30 12:05:00,12:05,52.07395,52.8,52.2,0.5999999999999943,52.8,0.7260499999999936,50.621850000000016,2025-12-30 15:25:00,52.22,END_OF_DAY,False,-0.2503439499999953,-0.34480263067281525,ORB_BOUNDARY
SUZLON,2025-12-31,BUY,2025-12-31 10:40:00,2025-12-31 10:45:00,10:45,52.856415,52.65,51.91,0.740000000000002,52.486414999999994,0.37000000000000455,53.59641500000001,2025-12-31 15:25:00,52.7,END_OF_DAY,False,-0.26197141499999554,-0.7080308513513306,ORB_50PCT
SUZLON,2025-12-31,BUY,2025-12-31 10:40:00,2025-12-31 10:45:00,10:45,52.856415,52.65,51.91,0.740000000000002,51.91,0.9464150000000018,54.749245,2025-12-31 15:25:00,52.7,END_OF_DAY,False,-0.26197141499999554,-0.27680395492463145,ORB_BOUNDARY
SUZLON,2026-01-01,SELL,2026-01-01 10:15:00,2026-01-01 10:20:00,10:20,52.383795,52.98,52.5,0.4799999999999969,52.623795,0.240000000000002,51.903794999999995,2026-01-01 11:40:00,52.623795,STOP_LOSS,False,-0.345007590000002,-1.4375316249999963,ORB_50PCT
SUZLON,2026-01-01,SELL,2026-01-01 10:15:00,2026-01-01 10:20:00,10:20,52.383795,52.98,52.5,0.4799999999999969,52.98,0.5962049999999977,51.191385000000004,2026-01-01 15:25:00,52.56,END_OF_DAY,False,-0.28114879500000306,-0.471563967091863,ORB_BOUNDARY
SUZLON,2026-01-02,BUY,2026-01-02 10:30:00,2026-01-02 10:35:00,10:35,52.90644,52.8,52.44,0.35999999999999943,52.726440000000004,0.17999999999999972,53.26644,2026-01-02 10:50:00,53.26644,TARGET,False,0.2538271199999994,1.4101506666666657,ORB_50PCT
SUZLON,2026-01-02,BUY,2026-01-02 10:30:00,2026-01-02 10:35:00,10:35,52.90644,52.8,52.44,0.35999999999999943,52.44,0.46644000000000574,53.839320000000015,2026-01-02 11:40:00,53.839320000000015,TARGET,False,0.8261342400000115,1.7711479289940857,ORB_BOUNDARY
SUZLON,2026-01-05,SELL,2026-01-05 09:45:00,2026-01-05 09:50:00,09:50,53.923025,54.54,53.96,0.5799999999999983,54.213025,0.28999999999999915,53.343025000000004,2026-01-05 14:05:00,53.343025000000004,TARGET,False,0.4727339499999983,1.6301170689655162,ORB_50PCT
SUZLON,2026-01-05,SELL,2026-01-05 09:45:00,2026-01-05 09:50:00,09:50,53.923025,54.54,53.96,0.5799999999999983,54.54,0.6169749999999965,52.68907500000001,2026-01-05 15:25:00,53.64,END_OF_DAY,False,0.17546197500000207,0.28439073706390544,ORB_BOUNDARY
SUZLON,2026-01-06,SELL,2026-01-06 10:55:00,2026-01-06 11:00:00,11:00,53.27335,53.99,53.32,0.6700000000000017,53.60835,0.33500000000000085,52.60335,2026-01-06 15:25:00,53.4,END_OF_DAY,False,-0.23332334999999793,-0.6964876119402905,ORB_50PCT
SUZLON,2026-01-06,SELL,2026-01-06 10:55:00,2026-01-06 11:00:00,11:00,53.27335,53.99,53.32,0.6700000000000017,53.99,0.7166500000000013,51.84005,2026-01-06 15:25:00,53.4,END_OF_DAY,False,-0.23332334999999793,-0.3255750366287553,ORB_BOUNDARY
SUZLON,2026-01-07,SELL,2026-01-07 09:40:00,2026-01-07 09:45:00,09:45,53.163405,53.69,53.22,0.46999999999999886,53.398405,0.23499999999999943,52.693405,2026-01-07 10:15:00,53.398405,STOP_LOSS,False,-0.3415618099999994,-1.4534545106382988,ORB_50PCT
SUZLON,2026-01-07,SELL,2026-01-07 09:40:00,2026-01-07 09:45:00,09:45,53.163405,53.69,53.22,0.46999999999999886,53.69,0.5265950000000004,52.110215,2026-01-07 15:25:00,52.99,END_OF_DAY,False,0.06725159499999538,0.12771028019634698,ORB_BOUNDARY
SUZLON,2026-01-08,SELL,2026-01-08 09:30:00,2026-01-08 09:35:00,09:35,52.623675,53.41,52.7,0.7099999999999937,52.978674999999996,0.3549999999999969,51.913675000000005,2026-01-08 11:30:00,51.913675000000005,TARGET,False,0.6054626499999938,1.7055285915492933,ORB_50PCT
SUZLON,2026-01-08,SELL,2026-01-08 09:30:00,2026-01-08 09:35:00,09:35,52.623675,53.41,52.7,0.7099999999999937,53.41,0.7863249999999979,51.051025,2026-01-08 14:55:00,51.051025,TARGET,False,1.4689752999999959,1.868152863001939,ORB_BOUNDARY
SUZLON,2026-01-09,SELL,2026-01-09 09:30:00,2026-01-09 09:35:00,09:35,49.825075,50.85,50.02,0.8299999999999983,50.240075,0.41499999999999915,48.995075,2026-01-09 09:45:00,50.240075,STOP_LOSS,False,-0.5150651499999992,-1.2411208433734946,ORB_50PCT
SUZLON,2026-01-09,SELL,2026-01-09 09:30:00,2026-01-09 09:35:00,09:35,49.825075,50.85,50.02,0.8299999999999983,50.85,1.0249250000000032,47.77522499999999,2026-01-09 09:55:00,50.85,STOP_LOSS,False,-1.1256000750000033,-1.0982267726906845,ORB_BOUNDARY
SUZLON,2026-01-09,SELL,2026-01-09 11:15:00,2026-01-09 11:20:00,11:20,49.85506,50.85,50.02,0.8299999999999983,50.27006,0.41499999999999915,49.02506,2026-01-09 14:35:00,49.02506,TARGET,False,0.7311198799999983,1.7617346506024092,ORB_50PCT
SUZLON,2026-01-09,SELL,2026-01-09 11:15:00,2026-01-09 11:20:00,11:20,49.85506,50.85,50.02,0.8299999999999983,50.85,0.9949399999999997,47.86518,2026-01-09 15:25:00,49.3,END_OF_DAY,False,0.4559049400000046,0.45822355116891944,ORB_BOUNDARY
SUZLON,2026-01-12,SELL,2026-01-12 11:15:00,2026-01-12 11:20:00,11:20,48.225875,49.33,48.27,1.0599999999999952,48.755875,0.5300000000000011,47.165875,2026-01-12 12:25:00,48.755875,STOP_LOSS,False,-0.6269817500000011,-1.1829844339622637,ORB_50PCT
SUZLON,2026-01-12,SELL,2026-01-12 11:15:00,2026-01-12 11:20:00,11:20,48.225875,49.33,48.27,1.0599999999999952,49.33,1.1041249999999962,46.01762500000001,2026-01-12 14:55:00,49.33,STOP_LOSS,False,-1.2016808749999963,-1.088355824748104,ORB_BOUNDARY
SUZLON,2026-01-13,SELL,2026-01-13 09:30:00,2026-01-13 09:35:00,09:35,48.825575,49.7,48.94,0.7600000000000051,49.205575,0.38000000000000256,48.065574999999995,2026-01-13 14:05:00,48.065574999999995,TARGET,False,0.6631088500000051,1.745023289473686,ORB_50PCT
SUZLON,2026-01-13,SELL,2026-01-13 09:30:00,2026-01-13 09:35:00,09:35,48.825575,49.7,48.94,0.7600000000000051,49.7,0.8744250000000022,47.076724999999996,2026-01-13 15:25:00,48.56,END_OF_DAY,False,0.16818942499999834,0.19234288246561787,ORB_BOUNDARY
SUZLON,2026-01-14,BUY,2026-01-14 09:35:00,2026-01-14 09:40:00,09:40,49.454715,49.07,48.16,0.9100000000000037,48.999714999999995,0.4550000000000054,50.36471500000001,2026-01-14 13:25:00,48.999714999999995,STOP_LOSS,False,-0.5534544300000054,-1.2163833626373601,ORB_50PCT
SUZLON,2026-01-14,BUY,2026-01-14 09:35:00,2026-01-14 09:40:00,09:40,49.454715,49.07,48.16,0.9100000000000037,48.16,1.2947150000000036,52.04414500000001,2026-01-14 15:25:00,48.99,END_OF_DAY,False,-0.5631597149999982,-0.434968093364174,ORB_BOUNDARY
SUZLON,2026-01-16,BUY,2026-01-16 10:10:00,2026-01-16 10:15:00,10:15,49.30464,49.27,48.65,0.6200000000000045,48.99464,0.3100000000000023,49.924640000000004,2026-01-16 10:50:00,48.99464,STOP_LOSS,False,-0.40829928000000226,-1.3170944516129008,ORB_50PCT
SUZLON,2026-01-16,BUY,2026-01-16 10:10:00,2026-01-16 10:15:00,10:15,49.30464,49.27,48.65,0.6200000000000045,48.65,0.6546400000000006,50.61392,2026-01-16 13:15:00,48.65,STOP_LOSS,False,-0.7525946400000005,-1.1496313088109493,ORB_BOUNDARY
SUZLON,2026-01-16,SELL,2026-01-16 13:20:00,2026-01-16 13:25:00,13:25,48.605685,49.27,48.65,0.6200000000000045,48.915685,0.3100000000000023,47.985685,2026-01-16 15:25:00,48.45,END_OF_DAY,False,0.05862931499999828,0.18912682258063823,ORB_50PCT
SUZLON,2026-01-16,SELL,2026-01-16 13:20:00,2026-01-16 13:25:00,13:25,48.605685,49.27,48.65,0.6200000000000045,49.27,0.664315000000002,47.277055,2026-01-16 15:25:00,48.45,END_OF_DAY,False,0.05862931499999828,0.0882552930462177,ORB_BOUNDARY
SUZLON,2026-01-19,SELL,2026-01-19 09:30:00,2026-01-19 09:35:00,09:35,48.21588,48.92,48.45,0.46999999999999886,48.45088,0.23499999999999943,47.74588,2026-01-19 10:25:00,47.74588,TARGET,False,0.37403823999999886,1.591652085106382,ORB_50PCT
SUZLON,2026-01-19,SELL,2026-01-19 09:30:00,2026-01-19 09:35:00,09:35,48.21588,48.92,48.45,0.46999999999999886,48.92,0.7041200000000032,46.80763999999999,2026-01-19 15:25:00,47.94,END_OF_DAY,False,0.1797241200000008,0.25524643526671587,ORB_BOUNDARY
SUZLON,2026-01-20,SELL,2026-01-20 09:35:00,2026-01-20 09:40:00,09:40,47.166405,48.33,47.43,0.8999999999999986,47.616405,0.45000000000000284,46.26640499999999,2026-01-20 15:10:00,46.26640499999999,TARGET,False,0.8065671900000057,1.7923715333333345,ORB_50PCT
SUZLON,2026-01-20,SELL,2026-01-20 09:35:00,2026-01-20 09:40:00,09:40,47.166405,48.33,47.43,0.8999999999999986,48.33,1.1635950000000008,44.839214999999996,2026-01-20 15:25:00,46.56,END_OF_DAY,False,0.5126785949999952,0.44059882948963763,ORB_BOUNDARY
SUZLON,2026-01-21,SELL,2026-01-21 09:40:00,2026-01-21 09:45:00,09:45,45.996990000000004,46.69,46.13,0.5599999999999952,46.27699,0.27999999999999403,45.436990000000016,2026-01-21 09:50:00,46.27699,STOP_LOSS,False,-0.372273979999994,-1.3295499285714356,ORB_50PCT
SUZLON,2026-01-21,SELL,2026-01-21 09:40:00,2026-01-21 09:45:00,09:45,45.996990000000004,46.69,46.13,0.5599999999999952,46.69,0.6930099999999939,44.610970000000016,2026-01-21 15:25:00,45.75,END_OF_DAY,False,0.1552430100000038,0.2240126549400516,ORB_BOUNDARY
SUZLON,2026-01-22,SELL,2026-01-22 10:05:00,2026-01-22 10:10:00,10:10,46.026975,46.69,46.14,0.5499999999999972,46.301975,0.2749999999999986,45.476975,2026-01-22 12:35:00,46.301975,STOP_LOSS,False,-0.36732894999999854,-1.335741636363638,ORB_50PCT
SUZLON,2026-01-22,SELL,2026-01-22 10:05:00,2026-01-22 10:10:00,10:10,46.026975,46.69,46.14,0.5499999999999972,46.69,0.6630249999999975,44.700925000000005,2026-01-22 14:30:00,46.69,STOP_LOSS,False,-0.7557419749999975,-1.13983933486671,ORB_BOUNDARY
SUZLON,2026-01-23,SELL,2026-01-23 10:20:00,2026-01-23 10:25:00,10:25,46.766605,47.4,46.78,0.6199999999999974,47.076605,0.3100000000000023,46.146604999999994,2026-01-23 13:15:00,46.146604999999994,TARGET,False,0.5270867900000046,1.7002799677419378,ORB_50PCT
SUZLON,2026-01-23,SELL,2026-01-23 10:20:00,2026-01-23 10:25:00,10:25,46.766605,47.4,46.78,0.6199999999999974,47.4,0.6333950000000002,45.499815,2026-01-23 15:25:00,45.8,END_OF_DAY,False,0.8740383950000012,1.379926262442869,ORB_BOUNDARY
SUZLON,2026-01-27,BUY,2026-01-27 10:00:00,2026-01-27 10:05:00,10:05,46.093035,46.04,44.95,1.0899999999999963,45.548035,0.5450000000000017,47.183035000000004,2026-01-27 12:45:00,45.548035,STOP_LOSS,False,-0.6366410700000017,-1.1681487522935774,ORB_50PCT
SUZLON,2026-01-27,BUY,2026-01-27 10:00:00,2026-01-27 10:05:00,10:05,46.093035,46.04,44.95,1.0899999999999963,44.95,1.1430349999999976,48.379104999999996,2026-01-27 14:00:00,44.95,STOP_LOSS,False,-1.2340780349999976,-1.0796502600532794,ORB_BOUNDARY
SUZLON,2026-01-28,BUY,2026-01-28 12:00:00,2026-01-28 12:05:00,12:05,47.453715,47.38,46.01,1.3700000000000045,46.768715,0.6850000000000023,48.82371500000001,2026-01-28 15:25:00,47.99,END_OF_DAY,False,0.44084128499999947,0.6435639197080263,ORB_50PCT
SUZLON,2026-01-28,BUY,2026-01-28 12:00:00,2026-01-28 12:05:00,12:05,47.453715,47.38,46.01,1.3700000000000045,46.01,1.4437150000000045,50.34114500000001,2026-01-28 15:25:00,47.99,END_OF_DAY,False,0.44084128499999947,0.3053520154601137,ORB_BOUNDARY
SUZLON,2026-01-29,SELL,2026-01-29 09:50:00,2026-01-29 09:55:00,09:55,47.226375,48.09,47.38,0.7100000000000009,47.581374999999994,0.3549999999999969,46.516375000000004,2026-01-29 13:10:00,47.581374999999994,STOP_LOSS,False,-0.44980774999999684,-1.2670640845070444,ORB_50PCT
SUZLON,2026-01-29,SELL,2026-01-29 09:50:00,2026-01-29 09:55:00,09:55,47.226375,48.09,47.38,0.7100000000000009,48.09,0.8636250000000061,45.499124999999985,2026-01-29 15:25:00,47.56,END_OF_DAY,False,-0.4284113750000049,-0.4960618034447844,ORB_BOUNDARY
SUZLON,2026-01-30,BUY,2026-01-30 15:00:00,2026-01-30 15:05:00,15:05,47.893935,47.78,46.79,0.990000000000002,47.398934999999994,0.49500000000000455,48.88393500000001,2026-01-30 15:25:00,47.63,END_OF_DAY,False,-0.3594589349999965,-0.7261796666666529,ORB_50PCT
SUZLON,2026-01-30,BUY,2026-01-30 15:00:00,2026-01-30 15:05:00,15:05,47.893935,47.78,46.79,0.990000000000002,46.79,1.1039349999999999,50.101805,2026-01-30 15:25:00,47.63,END_OF_DAY,False,-0.3594589349999965,-0.3256160326468465,ORB_BOUNDARY
SUZLON,2026-02-01,BUY,2026-02-01 10:00:00,2026-02-01 10:05:00,10:05,48.504239999999996,48.45,47.57,0.8800000000000026,48.06424,0.4399999999999977,49.38423999999999,2026-02-01 12:00:00,48.06424,STOP_LOSS,False,-0.5365684799999977,-1.2194738181818192,ORB_50PCT
SUZLON,2026-02-01,BUY,2026-02-01 10:00:00,2026-02-01 10:05:00,10:05,48.504239999999996,48.45,47.57,0.8800000000000026,47.57,0.9342399999999955,50.37271999999999,2026-02-01 12:00:00,47.57,STOP_LOSS,False,-1.0303142399999956,-1.102836787121083,ORB_BOUNDARY
SUZLON,2026-02-01,SELL,2026-02-01 12:20:00,2026-02-01 12:25:00,12:25,47.53622,48.45,47.57,0.8800000000000026,47.97622,0.4399999999999977,46.656220000000005,2026-02-01 12:25:00,46.656220000000005,TARGET,False,0.7858075599999954,1.7859262727272716,ORB_50PCT
SUZLON,2026-02-01,SELL,2026-02-01 12:20:00,2026-02-01 12:25:00,12:25,47.53622,48.45,47.57,0.8800000000000026,48.45,0.9137800000000027,45.708659999999995,2026-02-01 15:25:00,46.35,END_OF_DAY,False,1.0923337799999988,1.1954012782070034,ORB_BOUNDARY
SUZLON,2026-02-02,BUY,2026-02-02 09:50:00,2026-02-02 09:55:00,09:55,46.563269999999996,46.5,45.63,0.8699999999999974,46.12827,0.43499999999999517,47.433269999999986,2026-02-02 10:20:00,46.12827,STOP_LOSS,False,-0.5276915399999952,-1.2130840000000025,ORB_50PCT
SUZLON,2026-02-02,BUY,2026-02-02 09:50:00,2026-02-02 09:55:00,09:55,46.563269999999996,46.5,45.63,0.8699999999999974,45.63,0.9332699999999932,48.42980999999998,2026-02-02 11:00:00,45.63,STOP_LOSS,False,-1.0254632699999933,-1.098785206853323,ORB_BOUNDARY
SUZLON,2026-02-02,SELL,2026-02-02 11:15:00,2026-02-02 11:20:00,11:20,45.447265,46.5,45.63,0.8699999999999974,45.882265000000004,0.4350000000000023,44.577265,2026-02-02 11:30:00,45.882265000000004,STOP_LOSS,False,-0.5263295300000023,-1.2099529425287345,ORB_50PCT
SUZLON,2026-02-02,SELL,2026-02-02 11:15:00,2026-02-02 11:20:00,11:20,45.447265,46.5,45.63,0.8699999999999974,46.5,1.0527349999999984,43.341795000000005,2026-02-02 13:50:00,46.5,STOP_LOSS,False,-1.1446822649999984,-1.0873413204652644,ORB_BOUNDARY
SUZLON,2026-02-02,BUY,2026-02-02 14:45:00,2026-02-02 14:50:00,14:50,46.58328,46.5,45.63,0.8699999999999974,46.14828,0.4350000000000023,47.45328000000001,2026-02-02 15:25:00,47.15,END_OF_DAY,False,0.47298671999999653,1.0873257931034346,ORB_50PCT
SUZLON,2026-02-02,BUY,2026-02-02 14:45:00,2026-02-02 14:50:00,14:50,46.58328,46.5,45.63,0.8699999999999974,45.63,0.9532799999999995,48.48984,2026-02-02 15:25:00,47.15,END_OF_DAY,False,0.47298671999999653,0.49616767371600873,ORB_BOUNDARY
SUZLON,2026-02-04,SELL,2026-02-04 10:45:00,2026-02-04 10:50:00,10:50,48.905535,49.83,48.93,0.8999999999999986,49.355535,0.45000000000000284,48.005534999999995,2026-02-04 11:55:00,49.355535,STOP_LOSS,False,-0.5482610700000028,-1.2183579333333319,ORB_50PCT
SUZLON,2026-02-04,SELL,2026-02-04 10:45:00,2026-02-04 10:50:00,10:50,48.905535,49.83,48.93,0.8999999999999986,49.83,0.9244649999999979,47.056605000000005,2026-02-04 14:40:00,49.83,STOP_LOSS,False,-1.023200534999998,-1.1068028914020545,ORB_BOUNDARY
SUZLON,2026-02-05,SELL,2026-02-05 09:35:00,2026-02-05 09:40:00,09:40,49.11543,50.02,49.15,0.8700000000000045,49.550430000000006,0.4350000000000023,48.24543,2026-02-05 13:25:00,48.24543,TARGET,False,0.7726391400000046,1.776181931034484,ORB_50PCT
SUZLON,2026-02-05,SELL,2026-02-05 09:35:00,2026-02-05 09:40:00,09:40,49.11543,50.02,49.15,0.8700000000000045,50.02,0.9045699999999997,47.306290000000004,2026-02-05 13:40:00,47.306290000000004,TARGET,False,1.7127182799999994,1.8934060161181556,ORB_BOUNDARY
SUZLON,2026-02-06,SELL,2026-02-06 09:35:00,2026-02-06 09:40:00,09:40,47.45626,48.2,47.5,0.7000000000000028,47.80626,0.3500000000000014,46.75626,2026-02-06 09:50:00,47.80626,STOP_LOSS,False,-0.44526252000000144,-1.2721786285714276,ORB_50PCT
SUZLON,2026-02-06,SELL,2026-02-06 09:35:00,2026-02-06 09:40:00,09:40,47.45626,48.2,47.5,0.7000000000000028,48.2,0.7437400000000025,45.968779999999995,2026-02-06 15:25:00,48.02,END_OF_DAY,False,-0.6592162600000028,-0.8863531072686699,ORB_BOUNDARY
SUZLON,2026-02-09,SELL,2026-02-09 09:35:00,2026-02-09 09:40:00,09:40,47.926025,48.43,47.97,0.46000000000000085,48.156025,0.22999999999999687,47.46602500000001,2026-02-09 10:10:00,48.156025,STOP_LOSS,False,-0.3260820499999969,-1.4177480434782668,ORB_50PCT
SUZLON,2026-02-09,SELL,2026-02-09 09:35:00,2026-02-09 09:40:00,09:40,47.926025,48.43,47.97,0.46000000000000085,48.43,0.503974999999997,46.91807500000001,2026-02-09 13:45:00,48.43,STOP_LOSS,False,-0.6003310249999969,-1.191192073019496,ORB_BOUNDARY
SUZLON,2026-02-10,SELL,2026-02-10 15:10:00,2026-02-10 15:15:00,15:15,47.71613,48.39,47.77,0.6199999999999974,48.026129999999995,0.30999999999999517,47.09613000000001,2026-02-10 15:25:00,47.64,END_OF_DAY,False,-0.01922613000000087,-0.06201977419355215,ORB_50PCT
SUZLON,2026-02-10,SELL,2026-02-10 15:10:00,2026-02-10 15:15:00,15:15,47.71613,48.39,47.77,0.6199999999999974,48.39,0.6738700000000009,46.36839,2026-02-10 15:25:00,47.64,END_OF_DAY,False,-0.01922613000000087,-0.02853091842640397,ORB_BOUNDARY
SUZLON,2026-02-11,SELL,2026-02-11 09:30:00,2026-02-11 09:35:00,09:35,47.05646,47.74,47.18,0.5600000000000023,47.33646,0.28000000000000114,46.49646,2026-02-11 14:55:00,47.33646,STOP_LOSS,False,-0.37439292000000113,-1.3371175714285701,ORB_50PCT
SUZLON,2026-02-11,SELL,2026-02-11 09:30:00,2026-02-11 09:35:00,09:35,47.05646,47.74,47.18,0.5600000000000023,47.74,0.6835400000000007,45.68938,2026-02-11 15:25:00,47.43,END_OF_DAY,False,-0.4680264599999984,-0.684709687801735,ORB_BOUNDARY
SUZLON,2026-02-12,SELL,2026-02-12 11:15:00,2026-02-12 11:20:00,11:20,46.916529999999995,47.55,46.95,0.5999999999999943,47.21652999999999,0.29999999999999716,46.31653,2026-02-12 15:25:00,46.82,END_OF_DAY,False,0.002793469999994247,0.009311566666647578,ORB_50PCT
SUZLON,2026-02-12,SELL,2026-02-12 11:15:00,2026-02-12 11:20:00,11:20,46.916529999999995,47.55,46.95,0.5999999999999943,47.55,0.6334700000000026,45.64958999999999,2026-02-12 15:25:00,46.82,END_OF_DAY,False,0.002793469999994247,0.00440979051887893,ORB_BOUNDARY
SUZLON,2026-02-13,SELL,2026-02-13 10:15:00,2026-02-13 10:20:00,10:20,46.076950000000004,46.74,46.09,0.6499999999999986,46.40195,0.32499999999999574,45.42695000000001,2026-02-13 15:25:00,45.7,END_OF_DAY,False,0.2851730500000008,0.8774555384615524,ORB_50PCT
SUZLON,2026-02-13,SELL,2026-02-13 10:15:00,2026-02-13 10:20:00,10:20,46.076950000000004,46.74,46.09,0.6499999999999986,46.74,0.6630499999999984,44.75085000000001,2026-02-13 15:25:00,45.7,END_OF_DAY,False,0.2851730500000008,0.43009282859513087,ORB_BOUNDARY
SUZLON,2026-02-16,BUY,2026-02-16 10:05:00,2026-02-16 10:10:00,10:10,46.14306,45.87,45.34,0.529999999999994,45.878060000000005,0.26499999999999346,46.673059999999985,2026-02-16 10:55:00,45.878060000000005,STOP_LOSS,False,-0.3570211199999935,-1.347249509433971,ORB_50PCT
SUZLON,2026-02-16,BUY,2026-02-16 10:05:00,2026-02-16 10:10:00,10:10,46.14306,45.87,45.34,0.529999999999994,45.34,0.803059999999995,47.74917999999999,2026-02-16 15:25:00,46.22,END_OF_DAY,False,-0.015423059999999544,-0.01920536448086026,ORB_BOUNDARY
SUZLON,2026-02-17,BUY,2026-02-17 09:35:00,2026-02-17 09:40:00,09:40,46.38318,46.34,45.71,0.6300000000000026,46.06818,0.31500000000000483,47.01318000000001,2026-02-17 14:10:00,46.06818,STOP_LOSS,False,-0.4074513600000048,-1.2934963809523763,ORB_50PCT
SUZLON,2026-02-17,BUY,2026-02-17 09:35:00,2026-02-17 09:40:00,09:40,46.38318,46.34,45.71,0.6300000000000026,45.71,0.6731800000000021,47.72954000000001,2026-02-17 15:25:00,45.9,END_OF_DAY,False,-0.5754631800000044,-0.8548429543361398,ORB_BOUNDARY
SUZLON,2026-02-18,SELL,2026-02-18 09:55:00,2026-02-18 10:00:00,10:00,45.87705,46.29,45.93,0.35999999999999943,46.05705,0.17999999999999972,45.51705,2026-02-18 12:00:00,46.05705,STOP_LOSS,False,-0.27193409999999973,-1.510745000000001,ORB_50PCT
SUZLON,2026-02-18,SELL,2026-02-18 09:55:00,2026-02-18 10:00:00,10:00,45.87705,46.29,45.93,0.35999999999999943,46.29,0.41295000000000215,45.05114999999999,2026-02-18 15:25:00,46.08,END_OF_DAY,False,-0.2949070500000013,-0.7141471122411908,ORB_BOUNDARY
SUZLON,2026-02-19,SELL,2026-02-19 11:45:00,2026-02-19 11:50:00,11:50,45.787095,46.39,45.85,0.5399999999999991,46.057095000000004,0.2700000000000031,45.247094999999995,2026-02-19 15:15:00,45.247094999999995,TARGET,False,0.44896581000000624,1.6628363333333371,ORB_50PCT
SUZLON,2026-02-19,SELL,2026-02-19 11:45:00,2026-02-19 11:50:00,11:50,45.787095,46.39,45.85,0.5399999999999991,46.39,0.6029049999999998,44.581285,2026-02-19 15:25:00,45.05,END_OF_DAY,False,0.6462579050000036,1.071906693426002,ORB_BOUNDARY
SUZLON,2026-02-20,BUY,2026-02-20 09:45:00,2026-02-20 09:50:00,09:50,45.28263,45.2,44.71,0.490000000000002,45.03762999999999,0.24500000000000455,45.77263000000001,2026-02-20 10:05:00,45.03762999999999,STOP_LOSS,False,-0.33532026000000453,-1.3686541224489728,ORB_50PCT
SUZLON,2026-02-20,BUY,2026-02-20 09:45:00,2026-02-20 09:50:00,09:50,45.28263,45.2,44.71,0.490000000000002,44.71,0.5726299999999966,46.42788999999999,2026-02-20 11:10:00,44.71,STOP_LOSS,False,-0.6626226299999967,-1.1571566805790834,ORB_BOUNDARY
SUZLON,2026-02-20,SELL,2026-02-20 11:45:00,2026-02-20 11:50:00,11:50,44.67765,45.2,44.71,0.490000000000002,44.922650000000004,0.24500000000000455,44.18764999999999,2026-02-20 15:25:00,44.38,END_OF_DAY,False,0.20859234999999732,0.8513973469387488,ORB_50PCT
SUZLON,2026-02-20,SELL,2026-02-20 11:45:00,2026-02-20 11:50:00,11:50,44.67765,45.2,44.71,0.490000000000002,45.2,0.522350000000003,43.632949999999994,2026-02-20 15:25:00,44.38,END_OF_DAY,False,0.20859234999999732,0.39933445008135565,ORB_BOUNDARY
SUZLON,2026-02-23,BUY,2026-02-23 09:30:00,2026-02-23 09:35:00,09:35,44.92245,44.9,44.41,0.490000000000002,44.67744999999999,0.24500000000000455,45.41245000000001,2026-02-23 09:40:00,44.67744999999999,STOP_LOSS,False,-0.33459990000000456,-1.3657138775510136,ORB_50PCT
SUZLON,2026-02-23,BUY,2026-02-23 09:30:00,2026-02-23 09:35:00,09:35,44.92245,44.9,44.41,0.490000000000002,44.41,0.5124500000000012,45.94735,2026-02-23 10:35:00,44.41,STOP_LOSS,False,-0.6017824500000012,-1.1743242267538292,ORB_BOUNDARY
SUZLON,2026-02-23,SELL,2026-02-23 15:10:00,2026-02-23 15:15:00,15:15,44.167905,44.9,44.41,0.490000000000002,44.412904999999995,0.24499999999999744,43.677905,2026-02-23 15:25:00,44.32,END_OF_DAY,False,-0.24058290500000276,-0.981971040816348,ORB_50PCT
SUZLON,2026-02-23,SELL,2026-02-23 15:10:00,2026-02-23 15:15:00,15:15,44.167905,44.9,44.41,0.490000000000002,44.9,0.732095000000001,42.703714999999995,2026-02-23 15:25:00,44.32,END_OF_DAY,False,-0.24058290500000276,-0.32862252166727324,ORB_BOUNDARY
SUZLON,2026-02-24,SELL,2026-02-24 09:30:00,2026-02-24 09:35:00,09:35,43.568205000000006,44.33,43.83,0.5,43.818205000000006,0.25,43.068205000000006,2026-02-24 09:45:00,43.818205000000006,STOP_LOSS,False,-0.33738641,-1.34954564,ORB_50PCT
SUZLON,2026-02-24,SELL,2026-02-24 09:30:00,2026-02-24 09:35:00,09:35,43.568205000000006,44.33,43.83,0.5,44.33,0.7617949999999922,42.04461500000002,2026-02-24 15:25:00,44.33,STOP_LOSS,False,-0.8496932049999922,-1.1153830164283054,ORB_BOUNDARY
SUZLON,2026-02-25,SELL,2026-02-25 09:30:00,2026-02-25 09:35:00,09:35,44.067955000000005,44.74,44.24,0.5,44.317955000000005,0.25,43.567955000000005,2026-02-25 09:40:00,43.567955000000005,TARGET,False,0.41236408999999996,1.6494563599999998,ORB_50PCT
SUZLON,2026-02-25,SELL,2026-02-25 09:30:00,2026-02-25 09:35:00,09:35,44.067955000000005,44.74,44.24,0.5,44.74,0.6720449999999971,42.72386500000001,2026-02-25 13:50:00,42.72386500000001,TARGET,False,1.2572981799999943,1.8708541541117034,ORB_BOUNDARY
SUZLON,2026-02-26,BUY,2026-02-26 09:40:00,2026-02-26 09:45:00,09:45,43.80189,43.54,43.08,0.46000000000000085,43.571889999999996,0.23000000000000398,44.26189000000001,2026-02-26 09:50:00,43.571889999999996,STOP_LOSS,False,-0.317373780000004,-1.3798859999999935,ORB_50PCT
SUZLON,2026-02-26,BUY,2026-02-26 09:40:00,2026-02-26 09:45:00,09:45,43.80189,43.54,43.08,0.46000000000000085,43.08,0.7218900000000019,45.245670000000004,2026-02-26 12:25:00,43.08,STOP_LOSS,False,-0.8087718900000019,-1.1203533640859409,ORB_BOUNDARY
SUZLON,2026-02-26,SELL,2026-02-26 12:45:00,2026-02-26 12:50:00,12:50,43.01848,43.54,43.08,0.46000000000000085,43.24848,0.23000000000000398,42.55847999999999,2026-02-26 14:55:00,43.24848,STOP_LOSS,False,-0.316266960000004,-1.3750737391304284,ORB_50PCT
SUZLON,2026-02-26,SELL,2026-02-26 12:45:00,2026-02-26 12:50:00,12:50,43.01848,43.54,43.08,0.46000000000000085,43.54,0.5215200000000024,41.97543999999999,2026-02-26 15:25:00,43.34,END_OF_DAY,False,-0.4078784800000067,-0.7820955668047339,ORB_BOUNDARY
SUZLON,2026-02-27,SELL,2026-02-27 09:40:00,2026-02-27 09:45:00,09:45,42.87855,43.3,42.91,0.39000000000000057,43.07355,0.19500000000000028,42.48855,2026-02-27 10:00:00,42.48855,TARGET,False,0.30463290000000054,1.5622200000000004,ORB_50PCT
SUZLON,2026-02-27,SELL,2026-02-27 09:40:00,2026-02-27 09:45:00,09:45,42.87855,43.3,42.91,0.39000000000000057,43.3,0.4214500000000001,42.03565,2026-02-27 15:25:00,42.65,END_OF_DAY,False,0.1430214499999985,0.339355676829988,ORB_BOUNDARY
SUZLON,2026-03-02,BUY,2026-03-02 09:45:00,2026-03-02 09:50:00,09:50,41.370675,41.25,39.13,2.1199999999999974,40.310675,1.0599999999999952,43.49067499999999,2026-03-02 12:40:00,40.310675,STOP_LOSS,False,-1.1416813499999952,-1.077057877358491,ORB_50PCT
SUZLON,2026-03-02,BUY,2026-03-02 09:45:00,2026-03-02 09:50:00,09:50,41.370675,41.25,39.13,2.1199999999999974,39.13,2.240674999999996,45.85202499999999,2026-03-02 15:25:00,41.0,END_OF_DAY,False,-0.45304567499999854,-0.2021916052082517,ORB_BOUNDARY
SUZLON,2026-03-04,BUY,2026-03-04 10:10:00,2026-03-04 10:15:00,10:15,40.54026,40.45,39.7,0.75,40.16526,0.375,41.29026,2026-03-04 10:50:00,40.16526,STOP_LOSS,False,-0.45570552,-1.2152147199999999,ORB_50PCT
SUZLON,2026-03-04,BUY,2026-03-04 10:10:00,2026-03-04 10:15:00,10:15,40.54026,40.45,39.7,0.75,39.7,0.8402600000000007,42.220780000000005,2026-03-04 15:25:00,39.92,END_OF_DAY,False,-0.7007202600000018,-0.8339326636993326,ORB_BOUNDARY
SUZLON,2026-03-05,SELL,2026-03-05 09:30:00,2026-03-05 09:35:00,09:35,39.950015,40.64,40.15,0.490000000000002,40.195015,0.24499999999999744,39.460015000000006,2026-03-05 10:15:00,39.460015000000006,TARGET,False,0.41058996999999486,1.675877428571425,ORB_50PCT
SUZLON,2026-03-05,SELL,2026-03-05 09:30:00,2026-03-05 09:35:00,09:35,39.950015,40.64,40.15,0.490000000000002,40.64,0.6899850000000001,38.570045,2026-03-05 15:25:00,40.3,END_OF_DAY,False,-0.43023501499999667,-0.6235425625194702,ORB_BOUNDARY
SUZLON,2026-03-06,BUY,2026-03-06 09:35:00,2026-03-06 09:40:00,09:40,40.850415,40.6,39.96,0.6400000000000006,40.530415,0.3200000000000003,41.490415,2026-03-06 10:45:00,40.530415,STOP_LOSS,False,-0.4013808300000003,-1.2543150937499998,ORB_50PCT
SUZLON,2026-03-06,BUY,2026-03-06 09:35:00,2026-03-06 09:40:00,09:40,40.850415,40.6,39.96,0.6400000000000006,39.96,0.8904149999999973,42.63124499999999,2026-03-06 15:05:00,39.96,STOP_LOSS,False,-0.9712254149999973,-1.0907559003386065,ORB_BOUNDARY
SUZLON,2026-03-06,SELL,2026-03-06 15:20:00,2026-03-06 15:25:00,15:25,39.88005,40.6,39.96,0.6400000000000006,40.20005,0.3200000000000003,39.24005,2026-03-06 15:25:00,39.99,END_OF_DAY,False,-0.18982005000000488,-0.5931876562500147,ORB_50PCT
SUZLON,2026-03-06,SELL,2026-03-06 15:20:00,2026-03-06 15:25:00,15:25,39.88005,40.6,39.96,0.6400000000000006,40.6,0.7199500000000043,38.44014999999999,2026-03-06 15:25:00,39.99,END_OF_DAY,False,-0.18982005000000488,-0.2636572678658292,ORB_BOUNDARY
SUZLON,2026-03-09,BUY,2026-03-09 14:55:00,2026-03-09 15:00:00,15:00,39.51975,39.49,38.19,1.3000000000000043,38.869749999999996,0.6500000000000057,40.81975000000001,2026-03-09 15:25:00,39.7,END_OF_DAY,False,0.1010302500000009,0.15543115384615389,ORB_50PCT
SUZLON,2026-03-09,BUY,2026-03-09 14:55:00,2026-03-09 15:00:00,15:00,39.51975,39.49,38.19,1.3000000000000043,38.19,1.3297500000000042,42.17925000000001,2026-03-09 15:25:00,39.7,END_OF_DAY,False,0.1010302500000009,0.07597687535251031,ORB_BOUNDARY
SUZLON,2026-03-10,SELL,2026-03-10 09:55:00,2026-03-10 10:00:00,10:00,40.079950000000004,40.65,40.12,0.5300000000000011,40.344950000000004,0.26500000000000057,39.54995,2026-03-10 10:15:00,40.344950000000004,STOP_LOSS,False,-0.3454249000000006,-1.3034901886792447,ORB_50PCT
SUZLON,2026-03-10,SELL,2026-03-10 09:55:00,2026-03-10 10:00:00,10:00,40.079950000000004,40.65,40.12,0.5300000000000011,40.65,0.5700499999999948,38.939850000000014,2026-03-10 11:00:00,40.65,STOP_LOSS,False,-0.6507799499999949,-1.1416190685027643,ORB_BOUNDARY
SUZLON,2026-03-10,BUY,2026-03-10 11:05:00,2026-03-10 11:10:00,11:10,40.70034,40.65,40.12,0.5300000000000011,40.43534,0.26500000000000057,41.23034,2026-03-10 12:20:00,40.43534,STOP_LOSS,False,-0.34613568000000056,-1.30617237735849,ORB_50PCT
SUZLON,2026-03-10,BUY,2026-03-10 11:05:00,2026-03-10 11:10:00,11:10,40.70034,40.65,40.12,0.5300000000000011,40.12,0.5803399999999996,41.861019999999996,2026-03-10 15:25:00,41.51,END_OF_DAY,False,0.7274496600000009,1.2534887479753272,ORB_BOUNDARY
SUZLON,2026-03-11,SELL,2026-03-11 14:20:00,2026-03-11 14:25:00,14:25,41.3793,42.06,41.49,0.5700000000000003,41.6643,0.2849999999999966,40.80930000000001,2026-03-11 14:25:00,41.6643,STOP_LOSS,False,-0.3680435999999966,-1.2913810526315823,ORB_50PCT
SUZLON,2026-03-11,SELL,2026-03-11 14:20:00,2026-03-11 14:25:00,14:25,41.3793,42.06,41.49,0.5700000000000003,42.06,0.6807000000000016,40.0179,2026-03-11 15:25:00,41.67,END_OF_DAY,False,-0.37374930000000106,-0.5490661084178055,ORB_BOUNDARY
SUZLON,2026-03-12,BUY,2026-03-12 09:45:00,2026-03-12 09:50:00,09:50,41.600789999999996,41.54,40.93,0.6099999999999994,41.29579,0.3049999999999997,42.210789999999996,2026-03-12 10:55:00,42.210789999999996,TARGET,False,0.5261884199999994,1.7252079344262292,ORB_50PCT
SUZLON,2026-03-12,BUY,2026-03-12 09:45:00,2026-03-12 09:50:00,09:50,41.600789999999996,41.54,40.93,0.6099999999999994,40.93,0.6707899999999967,42.94236999999999,2026-03-12 11:15:00,42.94236999999999,TARGET,False,1.2570368399999934,1.8739647877875336,ORB_BOUNDARY
SUZLON,2026-03-13,SELL,2026-03-13 09:35:00,2026-03-13 09:40:00,09:40,42.11893,42.83,42.3,0.5300000000000011,42.38393,0.26500000000000057,41.58893,2026-03-13 10:00:00,41.58893,TARGET,False,0.44629214000000117,1.6841212830188688,ORB_50PCT
SUZLON,2026-03-13,SELL,2026-03-13 09:35:00,2026-03-13 09:40:00,09:40,42.11893,42.83,42.3,0.5300000000000011,42.83,0.7110699999999994,40.69679,2026-03-13 15:25:00,41.64,END_OF_DAY,False,0.3951710699999983,0.5557414459898443,ORB_BOUNDARY
SUZLON,2026-03-16,BUY,2026-03-16 09:35:00,2026-03-16 09:40:00,09:40,42.081030000000005,41.94,41.04,0.8999999999999986,41.63103000000001,0.44999999999999574,42.98103,2026-03-16 09:55:00,41.63103000000001,STOP_LOSS,False,-0.5337120599999957,-1.1860268000000016,ORB_50PCT
SUZLON,2026-03-16,BUY,2026-03-16 09:35:00,2026-03-16 09:40:00,09:40,42.081030000000005,41.94,41.04,0.8999999999999986,41.04,1.0410300000000063,44.16309000000002,2026-03-16 10:15:00,41.04,STOP_LOSS,False,-1.1241510300000064,-1.079844990057923,ORB_BOUNDARY
SUZLON,2026-03-16,SELL,2026-03-16 12:30:00,2026-03-16 12:35:00,12:35,41.009485,41.94,41.04,0.8999999999999986,41.459485,0.45000000000000284,40.10948499999999,2026-03-16 14:40:00,41.459485,STOP_LOSS,False,-0.5324689700000028,-1.1832643777777765,ORB_50PCT
SUZLON,2026-03-16,SELL,2026-03-16 12:30:00,2026-03-16 12:35:00,12:35,41.009485,41.94,41.04,0.8999999999999986,41.94,0.9305149999999998,39.148455,2026-03-16 15:25:00,41.0,END_OF_DAY,False,-0.07252448500000203,-0.07794015679489535,ORB_BOUNDARY
SUZLON,2026-03-17,SELL,2026-03-17 10:40:00,2026-03-17 10:45:00,10:45,40.79959,41.6,40.85,0.75,41.17459,0.375,40.04959,2026-03-17 13:25:00,41.17459,STOP_LOSS,False,-0.45697418,-1.2185978133333333,ORB_50PCT
SUZLON,2026-03-17,SELL,2026-03-17 10:40:00,2026-03-17 10:45:00,10:45,40.79959,41.6,40.85,0.75,41.6,0.8004099999999994,39.19877,2026-03-17 15:25:00,41.32,END_OF_DAY,False,-0.6025295899999983,-0.7527761897027757,ORB_BOUNDARY
SUZLON,2026-03-18,BUY,2026-03-18 10:45:00,2026-03-18 10:50:00,10:50,41.820899999999995,41.79,41.24,0.5499999999999972,41.545899999999996,0.2749999999999986,42.37089999999999,2026-03-18 15:25:00,42.06,END_OF_DAY,False,0.15521910000000766,0.5644330909091216,ORB_50PCT
SUZLON,2026-03-18,BUY,2026-03-18 10:45:00,2026-03-18 10:50:00,10:50,41.820899999999995,41.79,41.24,0.5499999999999972,41.24,0.5808999999999926,42.98269999999998,2026-03-18 15:25:00,42.06,END_OF_DAY,False,0.15521910000000766,0.2672045102427434,ORB_BOUNDARY
SUZLON,2026-03-19,BUY,2026-03-19 10:50:00,2026-03-19 10:55:00,10:55,41.720850000000006,41.67,41.0,0.6700000000000017,41.385850000000005,0.33500000000000085,42.39085000000001,2026-03-19 13:35:00,41.385850000000005,STOP_LOSS,False,-0.4181067000000009,-1.2480797014925369,ORB_50PCT
SUZLON,2026-03-19,BUY,2026-03-19 10:50:00,2026-03-19 10:55:00,10:55,41.720850000000006,41.67,41.0,0.6700000000000017,41.0,0.7208500000000058,43.16255000000002,2026-03-19 14:25:00,41.0,STOP_LOSS,False,-0.8035708500000058,-1.1147545952694726,ORB_BOUNDARY
SUZLON,2026-03-19,SELL,2026-03-19 14:50:00,2026-03-19 14:55:00,14:55,40.959509999999995,41.67,41.0,0.6700000000000017,41.294509999999995,0.33500000000000085,40.28950999999999,2026-03-19 15:25:00,41.294509999999995,STOP_LOSS,False,-0.41725402000000084,-1.2455343880597007,ORB_50PCT
SUZLON,2026-03-19,SELL,2026-03-19 14:50:00,2026-03-19 14:55:00,14:55,40.959509999999995,41.67,41.0,0.6700000000000017,41.67,0.7104900000000072,39.53852999999998,2026-03-19 15:25:00,41.32,END_OF_DAY,False,-0.44276951000000575,-0.6231889400273068,ORB_BOUNDARY
SUZLON,2026-03-20,BUY,2026-03-20 09:30:00,2026-03-20 09:35:00,09:35,42.38118,42.25,41.34,0.9099999999999966,41.92618,0.4549999999999983,43.29118,2026-03-20 15:00:00,41.92618,STOP_LOSS,False,-0.5393073599999982,-1.1852909010989017,ORB_50PCT
SUZLON,2026-03-20,BUY,2026-03-20 09:30:00,2026-03-20 09:35:00,09:35,42.38118,42.25,41.34,0.9099999999999966,41.34,1.041179999999997,44.463539999999995,2026-03-20 15:25:00,41.93,END_OF_DAY,False,-0.5354911800000008,-0.5143118192819708,ORB_BOUNDARY
SUZLON,2026-03-23,SELL,2026-03-23 09:50:00,2026-03-23 09:55:00,09:55,40.67965,41.76,40.81,0.9499999999999957,41.154650000000004,0.4750000000000014,39.72965,2026-03-23 12:25:00,39.72965,TARGET,False,0.8695907000000028,1.8307172631578952,ORB_50PCT
SUZLON,2026-03-23,SELL,2026-03-23 09:50:00,2026-03-23 09:55:00,09:55,40.67965,41.76,40.81,0.9499999999999957,41.76,1.0803499999999957,38.51895000000001,2026-03-23 15:25:00,39.95,END_OF_DAY,False,0.6490203499999995,0.6007500809922729,ORB_BOUNDARY
SUZLON,2026-03-24,SELL,2026-03-24 10:05:00,2026-03-24 10:10:00,10:10,40.309835,41.3,40.51,0.7899999999999991,40.704835,0.3950000000000031,39.51983499999999,2026-03-24 12:00:00,40.704835,STOP_LOSS,False,-0.47601467000000314,-1.2051004303797452,ORB_50PCT
SUZLON,2026-03-24,SELL,2026-03-24 10:05:00,2026-03-24 10:10:00,10:10,40.309835,41.3,40.51,0.7899999999999991,41.3,0.9901649999999975,38.329505000000005,2026-03-24 13:30:00,41.3,STOP_LOSS,False,-1.0717748349999976,-1.0824204400276725,ORB_BOUNDARY
SUZLON,2026-03-25,BUY,2026-03-25 10:30:00,2026-03-25 10:35:00,10:35,42.481230000000004,42.42,41.43,0.990000000000002,41.986230000000006,0.49499999999999744,43.47123,2026-03-25 15:25:00,42.24,END_OF_DAY,False,-0.3259512300000016,-0.65848733333334,ORB_50PCT
SUZLON,2026-03-25,BUY,2026-03-25 10:30:00,2026-03-25 10:35:00,10:35,42.481230000000004,42.42,41.43,0.990000000000002,41.43,1.0512300000000039,44.58369000000001,2026-03-25 15:25:00,42.24,END_OF_DAY,False,-0.3259512300000016,-0.3100665220741421,ORB_BOUNDARY
SUZLON,2026-03-27,SELL,2026-03-27 09:50:00,2026-03-27 09:55:00,09:55,41.509235000000004,42.05,41.55,0.5,41.759235000000004,0.25,41.009235000000004,2026-03-27 10:25:00,41.009235000000004,TARGET,False,0.41748153,1.66992612,ORB_50PCT
SUZLON,2026-03-27,SELL,2026-03-27 09:50:00,2026-03-27 09:55:00,09:55,41.509235000000004,42.05,41.55,0.5,42.05,0.5407649999999933,40.42770500000002,2026-03-27 15:25:00,40.79,END_OF_DAY,False,0.6369357650000047,1.177842066331979,ORB_BOUNDARY
SUZLON,2026-03-30,BUY,2026-03-30 09:30:00,2026-03-30 09:35:00,09:35,40.430204999999994,40.38,39.72,0.6600000000000037,40.10020499999999,0.3300000000000054,41.090205000000005,2026-03-30 10:10:00,40.10020499999999,STOP_LOSS,False,-0.4105304100000054,-1.2440315454545414,ORB_50PCT
SUZLON,2026-03-30,BUY,2026-03-30 09:30:00,2026-03-30 09:35:00,09:35,40.430204999999994,40.38,39.72,0.6600000000000037,39.72,0.7102049999999949,41.85061499999998,2026-03-30 13:55:00,39.72,STOP_LOSS,False,-0.7903552049999949,-1.1128550277736717,ORB_BOUNDARY
SUZLON,2026-03-30,SELL,2026-03-30 14:10:00,2026-03-30 14:15:00,14:15,39.670155,40.38,39.72,0.6600000000000037,40.00015500000001,0.3300000000000054,39.01015499999999,2026-03-30 15:25:00,39.61,END_OF_DAY,False,-0.01912515499999827,-0.057955015151508964,ORB_50PCT
SUZLON,2026-03-30,SELL,2026-03-30 14:10:00,2026-03-30 14:15:00,14:15,39.670155,40.38,39.72,0.6600000000000037,40.38,0.7098450000000014,38.250465,2026-03-30 15:25:00,39.61,END_OF_DAY,False,-0.01912515499999827,-0.026942719889550864,ORB_BOUNDARY
SUZLON,2026-04-01,BUY,2026-04-01 13:10:00,2026-04-01 13:15:00,13:15,41.540760000000006,41.48,40.8,0.6799999999999997,41.20076,0.3400000000000034,42.22076000000001,2026-04-01 13:40:00,41.20076,STOP_LOSS,False,-0.4227415200000034,-1.2433574117647035,ORB_50PCT
SUZLON,2026-04-01,BUY,2026-04-01 13:10:00,2026-04-01 13:15:00,13:15,41.540760000000006,41.48,40.8,0.6799999999999997,40.8,0.7407600000000087,43.02228000000002,2026-04-01 15:25:00,41.2,END_OF_DAY,False,-0.4235007600000031,-0.5717111615097982,ORB_BOUNDARY
SUZLON,2026-04-02,BUY,2026-04-02 14:15:00,2026-04-02 14:20:00,14:20,40.6203,40.57,39.77,0.7999999999999972,40.2203,0.3999999999999986,41.4203,2026-04-02 15:25:00,40.94,END_OF_DAY,False,0.23813969999999743,0.5953492499999957,ORB_50PCT
SUZLON,2026-04-02,BUY,2026-04-02 14:15:00,2026-04-02 14:20:00,14:20,40.6203,40.57,39.77,0.7999999999999972,39.77,0.8502999999999972,42.320899999999995,2026-04-02 15:25:00,40.94,END_OF_DAY,False,0.23813969999999743,0.28006550629189486,ORB_BOUNDARY
SUZLON,2026-04-06,BUY,2026-04-06 11:55:00,2026-04-06 12:00:00,12:00,41.210595,41.15,39.84,1.3099999999999952,40.555595,0.6550000000000011,42.520595,2026-04-06 15:25:00,41.68,END_OF_DAY,False,0.38651440500000184,0.5900983282442765,ORB_50PCT
SUZLON,2026-04-06,BUY,2026-04-06 11:55:00,2026-04-06 12:00:00,12:00,41.210595,41.15,39.84,1.3099999999999952,39.84,1.3705949999999945,43.95178499999999,2026-04-06 15:25:00,41.68,END_OF_DAY,False,0.38651440500000184,0.28200482637103114,ORB_BOUNDARY
SUZLON,2026-04-08,BUY,2026-04-08 10:50:00,2026-04-08 10:55:00,10:55,43.541760000000004,43.43,42.63,0.7999999999999972,43.141760000000005,0.3999999999999986,44.34176,2026-04-08 12:20:00,44.34176,TARGET,False,0.7121164799999972,1.7802911999999993,ORB_50PCT
SUZLON,2026-04-08,BUY,2026-04-08 10:50:00,2026-04-08 10:55:00,10:55,43.541760000000004,43.43,42.63,0.7999999999999972,42.63,0.911760000000001,45.365280000000006,2026-04-08 15:25:00,44.34,END_OF_DAY,False,0.7103582399999998,0.7791066070018415,ORB_BOUNDARY
SUZLON,2026-04-09,SELL,2026-04-09 09:40:00,2026-04-09 09:45:00,09:45,43.738119999999995,44.56,43.77,0.7899999999999991,44.13311999999999,0.394999999999996,42.94812,2026-04-09 10:55:00,44.13311999999999,STOP_LOSS,False,-0.48287123999999604,-1.2224588354430403,ORB_50PCT
SUZLON,2026-04-09,SELL,2026-04-09 09:40:00,2026-04-09 09:45:00,09:45,43.738119999999995,44.56,43.77,0.7899999999999991,44.56,0.8218800000000073,42.09435999999998,2026-04-09 15:25:00,44.28,END_OF_DAY,False,-0.6298981200000061,-0.766411300919843,ORB_BOUNDARY
SUZLON,2026-04-10,BUY,2026-04-10 09:40:00,2026-04-10 09:45:00,09:45,45.052515,45.02,44.38,0.6400000000000006,44.732515,0.3200000000000003,45.692515,2026-04-10 10:05:00,44.732515,STOP_LOSS,False,-0.40978503000000027,-1.2805782187499997,ORB_50PCT
SUZLON,2026-04-10,BUY,2026-04-10 09:40:00,2026-04-10 09:45:00,09:45,45.052515,45.02,44.38,0.6400000000000006,44.38,0.6725149999999971,46.397544999999994,2026-04-10 15:25:00,45.59,END_OF_DAY,False,0.4468424850000038,0.6644349717106767,ORB_BOUNDARY
SUZLON,2026-04-13,BUY,2026-04-13 09:30:00,2026-04-13 09:35:00,09:35,44.792385,44.73,43.89,0.8399999999999963,44.37238500000001,0.4199999999999946,45.63238499999999,2026-04-13 10:20:00,45.63238499999999,TARGET,False,0.7495752299999892,1.7847029285714258,ORB_50PCT
SUZLON,2026-04-13,BUY,2026-04-13 09:30:00,2026-04-13 09:35:00,09:35,44.792385,44.73,43.89,0.8399999999999963,43.89,0.9023850000000024,46.59715500000001,2026-04-13 15:25:00,45.9,END_OF_DAY,False,1.0169226149999955,1.126927658371973,ORB_BOUNDARY
SUZLON,2026-04-15,BUY,2026-04-15 09:35:00,2026-04-15 09:40:00,09:40,47.92395,47.65,46.73,0.9200000000000017,47.46395,0.46000000000000085,48.84395,2026-04-15 11:30:00,48.84395,TARGET,False,0.8232321000000017,1.7896350000000003,ORB_50PCT
SUZLON,2026-04-15,BUY,2026-04-15 09:35:00,2026-04-15 09:40:00,09:40,47.92395,47.65,46.73,0.9200000000000017,46.73,1.193950000000001,50.31185,2026-04-15 15:25:00,49.0,END_OF_DAY,False,0.9791260500000022,0.8200729092508073,ORB_BOUNDARY
SUZLON,2026-04-16,SELL,2026-04-16 09:55:00,2026-04-16 10:00:00,10:00,49.095439999999996,50.1,49.43,0.6700000000000017,49.43044,0.33500000000000085,48.425439999999995,2026-04-16 10:50:00,49.43044,STOP_LOSS,False,-0.43352588000000086,-1.2941071044776111,ORB_50PCT
SUZLON,2026-04-16,SELL,2026-04-16 09:55:00,2026-04-16 10:00:00,10:00,49.095439999999996,50.1,49.43,0.6700000000000017,50.1,1.004560000000005,47.086319999999986,2026-04-16 14:55:00,50.1,STOP_LOSS,False,-1.103755440000005,-1.0987451620610011,ORB_BOUNDARY
SUZLON,2026-04-16,BUY,2026-04-16 15:10:00,2026-04-16 15:15:00,15:15,50.255114999999996,50.1,49.43,0.6700000000000017,49.920114999999996,0.33500000000000085,50.925115,2026-04-16 15:25:00,50.42,END_OF_DAY,False,0.06420988500000527,0.1916712985074779,ORB_50PCT
SUZLON,2026-04-16,BUY,2026-04-16 15:10:00,2026-04-16 15:15:00,15:15,50.255114999999996,50.1,49.43,0.6700000000000017,49.43,0.8251149999999967,51.90534499999999,2026-04-16 15:25:00,50.42,END_OF_DAY,False,0.06420988500000527,0.07781931609533886,ORB_BOUNDARY
SUZLON,2026-04-17,BUY,2026-04-17 09:40:00,2026-04-17 09:45:00,09:45,52.14606,51.57,50.57,1.0,51.64606,0.5,53.14606,2026-04-17 09:45:00,51.64606,STOP_LOSS,False,-0.60379212,-1.20758424,ORB_50PCT
SUZLON,2026-04-17,BUY,2026-04-17 09:40:00,2026-04-17 09:45:00,09:45,52.14606,51.57,50.57,1.0,50.57,1.5760599999999982,55.298179999999995,2026-04-17 15:25:00,53.32,END_OF_DAY,False,1.0684739400000018,0.677939888075329,ORB_BOUNDARY
SUZLON,2026-04-20,SELL,2026-04-20 09:30:00,2026-04-20 09:35:00,09:35,52.223875,53.45,52.45,1.0,52.723875,0.5,51.223875,2026-04-20 12:05:00,52.723875,STOP_LOSS,False,-0.60494775,-1.2098955,ORB_50PCT
SUZLON,2026-04-20,SELL,2026-04-20 09:30:00,2026-04-20 09:35:00,09:35,52.223875,53.45,52.45,1.0,53.45,1.2261250000000032,49.77162499999999,2026-04-20 15:25:00,52.36,END_OF_DAY,False,-0.24070887499999982,-0.19631674992353895,ORB_BOUNDARY
SUZLON,2026-04-21,BUY,2026-04-21 10:00:00,2026-04-21 10:05:00,10:05,53.176575,53.02,52.26,0.7600000000000051,52.796575,0.38000000000000256,53.936575000000005,2026-04-21 12:45:00,52.796575,STOP_LOSS,False,-0.4859731500000026,-1.278876710526314,ORB_50PCT
SUZLON,2026-04-21,BUY,2026-04-21 10:00:00,2026-04-21 10:05:00,10:05,53.176575,53.02,52.26,0.7600000000000051,52.26,0.9165750000000017,55.009725,2026-04-21 15:25:00,53.05,END_OF_DAY,False,-0.23280157500000254,-0.2539907536208189,ORB_BOUNDARY
SUZLON,2026-04-22,BUY,2026-04-22 11:20:00,2026-04-22 11:25:00,11:25,53.766870000000004,53.63,52.9,0.730000000000004,53.40187,0.365000000000002,54.49687000000001,2026-04-22 14:40:00,54.49687000000001,TARGET,False,0.6217362600000039,1.7033870136986315,ORB_50PCT
SUZLON,2026-04-22,BUY,2026-04-22 11:20:00,2026-04-22 11:25:00,11:25,53.766870000000004,53.63,52.9,0.730000000000004,52.9,0.8668700000000058,55.500610000000016,2026-04-22 15:25:00,54.65,END_OF_DAY,False,0.7747131299999942,0.8936900919399553,ORB_BOUNDARY
SUZLON,2026-04-23,SELL,2026-04-23 10:05:00,2026-04-23 10:10:00,10:10,54.322825,55.05,54.45,0.5999999999999943,54.622825,0.29999999999999716,53.72282500000001,2026-04-23 14:45:00,53.72282500000001,TARGET,False,0.4919543499999943,1.63984783333333,ORB_50PCT
SUZLON,2026-04-23,SELL,2026-04-23 10:05:00,2026-04-23 10:10:00,10:10,54.322825,55.05,54.45,0.5999999999999943,55.05,0.7271749999999955,52.86847500000001,2026-04-23 15:25:00,53.78,END_OF_DAY,False,0.43472217500000054,0.5978233231340506,ORB_BOUNDARY
SUZLON,2026-04-24,SELL,2026-04-24 09:30:00,2026-04-24 09:35:00,09:35,53.323325000000004,54.25,53.58,0.6700000000000017,53.658325000000005,0.33500000000000085,52.653325,2026-04-24 10:00:00,53.658325000000005,STOP_LOSS,False,-0.44198165000000084,-1.319348208955223,ORB_50PCT
SUZLON,2026-04-24,SELL,2026-04-24 09:30:00,2026-04-24 09:35:00,09:35,53.323325000000004,54.25,53.58,0.6700000000000017,54.25,0.9266749999999959,51.46997500000001,2026-04-24 15:25:00,53.85,END_OF_DAY,False,-0.6338483249999973,-0.6840028327083391,ORB_BOUNDARY
SUZLON,2026-04-27,BUY,2026-04-27 09:50:00,2026-04-27 09:55:00,09:55,55.40769,55.34,54.26,1.0800000000000054,54.867689999999996,0.5400000000000063,56.487690000000015,2026-04-27 11:00:00,56.487690000000015,TARGET,False,0.9681046200000125,1.7927863333333358,ORB_50PCT
SUZLON,2026-04-27,BUY,2026-04-27 09:50:00,2026-04-27 09:55:00,09:55,55.40769,55.34,54.26,1.0800000000000054,54.26,1.1476900000000043,57.70307000000001,2026-04-27 15:25:00,56.9,END_OF_DAY,False,1.3800023099999963,1.2024172990964381,ORB_BOUNDARY
SUZLON,2026-04-28,SELL,2026-04-28 13:45:00,2026-04-28 13:50:00,13:50,56.901535,57.74,56.97,0.7700000000000031,57.286535,0.384999999999998,56.13153500000001,2026-04-28 13:55:00,57.286535,STOP_LOSS,False,-0.49918806999999804,-1.2965923896103912,ORB_50PCT
SUZLON,2026-04-28,SELL,2026-04-28 13:45:00,2026-04-28 13:50:00,13:50,56.901535,57.74,56.97,0.7700000000000031,57.74,0.8384649999999993,55.224605000000004,2026-04-28 14:55:00,57.74,STOP_LOSS,False,-0.9531065349999993,-1.136727871765667,ORB_BOUNDARY
SUZLON,2026-04-29,SELL,2026-04-29 09:35:00,2026-04-29 09:40:00,09:40,57.19139,58.06,57.37,0.6900000000000048,57.53639,0.34499999999999886,56.50139,2026-04-29 10:50:00,57.53639,STOP_LOSS,False,-0.45972777999999886,-1.3325442898550737,ORB_50PCT
SUZLON,2026-04-29,SELL,2026-04-29 09:35:00,2026-04-29 09:40:00,09:40,57.19139,58.06,57.37,0.6900000000000048,58.06,0.8686100000000039,55.45416999999999,2026-04-29 15:25:00,56.7,END_OF_DAY,False,0.3774986099999955,0.4346008104903165,ORB_BOUNDARY
SUZLON,2026-04-30,SELL,2026-04-30 10:00:00,2026-04-30 10:05:00,10:05,55.69214,56.5,55.89,0.6099999999999994,55.99714,0.3049999999999997,55.08214,2026-04-30 10:30:00,55.08214,TARGET,False,0.49922571999999943,1.636805639344262,ORB_50PCT
SUZLON,2026-04-30,SELL,2026-04-30 10:00:00,2026-04-30 10:05:00,10:05,55.69214,56.5,55.89,0.6099999999999994,56.5,0.807859999999998,54.076420000000006,2026-04-30 15:25:00,55.64,END_OF_DAY,False,-0.0591921399999986,-0.07327029435793175,ORB_BOUNDARY
SUZLON,2026-05-04,SELL,2026-05-04 09:30:00,2026-05-04 09:35:00,09:35,54.61268,56.35,55.21,1.1400000000000006,55.18268,0.5700000000000003,53.47268,2026-05-04 11:25:00,55.18268,STOP_LOSS,False,-0.6797953600000003,-1.1926234385964911,ORB_50PCT
SUZLON,2026-05-04,SELL,2026-05-04 09:30:00,2026-05-04 09:35:00,09:35,54.61268,56.35,55.21,1.1400000000000006,56.35,1.737320000000004,51.13803999999999,2026-05-04 15:25:00,55.02,END_OF_DAY,False,-0.5169526800000057,-0.2975575484078952,ORB_BOUNDARY
SUZLON,2026-05-05,BUY,2026-05-05 09:35:00,2026-05-05 09:40:00,09:40,55.757864999999995,55.54,54.56,0.9799999999999969,55.267865,0.4899999999999949,56.737864999999985,2026-05-05 10:05:00,55.267865,STOP_LOSS,False,-0.6010257299999949,-1.226583122448982,ORB_50PCT
SUZLON,2026-05-05,BUY,2026-05-05 09:35:00,2026-05-05 09:40:00,09:40,55.757864999999995,55.54,54.56,0.9799999999999969,54.56,1.197864999999993,58.15359499999998,2026-05-05 15:25:00,54.92,END_OF_DAY,False,-0.9485428649999936,-0.7918612406239427,ORB_BOUNDARY
SUZLON,2026-05-06,SELL,2026-05-06 10:05:00,2026-05-06 10:10:00,10:10,54.03297,55.31,54.12,1.1900000000000048,54.627970000000005,0.595000000000006,52.84296999999999,2026-05-06 15:25:00,54.36,END_OF_DAY,False,-0.4354229700000006,-0.7318033109243633,ORB_50PCT
SUZLON,2026-05-06,SELL,2026-05-06 10:05:00,2026-05-06 10:10:00,10:10,54.03297,55.31,54.12,1.1900000000000048,55.31,1.2770300000000034,51.47890999999999,2026-05-06 15:25:00,54.36,END_OF_DAY,False,-0.4354229700000006,-0.34096534145634744,ORB_BOUNDARY
SUZLON,2026-05-07,SELL,2026-05-07 09:55:00,2026-05-07 10:00:00,10:00,53.743115,54.6,53.8,0.8000000000000043,54.14311500000001,0.4000000000000057,52.94311499999999,2026-05-07 10:20:00,54.14311500000001,STOP_LOSS,False,-0.5078862300000057,-1.269715574999996,ORB_50PCT
SUZLON,2026-05-07,SELL,2026-05-07 09:55:00,2026-05-07 10:00:00,10:00,53.743115,54.6,53.8,0.8000000000000043,54.6,0.8568849999999983,52.029345000000006,2026-05-07 11:50:00,54.6,STOP_LOSS,False,-0.9652281149999984,-1.126438337699925,ORB_BOUNDARY
SUZLON,2026-05-07,BUY,2026-05-07 12:00:00,2026-05-07 12:05:00,12:05,54.657315000000004,54.6,53.8,0.8000000000000043,54.257315000000006,0.3999999999999986,55.457315,2026-05-07 14:10:00,55.457315,TARGET,False,0.6898853699999972,1.7247134249999991,ORB_50PCT
SUZLON,2026-05-07,BUY,2026-05-07 12:00:00,2026-05-07 12:05:00,12:05,54.657315000000004,54.6,53.8,0.8000000000000043,53.8,0.8573150000000069,56.37194500000002,2026-05-07 15:25:00,55.7,END_OF_DAY,False,0.9323276849999987,1.0874972268069394,ORB_BOUNDARY
SUZLON,2026-05-08,SELL,2026-05-08 11:05:00,2026-05-08 11:10:00,11:10,55.24236500000001,55.92,55.34,0.5799999999999983,55.532365000000006,0.28999999999999915,54.66236500000001,2026-05-08 15:25:00,54.66236500000001,TARGET,False,0.4700952699999983,1.621018172413792,ORB_50PCT
SUZLON,2026-05-08,SELL,2026-05-08 11:05:00,2026-05-08 11:10:00,11:10,55.24236500000001,55.92,55.34,0.5799999999999983,55.92,0.6776349999999951,53.887095000000016,2026-05-08 15:25:00,54.85,END_OF_DAY,False,0.2822726350000052,0.41655557195246296,ORB_BOUNDARY
SUZLON,2026-05-11,SELL,2026-05-11 09:55:00,2026-05-11 10:00:00,10:00,53.61318,54.43,53.7,0.7299999999999969,53.978179999999995,0.3649999999999949,52.88318000000001,2026-05-11 10:05:00,53.978179999999995,STOP_LOSS,False,-0.4725913599999949,-1.2947708493150727,ORB_50PCT
SUZLON,2026-05-11,SELL,2026-05-11 09:55:00,2026-05-11 10:00:00,10:00,53.61318,54.43,53.7,0.7299999999999969,54.43,0.8168199999999999,51.97954,2026-05-11 15:25:00,53.32,END_OF_DAY,False,0.18624681999999956,0.22801451972282705,ORB_BOUNDARY
SUZLON,2026-05-12,SELL,2026-05-12 09:30:00,2026-05-12 09:35:00,09:35,52.763605,53.54,52.78,0.759999999999998,53.143604999999994,0.37999999999999545,52.00360500000001,2026-05-12 09:40:00,53.143604999999994,STOP_LOSS,False,-0.4859072099999954,-1.2787031842105296,ORB_50PCT
SUZLON,2026-05-12,SELL,2026-05-12 09:30:00,2026-05-12 09:35:00,09:35,52.763605,53.54,52.78,0.759999999999998,53.54,0.7763950000000008,51.210815,2026-05-12 09:50:00,53.54,STOP_LOSS,False,-0.8826986050000009,-1.1369194868591372,ORB_BOUNDARY
SUZLON,2026-05-12,BUY,2026-05-12 09:55:00,2026-05-12 10:00:00,10:00,53.80689,53.54,52.78,0.759999999999998,53.42689,0.38000000000000256,54.56689000000001,2026-05-12 10:05:00,53.42689,STOP_LOSS,False,-0.48723378000000256,-1.282194157894735,ORB_50PCT
SUZLON,2026-05-12,BUY,2026-05-12 09:55:00,2026-05-12 10:00:00,10:00,53.80689,53.54,52.78,0.759999999999998,52.78,1.0268900000000016,55.860670000000006,2026-05-12 11:30:00,52.78,STOP_LOSS,False,-1.1334768900000016,-1.1037958203897202,ORB_BOUNDARY
SUZLON,2026-05-12,SELL,2026-05-12 11:45:00,2026-05-12 11:50:00,11:50,52.71363,53.54,52.78,0.759999999999998,53.093630000000005,0.38000000000000256,51.95363,2026-05-12 14:05:00,51.95363,TARGET,False,0.6553327400000051,1.7245598421052648,ORB_50PCT
SUZLON,2026-05-12,SELL,2026-05-12 11:45:00,2026-05-12 11:50:00,11:50,52.71363,53.54,52.78,0.759999999999998,53.54,0.8263699999999972,51.06089000000001,2026-05-12 15:25:00,51.7,END_OF_DAY,False,0.9092163699999991,1.100253361085231,ORB_BOUNDARY
SUZLON,2026-05-13,BUY,2026-05-13 12:55:00,2026-05-13 13:00:00,13:00,52.776375,52.74,51.31,1.4299999999999997,52.061375,0.7150000000000034,54.20637500000001,2026-05-13 15:25:00,53.26,END_OF_DAY,False,0.37758862499999646,0.5280959790209715,ORB_50PCT
SUZLON,2026-05-13,BUY,2026-05-13 12:55:00,2026-05-13 13:00:00,13:00,52.776375,52.74,51.31,1.4299999999999997,51.31,1.4663749999999993,55.709125,2026-05-13 15:25:00,53.26,END_OF_DAY,False,0.37758862499999646,0.25749799676071716,ORB_BOUNDARY
SUZLON,2026-05-14,SELL,2026-05-14 09:35:00,2026-05-14 09:40:00,09:40,53.303335,53.91,53.36,0.5499999999999972,53.578334999999996,0.2749999999999986,52.753335,2026-05-14 09:55:00,52.753335,TARGET,False,0.44394332999999714,1.6143393818181797,ORB_50PCT
SUZLON,2026-05-14,SELL,2026-05-14 09:35:00,2026-05-14 09:40:00,09:40,53.303335,53.91,53.36,0.5499999999999972,53.91,0.6066649999999996,52.090005,2026-05-14 15:25:00,53.4,END_OF_DAY,False,-0.20336833500000157,-0.3352234511633302,ORB_BOUNDARY
SUZLON,2026-05-15,BUY,2026-05-15 10:40:00,2026-05-15 10:45:00,10:45,53.66682,53.6,52.98,0.6200000000000045,53.35682,0.3100000000000023,54.286820000000006,2026-05-15 12:35:00,54.286820000000006,TARGET,False,0.5120463600000046,1.651762451612906,ORB_50PCT
SUZLON,2026-05-15,BUY,2026-05-15 10:40:00,2026-05-15 10:45:00,10:45,53.66682,53.6,52.98,0.6200000000000045,52.98,0.6868200000000044,55.04046000000001,2026-05-15 15:25:00,53.91,END_OF_DAY,False,0.13560317999999527,0.19743627151217844,ORB_BOUNDARY
SUZLON,2026-05-18,SELL,2026-05-18 09:50:00,2026-05-18 09:55:00,09:55,52.593689999999995,53.48,52.75,0.7299999999999969,52.95868999999999,0.3649999999999949,51.863690000000005,2026-05-18 11:10:00,52.95868999999999,STOP_LOSS,False,-0.4705523799999949,-1.28918460273973,ORB_50PCT
SUZLON,2026-05-18,SELL,2026-05-18 09:50:00,2026-05-18 09:55:00,09:55,52.593689999999995,53.48,52.75,0.7299999999999969,53.48,0.8863100000000017,50.82106999999999,2026-05-18 15:25:00,53.42,END_OF_DAY,False,-0.9323236900000065,-1.0519160226106044,ORB_BOUNDARY
SUZLON,2026-05-19,SELL,2026-05-19 09:30:00,2026-05-19 09:35:00,09:35,53.05346,53.77,53.23,0.5400000000000063,53.323460000000004,0.2700000000000031,52.513459999999995,2026-05-19 09:40:00,53.323460000000004,STOP_LOSS,False,-0.3763769200000031,-1.393988592592588,ORB_50PCT
SUZLON,2026-05-19,SELL,2026-05-19 09:30:00,2026-05-19 09:35:00,09:35,53.05346,53.77,53.23,0.5400000000000063,53.77,0.716540000000002,51.62038,2026-05-19 11:00:00,53.77,STOP_LOSS,False,-0.8233634600000019,-1.149082340134535,ORB_BOUNDARY
SUZLON,2026-05-19,SELL,2026-05-19 14:30:00,2026-05-19 14:35:00,14:35,53.183395,53.77,53.23,0.5400000000000063,53.453395,0.2700000000000031,52.64339499999999,2026-05-19 15:20:00,52.64339499999999,TARGET,False,0.43417321000000625,1.6080489259259305,ORB_50PCT
SUZLON,2026-05-19,SELL,2026-05-19 14:30:00,2026-05-19 14:35:00,14:35,53.183395,53.77,53.23,0.5400000000000063,53.77,0.5866050000000058,52.010184999999986,2026-05-19 15:25:00,52.83,END_OF_DAY,False,0.247381604999999,0.4217175186028018,ORB_BOUNDARY
SUZLON,2026-05-20,BUY,2026-05-20 14:45:00,2026-05-20 14:50:00,14:50,52.696335000000005,52.63,52.0,0.6300000000000026,52.38133500000001,0.3149999999999977,53.326335,2026-05-20 15:05:00,52.38133500000001,STOP_LOSS,False,-0.42007766999999774,-1.3335799047619072,ORB_50PCT
SUZLON,2026-05-20,BUY,2026-05-20 14:45:00,2026-05-20 14:50:00,14:50,52.696335000000005,52.63,52.0,0.6300000000000026,52.0,0.6963350000000048,54.089005000000014,2026-05-20 15:25:00,52.64,END_OF_DAY,False,-0.16167133500000425,-0.23217465013248384,ORB_BOUNDARY
SUZLON,2026-05-21,BUY,2026-05-21 09:50:00,2026-05-21 09:55:00,09:55,53.50673999999999,53.45,52.93,0.5200000000000031,53.24673999999999,0.2600000000000051,54.026740000000004,2026-05-21 11:15:00,53.24673999999999,STOP_LOSS,False,-0.36675348000000507,-1.4105903076922994,ORB_50PCT
SUZLON,2026-05-21,BUY,2026-05-21 09:50:00,2026-05-21 09:55:00,09:55,53.50673999999999,53.45,52.93,0.5200000000000031,52.93,0.5767399999999938,54.66021999999998,2026-05-21 15:00:00,52.93,STOP_LOSS,False,-0.6831767399999938,-1.1845489128550146,ORB_BOUNDARY
SUZLON,2026-05-21,SELL,2026-05-21 15:05:00,2026-05-21 15:10:00,15:10,52.83357,53.45,52.93,0.5200000000000031,53.09357,0.259999999999998,52.313570000000006,2026-05-21 15:25:00,52.71,END_OF_DAY,False,0.018026430000000843,0.06933242307692684,ORB_50PCT
SUZLON,2026-05-21,SELL,2026-05-21 15:05:00,2026-05-21 15:10:00,15:10,52.83357,53.45,52.93,0.5200000000000031,53.45,0.6164300000000011,51.60071,2026-05-21 15:25:00,52.71,END_OF_DAY,False,0.018026430000000843,0.029243271742129373,ORB_BOUNDARY
SUZLON,2026-05-22,SELL,2026-05-22 10:00:00,2026-05-22 10:05:00,10:05,53.023475,53.61,53.08,0.5300000000000011,53.288475,0.26500000000000057,52.493475,2026-05-22 10:35:00,53.288475,STOP_LOSS,False,-0.37131195000000056,-1.4011771698113198,ORB_50PCT
SUZLON,2026-05-22,SELL,2026-05-22 10:00:00,2026-05-22 10:05:00,10:05,53.023475,53.61,53.08,0.5300000000000011,53.61,0.5865250000000017,51.850424999999994,2026-05-22 13:15:00,53.61,STOP_LOSS,False,-0.6931584750000017,-1.1818055070116358,ORB_BOUNDARY
SUZLON,2026-05-22,BUY,2026-05-22 14:30:00,2026-05-22 14:35:00,14:35,53.636805,53.61,53.08,0.5300000000000011,53.371805,0.26500000000000057,54.166805000000004,2026-05-22 15:25:00,53.9,END_OF_DAY,False,0.15565819499999606,0.5873894150943235,ORB_50PCT
SUZLON,2026-05-22,BUY,2026-05-22 14:30:00,2026-05-22 14:35:00,14:35,53.636805,53.61,53.08,0.5300000000000011,53.08,0.5568050000000042,54.75041500000001,2026-05-22 15:25:00,53.9,END_OF_DAY,False,0.15565819499999606,0.2795560294896685,ORB_BOUNDARY
SUZLON,2026-05-25,SELL,2026-05-25 12:05:00,2026-05-25 12:10:00,12:10,54.25286,54.9,54.3,0.6000000000000014,54.552859999999995,0.29999999999999716,53.652860000000004,2026-05-25 15:05:00,54.552859999999995,STOP_LOSS,False,-0.40880571999999715,-1.3626857333333366,ORB_50PCT
SUZLON,2026-05-25,SELL,2026-05-25 12:05:00,2026-05-25 12:10:00,12:10,54.25286,54.9,54.3,0.6000000000000014,54.9,0.6471400000000003,52.95858,2026-05-25 15:25:00,53.5,END_OF_DAY,False,0.6451071399999984,0.996858701362917,ORB_BOUNDARY
SUZLON,2026-05-26,BUY,2026-05-26 10:20:00,2026-05-26 10:25:00,10:25,54.86742,54.57,53.38,1.1899999999999977,54.272420000000004,0.5949999999999989,56.05742,2026-05-26 15:25:00,54.59,END_OF_DAY,False,-0.38687741999999936,-0.6502141512605044,ORB_50PCT
SUZLON,2026-05-26,BUY,2026-05-26 10:20:00,2026-05-26 10:25:00,10:25,54.86742,54.57,53.38,1.1899999999999977,53.38,1.4874200000000002,57.84226,2026-05-26 15:25:00,54.59,END_OF_DAY,False,-0.38687741999999936,-0.26009964905675553,ORB_BOUNDARY
SUZLON,2026-05-27,BUY,2026-05-27 14:45:00,2026-05-27 14:50:00,14:50,56.058015000000005,55.85,54.42,1.4299999999999997,55.34301500000001,0.7149999999999963,57.488015,2026-05-27 15:05:00,57.488015,TARGET,False,1.3164539699999926,1.8411943636363628,ORB_50PCT
SUZLON,2026-05-27,BUY,2026-05-27 14:45:00,2026-05-27 14:50:00,14:50,56.058015000000005,55.85,54.42,1.4299999999999997,54.42,1.6380150000000029,59.33404500000001,2026-05-27 15:25:00,57.75,END_OF_DAY,False,1.5781769849999954,0.9634691898425793,ORB_BOUNDARY
SUZLON,2026-05-29,SELL,2026-05-29 09:40:00,2026-05-29 09:45:00,09:45,56.841564999999996,58.42,57.05,1.3700000000000045,57.526565,0.6850000000000023,55.47156499999999,2026-05-29 15:20:00,57.526565,STOP_LOSS,False,-0.7993681300000023,-1.1669607737226273,ORB_50PCT
SUZLON,2026-05-29,SELL,2026-05-29 09:40:00,2026-05-29 09:45:00,09:45,56.841564999999996,58.42,57.05,1.3700000000000045,58.42,1.578435000000006,53.684694999999984,2026-05-29 15:25:00,57.75,END_OF_DAY,False,-1.0230265650000043,-0.6481271417575005,ORB_BOUNDARY
SUZLON,2026-06-01,SELL,2026-06-01 09:30:00,2026-06-01 09:35:00,09:35,55.1724,56.9,55.44,1.4600000000000009,55.9024,0.7299999999999969,53.71240000000001,2026-06-01 15:20:00,53.71240000000001,TARGET,False,1.3511151999999937,1.8508427397260268,ORB_50PCT
SUZLON,2026-06-01,SELL,2026-06-01 09:30:00,2026-06-01 09:35:00,09:35,55.1724,56.9,55.44,1.4600000000000009,56.9,1.7275999999999954,51.71720000000001,2026-06-01 15:25:00,53.75,END_OF_DAY,False,1.3134776000000032,0.7602903449872694,ORB_BOUNDARY
SUZLON,2026-06-02,BUY,2026-06-02 13:20:00,2026-06-02 13:25:00,13:25,53.376675,53.34,52.56,0.7800000000000011,52.986675,0.39000000000000057,54.156675,2026-06-02 14:55:00,54.156675,TARGET,False,0.6724666500000012,1.724273461538462,ORB_50PCT
SUZLON,2026-06-02,BUY,2026-06-02 13:20:00,2026-06-02 13:25:00,13:25,53.376675,53.34,52.56,0.7800000000000011,52.56,0.8166749999999965,55.01002499999999,2026-06-02 15:25:00,54.68,END_OF_DAY,False,1.195268325000001,1.4635789328680393,ORB_BOUNDARY
SUZLON,2026-06-03,SELL,2026-06-03 10:10:00,2026-06-03 10:15:00,10:15,53.783095,55.04,53.83,1.2100000000000009,54.38809500000001,0.605000000000004,52.573094999999995,2026-06-03 14:45:00,54.38809500000001,STOP_LOSS,False,-0.713171190000004,-1.1787953553718995,ORB_50PCT
SUZLON,2026-06-03,SELL,2026-06-03 10:10:00,2026-06-03 10:15:00,10:15,53.783095,55.04,53.83,1.2100000000000009,55.04,1.2569049999999962,51.26928500000001,2026-06-03 15:25:00,54.37,END_OF_DAY,False,-0.6950580949999945,-0.5529917495753431,ORB_BOUNDARY
SUZLON,2026-06-04,BUY,2026-06-04 14:05:00,2026-06-04 14:10:00,14:10,55.797885,55.75,54.03,1.7199999999999989,54.937885,0.8599999999999994,57.517885,2026-06-04 15:25:00,55.47,END_OF_DAY,False,-0.439152885000002,-0.5106428895348863,ORB_50PCT
SUZLON,2026-06-04,BUY,2026-06-04 14:05:00,2026-06-04 14:10:00,14:10,55.797885,55.75,54.03,1.7199999999999989,54.03,1.7678849999999997,59.333655,2026-06-04 15:25:00,55.47,END_OF_DAY,False,-0.439152885000002,-0.24840579845408614,ORB_BOUNDARY
SUZLON,2026-06-05,SELL,2026-06-05 09:35:00,2026-06-05 09:40:00,09:40,55.602185000000006,56.12,55.7,0.4199999999999946,55.812185,0.20999999999999375,55.18218500000002,2026-06-05 15:15:00,55.18218500000002,TARGET,False,0.3092156299999875,1.472455380952365,ORB_50PCT
SUZLON,2026-06-05,SELL,2026-06-05 09:35:00,2026-06-05 09:40:00,09:40,55.602185000000006,56.12,55.7,0.4199999999999946,56.12,0.5178149999999917,54.56655500000002,2026-06-05 15:25:00,55.2,END_OF_DAY,False,0.2913828150000029,0.5627160568929204,ORB_BOUNDARY
SUZLON,2026-06-10,SELL,2026-06-10 14:40:00,2026-06-10 14:45:00,14:45,54.352810000000005,55.45,54.55,0.9000000000000057,54.80281000000001,0.45000000000000284,53.45281,2026-06-10 15:25:00,54.0,END_OF_DAY,False,0.24445719000000515,0.543238200000008,ORB_50PCT
SUZLON,2026-06-10,SELL,2026-06-10 14:40:00,2026-06-10 14:45:00,14:45,54.352810000000005,55.45,54.55,0.9000000000000057,55.45,1.0971899999999977,52.15843000000001,2026-06-10 15:25:00,54.0,END_OF_DAY,False,0.24445719000000515,0.22280296940366362,ORB_BOUNDARY
SUZLON,2026-06-11,BUY,2026-06-11 09:40:00,2026-06-11 09:45:00,09:45,53.766870000000004,53.79,53.12,0.6700000000000017,53.43187,0.33500000000000085,54.436870000000006,2026-06-11 13:10:00,53.43187,STOP_LOSS,False,-0.44219874000000087,-1.3199962388059694,ORB_50PCT
SUZLON,2026-06-11,BUY,2026-06-11 09:40:00,2026-06-11 09:45:00,09:45,53.766870000000004,53.79,53.12,0.6700000000000017,53.12,0.6468700000000069,55.06061000000002,2026-06-11 15:05:00,53.12,STOP_LOSS,False,-0.7537568700000069,-1.165237018257144,ORB_BOUNDARY
SUZLON,2026-06-12,BUY,2026-06-12 09:35:00,2026-06-12 09:40:00,09:40,54.577275,54.5,53.77,0.7299999999999969,54.212275000000005,0.3649999999999949,55.30727499999999,2026-06-12 15:25:00,55.11,END_OF_DAY,False,0.42303772499999925,1.1590074657534388,ORB_50PCT
SUZLON,2026-06-12,BUY,2026-06-12 09:35:00,2026-06-12 09:40:00,09:40,54.577275,54.5,53.77,0.7299999999999969,53.77,0.8072749999999971,56.191824999999994,2026-06-12 15:25:00,55.11,END_OF_DAY,False,0.42303772499999925,0.5240317425908158,ORB_BOUNDARY
SUZLON,2026-06-15,SELL,2026-06-15 12:15:00,2026-06-15 12:20:00,12:20,55.83207,56.59,55.91,0.6800000000000068,56.172070000000005,0.3400000000000034,55.152069999999995,2026-06-15 15:25:00,55.72,END_OF_DAY,False,0.0005179300000027753,0.0015233235294199122,ORB_50PCT
SUZLON,2026-06-15,SELL,2026-06-15 12:15:00,2026-06-15 12:20:00,12:20,55.83207,56.59,55.91,0.6800000000000068,56.59,0.7579300000000018,54.31621,2026-06-15 15:25:00,55.72,END_OF_DAY,False,0.0005179300000027753,0.0006833480664477908,ORB_BOUNDARY
SUZLON,2026-06-16,BUY,2026-06-16 09:30:00,2026-06-16 09:35:00,09:35,57.298635000000004,57.09,53.9,3.190000000000005,55.703635000000006,1.5949999999999989,60.488635,2026-06-16 15:25:00,57.9,END_OF_DAY,False,0.48616636499999416,0.30480649843259844,ORB_50PCT
SUZLON,2026-06-16,BUY,2026-06-16 09:30:00,2026-06-16 09:35:00,09:35,57.298635000000004,57.09,53.9,3.190000000000005,53.9,3.398635000000006,64.09590500000002,2026-06-16 15:25:00,57.9,END_OF_DAY,False,0.48616636499999416,0.1430475367316565,ORB_BOUNDARY
SUZLON,2026-06-17,SELL,2026-06-17 09:30:00,2026-06-17 09:35:00,09:35,57.441265,58.38,57.52,0.8599999999999994,57.871265,0.4299999999999997,56.581265,2026-06-17 10:05:00,57.871265,STOP_LOSS,False,-0.5453125299999997,-1.2681686744186047,ORB_50PCT
SUZLON,2026-06-17,SELL,2026-06-17 09:30:00,2026-06-17 09:35:00,09:35,57.441265,58.38,57.52,0.8599999999999994,58.38,0.9387350000000012,55.563795,2026-06-17 13:15:00,58.38,STOP_LOSS,False,-1.0545562650000013,-1.1233801498825546,ORB_BOUNDARY
SUZLON,2026-06-18,SELL,2026-06-18 09:35:00,2026-06-18 09:40:00,09:40,58.83057,59.44,58.9,0.5399999999999991,59.100570000000005,0.2700000000000031,58.290569999999995,2026-06-18 09:45:00,59.100570000000005,STOP_LOSS,False,-0.3879311400000031,-1.436781999999995,ORB_50PCT
SUZLON,2026-06-18,SELL,2026-06-18 09:35:00,2026-06-18 09:40:00,09:40,58.83057,59.44,58.9,0.5399999999999991,59.44,0.6094299999999961,57.61171000000001,2026-06-18 15:25:00,58.37,END_OF_DAY,False,0.34336943000000414,0.5634271860591148,ORB_BOUNDARY
SUZLON,2026-06-19,BUY,2026-06-19 10:00:00,2026-06-19 10:05:00,10:05,58.979475,58.82,58.21,0.6099999999999994,58.674475,0.3049999999999997,59.589475,2026-06-19 11:30:00,59.589475,TARGET,False,0.4914310499999994,1.6112493442622946,ORB_50PCT
SUZLON,2026-06-19,BUY,2026-06-19 10:00:00,2026-06-19 10:05:00,10:05,58.979475,58.82,58.21,0.6099999999999994,58.21,0.7694749999999999,60.518425,2026-06-19 15:25:00,59.3,END_OF_DAY,False,0.2022455249999964,0.26283573215503614,ORB_BOUNDARY
SUZLON,2026-06-22,BUY,2026-06-22 14:45:00,2026-06-22 14:50:00,14:50,59.66982,59.58,59.05,0.5300000000000011,59.40482,0.26500000000000057,60.19982,2026-06-22 15:10:00,59.40482,STOP_LOSS,False,-0.3840746400000006,-1.4493382641509425,ORB_50PCT
SUZLON,2026-06-22,BUY,2026-06-22 14:45:00,2026-06-22 14:50:00,14:50,59.66982,59.58,59.05,0.5300000000000011,59.05,0.6198200000000043,60.90946000000001,2026-06-22 15:25:00,59.1,END_OF_DAY,False,-0.68858982,-1.1109512761769471,ORB_BOUNDARY
SUZLON,2026-06-23,SELL,2026-06-23 09:40:00,2026-06-23 09:45:00,09:45,58.900535,59.55,59.01,0.5399999999999991,59.170535,0.2700000000000031,58.36053499999999,2026-06-23 11:10:00,59.170535,STOP_LOSS,False,-0.3880710700000031,-1.437300259259254,ORB_50PCT
SUZLON,2026-06-23,SELL,2026-06-23 09:40:00,2026-06-23 09:45:00,09:45,58.900535,59.55,59.01,0.5399999999999991,59.55,0.6494649999999993,57.601605,2026-06-23 15:25:00,58.25,END_OF_DAY,False,0.5333844649999979,0.8212674509018939,ORB_BOUNDARY
SUZLON,2026-06-24,SELL,2026-06-24 09:45:00,2026-06-24 09:50:00,09:50,57.681145,58.6,58.11,0.490000000000002,57.926145000000005,0.24500000000000455,57.19114499999999,2026-06-24 09:55:00,57.926145000000005,STOP_LOSS,False,-0.3606072900000046,-1.4718664897959097,ORB_50PCT
SUZLON,2026-06-24,SELL,2026-06-24 09:45:00,2026-06-24 09:50:00,09:50,57.681145,58.6,58.11,0.490000000000002,58.6,0.9188550000000006,55.843435,2026-06-24 11:40:00,58.6,STOP_LOSS,False,-1.0351361450000007,-1.126550048701917,ORB_BOUNDARY
SUZLON,2026-06-24,BUY,2026-06-24 13:10:00,2026-06-24 13:15:00,13:15,58.639305,58.6,58.11,0.490000000000002,58.394305,0.24499999999999744,59.129304999999995,2026-06-24 14:15:00,58.394305,STOP_LOSS,False,-0.36203360999999745,-1.4776882040816377,ORB_50PCT
SUZLON,2026-06-24,BUY,2026-06-24 13:10:00,2026-06-24 13:15:00,13:15,58.639305,58.6,58.11,0.490000000000002,58.11,0.5293050000000008,59.697915,2026-06-24 14:45:00,58.11,STOP_LOSS,False,-0.6460543050000008,-1.2205709468076058,ORB_BOUNDARY
SUZLON,2026-06-24,SELL,2026-06-24 15:05:00,2026-06-24 15:10:00,15:10,57.990990000000004,58.6,58.11,0.490000000000002,58.23599,0.24499999999999744,57.50099000000001,2026-06-24 15:25:00,57.94,END_OF_DAY,False,-0.06494098999999415,-0.2650652653061013,ORB_50PCT
SUZLON,2026-06-24,SELL,2026-06-24 15:05:00,2026-06-24 15:10:00,15:10,57.990990000000004,58.6,58.11,0.490000000000002,58.6,0.6090099999999978,56.77297000000001,2026-06-24 15:25:00,57.94,END_OF_DAY,False,-0.06494098999999415,-0.10663370059604009,ORB_BOUNDARY
SUZLON,2026-06-25,SELL,2026-06-25 09:30:00,2026-06-25 09:35:00,09:35,57.88104499999999,58.46,58.02,0.4399999999999977,58.10104499999999,0.21999999999999886,57.441044999999995,2026-06-25 09:40:00,58.10104499999999,STOP_LOSS,False,-0.33598208999999885,-1.5271913181818209,ORB_50PCT
SUZLON,2026-06-25,SELL,2026-06-25 09:30:00,2026-06-25 09:35:00,09:35,57.88104499999999,58.46,58.02,0.4399999999999977,58.46,0.5789550000000077,56.72313499999998,2026-06-25 15:25:00,57.09,END_OF_DAY,False,0.6760739549999898,1.1677487110396851,ORB_BOUNDARY
SUZLON,2026-06-29,SELL,2026-06-29 09:45:00,2026-06-29 09:50:00,09:50,57.001485,58.0,57.05,0.9500000000000028,57.476485000000004,0.4750000000000014,56.051485,2026-06-29 10:25:00,57.476485000000004,STOP_LOSS,False,-0.5894779700000015,-1.2410062526315784,ORB_50PCT
SUZLON,2026-06-29,SELL,2026-06-29 09:45:00,2026-06-29 09:50:00,09:50,57.001485,58.0,57.05,0.9500000000000028,58.0,0.9985149999999976,55.00445500000001,2026-06-29 15:25:00,57.41,END_OF_DAY,False,-0.5229264849999942,-0.5237041857157834,ORB_BOUNDARY
SUZLON,2026-06-30,BUY,2026-06-30 09:50:00,2026-06-30 09:55:00,09:55,57.86892,57.78,57.35,0.4299999999999997,57.65392,0.2150000000000034,58.29892000000001,2026-06-30 10:00:00,57.65392,STOP_LOSS,False,-0.3305228400000034,-1.5373155348837124,ORB_50PCT
SUZLON,2026-06-30,BUY,2026-06-30 09:50:00,2026-06-30 09:55:00,09:55,57.86892,57.78,57.35,0.4299999999999997,57.35,0.5189200000000014,58.906760000000006,2026-06-30 11:05:00,57.35,STOP_LOSS,False,-0.6341389200000014,-1.2220359978416706,ORB_BOUNDARY
SUZLON,2026-06-30,BUY,2026-06-30 11:50:00,2026-06-30 11:55:00,11:55,57.96897,57.78,57.35,0.4299999999999997,57.753969999999995,0.2150000000000034,58.398970000000006,2026-06-30 12:15:00,57.753969999999995,STOP_LOSS,False,-0.3307229400000034,-1.538246232558131,ORB_50PCT
SUZLON,2026-06-30,BUY,2026-06-30 11:50:00,2026-06-30 11:55:00,11:55,57.96897,57.78,57.35,0.4299999999999997,57.35,0.6189699999999974,59.20690999999999,2026-06-30 15:25:00,58.94,END_OF_DAY,False,0.854121029999999,1.3799069906457544,ORB_BOUNDARY
SUZLON,2026-07-01,SELL,2026-07-01 09:45:00,2026-07-01 09:50:00,09:50,58.79059,59.31,58.85,0.46000000000000085,59.02059,0.22999999999999687,58.33059000000001,2026-07-01 10:15:00,59.02059,STOP_LOSS,False,-0.3478111799999969,-1.5122225217391374,ORB_50PCT
SUZLON,2026-07-01,SELL,2026-07-01 09:45:00,2026-07-01 09:50:00,09:50,58.79059,59.31,58.85,0.46000000000000085,59.31,0.5194100000000006,57.75177,2026-07-01 15:25:00,58.3,END_OF_DAY,False,0.37349941000000453,0.7190839799002794,ORB_BOUNDARY
SUZLON,2026-07-02,SELL,2026-07-02 09:40:00,2026-07-02 09:45:00,09:45,58.080945,58.68,58.15,0.5300000000000011,58.345945,0.26500000000000057,57.550945,2026-07-02 09:55:00,58.345945,STOP_LOSS,False,-0.3814268900000006,-1.4393467547169803,ORB_50PCT
SUZLON,2026-07-02,SELL,2026-07-02 09:40:00,2026-07-02 09:45:00,09:45,58.080945,58.68,58.15,0.5300000000000011,58.68,0.5990549999999999,56.882835,2026-07-02 15:25:00,57.7,END_OF_DAY,False,0.26516405499999696,0.4426372453280534,ORB_BOUNDARY
SUZLON,2026-07-03,SELL,2026-07-03 09:40:00,2026-07-03 09:45:00,09:45,57.01148,58.12,57.1,1.019999999999996,57.52148,0.509999999999998,55.99148,2026-07-03 15:25:00,56.9,END_OF_DAY,False,-0.00243147999999975,-0.004767607843136784,ORB_50PCT
SUZLON,2026-07-03,SELL,2026-07-03 09:40:00,2026-07-03 09:45:00,09:45,57.01148,58.12,57.1,1.019999999999996,58.12,1.1085199999999986,54.79444,2026-07-03 15:25:00,56.9,END_OF_DAY,False,-0.00243147999999975,-0.0021934471186805405,ORB_BOUNDARY
SUZLON,2026-07-06,SELL,2026-07-06 09:30:00,2026-07-06 09:35:00,09:35,55.482245,57.1,55.6,1.5,56.232245,0.75,53.982245,2026-07-06 15:25:00,55.4,END_OF_DAY,False,-0.02863724499999966,-0.03818299333333288,ORB_50PCT
SUZLON,2026-07-06,SELL,2026-07-06 09:30:00,2026-07-06 09:35:00,09:35,55.482245,57.1,55.6,1.5,57.1,1.6177550000000025,52.246734999999994,2026-07-06 15:25:00,55.4,END_OF_DAY,False,-0.02863724499999966,-0.017701842986113235,ORB_BOUNDARY
SUZLON,2026-07-07,SELL,2026-07-07 09:30:00,2026-07-07 09:35:00,09:35,54.462755,55.56,54.65,0.9100000000000037,54.917755,0.4549999999999983,53.552755000000005,2026-07-07 13:45:00,54.917755,STOP_LOSS,False,-0.5643805099999983,-1.2403967252747263,ORB_50PCT
SUZLON,2026-07-07,SELL,2026-07-07 09:30:00,2026-07-07 09:35:00,09:35,54.462755,55.56,54.65,0.9100000000000037,55.56,1.097245000000001,52.268265,2026-07-07 15:25:00,54.4,END_OF_DAY,False,-0.04610775499999721,-0.0420213853788326,ORB_BOUNDARY
SUZLON,2026-07-08,BUY,2026-07-08 09:40:00,2026-07-08 09:45:00,09:45,54.36717,54.3,53.87,0.4299999999999997,54.15217,0.2150000000000034,54.79717000000001,2026-07-08 09:45:00,54.15217,STOP_LOSS,False,-0.32351934000000343,-1.5047411162790618,ORB_50PCT
SUZLON,2026-07-08,BUY,2026-07-08 09:40:00,2026-07-08 09:45:00,09:45,54.36717,54.3,53.87,0.4299999999999997,53.87,0.4971700000000041,55.36151000000001,2026-07-08 13:55:00,53.87,STOP_LOSS,False,-0.6054071700000041,-1.2177065591246437,ORB_BOUNDARY
SUZLON,2026-07-09,BUY,2026-07-09 09:35:00,2026-07-09 09:40:00,09:40,53.976975,53.9,53.07,0.8299999999999983,53.561975000000004,0.41499999999999915,54.806975,2026-07-09 10:20:00,53.561975000000004,STOP_LOSS,False,-0.5225389499999992,-1.2591300000000005,ORB_50PCT
SUZLON,2026-07-09,BUY,2026-07-09 09:35:00,2026-07-09 09:40:00,09:40,53.976975,53.9,53.07,0.8299999999999983,53.07,0.9069750000000028,55.79092500000001,2026-07-09 15:25:00,53.7,END_OF_DAY,False,-0.3846519750000002,-0.4241042752005282,ORB_BOUNDARY
SUZLON,2026-07-10,BUY,2026-07-10 09:45:00,2026-07-10 09:50:00,09:50,54.38718,54.29,53.97,0.3200000000000003,54.227180000000004,0.1599999999999966,54.707179999999994,2026-07-10 10:10:00,54.227180000000004,STOP_LOSS,False,-0.2686143599999966,-1.6788397500000145,ORB_50PCT
SUZLON,2026-07-10,BUY,2026-07-10 09:45:00,2026-07-10 09:50:00,09:50,54.38718,54.29,53.97,0.3200000000000003,53.97,0.4171800000000019,55.221540000000005,2026-07-10 13:45:00,53.97,STOP_LOSS,False,-0.5255371800000019,-1.259737235725585,ORB_BOUNDARY
SUZLON,2026-07-10,SELL,2026-07-10 13:55:00,2026-07-10 14:00:00,14:00,53.93302,54.29,53.97,0.3200000000000003,54.093019999999996,0.1599999999999966,53.613020000000006,2026-07-10 14:45:00,54.093019999999996,STOP_LOSS,False,-0.2680260399999966,-1.6751627500000144,ORB_50PCT
SUZLON,2026-07-10,SELL,2026-07-10 13:55:00,2026-07-10 14:00:00,14:00,53.93302,54.29,53.97,0.3200000000000003,54.29,0.3569800000000001,53.21906,2026-07-10 15:25:00,54.03,END_OF_DAY,False,-0.20494302000000209,-0.5741022466244665,ORB_BOUNDARY
SUZLON,2026-07-13,SELL,2026-07-13 11:25:00,2026-07-13 11:30:00,11:30,52.963505000000005,53.62,53.07,0.5499999999999972,53.238505,0.2749999999999986,52.41350500000001,2026-07-13 12:40:00,53.238505,STOP_LOSS,False,-0.3812020099999986,-1.3861891272727294,ORB_50PCT
SUZLON,2026-07-13,SELL,2026-07-13 11:25:00,2026-07-13 11:30:00,11:30,52.963505000000005,53.62,53.07,0.5499999999999972,53.62,0.6564949999999925,51.65051500000002,2026-07-13 15:25:00,53.23,END_OF_DAY,False,-0.37268850499999195,-0.567694354107794,ORB_BOUNDARY
SUZLON,2026-07-14,SELL,2026-07-14 09:50:00,2026-07-14 09:55:00,09:55,52.423775000000006,52.99,52.52,0.46999999999999886,52.658775000000006,0.23499999999999943,51.95377500000001,2026-07-14 10:55:00,52.658775000000006,STOP_LOSS,False,-0.34008254999999943,-1.4471597872340436,ORB_50PCT
SUZLON,2026-07-14,SELL,2026-07-14 09:50:00,2026-07-14 09:55:00,09:55,52.423775000000006,52.99,52.52,0.46999999999999886,52.99,0.5662249999999958,51.291325000000015,2026-07-14 15:25:00,52.43,END_OF_DAY,False,-0.1110787749999935,-0.19617426817960057,ORB_BOUNDARY
SUZLON,2026-07-15,BUY,2026-07-15 10:10:00,2026-07-15 10:15:00,10:15,53.076525,52.91,52.47,0.4399999999999977,52.856525,0.21999999999999886,53.516524999999994,2026-07-15 12:50:00,52.856525,STOP_LOSS,False,-0.32593304999999884,-1.481513863636366,ORB_50PCT
SUZLON,2026-07-15,BUY,2026-07-15 10:10:00,2026-07-15 10:15:00,10:15,53.076525,52.91,52.47,0.4399999999999977,52.47,0.6065249999999978,54.28957499999999,2026-07-15 15:00:00,52.47,STOP_LOSS,False,-0.7120715249999978,-1.1740184246321264,ORB_BOUNDARY
SUZLON,2026-07-15,SELL,2026-07-15 15:05:00,2026-07-15 15:10:00,15:10,52.413779999999996,52.91,52.47,0.4399999999999977,52.633779999999994,0.21999999999999886,51.97378,2026-07-15 15:25:00,52.5,END_OF_DAY,False,-0.19113378000000442,-0.8687899090909337,ORB_50PCT
SUZLON,2026-07-15,SELL,2026-07-15 15:05:00,2026-07-15 15:10:00,15:10,52.413779999999996,52.91,52.47,0.4399999999999977,52.91,0.496220000000001,51.421339999999994,2026-07-15 15:25:00,52.5,END_OF_DAY,False,-0.19113378000000442,-0.3851795171496595,ORB_BOUNDARY
SUZLON,2026-07-16,SELL,2026-07-16 09:30:00,2026-07-16 09:35:00,09:35,51.95401,52.63,52.13,0.5,52.20401,0.25,51.45401,2026-07-16 09:45:00,52.20401,STOP_LOSS,False,-0.35415801999999996,-1.4166320799999998,ORB_50PCT
SUZLON,2026-07-16,SELL,2026-07-16 09:30:00,2026-07-16 09:35:00,09:35,51.95401,52.63,52.13,0.5,52.63,0.6759900000000059,50.602029999999985,2026-07-16 11:00:00,52.63,STOP_LOSS,False,-0.7805740100000058,-1.1547123626089129,ORB_BOUNDARY
SUZLON,2026-07-16,BUY,2026-07-16 11:25:00,2026-07-16 11:30:00,11:30,52.66632,52.63,52.13,0.5,52.41632,0.25,53.16632,2026-07-16 11:50:00,52.41632,STOP_LOSS,False,-0.35508264,-1.42033056,ORB_50PCT
SUZLON,2026-07-16,BUY,2026-07-16 11:25:00,2026-07-16 11:30:00,11:30,52.66632,52.63,52.13,0.5,52.13,0.5363199999999964,53.73895999999999,2026-07-16 13:00:00,52.13,STOP_LOSS,False,-0.6411163199999964,-1.19539886634845,ORB_BOUNDARY
SUZLON,2026-07-16,SELL,2026-07-16 13:30:00,2026-07-16 13:35:00,13:35,52.033970000000004,52.63,52.13,0.5,52.283970000000004,0.25,51.533970000000004,2026-07-16 15:25:00,51.94,END_OF_DAY,False,-0.01000396999999413,-0.04001587999997652,ORB_50PCT
SUZLON,2026-07-16,SELL,2026-07-16 13:30:00,2026-07-16 13:35:00,13:35,52.033970000000004,52.63,52.13,0.5,52.63,0.596029999999999,50.841910000000006,2026-07-16 15:25:00,51.94,END_OF_DAY,False,-0.01000396999999413,-0.016784339714434087,ORB_BOUNDARY
SUZLON,2026-07-17,SELL,2026-07-17 10:00:00,2026-07-17 10:05:00,10:05,51.464255,52.05,51.5,0.5499999999999972,51.739255,0.2749999999999986,50.914255000000004,2026-07-17 10:25:00,51.739255,STOP_LOSS,False,-0.3782035099999986,-1.3752854909090928,ORB_50PCT
SUZLON,2026-07-17,SELL,2026-07-17 10:00:00,2026-07-17 10:05:00,10:05,51.464255,52.05,51.5,0.5499999999999972,52.05,0.5857449999999957,50.29276500000001,2026-07-17 14:45:00,52.05,STOP_LOSS,False,-0.6892592549999957,-1.1767223877284496,ORB_BOUNDARY
SUZLON,2026-07-20,BUY,2026-07-20 09:45:00,2026-07-20 09:50:00,09:50,52.386179999999996,52.07,51.61,0.46000000000000085,52.15617999999999,0.23000000000000398,52.846180000000004,2026-07-20 10:05:00,52.846180000000004,TARGET,False,0.35476764000000793,1.5424680000000077,ORB_50PCT
SUZLON,2026-07-20,BUY,2026-07-20 09:45:00,2026-07-20 09:50:00,09:50,52.386179999999996,52.07,51.61,0.46000000000000085,51.61,0.7761799999999965,53.93853999999999,2026-07-20 15:25:00,53.2,END_OF_DAY,False,0.7082338200000069,0.9124607951763896,ORB_BOUNDARY
SUZLON,2026-07-22,SELL,2026-07-22 09:30:00,2026-07-22 09:35:00,09:35,52.763605,53.3,52.8,0.5,53.013605,0.25,52.263605,2026-07-22 10:50:00,53.013605,STOP_LOSS,False,-0.35577721,-1.42310884,ORB_50PCT
SUZLON,2026-07-22,SELL,2026-07-22 09:30:00,2026-07-22 09:35:00,09:35,52.763605,53.3,52.8,0.5,53.3,0.5363949999999988,51.690815,2026-07-22 10:55:00,53.3,STOP_LOSS,False,-0.6424586049999989,-1.1977341418171314,ORB_BOUNDARY
SUZLON,2026-07-22,BUY,2026-07-22 11:05:00,2026-07-22 11:10:00,11:10,53.406690000000005,53.3,52.8,0.5,53.156690000000005,0.25,53.906690000000005,2026-07-22 11:15:00,53.156690000000005,STOP_LOSS,False,-0.35656338,-1.42625352,ORB_50PCT
SUZLON,2026-07-22,BUY,2026-07-22 11:05:00,2026-07-22 11:10:00,11:10,53.406690000000005,53.3,52.8,0.5,52.8,0.6066900000000075,54.62007000000002,2026-07-22 13:20:00,52.8,STOP_LOSS,False,-0.7128966900000075,-1.175059239479798,ORB_BOUNDARY
SUZLON,2026-07-22,SELL,2026-07-22 13:30:00,2026-07-22 13:35:00,13:35,52.75361,53.3,52.8,0.5,53.00361,0.25,52.25361,2026-07-22 15:00:00,53.00361,STOP_LOSS,False,-0.35575722,-1.42302888,ORB_50PCT
SUZLON,2026-07-22,SELL,2026-07-22 13:30:00,2026-07-22 13:35:00,13:35,52.75361,53.3,52.8,0.5,53.3,0.5463899999999953,51.66083000000001,2026-07-22 15:25:00,52.9,END_OF_DAY,False,-0.2520436099999967,-0.4612888413038285,ORB_BOUNDARY
SUZLON,2026-07-23,SELL,2026-07-23 12:55:00,2026-07-23 13:00:00,13:00,52.633669999999995,53.22,52.69,0.5300000000000011,52.898669999999996,0.26500000000000057,52.103669999999994,2026-07-23 15:25:00,52.22,END_OF_DAY,False,0.3088163299999962,1.165344641509417,ORB_50PCT
SUZLON,2026-07-23,SELL,2026-07-23 12:55:00,2026-07-23 13:00:00,13:00,52.633669999999995,53.22,52.69,0.5300000000000011,53.22,0.5863300000000038,51.46100999999999,2026-07-23 15:25:00,52.22,END_OF_DAY,False,0.3088163299999962,0.5266937219654362,ORB_BOUNDARY
SUZLON,2026-07-24,SELL,2026-07-24 10:00:00,2026-07-24 10:05:00,10:05,51.944015,52.45,52.0,0.45000000000000284,52.169015,0.22500000000000142,51.494015,2026-07-24 11:25:00,52.169015,STOP_LOSS,False,-0.3291130300000014,-1.4627245777777749,ORB_50PCT
SUZLON,2026-07-24,SELL,2026-07-24 10:00:00,2026-07-24 10:05:00,10:05,51.944015,52.45,52.0,0.45000000000000284,52.45,0.5059850000000026,50.932044999999995,2026-07-24 14:00:00,52.45,STOP_LOSS,False,-0.6103790150000026,-1.2063183987667607,ORB_BOUNDARY
SUZLON,2026-07-27,BUY,2026-07-27 11:00:00,2026-07-27 11:05:00,11:05,52.856415,52.84,52.26,0.5800000000000054,52.56641499999999,0.29000000000000625,53.43641500000001,2026-07-27 15:25:00,53.14,END_OF_DAY,False,0.17758858500000219,0.6123744310344771,ORB_50PCT
SUZLON,2026-07-27,BUY,2026-07-27 11:00:00,2026-07-27 11:05:00,11:05,52.856415,52.84,52.26,0.5800000000000054,52.26,0.5964150000000004,54.049245,2026-07-27 15:25:00,53.14,END_OF_DAY,False,0.17758858500000219,0.2977600915469968,ORB_BOUNDARY
SUZLON,2026-07-28,SELL,2026-07-28 09:55:00,2026-07-28 10:00:00,10:00,51.7741,53.2,51.83,1.3700000000000045,52.4591,0.6850000000000023,50.40409999999999,2026-07-28 14:00:00,50.40409999999999,TARGET,False,1.2678218000000046,1.850834744525548,ORB_50PCT
SUZLON,2026-07-28,SELL,2026-07-28 09:55:00,2026-07-28 10:00:00,10:00,51.7741,53.2,51.83,1.3700000000000045,53.2,1.4259000000000057,48.922299999999986,2026-07-28 14:25:00,48.922299999999986,TARGET,False,2.7511036000000115,1.929380461462936,ORB_BOUNDARY
SUZLON,2026-07-29,SELL,2026-07-29 10:20:00,2026-07-29 10:25:00,10:25,47.05646,48.7,47.28,1.4200000000000017,47.76646,0.7100000000000009,45.63646,2026-07-29 15:25:00,47.52,END_OF_DAY,False,-0.5581164600000018,-0.7860795211267622,ORB_50PCT
SUZLON,2026-07-29,SELL,2026-07-29 10:20:00,2026-07-29 10:25:00,10:25,47.05646,48.7,47.28,1.4200000000000017,48.7,1.6435400000000016,43.76938,2026-07-29 15:25:00,47.52,END_OF_DAY,False,-0.5581164600000018,-0.3395819146476516,ORB_BOUNDARY
SUZLON,2026-07-30,SELL,2026-07-30 09:30:00,2026-07-30 09:35:00,09:35,46.25686,47.52,46.31,1.2100000000000009,46.86186000000001,0.605000000000004,45.046859999999995,2026-07-30 10:55:00,46.86186000000001,STOP_LOSS,False,-0.698118720000004,-1.1539152396694206,ORB_50PCT
SUZLON,2026-07-30,SELL,2026-07-30 09:30:00,2026-07-30 09:35:00,09:35,46.25686,47.52,46.31,1.2100000000000009,47.52,1.26314,43.73058,2026-07-30 11:25:00,47.52,STOP_LOSS,False,-1.35691686,-1.0742410659151005,ORB_BOUNDARY
SUZLON,2026-07-30,BUY,2026-07-30 11:45:00,2026-07-30 11:50:00,11:50,47.553765,47.52,46.31,1.2100000000000009,46.948764999999995,0.605000000000004,48.76376500000001,2026-07-30 15:25:00,47.4,END_OF_DAY,False,-0.24871876499999995,-0.4111053966942121,ORB_50PCT
SUZLON,2026-07-30,BUY,2026-07-30 11:45:00,2026-07-30 11:50:00,11:50,47.553765,47.52,46.31,1.2100000000000009,46.31,1.2437649999999962,50.04129499999999,2026-07-30 15:25:00,47.4,END_OF_DAY,False,-0.24871876499999995,-0.19997247470382323,ORB_BOUNDARY
SUZLON,2026-07-31,BUY,2026-07-31 09:50:00,2026-07-31 09:55:00,09:55,47.793885,47.63,47.13,0.5,47.543885,0.25,48.293885,2026-07-31 15:25:00,48.04,END_OF_DAY,False,0.15028111499999608,0.6011244599999843,ORB_50PCT
SUZLON,2026-07-31,BUY,2026-07-31 09:50:00,2026-07-31 09:55:00,09:55,47.793885,47.63,47.13,0.5,47.13,0.6638850000000005,49.121655000000004,2026-07-31 15:25:00,48.04,END_OF_DAY,False,0.15028111499999608,0.2263661854086114,ORB_BOUNDARY
SUZLON,2026-08-03,BUY,2026-08-03 11:50:00,2026-08-03 11:55:00,11:55,49.10454,49.07,48.08,0.990000000000002,48.609539999999996,0.49500000000000455,50.09454000000001,2026-08-03 15:10:00,48.75,END_OF_DAY,False,-0.45239454000000007,-0.9139283636363553,ORB_50PCT
SUZLON,2026-08-03,BUY,2026-08-03 11:50:00,2026-08-03 11:55:00,11:55,49.10454,49.07,48.08,0.990000000000002,48.08,1.0245400000000018,51.153620000000004,2026-08-03 15:10:00,48.75,END_OF_DAY,False,-0.45239454000000007,-0.44155868975344964,ORB_BOUNDARY
SUZLON,2026-08-04,SELL,2026-08-04 10:45:00,2026-08-04 10:50:00,10:50,48.41578,49.15,48.53,0.6199999999999974,48.72578,0.3100000000000023,47.79577999999999,2026-08-04 15:10:00,48.0,END_OF_DAY,False,0.31936421999999803,1.0302071612903088,ORB_50PCT
SUZLON,2026-08-04,SELL,2026-08-04 10:45:00,2026-08-04 10:50:00,10:50,48.41578,49.15,48.53,0.6199999999999974,49.15,0.7342200000000005,46.94734,2026-08-04 15:10:00,48.0,END_OF_DAY,False,0.31936421999999803,0.4349707444635093,ORB_BOUNDARY
SUZLON,2026-08-05,SELL,2026-08-05 11:35:00,2026-08-05 11:40:00,11:40,48.23587,48.8,48.29,0.509999999999998,48.49087,0.25500000000000256,47.72586999999999,2026-08-05 15:10:00,48.04,END_OF_DAY,False,0.09959412999999932,0.39056521568626795,ORB_50PCT
SUZLON,2026-08-05,SELL,2026-08-05 11:35:00,2026-08-05 11:40:00,11:40,48.23587,48.8,48.29,0.509999999999998,48.8,0.5641299999999987,47.10761,2026-08-05 15:10:00,48.04,END_OF_DAY,False,0.09959412999999932,0.17654464396504274,ORB_BOUNDARY
SUZLON,2026-08-06,BUY,2026-08-06 14:30:00,2026-08-06 14:35:00,14:35,48.434205,48.31,47.83,0.480000000000004,48.194205,0.240000000000002,48.914205,2026-08-06 14:55:00,48.194205,STOP_LOSS,False,-0.336628410000002,-1.4026183749999968,ORB_50PCT
SUZLON,2026-08-06,BUY,2026-08-06 14:30:00,2026-08-06 14:35:00,14:35,48.434205,48.31,47.83,0.480000000000004,47.83,0.6042050000000003,49.642615,2026-08-06 15:10:00,48.08,END_OF_DAY,False,-0.45071920500000034,-0.7459706639302888,ORB_BOUNDARY
SUZLON,2026-08-07,BUY,2026-08-07 10:25:00,2026-08-07 10:30:00,10:30,48.72435,48.54,47.95,0.5899999999999963,48.42935,0.2950000000000017,49.314350000000005,2026-08-07 13:30:00,48.42935,STOP_LOSS,False,-0.3921537000000017,-1.3293345762711846,ORB_50PCT
SUZLON,2026-08-07,BUY,2026-08-07 10:25:00,2026-08-07 10:30:00,10:30,48.72435,48.54,47.95,0.5899999999999963,47.95,0.7743499999999983,50.27305,2026-08-07 15:10:00,48.1,END_OF_DAY,False,-0.7211743499999997,-0.9313286627494044,ORB_BOUNDARY
SUZLON,2026-08-10,SELL,2026-08-10 09:30:00,2026-08-10 09:35:00,09:35,47.61618,48.45,47.9,0.5500000000000043,47.891180000000006,0.2750000000000057,47.06617999999999,2026-08-10 10:05:00,47.891180000000006,STOP_LOSS,False,-0.3705073600000057,-1.3472994909090839,ORB_50PCT
SUZLON,2026-08-10,SELL,2026-08-10 09:30:00,2026-08-10 09:35:00,09:35,47.61618,48.45,47.9,0.5500000000000043,48.45,0.8338200000000029,45.948539999999994,2026-08-10 15:10:00,47.29,END_OF_DAY,False,0.2312738200000008,0.27736660190448775,ORB_BOUNDARY
SUZLON,2026-08-11,SELL,2026-08-11 09:50:00,2026-08-11 09:55:00,09:55,47.23637,47.71,47.3,0.4100000000000037,47.441370000000006,0.2050000000000054,46.82636999999999,2026-08-11 10:25:00,47.441370000000006,STOP_LOSS,False,-0.2996777400000054,-1.4618426341463293,ORB_50PCT
SUZLON,2026-08-11,SELL,2026-08-11 09:50:00,2026-08-11 09:55:00,09:55,47.23637,47.71,47.3,0.4100000000000037,47.71,0.47363,46.28911,2026-08-11 15:10:00,47.22,END_OF_DAY,False,-0.078086369999998,-0.16486787154529486,ORB_BOUNDARY
SUZLON,2026-08-12,SELL,2026-08-12 10:05:00,2026-08-12 10:10:00,10:10,47.05646,47.49,47.11,0.38000000000000256,47.24646,0.18999999999999773,46.676460000000006,2026-08-12 10:15:00,47.24646,STOP_LOSS,False,-0.28430291999999774,-1.496331157894743,ORB_50PCT
SUZLON,2026-08-12,SELL,2026-08-12 10:05:00,2026-08-12 10:10:00,10:10,47.05646,47.49,47.11,0.38000000000000256,47.49,0.4335400000000007,46.18938,2026-08-12 15:10:00,47.06,END_OF_DAY,False,-0.09765646000000099,-0.22525363288278089,ORB_BOUNDARY
SUZLON,2026-08-13,BUY,2026-08-13 09:40:00,2026-08-13 09:45:00,09:45,47.393685,47.31,47.12,0.19000000000000483,47.29868499999999,0.09500000000000597,47.58368500000001,2026-08-13 09:55:00,47.29868499999999,STOP_LOSS,False,-0.18969237000000594,-1.9967617894736214,ORB_50PCT
SUZLON,2026-08-13,BUY,2026-08-13 09:40:00,2026-08-13 09:45:00,09:45,47.393685,47.31,47.12,0.19000000000000483,47.12,0.2736850000000004,47.941055,2026-08-13 15:10:00,47.38,END_OF_DAY,False,-0.10845868499999528,-0.396290205893619,ORB_BOUNDARY
