SYMBOL,SL_MODE,TARGET_R,trade_date,direction,signal_candle_time,entry_candle_time,entry_price,stop_loss,initial_risk,target,target_r,entry_vwap,mfe,mae,mfe_r,mae_r,exit_time,exit_price,exit_reason,same_candle_ambiguous,gross_pnl,costs,net_pnl,entry_vwap_distance,VWAP_DISTANCE_BUCKET
INFY,ORB_50,2.0,2025-08-18,SELL,2025-08-18 10:20:00+05:30,2025-08-18 10:25:00+05:30,1411.0941,1421.1441,10.049999999999956,1390.9941,2.0,1417.0830361297806,11.794100000000071,1.3059000000000651,1.1735422885572264,0.1299402985074697,2025-08-18 15:25:00+05:30,1406.3028,END_OF_DAY,False,4.791300000000092,2.8173969,1.973903100000092,-5.988936129780541,Q2
INFY,ORB_50,2.0,2025-08-19,BUY,2025-08-19 09:55:00+05:30,2025-08-19 10:00:00+05:30,1413.60645,1408.65645,4.9500000000000455,1423.50645,2.0,1410.04224184665,5.09355000000005,6.106449999999995,1.0290000000000006,1.2336262626262504,2025-08-19 10:35:00+05:30,1407.952121775,STOP_LOSS,False,-5.654328224999972,2.821558571775,-8.475886796774972,3.5642081533499095,Q1_CLOSEST
INFY,ORB_50,2.0,2025-08-20,BUY,2025-08-20 09:40:00+05:30,2025-08-20 09:45:00+05:30,1433.21625,1422.61625,10.599999999999907,1454.4162499999998,2.0,1426.860151162046,34.08375000000001,1.6162500000000364,3.215448113207576,0.1524764150943443,2025-08-20 11:55:00+05:30,1453.6890418749997,TARGET,False,20.47279187499976,2.886905291875,17.585886583124758,6.35609883795405,Q3
INFY,ORB_50,2.0,2025-08-22,SELL,2025-08-22 09:50:00+05:30,2025-08-22 09:55:00+05:30,1458.77025,1464.47025,5.7000000000000455,1447.37025,2.0,1462.8738632802394,4.170250000000124,9.029749999999922,0.7316228070175598,1.5841666666666403,2025-08-22 11:20:00+05:30,1465.202485125,STOP_LOSS,False,-6.432235125000034,2.9239727351250004,-9.356207860125034,-4.103613280239415,Q1_CLOSEST
INFY,ORB_50,2.0,2025-08-25,BUY,2025-08-25 09:30:00+05:30,2025-08-25 09:35:00+05:30,1491.3453,1484.3953,6.9500000000000455,1505.2453,2.0,1486.5678298760067,15.05470000000014,4.345299999999952,2.166143884892092,0.6252230215827228,2025-08-25 13:35:00+05:30,1504.49267735,TARGET,False,13.14737735000017,2.9958379773500003,10.15153937265017,4.777470123993226,Q1_CLOSEST
INFY,ORB_50,2.0,2025-08-26,BUY,2025-08-26 09:35:00+05:30,2025-08-26 09:40:00+05:30,1504.9521,1497.1521,7.799999999999954,1520.5521,2.0,1499.6278192957263,0.8478999999999814,18.55209999999988,0.1087051282051264,2.378474358974357,2025-08-26 10:00:00+05:30,1496.40352395,STOP_LOSS,False,-8.548576050000065,3.00135562395,-11.549931673950065,5.324280704273633,Q2
INFY,ORB_50,2.0,2025-08-28,SELL,2025-08-28 10:10:00+05:30,2025-08-28 10:15:00+05:30,1473.8627,1483.7127,9.850000000000136,1454.1626999999996,2.0,1480.9423373391355,7.56269999999995,6.637300000000096,0.7677868020304411,0.673837563451777,2025-08-28 15:25:00+05:30,1468.9341,END_OF_DAY,False,4.92859999999996,2.9427968,1.9858031999999604,-7.0796373391356155,Q3
INFY,ORB_50,2.0,2025-08-29,SELL,2025-08-29 09:30:00+05:30,2025-08-29 09:35:00+05:30,1454.57235,1461.47235,6.900000000000091,1440.7723499999995,2.0,1458.9894531141676,17.972350000000006,4.127650000000131,2.604688405797068,0.5982101449275473,2025-08-29 14:20:00+05:30,1441.4927361749997,TARGET,False,13.079613825000251,2.896065086175,10.183548738825252,-4.41710311416773,Q1_CLOSEST
INFY,ORB_50,2.0,2025-09-02,BUY,2025-09-02 11:45:00+05:30,2025-09-02 11:50:00+05:30,1472.83605,1464.6360499999998,8.200000000000045,1489.23605,2.0,1464.220852128313,7.963950000000068,11.336049999999886,0.9712134146341492,1.382445121951198,2025-09-02 14:05:00+05:30,1463.9037319749998,STOP_LOSS,False,-8.932318025000086,2.936739781975,-11.869057806975086,8.61519787168686,Q4_FARTHEST
INFY,ORB_50,2.0,2025-09-03,SELL,2025-09-03 09:45:00+05:30,2025-09-03 09:50:00+05:30,1447.37595,1457.07595,9.700000000000044,1427.9759499999998,2.0,1454.1769778790228,5.575949999999921,2.8240500000001703,0.5748402061855561,0.2911391752577481,2025-09-03 15:25:00+05:30,1449.42435,END_OF_DAY,False,-2.048400000000129,2.8968003,-4.945200300000129,-6.80102787902274,Q3
INFY,ORB_50,2.0,2025-09-04,SELL,2025-09-04 09:40:00+05:30,2025-09-04 09:45:00+05:30,1439.57985,1443.9798499999995,4.399999999999864,1430.77985,2.0,1444.853569887838,10.379849999999806,5.720150000000103,2.359056818181847,1.3000340909091548,2025-09-04 09:45:00+05:30,1444.7018399249996,STOP_LOSS,False,-5.1219899249997525,2.8842816899249994,-8.006271614924753,-5.273719887837842,Q2
INFY,ORB_50,2.0,2025-09-05,SELL,2025-09-05 10:05:00+05:30,2025-09-05 10:10:00+05:30,1428.98515,1432.93515,3.9500000000000455,1421.08515,2.0,1427.7306723539093,26.385150000000067,0.7148500000000695,6.679784810126522,0.1809746835443193,2025-09-05 10:10:00+05:30,1421.795692575,TARGET,False,7.1894574250000005,2.850780842575,4.338676582425,1.2544776460906633,Q1_CLOSEST
INFY,ORB_50,2.0,2025-09-05,SELL,2025-09-05 14:20:00+05:30,2025-09-05 14:25:00+05:30,1413.4929,1417.4429,3.9500000000000455,1405.5929,2.0,1415.2240036026255,2.392900000000054,2.107099999999946,0.6057974683544372,0.5334430379746636,2025-09-05 15:25:00+05:30,1414.60695,END_OF_DAY,False,-1.114050000000134,2.82809985,-3.942149850000134,-1.7311036026255806,Q1_CLOSEST
INFY,ORB_50,2.0,2025-09-08,SELL,2025-09-08 09:55:00+05:30,2025-09-08 10:00:00+05:30,1411.0941,1417.4441,6.349999999999909,1398.3941000000002,2.0,1417.2935915131352,13.094100000000026,2.2058999999999287,2.062062992126018,0.3473858267716473,2025-09-08 14:45:00+05:30,1399.0932970500005,TARGET,False,12.000802949999752,2.81018739705,9.190615552949753,-6.199491513135172,Q2
INFY,ORB_50,2.0,2025-09-09,BUY,2025-09-09 09:30:00+05:30,2025-09-09 09:35:00+05:30,1454.1267,1448.0267,6.100000000000136,1466.3267000000003,2.0,1448.6563029826968,21.173299999999927,1.9266999999999823,3.4710327868851563,0.3158524590163835,2025-09-09 11:20:00+05:30,1465.5935366500005,TARGET,False,11.466836650000232,2.9197202366500004,8.547116413350231,5.470397017303185,Q2
INFY,ORB_50,2.0,2025-09-10,BUY,2025-09-10 10:00:00+05:30,2025-09-10 10:05:00+05:30,1495.44735,1486.84735,8.600000000000136,1512.6473500000004,2.0,1489.583774560025,6.952649999999949,4.347350000000233,0.8084476744185859,0.5055058139535075,2025-09-10 15:25:00+05:30,1499.4499,END_OF_DAY,False,4.002549999999928,2.99489725,1.0076527499999282,5.863575439974966,Q2
INFY,ORB_50,2.0,2025-09-11,SELL,2025-09-11 09:50:00+05:30,2025-09-11 09:55:00+05:30,1479.3599499999998,1486.5599499999998,7.2000000000000455,1464.9599499999997,2.0,1485.1732247309967,4.75994999999989,4.74005000000011,0.6611041666666472,0.6583402777777889,2025-09-11 15:25:00+05:30,1480.63995,END_OF_DAY,False,-1.2800000000002,2.9599999,-4.2399999000002,-5.813274730996909,Q2
INFY,ORB_50,2.0,2025-09-12,SELL,2025-09-12 09:40:00+05:30,2025-09-12 09:45:00+05:30,1490.95415,1497.85415,6.900000000000091,1477.1541499999998,2.0,1501.051267823434,2.054149999999936,7.645849999999882,0.2977028985507114,1.108094202898519,2025-09-12 10:15:00+05:30,1498.603077075,STOP_LOSS,False,-7.648927075000074,2.989557227075,-10.638484302075074,-10.097117823434019,Q4_FARTHEST
INFY,ORB_50,2.0,2025-09-16,BUY,2025-09-16 15:05:00+05:30,2025-09-16 15:10:00+05:30,1481.5404,1477.6904,3.849999999999909,1489.2403999999997,2.0,1475.3674105717632,0.3596000000002277,3.540399999999863,0.0934025974026587,0.9195844155844016,2025-09-16 15:25:00+05:30,1480.6593,END_OF_DAY,False,-0.881099999999833,2.9621997,-3.843299699999833,6.1729894282368605,Q2
INFY,ORB_50,2.0,2025-09-17,BUY,2025-09-17 11:45:00+05:30,2025-09-17 11:50:00+05:30,1491.9456,1487.5456,4.400000000000091,1500.7456000000002,2.0,1486.942296286816,2.454400000000078,6.145600000000059,0.557818181818188,1.3967272727272573,2025-09-17 13:45:00+05:30,1486.8018272,STOP_LOSS,False,-5.143772800000079,2.9787474272,-8.122520227200079,5.003303713184096,Q1_CLOSEST
INFY,ORB_50,2.0,2025-09-18,SELL,2025-09-18 10:10:00+05:30,2025-09-18 10:15:00+05:30,1510.54435,1515.3943499999998,4.849999999999909,1500.84435,2.0,1517.3817158456668,4.644349999999804,9.555650000000014,0.9575979381443074,1.9702371134021015,2025-09-18 10:40:00+05:30,1516.1520471749998,STOP_LOSS,False,-5.607697174999885,3.026696397175,-8.634393572174885,-6.837365845666909,Q3
INFY,ORB_50,2.0,2025-09-19,SELL,2025-09-19 09:30:00+05:30,2025-09-19 09:35:00+05:30,1495.6518,1505.8018000000002,10.150000000000093,1475.3518,2.0,1506.1955795130252,7.751800000000003,18.848199999999903,0.7637241379310279,1.8569655172413533,2025-09-19 15:05:00+05:30,1506.5547009000002,STOP_LOSS,False,-10.902900900000075,3.0022065009000003,-13.905107400900077,-10.543779513025129,Q4_FARTHEST
INFY,ORB_50,2.0,2025-09-22,BUY,2025-09-22 09:30:00+05:30,2025-09-22 09:35:00+05:30,1476.03765,1465.23765,10.799999999999956,1497.63765,2.0,1466.7918637638854,6.562349999999924,17.23765000000003,0.6076249999999955,1.5960787037037132,2025-09-22 13:40:00+05:30,1464.505031175,STOP_LOSS,False,-11.532618824999872,2.940542681175,-14.473161506174872,9.245786236114554,Q4_FARTHEST
INFY,ORB_50,2.0,2025-09-24,SELL,2025-09-24 10:40:00+05:30,2025-09-24 10:45:00+05:30,1454.57235,1459.22235,4.650000000000091,1445.2723499999995,2.0,1459.7554977222696,3.2723499999999603,10.22765000000004,0.7037311827956766,2.1994946236558794,2025-09-24 13:35:00+05:30,1459.951961175,STOP_LOSS,False,-5.379611175000036,2.914524311175,-8.294135486175037,-5.183147722269723,Q1_CLOSEST
INFY,ORB_50,2.0,2025-09-25,SELL,2025-09-25 12:35:00+05:30,2025-09-25 12:40:00+05:30,1456.37145,1463.1714499999998,6.7999999999999545,1442.77145,2.0,1464.3853770304177,11.171449999999822,3.8285500000001775,1.642860294117632,0.5630220588235593,2025-09-25 15:25:00+05:30,1460.22975,END_OF_DAY,False,-3.8583000000000993,2.9166012,-6.7749012000001,-8.013927030417562,Q3
INFY,ORB_50,2.0,2025-09-26,SELL,2025-09-26 09:40:00+05:30,2025-09-26 09:45:00+05:30,1427.38595,1436.4859499999998,9.099999999999907,1409.18595,2.0,1434.9073322920965,16.68594999999982,7.214050000000043,1.8336208791208777,0.7927527472527599,2025-09-26 15:25:00+05:30,1422.1107000000002,END_OF_DAY,False,5.275249999999687,2.8494966500000003,2.425753349999687,-7.521382292096405,Q3
INFY,ORB_50,2.0,2025-09-29,SELL,2025-09-29 11:45:00+05:30,2025-09-29 11:50:00+05:30,1418.79025,1424.59025,5.7999999999999545,1407.19025,2.0,1428.1584068658722,12.690250000000106,7.3097499999998945,2.1879741379310698,1.2603017241379226,2025-09-29 13:20:00+05:30,1425.302545125,STOP_LOSS,False,-6.512295125000037,2.844092795125,-9.356387920125036,-9.368156865872152,Q4_FARTHEST
INFY,ORB_50,2.0,2025-09-30,SELL,2025-09-30 09:30:00+05:30,2025-09-30 09:35:00+05:30,1407.8956999999998,1411.8457,3.9500000000000455,1399.9956999999995,2.0,1412.610895488497,0.295699999999897,13.504300000000285,0.0748607594936439,3.4188101265823114,2025-09-30 09:40:00+05:30,1412.5516228499998,STOP_LOSS,False,-4.6559228500000245,2.82044732285,-7.476370172850024,-4.715195488497102,Q1_CLOSEST
INFY,ORB_50,2.0,2025-09-30,SELL,2025-09-30 14:55:00+05:30,2025-09-30 15:00:00+05:30,1409.79475,1413.74475,3.9500000000000455,1401.89475,2.0,1413.6001549318012,0.2947500000000218,3.205249999999978,0.0746202531645616,0.8114556962025168,2025-09-30 15:25:00+05:30,1412.706,END_OF_DAY,False,-2.9112499999998818,2.82250075,-5.733750749999881,-3.8054049318011494,Q1_CLOSEST
INFY,ORB_50,2.0,2025-10-01,SELL,2025-10-01 10:00:00+05:30,2025-10-01 10:05:00+05:30,1398.7003000000002,1406.5003000000002,7.799999999999954,1383.1003000000003,2.0,1403.6766801694362,1.500300000000152,20.09969999999976,0.1923461538461744,2.5768846153845995,2025-10-01 10:55:00+05:30,1407.2035501500002,STOP_LOSS,False,-8.503250149999985,2.8059038501500004,-11.309154000149986,-4.97638016943597,Q1_CLOSEST
INFY,ORB_50,2.0,2025-10-01,BUY,2025-10-01 14:40:00+05:30,2025-10-01 14:45:00+05:30,1416.60795,1408.80795,7.800000000000182,1432.2079500000004,2.0,1406.92143368486,2.192049999999881,4.207949999999983,0.2810320512820294,0.5394807692307544,2025-10-01 15:25:00+05:30,1416.4914,END_OF_DAY,False,-0.116549999999961,2.8330993500000003,-2.949649349999961,9.686516315140125,Q4_FARTHEST
INFY,ORB_50,2.0,2025-10-03,BUY,2025-10-03 09:45:00+05:30,2025-10-03 09:50:00+05:30,1413.3063,1408.9562999999998,4.350000000000136,1422.0063000000002,2.0,1407.511532024794,4.293699999999944,5.806299999999965,0.987057471264324,1.3347816091953524,2025-10-03 10:05:00+05:30,1408.25182185,STOP_LOSS,False,-5.054478150000023,2.8215581218500003,-7.8760362718500225,5.794767975206014,Q2
INFY,ORB_50,2.0,2025-10-06,BUY,2025-10-06 09:45:00+05:30,2025-10-06 09:50:00+05:30,1425.3122999999998,1419.6122999999998,5.7000000000000455,1436.7123,2.0,1420.2428115416683,22.187700000000177,5.012299999999868,3.892578947368421,0.8793508771929524,2025-10-06 13:30:00+05:30,1435.9939438499998,TARGET,False,10.68164385,2.86130624385,7.820337606150001,5.069488458331534,Q1_CLOSEST
INFY,ORB_50,2.0,2025-10-07,SELL,2025-10-07 09:35:00+05:30,2025-10-07 09:40:00+05:30,1434.3824499999998,1442.1824499999998,7.799999999999954,1418.78245,2.0,1441.8163558116923,11.18244999999979,7.217550000000074,1.4336474358974174,0.925326923076938,2025-10-07 15:25:00+05:30,1427.9136,END_OF_DAY,False,6.468849999999748,2.86229605,3.606553949999748,-7.433905811692512,Q3
INFY,ORB_50,2.0,2025-10-08,BUY,2025-10-08 09:35:00+05:30,2025-10-08 09:40:00+05:30,1457.82855,1441.7285499999998,16.100000000000136,1490.0285500000002,2.0,1451.8466025095083,8.471450000000004,7.128549999999905,0.5261770186335362,0.4427670807453319,2025-10-08 15:25:00+05:30,1459.6698,END_OF_DAY,False,1.8412500000001728,2.91749835,-1.076248349999827,5.981947490491621,Q2
INFY,ORB_50,2.0,2025-10-09,SELL,2025-10-09 09:50:00+05:30,2025-10-09 09:55:00+05:30,1462.6683,1468.8183,6.150000000000091,1450.3683,2.0,1468.2427076935312,7.168300000000045,19.23170000000005,1.1655772357723475,3.127105691056872,2025-10-09 11:05:00+05:30,1469.55270915,STOP_LOSS,False,-6.88440915000001,2.93222100915,-9.81663015915001,-5.574407693531157,Q2
INFY,ORB_50,2.0,2025-10-09,BUY,2025-10-09 14:50:00+05:30,2025-10-09 14:55:00+05:30,1479.23925,1473.08925,6.150000000000091,1491.5392500000005,2.0,1470.8934213172006,1.2607499999999163,5.939250000000129,0.2049999999999833,0.96573170731708,2025-10-09 15:25:00+05:30,1476.96115,END_OF_DAY,False,-2.278099999999995,2.9562004,-5.234300399999995,8.345828682799493,Q4_FARTHEST
INFY,ORB_50,2.0,2025-10-13,SELL,2025-10-13 10:15:00+05:30,2025-10-13 10:20:00+05:30,1460.6693,1465.6693,5.0,1450.6693,2.0,1467.0805415840205,8.669300000000021,8.830699999999979,1.7338600000000042,1.7661399999999958,2025-10-13 14:25:00+05:30,1466.40213465,STOP_LOSS,False,-5.732834650000086,2.92707143465,-8.659906084650085,-6.411241584020445,Q3
INFY,ORB_50,2.0,2025-10-14,SELL,2025-10-14 09:55:00+05:30,2025-10-14 10:00:00+05:30,1463.268,1469.818,6.5499999999999545,1450.168,2.0,1472.5211582578538,8.268000000000029,9.33199999999988,1.262290076335891,1.4247328244274724,2025-10-14 14:20:00+05:30,1470.552909,STOP_LOSS,False,-7.28490899999997,2.933820909,-10.21872990899997,-9.253158257853784,Q4_FARTHEST
INFY,ORB_50,2.0,2025-10-15,SELL,2025-10-15 09:35:00+05:30,2025-10-15 09:40:00+05:30,1445.277,1449.427,4.150000000000091,1436.977,2.0,1450.9851375382718,8.876999999999953,3.423000000000002,2.139036144578255,0.8248192771084161,2025-10-15 10:05:00+05:30,1437.6954884999998,TARGET,False,7.581511500000261,2.8829724885,4.6985390115002605,-5.708137538271785,Q2
INFY,ORB_50,2.0,2025-10-16,BUY,2025-10-16 15:00:00+05:30,2025-10-16 15:05:00+05:30,1443.5214,1436.9714,6.5499999999999545,1456.6213999999998,2.0,1436.8267165714226,0.0,10.621399999999769,0.0,1.6215877862595176,2025-10-16 15:25:00+05:30,1436.2529143,STOP_LOSS,False,-7.268485699999928,2.8797743143,-10.148260014299929,6.694683428577491,Q3
INFY,ORB_50,2.0,2025-10-17,SELL,2025-10-17 09:35:00+05:30,2025-10-17 09:40:00+05:30,1415.19205,1420.6420500000002,5.4500000000000455,1404.29205,2.0,1421.2660159477637,11.5920500000002,5.907949999999801,2.1269816513761657,1.084027522935734,2025-10-17 11:35:00+05:30,1421.352371025,STOP_LOSS,False,-6.16032102500003,2.836544421025,-8.99686544602503,-6.073965947763554,Q2
INFY,ORB_50,2.0,2025-10-20,BUY,2025-10-20 09:55:00+05:30,2025-10-20 10:00:00+05:30,1432.81605,1427.1660499999998,5.650000000000091,1444.11605,2.0,1427.7616554905385,3.0839500000001863,7.116049999999859,0.5458318584071038,1.2594778761061496,2025-10-20 10:30:00+05:30,1426.452466975,STOP_LOSS,False,-6.363583025000025,2.859268516975,-9.222851541975023,5.054394509461417,Q1_CLOSEST
INFY,ORB_50,2.0,2025-10-23,BUY,2025-10-23 09:35:00+05:30,2025-10-23 09:40:00+05:30,1492.3457999999998,1485.9457999999995,6.400000000000091,1505.1458,2.0,1485.571142697726,20.954200000000128,3.545799999999872,3.2740937499999734,0.5540312499999721,2025-10-23 10:30:00+05:30,1504.3932271,TARGET,False,12.047427100000276,2.9967390271,9.050688072900275,6.7746573022739085,Q3
INFY,ORB_50,2.0,2025-10-24,SELL,2025-10-24 10:40:00+05:30,2025-10-24 10:45:00+05:30,1487.95565,1497.6556500000002,9.700000000000044,1468.55565,2.0,1495.9284279490232,2.1556500000001506,7.644349999999804,0.222231958762901,0.788077319587605,2025-10-24 15:25:00+05:30,1492.3457999999998,END_OF_DAY,False,-4.390149999999721,2.98030145,-7.370451449999721,-7.972777949023111,Q3
INFY,ORB_50,2.0,2025-10-27,BUY,2025-10-27 09:40:00+05:30,2025-10-27 09:45:00+05:30,1480.43985,1474.03985,6.399999999999864,1493.2398499999997,2.0,1475.1055212830051,2.760150000000067,11.239849999999931,0.4312734375000197,1.756226562500027,2025-10-27 11:55:00+05:30,1473.3028300750002,STOP_LOSS,False,-7.137019924999777,2.953742680075,-10.090762605074776,5.334328716994833,Q2
INFY,ORB_50,2.0,2025-10-28,SELL,2025-10-28 10:05:00+05:30,2025-10-28 10:10:00+05:30,1462.9681500000002,1467.6181500000002,4.650000000000091,1453.66815,2.0,1469.5005733044898,4.06815000000006,8.43184999999994,0.8748709677419312,1.8133010752687688,2025-10-28 12:50:00+05:30,1468.3519590750002,STOP_LOSS,False,-5.383809075000045,2.9313201090750005,-8.315129184075046,-6.532423304489612,Q3
INFY,ORB_50,2.0,2025-10-29,BUY,2025-10-29 10:25:00+05:30,2025-10-29 10:30:00+05:30,1482.3408,1477.3908,4.949999999999818,1492.2407999999996,2.0,1473.2613391632483,5.659200000000055,6.640799999999899,1.1432727272727805,1.3415757575757865,2025-10-29 14:45:00+05:30,1476.6521046,STOP_LOSS,False,-5.688695399999915,2.9589929046,-8.647688304599914,9.07946083675165,Q4_FARTHEST
INFY,ORB_50,2.0,2025-10-30,SELL,2025-10-30 09:30:00+05:30,2025-10-30 09:35:00+05:30,1466.16655,1469.96655,3.7999999999999545,1458.5665500000002,2.0,1470.1710950760753,8.566550000000234,4.833449999999857,2.2543552631579837,1.2719605263157672,2025-10-30 09:55:00+05:30,1459.2958332750002,TARGET,False,6.870716724999966,2.925462383275,3.9452543417249655,-4.004545076075374,Q1_CLOSEST
INFY,ORB_50,2.0,2025-10-31,BUY,2025-10-31 09:40:00+05:30,2025-10-31 09:45:00+05:30,1466.03265,1461.38265,4.649999999999864,1475.3326499999996,2.0,1462.376931935314,0.0,16.73264999999992,0.0,3.598419354838798,2025-10-31 10:00:00+05:30,1460.651958675,STOP_LOSS,False,-5.380691324999816,2.926684608675,-8.307375933674816,3.655718064686198,Q1_CLOSEST
INFY,ORB_50,2.0,2025-10-31,SELL,2025-10-31 10:35:00+05:30,2025-10-31 10:40:00+05:30,1454.2725,1458.9225,4.650000000000091,1444.9725,2.0,1460.720126485901,4.972500000000082,4.527499999999918,1.069354838709674,0.973655913978458,2025-10-31 15:25:00+05:30,1451.22525,END_OF_DAY,False,3.0472500000000764,2.90549775,0.1417522500000765,-6.447626485900855,Q3
INFY,ORB_50,2.0,2025-11-03,SELL,2025-11-03 09:30:00+05:30,2025-11-03 09:35:00+05:30,1443.97765,1448.3276500000002,4.350000000000136,1435.2776499999998,2.0,1447.1009742168476,0.9776500000000397,15.822349999999917,0.2247471264367836,3.637321839080326,2025-11-03 09:45:00+05:30,1449.0518138250002,STOP_LOSS,False,-5.0741638250001415,2.8930294638250005,-7.967193288825141,-3.12332421684755,Q1_CLOSEST
INFY,ORB_50,2.0,2025-11-03,BUY,2025-11-03 11:15:00+05:30,2025-11-03 11:20:00+05:30,1454.3267999999998,1449.9768,4.349999999999909,1463.0267999999996,2.0,1449.147639443597,5.4732000000001335,9.526799999999866,1.2582068965517812,2.1900689655172565,2025-11-03 11:50:00+05:30,1449.2518116,STOP_LOSS,False,-5.074988399999938,2.9035786116,-7.978567011599939,5.179160556402849,Q1_CLOSEST
INFY,ORB_50,2.0,2025-11-04,SELL,2025-11-04 09:50:00+05:30,2025-11-04 09:55:00+05:30,1441.77875,1445.62875,3.849999999999909,1434.07875,2.0,1444.8456957801504,9.878749999999854,5.321249999999964,2.5659090909091136,1.3821428571428804,2025-11-04 10:20:00+05:30,1446.351564375,STOP_LOSS,False,-4.572814375000007,2.888130314375,-7.460944689375007,-3.0669457801504905,Q1_CLOSEST
INFY,ORB_50,2.0,2025-11-06,SELL,2025-11-06 09:35:00+05:30,2025-11-06 09:40:00+05:30,1441.57885,1445.47885,3.900000000000091,1433.7788499999997,2.0,1446.3777914572297,10.678849999999784,5.621150000000171,2.7381666666665474,1.4413205128205229,2025-11-06 12:45:00+05:30,1446.201589425,STOP_LOSS,False,-4.622739425000191,2.887780439425,-7.5105198644251905,-4.798941457229603,Q1_CLOSEST
INFY,ORB_50,2.0,2025-11-07,SELL,2025-11-07 09:30:00+05:30,2025-11-07 09:35:00+05:30,1419.0901,1430.8401,11.75,1395.5901,2.0,1427.0277773973878,0.6900999999998021,30.409900000000107,0.0587319148936001,2.58807659574469,2025-11-07 11:10:00+05:30,1431.5555200499998,STOP_LOSS,False,-12.46542004999992,2.85064562005,-15.31606567004992,-7.937677397387915,Q3
INFY,ORB_50,2.0,2025-11-07,BUY,2025-11-07 13:30:00+05:30,2025-11-07 13:35:00+05:30,1445.62245,1433.87245,11.75,1469.12245,2.0,1430.442401682685,3.877549999999928,3.822450000000117,0.3300042553191428,0.3253148936170312,2025-11-07 15:25:00+05:30,1445.97665,END_OF_DAY,False,0.3541999999999916,2.8915991000000005,-2.537399100000009,15.18004831731514,Q4_FARTHEST
INFY,ORB_50,2.0,2025-11-10,BUY,2025-11-10 10:15:00+05:30,2025-11-10 10:20:00+05:30,1475.23725,1468.48725,6.75,1488.73725,2.0,1467.6895345804924,12.562750000000053,0.7372499999999036,1.861148148148156,0.1092222222222079,2025-11-10 15:25:00+05:30,1481.95865,END_OF_DAY,False,6.721400000000131,2.9571959,3.7642041000001303,7.54771541950754,Q3
INFY,ORB_50,2.0,2025-11-11,SELL,2025-11-11 09:35:00+05:30,2025-11-11 09:40:00+05:30,1480.0596,1486.6596,6.599999999999909,1466.8596000000002,2.0,1487.1865091931788,0.9596000000001368,20.840400000000045,0.1453939393939621,3.157636363636414,2025-11-11 10:00:00+05:30,1487.4029298,STOP_LOSS,False,-7.343329799999992,2.9674625298,-10.310792329799993,-7.12690919317879,Q3
INFY,ORB_50,2.0,2025-11-11,BUY,2025-11-11 14:15:00+05:30,2025-11-11 14:20:00+05:30,1498.8490499999998,1492.24905,6.599999999999909,1512.0490499999996,2.0,1488.8451994741645,2.0509500000002845,3.2490499999998974,0.3107500000000474,0.4922803030302943,2025-11-11 15:25:00+05:30,1498.35045,END_OF_DAY,False,-0.4985999999998967,2.9971995,-3.4957994999998965,10.003850525835333,Q4_FARTHEST
INFY,ORB_50,2.0,2025-11-12,BUY,2025-11-12 09:55:00+05:30,2025-11-12 10:00:00+05:30,1518.8590499999998,1513.5090499999997,5.350000000000136,1529.55905,2.0,1513.8759696627392,7.340950000000248,4.059049999999843,1.3721401869158991,0.7587009345793906,2025-11-12 15:25:00+05:30,1518.34045,END_OF_DAY,False,-0.5185999999998785,3.0371995,-3.5557994999998783,4.983080337260617,Q1_CLOSEST
INFY,ORB_50,2.0,2025-11-14,SELL,2025-11-14 09:35:00+05:30,2025-11-14 09:40:00+05:30,1480.6593,1488.0093,7.349999999999909,1465.9593000000002,2.0,1486.4315191660592,23.35930000000008,0.9406999999998789,3.1781360544218185,0.1279863945578082,2025-11-14 12:35:00+05:30,1466.6922796500005,TARGET,False,13.967020349999755,2.9473515796500007,11.019668770349757,-5.772219166059131,Q2
INFY,ORB_50,2.0,2025-11-17,BUY,2025-11-17 13:55:00+05:30,2025-11-17 14:00:00+05:30,1474.43685,1468.18685,6.25,1486.93685,2.0,1468.2404651772786,3.763149999999996,2.636850000000095,0.6021039999999993,0.4218960000000152,2025-11-17 15:25:00+05:30,1474.36245,END_OF_DAY,False,-0.074400000000196,2.9487993,-3.023199300000196,6.196384822721484,Q2
INFY,ORB_50,2.0,2025-11-18,SELL,2025-11-18 09:40:00+05:30,2025-11-18 09:45:00+05:30,1460.56935,1465.66935,5.099999999999909,1450.3693500000002,2.0,1466.0877012441706,8.769350000000031,2.7306499999999687,1.7194803921568995,0.5354215686274544,2025-11-18 15:25:00+05:30,1456.02765,END_OF_DAY,False,4.541699999999992,2.916597,1.6251029999999915,-5.518351244170617,Q2
INFY,ORB_50,2.0,2025-11-19,BUY,2025-11-19 09:30:00+05:30,2025-11-19 09:35:00+05:30,1477.83855,1469.23855,8.599999999999909,1495.0385499999998,2.0,1471.4014808695622,32.46145000000001,3.93854999999985,3.774587209302367,0.4579709302325455,2025-11-19 10:05:00+05:30,1494.2910307249997,TARGET,False,16.45248072499976,2.972129580725,13.48035114427476,6.437069130437749,Q3
INFY,ORB_50,2.0,2025-11-21,BUY,2025-11-21 09:35:00+05:30,2025-11-21 09:40:00+05:30,1507.3533,1501.1533,6.2000000000000455,1519.7533,2.0,1503.3242344146,11.24669999999992,9.553300000000036,1.813983870967716,1.540854838709672,2025-11-21 09:40:00+05:30,1500.40272335,STOP_LOSS,False,-6.95057665000013,3.00775602335,-9.95833267335013,4.029065585400076,Q1_CLOSEST
INFY,ORB_50,2.0,2025-11-24,SELL,2025-11-24 11:30:00+05:30,2025-11-24 11:35:00+05:30,1529.33495,1539.78495,10.450000000000044,1508.4349499999998,2.0,1540.411774139303,20.934949999999844,4.36505000000011,2.003344497607632,0.4177081339713006,2025-11-24 15:25:00+05:30,1509.1891674749995,TARGET,False,20.145782525000183,3.038524117475,17.107258407525187,-11.076824139302971,Q4_FARTHEST
INFY,ORB_50,2.0,2025-11-25,SELL,2025-11-25 10:15:00+05:30,2025-11-25 10:20:00+05:30,1501.74875,1509.1487499999998,7.399999999999864,1486.9487500000002,2.0,1506.0882471178534,8.148750000000064,3.1512500000001182,1.1011824324324613,0.4258445945946184,2025-11-25 15:25:00+05:30,1498.5489,END_OF_DAY,False,3.199849999999969,3.0002976500000003,0.1995523499999691,-4.339497117853398,Q1_CLOSEST
INFY,ORB_50,2.0,2025-11-26,BUY,2025-11-26 10:05:00+05:30,2025-11-26 10:10:00+05:30,1514.45685,1508.70685,5.75,1525.95685,2.0,1506.8828308949849,12.843149999999923,8.356850000000122,2.233591304347813,1.4533652173913256,2025-11-26 10:30:00+05:30,1507.952496575,STOP_LOSS,False,-6.50435342500009,3.0224093465750004,-9.52676277157509,7.574019105015168,Q3
INFY,ORB_50,2.0,2025-11-27,BUY,2025-11-27 09:30:00+05:30,2025-11-27 09:35:00+05:30,1531.9656,1526.6156,5.349999999999909,1542.6655999999998,2.0,1528.215486712524,9.034400000000003,12.66560000000004,1.6886728971962914,2.3674018691589263,2025-11-27 12:35:00+05:30,1525.8522922000002,STOP_LOSS,False,-6.113307799999802,3.0578178922,-9.1711256921998,3.750113287476097,Q1_CLOSEST
INFY,ORB_50,2.0,2025-11-27,BUY,2025-11-27 15:00:00+05:30,2025-11-27 15:05:00+05:30,1534.26675,1528.91675,5.350000000000136,1544.9667500000005,2.0,1529.826290890135,1.2332499999999982,3.0667499999999563,0.2305140186915825,0.5732242990653977,2025-11-27 15:25:00+05:30,1531.13405,END_OF_DAY,False,-3.132699999999886,3.0654008000000004,-6.198100799999887,4.44045910986506,Q1_CLOSEST
INFY,ORB_50,2.0,2025-11-28,SELL,2025-11-28 10:20:00+05:30,2025-11-28 10:25:00+05:30,1523.53785,1528.58785,5.0499999999999545,1513.43785,2.0,1529.1887879698736,0.0,9.26215000000002,0.0,1.8340891089109117,2025-11-28 10:35:00+05:30,1529.3521439249998,STOP_LOSS,False,-5.814293924999902,3.052889993925,-8.867183918924901,-5.650937969873667,Q2
INFY,ORB_50,2.0,2025-12-02,SELL,2025-12-02 11:15:00+05:30,2025-12-02 11:20:00+05:30,1529.235,1536.685,7.450000000000045,1514.3349999999998,2.0,1536.478429941469,6.134999999999991,8.465000000000146,0.8234899328858998,1.1362416107382676,2025-12-02 12:20:00+05:30,1537.4533425,STOP_LOSS,False,-8.218342500000063,3.0666883425,-11.285030842500062,-7.243429941469003,Q3
INFY,ORB_50,2.0,2025-12-03,BUY,2025-12-03 11:00:00+05:30,2025-12-03 11:05:00+05:30,1545.67245,1535.02245,10.650000000000093,1566.9724500000002,2.0,1536.034271172936,6.727550000000065,8.97244999999998,0.6316948356807519,0.8424835680751084,2025-12-03 15:25:00+05:30,1541.4289,END_OF_DAY,False,-4.243549999999914,3.08710135,-7.330651349999914,9.638178827063939,Q4_FARTHEST
INFY,ORB_50,2.0,2025-12-04,BUY,2025-12-04 10:10:00+05:30,2025-12-04 10:15:00+05:30,1560.6799500000002,1548.9299500000002,11.75,1584.1799500000002,2.0,1551.2796469961158,4.420049999999719,6.279950000000099,0.3761744680850825,0.5344638297872425,2025-12-04 15:25:00+05:30,1558.72025,END_OF_DAY,False,-1.959700000000112,3.1194002000000003,-5.079100200000112,9.400303003884346,Q4_FARTHEST
INFY,ORB_50,2.0,2025-12-05,BUY,2025-12-05 10:05:00+05:30,2025-12-05 10:10:00+05:30,1580.9901,1574.7901,6.2000000000000455,1593.3901,2.0,1575.5330555746527,16.20990000000006,10.79009999999994,2.6144999999999907,1.7403387096773966,2025-12-05 10:25:00+05:30,1574.00270495,STOP_LOSS,False,-6.987395050000032,3.15499280495,-10.142387854950032,5.457044425347249,Q2
INFY,ORB_50,2.0,2025-12-08,SELL,2025-12-08 13:20:00+05:30,2025-12-08 13:25:00+05:30,1577.6108000000002,1584.8608000000002,7.25,1563.1108000000002,2.0,1588.5474381842314,11.3108000000002,1.289199999999937,1.5601103448276137,0.1778206896551637,2025-12-08 15:25:00+05:30,1574.68695,END_OF_DAY,False,2.923850000000129,3.15229775,-0.2284477499998707,-10.936638184231242,Q4_FARTHEST
INFY,ORB_50,2.0,2025-12-09,SELL,2025-12-09 09:30:00+05:30,2025-12-09 09:35:00+05:30,1558.6203,1564.2203,5.599999999999909,1547.4203000000002,2.0,1564.1280814714376,9.720299999999952,9.079700000000004,1.7357678571428767,1.6213750000000269,2025-12-09 12:00:00+05:30,1565.00241015,STOP_LOSS,False,-6.382110150000017,3.12362271015,-9.505732860150015,-5.507781471437511,Q2
INFY,ORB_50,2.0,2025-12-10,SELL,2025-12-10 09:45:00+05:30,2025-12-10 09:50:00+05:30,1561.31895,1567.1689499999998,5.849999999999909,1549.61895,2.0,1566.7228883315856,12.018949999999904,4.581050000000232,2.054521367521383,0.783085470085522,2025-12-10 15:20:00+05:30,1550.393759475,TARGET,False,10.925190524999834,3.111712709475,7.813477815524834,-5.40393833158555,Q2
INFY,ORB_50,2.0,2025-12-11,SELL,2025-12-11 09:35:00+05:30,2025-12-11 09:40:00+05:30,1555.0221,1561.0721,6.0499999999999545,1542.9221,2.0,1564.2093362445364,8.02209999999991,10.5779,1.3259669421487554,1.748413223140509,2025-12-11 10:10:00+05:30,1561.8526360499998,STOP_LOSS,False,-6.830536049999864,3.11687473605,-9.947410786049865,-9.187236244536507,Q4_FARTHEST
INFY,ORB_50,2.0,2025-12-12,SELL,2025-12-12 09:35:00+05:30,2025-12-12 09:40:00+05:30,1555.32195,1560.02195,4.7000000000000455,1545.92195,2.0,1560.559269305975,6.221950000000106,10.97804999999994,1.32381914893618,2.3357553191489004,2025-12-12 12:35:00+05:30,1560.8019609750002,STOP_LOSS,False,-5.480010975000141,3.1161239109750003,-8.596134885975141,-5.2373193059750065,Q2
INFY,ORB_50,2.0,2025-12-15,BUY,2025-12-15 10:10:00+05:30,2025-12-15 10:15:00+05:30,1567.08315,1559.73315,7.349999999999909,1581.7831499999998,2.0,1561.067687844292,9.616850000000111,0.7831499999999778,1.308414965986426,0.1065510204081615,2025-12-15 15:25:00+05:30,1572.2135,END_OF_DAY,False,5.130350000000135,3.1392966500000004,1.9910533500001344,6.015462155707837,Q2
INFY,ORB_50,2.0,2025-12-16,SELL,2025-12-16 09:30:00+05:30,2025-12-16 09:35:00+05:30,1553.6228,1560.7728000000002,7.150000000000091,1539.3228,2.0,1558.2726280215356,1.6228000000000975,12.277199999999992,0.2269650349650457,1.7170909090908864,2025-12-16 12:50:00+05:30,1561.5531864000002,STOP_LOSS,False,-7.930386400000088,3.1151759864000006,-11.04556238640009,-4.649828021535541,Q1_CLOSEST
INFY,ORB_50,2.0,2025-12-17,BUY,2025-12-17 09:30:00+05:30,2025-12-17 09:35:00+05:30,1568.784,1561.4340000000002,7.349999999999909,1583.484,2.0,1563.4191170292163,4.1159999999999854,7.08400000000006,0.5600000000000049,0.963809523809544,2025-12-17 15:25:00+05:30,1567.31595,END_OF_DAY,False,-1.4680500000001755,3.13609995,-4.604149950000176,5.36488297078381,Q2
INFY,ORB_50,2.0,2025-12-18,BUY,2025-12-18 12:10:00+05:30,2025-12-18 12:15:00+05:30,1592.29575,1583.44575,8.850000000000136,1609.9957500000005,2.0,1587.1020806602744,3.204250000000002,4.995750000000044,0.36206214689265,0.564491525423725,2025-12-18 15:25:00+05:30,1591.8037,END_OF_DAY,False,-0.4920500000000629,3.18409945,-3.676149450000063,5.193669339725602,Q2
INFY,ORB_50,2.0,2025-12-19,SELL,2025-12-19 11:45:00+05:30,2025-12-19 11:50:00+05:30,1602.4983499999998,1610.7483499999998,8.25,1585.9983499999998,2.0,1609.946553443644,7.198349999999891,4.901650000000245,0.8725272727272595,0.5941393939394236,2025-12-19 15:25:00+05:30,1602.10065,END_OF_DAY,False,0.3976999999999862,3.204599,-2.806899000000014,-7.448203443644161,Q3
INFY,ORB_50,2.0,2025-12-24,BUY,2025-12-24 15:20:00+05:30,2025-12-24 15:25:00+05:30,1631.71545,1625.8654500000002,5.849999999999909,1643.41545,2.0,1625.5191092807324,0.5845499999998083,3.715450000000146,0.0999230769230457,0.635119658119693,2025-12-24 15:25:00+05:30,1630.88415,END_OF_DAY,False,-0.8313000000000557,3.2625996000000006,-4.093899600000056,6.196340719267482,Q2
INFY,ORB_50,2.0,2025-12-26,SELL,2025-12-26 10:35:00+05:30,2025-12-26 10:40:00+05:30,1624.9871,1628.3371000000002,3.3500000000001364,1618.2870999999998,2.0,1629.446185179137,8.28710000000001,2.8128999999999,2.473761194029753,0.8396716417909806,2025-12-26 14:40:00+05:30,1619.0962435499998,TARGET,False,5.8908564500002285,3.24408334355,2.6467731064502287,-4.459085179136991,Q1_CLOSEST
INFY,ORB_50,2.0,2025-12-29,SELL,2025-12-29 09:55:00+05:30,2025-12-29 10:00:00+05:30,1620.7892,1628.1891999999998,7.399999999999864,1605.9892000000002,2.0,1626.1583353983492,18.38919999999985,1.5108000000000177,2.485027027027052,0.2041621621621683,2025-12-29 12:20:00+05:30,1606.7921946,TARGET,False,13.997005399999807,3.2275813946,10.769424005399808,-5.369135398349272,Q2
INFY,ORB_50,2.0,2025-12-30,SELL,2025-12-30 12:10:00+05:30,2025-12-30 12:15:00+05:30,1596.30145,1602.45145,6.150000000000091,1584.0014499999995,2.0,1601.9794803612738,13.701450000000024,9.298549999999976,2.2278780487804584,1.51195934959347,2025-12-30 12:45:00+05:30,1603.252675725,STOP_LOSS,False,-6.951225725000086,3.199554125725,-10.150779850725083,-5.678030361273841,Q2
INFY,ORB_50,2.0,2025-12-31,SELL,2025-12-31 09:40:00+05:30,2025-12-31 09:45:00+05:30,1581.209,1585.909,4.7000000000000455,1571.809,2.0,1587.6603118611458,6.109000000000151,8.090999999999894,1.299787234042573,1.7214893617020883,2025-12-31 13:05:00+05:30,1586.7019545,STOP_LOSS,False,-5.492954499999996,3.1679109545000004,-8.660865454499996,-6.4513118611457685,Q3
INFY,ORB_50,2.0,2026-01-01,BUY,2026-01-01 10:25:00+05:30,2026-01-01 10:30:00+05:30,1592.3958,1587.2458,5.149999999999864,1602.6957999999995,2.0,1586.8263532905455,12.504200000000084,4.695799999999963,2.4280000000000803,0.9118058252427352,2026-01-01 11:45:00+05:30,1601.8944520999996,TARGET,False,9.498652099999616,3.1942902521,6.304361847899617,5.569446709454496,Q2
INFY,ORB_50,2.0,2026-01-02,BUY,2026-01-02 11:10:00+05:30,2026-01-02 11:15:00+05:30,1605.10215,1599.5021499999998,5.600000000000136,1616.3021500000002,2.0,1600.5902467948513,3.597850000000108,3.902149999999892,0.6424732142857179,0.6968124999999638,2026-01-02 15:25:00+05:30,1606.49635,END_OF_DAY,False,1.3941999999999553,3.2115985,-1.8173985000000448,4.511903205148656,Q1_CLOSEST
INFY,ORB_50,2.0,2026-01-05,SELL,2026-01-05 09:30:00+05:30,2026-01-05 09:35:00+05:30,1562.0186,1579.0186,17.0,1528.0186,2.0,1573.1061967700334,12.41859999999997,15.181400000000169,0.7305058823529393,0.8930235294117745,2026-01-05 15:25:00+05:30,1571.6854500000002,END_OF_DAY,False,-9.666850000000297,3.1337040500000004,-12.800554050000295,-11.087596770033315,Q4_FARTHEST
INFY,ORB_50,2.0,2026-01-06,BUY,2026-01-06 11:05:00+05:30,2026-01-06 11:10:00+05:30,1584.29175,1575.54175,8.75,1601.79175,2.0,1577.2114429601895,1.3082499999998165,13.291750000000093,0.1495142857142647,1.5190571428571535,2026-01-06 13:20:00+05:30,1574.753979125,STOP_LOSS,False,-9.537770874999978,3.1590457291250007,-12.69681660412498,7.080307039810577,Q3
INFY,ORB_50,2.0,2026-01-07,BUY,2026-01-07 09:35:00+05:30,2026-01-07 09:40:00+05:30,1601.0001,1591.4501,9.549999999999956,1620.1001,2.0,1592.7285380074209,6.199900000000071,12.30009999999993,0.6492041884816859,1.2879685863874333,2026-01-07 09:40:00+05:30,1590.65437495,STOP_LOSS,False,-10.345725050000055,3.19165447495,-13.537379524950056,8.271561992579109,Q4_FARTHEST
INFY,ORB_50,2.0,2026-01-08,SELL,2026-01-08 09:30:00+05:30,2026-01-08 09:35:00+05:30,1590.8041999999998,1598.8041999999998,8.0,1574.8041999999998,2.0,1598.8510983247295,16.30419999999981,4.095800000000281,2.038024999999976,0.5119750000000352,2026-01-08 14:25:00+05:30,1575.5916020999998,TARGET,False,15.212597899999992,3.1663958021,12.046202097899991,-8.046898324729682,Q3
INFY,ORB_50,2.0,2026-01-09,SELL,2026-01-09 13:55:00+05:30,2026-01-09 14:00:00+05:30,1574.6123,1585.0123,10.399999999999864,1553.8123000000005,2.0,1583.6322412292127,1.6123000000000047,11.08770000000004,0.1550288461538486,1.066125000000018,2026-01-09 15:20:00+05:30,1585.80480615,STOP_LOSS,False,-11.192506149999872,3.16041710615,-14.352923256149872,-9.01994122921269,Q4_FARTHEST
INFY,ORB_50,2.0,2026-01-12,SELL,2026-01-12 09:30:00+05:30,2026-01-12 09:35:00+05:30,1561.0191,1568.6691,7.650000000000091,1545.7190999999998,2.0,1567.266661353344,2.1190999999998894,18.08089999999993,0.2770065359476946,2.363516339869244,2026-01-12 09:35:00+05:30,1569.45343455,STOP_LOSS,False,-8.43433455000013,3.13047253455,-11.56480708455013,-6.247561353344054,Q2
INFY,ORB_50,2.0,2026-01-12,SELL,2026-01-12 14:15:00+05:30,2026-01-12 14:20:00+05:30,1561.71875,1569.36875,7.650000000000091,1546.4187499999998,2.0,1567.0818159508133,2.318749999999909,3.28125,0.3031045751633832,0.4289215686274459,2026-01-12 15:25:00+05:30,1564.9821,END_OF_DAY,False,-3.263349999999946,3.12670085,-6.390050849999946,-5.363065950813279,Q2
INFY,ORB_50,2.0,2026-01-13,SELL,2026-01-13 09:45:00+05:30,2026-01-13 09:50:00+05:30,1555.0221,1568.6221,13.600000000000136,1527.8220999999996,2.0,1564.653329865604,2.222099999999955,13.5779,0.163389705882348,0.99837499999999,2026-01-13 15:25:00+05:30,1566.88305,END_OF_DAY,False,-11.860950000000004,3.1219051499999995,-14.982855150000002,-9.631229865604155,Q4_FARTHEST
INFY,ORB_50,2.0,2026-01-14,SELL,2026-01-14 13:55:00+05:30,2026-01-14 14:00:00+05:30,1549.9246500000002,1561.6746500000002,11.75,1526.4246500000002,2.0,1565.7582396311957,0.0,32.8753499999998,0.0,2.7979021276595573,2026-01-14 14:55:00+05:30,1562.455487325,STOP_LOSS,False,-12.530837324999991,3.112380137325,-15.643217462324994,-15.833589631195537,Q4_FARTHEST
INFY,ORB_50,2.0,2026-01-16,BUY,2026-01-16 09:30:00+05:30,2026-01-16 09:35:00+05:30,1644.6219,1632.4719,12.149999999999864,1668.9218999999996,2.0,1634.3710484862795,13.47810000000004,10.921899999999823,1.1093086419753244,0.898921810699584,2026-01-16 15:25:00+05:30,1652.47335,END_OF_DAY,False,7.8514500000001135,3.29709525,4.554354750000114,10.25085151372059,Q4_FARTHEST
INFY,ORB_50,2.0,2026-01-19,SELL,2026-01-19 09:35:00+05:30,2026-01-19 09:40:00+05:30,1632.88315,1639.73315,6.849999999999909,1619.1831500000003,2.0,1639.9944069289022,1.6831500000000688,16.116849999999886,0.2457153284671666,2.352824817518263,2026-01-19 10:15:00+05:30,1640.553016575,STOP_LOSS,False,-7.669866575000015,3.2734361665750003,-10.943302741575014,-7.111256928902321,Q3
INFY,ORB_50,2.0,2026-01-20,SELL,2026-01-20 09:40:00+05:30,2026-01-20 09:45:00+05:30,1634.5823,1638.4323,3.849999999999909,1626.8823000000002,2.0,1639.13674956116,16.68229999999994,4.517699999999877,4.333064935065022,1.1734285714285673,2026-01-20 10:20:00+05:30,1639.25151615,STOP_LOSS,False,-4.669216150000011,3.27383381615,-7.943049966150012,-4.554449561160027,Q1_CLOSEST
INFY,ORB_50,2.0,2026-01-21,SELL,2026-01-21 09:30:00+05:30,2026-01-21 09:35:00+05:30,1606.09655,1613.39655,7.299999999999954,1591.49655,2.0,1613.318852094655,9.396549999999934,15.803450000000112,1.287198630136985,2.16485616438359,2026-01-21 10:20:00+05:30,1614.203248275,STOP_LOSS,False,-8.106698274999872,3.220299798275,-11.326998073274872,-7.222302094655106,Q3
INFY,ORB_50,2.0,2026-01-22,SELL,2026-01-22 10:55:00+05:30,2026-01-22 11:00:00+05:30,1621.5888,1625.4888,3.900000000000091,1613.7887999999998,2.0,1629.2329287220232,2.788800000000037,10.211199999999964,0.7150769230769161,2.61825641025634,2026-01-22 11:05:00+05:30,1626.3015444,STOP_LOSS,False,-4.71274440000002,3.2478903444,-7.96063474440002,-7.644128722023197,Q3
INFY,ORB_50,2.0,2026-01-23,SELL,2026-01-23 14:15:00+05:30,2026-01-23 14:20:00+05:30,1626.88615,1632.83615,5.9500000000000455,1614.98615,2.0,1632.8250985098111,0.0,11.713849999999866,0.0,1.968714285714248,2026-01-23 14:30:00+05:30,1633.652568075,STOP_LOSS,False,-6.766418075000047,3.2605387180750003,-10.026956793075048,-5.938948509811098,Q2
INFY,ORB_50,2.0,2026-01-28,SELL,2026-01-28 09:45:00+05:30,2026-01-28 09:50:00+05:30,1633.9826,1641.2326,7.25,1619.4826,2.0,1644.0148797474938,18.88260000000014,2.317399999999907,2.604496551724157,0.319641379310332,2026-01-28 11:35:00+05:30,1620.2923413,TARGET,False,13.690258699999958,3.2542749413000003,10.435983758699958,-10.032279747493703,Q4_FARTHEST
INFY,ORB_50,2.0,2026-01-29,SELL,2026-01-29 10:45:00+05:30,2026-01-29 10:50:00+05:30,1607.29595,1615.04595,7.75,1591.79595,2.0,1613.84616856381,0.0,23.904050000000097,0.0,3.084393548387109,2026-01-29 11:05:00+05:30,1615.853472975,STOP_LOSS,False,-8.557522974999983,3.223149422975,-11.780672397974984,-6.550218563809949,Q3
INFY,ORB_50,2.0,2026-01-29,BUY,2026-01-29 13:20:00+05:30,2026-01-29 13:25:00+05:30,1626.2127,1618.4627,7.75,1641.7127,2.0,1615.764795027495,4.987300000000005,5.712700000000041,0.6435225806451619,0.7371225806451666,2026-01-29 15:25:00+05:30,1624.9871,END_OF_DAY,False,-1.2255999999999858,3.2511998,-4.476799799999986,10.447904972505057,Q4_FARTHEST
INFY,ORB_50,2.0,2026-02-01,SELL,2026-02-01 09:50:00+05:30,2026-02-01 09:55:00+05:30,1570.4144,1580.7144,10.299999999999956,1549.8144000000002,2.0,1578.2958258425926,0.0,71.38559999999984,0.0,6.930640776699044,2026-02-01 10:10:00+05:30,1581.5047572,STOP_LOSS,False,-11.090357199999971,3.1519191572,-14.242276357199971,-7.881425842592762,Q3
INFY,ORB_50,2.0,2026-02-01,BUY,2026-02-01 12:45:00+05:30,2026-02-01 12:50:00+05:30,1599.7995,1589.4995,10.299999999999956,1620.3995,2.0,1592.342095191838,42.000499999999874,3.29950000000008,4.077718446601947,0.3203398058252519,2026-02-01 13:00:00+05:30,1619.58930025,TARGET,False,19.78980024999987,3.21938880025,16.57041144974987,7.457404808161982,Q3
INFY,ORB_50,2.0,2026-02-02,SELL,2026-02-02 09:40:00+05:30,2026-02-02 09:45:00+05:30,1596.2015,1609.9015,13.700000000000044,1568.8014999999998,2.0,1605.799510330298,12.50149999999985,9.098500000000058,0.9125182481751686,0.664124087591243,2026-02-02 15:25:00+05:30,1593.29625,END_OF_DAY,False,2.9052499999997963,3.18949775,-0.2842477500002038,-9.598010330298166,Q4_FARTHEST
INFY,ORB_50,2.0,2026-02-03,SELL,2026-02-03 09:30:00+05:30,2026-02-03 09:35:00+05:30,1636.48135,1660.7813500000002,24.300000000000185,1587.8813499999997,2.0,1658.5589954963225,18.48135000000002,7.918650000000071,0.7605493827160446,0.3258703703703708,2026-02-03 15:25:00+05:30,1620.50985,END_OF_DAY,False,15.971499999999878,3.2569912000000003,12.714508799999878,-22.077645496322475,Q4_FARTHEST
INFY,ORB_50,2.0,2026-02-04,SELL,2026-02-04 10:10:00+05:30,2026-02-04 10:15:00+05:30,1516.54135,1532.04135,15.5,1485.54135,2.0,1524.7104074541487,38.44135000000006,1.2586499999999887,2.4800870967741973,0.0812032258064508,2026-02-04 11:50:00+05:30,1486.284120675,TARGET,False,30.257229325000026,3.002825470675,27.254403854325027,-8.169057454148742,Q3
INFY,ORB_50,2.0,2026-02-05,SELL,2026-02-05 11:45:00+05:30,2026-02-05 11:50:00+05:30,1491.9536500000002,1503.0536500000003,11.100000000000136,1469.75365,2.0,1505.670679892571,8.353650000000243,2.846349999999802,0.7525810810810938,0.256427927927907,2026-02-05 15:25:00+05:30,1488.5439,END_OF_DAY,False,3.4097500000002583,2.98049755,0.4292524500002583,-13.717029892570736,Q4_FARTHEST
INFY,ORB_50,2.0,2026-02-09,SELL,2026-02-09 09:35:00+05:30,2026-02-09 09:40:00+05:30,1468.4654,1481.6654,13.199999999999818,1442.0654000000004,2.0,1476.0207547276216,7.065399999999954,7.934600000000046,0.5352575757575797,0.6011060606060724,2026-02-09 15:25:00+05:30,1466.03265,END_OF_DAY,False,2.432750000000169,2.93449805,-0.501748049999831,-7.555354727621534,Q3
INFY,ORB_50,2.0,2026-02-10,BUY,2026-02-10 10:05:00+05:30,2026-02-10 10:10:00+05:30,1472.736,1466.436,6.2999999999999545,1485.336,2.0,1467.0392386869594,11.06399999999985,11.236000000000104,1.7561904761904652,1.7834920634920928,2026-02-10 14:35:00+05:30,1465.702782,STOP_LOSS,False,-7.0332180000000335,2.9384387820000004,-9.971656782000034,5.696761313040724,Q2
INFY,ORB_50,2.0,2026-02-11,SELL,2026-02-11 09:30:00+05:30,2026-02-11 09:35:00+05:30,1463.8677,1468.2177,4.350000000000136,1455.1676999999995,2.0,1468.2041266917645,25.967699999999923,1.1322999999999863,5.969586206896347,0.2602988505747013,2026-02-11 10:05:00+05:30,1455.8952838499995,TARGET,False,7.972416150000299,2.91976298385,5.0526531661503,-4.336426691764473,Q1_CLOSEST
INFY,ORB_50,2.0,2026-02-12,SELL,2026-02-12 09:30:00+05:30,2026-02-12 09:35:00+05:30,1368.41545,1384.06545,15.650000000000093,1337.1154499999998,2.0,1382.173567503045,17.11545000000001,10.78455000000008,1.093638977635777,0.6891086261980842,2026-02-12 15:25:00+05:30,1355.37735,END_OF_DAY,False,13.038099999999986,2.7237928,10.314307199999986,-13.758117503045014,Q4_FARTHEST
INFY,ORB_50,2.0,2026-02-13,BUY,2026-02-13 10:40:00+05:30,2026-02-13 10:45:00+05:30,1299.8496,1279.0496,20.799999999999955,1341.4496,2.0,1280.3401347957692,48.2503999999999,9.84960000000001,2.3197307692307696,0.473538461538463,2026-02-13 12:10:00+05:30,1340.7788752,TARGET,False,40.92927519999989,2.6406284752,38.28864672479989,19.509465204230764,Q4_FARTHEST
INFY,ORB_50,2.0,2026-02-16,SELL,2026-02-16 09:45:00+05:30,2026-02-16 09:50:00+05:30,1317.24105,1331.74105,14.5,1288.24105,2.0,1325.060939685153,7.241050000000087,23.758949999999917,0.4993827586206956,1.638548275862063,2026-02-16 14:35:00+05:30,1332.406920525,STOP_LOSS,False,-15.165870524999946,2.649647970525,-17.815518495524945,-7.81988968515293,Q3
INFY,ORB_50,2.0,2026-02-17,BUY,2026-02-17 09:30:00+05:30,2026-02-17 09:35:00+05:30,1372.686,1359.186,13.5,1399.686,2.0,1362.11812486672,28.014000000000124,13.985999999999876,2.0751111111111205,1.035999999999991,2026-02-17 12:15:00+05:30,1398.9861569999998,TARGET,False,26.3001569999999,2.771672157,23.528484842999895,10.567875133279813,Q4_FARTHEST
INFY,ORB_50,2.0,2026-02-18,SELL,2026-02-18 09:40:00+05:30,2026-02-18 09:45:00+05:30,1329.4349499999998,1348.2349499999998,18.799999999999955,1291.83495,2.0,1343.6397257098874,12.63494999999989,16.965050000000247,0.6720718085106341,0.90239627659576,2026-02-18 15:25:00+05:30,1343.57145,END_OF_DAY,False,-14.136500000000296,2.6730064,-16.809506400000295,-14.204775709887599,Q4_FARTHEST
INFY,ORB_50,2.0,2026-02-19,BUY,2026-02-19 10:05:00+05:30,2026-02-19 10:10:00+05:30,1370.5849500000002,1362.8349500000002,7.75,1386.0849500000002,2.0,1362.055045539977,1.715049999999792,36.28495000000021,0.2212967741935215,4.681929032258092,2026-02-19 10:15:00+05:30,1362.1535325250002,STOP_LOSS,False,-8.43141747499999,2.7327384825250003,-11.16415595752499,8.52990446002309,Q4_FARTHEST
INFY,ORB_50,2.0,2026-02-19,SELL,2026-02-19 12:45:00+05:30,2026-02-19 12:50:00+05:30,1351.02415,1358.77415,7.75,1335.52415,2.0,1361.8666702916844,16.72415000000001,7.575849999999946,2.1579548387096787,0.9775290322580577,2026-02-19 15:20:00+05:30,1336.191912075,TARGET,False,14.832237925000072,2.687216062075,12.145021862925072,-10.842520291684423,Q4_FARTHEST
INFY,ORB_50,2.0,2026-02-20,BUY,2026-02-20 10:15:00+05:30,2026-02-20 10:20:00+05:30,1331.4654,1321.2154,10.25,1351.9654,2.0,1321.2650717972544,4.634599999999864,9.865400000000136,0.4521560975609623,0.962478048780501,2026-02-20 15:25:00+05:30,1323.2380500000002,END_OF_DAY,False,-8.227349999999888,2.65470345,-10.882053449999889,10.200328202745595,Q4_FARTHEST
INFY,ORB_50,2.0,2026-02-23,SELL,2026-02-23 09:45:00+05:30,2026-02-23 09:50:00+05:30,1305.44695,1313.14695,7.700000000000045,1290.04695,2.0,1312.9499714101237,15.346950000000106,1.7530500000000302,1.993110389610392,0.2276688311688337,2026-02-23 15:25:00+05:30,1300.54995,END_OF_DAY,False,4.896999999999935,2.6059969,2.2910030999999345,-7.503021410123665,Q3
INFY,ORB_50,2.0,2026-02-24,SELL,2026-02-24 09:35:00+05:30,2026-02-24 09:40:00+05:30,1254.67235,1264.17235,9.5,1235.67235,2.0,1260.8637023850015,17.372350000000097,5.22765000000004,1.8286684210526416,0.5502789473684252,2026-02-24 15:25:00+05:30,1253.92665,END_OF_DAY,False,0.7457000000001699,2.508599,-1.7628989999998304,-6.191352385001437,Q2
INFY,ORB_50,2.0,2026-02-25,BUY,2026-02-25 09:55:00+05:30,2026-02-25 10:00:00+05:30,1290.74505,1276.74505,14.0,1318.74505,2.0,1278.7123810034948,4.854949999999917,31.44505000000004,0.3467821428571369,2.2460750000000025,2026-02-25 11:05:00+05:30,1276.106677475,STOP_LOSS,False,-14.638372525000024,2.5668517274750005,-17.205224252475023,12.032668996505208,Q4_FARTHEST
INFY,ORB_50,2.0,2026-02-26,SELL,2026-02-26 10:50:00+05:30,2026-02-26 10:55:00+05:30,1268.5654,1274.8154,6.25,1256.0654,2.0,1278.3470153016076,9.465400000000043,5.334600000000137,1.5144640000000071,0.8535360000000218,2026-02-26 15:25:00+05:30,1264.33185,END_OF_DAY,False,4.233549999999923,2.53289725,1.7006527499999229,-9.781615301607644,Q4_FARTHEST
INFY,ORB_50,2.0,2026-02-27,SELL,2026-02-27 09:30:00+05:30,2026-02-27 09:35:00+05:30,1277.06115,1288.96115,11.900000000000093,1253.2611499999998,2.0,1289.16966004252,10.261150000000043,10.038849999999911,0.862281512605039,0.8436008403361206,2026-02-27 15:25:00+05:30,1272.0357,END_OF_DAY,False,5.025449999999864,2.54909685,2.476353149999865,-12.108510042520038,Q4_FARTHEST
INFY,ORB_50,2.0,2026-03-02,BUY,2026-03-02 09:30:00+05:30,2026-03-02 09:35:00+05:30,1271.53545,1264.23545,7.299999999999954,1286.13545,2.0,1265.2972411260455,0.0,25.535450000000083,0.0,3.498006849315101,2026-03-02 09:40:00+05:30,1263.6033322750002,STOP_LOSS,False,-7.932117724999898,2.535138782275,-10.467256507274898,6.238208873954591,Q2
INFY,ORB_50,2.0,2026-03-02,SELL,2026-03-02 11:50:00+05:30,2026-03-02 11:55:00+05:30,1252.9732,1260.2732,7.300000000000182,1238.3731999999995,2.0,1263.4510386706472,6.973199999999906,10.926800000000185,0.955232876712292,1.4968219178082072,2026-03-02 14:35:00+05:30,1260.9033366,STOP_LOSS,False,-7.930136600000196,2.5138765366,-10.444013136600196,-10.477838670647316,Q4_FARTHEST
INFY,ORB_50,2.0,2026-03-05,SELL,2026-03-05 09:30:00+05:30,2026-03-05 09:35:00+05:30,1272.5634,1280.3134,7.75,1257.0634,2.0,1280.7758579667604,9.763400000000049,10.83660000000009,1.2597935483871028,1.398270967741947,2026-03-05 14:40:00+05:30,1280.9535567,STOP_LOSS,False,-8.390156700000034,2.5535169567,-10.943673656700035,-8.21245796676044,Q3
INFY,ORB_50,2.0,2026-03-09,BUY,2026-03-09 09:30:00+05:30,2026-03-09 09:35:00+05:30,1272.93615,1264.3861499999998,8.550000000000182,1290.0361500000004,2.0,1265.4285584592624,17.16384999999991,12.136150000000043,2.007467836257257,1.4194327485379865,2026-03-09 09:40:00+05:30,1263.7539569249998,STOP_LOSS,False,-9.182193075000214,2.536690106925,-11.718883181925214,7.5075915407376215,Q3
INFY,ORB_50,2.0,2026-03-10,SELL,2026-03-10 09:35:00+05:30,2026-03-10 09:40:00+05:30,1270.06465,1280.26465,10.200000000000044,1249.66465,2.0,1277.5154511870771,13.164649999999938,4.335350000000062,1.290651960784302,0.4250343137254944,2026-03-10 15:25:00+05:30,1269.6345,END_OF_DAY,False,0.4301500000001397,2.53969915,-2.1095491499998604,-7.450801187077104,Q3
INFY,ORB_50,2.0,2026-03-11,SELL,2026-03-11 09:40:00+05:30,2026-03-11 09:45:00+05:30,1259.46995,1265.41995,5.9500000000000455,1247.5699499999998,2.0,1264.772577406488,15.069949999999835,3.630049999999983,2.5327647058823057,0.6100924369747823,2026-03-11 15:20:00+05:30,1248.193734975,TARGET,False,11.276215025000056,2.507663684975,8.768551340025056,-5.302627406488,Q2
INFY,ORB_50,2.0,2026-03-12,SELL,2026-03-12 10:10:00+05:30,2026-03-12 10:15:00+05:30,1234.08265,1239.08265,5.0,1224.08265,2.0,1239.7751173953488,2.682649999999967,17.417349999999942,0.5365299999999934,3.4834699999999885,2026-03-12 10:25:00+05:30,1239.702191325,STOP_LOSS,False,-5.619541325,2.4737848413250005,-8.093326166325001,-5.692467395348785,Q2
INFY,ORB_50,2.0,2026-03-12,BUY,2026-03-12 11:20:00+05:30,2026-03-12 11:25:00+05:30,1246.0227,1241.0227,5.0,1256.0227,2.0,1240.885486077558,5.477300000000014,12.32269999999994,1.0954600000000028,2.464539999999988,2026-03-12 14:25:00+05:30,1240.40218865,STOP_LOSS,False,-5.620511350000015,2.48642488865,-8.106936238650015,5.137213922442015,Q1_CLOSEST
INFY,ORB_50,2.0,2026-03-13,BUY,2026-03-13 10:10:00+05:30,2026-03-13 10:15:00+05:30,1230.31485,1226.86485,3.450000000000045,1237.21485,2.0,1226.1418618217087,12.385150000000069,14.014850000000024,3.5898985507246097,4.062275362318794,2026-03-13 10:25:00+05:30,1236.596242575,TARGET,False,6.2813925750001545,2.466911092575,3.8144814824251534,4.172988178291234,Q1_CLOSEST
INFY,ORB_50,2.0,2026-03-16,SELL,2026-03-16 10:15:00+05:30,2026-03-16 10:20:00+05:30,1207.396,1216.346,8.950000000000045,1189.496,2.0,1215.3653386923445,9.096000000000004,20.20399999999995,1.0163128491620064,2.2574301675977484,2026-03-16 14:20:00+05:30,1216.954173,STOP_LOSS,False,-9.558173000000124,2.424350173,-11.982523173000123,-7.969338692344536,Q3
INFY,ORB_50,2.0,2026-03-17,SELL,2026-03-17 09:30:00+05:30,2026-03-17 09:35:00+05:30,1189.405,1202.5549999999998,13.149999999999864,1163.1050000000002,2.0,1198.66630526883,0.0049999999998817,25.394999999999985,0.0003802281368731,1.9311787072243527,2026-03-17 09:50:00+05:30,1203.1562774999998,STOP_LOSS,False,-13.751277499999787,2.3925612775,-16.143838777499788,-9.261305268830029,Q4_FARTHEST
INFY,ORB_50,2.0,2026-03-18,BUY,2026-03-18 09:35:00+05:30,2026-03-18 09:40:00+05:30,1237.6185,1225.2185,12.400000000000093,1262.4185000000002,2.0,1228.719596181087,25.88149999999996,0.9184999999999944,2.0872177419354654,0.0740725806451603,2026-03-18 11:40:00+05:30,1261.7872907500002,TARGET,False,24.1687907500002,2.49940579075,21.6693849592502,8.89890381891314,Q4_FARTHEST
INFY,ORB_50,2.0,2026-03-19,SELL,2026-03-19 09:45:00+05:30,2026-03-19 09:50:00+05:30,1212.89325,1220.24325,7.349999999999909,1198.1932500000005,2.0,1216.587925928528,23.49324999999999,2.706749999999829,3.196360544217725,0.3682653061224302,2026-03-19 14:10:00+05:30,1198.7923466250002,TARGET,False,14.100903374999916,2.4116855966250004,11.689217778374916,-3.694675928527886,Q1_CLOSEST
INFY,ORB_50,2.0,2026-03-20,BUY,2026-03-20 10:25:00+05:30,2026-03-20 10:30:00+05:30,1227.6135,1221.3134999999995,6.300000000000182,1240.2135000000003,2.0,1219.785659913516,10.38650000000007,24.413499999999885,1.648650793650757,3.8751587301586,2026-03-20 11:00:00+05:30,1220.7028432499997,STOP_LOSS,False,-6.910656750000271,2.44831634325,-9.35897309325027,7.827840086484002,Q3
INFY,ORB_50,2.0,2026-03-20,SELL,2026-03-20 13:05:00+05:30,2026-03-20 13:10:00+05:30,1210.1946,1216.4946,6.2999999999999545,1197.5946,2.0,1218.4273793671766,6.994599999999991,27.805399999999963,1.110253968253975,4.413555555555582,2026-03-20 15:00:00+05:30,1217.1028473,STOP_LOSS,False,-6.908247299999857,2.4272974473,-9.335544747299856,-8.23277936717659,Q4_FARTHEST
INFY,ORB_50,2.0,2026-03-23,BUY,2026-03-23 09:30:00+05:30,2026-03-23 09:35:00+05:30,1217.0082,1210.0082,7.0,1231.0082,2.0,1212.2663487631748,17.391800000000103,0.8081999999999425,2.484542857142872,0.1154571428571346,2026-03-23 14:10:00+05:30,1230.3926959,TARGET,False,13.384495900000047,2.4474008959000004,10.937095004100048,4.741851236825141,Q1_CLOSEST
INFY,ORB_50,2.0,2026-03-24,BUY,2026-03-24 10:25:00+05:30,2026-03-24 10:30:00+05:30,1246.52295,1237.02295,9.5,1265.52295,2.0,1236.519047617283,22.977049999999963,6.922950000000128,2.418636842105259,0.7287315789473819,2026-03-24 11:55:00+05:30,1264.890188525,TARGET,False,18.367238524999948,2.5114131385250005,15.855825386474947,10.003902382717115,Q4_FARTHEST
INFY,ORB_50,2.0,2026-03-25,BUY,2026-03-25 09:45:00+05:30,2026-03-25 09:50:00+05:30,1246.92315,1239.37315,7.549999999999954,1262.0231499999998,2.0,1241.5214757366264,16.376850000000104,3.0231499999997595,2.16911920529804,0.4004172185430169,2026-03-25 11:05:00+05:30,1261.3921384249998,TARGET,False,14.468988424999909,2.5083152884249995,11.960673136574908,5.401674263373707,Q2
INFY,ORB_50,2.0,2026-03-27,SELL,2026-03-27 09:55:00+05:30,2026-03-27 10:00:00+05:30,1250.07465,1257.77465,7.700000000000045,1234.67465,2.0,1258.508837048617,13.674649999999929,9.225349999999937,1.7759285714285518,1.1980974025973872,2026-03-27 10:20:00+05:30,1258.403537325,STOP_LOSS,False,-8.328887325000096,2.5084781873250006,-10.837365512325096,-8.434187048616877,Q4_FARTHEST
INFY,ORB_50,2.0,2026-03-30,BUY,2026-03-30 09:35:00+05:30,2026-03-30 09:40:00+05:30,1237.8186,1230.4186,7.400000000000091,1252.6186000000002,2.0,1232.185590285883,0.0,21.11860000000001,0.0,2.853864864864832,2026-03-30 10:15:00+05:30,1229.8033907,STOP_LOSS,False,-8.015209300000151,2.4676219907,-10.482831290700153,5.633009714116952,Q2
INFY,ORB_50,2.0,2026-04-01,SELL,2026-04-01 09:30:00+05:30,2026-04-01 09:35:00+05:30,1253.27305,1260.72305,7.450000000000045,1238.37305,2.0,1259.5306648283242,10.673050000000105,22.12695000000008,1.4326241610738306,2.970060402684556,2026-04-01 09:50:00+05:30,1261.353411525,STOP_LOSS,False,-8.080361524999944,2.514626461525,-10.594987986524943,-6.257614828324222,Q2
INFY,ORB_50,2.0,2026-04-01,BUY,2026-04-01 10:35:00+05:30,2026-04-01 10:40:00+05:30,1271.53545,1264.08545,7.450000000000045,1286.4354500000002,2.0,1264.3250086598464,0.8645500000000084,28.935450000000174,0.1160469798657722,3.883953020134228,2026-04-01 11:05:00+05:30,1263.453407275,STOP_LOSS,False,-8.082042725000065,2.534988857275,-10.617031582275064,7.210441340153693,Q3
INFY,ORB_50,2.0,2026-04-01,SELL,2026-04-01 13:20:00+05:30,2026-04-01 13:25:00+05:30,1254.07265,1261.52265,7.449999999999818,1239.1726500000004,2.0,1264.4880428524175,11.472650000000158,0.6273499999999785,1.539953020134287,0.0842080536912743,2026-04-01 15:25:00+05:30,1251.52545,END_OF_DAY,False,2.5471999999999757,2.5055981000000003,0.0416018999999749,-10.415392852417426,Q4_FARTHEST
INFY,ORB_50,2.0,2026-04-02,BUY,2026-04-02 13:20:00+05:30,2026-04-02 13:25:00+05:30,1253.52645,1245.22645,8.299999999999955,1270.12645,2.0,1242.31859630902,24.273549999999886,2.426450000000159,2.9245240963855443,0.2923433734939966,2026-04-02 14:30:00+05:30,1269.491386775,TARGET,False,15.964936774999842,2.523017836775,13.44191893822484,11.207853690980073,Q4_FARTHEST
INFY,ORB_50,2.0,2026-04-07,BUY,2026-04-07 09:50:00+05:30,2026-04-07 09:55:00+05:30,1284.54195,1276.04195,8.5,1301.54195,2.0,1279.5071985661789,32.05804999999987,1.5419500000000426,3.771535294117631,0.1814058823529462,2026-04-07 11:15:00+05:30,1300.8911790250002,TARGET,False,16.349229025000113,2.585433129025,13.763795895975113,5.034751433821157,Q1_CLOSEST
INFY,ORB_50,2.0,2026-04-08,SELL,2026-04-08 09:30:00+05:30,2026-04-08 09:35:00+05:30,1309.04515,1326.4951500000002,17.450000000000045,1274.14515,2.0,1323.8430119653,6.245150000000194,12.05484999999976,0.3578882521490073,0.6908223495701851,2026-04-08 15:25:00+05:30,1318.15875,END_OF_DAY,False,-9.113599999999906,2.6272039000000005,-11.740803899999907,-14.797861965300172,Q4_FARTHEST
INFY,ORB_50,2.0,2026-04-09,BUY,2026-04-09 15:05:00+05:30,2026-04-09 15:10:00+05:30,1306.35285,1297.65285,8.700000000000045,1323.75285,2.0,1297.2661692221711,0.0,6.9528499999998985,0.0,0.7991781609195244,2026-04-09 15:25:00+05:30,1301.64885,END_OF_DAY,False,-4.703999999999951,2.6080017,-7.312001699999951,9.08668077782886,Q4_FARTHEST
INFY,ORB_50,2.0,2026-04-10,SELL,2026-04-10 09:30:00+05:30,2026-04-10 09:35:00+05:30,1269.7648000000002,1280.0148000000002,10.25,1249.2648000000002,2.0,1275.643018762563,13.66480000000024,0.9351999999998952,1.3331512195122186,0.0912390243902336,2026-04-10 15:25:00+05:30,1264.632,END_OF_DAY,False,5.132800000000088,2.534396800000001,2.598403200000088,-5.878218762562938,Q2
INFY,ORB_50,2.0,2026-04-13,SELL,2026-04-13 09:30:00+05:30,2026-04-13 09:35:00+05:30,1241.07915,1250.32915,9.25,1222.57915,2.0,1246.7619752712008,2.179149999999936,12.720849999999928,0.2355837837837768,1.3752270270270193,2026-04-13 10:55:00+05:30,1250.954314575,STOP_LOSS,False,-9.8751645750001,2.492033464575,-12.3671980395751,-5.682825271200727,Q2
INFY,ORB_50,2.0,2026-04-16,SELL,2026-04-16 12:00:00+05:30,2026-04-16 12:05:00+05:30,1284.65735,1292.75735,8.099999999999909,1268.45735,2.0,1294.4312101050832,3.3573499999999967,11.542650000000094,0.4144876543209919,1.4250185185185462,2026-04-16 15:00:00+05:30,1293.403728675,STOP_LOSS,False,-8.74637867499996,2.578061078675,-11.32443975367496,-9.773860105083259,Q4_FARTHEST
INFY,ORB_50,2.0,2026-04-21,BUY,2026-04-21 09:45:00+05:30,2026-04-21 09:50:00+05:30,1283.2413,1277.9913,5.25,1293.7413,2.0,1277.19782474187,13.65870000000018,3.24129999999991,2.601657142857177,0.6173904761904591,2026-04-21 11:45:00+05:30,1293.09442935,TARGET,False,9.853129350000016,2.57633572935,7.276793620650018,6.043475258130002,Q2
INFY,ORB_50,2.0,2026-04-22,SELL,2026-04-22 10:05:00+05:30,2026-04-22 10:10:00+05:30,1244.47745,1256.92745,12.450000000000044,1219.5774499999998,2.0,1252.5120328439384,15.177449999999908,1.822550000000092,1.2190722891566146,0.1463895582329386,2026-04-22 15:25:00+05:30,1242.52095,END_OF_DAY,False,1.956499999999778,2.4869984,-0.530498400000222,-8.034582843938324,Q3
INFY,ORB_50,2.0,2026-04-23,SELL,2026-04-23 12:30:00+05:30,2026-04-23 12:35:00+05:30,1223.1880999999998,1230.3381,7.150000000000091,1208.8880999999997,2.0,1229.442875924767,23.18809999999985,5.511900000000196,3.243090909090846,0.7708951048951225,2026-04-23 15:25:00+05:30,1209.4925440499997,TARGET,False,13.695555950000198,2.4326806440499995,11.2628753059502,-6.254775924767046,Q2
INFY,ORB_50,2.0,2026-04-24,SELL,2026-04-24 09:45:00+05:30,2026-04-24 09:50:00+05:30,1170.31455,1182.51455,12.200000000000044,1145.91455,2.0,1182.1779293278194,42.5145500000001,0.7854499999998552,3.484799180327864,0.0643811475409715,2026-04-24 11:40:00+05:30,1146.487507275,TARGET,False,23.827042725000183,2.3168020572750003,21.51024066772518,-11.863379327819302,Q4_FARTHEST
INFY,ORB_50,2.0,2026-04-27,BUY,2026-04-27 09:45:00+05:30,2026-04-27 09:50:00+05:30,1154.07675,1143.52675,10.549999999999956,1175.17675,2.0,1146.1716748758652,0.8232500000001437,11.276749999999993,0.0780331753554642,1.0688862559241743,2026-04-27 15:15:00+05:30,1142.954986625,STOP_LOSS,False,-11.121763375,2.297031736625,-13.418795111625,7.9050751241347825,Q3
INFY,ORB_50,2.0,2026-04-28,SELL,2026-04-28 09:50:00+05:30,2026-04-28 09:55:00+05:30,1130.8343,1137.1843,6.349999999999909,1118.1343000000002,2.0,1137.447918436062,5.434299999999894,9.165700000000015,0.8557952755905467,1.4434173228346687,2026-04-28 10:00:00+05:30,1137.75289215,STOP_LOSS,False,-6.918592149999995,2.26858719215,-9.187179342149996,-6.613618436062097,Q3
INFY,ORB_50,2.0,2026-04-29,BUY,2026-04-29 09:35:00+05:30,2026-04-29 09:40:00+05:30,1142.47095,1138.47095,4.0,1150.47095,2.0,1138.2630798434727,10.729049999999916,1.2709500000000844,2.682262499999979,0.3177375000000211,2026-04-29 09:50:00+05:30,1149.895714525,TARGET,False,7.424764525,2.2923666645250007,5.132397860475,4.2078701565271786,Q1_CLOSEST
INFY,ORB_50,2.0,2026-04-30,BUY,2026-04-30 09:35:00+05:30,2026-04-30 09:40:00+05:30,1147.5735,1142.2735,5.2999999999999545,1158.1735,2.0,1142.084776162974,17.026499999999942,7.273500000000013,3.2125471698113373,1.372358490566052,2026-04-30 11:25:00+05:30,1141.70236325,STOP_LOSS,False,-5.871136750000005,2.28927586325,-8.160412613250005,5.488723837025873,Q2
INFY,ORB_50,2.0,2026-05-04,SELL,2026-05-04 10:10:00+05:30,2026-05-04 10:15:00+05:30,1152.92325,1158.67325,5.75,1141.42325,2.0,1161.1700452413747,12.423250000000053,2.976750000000038,2.160565217391313,0.5176956521739197,2026-05-04 13:25:00+05:30,1141.993961625,TARGET,False,10.929288374999942,2.294917211625,8.634371163374942,-8.246795241374684,Q4_FARTHEST
INFY,ORB_50,2.0,2026-05-06,SELL,2026-05-06 09:30:00+05:30,2026-05-06 09:35:00+05:30,1157.421,1160.971,3.5499999999999545,1150.321,2.0,1161.5950399582453,18.02099999999996,1.2789999999999964,5.076338028169068,0.3602816901408486,2026-05-06 09:45:00+05:30,1150.8961605000002,TARGET,False,6.524839499999871,2.3083171605,4.216522339499871,-4.174039958245203,Q1_CLOSEST
INFY,ORB_50,2.0,2026-05-07,SELL,2026-05-07 09:30:00+05:30,2026-05-07 09:35:00+05:30,1138.73035,1143.78035,5.0499999999999545,1128.63035,2.0,1143.870981080246,4.130350000000135,9.669650000000049,0.817891089108945,1.914782178217848,2026-05-07 09:40:00+05:30,1144.352240175,STOP_LOSS,False,-5.621890174999862,2.283082590175,-7.904972765174862,-5.140631080246067,Q1_CLOSEST
INFY,ORB_50,2.0,2026-05-08,BUY,2026-05-08 10:25:00+05:30,2026-05-08 10:30:00+05:30,1148.27385,1141.77385,6.5,1161.27385,2.0,1144.4620247536348,10.126150000000052,5.073849999999993,1.5578692307692388,0.7805923076923066,2026-05-08 15:25:00+05:30,1153.92275,END_OF_DAY,False,5.648899999999912,2.3021966000000003,3.346703399999912,3.811825246365288,Q1_CLOSEST
INFY,ORB_50,2.0,2026-05-11,BUY,2026-05-11 09:45:00+05:30,2026-05-11 09:50:00+05:30,1155.1772999999998,1151.8273,3.349999999999909,1161.8772999999997,2.0,1151.9233261387749,6.722700000000259,5.877299999999877,2.006776119403117,1.7544179104477722,2026-05-11 10:10:00+05:30,1151.2513863499998,STOP_LOSS,False,-3.925913649999984,2.30642868635,-6.232342336349984,3.2539738612249494,Q1_CLOSEST
INFY,ORB_50,2.0,2026-05-12,SELL,2026-05-12 09:45:00+05:30,2026-05-12 09:50:00+05:30,1110.8443000000002,1123.3943000000004,12.550000000000182,1085.7442999999998,2.0,1116.817870105583,11.644300000000158,7.755699999999706,0.9278326693227082,0.6179840637449875,2026-05-12 15:25:00+05:30,1116.1578,END_OF_DAY,False,-5.313499999999749,2.2270021,-7.540502099999749,-5.973570105582894,Q2
INFY,ORB_50,2.0,2026-05-13,SELL,2026-05-13 09:45:00+05:30,2026-05-13 09:50:00+05:30,1105.0472,1110.6472,5.599999999999909,1093.8472000000002,2.0,1110.1803987639742,7.747200000000021,9.352800000000116,1.3834285714285977,1.670142857142905,2026-05-13 09:55:00+05:30,1111.2025236,STOP_LOSS,False,-6.155323599999974,2.2162497236,-8.371573323599975,-5.133198763974178,Q1_CLOSEST
INFY,ORB_50,2.0,2026-05-14,SELL,2026-05-14 09:30:00+05:30,2026-05-14 09:35:00+05:30,1084.75735,1090.75735,6.0,1072.75735,2.0,1089.1649281944765,18.85734999999977,0.7426500000001397,3.142891666666628,0.1237750000000232,2026-05-14 11:00:00+05:30,1073.2937286749998,TARGET,False,11.463621325000076,2.158051078675,9.305570246325075,-4.4075781944764,Q1_CLOSEST
INFY,ORB_50,2.0,2026-05-18,BUY,2026-05-18 12:10:00+05:30,2026-05-18 12:15:00+05:30,1115.9577000000002,1106.7577,9.200000000000044,1134.3577000000002,2.0,1106.7948814441745,5.842299999999796,5.457700000000159,0.6350326086956268,0.5932282608695796,2026-05-18 15:25:00+05:30,1120.73935,END_OF_DAY,False,4.7816499999999,2.23669705,2.5449529499998995,9.162818555825652,Q4_FARTHEST
INFY,ORB_50,2.0,2026-05-19,BUY,2026-05-19 15:05:00+05:30,2026-05-19 15:10:00+05:30,1173.1862999999998,1155.7363,17.449999999999818,1208.0862999999997,2.0,1164.9231684880594,0.0,5.486299999999801,0.0,0.314401146131797,2026-05-19 15:25:00+05:30,1168.11565,END_OF_DAY,False,-5.070649999999887,2.34130195,-7.411951949999887,8.2631315119404,Q4_FARTHEST
INFY,ORB_50,2.0,2026-05-20,BUY,2026-05-20 09:30:00+05:30,2026-05-20 09:35:00+05:30,1177.9887,1170.0887000000002,7.899999999999864,1193.7886999999998,2.0,1172.6372330285972,3.3112999999998465,16.8887000000002,0.419151898734165,2.1378101265823406,2026-05-20 10:10:00+05:30,1169.5036556500002,STOP_LOSS,False,-8.485044349999953,2.3474923556500005,-10.832536705649954,5.351466971402942,Q2
INFY,ORB_50,2.0,2026-05-21,SELL,2026-05-21 09:35:00+05:30,2026-05-21 09:40:00+05:30,1162.4185,1168.6685,6.25,1149.9185,2.0,1167.658804690816,10.318500000000084,7.681499999999914,1.6509600000000135,1.2290399999999864,2026-05-21 09:50:00+05:30,1169.25283425,STOP_LOSS,False,-6.834334249999984,2.33167133425,-9.166005584249984,-5.240304690815947,Q2
INFY,ORB_50,2.0,2026-05-22,BUY,2026-05-22 10:35:00+05:30,2026-05-22 10:40:00+05:30,1162.88115,1155.7811499999998,7.100000000000136,1177.0811500000002,2.0,1154.811218652955,3.718849999999975,14.681149999999889,0.5237816901408314,2.0677676056337475,2026-05-22 12:30:00+05:30,1155.2032594249995,STOP_LOSS,False,-7.6778905750002195,2.3180844094249995,-9.99597498442522,8.069931347044985,Q3
INFY,ORB_50,2.0,2026-05-25,SELL,2026-05-25 15:05:00+05:30,2026-05-25 15:10:00+05:30,1144.12765,1151.7776500000002,7.650000000000091,1128.82765,2.0,1149.1364516539577,2.72765000000004,0.6723499999998239,0.3565555555555565,0.0878888888888648,2026-05-25 15:25:00+05:30,1143.87165,END_OF_DAY,False,0.2560000000000855,2.2879993000000005,-2.031999299999915,-5.008801653957789,Q1_CLOSEST
INFY,ORB_50,2.0,2026-05-29,BUY,2026-05-29 09:45:00+05:30,2026-05-29 09:50:00+05:30,1181.6905499999998,1169.5405499999997,12.150000000000093,1205.99055,2.0,1173.7389644251132,2.709450000000288,52.49054999999976,0.223000000000022,4.320209876543157,2026-05-29 13:40:00+05:30,1168.9557797249995,STOP_LOSS,False,-12.734770275000074,2.3506463297249995,-15.085416604725072,7.9515855748866215,Q3
INFY,ORB_50,2.0,2026-06-01,BUY,2026-06-01 09:30:00+05:30,2026-06-01 09:35:00+05:30,1172.88615,1161.38615,11.5,1195.88615,2.0,1166.1466269393095,18.31385,4.686149999999998,1.592508695652174,0.4074913043478259,2026-06-01 15:25:00+05:30,1176.91125,END_OF_DAY,False,4.025100000000066,2.3497974000000004,1.6753026000000657,6.739523060690544,Q3
INFY,ORB_50,2.0,2026-06-02,BUY,2026-06-02 09:40:00+05:30,2026-06-02 09:45:00+05:30,1228.8141,1219.7641,9.049999999999956,1246.9141,2.0,1221.442992604192,22.9858999999999,2.714100000000144,2.539878453038676,0.2999005524862053,2026-06-02 10:40:00+05:30,1246.29064295,TARGET,False,17.47654294999984,2.47510474295,15.00143820704984,7.37110739580794,Q3
INFY,ORB_50,2.0,2026-06-03,SELL,2026-06-03 09:30:00+05:30,2026-06-03 09:35:00+05:30,1203.09815,1212.79815,9.700000000000044,1183.69815,2.0,1209.9054347257495,12.898149999999989,2.701849999999922,1.3297061855670027,0.2785412371133927,2026-06-03 15:25:00+05:30,1195.1972999999998,END_OF_DAY,False,7.900850000000219,2.39829545,5.50255455000022,-6.807284725749469,Q3
INFY,ORB_50,2.0,2026-06-04,SELL,2026-06-04 10:25:00+05:30,2026-06-04 10:30:00+05:30,1174.51245,1181.4124499999998,6.899999999999864,1160.7124500000002,2.0,1180.6581854304422,0.9124500000000352,6.387550000000147,0.1322391304347903,0.9257318840580104,2026-06-04 15:25:00+05:30,1181.09025,END_OF_DAY,False,-6.577800000000025,2.3556027,-8.933402700000025,-6.145735430442301,Q2
INFY,ORB_50,2.0,2026-06-05,SELL,2026-06-05 10:25:00+05:30,2026-06-05 10:30:00+05:30,1178.91025,1187.61025,8.700000000000045,1161.5102499999998,2.0,1183.2812356862378,9.910249999999904,2.189750000000004,1.139109195402282,0.2516954022988497,2026-06-05 15:25:00+05:30,1174.1868,END_OF_DAY,False,4.723449999999957,2.35309705,2.3703529499999574,-4.370985686237873,Q1_CLOSEST
INFY,ORB_50,2.0,2026-06-08,BUY,2026-06-08 10:00:00+05:30,2026-06-08 10:05:00+05:30,1164.28185,1158.93185,5.350000000000136,1174.9818500000003,2.0,1157.4154287731014,11.018149999999878,4.681850000000168,2.0594672897195507,0.8751121495327193,2026-06-08 11:00:00+05:30,1174.3943590750002,TARGET,False,10.112509075000162,2.3386762090750004,7.773832865925161,6.8664212268986375,Q3
INFY,ORB_50,2.0,2026-06-09,SELL,2026-06-09 09:35:00+05:30,2026-06-09 09:40:00+05:30,1147.8258,1156.3258,8.5,1130.8258,2.0,1154.496664784812,5.225800000000163,10.974199999999882,0.6148000000000192,1.2910823529411626,2026-06-09 15:05:00+05:30,1156.9039629,STOP_LOSS,False,-9.078162900000052,2.3047297629000005,-11.382892662900051,-6.670864784812011,Q3
INFY,ORB_50,2.0,2026-06-10,BUY,2026-06-10 09:45:00+05:30,2026-06-10 09:50:00+05:30,1168.584,1164.934,3.650000000000091,1175.8840000000002,2.0,1164.8165625432443,2.816000000000031,25.284000000000106,0.7715068493150578,6.9271232876710895,2026-06-10 10:10:00+05:30,1164.351533,STOP_LOSS,False,-4.232467000000042,2.332935533,-6.565402533000043,3.767437456755715,Q1_CLOSEST
INFY,ORB_50,2.0,2026-06-10,SELL,2026-06-10 10:35:00+05:30,2026-06-10 10:40:00+05:30,1158.0206999999998,1161.6707,3.650000000000091,1150.7206999999996,2.0,1164.465082705603,14.720699999999852,2.7793000000001484,4.033068493150544,0.7614520547945423,2026-06-10 12:45:00+05:30,1151.2960603499996,TARGET,False,6.724639650000199,2.30931676035,4.4153228896502,-6.444382705603175,Q3
INFY,ORB_50,2.0,2026-06-11,SELL,2026-06-11 10:00:00+05:30,2026-06-11 10:05:00+05:30,1110.14465,1121.44465,11.299999999999956,1087.54465,2.0,1115.1004522075268,0.0446500000000469,15.455349999999951,0.0039513274336324,1.3677300884955763,2026-06-11 10:30:00+05:30,1122.0053723249998,STOP_LOSS,False,-11.86072232499987,2.2321500223249995,-14.09287234732487,-4.955802207526858,Q1_CLOSEST
INFY,ORB_50,2.0,2026-06-12,SELL,2026-06-12 09:45:00+05:30,2026-06-12 09:50:00+05:30,1112.8433,1117.3433,4.5,1103.8433,2.0,1116.5664619761744,1.3432999999999993,10.1567,0.2985111111111109,2.2570444444444444,2026-06-12 10:40:00+05:30,1117.90197165,STOP_LOSS,False,-5.058671649999951,2.23074527165,-7.289416921649951,-3.723161976174424,Q1_CLOSEST
INFY,ORB_50,2.0,2026-06-15,BUY,2026-06-15 10:50:00+05:30,2026-06-15 10:55:00+05:30,1135.3674,1129.8174,5.5499999999999545,1146.4673999999998,2.0,1132.0147590992813,15.63260000000014,2.7673999999999523,2.816684684684733,0.4986306306306261,2026-06-15 10:55:00+05:30,1145.8941662999998,TARGET,False,10.526766299999965,2.2812615662999995,8.245504733699963,3.352640900718825,Q1_CLOSEST
INFY,ORB_50,2.0,2026-06-16,BUY,2026-06-16 09:30:00+05:30,2026-06-16 09:35:00+05:30,1142.67105,1134.42105,8.25,1159.17105,2.0,1135.926937359211,11.128950000000032,8.671049999999923,1.34896363636364,1.0510363636363542,2026-06-16 11:45:00+05:30,1133.853839475,STOP_LOSS,False,-8.817210525000064,2.276524889475,-11.093735414475065,6.744112640788899,Q3
INFY,ORB_50,2.0,2026-06-17,BUY,2026-06-17 09:30:00+05:30,2026-06-17 09:35:00+05:30,1162.3809,1156.1309,6.25,1174.8809,2.0,1157.4051963433744,0.1191000000001167,10.980899999999792,0.0190560000000186,1.7569439999999668,2026-06-17 09:45:00+05:30,1155.55283455,STOP_LOSS,False,-6.82806544999994,2.31793373455,-9.14599918454994,4.975703656625683,Q1_CLOSEST
INFY,ORB_50,2.0,2026-06-22,BUY,2026-06-22 14:05:00+05:30,2026-06-22 14:10:00+05:30,1072.7361,1064.2861,8.450000000000045,1089.6361000000002,2.0,1066.4636976080626,7.563899999999876,10.73610000000008,0.8951360946745367,1.2705443786982271,2026-06-22 15:10:00+05:30,1063.75395695,STOP_LOSS,False,-8.982143050000104,2.13649005695,-11.118633106950105,6.272402391937476,Q2
INFY,ORB_50,2.0,2026-06-23,SELL,2026-06-23 10:35:00+05:30,2026-06-23 10:40:00+05:30,1033.58295,1044.23295,10.650000000000093,1012.2829499999998,2.0,1038.7238547956583,7.5829499999999825,5.117050000000063,0.7120140845070345,0.4804741784037576,2026-06-23 15:25:00+05:30,1029.5145,END_OF_DAY,False,4.068449999999984,2.0630974500000003,2.005352549999984,-5.140904795658344,Q1_CLOSEST
INFY,ORB_50,2.0,2026-06-24,BUY,2026-06-24 10:15:00+05:30,2026-06-24 10:20:00+05:30,1047.6235499999998,1043.2235499999997,4.400000000000091,1056.42355,2.0,1043.2692786956504,17.876450000000204,3.623549999999796,4.062829545454508,0.8235340909090274,2026-06-24 13:50:00+05:30,1055.895338225,TARGET,False,8.271788225000137,2.103518888225,6.168269336775137,4.354271304349368,Q1_CLOSEST
INFY,ORB_50,2.0,2026-06-25,SELL,2026-06-25 09:30:00+05:30,2026-06-25 09:35:00+05:30,1044.7773499999998,1054.72735,9.950000000000044,1024.8773499999998,2.0,1051.8597032693178,5.677349999999933,14.122650000000249,0.5705879396984831,1.419361809045245,2026-06-25 10:00:00+05:30,1055.254713675,STOP_LOSS,False,-10.477363675000106,2.100032063675,-12.577395738675106,-7.082353269317991,Q3
INFY,ORB_50,2.0,2026-06-30,SELL,2026-06-30 09:30:00+05:30,2026-06-30 09:35:00+05:30,1008.6954,1017.1954,8.5,991.6954,2.0,1016.3672897743191,12.695400000000063,8.304599999999937,1.4935764705882428,0.9770117647058748,2026-06-30 15:25:00+05:30,1006.503,END_OF_DAY,False,2.192400000000021,2.0151984,0.1772016000000205,-7.671889774319197,Q3
INFY,ORB_50,2.0,2026-07-01,SELL,2026-07-01 09:35:00+05:30,2026-07-01 09:40:00+05:30,1003.0982,1007.6982,4.600000000000023,993.8982,2.0,1008.275388311601,20.698200000000043,3.701799999999935,4.499608695652161,0.8047391304347644,2026-07-01 12:20:00+05:30,994.3951491,TARGET,False,8.703050899999994,1.9974933491,6.705557550899994,-5.177188311600958,Q1_CLOSEST
INFY,ORB_50,2.0,2026-07-02,BUY,2026-07-02 09:35:00+05:30,2026-07-02 09:40:00+05:30,1031.7156,1019.8156,11.899999999999975,1055.5156,2.0,1024.053444958983,13.284400000000003,3.015599999999949,1.116336134453784,0.2534117647058785,2026-07-02 15:25:00+05:30,1041.6789,END_OF_DAY,False,9.963300000000118,2.0733945000000005,7.889905500000117,7.6621550410170585,Q3
INFY,ORB_50,2.0,2026-07-03,SELL,2026-07-03 09:30:00+05:30,2026-07-03 09:35:00+05:30,1051.2741,1059.5241,8.25,1034.7741,2.0,1057.0613355327305,9.274099999999862,7.525900000000092,1.1241333333333166,0.9122303030303144,2026-07-03 15:25:00+05:30,1047.5235,END_OF_DAY,False,3.7505999999998494,2.0987976,1.6518023999998497,-5.787235532730392,Q2
INFY,ORB_50,2.0,2026-07-06,SELL,2026-07-06 09:50:00+05:30,2026-07-06 09:55:00+05:30,1040.57945,1046.4794499999998,5.899999999999864,1028.7794500000002,2.0,1043.5734868169782,7.579449999999952,4.720550000000003,1.284652542372903,0.8000932203390021,2026-07-06 15:25:00+05:30,1044.3219,END_OF_DAY,False,-3.7424499999999625,2.08490135,-5.8273513499999625,-2.994036816978223,Q1_CLOSEST
INFY,ORB_50,2.0,2026-07-07,BUY,2026-07-07 09:40:00+05:30,2026-07-07 09:45:00+05:30,1069.23435,1055.78435,13.450000000000044,1096.13435,2.0,1064.074780045796,18.26565000000005,3.434349999999995,1.3580408921933078,0.255342007434943,2026-07-07 15:25:00+05:30,1070.96425,END_OF_DAY,False,1.7299000000000433,2.1401986,-0.4102985999999564,5.1595699542040165,Q1_CLOSEST
INFY,ORB_50,2.0,2026-07-10,SELL,2026-07-10 09:30:00+05:30,2026-07-10 09:35:00+05:30,1065.16715,1076.21715,11.049999999999956,1043.06715,2.0,1077.164110308673,0.4671499999999469,9.2328500000001,0.0422760180995428,0.8355520361991073,2026-07-10 15:25:00+05:30,1069.23435,END_OF_DAY,False,-4.067199999999957,2.1344015,-6.201601499999957,-11.996960308672897,Q4_FARTHEST
INFY,ORB_50,2.0,2026-07-13,BUY,2026-07-13 10:40:00+05:30,2026-07-13 10:45:00+05:30,1075.5375,1067.3874999999998,8.150000000000091,1091.8375,2.0,1069.219690525652,39.36250000000018,0.6374999999998181,4.829754601226962,0.0782208588956823,2026-07-13 11:45:00+05:30,1091.29158125,TARGET,False,15.754081250000128,2.16682908125,13.587252168750126,6.317809474347996,Q2
INFY,ORB_50,2.0,2026-07-14,SELL,2026-07-14 09:30:00+05:30,2026-07-14 09:35:00+05:30,1101.74885,1107.19885,5.4500000000000455,1090.84885,2.0,1105.3638469511563,11.748849999999948,10.651150000000143,2.155752293577954,1.9543394495412945,2026-07-14 10:30:00+05:30,1107.752449425,STOP_LOSS,False,-6.003599424999948,2.2095012994250003,-8.213100724424947,-3.6149969511563995,Q1_CLOSEST
INFY,ORB_50,2.0,2026-07-16,SELL,2026-07-16 15:20:00+05:30,2026-07-16 15:25:00+05:30,1080.0597,1088.2097,8.149999999999864,1063.7597000000003,2.0,1088.1312199106158,2.15969999999993,5.540299999999888,0.2649938650306707,0.6797914110429425,2026-07-16 15:25:00+05:30,1085.5425,END_OF_DAY,False,-5.4827999999999975,2.1656022000000004,-7.648402199999998,-8.071519910615734,Q3
INFY,ORB_50,2.0,2026-07-17,SELL,2026-07-17 09:30:00+05:30,2026-07-17 09:35:00+05:30,1101.449,1107.8490000000002,6.400000000000091,1088.649,2.0,1108.733443088528,9.44900000000007,7.850999999999885,1.47640624999999,1.2267187499999646,2026-07-17 09:35:00+05:30,1108.4029245000002,STOP_LOSS,False,-6.953924500000085,2.2098519245,-9.163776424500083,-7.284443088527951,Q3
INFY,ORB_50,2.0,2026-07-20,SELL,2026-07-20 10:10:00+05:30,2026-07-20 10:15:00+05:30,1089.95475,1096.35475,6.399999999999864,1077.1547500000004,2.0,1095.40747773523,6.754750000000058,6.745249999999942,1.0554296875000315,1.053945312500013,2026-07-20 11:20:00+05:30,1096.902927375,STOP_LOSS,False,-6.948177374999887,2.186857677375,-9.135035052374889,-5.452727735229928,Q2
INFY,ORB_50,2.0,2026-07-21,SELL,2026-07-21 09:45:00+05:30,2026-07-21 09:50:00+05:30,1076.56145,1084.76145,8.200000000000045,1060.1614499999998,2.0,1085.9071270691109,9.361449999999875,6.238550000000032,1.1416402439024178,0.7607987804878046,2026-07-21 15:25:00+05:30,1071.1353,END_OF_DAY,False,5.426150000000007,2.14769675,3.2784532500000068,-9.345677069110934,Q4_FARTHEST
INFY,ORB_50,2.0,2026-07-22,SELL,2026-07-22 10:20:00+05:30,2026-07-22 10:25:00+05:30,1058.0707,1062.6207,4.5499999999999545,1048.9707,2.0,1063.6670993015844,11.870699999999944,4.1293000000000575,2.6089450549450683,0.9075384615384832,2026-07-22 12:35:00+05:30,1049.4951853500002,TARGET,False,8.575514649999832,2.10756588535,6.467948764649831,-5.59639930158437,Q2
INFY,ORB_50,2.0,2026-07-23,BUY,2026-07-23 11:10:00+05:30,2026-07-23 11:15:00+05:30,1049.1243,1041.6743,7.450000000000045,1064.0243,2.0,1042.3372793001126,9.375700000000052,8.624299999999948,1.2584832214765094,1.1576241610738116,2026-07-23 11:30:00+05:30,1041.15346285,STOP_LOSS,False,-7.970837150000079,2.09027776285,-10.06111491285008,6.787020699887307,Q3
INFY,ORB_50,2.0,2026-07-24,SELL,2026-07-24 10:25:00+05:30,2026-07-24 10:30:00+05:30,1021.98875,1031.78875,9.799999999999956,1002.38875,2.0,1034.5611363387184,8.088750000000005,21.41125000000011,0.8253826530612288,2.18482142857145,2026-07-24 14:25:00+05:30,1032.304644375,STOP_LOSS,False,-10.31589437499997,2.054293394375,-12.37018776937497,-12.572386338718388,Q4_FARTHEST
INFY,ORB_50,2.0,2026-07-27,BUY,2026-07-27 09:30:00+05:30,2026-07-27 09:35:00+05:30,1075.03725,1067.73725,7.299999999999954,1089.63725,2.0,1066.9575128176934,6.9627499999999145,5.83725000000004,0.953801369863008,0.7996232876712434,2026-07-27 15:25:00+05:30,1077.76085,END_OF_DAY,False,2.7235999999998057,2.1527981,0.5708018999998057,8.079737182306644,Q3
INFY,ORB_50,2.0,2026-07-28,BUY,2026-07-28 09:30:00+05:30,2026-07-28 09:35:00+05:30,1110.6550499999998,1104.1550499999998,6.5,1123.6550499999998,2.0,1106.722225506971,7.8449500000001535,6.755049999999756,1.206915384615408,1.039238461538424,2026-07-28 14:45:00+05:30,1103.602972475,STOP_LOSS,False,-7.052077524999959,2.214258022475,-9.26633554747496,3.9328244930288747,Q1_CLOSEST
INFY,ORB_50,2.0,2026-07-29,BUY,2026-07-29 10:20:00+05:30,2026-07-29 10:25:00+05:30,1154.9772,1143.1772,11.799999999999956,1178.5772,2.0,1145.077815068104,9.52279999999996,5.977200000000039,0.8070169491525422,0.5065423728813612,2026-07-29 15:25:00+05:30,1153.423,END_OF_DAY,False,-1.554200000000037,2.3084002,-3.862600200000037,9.899384931896066,Q4_FARTHEST
INFY,ORB_50,2.0,2026-07-30,SELL,2026-07-30 14:05:00+05:30,2026-07-30 14:10:00+05:30,1165.31705,1175.36705,10.049999999999956,1145.2170500000002,2.0,1177.1672403432788,14.017050000000154,0.5829499999999825,1.3947313432836037,0.0580049751243766,2026-07-30 15:25:00+05:30,1157.27835,END_OF_DAY,False,8.038700000000063,2.3225954000000004,5.716104600000062,-11.850190343278655,Q4_FARTHEST
INFY,ORB_50,2.0,2026-07-31,BUY,2026-07-31 09:40:00+05:30,2026-07-31 09:45:00+05:30,1122.3609,1116.4609,5.899999999999864,1134.1608999999996,2.0,1116.0225905834102,16.939100000000053,0.9608999999998104,2.87103389830516,0.1628644067796326,2026-07-31 11:05:00+05:30,1133.5938195499996,TARGET,False,11.23291954999968,2.25595471955,8.97696483044968,6.338309416589709,Q3
INFY,ORB_50,2.0,2026-08-03,BUY,2026-08-03 10:10:00+05:30,2026-08-03 10:15:00+05:30,1158.67905,1152.12905,6.5499999999999545,1171.77905,2.0,1146.9369279124933,17.82095000000004,3.579050000000052,2.7207557251908647,0.546419847328256,2026-08-03 15:05:00+05:30,1171.1931604749998,TARGET,False,12.514110474999825,2.329872210475,10.184238264524826,11.742122087506687,Q4_FARTHEST
INFY,ORB_50,2.0,2026-08-04,SELL,2026-08-04 09:50:00+05:30,2026-08-04 09:55:00+05:30,1160.4195,1167.3195,6.900000000000091,1146.6194999999998,2.0,1164.2783413144302,7.119500000000016,2.180499999999938,1.0318115942028874,0.31601449275361,2026-08-04 15:10:00+05:30,1158.67905,END_OF_DAY,False,1.7404500000000098,2.31909855,-0.5786485499999898,-3.858841314430265,Q1_CLOSEST
INFY,ORB_50,2.0,2026-08-05,SELL,2026-08-05 09:50:00+05:30,2026-08-05 09:55:00+05:30,1163.6179,1169.6679,6.0499999999999545,1151.5179,2.0,1168.9443996299788,1.3179000000000087,10.482099999999946,0.2178347107438047,1.7325785123966984,2026-08-05 10:40:00+05:30,1170.25273395,STOP_LOSS,False,-6.634833950000029,2.33387063395,-8.968704583950029,-5.326499629978798,Q2
INFY,ORB_50,2.0,2026-08-06,SELL,2026-08-06 10:05:00+05:30,2026-08-06 10:10:00+05:30,1169.11515,1177.0151500000002,7.900000000000091,1153.31515,2.0,1174.895482105088,6.115150000000085,3.884849999999915,0.7740696202531664,0.4917531645569455,2026-08-06 15:10:00+05:30,1166.08275,END_OF_DAY,False,3.0324000000000524,2.3351979000000003,0.6972021000000521,-5.780332105087837,Q2
INFY,ORB_50,2.0,2026-08-07,BUY,2026-08-07 09:30:00+05:30,2026-08-07 09:35:00+05:30,1180.69005,1169.64005,11.049999999999956,1202.7900499999998,2.0,1174.411552593438,2.309950000000072,10.190049999999928,0.2090452488687856,0.9221764705882326,2026-08-07 15:10:00+05:30,1176.0117,END_OF_DAY,False,-4.678349999999909,2.35670175,-7.0350517499999095,6.278497406561883,Q2
INFY,ORB_50,2.0,2026-08-10,BUY,2026-08-10 09:55:00+05:30,2026-08-10 10:00:00+05:30,1189.9947000000002,1185.0947,4.900000000000091,1199.7947000000004,2.0,1181.3319238423285,5.005299999999807,9.294700000000148,1.021489795918309,1.8968775510204032,2026-08-10 10:00:00+05:30,1184.5021526500002,STOP_LOSS,False,-5.492547349999995,2.3744968526500005,-7.867044202649996,8.662776157671715,Q4_FARTHEST
INFY,ORB_50,2.0,2026-08-11,BUY,2026-08-11 09:30:00+05:30,2026-08-11 09:35:00+05:30,1193.7966,1189.0966000000003,4.699999999999818,1203.1965999999998,2.0,1190.3077748233904,0.0,11.796600000000126,0.0,2.5099148936171454,2026-08-11 09:40:00+05:30,1188.5020517000005,STOP_LOSS,False,-5.29454829999986,2.3822986517000007,-7.676846951699861,3.4888251766094527,Q1_CLOSEST
INFY,ORB_50,2.0,2026-08-12,BUY,2026-08-12 09:40:00+05:30,2026-08-12 09:45:00+05:30,1189.69455,1186.69455,3.0,1195.69455,2.0,1186.9739642736454,0.0,26.39454999999998,0.0,8.798183333333327,2026-08-12 09:50:00+05:30,1186.101202725,STOP_LOSS,False,-3.593347275000042,2.375795752725,-5.969143027725043,2.7205857263545568,Q1_CLOSEST
INFY,ORB_50,2.0,2026-08-13,SELL,2026-08-13 10:20:00+05:30,2026-08-13 10:25:00+05:30,1159.32005,1163.72005,4.399999999999864,1150.5200500000003,2.0,1164.213104338928,2.320050000000037,14.779949999999872,0.5272840909091158,3.3590795454546205,2026-08-13 11:20:00+05:30,1164.301910025,STOP_LOSS,False,-4.981860024999833,2.323621960025,-7.305481985024832,-4.893054338927868,Q1_CLOSEST
INFY,ORB_50,2.0,2026-08-13,BUY,2026-08-13 12:20:00+05:30,2026-08-13 12:25:00+05:30,1170.6850499999998,1166.28505,4.399999999999864,1179.4850499999995,2.0,1164.6061812172256,2.814950000000181,6.385049999999865,0.6397613636364246,1.4511477272727415,2026-08-13 14:35:00+05:30,1165.701907475,STOP_LOSS,False,-4.983142524999948,2.336386957475,-7.319529482474948,6.07886878277418,Q2
INFY,ORB_50,2.0,2026-08-14,SELL,2026-08-14 10:50:00+05:30,2026-08-14 10:55:00+05:30,1161.8188,1166.3188,4.5,1152.8188,2.0,1167.3065005096917,2.9187999999999192,10.981199999999944,0.6486222222222042,2.440266666666654,2026-08-14 12:05:00+05:30,1166.9019594,STOP_LOSS,False,-5.083159400000113,2.3287207594000003,-7.411880159400114,-5.487700509691649,Q2
RELIANCE,ORB_50,2.0,2025-08-18,BUY,2025-08-18 09:35:00+05:30,2025-08-18 09:40:00+05:30,1394.79705,1390.59705,4.2000000000000455,1403.19705,2.0,1388.326771262604,0.1029500000001917,17.7970499999999,0.0245119047619501,4.237392857142788,2025-08-18 09:50:00+05:30,1389.901751475,STOP_LOSS,False,-4.895298525000044,2.784698801475,-7.679997326475043,6.470278737395802,Q3
RELIANCE,ORB_50,2.0,2025-08-18,SELL,2025-08-18 11:35:00+05:30,2025-08-18 11:40:00+05:30,1380.20955,1384.40955,4.2000000000000455,1371.80955,2.0,1387.1340719589332,3.209550000000036,6.390449999999873,0.7641785714285716,1.5215357142856676,2025-08-18 13:05:00+05:30,1385.101754775,STOP_LOSS,False,-4.892204774999982,2.7653113047750004,-7.657516079774982,-6.9245219589331555,Q4_FARTHEST
RELIANCE,ORB_50,2.0,2025-08-19,BUY,2025-08-19 09:45:00+05:30,2025-08-19 09:50:00+05:30,1412.60595,1401.60595,11.0,1434.60595,2.0,1406.9315210905208,8.39404999999988,5.505950000000212,0.7630954545454436,0.5005409090909283,2025-08-19 15:25:00+05:30,1420.2895,END_OF_DAY,False,7.683549999999968,2.83289545,4.850654549999968,5.674428909479047,Q3
RELIANCE,ORB_50,2.0,2025-08-20,BUY,2025-08-20 09:40:00+05:30,2025-08-20 09:45:00+05:30,1419.40935,1416.2593500000005,3.149999999999864,1425.70935,2.0,1415.9225636527017,5.49064999999996,9.409350000000131,1.7430634920635548,2.987095238095409,2025-08-20 14:25:00+05:30,1415.5512203250005,STOP_LOSS,False,-3.858129674999873,2.8349605703250003,-6.693090245324873,3.486786347298221,Q1_CLOSEST
RELIANCE,ORB_50,2.0,2025-08-21,BUY,2025-08-21 09:45:00+05:30,2025-08-21 09:50:00+05:30,1429.7145,1425.4145,4.300000000000182,1438.3145000000004,2.0,1426.583300969685,2.1855000000000477,8.714500000000044,0.5082558139534779,2.0266279069766684,2025-08-21 12:00:00+05:30,1424.70179275,STOP_LOSS,False,-5.012707250000176,2.8544162927500003,-7.867123542750177,3.131199030314974,Q1_CLOSEST
RELIANCE,ORB_50,2.0,2025-08-22,SELL,2025-08-22 11:10:00+05:30,2025-08-22 11:15:00+05:30,1413.6928,1417.8928,4.2000000000000455,1405.2928,2.0,1417.4154195345798,5.792799999999943,3.207200000000057,1.3792380952380667,0.763619047619053,2025-08-22 15:25:00+05:30,1410.705,END_OF_DAY,False,2.9878000000001066,2.8243978,0.1634022000001067,-3.722619534579735,Q1_CLOSEST
RELIANCE,ORB_50,2.0,2025-08-25,SELL,2025-08-25 10:00:00+05:30,2025-08-25 10:05:00+05:30,1408.79525,1412.4452499999998,3.649999999999864,1401.4952500000002,2.0,1412.9980072985493,3.095249999999851,10.704750000000104,0.8480136986301278,2.93280821917822,2025-08-25 10:50:00+05:30,1413.1514726249998,STOP_LOSS,False,-4.356222624999873,2.821946722625,-7.178169347624873,-4.202757298549386,Q2
RELIANCE,ORB_50,2.0,2025-08-26,SELL,2025-08-26 09:45:00+05:30,2025-08-26 09:50:00+05:30,1400.6993,1403.6993,3.0,1394.6993,2.0,1405.388554930091,19.099300000000085,3.200700000000097,6.366433333333362,1.0669000000000324,2025-08-26 10:10:00+05:30,1404.40114965,STOP_LOSS,False,-3.7018496499999856,2.80510044965,-6.506950099649986,-4.6892549300910105,Q2
RELIANCE,ORB_50,2.0,2025-08-28,BUY,2025-08-28 15:20:00+05:30,2025-08-28 15:25:00+05:30,1391.0952000000002,1380.1452000000002,10.950000000000044,1412.9952000000003,2.0,1380.617659166497,1.104799999999841,1.9952000000002956,0.1008949771689348,0.1822100456621266,2025-08-28 15:25:00+05:30,1390.2045500000002,END_OF_DAY,False,-0.8906500000000506,2.78129975,-3.67194975000005,10.477540833503099,Q4_FARTHEST
RELIANCE,ORB_50,2.0,2025-08-29,SELL,2025-08-29 14:25:00+05:30,2025-08-29 14:30:00+05:30,1367.5159,1375.2659,7.75,1352.0159,2.0,1385.442293875681,17.5159000000001,4.4840999999998985,2.260116129032271,0.5785935483870837,2025-08-29 14:40:00+05:30,1352.69190795,TARGET,False,14.823992050000015,2.72020780795,12.103784242050017,-17.926393875680787,Q4_FARTHEST
RELIANCE,ORB_50,2.0,2025-09-01,BUY,2025-09-01 12:30:00+05:30,2025-09-01 12:35:00+05:30,1358.37885,1350.17885,8.200000000000045,1374.77885,2.0,1351.8608386869298,4.821149999999989,5.878850000000057,0.5879451219512148,0.7169329268292712,2025-09-01 15:25:00+05:30,1354.3225,END_OF_DAY,False,-4.056350000000066,2.71270135,-6.7690513500000655,6.518011313070247,Q3
RELIANCE,ORB_50,2.0,2025-09-02,BUY,2025-09-02 09:35:00+05:30,2025-09-02 09:40:00+05:30,1380.0897,1368.0397,12.049999999999956,1404.1897,2.0,1372.3635987507807,4.410300000000007,16.589699999999993,0.3660000000000019,1.3767385892116228,2025-09-02 13:55:00+05:30,1367.35568015,STOP_LOSS,False,-12.734019849999868,2.7474453801500003,-15.481465230149867,7.726101249219255,Q4_FARTHEST
RELIANCE,ORB_50,2.0,2025-09-03,BUY,2025-09-03 12:10:00+05:30,2025-09-03 12:15:00+05:30,1373.8866,1367.8866,6.0,1385.8866,2.0,1367.234282870423,2.613399999999956,7.786600000000135,0.4355666666666593,1.2977666666666892,2025-09-03 12:55:00+05:30,1367.2026567,STOP_LOSS,False,-6.68394330000001,2.7410892567,-9.42503255670001,6.6523171295771135,Q3
RELIANCE,ORB_50,2.0,2025-09-04,SELL,2025-09-04 10:40:00+05:30,2025-09-04 10:45:00+05:30,1360.9191999999998,1366.6192,5.7000000000000455,1349.5191999999995,2.0,1366.2756448572195,3.81919999999991,6.18080000000009,0.6700350877192771,1.0843508771929895,2025-09-04 11:50:00+05:30,1367.3025096,STOP_LOSS,False,-6.383309600000075,2.7282217096,-9.111531309600077,-5.356444857219685,Q3
RELIANCE,ORB_50,2.0,2025-09-05,SELL,2025-09-05 10:50:00+05:30,2025-09-05 10:55:00+05:30,1359.61985,1364.01985,4.400000000000091,1350.81985,2.0,1366.6766580242902,0.0,21.38014999999996,0.0,4.85912499999989,2025-09-05 11:10:00+05:30,1364.7018599250002,STOP_LOSS,False,-5.082009925000193,2.724321709925001,-7.806331634925193,-7.056808024290149,Q4_FARTHEST
RELIANCE,ORB_50,2.0,2025-09-05,BUY,2025-09-05 14:40:00+05:30,2025-09-05 14:45:00+05:30,1373.2863,1368.8863,4.399999999999864,1382.0862999999997,2.0,1369.336871703659,3.113700000000108,0.6863000000000739,0.7076590909091374,0.1559772727272943,2025-09-05 15:25:00+05:30,1375.312,END_OF_DAY,False,2.0256999999999152,2.7485983,-0.7228983000000846,3.9494282963410114,Q1_CLOSEST
RELIANCE,ORB_50,2.0,2025-09-08,BUY,2025-09-08 12:45:00+05:30,2025-09-08 12:50:00+05:30,1382.59095,1378.59095,4.0,1390.59095,2.0,1377.0593870168163,3.4090499999999797,6.090950000000021,0.8522624999999948,1.5227375000000052,2025-09-08 14:45:00+05:30,1377.901654525,STOP_LOSS,False,-4.689295475000108,2.760492604525,-7.449788079525108,5.531562983183676,Q3
RELIANCE,ORB_50,2.0,2025-09-09,SELL,2025-09-09 10:05:00+05:30,2025-09-09 10:10:00+05:30,1374.9122,1377.6622,2.75,1369.4122,2.0,1377.2309535380114,6.212199999999939,4.087800000000016,2.258981818181796,1.486472727272733,2025-09-09 12:05:00+05:30,1370.0969061,TARGET,False,4.815293899999915,2.7450091061000004,2.0702847938999147,-2.3187535380113786,Q1_CLOSEST
RELIANCE,ORB_50,2.0,2025-09-10,BUY,2025-09-10 09:40:00+05:30,2025-09-10 09:45:00+05:30,1388.19375,1384.99375,3.200000000000045,1394.59375,2.0,1382.8021588010354,0.3062500000000909,14.09375,0.095703125000027,4.404296874999938,2025-09-10 09:45:00+05:30,1384.301253125,STOP_LOSS,False,-3.892496875000006,2.772495003125,-6.664991878125006,5.391591198964534,Q3
RELIANCE,ORB_50,2.0,2025-09-11,BUY,2025-09-11 10:35:00+05:30,2025-09-11 10:40:00+05:30,1384.39185,1380.39185,4.0,1392.39185,2.0,1381.080626425384,1.1081500000000233,5.491849999999886,0.2770375000000058,1.3729624999999714,2025-09-11 14:10:00+05:30,1379.701654075,STOP_LOSS,False,-4.690195924999898,2.7640935040750003,-7.454289429074898,3.3112235746159513,Q1_CLOSEST
RELIANCE,ORB_50,2.0,2025-09-12,BUY,2025-09-12 09:40:00+05:30,2025-09-12 09:45:00+05:30,1391.7955499999998,1387.94555,3.849999999999909,1399.4955499999996,2.0,1387.5298259095375,4.5044500000001335,2.4955499999998665,1.1699870129870753,0.6481948051947858,2025-09-12 15:25:00+05:30,1394.3025,END_OF_DAY,False,2.506950000000188,2.78609805,-0.2791480499998116,4.2657240904622995,Q2
RELIANCE,ORB_50,2.0,2025-09-15,SELL,2025-09-15 09:35:00+05:30,2025-09-15 09:40:00+05:30,1390.80425,1393.20425,2.400000000000091,1386.0042499999995,2.0,1393.9834695825198,2.204250000000002,9.995750000000044,0.918437499999966,4.164895833333194,2025-09-15 09:45:00+05:30,1393.900852125,STOP_LOSS,False,-3.0966021250001177,2.784705102125,-5.881307227125117,-3.1792195825198633,Q1_CLOSEST
RELIANCE,ORB_50,2.0,2025-09-15,BUY,2025-09-15 13:55:00+05:30,2025-09-15 14:00:00+05:30,1397.6985,1395.2985,2.400000000000091,1402.4985,2.0,1394.5832466061022,3.1014999999999877,3.598500000000058,1.2922916666666124,1.4993749999999677,2025-09-15 14:20:00+05:30,1394.6008507499998,STOP_LOSS,False,-3.097649250000132,2.79229935075,-5.889948600750131,3.115253393897774,Q1_CLOSEST
RELIANCE,ORB_50,2.0,2025-09-16,BUY,2025-09-16 10:35:00+05:30,2025-09-16 10:40:00+05:30,1407.20325,1404.25325,2.950000000000045,1413.10325,2.0,1404.2259061717466,0.7967499999999745,9.00324999999998,0.2700847457626991,3.0519491525423192,2025-09-16 10:50:00+05:30,1403.551123375,STOP_LOSS,False,-3.652126624999937,2.810754373375,-6.462880998374937,2.9773438282534244,Q1_CLOSEST
RELIANCE,ORB_50,2.0,2025-09-16,SELL,2025-09-16 13:30:00+05:30,2025-09-16 13:35:00+05:30,1398.5004,1401.4504000000002,2.950000000000045,1392.6004,2.0,1403.9751000659196,0.3004000000000815,8.399599999999964,0.1018305084746023,2.847322033898249,2025-09-16 14:20:00+05:30,1402.1511252000005,STOP_LOSS,False,-3.650725200000125,2.8006515252000006,-6.4513767252001255,-5.474700065919706,Q3
RELIANCE,ORB_50,2.0,2025-09-17,BUY,2025-09-17 11:50:00+05:30,2025-09-17 11:55:00+05:30,1413.40635,1410.60635,2.7999999999999545,1419.00635,2.0,1410.6300320433616,2.7936500000000706,4.10635000000002,0.9977321428571844,1.4665535714286024,2025-09-17 12:30:00+05:30,1409.901046825,STOP_LOSS,False,-3.505303174999881,2.823307396825,-6.328610571824881,2.7763179566384224,Q1_CLOSEST
RELIANCE,ORB_50,2.0,2025-09-18,SELL,2025-09-18 11:20:00+05:30,2025-09-18 11:25:00+05:30,1414.3924499999998,1417.84245,3.450000000000045,1407.4924499999995,2.0,1417.6671886994402,3.6924499999997806,2.607550000000174,1.0702753623187629,0.755811594202939,2025-09-18 15:25:00+05:30,1415.7075,END_OF_DAY,False,-1.3150500000001557,2.83009995,-4.145149950000155,-3.274738699440377,Q1_CLOSEST
RELIANCE,ORB_50,2.0,2025-09-19,SELL,2025-09-19 09:35:00+05:30,2025-09-19 09:40:00+05:30,1407.19605,1411.64605,4.4500000000000455,1398.29605,2.0,1410.3991500588472,3.5960500000001048,7.303949999999986,0.8081011235955209,1.6413370786516654,2025-09-19 12:50:00+05:30,1412.351873025,STOP_LOSS,False,-5.155823025000018,2.8195479230250005,-7.975370948025018,-3.2031000588472125,Q1_CLOSEST
RELIANCE,ORB_50,2.0,2025-09-22,BUY,2025-09-22 09:45:00+05:30,2025-09-22 09:50:00+05:30,1409.5044,1405.7544,3.75,1417.0044,2.0,1406.3548442159044,1.195600000000013,21.504400000000032,0.3188266666666701,5.734506666666675,2025-09-22 10:55:00+05:30,1405.0515228,STOP_LOSS,False,-4.452877200000103,2.8145559228000003,-7.267433122800103,3.1495557840955826,Q1_CLOSEST
RELIANCE,ORB_50,2.0,2025-09-23,SELL,2025-09-23 09:40:00+05:30,2025-09-23 09:45:00+05:30,1384.9072,1387.9072,3.0,1378.9072,2.0,1388.6827166560229,8.10719999999992,10.092800000000125,2.7023999999999737,3.3642666666667083,2025-09-23 11:40:00+05:30,1379.5966536,TARGET,False,5.310546400000021,2.7645038536,2.546042546400021,-3.7755166560227735,Q1_CLOSEST
RELIANCE,ORB_50,2.0,2025-09-23,BUY,2025-09-23 14:20:00+05:30,2025-09-23 14:25:00+05:30,1393.99665,1390.99665,3.0,1399.99665,2.0,1385.5215217925552,0.1033499999998639,5.496650000000045,0.0344499999999546,1.8322166666666817,2025-09-23 14:35:00+05:30,1390.301151675,STOP_LOSS,False,-3.695498325000017,2.784297801675,-6.4797961266750175,8.475128207444868,Q4_FARTHEST
RELIANCE,ORB_50,2.0,2025-09-24,BUY,2025-09-24 11:25:00+05:30,2025-09-24 11:30:00+05:30,1390.5949500000002,1387.3949500000003,3.199999999999818,1396.9949499999998,2.0,1386.517882779905,5.405049999999847,10.194950000000064,1.689078125000048,3.1859218750002007,2025-09-24 14:20:00+05:30,1386.7012525250004,STOP_LOSS,False,-3.893697474999726,2.777296202525001,-6.670993677524727,4.077067220095159,Q2
RELIANCE,ORB_50,2.0,2025-09-25,SELL,2025-09-25 12:00:00+05:30,2025-09-25 12:05:00+05:30,1373.313,1378.413,5.099999999999909,1363.1130000000005,2.0,1377.7317666264132,4.313000000000102,5.986999999999853,0.845686274509839,1.1739215686274431,2025-09-25 12:25:00+05:30,1379.1022065,STOP_LOSS,False,-5.789206499999864,2.7524152065,-8.541621706499864,-4.418766626413117,Q2
RELIANCE,ORB_50,2.0,2025-09-26,SELL,2025-09-26 09:30:00+05:30,2025-09-26 09:35:00+05:30,1365.7168,1368.1668,2.449999999999818,1360.8168000000005,2.0,1369.184303164985,0.0,16.983199999999897,0.0,6.931918367347412,2025-09-26 09:35:00+05:30,1368.8508834,STOP_LOSS,False,-3.134083399999781,2.7345676834000003,-5.868651083399781,-3.467503164985146,Q1_CLOSEST
RELIANCE,ORB_50,2.0,2025-09-26,BUY,2025-09-26 14:10:00+05:30,2025-09-26 14:15:00+05:30,1377.4884,1375.0384,2.450000000000045,1382.3884,2.0,1376.1631228818187,2.611599999999953,3.6884000000000015,1.0659591836734303,1.5054693877550749,2025-09-26 14:15:00+05:30,1374.3508808,STOP_LOSS,False,-3.1375192000000425,2.7518392808,-5.889358480800043,1.3252771181812477,Q1_CLOSEST
RELIANCE,ORB_50,2.0,2025-09-29,BUY,2025-09-29 09:35:00+05:30,2025-09-29 09:40:00+05:30,1385.59245,1382.7424500000002,2.849999999999909,1391.29245,2.0,1383.4802043817483,3.407549999999901,17.5924500000001,1.195631578947372,6.172789473684443,2025-09-29 10:25:00+05:30,1382.0510787750002,STOP_LOSS,False,-3.5413712249999207,2.7676435287750003,-6.309014753774921,2.112245618251791,Q1_CLOSEST
RELIANCE,ORB_50,2.0,2025-09-29,SELL,2025-09-29 12:35:00+05:30,2025-09-29 12:40:00+05:30,1373.61285,1376.46285,2.849999999999909,1367.9128500000002,2.0,1381.016011826817,5.61284999999998,3.9871499999999287,1.969421052631635,1.3990000000000196,2025-09-29 13:35:00+05:30,1377.1510814249998,STOP_LOSS,False,-3.5382314249998217,2.750763931425,-6.288995356424822,-7.4031618268170405,Q4_FARTHEST
RELIANCE,ORB_50,2.0,2025-09-30,SELL,2025-09-30 10:30:00+05:30,2025-09-30 10:35:00+05:30,1365.4169499999998,1370.4669499999998,5.0499999999999545,1355.31695,2.0,1369.0123770100672,2.6169499999998607,3.8830500000001393,0.5182079207920562,0.7689207920792425,2025-09-30 15:25:00+05:30,1365.18225,END_OF_DAY,False,0.2346999999997479,2.7305992,-2.495899200000252,-3.5954270100673966,Q1_CLOSEST
RELIANCE,ORB_50,2.0,2025-10-01,BUY,2025-10-01 09:30:00+05:30,2025-10-01 09:35:00+05:30,1377.8886,1373.4886,4.400000000000091,1386.6886000000002,2.0,1373.009657259602,0.1114000000000032,15.188599999999951,0.025318181818182,3.451954545454463,2025-10-01 10:00:00+05:30,1372.8018556999998,STOP_LOSS,False,-5.086744300000191,2.7506904557,-7.837434755700191,4.878942740398088,Q2
RELIANCE,ORB_50,2.0,2025-10-01,SELL,2025-10-01 13:15:00+05:30,2025-10-01 13:20:00+05:30,1365.01715,1369.4171500000002,4.400000000000091,1356.21715,2.0,1372.196923242372,2.3171500000000838,5.982849999999871,0.526625000000008,1.359738636363579,2025-10-01 15:05:00+05:30,1370.1018585750005,STOP_LOSS,False,-5.08470857500015,2.7351190085750003,-7.81982758357515,-7.1797732423719935,Q4_FARTHEST
RELIANCE,ORB_50,2.0,2025-10-03,SELL,2025-10-03 09:45:00+05:30,2025-10-03 09:50:00+05:30,1361.1191,1365.3691,4.25,1352.6191,2.0,1365.153588318463,4.219099999999799,3.880900000000111,0.9927294117646585,0.9131529411764966,2025-10-03 15:25:00+05:30,1364.0817000000002,END_OF_DAY,False,-2.962600000000293,2.7252008,-5.687800800000293,-4.034488318463218,Q2
RELIANCE,ORB_50,2.0,2025-10-06,BUY,2025-10-06 10:35:00+05:30,2025-10-06 10:40:00+05:30,1367.0832,1363.6332,3.450000000000045,1373.9832,2.0,1363.2623228087812,10.316800000000056,3.383199999999988,2.99037681159418,0.980637681159404,2025-10-06 13:20:00+05:30,1373.2962084,TARGET,False,6.213008400000035,2.7403794084,3.4726289916000352,3.8208771912188695,Q1_CLOSEST
RELIANCE,ORB_50,2.0,2025-10-07,BUY,2025-10-07 09:40:00+05:30,2025-10-07 09:45:00+05:30,1384.59195,1380.69195,3.900000000000091,1392.3919500000002,2.0,1381.3978155000802,11.308050000000094,4.591949999999997,2.8994999999999567,1.1774230769230487,2025-10-07 11:20:00+05:30,1380.001604025,STOP_LOSS,False,-4.590345974999991,2.764593554025,-7.354939529024991,3.1941344999197554,Q1_CLOSEST
RELIANCE,ORB_50,2.0,2025-10-08,BUY,2025-10-08 09:30:00+05:30,2025-10-08 09:35:00+05:30,1388.0937,1384.0437000000002,4.0499999999999545,1396.1937,2.0,1384.19755708772,0.9062999999998738,23.593700000000126,0.2237777777777491,5.825604938271701,2025-10-08 09:45:00+05:30,1383.3516781500002,STOP_LOSS,False,-4.742021849999901,2.7714453781500006,-7.513467228149901,3.8961429122798563,Q1_CLOSEST
RELIANCE,ORB_50,2.0,2025-10-08,SELL,2025-10-08 10:40:00+05:30,2025-10-08 10:45:00+05:30,1377.01115,1381.06115,4.0499999999999545,1368.91115,2.0,1382.2740214717485,12.511150000000043,0.6888500000000022,3.0891728395062183,0.1700864197530888,2025-10-08 11:15:00+05:30,1369.595605575,TARGET,False,7.415544425000007,2.746606755575,4.668937669425008,-5.26287147174844,Q3
RELIANCE,ORB_50,2.0,2025-10-09,BUY,2025-10-09 11:10:00+05:30,2025-10-09 11:15:00+05:30,1380.18975,1375.08975,5.099999999999909,1390.3897499999998,2.0,1375.6823488820298,0.0,9.589750000000096,0.0,1.880343137254954,2025-10-09 12:30:00+05:30,1374.402205125,STOP_LOSS,False,-5.787544874999867,2.754591955125,-8.542136830124868,4.507401117970176,Q2
RELIANCE,ORB_50,2.0,2025-10-10,BUY,2025-10-10 09:40:00+05:30,2025-10-10 09:45:00+05:30,1385.59245,1381.19245,4.400000000000091,1394.3924500000005,2.0,1382.2559226551086,2.407549999999901,5.592450000000099,0.5471704545454208,1.2710113636363598,2025-10-10 09:55:00+05:30,1380.501853775,STOP_LOSS,False,-5.090596225000127,2.7660943037750005,-7.856690528775127,3.336527344891465,Q1_CLOSEST
RELIANCE,ORB_50,2.0,2025-10-13,SELL,2025-10-13 10:40:00+05:30,2025-10-13 10:45:00+05:30,1369.7148000000002,1372.9148000000002,3.200000000000045,1363.3148,2.0,1372.3555842156184,1.9148000000002408,7.98519999999985,0.5983750000000668,2.495374999999917,2025-10-13 12:40:00+05:30,1373.6012574000003,STOP_LOSS,False,-3.886457400000154,2.7433160574000004,-6.629773457400154,-2.6407842156181687,Q1_CLOSEST
RELIANCE,ORB_50,2.0,2025-10-14,SELL,2025-10-14 09:55:00+05:30,2025-10-14 10:00:00+05:30,1377.5109,1382.3109,4.7999999999999545,1367.9109,2.0,1382.5246763508958,7.410900000000083,4.889100000000099,1.543937500000032,1.0185625000000302,2025-10-14 10:45:00+05:30,1383.00205545,STOP_LOSS,False,-5.491155449999951,2.76051295545,-8.251668405449951,-5.013776350895796,Q2
RELIANCE,ORB_50,2.0,2025-10-15,SELL,2025-10-15 09:40:00+05:30,2025-10-15 09:45:00+05:30,1376.7113000000002,1379.7113000000002,3.0,1370.7113000000002,2.0,1379.6960103795789,4.011300000000119,5.188699999999926,1.3371000000000397,1.729566666666642,2025-10-15 11:00:00+05:30,1380.4011556500002,STOP_LOSS,False,-3.689855650000027,2.7571124556500006,-6.446968105650027,-2.9847103795787007,Q1_CLOSEST
RELIANCE,ORB_50,2.0,2025-10-16,BUY,2025-10-16 12:10:00+05:30,2025-10-16 12:15:00+05:30,1384.0917000000002,1380.6417,3.450000000000045,1390.9917000000005,2.0,1379.5126270948526,16.408299999999826,3.891700000000128,4.756028985507133,1.1280289855072687,2025-10-16 13:15:00+05:30,1379.95137915,STOP_LOSS,False,-4.14032085000008,2.7640430791500004,-6.9043639291500805,4.579072905147541,Q2
RELIANCE,ORB_50,2.0,2025-10-17,BUY,2025-10-17 10:30:00+05:30,2025-10-17 10:35:00+05:30,1413.9066,1408.3066,5.600000000000136,1425.1066000000003,2.0,1406.1078139253143,9.393399999999929,3.906600000000026,1.6773928571428036,0.6976071428571304,2025-10-17 15:25:00+05:30,1419.1900500000002,END_OF_DAY,False,5.28345000000013,2.8330966500000003,2.450353350000129,7.798786074685722,Q4_FARTHEST
RELIANCE,ORB_50,2.0,2025-10-20,BUY,2025-10-20 10:00:00+05:30,2025-10-20 10:05:00+05:30,1465.03215,1451.38215,13.650000000000093,1492.3321500000002,2.0,1454.4287450299707,8.767849999999953,5.832149999999956,0.6423333333333257,0.4272637362637302,2025-10-20 15:25:00+05:30,1467.266,END_OF_DAY,False,2.233850000000075,2.9322981500000003,-0.6984481499999253,10.60340497002926,Q4_FARTHEST
RELIANCE,ORB_50,2.0,2025-10-23,BUY,2025-10-23 09:30:00+05:30,2025-10-23 09:35:00+05:30,1480.3398,1476.0898,4.25,1488.8398,2.0,1475.8841353460707,0.0,35.73980000000006,0.0,8.409364705882368,2025-10-23 09:35:00+05:30,1475.3517551,STOP_LOSS,False,-4.988044899999977,2.9556915551,-7.943736455099977,4.4556646539292615,Q2
RELIANCE,ORB_50,2.0,2025-10-23,SELL,2025-10-23 12:55:00+05:30,2025-10-23 13:00:00+05:30,1468.36545,1472.61545,4.25,1459.86545,2.0,1469.357505538155,23.7654500000001,3.534550000000081,5.5918705882353175,0.8316588235294309,2025-10-23 14:15:00+05:30,1460.595382725,TARGET,False,7.770067274999974,2.928960832725,4.841106442274974,-0.9920555381550002,Q1_CLOSEST
RELIANCE,ORB_50,2.0,2025-10-24,BUY,2025-10-24 11:35:00+05:30,2025-10-24 11:40:00+05:30,1452.5259,1447.9258999999995,4.600000000000136,1461.7259,2.0,1447.350596782699,7.2741000000000895,5.025899999999865,1.5813260869564942,1.0925869565216777,2025-10-24 13:50:00+05:30,1447.2019370499995,STOP_LOSS,False,-5.323962950000123,2.89972783705,-8.223690787050122,5.175303217301007,Q2
RELIANCE,ORB_50,2.0,2025-10-27,BUY,2025-10-27 09:30:00+05:30,2025-10-27 09:35:00+05:30,1473.1362,1467.8362000000002,5.2999999999999545,1483.7362,2.0,1468.319640259268,11.863799999999856,0.936200000000099,2.2384528301886712,0.1766415094339824,2025-10-27 11:55:00+05:30,1482.9943319,TARGET,False,9.85813189999999,2.9561305319000004,6.902001368099989,4.816559740731918,Q2
RELIANCE,ORB_50,2.0,2025-10-28,BUY,2025-10-28 09:40:00+05:30,2025-10-28 09:45:00+05:30,1491.3453,1487.4453,3.900000000000091,1499.1453,2.0,1486.173236155978,0.654700000000048,13.745300000000045,0.1678717948718032,3.524435897435826,2025-10-28 09:50:00+05:30,1486.7015773499998,STOP_LOSS,False,-4.6437226500002,2.97804687735,-7.621769527350199,5.172063844021977,Q2
RELIANCE,ORB_50,2.0,2025-10-28,SELL,2025-10-28 10:50:00+05:30,2025-10-28 10:55:00+05:30,1479.1600500000002,1483.06005,3.899999999999864,1471.3600500000005,2.0,1484.9530040897046,1.560050000000274,10.839949999999815,0.4000128205129047,2.7794743589744093,2025-10-28 11:15:00+05:30,1483.801580025,STOP_LOSS,False,-4.641530024999838,2.962961630025,-7.604491655024838,-5.792954089704381,Q3
RELIANCE,ORB_50,2.0,2025-10-28,SELL,2025-10-28 14:30:00+05:30,2025-10-28 14:35:00+05:30,1479.26,1483.16,3.899999999999864,1471.4600000000005,2.0,1484.657193850575,1.4600000000000364,10.740000000000007,0.3743589743589968,2.7538461538462524,2025-10-28 14:45:00+05:30,1483.90158,STOP_LOSS,False,-4.641579999999976,2.96316158,-7.604741579999976,-5.397193850574922,Q3
RELIANCE,ORB_50,2.0,2025-10-29,BUY,2025-10-29 10:05:00+05:30,2025-10-29 10:10:00+05:30,1501.65045,1495.40045,6.25,1514.15045,2.0,1498.3670527396223,6.649549999999863,2.7504500000000007,1.063927999999978,0.4400720000000001,2025-10-29 15:25:00+05:30,1503.248,END_OF_DAY,False,1.5975499999999556,3.00489845,-1.4073484500000446,3.2833972603777966,Q1_CLOSEST
RELIANCE,ORB_50,2.0,2025-10-30,SELL,2025-10-30 09:40:00+05:30,2025-10-30 09:45:00+05:30,1493.0531,1496.7030999999995,3.649999999999864,1485.7531,2.0,1495.1731739267348,9.053099999999858,10.04690000000005,2.480301369863068,2.75257534246587,2025-10-30 11:05:00+05:30,1497.4514515499998,STOP_LOSS,False,-4.398351549999916,2.9905045515499995,-7.388856101549916,-2.120073926734676,Q1_CLOSEST
RELIANCE,ORB_50,2.0,2025-10-30,SELL,2025-10-30 13:05:00+05:30,2025-10-30 13:10:00+05:30,1492.6533000000002,1496.3033,3.649999999999864,1485.3533000000004,2.0,1495.9285753282954,8.653300000000172,2.946699999999737,2.370767123287807,0.8073150684931087,2025-10-30 14:50:00+05:30,1486.0959766500005,TARGET,False,6.557323349999706,2.9787492766500008,3.578574073349705,-3.2752753282952654,Q1_CLOSEST
RELIANCE,ORB_50,2.0,2025-10-31,SELL,2025-10-31 10:00:00+05:30,2025-10-31 10:05:00+05:30,1485.55685,1490.25685,4.7000000000000455,1476.1568499999998,2.0,1491.4855188362064,3.256849999999986,7.243150000000014,0.6929468085106286,1.541095744680839,2025-10-31 12:05:00+05:30,1491.001978425,STOP_LOSS,False,-5.445128425000121,2.976558828425,-8.421687253425121,-5.928668836206498,Q3
RELIANCE,ORB_50,2.0,2025-11-03,SELL,2025-11-03 09:30:00+05:30,2025-11-03 09:35:00+05:30,1479.55985,1482.8598499999998,3.2999999999999545,1472.95985,2.0,1483.9466260857362,0.2598499999999148,15.44015000000013,0.0787424242423995,4.678833333333437,2025-11-03 09:35:00+05:30,1483.6012799249995,STOP_LOSS,False,-4.041429924999875,2.963161129925,-7.004591054924875,-4.386776085736074,Q2
RELIANCE,ORB_50,2.0,2025-11-03,BUY,2025-11-03 09:55:00+05:30,2025-11-03 10:00:00+05:30,1491.84555,1488.5455499999998,3.300000000000182,1498.4455500000004,2.0,1486.3472376350664,3.154449999999997,8.545550000000048,0.9558939393938858,2.589560606060478,2025-11-03 10:00:00+05:30,1487.801277225,STOP_LOSS,False,-4.044272775000081,2.979646827225,-7.023919602225082,5.498312364933554,Q3
RELIANCE,ORB_50,2.0,2025-11-04,SELL,2025-11-04 13:10:00+05:30,2025-11-04 13:15:00+05:30,1479.8597,1485.6597,5.7999999999999545,1468.2597,2.0,1486.7224469845337,9.759700000000066,3.740299999999934,1.6827068965517489,0.6448793103448213,2025-11-04 15:25:00+05:30,1471.83555,END_OF_DAY,False,8.024149999999963,2.95169525,5.072454749999963,-6.862746984533715,Q4_FARTHEST
RELIANCE,ORB_50,2.0,2025-11-06,BUY,2025-11-06 09:35:00+05:30,2025-11-06 09:40:00+05:30,1499.24925,1489.0992500000002,10.149999999999864,1519.5492499999998,2.0,1492.6960656274996,2.3507499999998345,12.94925000000012,0.2316009852216616,1.2757881773399304,2025-11-06 13:05:00+05:30,1488.3547003750002,STOP_LOSS,False,-10.894549624999854,2.9876039503750005,-13.882153575374854,6.553184372500482,Q3
RELIANCE,ORB_50,2.0,2025-11-07,BUY,2025-11-07 09:45:00+05:30,2025-11-07 09:50:00+05:30,1498.24875,1494.24875,4.0,1506.24875,2.0,1492.56263323981,0.0,22.34874999999988,0.0,5.58718749999997,2025-11-07 09:50:00+05:30,1493.501625625,STOP_LOSS,False,-4.747124375000112,2.991750375625,-7.738874750625111,5.6861167601898615,Q3
RELIANCE,ORB_50,2.0,2025-11-07,SELL,2025-11-07 12:20:00+05:30,2025-11-07 12:25:00+05:30,1486.2565,1490.2565,4.0,1478.2565,2.0,1492.4305117636543,10.356499999999867,1.143500000000131,2.5891249999999677,0.2858750000000327,2025-11-07 14:05:00+05:30,1478.99562825,TARGET,False,7.260871749999978,2.9652521282500004,4.295619621749978,-6.174011763654335,Q3
RELIANCE,ORB_50,2.0,2025-11-10,BUY,2025-11-10 09:30:00+05:30,2025-11-10 09:35:00+05:30,1493.84655,1485.29655,8.549999999999955,1510.94655,2.0,1489.0558022301564,7.153450000000021,6.046550000000025,0.8366608187134572,0.7071988304093634,2025-11-10 15:25:00+05:30,1488.95515,END_OF_DAY,False,-4.891399999999976,2.9828017,-7.874201699999975,4.79074776984362,Q2
RELIANCE,ORB_50,2.0,2025-11-11,SELL,2025-11-11 09:30:00+05:30,2025-11-11 09:35:00+05:30,1487.4559000000002,1492.8059000000003,5.350000000000136,1476.7559,2.0,1491.4484641219403,7.255900000000111,8.444099999999935,1.3562429906541915,1.5783364485980784,2025-11-11 13:45:00+05:30,1493.5523029500002,STOP_LOSS,False,-6.096402950000083,2.9810082029500005,-9.077411152950084,-3.992564121940177,Q2
RELIANCE,ORB_50,2.0,2025-11-12,BUY,2025-11-12 11:15:00+05:30,2025-11-12 11:20:00+05:30,1515.9576,1509.2076,6.75,1529.4576,2.0,1509.2274943464115,8.742400000000089,7.357600000000048,1.2951703703703836,1.090014814814822,2025-11-12 15:20:00+05:30,1508.4529962,STOP_LOSS,False,-7.504603800000041,3.0244105962,-10.52901439620004,6.730105653588453,Q3
RELIANCE,ORB_50,2.0,2025-11-13,BUY,2025-11-13 11:00:00+05:30,2025-11-13 11:05:00+05:30,1517.45835,1512.85835,4.600000000000136,1526.6583500000004,2.0,1511.6772901257114,4.6416499999998,9.45835000000011,1.0090543478260134,2.056163043478224,2025-11-13 14:05:00+05:30,1512.101920825,STOP_LOSS,False,-5.35642917500013,3.029560270825,-8.38598944582513,5.781059874288758,Q3
RELIANCE,ORB_50,2.0,2025-11-14,BUY,2025-11-14 09:30:00+05:30,2025-11-14 09:35:00+05:30,1515.7575,1511.7575,4.0,1523.7575,2.0,1511.619011965217,5.142500000000155,4.757499999999936,1.2856250000000389,1.189374999999984,2025-11-14 13:50:00+05:30,1511.00162125,STOP_LOSS,False,-4.755878749999965,3.02675912125,-7.782637871249966,4.138488034782995,Q2
RELIANCE,ORB_50,2.0,2025-11-17,SELL,2025-11-17 11:20:00+05:30,2025-11-17 11:25:00+05:30,1514.2425,1517.6925,3.450000000000045,1507.3425,2.0,1519.0544492440995,2.742500000000064,5.457499999999982,0.794927536231892,1.5818840579709883,2025-11-17 14:30:00+05:30,1518.45134625,STOP_LOSS,False,-4.208846250000079,3.0326938462500004,-7.241540096250079,-4.811949244099424,Q2
RELIANCE,ORB_50,2.0,2025-11-18,BUY,2025-11-18 13:05:00+05:30,2025-11-18 13:10:00+05:30,1523.3612999999998,1517.7612999999997,5.600000000000136,1534.5613,2.0,1517.422504016906,4.4387000000001535,7.6612999999997555,0.7926250000000081,1.3680892857142086,2025-11-18 15:10:00+05:30,1517.0024193499996,STOP_LOSS,False,-6.358880650000174,3.0403637193499997,-9.399244369350171,5.938795983093769,Q3
RELIANCE,ORB_50,2.0,2025-11-19,BUY,2025-11-19 10:10:00+05:30,2025-11-19 10:15:00+05:30,1520.9601,1518.6601,2.2999999999999545,1525.5601,2.0,1517.300761180363,1.3398999999999432,8.960100000000011,0.5825652173912912,3.895695652173995,2025-11-19 10:25:00+05:30,1517.90076995,STOP_LOSS,False,-3.0593300499999714,3.03886086995,-6.098190919949971,3.6593388196370142,Q1_CLOSEST
RELIANCE,ORB_50,2.0,2025-11-19,BUY,2025-11-19 12:30:00+05:30,2025-11-19 12:35:00+05:30,1521.26025,1518.96025,2.2999999999999545,1525.86025,2.0,1517.0431976580087,1.039749999999913,4.660250000000133,0.4520652173912753,2.0261956521740108,2025-11-19 12:35:00+05:30,1518.200769875,STOP_LOSS,False,-3.0594801249999364,3.039461019875,-6.098941144874937,4.217052341991348,Q2
RELIANCE,ORB_50,2.0,2025-11-20,BUY,2025-11-20 09:30:00+05:30,2025-11-20 09:35:00+05:30,1538.66895,1533.51895,5.149999999999864,1548.9689499999995,2.0,1533.6988932592806,12.231050000000096,9.96894999999995,2.3749611650486253,1.9357184466019832,2025-11-20 09:40:00+05:30,1532.752190525,STOP_LOSS,False,-5.916759474999935,3.071421140525,-8.988180615524936,4.9700567407194285,Q2
RELIANCE,ORB_50,2.0,2025-11-24,SELL,2025-11-24 10:40:00+05:30,2025-11-24 10:45:00+05:30,1539.52985,1544.3798499999998,4.849999999999909,1529.82985,2.0,1543.3335623095356,7.729849999999942,4.870150000000194,1.5937835051546572,1.0041546391753169,2025-11-24 15:00:00+05:30,1545.1520399249998,STOP_LOSS,False,-5.62218992499993,3.084681889925,-8.706871814924929,-3.80371230953574,Q1_CLOSEST
RELIANCE,ORB_50,2.0,2025-11-25,BUY,2025-11-25 09:30:00+05:30,2025-11-25 09:35:00+05:30,1555.9776,1541.5775999999998,14.400000000000093,1584.7776,2.0,1545.2723450492622,3.6223999999999705,18.577599999999848,0.2515555555555519,1.2901111111110923,2025-11-25 15:00:00+05:30,1540.8068112,STOP_LOSS,False,-15.170788800000082,3.0967844112,-18.26757321120008,10.705254950737753,Q4_FARTHEST
RELIANCE,ORB_50,2.0,2025-11-26,BUY,2025-11-26 09:50:00+05:30,2025-11-26 09:55:00+05:30,1554.777,1548.777,6.0,1566.777,2.0,1549.009224380042,16.822999999999865,4.376999999999953,2.8038333333333108,0.7294999999999922,2025-11-26 12:50:00+05:30,1565.9936115,TARGET,False,11.2166115,3.1207706115,8.0958408885,5.767775619958002,Q3
RELIANCE,ORB_50,2.0,2025-11-27,SELL,2025-11-27 10:30:00+05:30,2025-11-27 10:35:00+05:30,1564.91715,1569.71715,4.7999999999999545,1555.31715,2.0,1568.8110535409185,8.917149999999992,4.482850000000099,1.8577395833333492,0.9339270833333628,2025-11-27 15:25:00+05:30,1565.5824,END_OF_DAY,False,-0.6652500000000146,3.13049955,-3.795749550000015,-3.8939035409184726,Q1_CLOSEST
RELIANCE,ORB_50,2.0,2025-11-28,BUY,2025-11-28 09:30:00+05:30,2025-11-28 09:35:00+05:30,1578.789,1573.389,5.399999999999864,1589.5889999999995,2.0,1572.3314845563748,2.5109999999999677,12.888999999999896,0.4650000000000057,2.386851851851893,2025-11-28 09:35:00+05:30,1572.6023055,STOP_LOSS,False,-6.1866944999999305,3.1513913055,-9.338085805499931,6.457515443625198,Q3
RELIANCE,ORB_50,2.0,2025-12-01,SELL,2025-12-01 14:35:00+05:30,2025-12-01 14:40:00+05:30,1569.0150999999998,1572.2650999999998,3.25,1562.5150999999998,2.0,1573.1242872010628,5.4150999999999385,1.9849000000001524,1.6661846153845965,0.6107384615385084,2025-12-01 15:25:00+05:30,1566.783,END_OF_DAY,False,2.232099999999946,3.1357981,-0.9036981000000543,-4.109187201062923,Q2
RELIANCE,ORB_50,2.0,2025-12-02,SELL,2025-12-02 09:35:00+05:30,2025-12-02 09:40:00+05:30,1557.52085,1561.97085,4.4500000000000455,1548.6208499999998,2.0,1561.421216979545,15.520849999999882,3.379150000000209,3.487831460674095,0.7593595505618369,2025-12-02 12:40:00+05:30,1549.395160425,TARGET,False,8.125689575000024,3.1069160104249995,5.018773564575024,-3.9003669795449696,Q1_CLOSEST
RELIANCE,ORB_50,2.0,2025-12-03,SELL,2025-12-03 10:00:00+05:30,2025-12-03 10:05:00+05:30,1541.229,1545.729,4.5,1532.229,2.0,1545.5986161471317,8.229000000000042,0.7709999999999582,1.828666666666676,0.171333333333324,2025-12-03 15:25:00+05:30,1539.86955,END_OF_DAY,False,1.3594500000001517,3.08109855,-1.721648549999848,-4.369616147131637,Q2
RELIANCE,ORB_50,2.0,2025-12-04,BUY,2025-12-04 09:35:00+05:30,2025-12-04 09:40:00+05:30,1547.7735,1543.0235,4.75,1557.2735,2.0,1541.019858908303,12.726499999999987,30.173500000000104,2.6792631578947343,6.352315789473706,2025-12-04 10:35:00+05:30,1556.49486325,TARGET,False,8.721363249999968,3.10426836325,5.617094886749968,6.753641091697091,Q4_FARTHEST
RELIANCE,ORB_50,2.0,2025-12-04,SELL,2025-12-04 15:20:00+05:30,2025-12-04 15:25:00+05:30,1533.33295,1538.08295,4.75,1523.83295,2.0,1543.5032853623609,15.732950000000072,1.1670500000000177,3.312200000000016,0.2456947368421089,2025-12-04 15:25:00+05:30,1524.594866475,TARGET,False,8.738083525000093,3.057927816475,5.680155708525093,-10.170335362360902,Q4_FARTHEST
RELIANCE,ORB_50,2.0,2025-12-05,SELL,2025-12-05 09:35:00+05:30,2025-12-05 09:40:00+05:30,1520.53935,1525.33935,4.7999999999999545,1510.93935,2.0,1525.1751923300194,0.0,25.26064999999994,0.0,5.262635416666704,2025-12-05 09:45:00+05:30,1526.102019675,STOP_LOSS,False,-5.562669675000052,3.046641369675,-8.609311044675053,-4.635842330019386,Q2
RELIANCE,ORB_50,2.0,2025-12-05,BUY,2025-12-05 11:00:00+05:30,2025-12-05 11:05:00+05:30,1533.06615,1528.26615,4.7999999999999545,1542.6661499999998,2.0,1526.6875688973726,12.733850000000077,2.56614999999988,2.6528854166667077,0.5346145833333134,2025-12-05 15:15:00+05:30,1541.8948169249998,TARGET,False,8.82866692499988,3.0749609669249995,5.75370595807488,6.37858110262755,Q3
RELIANCE,ORB_50,2.0,2025-12-08,SELL,2025-12-08 12:40:00+05:30,2025-12-08 12:45:00+05:30,1536.53135,1542.4313499999998,5.899999999999864,1524.7313500000002,2.0,1541.9457857752964,1.531349999999975,9.568649999999934,0.2595508474576288,1.621805084745789,2025-12-08 13:10:00+05:30,1543.2025656749995,STOP_LOSS,False,-6.6712156749997575,3.0797339156749994,-9.750949590674756,-5.414435775296397,Q3
RELIANCE,ORB_50,2.0,2025-12-09,SELL,2025-12-09 09:40:00+05:30,2025-12-09 09:45:00+05:30,1522.73825,1532.03825,9.299999999999956,1504.1382500000002,2.0,1526.9655980967607,1.1382500000001985,13.061749999999847,0.1223924731183014,1.4044892473118185,2025-12-09 10:15:00+05:30,1532.804269125,STOP_LOSS,False,-10.066019124999912,3.0555425191250003,-13.121561644124911,-4.227348096760579,Q2
RELIANCE,ORB_50,2.0,2025-12-10,BUY,2025-12-10 10:10:00+05:30,2025-12-10 10:15:00+05:30,1542.3708,1538.1708,4.2000000000000455,1550.7708,2.0,1538.4144337369758,5.129200000000083,10.370799999999916,1.2212380952381017,2.469238095238049,2025-12-10 12:10:00+05:30,1537.4017146,STOP_LOSS,False,-4.96908540000004,3.0797725146,-8.04885791460004,3.956366263024165,Q2
RELIANCE,ORB_50,2.0,2025-12-11,SELL,2025-12-11 09:35:00+05:30,2025-12-11 09:40:00+05:30,1524.8372,1528.8372,4.0,1516.8372,2.0,1531.059077458538,0.8371999999999389,25.16280000000006,0.2092999999999847,6.290700000000015,2025-12-11 10:05:00+05:30,1529.6016186,STOP_LOSS,False,-4.764418599999999,3.0544388185999995,-7.818857418599999,-6.221877458538074,Q3
RELIANCE,ORB_50,2.0,2025-12-11,BUY,2025-12-11 11:55:00+05:30,2025-12-11 12:00:00+05:30,1540.06965,1536.06965,4.0,1548.06965,2.0,1533.3273692496346,9.93035000000009,0.9696500000000016,2.4825875000000224,0.2424125000000003,2025-12-11 12:25:00+05:30,1547.295615175,TARGET,False,7.225965175000056,3.087365265175,4.138599909825055,6.742280750365353,Q3
RELIANCE,ORB_50,2.0,2025-12-12,BUY,2025-12-12 11:55:00+05:30,2025-12-12 12:00:00+05:30,1557.3783,1553.7282999999998,3.650000000000091,1564.6783,2.0,1551.7249442587936,2.4217000000001008,3.3782999999998538,0.6634794520548056,0.9255616438355532,2025-12-12 15:25:00+05:30,1553.52285,END_OF_DAY,False,-3.855449999999792,3.11090115,-6.966351149999792,5.6533557412064965,Q3
RELIANCE,ORB_50,2.0,2025-12-15,SELL,2025-12-15 09:30:00+05:30,2025-12-15 09:35:00+05:30,1547.0261,1550.8761,3.849999999999909,1539.3261000000002,2.0,1550.7030870493877,0.5261000000000422,11.573899999999869,0.1366493506493648,3.0062077922078285,2025-12-15 09:50:00+05:30,1551.65153805,STOP_LOSS,False,-4.625438049999957,3.0986776380500003,-7.724115688049958,-3.6769870493876624,Q1_CLOSEST
RELIANCE,ORB_50,2.0,2025-12-15,BUY,2025-12-15 13:10:00+05:30,2025-12-15 13:15:00+05:30,1557.27825,1553.42825,3.850000000000136,1564.9782500000003,2.0,1551.8652501188926,1.321749999999838,4.778250000000071,0.3433116883116341,1.2411038961038705,2025-12-15 14:10:00+05:30,1552.651535875,STOP_LOSS,False,-4.626714125000035,3.1099297858750004,-7.736643910875035,5.412999881107453,Q3
RELIANCE,ORB_50,2.0,2025-12-16,SELL,2025-12-16 09:55:00+05:30,2025-12-16 10:00:00+05:30,1542.52835,1545.87835,3.349999999999909,1535.8283500000002,2.0,1546.642962317227,3.7283500000000913,7.771649999999909,1.11294029850752,2.3198955223880957,2025-12-16 12:30:00+05:30,1546.651289175,STOP_LOSS,False,-4.1229391749998285,3.089179639175,-7.212118814174829,-4.114612317227056,Q2
RELIANCE,ORB_50,2.0,2025-12-17,SELL,2025-12-17 10:25:00+05:30,2025-12-17 10:30:00+05:30,1540.8292,1544.7792,3.9500000000000455,1532.9291999999998,2.0,1545.2588772680838,1.5291999999999462,7.170800000000099,0.387139240506311,1.8153924050632957,2025-12-17 11:45:00+05:30,1545.5515896,STOP_LOSS,False,-4.722389600000042,3.0863807896,-7.808770389600042,-4.4296772680838785,Q2
RELIANCE,ORB_50,2.0,2025-12-18,BUY,2025-12-18 11:50:00+05:30,2025-12-18 11:55:00+05:30,1549.3743,1542.8243,6.5499999999999545,1562.4743,2.0,1543.264487397945,2.125700000000052,7.474299999999857,0.3245343511450483,1.14111450381678,2025-12-18 14:40:00+05:30,1542.05288785,STOP_LOSS,False,-7.321412150000015,3.09142718785,-10.412839337850016,6.109812602054944,Q3
RELIANCE,ORB_50,2.0,2025-12-19,BUY,2025-12-19 10:40:00+05:30,2025-12-19 10:45:00+05:30,1572.68595,1564.23595,8.450000000000045,1589.58595,2.0,1564.8599086713346,1.5140499999999977,8.585950000000139,0.1791775147928981,1.0160887573964608,2025-12-19 15:00:00+05:30,1563.453832025,STOP_LOSS,False,-9.232117974999936,3.1361397820250003,-12.36825775702494,7.826041328665497,Q4_FARTHEST
RELIANCE,ORB_50,2.0,2025-12-22,BUY,2025-12-22 09:50:00+05:30,2025-12-22 09:55:00+05:30,1575.48735,1573.23735,2.25,1579.98735,2.0,1572.3542916106187,2.012649999999894,10.187350000000151,0.8945111111110641,4.527711111111178,2025-12-22 10:10:00+05:30,1572.450731325,STOP_LOSS,False,-3.036618675,3.147938081325,-6.184556756325,3.1330583893814037,Q1_CLOSEST
RELIANCE,ORB_50,2.0,2025-12-22,SELL,2025-12-22 12:00:00+05:30,2025-12-22 12:05:00+05:30,1568.11555,1570.36555,2.25,1563.61555,2.0,1572.2164649833398,2.81555000000003,9.384450000000015,1.2513555555555689,4.170866666666673,2025-12-22 12:05:00+05:30,1571.150732775,STOP_LOSS,False,-3.0351827750000666,3.139266282775,-6.174449057775067,-4.100914983339862,Q2
RELIANCE,ORB_50,2.0,2025-12-22,BUY,2025-12-22 15:00:00+05:30,2025-12-22 15:05:00+05:30,1575.28725,1573.03725,2.25,1579.78725,2.0,1571.4123617644116,2.2127499999999145,0.987250000000131,0.9834444444444064,0.438777777777836,2025-12-22 15:25:00+05:30,1575.8117,END_OF_DAY,False,0.524449999999888,3.15109895,-2.626648950000112,3.8748882355885144,Q1_CLOSEST
RELIANCE,ORB_50,2.0,2025-12-23,SELL,2025-12-23 09:30:00+05:30,2025-12-23 09:35:00+05:30,1572.0136,1575.7136,3.7000000000000455,1564.6136,2.0,1575.508530891077,3.913600000000088,5.686400000000049,1.0577297297297403,1.536864864864859,2025-12-23 09:55:00+05:30,1576.5014568,STOP_LOSS,False,-4.487856800000145,3.1485150568,-7.636371856800145,-3.494930891077047,Q1_CLOSEST
RELIANCE,ORB_50,2.0,2025-12-24,SELL,2025-12-24 10:45:00+05:30,2025-12-24 10:50:00+05:30,1566.51635,1570.26635,3.75,1559.01635,2.0,1569.7676627624314,12.916349999999966,1.2836500000000797,3.4443599999999908,0.3423066666666879,2025-12-24 12:35:00+05:30,1559.795858175,TARGET,False,6.720491824999954,3.126312208175,3.594179616824954,-3.2513127624313256,Q1_CLOSEST
RELIANCE,ORB_50,2.0,2025-12-29,SELL,2025-12-29 10:15:00+05:30,2025-12-29 10:20:00+05:30,1549.72475,1553.27475,3.5499999999999545,1542.6247500000002,2.0,1553.9099415381047,6.124750000000176,3.075249999999869,1.725281690140917,0.866267605633777,2025-12-29 15:25:00+05:30,1547.5734,END_OF_DAY,False,2.151350000000093,3.0972981500000003,-0.9459481499999072,-4.185191538104618,Q2
RELIANCE,ORB_50,2.0,2025-12-30,BUY,2025-12-30 09:30:00+05:30,2025-12-30 09:35:00+05:30,1551.27525,1548.1252499999998,3.150000000000091,1557.57525,2.0,1549.374189267628,2.3247499999999945,13.47524999999996,0.7380158730158499,4.277857142857006,2025-12-30 10:55:00+05:30,1547.351187375,STOP_LOSS,False,-3.924062625000033,3.098626437375,-7.022689062375033,1.9010607323718887,Q1_CLOSEST
RELIANCE,ORB_50,2.0,2025-12-30,SELL,2025-12-30 12:00:00+05:30,2025-12-30 12:05:00+05:30,1541.4289,1544.5789000000002,3.150000000000091,1535.1289,2.0,1547.7442818082816,3.628900000000158,5.4710999999999785,1.1520317460317628,1.7368571428570858,2025-12-30 12:35:00+05:30,1545.3511894500002,STOP_LOSS,False,-3.922289450000108,3.086780089450001,-7.009069539450108,-6.315381808281472,Q3
RELIANCE,ORB_50,2.0,2025-12-31,BUY,2025-12-31 11:00:00+05:30,2025-12-31 11:05:00+05:30,1552.776,1548.476,4.2999999999999545,1561.376,2.0,1548.222117448019,24.223999999999933,1.0760000000000218,5.633488372093067,0.2502325581395426,2025-12-31 11:35:00+05:30,1560.595312,TARGET,False,7.819311999999854,3.1133713120000004,4.705940687999854,4.553882551981133,Q2
RELIANCE,ORB_50,2.0,2026-01-01,SELL,2026-01-01 15:20:00+05:30,2026-01-01 15:25:00+05:30,1571.91365,1580.56365,8.650000000000091,1554.6136499999998,2.0,1578.6700701852012,0.8136500000000524,1.0863500000000386,0.0940635838150339,0.1255895953757256,2026-01-01 15:25:00+05:30,1573.48635,END_OF_DAY,False,-1.572700000000168,3.1454,-4.7181000000001685,-6.75642018520125,Q4_FARTHEST
RELIANCE,ORB_50,2.0,2026-01-02,BUY,2026-01-02 09:40:00+05:30,2026-01-02 09:45:00+05:30,1589.1942,1584.5442000000005,4.649999999999864,1598.4942,2.0,1585.2392513175046,5.405799999999772,6.594200000000228,1.1625376344085872,1.418107526881811,2026-01-02 10:55:00+05:30,1583.7519279000005,STOP_LOSS,False,-5.442272099999855,3.172946127900001,-8.615218227899856,3.954948682495342,Q2
RELIANCE,ORB_50,2.0,2026-01-05,SELL,2026-01-05 12:00:00+05:30,2026-01-05 12:05:00+05:30,1591.204,1600.954,9.75,1571.704,2.0,1598.836104380768,15.903999999999996,1.2960000000000491,1.631179487179487,0.1329230769230819,2026-01-05 15:25:00+05:30,1577.9886,END_OF_DAY,False,13.215399999999818,3.1691926000000006,10.046207399999815,-7.632104380767942,Q4_FARTHEST
RELIANCE,ORB_50,2.0,2026-01-06,SELL,2026-01-06 11:10:00+05:30,2026-01-06 11:15:00+05:30,1510.4444,1536.0444000000002,25.600000000000136,1459.2443999999998,2.0,1525.9439910629671,14.144400000000132,3.855599999999868,0.5525156250000022,0.150609374999994,2026-01-06 15:25:00+05:30,1509.45435,END_OF_DAY,False,0.9900500000001102,3.0198987500000003,-2.02984874999989,-15.499591062967056,Q4_FARTHEST
RELIANCE,ORB_50,2.0,2026-01-07,SELL,2026-01-07 12:20:00+05:30,2026-01-07 12:25:00+05:30,1503.34795,1510.8979499999998,7.549999999999954,1488.24795,2.0,1511.0313037474336,5.347949999999855,3.052050000000236,0.7083377483443559,0.4042450331126164,2026-01-07 15:25:00+05:30,1505.9526,END_OF_DAY,False,-2.60465000000022,3.00930055,-5.61395055000022,-7.683353747433557,Q4_FARTHEST
RELIANCE,ORB_50,2.0,2026-01-08,SELL,2026-01-08 10:00:00+05:30,2026-01-08 10:05:00+05:30,1489.255,1495.6550000000002,6.400000000000091,1476.455,2.0,1494.5571469040149,20.455000000000155,4.244999999999891,3.196093749999979,0.6632812499999735,2026-01-08 12:05:00+05:30,1477.1932275,TARGET,False,12.061772500000188,2.9664482275,9.09532427250019,-5.302146904014762,Q3
RELIANCE,ORB_50,2.0,2026-01-12,SELL,2026-01-12 11:10:00+05:30,2026-01-12 11:15:00+05:30,1455.17205,1465.9720500000003,10.800000000000182,1433.5720499999998,2.0,1461.6638086892017,4.172050000000127,30.127949999999828,0.3863009259259311,2.789624999999937,2026-01-12 12:20:00+05:30,1466.7050360250005,STOP_LOSS,False,-11.532986025000127,2.9218770860250007,-14.454863111025128,-6.491758689201788,Q3
RELIANCE,ORB_50,2.0,2026-01-12,BUY,2026-01-12 14:05:00+05:30,2026-01-12 14:10:00+05:30,1480.5399,1469.7399,10.799999999999956,1502.1399,2.0,1464.2282756455877,4.760099999999966,3.0398999999999887,0.4407499999999987,0.2814722222222223,2026-01-12 15:25:00+05:30,1483.258,END_OF_DAY,False,2.718100000000049,2.9637979,-0.2456978999999504,16.311624354412288,Q4_FARTHEST
RELIANCE,ORB_50,2.0,2026-01-13,SELL,2026-01-13 09:30:00+05:30,2026-01-13 09:35:00+05:30,1466.2665,1475.1664999999998,8.899999999999864,1448.4665000000002,2.0,1471.5533187613075,21.566499999999905,3.533500000000004,2.4232022471910377,0.3970224719101188,2026-01-13 14:20:00+05:30,1449.1907332500002,TARGET,False,17.07576674999973,2.91545723325,14.160309516749727,-5.286818761307586,Q3
RELIANCE,ORB_50,2.0,2026-01-14,BUY,2026-01-14 09:30:00+05:30,2026-01-14 09:35:00+05:30,1455.7275,1448.9275,6.7999999999999545,1469.3275,2.0,1449.6191919751925,11.272500000000036,6.127500000000055,1.6577205882353103,0.9011029411764846,2026-01-14 15:25:00+05:30,1458.0706,END_OF_DAY,False,2.343100000000049,2.9137981,-0.5706980999999507,6.108308024807457,Q3
RELIANCE,ORB_50,2.0,2026-01-16,BUY,2026-01-16 10:35:00+05:30,2026-01-16 10:40:00+05:30,1475.5374,1468.6873999999998,6.850000000000136,1489.2374000000002,2.0,1466.700471859303,4.462600000000066,20.437400000000025,0.6514744525547411,2.983562043795565,2026-01-16 11:50:00+05:30,1467.9530562999998,STOP_LOSS,False,-7.58434370000009,2.9434904563,-10.527834156300091,8.836928140696955,Q4_FARTHEST
RELIANCE,ORB_50,2.0,2026-01-16,SELL,2026-01-16 13:00:00+05:30,2026-01-16 13:05:00+05:30,1457.6708,1464.5208000000002,6.850000000000136,1443.9707999999998,2.0,1468.26173043861,2.5708000000001903,7.129199999999855,0.375299270073013,1.0407591240875491,2026-01-16 13:30:00+05:30,1465.2530604000003,STOP_LOSS,False,-7.582260400000223,2.9229238604,-10.505184260400224,-10.590930438609803,Q4_FARTHEST
RELIANCE,ORB_50,2.0,2026-01-19,SELL,2026-01-19 10:25:00+05:30,2026-01-19 10:30:00+05:30,1412.2935,1428.2935,16.0,1380.2935,2.0,1424.0479626754206,8.99350000000004,3.8064999999999145,0.5620937500000025,0.2379062499999946,2026-01-19 15:25:00+05:30,1413.9066,END_OF_DAY,False,-1.6131000000000313,2.8262001,-4.439300100000031,-11.754462675420655,Q4_FARTHEST
RELIANCE,ORB_50,2.0,2026-01-20,SELL,2026-01-20 09:50:00+05:30,2026-01-20 09:55:00+05:30,1402.4984,1407.6984,5.2000000000000455,1392.0984,2.0,1408.969416867326,12.498399999999949,7.401600000000144,2.4035384615384303,1.4233846153846306,2026-01-20 10:10:00+05:30,1408.4022492,STOP_LOSS,False,-5.903849199999968,2.8109006492,-8.714749849199968,-6.471016867325943,Q3
RELIANCE,ORB_50,2.0,2026-01-21,BUY,2026-01-21 09:30:00+05:30,2026-01-21 09:35:00+05:30,1398.59895,1392.1489500000002,6.449999999999818,1411.4989499999997,2.0,1393.5117257847417,14.301050000000032,25.59895000000006,2.2172170542636334,3.9688294573644622,2026-01-21 09:50:00+05:30,1391.4528755250003,STOP_LOSS,False,-7.14607447499975,2.7900518255250004,-9.936126300524752,5.087224215258402,Q2
RELIANCE,ORB_50,2.0,2026-01-21,SELL,2026-01-21 11:25:00+05:30,2026-01-21 11:30:00+05:30,1383.1081,1389.5580999999995,6.449999999999818,1370.2081000000005,2.0,1387.3570663222115,1.108099999999922,29.79190000000017,0.1717984496123958,4.618899224806358,2026-01-21 12:05:00+05:30,1390.2528790499998,STOP_LOSS,False,-7.144779049999897,2.77336097905,-9.918140029049898,-4.248966322211572,Q2
RELIANCE,ORB_50,2.0,2026-01-21,BUY,2026-01-21 12:30:00+05:30,2026-01-21 12:35:00+05:30,1403.7015,1397.2515,6.4500000000000455,1416.6015,2.0,1388.8398723332937,9.198500000000196,5.201499999999896,1.426124031007772,0.8064341085271101,2026-01-21 15:25:00+05:30,1406.79625,END_OF_DAY,False,3.094750000000204,2.81049775,0.2842522500002036,14.861627666706227,Q4_FARTHEST
RELIANCE,ORB_50,2.0,2026-01-22,BUY,2026-01-22 09:30:00+05:30,2026-01-22 09:35:00+05:30,1419.7095,1414.7595,4.9500000000000455,1429.6095,2.0,1413.8707226520714,0.0,24.70949999999993,0.0,4.991818181818123,2026-01-22 09:40:00+05:30,1414.05212025,STOP_LOSS,False,-5.657379750000018,2.83376162025,-8.491141370250018,5.838777347928499,Q3
RELIANCE,ORB_50,2.0,2026-01-22,SELL,2026-01-22 10:30:00+05:30,2026-01-22 10:35:00+05:30,1405.8967,1410.8467,4.9500000000000455,1395.9967,2.0,1412.1051999988524,10.89670000000001,1.6032999999999902,2.201353535353517,0.3238989898989849,2026-01-22 11:45:00+05:30,1396.69469835,TARGET,False,9.202001650000057,2.80259139835,6.399410251650057,-6.208499998852403,Q3
RELIANCE,ORB_50,2.0,2026-01-23,SELL,2026-01-23 11:15:00+05:30,2026-01-23 11:20:00+05:30,1397.9007,1401.7007,3.7999999999999545,1390.3007,2.0,1402.0193453641104,16.900699999999915,1.2993000000001302,4.447552631578978,0.3419210526316173,2026-01-23 11:40:00+05:30,1390.99585035,TARGET,False,6.90484964999996,2.78889655035,4.1159530996499605,-4.1186453641105345,Q2
RELIANCE,ORB_50,2.0,2026-01-27,BUY,2026-01-27 10:20:00+05:30,2026-01-27 10:25:00+05:30,1389.39435,1379.09435,10.299999999999956,1409.99435,2.0,1380.819992320816,2.2056499999998778,14.094350000000077,0.2141407766990182,1.3683834951456446,2026-01-27 10:45:00+05:30,1378.4048028250002,STOP_LOSS,False,-10.98954717499987,2.7677991528250003,-13.757346327824871,8.574357679184004,Q4_FARTHEST
RELIANCE,ORB_50,2.0,2026-01-29,SELL,2026-01-29 09:35:00+05:30,2026-01-29 09:40:00+05:30,1391.40395,1396.0039499999998,4.599999999999909,1382.20395,2.0,1397.2314072864947,7.403949999999895,10.496050000000196,1.609554347826096,2.281750000000088,2026-01-29 12:40:00+05:30,1396.7019519749997,STOP_LOSS,False,-5.298001974999806,2.788105901975,-8.086107876974806,-5.827457286494791,Q3
RELIANCE,ORB_50,2.0,2026-01-30,BUY,2026-01-30 09:35:00+05:30,2026-01-30 09:40:00+05:30,1388.694,1384.494,4.2000000000000455,1397.094,2.0,1384.246174006629,9.30600000000004,3.594000000000051,2.215714285714271,0.8557142857142885,2026-01-30 14:10:00+05:30,1396.395453,TARGET,False,7.701453000000129,2.7850894530000003,4.916363547000128,4.447825993370998,Q2
RELIANCE,ORB_50,2.0,2026-02-01,BUY,2026-02-01 09:40:00+05:30,2026-02-01 09:45:00+05:30,1403.7015,1396.7515,6.9500000000000455,1417.6015,2.0,1398.7930643000411,7.298500000000104,68.7014999999999,1.0501438848920943,9.885107913668984,2026-02-01 09:50:00+05:30,1396.05312425,STOP_LOSS,False,-7.648375750000014,2.79975462425,-10.448130374250011,4.908435699958773,Q2
RELIANCE,ORB_50,2.0,2026-02-02,BUY,2026-02-02 09:45:00+05:30,2026-02-02 09:50:00+05:30,1364.4819,1350.7319,13.75,1391.9819,2.0,1356.7942199861166,28.41810000000009,5.6819000000000415,2.066770909090916,0.4132290909090939,2026-02-02 15:00:00+05:30,1391.28590905,TARGET,False,26.804009050000104,2.7557678090500004,24.048241240950105,7.687680013883437,Q4_FARTHEST
RELIANCE,ORB_50,2.0,2026-02-03,SELL,2026-02-03 09:40:00+05:30,2026-02-03 09:45:00+05:30,1435.282,1461.582,26.299999999999955,1382.682,2.0,1450.787803864991,5.08199999999988,20.61800000000017,0.1932319391634938,0.7839543726235818,2026-02-03 15:25:00+05:30,1438.719,END_OF_DAY,False,-3.437000000000125,2.874001,-6.311001000000125,-15.505803864991094,Q4_FARTHEST
RELIANCE,ORB_50,2.0,2026-02-04,BUY,2026-02-04 09:30:00+05:30,2026-02-04 09:35:00+05:30,1460.73,1451.38,9.349999999999907,1479.4299999999998,2.0,1454.133532797041,3.269999999999982,12.029999999999973,0.349732620320857,1.2866310160427905,2026-02-04 11:20:00+05:30,1450.65431,STOP_LOSS,False,-10.075689999999897,2.9113843100000003,-12.987074309999896,6.596467202959047,Q3
RELIANCE,ORB_50,2.0,2026-02-05,SELL,2026-02-05 09:50:00+05:30,2026-02-05 09:55:00+05:30,1442.57835,1450.57835,8.0,1426.57835,2.0,1449.6713290449982,3.0783500000000004,9.221649999999954,0.38479375,1.1527062499999945,2026-02-05 10:20:00+05:30,1451.303639175,STOP_LOSS,False,-8.725289174999943,2.893881989175,-11.619171164174944,-7.092979044998174,Q4_FARTHEST
RELIANCE,ORB_50,2.0,2026-02-06,BUY,2026-02-06 10:35:00+05:30,2026-02-06 10:40:00+05:30,1448.42385,1442.67385,5.75,1459.92385,2.0,1441.0107425900303,4.376149999999825,13.723850000000084,0.7610695652173609,2.386756521739145,2026-02-06 11:55:00+05:30,1441.952513075,STOP_LOSS,False,-6.47133692500006,2.890376363075,-9.36171328807506,7.413107409969598,Q4_FARTHEST
RELIANCE,ORB_50,2.0,2026-02-09,BUY,2026-02-09 11:20:00+05:30,2026-02-09 11:25:00+05:30,1465.7325,1459.7825,5.9500000000000455,1477.6325000000002,2.0,1461.617140923605,0.1675000000000182,5.432500000000118,0.0281512605042045,0.9130252100840464,2026-02-09 15:25:00+05:30,1460.4694,END_OF_DAY,False,-5.263100000000122,2.9262019,-8.189301900000123,4.11535907639518,Q2
RELIANCE,ORB_50,2.0,2026-02-10,SELL,2026-02-10 10:10:00+05:30,2026-02-10 10:15:00+05:30,1462.6683,1466.3683,3.7000000000000455,1455.2683,2.0,1466.182753831265,10.4683,3.731700000000046,2.8292702702702357,1.0085675675675676,2026-02-10 11:15:00+05:30,1467.10148415,STOP_LOSS,False,-4.433184149999988,2.9297697841500003,-7.362953934149987,-3.514453831264973,Q1_CLOSEST
RELIANCE,ORB_50,2.0,2026-02-11,BUY,2026-02-11 12:10:00+05:30,2026-02-11 12:15:00+05:30,1467.23325,1461.68325,5.5499999999999545,1478.33325,2.0,1461.969352009634,2.766750000000002,6.133250000000089,0.4985135135135179,1.1050900900901153,2026-02-11 13:00:00+05:30,1460.952408375,STOP_LOSS,False,-6.280841624999994,2.928185658375,-9.209027283374994,5.263897990366104,Q3
RELIANCE,ORB_50,2.0,2026-02-12,SELL,2026-02-12 09:35:00+05:30,2026-02-12 09:40:00+05:30,1463.56785,1467.81785,4.25,1455.06785,2.0,1466.2920507480003,18.067849999999908,3.232150000000047,4.25125882352939,0.7605058823529522,2026-02-12 12:35:00+05:30,1455.795383925,TARGET,False,7.772466075000011,2.919363233925,4.853102841075011,-2.724200748000385,Q1_CLOSEST
RELIANCE,ORB_50,2.0,2026-02-13,SELL,2026-02-13 09:35:00+05:30,2026-02-13 09:40:00+05:30,1437.18105,1443.28105,6.099999999999909,1424.9810500000003,2.0,1442.6472485885474,20.881050000000187,3.0189499999999043,3.423122950819754,0.4949098360655655,2026-02-13 11:15:00+05:30,1425.6935405250003,TARGET,False,11.487509474999795,2.8628745905250006,8.624634884474796,-5.466198588547513,Q3
RELIANCE,ORB_50,2.0,2026-02-16,SELL,2026-02-16 09:35:00+05:30,2026-02-16 09:40:00+05:30,1413.293,1416.893,3.6000000000001364,1406.0929999999996,2.0,1418.4340554676098,3.992999999999938,26.307000000000016,1.1091666666666071,7.307499999999727,2026-02-16 10:00:00+05:30,1417.6014465,STOP_LOSS,False,-4.308446500000173,2.8308944465,-7.139340946500173,-5.141055467609931,Q2
RELIANCE,ORB_50,2.0,2026-02-16,BUY,2026-02-16 13:00:00+05:30,2026-02-16 13:05:00+05:30,1423.7115,1420.1115,3.599999999999909,1430.9114999999997,2.0,1419.1672313091713,15.888500000000022,2.9114999999999327,4.41347222222234,0.8087500000000017,2026-02-16 14:25:00+05:30,1430.1960442499997,TARGET,False,6.484544249999772,2.85390754425,3.630636705749772,4.5442686908286305,Q2
RELIANCE,ORB_50,2.0,2026-02-17,SELL,2026-02-17 10:35:00+05:30,2026-02-17 10:40:00+05:30,1421.58885,1425.93885,4.350000000000136,1412.8888499999996,2.0,1424.2977260231166,2.9888499999999567,4.911150000000134,0.687091954022957,1.1289999999999956,2026-02-17 12:50:00+05:30,1426.651819425,STOP_LOSS,False,-5.062969425000119,2.848240669425,-7.911210094425119,-2.708876023116545,Q1_CLOSEST
RELIANCE,ORB_50,2.0,2026-02-18,SELL,2026-02-18 09:45:00+05:30,2026-02-18 09:50:00+05:30,1422.0886,1424.9386,2.849999999999909,1416.3886000000002,2.0,1426.0821291289833,2.8885999999999967,20.011399999999867,1.013543859649154,7.0215438596493005,2026-02-18 11:10:00+05:30,1425.6510693,STOP_LOSS,False,-3.562469299999975,2.8477396693,-6.410208969299975,-3.993529128983255,Q2
RELIANCE,ORB_50,2.0,2026-02-18,BUY,2026-02-18 12:30:00+05:30,2026-02-18 12:35:00+05:30,1430.3148,1427.4648,2.849999999999909,1436.0147999999997,2.0,1425.1975470791842,11.785200000000032,1.2147999999999683,4.135157894736985,0.4262456140350902,2026-02-18 13:15:00+05:30,1435.2967925999997,TARGET,False,4.981992599999785,2.865611592599999,2.1163810073997857,5.117252920815872,Q2
RELIANCE,ORB_50,2.0,2026-02-19,SELL,2026-02-19 09:45:00+05:30,2026-02-19 09:50:00+05:30,1434.0826,1437.9825999999998,3.899999999999864,1426.2826000000002,2.0,1437.211756523715,34.08259999999996,0.9174000000000432,8.7391282051285,0.2352307692307885,2026-02-19 11:20:00+05:30,1426.9957413000002,TARGET,False,7.086858699999766,2.8610783413,4.225780358699766,-3.1291565237149825,Q1_CLOSEST
RELIANCE,ORB_50,2.0,2026-02-20,BUY,2026-02-20 09:30:00+05:30,2026-02-20 09:35:00+05:30,1415.20725,1411.3072499999998,3.900000000000091,1423.00725,2.0,1412.8931246130892,12.19275000000016,4.707249999999931,3.126346153846122,1.2069871794871336,2026-02-20 10:05:00+05:30,1410.601596375,STOP_LOSS,False,-4.605653625000059,2.825808846375,-7.43146247137506,2.314125386910746,Q1_CLOSEST
RELIANCE,ORB_50,2.0,2026-02-23,SELL,2026-02-23 11:40:00+05:30,2026-02-23 11:45:00+05:30,1421.98865,1427.93865,5.9500000000000455,1410.08865,2.0,1427.778115982907,3.688650000000053,8.011349999999993,0.6199411764705923,1.346445378151249,2026-02-23 14:45:00+05:30,1428.6526193250002,STOP_LOSS,False,-6.663969325000153,2.8506412693250005,-9.514610594325154,-5.789465982906904,Q3
RELIANCE,ORB_50,2.0,2026-02-24,SELL,2026-02-24 09:35:00+05:30,2026-02-24 09:40:00+05:30,1418.8901999999998,1422.3901999999998,3.5,1411.8901999999998,2.0,1423.0095078292309,3.8901999999998234,14.409800000000132,1.1114857142856636,4.117085714285752,2026-02-24 09:45:00+05:30,1423.1013950999998,STOP_LOSS,False,-4.211195099999941,2.841991595099999,-7.0531866950999405,-4.119307829231047,Q2
RELIANCE,ORB_50,2.0,2026-02-24,BUY,2026-02-24 15:05:00+05:30,2026-02-24 15:10:00+05:30,1430.0146499999998,1426.5146499999998,3.5,1437.0146499999998,2.0,1424.1424830500491,3.285350000000108,1.7146499999998923,0.9386714285714594,0.4898999999999692,2026-02-24 15:25:00+05:30,1431.284,END_OF_DAY,False,1.2693500000002589,2.86129865,-1.591948649999741,5.872166949950724,Q3
RELIANCE,ORB_50,2.0,2026-02-25,SELL,2026-02-25 09:40:00+05:30,2026-02-25 09:45:00+05:30,1430.1845500000002,1434.4345500000002,4.25,1421.6845500000002,2.0,1434.3560215347582,36.68455000000017,5.6154499999997824,8.631658823529452,1.3212823529411253,2026-02-25 10:00:00+05:30,1435.151767275,STOP_LOSS,False,-4.967217274999939,2.8653363172750006,-7.832553592274939,-4.171471534757984,Q2
RELIANCE,ORB_50,2.0,2026-02-26,BUY,2026-02-26 11:15:00+05:30,2026-02-26 11:20:00+05:30,1407.5034,1402.9034,4.599999999999909,1416.7034,2.0,1401.9577631384684,5.396600000000035,15.603399999999963,1.173173913043509,3.392043478260929,2026-02-26 11:35:00+05:30,1402.2019483,STOP_LOSS,False,-5.301451699999916,2.8097053483,-8.111157048299916,5.545636861531648,Q3
RELIANCE,ORB_50,2.0,2026-02-26,BUY,2026-02-26 12:40:00+05:30,2026-02-26 12:45:00+05:30,1408.80405,1404.20405,4.599999999999909,1418.0040499999998,2.0,1401.4739769896328,4.09595000000013,9.90404999999987,0.8904239130435241,2.1530543478261013,2026-02-26 12:50:00+05:30,1403.501947975,STOP_LOSS,False,-5.30210202499984,2.812305997975,-8.11440802297484,7.330073010367187,Q4_FARTHEST
RELIANCE,ORB_50,2.0,2026-02-27,BUY,2026-02-27 11:45:00+05:30,2026-02-27 11:50:00+05:30,1405.3022999999998,1397.7522999999997,7.550000000000182,1420.4023000000002,2.0,1397.9996185743262,5.097700000000259,14.802299999999832,0.6751920529801505,1.960569536423772,2026-02-27 15:00:00+05:30,1397.0534238499995,STOP_LOSS,False,-8.248876150000115,2.80235572385,-11.051231873850114,7.302681425673654,Q4_FARTHEST
RELIANCE,ORB_50,2.0,2026-03-02,SELL,2026-03-02 11:25:00+05:30,2026-03-02 11:30:00+05:30,1359.02015,1366.82015,7.799999999999954,1343.42015,2.0,1367.0481330486914,17.520150000000058,6.379850000000033,2.246173076923097,0.8179294871794962,2026-03-02 13:55:00+05:30,1344.091860075,TARGET,False,14.928289924999945,2.7031120100750003,12.225177914924943,-8.02798304869134,Q4_FARTHEST
RELIANCE,ORB_50,2.0,2026-03-04,BUY,2026-03-04 10:30:00+05:30,2026-03-04 10:35:00+05:30,1339.6695,1324.8694999999998,14.800000000000182,1369.2695000000003,2.0,1320.8331737703334,13.130499999999984,5.469499999999925,0.887195945945934,0.3695608108108012,2026-03-04 15:25:00+05:30,1344.62735,END_OF_DAY,False,4.957850000000008,2.68429685,2.273553150000008,18.83632622966661,Q4_FARTHEST
RELIANCE,ORB_50,2.0,2026-03-05,BUY,2026-03-05 09:45:00+05:30,2026-03-05 09:50:00+05:30,1381.19025,1368.29025,12.900000000000093,1406.9902500000003,2.0,1373.0473470534198,17.809749999999894,6.890250000000151,1.3806007751937803,0.5341279069767522,2026-03-05 15:25:00+05:30,1385.7068000000002,END_OF_DAY,False,4.516550000000052,2.7668970500000007,1.7496529500000513,8.142902946580307,Q4_FARTHEST
RELIANCE,ORB_50,2.0,2026-03-06,BUY,2026-03-06 09:30:00+05:30,2026-03-06 09:35:00+05:30,1417.20825,1404.50825,12.700000000000044,1442.60825,2.0,1408.7997982358252,7.091750000000047,16.208249999999907,0.5584055118110254,1.276240157480303,2026-03-06 14:45:00+05:30,1403.8059958749998,STOP_LOSS,False,-13.402254125000129,2.821014245875,-16.223268370875125,8.408451764174742,Q4_FARTHEST
RELIANCE,ORB_50,2.0,2026-03-09,BUY,2026-03-09 09:55:00+05:30,2026-03-09 10:00:00+05:30,1412.3058,1393.8058,18.5,1449.3058,2.0,1398.082088177937,17.094200000000228,21.205799999999957,0.9240108108108231,1.146259459459457,2026-03-09 11:10:00+05:30,1393.1088971,STOP_LOSS,False,-19.19690289999994,2.8054146971,-22.002317597099943,14.223711822063024,Q4_FARTHEST
RELIANCE,ORB_50,2.0,2026-03-11,SELL,2026-03-11 09:30:00+05:30,2026-03-11 09:35:00+05:30,1412.0936,1421.0936,9.0,1394.0936,2.0,1422.2080833167583,28.49360000000001,0.906400000000076,3.1659555555555574,0.1007111111111195,2026-03-11 11:50:00+05:30,1394.7906468,TARGET,False,17.302953200000047,2.8068842468,14.496068953200048,-10.114483316758424,Q4_FARTHEST
RELIANCE,ORB_50,2.0,2026-03-12,BUY,2026-03-12 09:55:00+05:30,2026-03-12 10:00:00+05:30,1398.59895,1390.64895,7.950000000000045,1414.49895,2.0,1392.486514348114,12.301050000000032,10.49895000000015,1.547301886792448,1.3206226415094453,2026-03-12 15:10:00+05:30,1389.953625525,STOP_LOSS,False,-8.645324475000052,2.788552575525,-11.433877050525052,6.112435651886017,Q3
RELIANCE,ORB_50,2.0,2026-03-13,BUY,2026-03-13 10:25:00+05:30,2026-03-13 10:30:00+05:30,1399.8996,1392.8496,7.0499999999999545,1413.9996,2.0,1394.971847028099,0.9003999999999905,21.499599999999877,0.127716312056737,3.0495886524822717,2026-03-13 10:55:00+05:30,1392.1531752,STOP_LOSS,False,-7.746424799999886,2.7920527752,-10.538477575199886,4.927752971900873,Q2
RELIANCE,ORB_50,2.0,2026-03-13,SELL,2026-03-13 12:50:00+05:30,2026-03-13 12:55:00+05:30,1382.40845,1389.45845,7.0499999999999545,1368.30845,2.0,1393.099458229827,4.008449999999812,6.5915500000000975,0.5685744680850833,0.9349716312056936,2026-03-13 15:25:00+05:30,1382.7910499999998,END_OF_DAY,False,-0.3825999999999112,2.7651995,-3.147799499999911,-10.691008229827048,Q4_FARTHEST
RELIANCE,ORB_50,2.0,2026-03-16,BUY,2026-03-16 09:30:00+05:30,2026-03-16 09:35:00+05:30,1387.19325,1381.64325,5.5499999999999545,1398.29325,2.0,1381.5016600787949,10.10674999999992,23.693250000000035,1.8210360360360365,4.269054054054095,2026-03-16 09:45:00+05:30,1380.9524283750002,STOP_LOSS,False,-6.240821624999853,2.7681456783750003,-9.008967303374853,5.69158992120515,Q3
RELIANCE,ORB_50,2.0,2026-03-16,SELL,2026-03-16 11:40:00+05:30,2026-03-16 11:45:00+05:30,1372.01365,1377.56365,5.5499999999999545,1360.9136500000002,2.0,1376.9422910741405,0.0,25.286349999999857,0.0,4.556099099099111,2026-03-16 12:05:00+05:30,1378.252431825,STOP_LOSS,False,-6.238781824999933,2.750266081825,-8.989047906824933,-4.928641074140387,Q2
RELIANCE,ORB_50,2.0,2026-03-16,BUY,2026-03-16 14:15:00+05:30,2026-03-16 14:20:00+05:30,1387.99365,1382.44365,5.5499999999999545,1399.0936499999998,2.0,1378.865543024314,9.306350000000066,0.9936499999998888,1.6768198198198454,0.1790360360360174,2026-03-16 15:25:00+05:30,1393.303,END_OF_DAY,False,5.309350000000222,2.7812966500000003,2.528053350000222,9.128106975685796,Q4_FARTHEST
RELIANCE,ORB_50,2.0,2026-03-17,SELL,2026-03-17 11:20:00+05:30,2026-03-17 11:25:00+05:30,1393.60285,1397.70285,4.100000000000136,1385.4028499999995,2.0,1398.839346017724,5.402849999999944,12.2971500000001,1.317768292682869,2.9993048780487053,2026-03-17 12:45:00+05:30,1398.401701425,STOP_LOSS,False,-4.798851425000066,2.7920045514250003,-7.590855976425066,-5.236496017723994,Q2
RELIANCE,ORB_50,2.0,2026-03-17,BUY,2026-03-17 14:55:00+05:30,2026-03-17 15:00:00+05:30,1405.60245,1401.50245,4.100000000000136,1413.8024500000004,2.0,1398.7767522498148,0.0,13.302450000000135,0.0,3.244499999999925,2026-03-17 15:00:00+05:30,1400.801698775,STOP_LOSS,False,-4.800751225000113,2.806404148775,-7.607155373775113,6.825697750185327,Q4_FARTHEST
RELIANCE,ORB_50,2.0,2026-03-17,SELL,2026-03-17 15:20:00+05:30,2026-03-17 15:25:00+05:30,1393.303,1397.4030000000002,4.100000000000136,1385.1029999999998,2.0,1398.4758141680431,0.0,1.696999999999889,0.0,0.4139024390243494,2026-03-17 15:25:00+05:30,1395.4974,END_OF_DAY,False,-2.19439999999986,2.7888004,-4.983200399999859,-5.172814168043033,Q2
RELIANCE,ORB_50,2.0,2026-03-18,BUY,2026-03-18 09:45:00+05:30,2026-03-18 09:50:00+05:30,1410.705,1404.455,6.25,1423.205,2.0,1407.008692087396,2.195000000000164,5.605000000000018,0.3512000000000262,0.8968000000000029,2026-03-18 15:25:00+05:30,1406.4964,END_OF_DAY,False,-4.208599999999933,2.8172014,-7.025801399999933,3.69630791260397,Q1_CLOSEST
RELIANCE,ORB_50,2.0,2026-03-19,BUY,2026-03-19 10:00:00+05:30,2026-03-19 10:05:00+05:30,1407.60345,1397.70345,9.900000000000093,1427.4034500000002,2.0,1400.6510117534958,8.09654999999998,31.50345000000016,0.8178333333333238,3.182166666666653,2026-03-19 12:05:00+05:30,1397.004598275,STOP_LOSS,False,-10.598851725000031,2.8046080482750004,-13.403459773275031,6.952438246504244,Q4_FARTHEST
RELIANCE,ORB_50,2.0,2026-03-19,SELL,2026-03-19 15:10:00+05:30,2026-03-19 15:15:00+05:30,1385.00715,1394.90715,9.899999999999864,1365.2071500000004,2.0,1394.7561863709464,0.0,8.992849999999862,0.0,0.9083686868686854,2026-03-19 15:25:00+05:30,1392.696,END_OF_DAY,False,-7.688849999999775,2.77770315,-10.466553149999775,-9.749036370946442,Q4_FARTHEST
RELIANCE,ORB_50,2.0,2026-03-20,BUY,2026-03-20 09:55:00+05:30,2026-03-20 10:00:00+05:30,1415.80755,1406.95755,8.849999999999909,1433.5075499999998,2.0,1410.945559388781,14.192450000000008,5.207550000000083,1.603666666666684,0.5884237288135747,2026-03-20 15:25:00+05:30,1413.293,END_OF_DAY,False,-2.5145500000000998,2.82910055,-5.343650550000099,4.861990611218971,Q2
RELIANCE,ORB_50,2.0,2026-03-23,SELL,2026-03-23 10:20:00+05:30,2026-03-23 10:25:00+05:30,1391.7038,1398.9038,7.2000000000000455,1377.3038,2.0,1402.6455867943762,0.7038000000000011,23.896199999999908,0.0977499999999995,3.3189166666666328,2026-03-23 11:05:00+05:30,1399.6032519,STOP_LOSS,False,-7.899451900000031,2.7913070519000005,-10.690758951900031,-10.941786794376185,Q4_FARTHEST
RELIANCE,ORB_50,2.0,2026-03-23,BUY,2026-03-23 14:15:00+05:30,2026-03-23 14:20:00+05:30,1411.40535,1404.2053500000002,7.199999999999818,1425.8053499999996,2.0,1401.8596337126348,4.194649999999911,8.705349999999953,0.58259027777778,1.209076388888913,2026-03-23 14:30:00+05:30,1403.503247325,STOP_LOSS,False,-7.902102674999924,2.8149085973250005,-10.717011272324925,9.545716287365167,Q4_FARTHEST
RELIANCE,ORB_50,2.0,2026-03-24,SELL,2026-03-24 09:35:00+05:30,2026-03-24 09:40:00+05:30,1409.6948,1415.5448,5.850000000000136,1397.9947999999995,2.0,1414.4557695728076,3.094800000000077,10.405199999999924,0.529025641025642,1.778666666666612,2026-03-24 10:15:00+05:30,1416.2525724000002,STOP_LOSS,False,-6.557772400000204,2.8259473724,-9.383719772400203,-4.760969572807653,Q2
RELIANCE,ORB_50,2.0,2026-03-25,BUY,2026-03-25 10:35:00+05:30,2026-03-25 10:40:00+05:30,1425.01215,1421.11215,3.900000000000091,1432.8121500000002,2.0,1419.1769386685469,5.48784999999998,16.61214999999993,1.4071410256409878,4.259525641025523,2026-03-25 14:05:00+05:30,1420.4015939249998,STOP_LOSS,False,-4.610556075000204,2.845413743925,-7.455969818925205,5.835211331453138,Q3
RELIANCE,ORB_50,2.0,2026-03-25,SELL,2026-03-25 15:05:00+05:30,2026-03-25 15:10:00+05:30,1413.19305,1417.0930500000002,3.900000000000091,1405.39305,2.0,1419.276626600259,3.1930500000000848,3.0069499999999607,0.8187307692307719,0.7710128205127924,2026-03-25 15:25:00+05:30,1414.5069,END_OF_DAY,False,-1.3138499999997748,2.8276999500000004,-4.141549949999775,-6.0835766002589935,Q3
RELIANCE,ORB_50,2.0,2026-03-27,SELL,2026-03-27 09:30:00+05:30,2026-03-27 09:35:00+05:30,1378.3105,1388.1105000000002,9.800000000000182,1358.7104999999997,2.0,1386.7668242637717,33.31050000000005,3.4894999999999072,3.3990306122448395,0.3560714285714125,2026-03-27 11:55:00+05:30,1359.3898552499998,TARGET,False,18.92064475000029,2.73770035525,16.182944394750294,-8.456324263771648,Q4_FARTHEST
RELIANCE,ORB_50,2.0,2026-03-30,BUY,2026-03-30 09:30:00+05:30,2026-03-30 09:35:00+05:30,1360.2797999999998,1347.8797999999997,12.400000000000093,1385.0798,2.0,1352.77549552101,4.7202000000002045,21.97979999999984,0.3806612903225943,1.7725645161290065,2026-03-30 10:55:00+05:30,1347.2058600999997,STOP_LOSS,False,-13.07393990000014,2.7074856600999992,-15.78142556010014,7.504304478989752,Q4_FARTHEST
RELIANCE,ORB_50,2.0,2026-04-01,SELL,2026-04-01 14:55:00+05:30,2026-04-01 15:00:00+05:30,1363.9177,1373.8677,9.950000000000044,1344.0177,2.0,1371.5562510822576,0.0,7.382299999999986,0.0,0.7419396984924576,2026-04-01 15:25:00+05:30,1370.5849500000002,END_OF_DAY,False,-6.667250000000195,2.7345026500000005,-9.401752650000194,-7.638551082257663,Q4_FARTHEST
RELIANCE,ORB_50,2.0,2026-04-02,SELL,2026-04-02 09:35:00+05:30,2026-04-02 09:40:00+05:30,1345.82675,1350.32675,4.5,1336.82675,2.0,1350.6974161848332,17.826749999999947,12.373250000000098,3.961499999999989,2.749611111111133,2026-04-02 10:00:00+05:30,1337.495163375,TARGET,False,8.331586625,2.683321913375,5.648264711625,-4.870666184833226,Q2
RELIANCE,ORB_50,2.0,2026-04-06,SELL,2026-04-06 09:35:00+05:30,2026-04-06 09:40:00+05:30,1321.7388,1339.1388000000002,17.40000000000009,1286.9388,2.0,1329.4896688658762,31.738800000000083,2.261199999999917,1.8240689655172369,0.1299540229885003,2026-04-06 15:25:00+05:30,1306.653,END_OF_DAY,False,15.085800000000065,2.6283918,12.457408200000064,-7.7508688658761,Q4_FARTHEST
RELIANCE,ORB_50,2.0,2026-04-07,BUY,2026-04-07 15:00:00+05:30,2026-04-07 15:05:00+05:30,1303.6515,1298.4015,5.25,1314.1515,2.0,1297.6941093113833,4.348500000000058,2.9514999999998963,0.8282857142857254,0.5621904761904565,2026-04-07 15:25:00+05:30,1305.84675,END_OF_DAY,False,2.1952499999999877,2.60949825,-0.4142482500000124,5.95739068861667,Q3
RELIANCE,ORB_50,2.0,2026-04-08,BUY,2026-04-08 13:25:00+05:30,2026-04-08 13:30:00+05:30,1350.17475,1338.77475,11.399999999999864,1372.9747499999996,2.0,1341.6529490753928,0.4252500000000054,6.774749999999813,0.0373026315789482,0.5942763157894644,2026-04-08 15:25:00+05:30,1348.5254,END_OF_DAY,False,-1.649349999999913,2.69870015,-4.348050149999913,8.521800924607078,Q4_FARTHEST
RELIANCE,ORB_50,2.0,2026-04-09,SELL,2026-04-09 09:55:00+05:30,2026-04-09 10:00:00+05:30,1336.03165,1342.03165,6.0,1324.03165,2.0,1343.5054762607635,9.731650000000172,3.6683499999999194,1.6219416666666957,0.6113916666666531,2026-04-09 15:25:00+05:30,1329.76455,END_OF_DAY,False,6.267100000000255,2.6657962,3.601303800000255,-7.473826260763644,Q4_FARTHEST
RELIANCE,ORB_50,2.0,2026-04-10,BUY,2026-04-10 09:45:00+05:30,2026-04-10 09:50:00+05:30,1349.17425,1342.67425,6.5,1362.17425,2.0,1343.450000927445,3.1257499999999254,6.674250000000029,0.4808846153846039,1.0268076923076968,2026-04-10 14:25:00+05:30,1342.002912875,STOP_LOSS,False,-7.171337125000036,2.6911771628750003,-9.862514287875037,5.72424907255504,Q3
RELIANCE,ORB_50,2.0,2026-04-15,BUY,2026-04-15 10:45:00+05:30,2026-04-15 10:50:00+05:30,1341.6705,1339.3204999999998,2.3500000000001364,1346.3705000000002,2.0,1337.6858066135394,5.329500000000053,5.670499999999947,2.267872340425422,2.412978723404093,2026-04-15 10:50:00+05:30,1338.6508397499997,STOP_LOSS,False,-3.0196602500002427,2.6803213397499994,-5.699981589750243,3.984693386460549,Q2
RELIANCE,ORB_50,2.0,2026-04-16,SELL,2026-04-16 09:35:00+05:30,2026-04-16 09:40:00+05:30,1338.7303000000002,1345.6303000000005,6.900000000000091,1324.9303,2.0,1342.9595969907048,8.73030000000017,8.069699999999784,1.2652608695652254,1.169521739130388,2026-04-16 15:10:00+05:30,1346.3031151500002,STOP_LOSS,False,-7.572815149999997,2.6850334151500004,-10.257848565149995,-4.229296990704597,Q2
RELIANCE,ORB_50,2.0,2026-04-17,BUY,2026-04-17 11:05:00+05:30,2026-04-17 11:10:00+05:30,1357.6785,1351.7285,5.9500000000000455,1369.5785,2.0,1350.1114108356044,10.721500000000106,0.8785000000000309,1.801932773109248,0.1476470588235335,2026-04-17 15:25:00+05:30,1363.81775,END_OF_DAY,False,6.139249999999947,2.7214962500000004,3.417753749999947,7.567089164395611,Q4_FARTHEST
RELIANCE,ORB_50,2.0,2026-04-20,BUY,2026-04-20 10:25:00+05:30,2026-04-20 10:30:00+05:30,1367.4833999999998,1361.4334,6.0499999999999545,1379.5833999999998,2.0,1361.0704879148618,5.516600000000153,7.383399999999938,0.9118347107438338,1.220396694214875,2026-04-20 15:20:00+05:30,1360.7526833,STOP_LOSS,False,-6.730716699999903,2.7282360833,-9.458952783299903,6.412912085138032,Q3
RELIANCE,ORB_50,2.0,2026-04-21,BUY,2026-04-21 11:00:00+05:30,2026-04-21 11:05:00+05:30,1368.684,1364.3339999999998,4.350000000000136,1377.3840000000002,2.0,1363.5005478106953,1.1159999999999854,18.58400000000006,0.2565517241379196,4.272183908045857,2026-04-21 11:20:00+05:30,1363.651833,STOP_LOSS,False,-5.032167000000072,2.732335833,-7.764502833000073,5.183452189304717,Q2
RELIANCE,ORB_50,2.0,2026-04-21,SELL,2026-04-21 11:45:00+05:30,2026-04-21 11:50:00+05:30,1357.62085,1361.9708500000002,4.350000000000136,1348.9208499999995,2.0,1362.754553231347,7.520850000000109,3.179149999999936,1.7289310344827296,0.7308390804597324,2026-04-21 15:25:00+05:30,1355.57745,END_OF_DAY,False,2.04340000000002,2.7131983,-0.6697982999999805,-5.133703231346999,Q2
RELIANCE,ORB_50,2.0,2026-04-22,BUY,2026-04-22 10:15:00+05:30,2026-04-22 10:20:00+05:30,1359.4794,1355.5794,3.899999999999864,1367.2793999999997,2.0,1354.077611936019,6.520600000000059,2.479399999999941,1.6719487179487915,0.635743589743597,2026-04-22 15:25:00+05:30,1361.319,END_OF_DAY,False,1.8396000000000183,2.7207984,-0.8811983999999811,5.40178806398103,Q3
RELIANCE,ORB_50,2.0,2026-04-23,SELL,2026-04-23 14:40:00+05:30,2026-04-23 14:45:00+05:30,1343.02815,1348.77815,5.75,1331.52815,2.0,1349.89281189495,2.3281500000000506,3.571849999999813,0.4048956521739218,0.6211913043477936,2026-04-23 15:25:00+05:30,1345.0722,END_OF_DAY,False,-2.04404999999997,2.68810035,-4.73215034999997,-6.864661894949904,Q4_FARTHEST
RELIANCE,ORB_50,2.0,2026-04-24,SELL,2026-04-24 09:40:00+05:30,2026-04-24 09:45:00+05:30,1335.1321,1339.4321,4.2999999999999545,1326.5321,2.0,1340.1526786739942,10.132100000000037,3.8678999999999633,2.356302325581429,0.8995116279069777,2026-04-24 12:30:00+05:30,1327.19536605,TARGET,False,7.936733949999962,2.6623274660500003,5.274406483949962,-5.020578673994123,Q2
RELIANCE,ORB_50,2.0,2026-04-27,BUY,2026-04-27 09:50:00+05:30,2026-04-27 09:55:00+05:30,1337.4684,1327.4684,10.0,1357.4684,2.0,1327.7745873184213,34.131599999999935,4.568399999999883,3.4131599999999933,0.4568399999999883,2026-04-27 14:00:00+05:30,1356.7896658,TARGET,False,19.321265799999992,2.6942580658,16.627007734199992,9.69381268157872,Q4_FARTHEST
RELIANCE,ORB_50,2.0,2026-04-28,BUY,2026-04-28 09:55:00+05:30,2026-04-28 10:00:00+05:30,1368.98415,1363.63415,5.350000000000136,1379.6841500000005,2.0,1365.060015160556,26.21585000000005,6.884150000000091,4.9001588785045564,1.2867570093457783,2026-04-28 10:05:00+05:30,1362.9523329249998,STOP_LOSS,False,-6.031817075000163,2.731936482925,-8.763753557925163,3.924134839443923,Q1_CLOSEST
RELIANCE,ORB_50,2.0,2026-04-29,BUY,2026-04-29 10:05:00+05:30,2026-04-29 10:10:00+05:30,1410.40485,1401.30485,9.100000000000136,1428.6048500000004,2.0,1404.648756031086,23.39514999999983,1.2048500000000786,2.570895604395547,0.1324010989011055,2026-04-29 15:20:00+05:30,1427.8905475750005,TARGET,False,17.48569757500036,2.8382953975750005,14.647402177425358,5.756093968914001,Q3
RELIANCE,ORB_50,2.0,2026-04-30,SELL,2026-04-30 09:40:00+05:30,2026-04-30 09:45:00+05:30,1405.99665,1410.2966500000002,4.300000000000182,1397.3966499999997,2.0,1410.2835480562808,12.896650000000136,31.003349999999955,2.999220930232463,7.210081395348522,2026-04-30 10:10:00+05:30,1398.0953483249996,TARGET,False,7.901301675000468,2.804091998325,5.097209676675469,-4.286898056280734,Q2
RELIANCE,ORB_50,2.0,2026-04-30,BUY,2026-04-30 12:25:00+05:30,2026-04-30 12:30:00+05:30,1417.3083,1413.0083,4.2999999999999545,1425.9082999999998,2.0,1405.066510581838,19.691700000000083,2.108299999999872,4.579465116279137,0.4903023255813707,2026-04-30 13:40:00+05:30,1425.1953458499995,TARGET,False,7.887045849999822,2.84250364585,5.044542204149822,12.241789418161943,Q4_FARTHEST
RELIANCE,ORB_50,2.0,2026-05-04,BUY,2026-05-04 11:10:00+05:30,2026-05-04 11:15:00+05:30,1448.82405,1442.27405,6.5499999999999545,1461.92405,2.0,1443.2071986683318,18.575950000000148,2.324049999999943,2.836022900763401,0.3548167938931235,2026-05-04 12:55:00+05:30,1461.1930879749998,TARGET,False,12.369037974999856,2.910017137975,9.459020837024855,5.616851331668158,Q3
RELIANCE,ORB_50,2.0,2026-05-05,BUY,2026-05-05 09:30:00+05:30,2026-05-05 09:35:00+05:30,1471.23525,1464.08525,7.149999999999864,1485.5352499999997,2.0,1465.669112282124,2.16475000000014,21.23524999999995,0.3027622377622631,2.969965034965085,2026-05-05 10:10:00+05:30,1463.353207375,STOP_LOSS,False,-7.88204262499994,2.934588457375,-10.81663108237494,5.566137717876018,Q3
RELIANCE,ORB_50,2.0,2026-05-05,SELL,2026-05-05 10:30:00+05:30,2026-05-05 10:35:00+05:30,1451.77375,1458.92375,7.149999999999864,1437.4737500000003,2.0,1463.4776639530965,1.7737500000000637,15.426249999999982,0.2480769230769367,2.157517482517521,2026-05-05 12:10:00+05:30,1459.653211875,STOP_LOSS,False,-7.8794618749998335,2.911426961875,-10.790888836874831,-11.70391395309639,Q4_FARTHEST
RELIANCE,ORB_50,2.0,2026-05-06,SELL,2026-05-06 09:55:00+05:30,2026-05-06 10:00:00+05:30,1461.0691,1466.2190999999998,5.149999999999864,1450.7691000000002,2.0,1465.5454978584228,33.569099999999935,0.7309000000000196,6.5182718446603545,0.1419223300970949,2026-05-06 10:35:00+05:30,1451.4944845500002,TARGET,False,9.574615449999785,2.91256358455,6.662051865449783,-4.4763978584228425,Q2
RELIANCE,ORB_50,2.0,2026-05-06,SELL,2026-05-06 14:35:00+05:30,2026-05-06 14:40:00+05:30,1444.8772,1450.0272,5.150000000000091,1434.5771999999995,2.0,1446.7727037798288,9.877199999999904,1.822800000000143,1.9179029126213063,0.353941747572837,2026-05-06 15:25:00+05:30,1439.41935,END_OF_DAY,False,5.45784999999978,2.88429655,2.57355344999978,-1.895503779828914,Q1_CLOSEST
RELIANCE,ORB_50,2.0,2026-05-07,BUY,2026-05-07 09:40:00+05:30,2026-05-07 09:45:00+05:30,1443.02115,1437.12115,5.900000000000091,1454.8211500000002,2.0,1437.1566000717976,6.478849999999966,12.021150000000034,1.0981101694915028,2.037483050847432,2026-05-07 10:05:00+05:30,1436.402589425,STOP_LOSS,False,-6.618560575000174,2.879423739425,-9.497984314425176,5.86454992820245,Q3
RELIANCE,ORB_50,2.0,2026-05-08,BUY,2026-05-08 10:20:00+05:30,2026-05-08 10:25:00+05:30,1431.61545,1425.61545,6.0,1443.61545,2.0,1424.362464485032,11.184549999999945,9.915449999999964,1.8640916666666572,1.652574999999994,2026-05-08 11:45:00+05:30,1424.902642275,STOP_LOSS,False,-6.712807724999948,2.856518092275,-9.569325817274947,7.252985514968032,Q4_FARTHEST
RELIANCE,ORB_50,2.0,2026-05-11,SELL,2026-05-11 09:30:00+05:30,2026-05-11 09:35:00+05:30,1416.79125,1421.79125,5.0,1406.79125,2.0,1420.655350991045,34.79124999999999,4.908750000000055,6.958249999999998,0.9817500000000108,2026-05-11 12:35:00+05:30,1407.494645625,TARGET,False,9.296604375000015,2.824285895625,6.472318479375016,-3.8641009910450066,Q1_CLOSEST
RELIANCE,ORB_50,2.0,2026-05-12,SELL,2026-05-12 10:05:00+05:30,2026-05-12 10:10:00+05:30,1378.5104,1384.6104,6.099999999999909,1366.3104000000003,2.0,1386.1863114743512,18.210400000000163,14.989599999999882,2.9853114754099077,2.457311475409853,2026-05-12 11:10:00+05:30,1385.3027052,STOP_LOSS,False,-6.792305199999873,2.7638131052,-9.556118305199874,-7.675911474351324,Q4_FARTHEST
RELIANCE,ORB_50,2.0,2026-05-12,SELL,2026-05-12 12:20:00+05:30,2026-05-12 12:25:00+05:30,1379.31,1385.41,6.099999999999909,1367.11,2.0,1385.871493450647,19.00999999999999,2.590000000000145,3.116393442622996,0.4245901639344564,2026-05-12 14:50:00+05:30,1367.7935550000002,TARGET,False,11.516444999999749,2.7471035550000003,8.769341444999748,-6.561493450647049,Q3
RELIANCE,ORB_50,2.0,2026-05-13,SELL,2026-05-13 09:35:00+05:30,2026-05-13 09:40:00+05:30,1354.3225,1361.9725,7.650000000000091,1339.0224999999998,2.0,1362.3652104182318,1.9224999999999,15.677500000000007,0.2513071895424676,2.049346405228735,2026-05-13 11:45:00+05:30,1362.65348625,STOP_LOSS,False,-8.330986250000024,2.71697598625,-11.047962236250024,-8.042710418231763,Q4_FARTHEST
RELIANCE,ORB_50,2.0,2026-05-14,SELL,2026-05-14 09:35:00+05:30,2026-05-14 09:40:00+05:30,1363.5179,1365.8679000000002,2.3500000000001364,1358.8178999999998,2.0,1366.9197326989297,5.117899999999963,14.482099999999946,2.1778297872339003,6.162595744680471,2026-05-14 10:05:00+05:30,1359.4973089499997,TARGET,False,4.020591050000348,2.72301520895,1.2975758410503486,-3.4018326989296384,Q1_CLOSEST
RELIANCE,ORB_50,2.0,2026-05-14,BUY,2026-05-14 12:15:00+05:30,2026-05-14 12:20:00+05:30,1372.18575,1369.8357500000002,2.349999999999909,1376.88575,2.0,1366.9227993186423,4.014249999999947,13.785750000000007,1.7081914893617458,5.866276595744911,2026-05-14 12:50:00+05:30,1369.150832125,STOP_LOSS,False,-3.034917875000019,2.741336582125,-5.776254457125019,5.262950681357779,Q3
RELIANCE,ORB_50,2.0,2026-05-14,SELL,2026-05-14 14:30:00+05:30,2026-05-14 14:35:00+05:30,1363.9177,1366.2677,2.349999999999909,1359.2177,2.0,1367.689152082561,5.517699999999877,4.682299999999941,2.3479574468085493,1.992468085106435,2026-05-14 15:05:00+05:30,1359.8973088500002,TARGET,False,4.020391149999796,2.7238150088500004,1.2965761411497954,-3.771452082560927,Q1_CLOSEST
RELIANCE,ORB_50,2.0,2026-05-15,SELL,2026-05-15 09:30:00+05:30,2026-05-15 09:35:00+05:30,1343.9277,1352.0277,8.100000000000136,1327.7276999999997,2.0,1351.010825236502,14.727699999999912,4.072300000000041,1.8182345679011933,0.5027530864197497,2026-05-15 15:25:00+05:30,1339.6695,END_OF_DAY,False,4.258199999999988,2.6835972000000003,1.5746027999999876,-7.083125236501928,Q4_FARTHEST
RELIANCE,ORB_50,2.0,2026-05-18,SELL,2026-05-18 09:35:00+05:30,2026-05-18 09:40:00+05:30,1319.34,1325.09,5.75,1307.84,2.0,1324.61859933723,0.2400000000000091,22.66000000000008,0.0417391304347841,3.9408695652174055,2026-05-18 10:10:00+05:30,1325.7525449999998,STOP_LOSS,False,-6.412544999999909,2.645092545,-9.057637544999908,-5.278599337230162,Q3
RELIANCE,ORB_50,2.0,2026-05-18,BUY,2026-05-18 10:55:00+05:30,2026-05-18 11:00:00+05:30,1337.16825,1331.41825,5.75,1348.66825,2.0,1326.5461166004447,4.831750000000056,7.068250000000035,0.8403043478260968,1.2292608695652234,2026-05-18 14:20:00+05:30,1330.752540875,STOP_LOSS,False,-6.415709124999921,2.667920790875,-9.08362991587492,10.622133399555196,Q4_FARTHEST
RELIANCE,ORB_50,2.0,2026-05-19,SELL,2026-05-19 11:30:00+05:30,2026-05-19 11:35:00+05:30,1334.83225,1338.88225,4.0499999999999545,1326.73225,2.0,1339.3892822478945,16.43224999999984,2.8677500000001146,4.057345679012352,0.7080864197531227,2026-05-19 14:50:00+05:30,1327.395616125,TARGET,False,7.43663387499987,2.6622278661250003,4.77440600887487,-4.55703224789454,Q2
RELIANCE,ORB_50,2.0,2026-05-20,BUY,2026-05-20 09:30:00+05:30,2026-05-20 09:35:00+05:30,1326.663,1321.063,5.599999999999909,1337.8629999999998,2.0,1321.3270020162486,36.23700000000008,6.563000000000102,6.470892857142976,1.1719642857143229,2026-05-20 09:40:00+05:30,1320.4024685000002,STOP_LOSS,False,-6.260531499999843,2.6470654685,-8.907596968499842,5.33599798375144,Q3
RELIANCE,ORB_50,2.0,2026-05-21,SELL,2026-05-21 09:30:00+05:30,2026-05-21 09:35:00+05:30,1356.7213000000002,1362.9713000000002,6.25,1344.2213000000002,2.0,1361.2759380727755,11.52130000000011,3.6786999999999352,1.8434080000000177,0.5885919999999897,2026-05-21 15:25:00+05:30,1349.6745,END_OF_DAY,False,7.046800000000076,2.7063958,4.340404200000076,-4.554638072775333,Q2
RELIANCE,ORB_50,2.0,2026-05-22,BUY,2026-05-22 11:40:00+05:30,2026-05-22 11:45:00+05:30,1358.57895,1354.17895,4.400000000000091,1367.3789500000005,2.0,1354.7548176154992,8.821050000000014,6.178949999999986,2.0047840909090526,1.404306818181786,2026-05-22 13:00:00+05:30,1366.6952605250003,TARGET,False,8.116310525000245,2.7252742105250003,5.391036314475244,3.824132384500899,Q1_CLOSEST
RELIANCE,ORB_50,2.0,2026-05-25,SELL,2026-05-25 09:35:00+05:30,2026-05-25 09:40:00+05:30,1359.02015,1364.47015,5.4500000000000455,1348.12015,2.0,1363.4026762573906,2.020150000000058,9.779849999999897,0.3706697247706497,1.794467889908223,2026-05-25 13:15:00+05:30,1365.1523850750002,STOP_LOSS,False,-6.132235075000153,2.724172535075,-8.856407610075154,-4.382526257390509,Q2
RELIANCE,ORB_50,2.0,2026-05-26,BUY,2026-05-26 09:55:00+05:30,2026-05-26 10:00:00+05:30,1366.0827000000002,1362.4827000000002,3.599999999999909,1373.2827,2.0,1362.6389343448648,2.417299999999841,13.682700000000068,0.671472222222195,3.800750000000115,2026-05-26 11:00:00+05:30,1361.8014586500003,STOP_LOSS,False,-4.281241349999846,2.72788415865,-7.009125508649846,3.443765655135394,Q1_CLOSEST
RELIANCE,ORB_50,2.0,2026-05-26,SELL,2026-05-26 14:00:00+05:30,2026-05-26 14:05:00+05:30,1356.5214,1360.1214,3.599999999999909,1349.3214000000005,2.0,1361.8914553099278,4.121399999999994,3.67859999999996,1.144833333333361,1.021833333333348,2026-05-26 15:10:00+05:30,1360.8014607,STOP_LOSS,False,-4.280060699999922,2.7173228607,-6.997383560699921,-5.370055309927693,Q3
RELIANCE,ORB_50,2.0,2026-05-27,BUY,2026-05-27 09:45:00+05:30,2026-05-27 09:50:00+05:30,1359.8796,1356.3796,3.5,1366.8796,2.0,1355.3393805828107,1.1204000000000178,11.279600000000071,0.3201142857142908,3.2227428571428782,2026-05-27 09:50:00+05:30,1355.7014102,STOP_LOSS,False,-4.178189799999927,2.7155810102,-6.893770810199928,4.540219417189292,Q2
RELIANCE,ORB_50,2.0,2026-05-27,SELL,2026-05-27 14:40:00+05:30,2026-05-27 14:45:00+05:30,1350.1246,1353.6246,3.5,1343.1246,2.0,1355.7575617157215,1.524599999999964,3.875400000000127,0.4355999999999897,1.1072571428571791,2026-05-27 15:25:00+05:30,1354.3014122999998,STOP_LOSS,False,-4.176812299999938,2.7044260122999995,-6.881238312299937,-5.632961715721422,Q3
RELIANCE,ORB_50,2.0,2026-05-29,SELL,2026-05-29 10:20:00+05:30,2026-05-29 10:25:00+05:30,1345.2270500000002,1355.37705,10.149999999999864,1324.9270500000005,2.0,1352.8140568981637,28.22705000000019,4.572949999999764,2.7809901477833074,0.4505369458127907,2026-05-29 15:00:00+05:30,1325.5895135250005,TARGET,False,19.637536474999703,2.6708165635250007,16.966719911474705,-7.587006898163509,Q4_FARTHEST
RELIANCE,ORB_50,2.0,2026-06-01,SELL,2026-06-01 14:05:00+05:30,2026-06-01 14:10:00+05:30,1320.1396,1327.4896,7.349999999999909,1305.4396000000002,2.0,1325.604390486665,1.639599999999973,2.960399999999936,0.2230748299319719,0.4027755102040779,2026-06-01 15:25:00+05:30,1321.5604500000002,END_OF_DAY,False,-1.4208500000002005,2.6417000500000003,-4.062550050000201,-5.464790486664924,Q3
RELIANCE,ORB_50,2.0,2026-06-02,SELL,2026-06-02 11:00:00+05:30,2026-06-02 11:05:00+05:30,1305.347,1311.697,6.350000000000136,1292.6469999999997,2.0,1314.3208416232628,5.0470000000000255,22.45299999999997,0.7948031496062862,3.5359055118109435,2026-06-02 12:55:00+05:30,1312.3528485000002,STOP_LOSS,False,-7.005848500000184,2.6176998485000005,-9.623548348500185,-8.973841623262842,Q4_FARTHEST
RELIANCE,ORB_50,2.0,2026-06-03,SELL,2026-06-03 10:05:00+05:30,2026-06-03 10:10:00+05:30,1304.04765,1313.39765,9.349999999999907,1285.3476500000002,2.0,1309.5874954078745,3.047649999999976,13.75234999999998,0.3259518716577546,1.4708395721925254,2026-06-03 13:45:00+05:30,1314.0543488249998,STOP_LOSS,False,-10.00669882499983,2.6181019988250003,-12.624800823824833,-5.539845407874509,Q3
RELIANCE,ORB_50,2.0,2026-06-04,SELL,2026-06-04 13:10:00+05:30,2026-06-04 13:15:00+05:30,1294.45245,1299.20245,4.75,1284.95245,2.0,1303.9913628643023,1.35245000000009,14.04755,0.2847263157894926,2.9573789473684213,2026-06-04 13:40:00+05:30,1299.852051225,STOP_LOSS,False,-5.399601224999969,2.594304501225,-7.99390572622497,-9.538912864302347,Q4_FARTHEST
RELIANCE,ORB_50,2.0,2026-06-05,SELL,2026-06-05 10:30:00+05:30,2026-06-05 10:35:00+05:30,1296.9512,1300.7512,3.7999999999999545,1289.3512,2.0,1300.0987681876306,8.951199999999972,4.148799999999937,2.355578947368442,1.091789473684207,2026-06-05 12:25:00+05:30,1301.4015756,STOP_LOSS,False,-4.450375599999916,2.5983527756,-7.048728375599916,-3.147568187630668,Q1_CLOSEST
RELIANCE,ORB_50,2.0,2026-06-08,SELL,2026-06-08 13:20:00+05:30,2026-06-08 13:25:00+05:30,1271.86375,1275.86375,4.0,1263.86375,2.0,1276.5570256697629,12.663749999999936,1.0362500000001091,3.165937499999984,0.2590625000000273,2026-06-08 15:00:00+05:30,1264.495681875,TARGET,False,7.368068125000036,2.536359431875,4.831708693125036,-4.6932756697628975,Q2
RELIANCE,ORB_50,2.0,2026-06-09,SELL,2026-06-09 10:45:00+05:30,2026-06-09 10:50:00+05:30,1261.66885,1266.2188500000002,4.550000000000182,1252.5688499999997,2.0,1269.0263192818668,4.16885000000002,11.23115000000007,0.9162307692307372,2.468384615384532,2026-06-09 11:50:00+05:30,1266.851959425,STOP_LOSS,False,-5.183109425000112,2.528520809425,-7.711630234425112,-7.35746928186677,Q4_FARTHEST
RELIANCE,ORB_50,2.0,2026-06-10,BUY,2026-06-10 09:30:00+05:30,2026-06-10 09:35:00+05:30,1297.54845,1288.59845,8.950000000000045,1315.44845,2.0,1290.0296264207902,2.151550000000043,43.14844999999991,0.2403966480446963,4.821055865921753,2026-06-10 10:05:00+05:30,1287.954150775,STOP_LOSS,False,-9.594299224999986,2.5855026007750004,-12.179801825774987,7.518823579209766,Q4_FARTHEST
RELIANCE,ORB_50,2.0,2026-06-10,SELL,2026-06-10 12:15:00+05:30,2026-06-10 12:20:00+05:30,1273.363,1282.313,8.950000000000045,1255.463,2.0,1284.9933005267144,18.962999999999965,2.0370000000000346,2.118770949720656,0.2275977653631312,2026-06-10 15:15:00+05:30,1256.0907315,TARGET,False,17.27226850000011,2.5294537315,14.742814768500107,-11.630300526714336,Q4_FARTHEST
RELIANCE,ORB_50,2.0,2026-06-11,BUY,2026-06-11 09:35:00+05:30,2026-06-11 09:40:00+05:30,1262.0307,1258.0307,4.0,1270.0307,2.0,1258.5032446830332,13.969299999999976,4.030700000000024,3.492324999999994,1.007675000000006,2026-06-11 10:00:00+05:30,1257.40168465,STOP_LOSS,False,-4.629015349999918,2.51943238465,-7.148447734649918,3.5274553169667797,Q1_CLOSEST
RELIANCE,ORB_50,2.0,2026-06-12,SELL,2026-06-12 09:35:00+05:30,2026-06-12 09:40:00+05:30,1269.365,1274.565,5.2000000000000455,1258.965,2.0,1273.8275362821223,6.865000000000009,27.63499999999999,1.320192307692298,5.3144230769230285,2026-06-12 13:35:00+05:30,1275.2022825,STOP_LOSS,False,-5.8372825000001285,2.5445672825,-8.38184978250013,-4.462536282122301,Q2
RELIANCE,ORB_50,2.0,2026-06-15,SELL,2026-06-15 12:40:00+05:30,2026-06-15 12:45:00+05:30,1304.24755,1314.24755,10.0,1284.24755,2.0,1313.0913680687097,0.947550000000092,5.452449999999999,0.0947550000000092,0.5452449999999999,2026-06-15 15:25:00+05:30,1307.15325,END_OF_DAY,False,-2.9057000000000244,2.6114008,-5.517100800000025,-8.843818068709652,Q4_FARTHEST
RELIANCE,ORB_50,2.0,2026-06-16,BUY,2026-06-16 09:35:00+05:30,2026-06-16 09:40:00+05:30,1315.55745,1312.05745,3.5,1322.55745,2.0,1311.812672157214,17.842550000000074,2.557450000000017,5.09787142857145,0.7307000000000049,2026-06-16 10:25:00+05:30,1321.896171275,TARGET,False,6.338721274999898,2.637453621275,3.701267653724898,3.7447778427861067,Q1_CLOSEST
RELIANCE,ORB_50,2.0,2026-06-18,SELL,2026-06-18 11:15:00+05:30,2026-06-18 11:20:00+05:30,1324.03765,1327.98765,3.9500000000000455,1316.13765,2.0,1327.8992359108556,2.037649999999985,8.962350000000015,0.5158607594936612,2.2689493670885854,2026-06-18 11:45:00+05:30,1328.651643825,STOP_LOSS,False,-4.61399382500008,2.6526892938250004,-7.26668311882508,-3.861585910855638,Q1_CLOSEST
RELIANCE,ORB_50,2.0,2026-06-19,BUY,2026-06-19 10:05:00+05:30,2026-06-19 10:10:00+05:30,1336.76805,1331.21805,5.5499999999999545,1347.8680499999998,2.0,1333.1136941018772,1.4319500000001426,31.46804999999995,0.2580090090090368,5.669918918918956,2026-06-19 10:25:00+05:30,1330.552440975,STOP_LOSS,False,-6.215609025000049,2.667320490975,-8.882929515975048,3.6543558981227307,Q1_CLOSEST
RELIANCE,ORB_50,2.0,2026-06-19,SELL,2026-06-19 11:20:00+05:30,2026-06-19 11:25:00+05:30,1323.6378499999998,1329.1878499999998,5.5499999999999545,1312.53785,2.0,1331.0352731287371,18.33784999999989,12.362150000000156,3.304117117117124,2.227414414414461,2026-06-19 12:40:00+05:30,1329.8524439249998,STOP_LOSS,False,-6.214593924999917,2.653490293925,-8.868084218924917,-7.397423128737273,Q4_FARTHEST
RELIANCE,ORB_50,2.0,2026-06-19,SELL,2026-06-19 14:20:00+05:30,2026-06-19 14:25:00+05:30,1315.1421,1320.6921,5.5499999999999545,1304.0421,2.0,1327.142770662373,9.842100000000071,6.857899999999972,1.773351351351379,1.2356576576576628,2026-06-19 14:35:00+05:30,1321.35244605,STOP_LOSS,False,-6.210346049999998,2.63649454605,-8.846840596049999,-12.000670662373068,Q4_FARTHEST
RELIANCE,ORB_50,2.0,2026-06-23,SELL,2026-06-23 11:55:00+05:30,2026-06-23 12:00:00+05:30,1322.9381999999998,1327.5382,4.600000000000136,1313.7381999999996,2.0,1327.3949743700646,18.938199999999824,1.0618000000001755,4.11699999999984,0.2308260869565531,2026-06-23 15:00:00+05:30,1314.3950690999995,TARGET,False,8.543130900000278,2.6373332690999995,5.905797630900279,-4.45677437006475,Q2
RELIANCE,ORB_50,2.0,2026-06-24,SELL,2026-06-24 09:45:00+05:30,2026-06-24 09:50:00+05:30,1297.25105,1301.15105,3.899999999999864,1289.4510500000004,2.0,1302.9006095217844,0.0,24.748949999999923,0.0,6.345884615384818,2026-06-24 09:55:00+05:30,1301.801625525,STOP_LOSS,False,-4.550575524999886,2.5990526755250003,-7.1496282005248855,-5.64955952178434,Q3
RELIANCE,ORB_50,2.0,2026-06-24,BUY,2026-06-24 10:05:00+05:30,2026-06-24 10:10:00+05:30,1312.15575,1308.2557499999998,3.900000000000091,1319.95575,2.0,1303.9423792953237,9.844250000000102,3.055749999999989,2.524166666666634,0.78352564102562,2026-06-24 13:15:00+05:30,1319.295772125,TARGET,False,7.140022125000087,2.631451522125,4.508570602875087,8.213370704676208,Q4_FARTHEST
RELIANCE,ORB_50,2.0,2026-06-25,BUY,2026-06-25 09:50:00+05:30,2026-06-25 09:55:00+05:30,1326.76305,1323.16305,3.599999999999909,1333.9630499999998,2.0,1322.8589007458138,1.236949999999979,12.163050000000112,0.343597222222225,3.3786250000001163,2026-06-25 11:25:00+05:30,1322.501468475,STOP_LOSS,False,-4.261581524999883,2.649264518475,-6.910846043474884,3.9041492541862226,Q1_CLOSEST
RELIANCE,ORB_50,2.0,2026-06-25,SELL,2026-06-25 14:40:00+05:30,2026-06-25 14:45:00+05:30,1314.84225,1318.44225,3.6000000000001364,1307.6422499999996,2.0,1322.0341633958765,0.2422500000000127,6.057750000000169,0.0672916666666676,1.6827083333333166,2026-06-25 14:45:00+05:30,1319.101471125,STOP_LOSS,False,-4.259221125000067,2.633943721125,-6.893164846125067,-7.191913395876554,Q4_FARTHEST
RELIANCE,ORB_50,2.0,2026-06-29,SELL,2026-06-29 11:40:00+05:30,2026-06-29 11:45:00+05:30,1304.44745,1308.29745,3.850000000000136,1296.7474499999996,2.0,1309.1162317544747,11.84744999999998,1.3525500000000648,3.0772597402596262,0.3513116883116927,2026-06-29 13:45:00+05:30,1297.3958237249997,TARGET,False,7.051626275000217,2.601843273725,4.449783001275217,-4.668781754474821,Q2
RELIANCE,ORB_50,2.0,2026-06-30,SELL,2026-06-30 09:30:00+05:30,2026-06-30 09:35:00+05:30,1290.9542,1298.3042,7.350000000000136,1276.2541999999996,2.0,1295.4702979666947,0.9541999999999008,9.0458000000001,0.1298231292516847,1.2307210884353648,2026-06-30 11:25:00+05:30,1298.9533521,STOP_LOSS,False,-7.999152100000174,2.5899075521,-10.589059652100174,-4.516097966694815,Q2
RELIANCE,ORB_50,2.0,2026-07-01,BUY,2026-07-01 09:55:00+05:30,2026-07-01 10:00:00+05:30,1308.0537000000002,1305.6537000000003,2.399999999999864,1312.8537,2.0,1302.241811780691,4.146299999999883,5.053700000000163,1.7276250000000497,2.1057083333335207,2026-07-01 10:10:00+05:30,1305.0008731500002,STOP_LOSS,False,-3.052826849999974,2.613054573150001,-5.665881423149974,5.8118882193091395,Q3
RELIANCE,ORB_50,2.0,2026-07-02,SELL,2026-07-02 10:10:00+05:30,2026-07-02 10:15:00+05:30,1304.3475,1307.9975,3.649999999999864,1297.0475000000004,2.0,1308.3235748385937,5.347500000000082,2.652499999999918,1.465068493150762,0.726712328767128,2026-07-02 15:25:00+05:30,1302.55095,END_OF_DAY,False,1.7965500000000247,2.60689845,-0.8103484499999754,-3.976074838593604,Q2
RELIANCE,ORB_50,2.0,2026-07-03,SELL,2026-07-03 10:00:00+05:30,2026-07-03 10:05:00+05:30,1303.7478,1306.7478,3.0,1297.7478,2.0,1307.192624489997,1.7478000000000975,6.252199999999903,0.5826000000000325,2.0840666666666343,2026-07-03 11:40:00+05:30,1307.4011739,STOP_LOSS,False,-3.653373899999906,2.6111489739,-6.264522873899906,-3.4448244899967904,Q1_CLOSEST
RELIANCE,ORB_50,2.0,2026-07-06,BUY,2026-07-06 10:20:00+05:30,2026-07-06 10:25:00+05:30,1307.35335,1304.10335,3.25,1313.85335,2.0,1303.716104737891,18.246649999999818,1.0533500000001368,5.61435384615379,0.3241076923077344,2026-07-06 10:50:00+05:30,1313.196423325,TARGET,False,5.843073324999978,2.6205497733250005,3.222523551674977,3.6372452621089906,Q1_CLOSEST
RELIANCE,ORB_50,2.0,2026-07-07,SELL,2026-07-07 11:40:00+05:30,2026-07-07 11:45:00+05:30,1311.9436999999998,1318.3437,6.400000000000091,1299.1436999999996,2.0,1318.2246294355257,7.843699999999899,4.956300000000283,1.2255781249999669,0.7744218750000332,2026-07-07 15:25:00+05:30,1305.55245,END_OF_DAY,False,6.391249999999673,2.61749615,3.773753849999673,-6.280929435525877,Q3
RELIANCE,ORB_50,2.0,2026-07-08,SELL,2026-07-08 14:05:00+05:30,2026-07-08 14:10:00+05:30,1274.9622,1287.1122,12.150000000000093,1250.6621999999998,2.0,1287.306852932544,3.36220000000003,5.63779999999997,0.2767242798353913,0.4640164609053439,2026-07-08 15:25:00+05:30,1275.53745,END_OF_DAY,False,-0.5752500000000964,2.55049965,-3.1257496500000963,-12.344652932544022,Q4_FARTHEST
RELIANCE,ORB_50,2.0,2026-07-09,BUY,2026-07-09 09:35:00+05:30,2026-07-09 09:40:00+05:30,1288.74405,1282.54405,6.2000000000000455,1301.14405,2.0,1283.0374602029617,7.755949999999984,11.94405000000006,1.2509596774193432,1.9264596774193503,2026-07-09 14:45:00+05:30,1281.902777975,STOP_LOSS,False,-6.84127202500008,2.570646827975,-9.41191885297508,5.706589797038305,Q3
RELIANCE,ORB_50,2.0,2026-07-10,BUY,2026-07-10 09:45:00+05:30,2026-07-10 09:50:00+05:30,1304.0517,1296.9517,7.099999999999909,1318.2516999999998,2.0,1297.4766674311866,7.048299999999927,4.251700000000028,0.9927183098591572,0.5988309859155045,2026-07-10 15:25:00+05:30,1308.9452,END_OF_DAY,False,4.893499999999904,2.6129969,2.2805030999999034,6.575032568813413,Q3
RELIANCE,ORB_50,2.0,2026-07-13,SELL,2026-07-13 11:40:00+05:30,2026-07-13 11:45:00+05:30,1296.7513,1300.1013000000005,3.3500000000001364,1290.0513,2.0,1301.2623846257663,1.7513000000001284,6.048699999999826,0.5227761194030022,1.8055820895521133,2026-07-13 12:10:00+05:30,1300.7513506500002,STOP_LOSS,False,-4.000050650000048,2.5975026506500005,-6.597553300650048,-4.511084625766443,Q2
RELIANCE,ORB_50,2.0,2026-07-14,BUY,2026-07-14 10:00:00+05:30,2026-07-14 10:05:00+05:30,1299.8496,1295.4496,4.400000000000091,1308.6496000000002,2.0,1297.1764566776162,8.15039999999999,12.94959999999992,1.852363636363596,2.94309090909083,2026-07-14 13:55:00+05:30,1294.8018751999998,STOP_LOSS,False,-5.047724800000196,2.5946514752,-7.642376275200196,2.673143322383794,Q1_CLOSEST
RELIANCE,ORB_50,2.0,2026-07-14,SELL,2026-07-14 15:15:00+05:30,2026-07-14 15:20:00+05:30,1289.355,1293.755,4.400000000000091,1280.5549999999998,2.0,1296.84599079349,2.4549999999999272,6.944999999999936,0.5579545454545174,1.5784090909090438,2026-07-14 15:20:00+05:30,1294.4018775000002,STOP_LOSS,False,-5.046877500000164,2.5837568775,-7.630634377500164,-7.4909907934900275,Q4_FARTHEST
RELIANCE,ORB_50,2.0,2026-07-16,BUY,2026-07-16 09:40:00+05:30,2026-07-16 09:45:00+05:30,1308.55395,1304.30395,4.25,1317.05395,2.0,1302.5805580142755,0.2460499999999683,16.75395000000003,0.0578941176470513,3.9421058823529487,2026-07-16 09:45:00+05:30,1303.651798025,STOP_LOSS,False,-4.902151974999924,2.612205748025,-7.514357723024924,5.973391985724447,Q3
RELIANCE,ORB_50,2.0,2026-07-17,BUY,2026-07-17 09:35:00+05:30,2026-07-17 09:40:00+05:30,1313.15625,1305.40625,7.75,1328.65625,2.0,1311.3458302385363,17.143749999999955,0.756249999999909,2.2120967741935424,0.0975806451612785,2026-07-17 15:20:00+05:30,1327.991921875,TARGET,False,14.835671874999887,2.6411481718750003,12.194523703124888,1.8104197614636632,Q1_CLOSEST
RELIANCE,ORB_50,2.0,2026-07-21,SELL,2026-07-21 09:30:00+05:30,2026-07-21 09:35:00+05:30,1313.64285,1319.04285,5.400000000000091,1302.8428499999998,2.0,1317.9720133532212,10.942849999999908,6.257150000000138,2.0264537037036523,1.1587314814814875,2026-07-21 09:50:00+05:30,1319.702371425,STOP_LOSS,False,-6.0595214250001845,2.633345221425,-8.692866646425184,-4.329163353221247,Q2
RELIANCE,ORB_50,2.0,2026-07-22,SELL,2026-07-22 09:30:00+05:30,2026-07-22 09:35:00+05:30,1293.85275,1297.0527499999998,3.199999999999818,1287.4527500000004,2.0,1298.9838182944889,13.152749999999967,3.847250000000031,4.110234375000224,1.202265625000078,2026-07-22 09:35:00+05:30,1297.701276375,STOP_LOSS,False,-3.848526374999892,2.591554026375,-6.4400804013748925,-5.131068294488841,Q2
RELIANCE,ORB_50,2.0,2026-07-23,BUY,2026-07-23 10:00:00+05:30,2026-07-23 10:05:00+05:30,1285.34235,1282.49235,2.8500000000001364,1291.0423500000004,2.0,1282.023259118051,1.9576499999998305,17.342350000000124,0.6868947368420129,6.08503508771905,2026-07-23 10:10:00+05:30,1281.851103825,STOP_LOSS,False,-3.491246175000242,2.567193453825,-6.0584396288252425,3.319090881948796,Q1_CLOSEST
RELIANCE,ORB_50,2.0,2026-07-24,BUY,2026-07-24 10:25:00+05:30,2026-07-24 10:30:00+05:30,1272.0357,1261.4357,10.600000000000136,1293.2357000000004,2.0,1265.8122301446292,11.364299999999956,1.835700000000088,1.072103773584888,0.1731792452830249,2026-07-24 15:25:00+05:30,1279.65985,END_OF_DAY,False,7.624149999999872,2.5516955500000003,5.0724544499998725,6.223469855370695,Q3
RELIANCE,ORB_50,2.0,2026-07-27,SELL,2026-07-27 09:50:00+05:30,2026-07-27 09:55:00+05:30,1281.7588,1284.8588,3.099999999999909,1275.5588000000002,2.0,1284.414951021004,3.7588000000000648,2.2411999999999352,1.2125161290323143,0.7229677419354842,2026-07-27 15:25:00+05:30,1281.6405,END_OF_DAY,False,0.1183000000000902,2.5633993,-2.4450992999999097,-2.656151021004007,Q1_CLOSEST
RELIANCE,ORB_50,2.0,2026-07-28,BUY,2026-07-28 10:55:00+05:30,2026-07-28 11:00:00+05:30,1279.0392000000002,1274.7892000000002,4.25,1287.5392000000002,2.0,1274.8454505969346,0.160799999999881,13.139200000000072,0.037835294117619,3.0915764705882527,2026-07-28 11:20:00+05:30,1274.1518054,STOP_LOSS,False,-4.887394600000107,2.5531910054,-7.440585605400107,4.193749403065567,Q2
RELIANCE,ORB_50,2.0,2026-07-28,SELL,2026-07-28 14:45:00+05:30,2026-07-28 14:50:00+05:30,1266.46645,1270.71645,4.25,1257.96645,2.0,1273.1322358384332,0.5664499999998043,5.533550000000105,0.1332823529411304,1.302011764705907,2026-07-28 15:25:00+05:30,1271.3518082249998,STOP_LOSS,False,-4.885358224999891,2.537818258225,-7.423176483224891,-6.665785838433294,Q3
RELIANCE,ORB_50,2.0,2026-07-29,BUY,2026-07-29 09:35:00+05:30,2026-07-29 09:40:00+05:30,1277.93865,1275.13865,2.7999999999999545,1283.53865,2.0,1275.3253529651492,4.461350000000039,9.238650000000009,1.5933392857143254,3.2995178571429133,2026-07-29 09:50:00+05:30,1274.501080675,STOP_LOSS,False,-3.437569324999913,2.552439730675,-5.990009055674913,2.6132970348508024,Q1_CLOSEST
RELIANCE,ORB_50,2.0,2026-07-29,SELL,2026-07-29 10:45:00+05:30,2026-07-29 10:50:00+05:30,1269.7648000000002,1272.5648,2.7999999999999545,1264.1648000000002,2.0,1273.8986059456995,1.0648000000001048,12.63519999999994,0.3802857142857578,4.512571428571481,2026-07-29 11:40:00+05:30,1273.2010824,STOP_LOSS,False,-3.436282399999982,2.5429658824000003,-5.979248282399983,-4.133805945699351,Q2
RELIANCE,ORB_50,2.0,2026-07-29,BUY,2026-07-29 14:35:00+05:30,2026-07-29 14:40:00+05:30,1278.73905,1275.93905,2.7999999999999545,1284.3390499999998,2.0,1275.219045147927,1.960950000000139,4.039049999999861,0.7003392857143467,1.442517857142831,2026-07-29 15:05:00+05:30,1275.301080475,STOP_LOSS,False,-3.4379695249999718,2.554040130475,-5.992009655474972,3.520004852072816,Q1_CLOSEST
RELIANCE,ORB_50,2.0,2026-07-30,BUY,2026-07-30 10:35:00+05:30,2026-07-30 10:40:00+05:30,1284.54195,1280.69195,3.850000000000136,1292.2419500000003,2.0,1281.5194449583228,12.458049999999956,0.8419499999999971,3.235857142857017,0.2186883116883032,2026-07-30 12:30:00+05:30,1291.5958290250005,TARGET,False,7.053879025000242,2.576137779025,4.477741245975242,3.0225050416772774,Q1_CLOSEST
RELIANCE,ORB_50,2.0,2026-07-31,SELL,2026-07-31 09:30:00+05:30,2026-07-31 09:35:00+05:30,1293.65285,1296.60285,2.950000000000045,1287.75285,2.0,1297.09446417179,0.0528500000000349,16.0471500000001,0.0179152542372997,5.43971186440673,2026-07-31 09:40:00+05:30,1297.251151425,STOP_LOSS,False,-3.598301425000045,2.590904001425,-6.189205426425045,-3.441614171789979,Q1_CLOSEST
RELIANCE,ORB_50,2.0,2026-07-31,BUY,2026-07-31 12:25:00+05:30,2026-07-31 12:30:00+05:30,1301.6505,1298.7005,2.950000000000045,1307.5505,2.0,1298.3043509596655,8.04950000000008,1.6504999999999654,2.728644067796595,0.5594915254237085,2026-07-31 15:00:00+05:30,1306.89672475,TARGET,False,5.24622475000001,2.60854722475,2.63767752525001,3.346149040334467,Q1_CLOSEST
RELIANCE,ORB_50,2.0,2026-08-03,SELL,2026-08-03 09:45:00+05:30,2026-08-03 09:50:00+05:30,1310.24455,1312.54455,2.2999999999999545,1305.6445500000002,2.0,1312.9242763077086,4.2445500000001175,4.655449999999973,1.845456521739218,2.0241086956522025,2026-08-03 09:55:00+05:30,1313.200822275,STOP_LOSS,False,-2.9562722749999466,2.6234453722750004,-5.579717647274947,-2.6797263077087337,Q1_CLOSEST
RELIANCE,ORB_50,2.0,2026-08-04,SELL,2026-08-04 09:30:00+05:30,2026-08-04 09:35:00+05:30,1304.44745,1308.94745,4.5,1295.44745,2.0,1307.6282084398572,18.0474499999998,3.1525500000000197,4.0105444444444,0.700566666666671,2026-08-04 11:55:00+05:30,1296.095173725,TARGET,False,8.352276274999895,2.600542623725,5.751733651274895,-3.1807584398573,Q1_CLOSEST
RELIANCE,ORB_50,2.0,2026-08-05,SELL,2026-08-05 09:50:00+05:30,2026-08-05 09:55:00+05:30,1290.7543,1294.0043,3.25,1284.2543,2.0,1294.705255455895,20.65430000000015,3.445699999999988,6.355169230769277,1.060215384615381,2026-08-05 11:00:00+05:30,1294.65130215,STOP_LOSS,False,-3.897002149999935,2.5854056021500003,-6.482407752149936,-3.9509554558949276,Q1_CLOSEST
RELIANCE,ORB_50,2.0,2026-08-06,BUY,2026-08-06 09:45:00+05:30,2026-08-06 09:50:00+05:30,1304.2518,1294.3018000000002,9.949999999999818,1324.1517999999996,2.0,1297.020259684658,20.948200000000043,6.051799999999957,2.1053467336683847,0.6082211055276451,2026-08-06 13:00:00+05:30,1323.4897240999996,TARGET,False,19.237924099999645,2.6277415241,16.610182575899646,7.231540315342045,Q4_FARTHEST
RELIANCE,ORB_50,2.0,2026-08-07,SELL,2026-08-07 09:35:00+05:30,2026-08-07 09:40:00+05:30,1318.64035,1324.44035,5.7999999999999545,1307.04035,2.0,1324.7256972566229,2.040349999999989,18.3596500000001,0.3517844827586216,3.1654568965517664,2026-08-07 10:40:00+05:30,1325.1025701749998,STOP_LOSS,False,-6.462220174999857,2.643742920175,-9.105963095174856,-6.085347256622981,Q3
RELIANCE,ORB_50,2.0,2026-08-07,BUY,2026-08-07 12:30:00+05:30,2026-08-07 12:35:00+05:30,1333.6665,1327.8665,5.7999999999999545,1345.2665,2.0,1328.02085180286,1.0335000000000036,8.466499999999996,0.1781896551724158,1.4597413793103555,2026-08-07 14:25:00+05:30,1327.2025667500002,STOP_LOSS,False,-6.463933249999855,2.660869066750001,-9.124802316749856,5.645648197139963,Q3
RELIANCE,ORB_50,2.0,2026-08-10,SELL,2026-08-10 09:40:00+05:30,2026-08-10 09:45:00+05:30,1323.1381,1327.0881,3.9500000000000455,1315.2380999999998,2.0,1325.8485196586048,1.8380999999999403,9.761900000000196,0.4653417721518783,2.471367088607616,2026-08-10 10:20:00+05:30,1327.75164405,STOP_LOSS,False,-4.613544049999973,2.65088974405,-7.264433794049973,-2.7104196586049056,Q1_CLOSEST
RELIANCE,ORB_50,2.0,2026-08-12,SELL,2026-08-12 09:45:00+05:30,2026-08-12 09:50:00+05:30,1315.24205,1320.24205,5.0,1305.24205,2.0,1318.411803663795,6.0420500000000175,8.257949999999937,1.2084100000000035,1.6515899999999877,2026-08-12 14:50:00+05:30,1320.902171025,STOP_LOSS,False,-5.66012102500008,2.6361442210250003,-8.296265246025081,-3.169753663794836,Q1_CLOSEST
RELIANCE,ORB_50,2.0,2026-08-13,SELL,2026-08-13 11:30:00+05:30,2026-08-13 11:35:00+05:30,1308.5454,1317.4454,8.900000000000091,1290.7453999999998,2.0,1312.5801961102345,0.0,8.354600000000119,0.0,0.9387191011235992,2026-08-13 15:10:00+05:30,1314.4569,END_OF_DAY,False,-5.911499999999933,2.6230023,-8.534502299999932,-4.034796110234538,Q2
RELIANCE,ORB_50,2.0,2026-08-14,SELL,2026-08-14 10:30:00+05:30,2026-08-14 10:35:00+05:30,1305.84675,1310.9967499999998,5.149999999999864,1295.5467500000002,2.0,1309.045111544404,4.346749999999929,7.25324999999998,0.8440291262136008,1.408398058252461,2026-08-14 13:55:00+05:30,1311.6522483749998,STOP_LOSS,False,-5.805498374999843,2.617498998375,-8.422997373374843,-3.198361544404179,Q1_CLOSEST
ICICIBANK,ORB_50,2.0,2025-08-18,BUY,2025-08-18 09:30:00+05:30,2025-08-18 09:35:00+05:30,1452.62595,1447.57595,5.050000000000182,1462.7259500000005,2.0,1448.6061113417616,0.0,21.625950000000103,0.0,4.28236633663353,2025-08-18 10:05:00+05:30,1446.852162025,STOP_LOSS,False,-5.773787975000232,2.899478112025,-8.673266087025233,4.019838658238541,Q2
ICICIBANK,ORB_50,2.0,2025-08-19,SELL,2025-08-19 10:00:00+05:30,2025-08-19 10:05:00+05:30,1429.18505,1432.88505,3.7000000000000455,1421.78505,2.0,1433.9847035686207,2.885050000000092,9.01495,0.7797432432432585,2.436472972972943,2025-08-19 11:05:00+05:30,1433.601492525,STOP_LOSS,False,-4.416442525000093,2.8627865425250003,-7.279229067525094,-4.79965356862067,Q3
ICICIBANK,ORB_50,2.0,2025-08-20,SELL,2025-08-20 09:35:00+05:30,2025-08-20 09:40:00+05:30,1424.0876,1429.0376,4.9500000000000455,1414.1876,2.0,1427.9464601250927,1.0876000000000658,9.712399999999889,0.219717171717183,1.9621010101009693,2025-08-20 10:15:00+05:30,1429.7521188,STOP_LOSS,False,-5.664518799999996,2.8538397188,-8.518358518799996,-3.858860125092633,Q2
ICICIBANK,ORB_50,2.0,2025-08-21,BUY,2025-08-21 10:00:00+05:30,2025-08-21 10:05:00+05:30,1445.22225,1442.42225,2.7999999999999545,1450.82225,2.0,1439.6652588239133,2.577749999999924,7.422250000000076,0.9206249999999876,2.650803571428642,2025-08-21 11:25:00+05:30,1441.701038875,STOP_LOSS,False,-3.521211125000036,2.8869232888750003,-6.408134413875036,5.55699117608674,Q3
ICICIBANK,ORB_50,2.0,2025-08-22,SELL,2025-08-22 09:55:00+05:30,2025-08-22 10:00:00+05:30,1430.8842,1437.1342,6.25,1418.3842,2.0,1436.2028071809275,1.4841999999998734,10.615800000000036,0.2374719999999797,1.6985280000000058,2025-08-22 11:35:00+05:30,1437.8527671,STOP_LOSS,False,-6.968567099999973,2.8687369671,-9.837304067099971,-5.318607180927529,Q3
ICICIBANK,ORB_50,2.0,2025-08-25,SELL,2025-08-25 09:55:00+05:30,2025-08-25 10:00:00+05:30,1424.2875,1429.3375,5.050000000000182,1414.1874999999995,2.0,1429.097429556703,0.287499999999909,10.912500000000136,0.0569306930692868,2.16089108910886,2025-08-25 11:40:00+05:30,1430.0521687500002,STOP_LOSS,False,-5.764668750000283,2.85433966875,-8.619008418750283,-4.809929556703082,Q3
ICICIBANK,ORB_50,2.0,2025-08-26,SELL,2025-08-26 09:35:00+05:30,2025-08-26 09:40:00+05:30,1414.2925,1420.3925,6.099999999999909,1402.0925000000002,2.0,1418.8604219722852,1.1925000000001091,7.607500000000073,0.1954918032787093,1.247131147541014,2025-08-26 11:25:00+05:30,1421.10269625,STOP_LOSS,False,-6.81019624999999,2.83539519625,-9.64559144624999,-4.5679219722851485,Q2
ICICIBANK,ORB_50,2.0,2025-08-28,BUY,2025-08-28 09:50:00+05:30,2025-08-28 09:55:00+05:30,1410.60495,1406.60495,4.0,1418.60495,2.0,1405.1612664088664,0.2950499999999465,14.30495000000019,0.0737624999999866,3.5762375000000475,2025-08-28 10:20:00+05:30,1405.901647525,STOP_LOSS,False,-4.7033024750001005,2.816506597525,-7.519809072525101,5.443683591133549,Q3
ICICIBANK,ORB_50,2.0,2025-08-28,SELL,2025-08-28 15:05:00+05:30,2025-08-28 15:10:00+05:30,1398.00065,1402.00065,4.0,1390.00065,2.0,1403.3982747607877,1.700649999999996,2.699350000000095,0.425162499999999,0.6748375000000237,2025-08-28 15:25:00+05:30,1398.2987999999998,END_OF_DAY,False,-0.2981499999998505,2.79629945,-3.0944494499998503,-5.397624760787721,Q3
ICICIBANK,ORB_50,2.0,2025-08-29,BUY,2025-08-29 09:35:00+05:30,2025-08-29 09:40:00+05:30,1402.3008,1398.0508,4.25,1410.8008,2.0,1398.363193440426,2.699200000000019,7.300799999999981,0.6351058823529456,1.717835294117643,2025-08-29 15:10:00+05:30,1397.3517746,STOP_LOSS,False,-4.949025399999982,2.7996525746,-7.748677974599982,3.9376065595740783,Q2
ICICIBANK,ORB_50,2.0,2025-09-01,BUY,2025-09-01 13:00:00+05:30,2025-09-01 13:05:00+05:30,1410.3048,1405.0047999999997,5.300000000000182,1420.9048000000005,2.0,1405.2342269304336,2.0952000000002045,4.104799999999841,0.3953207547170061,0.7744905660376793,2025-09-01 15:25:00+05:30,1410.2945,END_OF_DAY,False,-0.0102999999999155,2.8205993,-2.830899299999916,5.070573069566308,Q3
ICICIBANK,ORB_50,2.0,2025-09-02,SELL,2025-09-02 11:50:00+05:30,2025-09-02 11:55:00+05:30,1405.6968000000002,1409.3468000000005,3.650000000000091,1398.3968,2.0,1409.6892577496487,15.696800000000168,1.4031999999997424,4.30049315068487,0.3844383561643034,2025-09-02 13:50:00+05:30,1399.0959984,TARGET,False,6.600801600000295,2.8047927984,3.796008801600296,-3.9924577496485654,Q2
ICICIBANK,ORB_50,2.0,2025-09-03,BUY,2025-09-03 10:00:00+05:30,2025-09-03 10:05:00+05:30,1392.8961,1389.1461,3.75,1400.3961,2.0,1389.1919242103595,7.103900000000067,3.5960999999999785,1.8943733333333512,0.9589599999999944,2025-09-03 15:25:00+05:30,1396.1016,END_OF_DAY,False,3.205500000000029,2.7889977,0.4165023000000292,3.7041757896404306,Q1_CLOSEST
ICICIBANK,ORB_50,2.0,2025-09-04,BUY,2025-09-04 09:30:00+05:30,2025-09-04 09:35:00+05:30,1413.80655,1409.25655,4.5499999999999545,1422.90655,2.0,1408.0034830280272,1.2934499999998934,9.806550000000016,0.2842747252747047,2.155285714285739,2025-09-04 10:10:00+05:30,1408.551921725,STOP_LOSS,False,-5.254628274999959,2.8223584717250003,-8.076986746724959,5.803066971972839,Q3
ICICIBANK,ORB_50,2.0,2025-09-05,SELL,2025-09-05 09:35:00+05:30,2025-09-05 09:40:00+05:30,1402.0986,1406.3486,4.25,1393.5986,2.0,1405.842778346574,14.398599999999988,3.501399999999876,3.387905882352938,0.8238588235293826,2025-09-05 10:20:00+05:30,1394.2953993,TARGET,False,7.803200699999934,2.7963939993,5.006806700699934,-3.7441783465740173,Q1_CLOSEST
ICICIBANK,ORB_50,2.0,2025-09-08,BUY,2025-09-08 09:40:00+05:30,2025-09-08 09:45:00+05:30,1407.00315,1404.20315,2.7999999999999545,1412.60315,2.0,1404.0072939570357,3.596849999999904,9.403150000000096,1.2845892857142722,3.358267857142946,2025-09-08 09:50:00+05:30,1403.501048425,STOP_LOSS,False,-3.5021015749998696,2.8105041984250003,-6.31260577342487,2.9958560429643057,Q1_CLOSEST
ICICIBANK,ORB_50,2.0,2025-09-08,SELL,2025-09-08 10:50:00+05:30,2025-09-08 10:55:00+05:30,1398.3005,1401.1005,2.7999999999999545,1392.7005,2.0,1402.5837780995091,0.1005000000000109,12.299499999999853,0.0358928571428616,4.39267857142859,2025-09-08 11:10:00+05:30,1401.80105025,STOP_LOSS,False,-3.5005502500000603,2.8001015502500004,-6.30065180025006,-4.283278099509062,Q2
ICICIBANK,ORB_50,2.0,2025-09-08,BUY,2025-09-08 14:50:00+05:30,2025-09-08 14:55:00+05:30,1408.5039,1405.7039,2.7999999999999545,1414.1038999999998,2.0,1405.1550307020511,0.0,8.203899999999976,0.0,2.9299642857143247,2025-09-08 15:00:00+05:30,1405.00104805,STOP_LOSS,False,-3.502851949999922,2.8135049480500003,-6.316356898049922,3.348869297948795,Q1_CLOSEST
ICICIBANK,ORB_50,2.0,2025-09-09,SELL,2025-09-09 11:35:00+05:30,2025-09-09 11:40:00+05:30,1396.60135,1398.85135,2.25,1392.10135,2.0,1399.240603708164,1.4013499999998658,10.898650000000089,0.6228222222221625,4.843844444444484,2025-09-09 12:35:00+05:30,1399.5507756749998,STOP_LOSS,False,-2.949425674999929,2.796152125675,-5.74557780067493,-2.6392537081640057,Q1_CLOSEST
ICICIBANK,ORB_50,2.0,2025-09-09,BUY,2025-09-09 13:50:00+05:30,2025-09-09 13:55:00+05:30,1403.00115,1400.75115,2.25,1407.50115,2.0,1398.9413584589108,4.498849999999948,1.201150000000098,1.9994888888888656,0.533844444444488,2025-09-09 15:25:00+05:30,1401.6988,END_OF_DAY,False,-1.302349999999933,2.8046999500000003,-4.107049949999933,4.059791541089226,Q2
ICICIBANK,ORB_50,2.0,2025-09-10,BUY,2025-09-10 09:55:00+05:30,2025-09-10 10:00:00+05:30,1412.20575,1409.95575,2.25,1416.70575,2.0,1408.932406164629,1.4942499999999654,10.105750000000173,0.6641111111110958,4.491444444444521,2025-09-10 10:10:00+05:30,1409.250772125,STOP_LOSS,False,-2.9549778749999405,2.8214565221250005,-5.776434397124941,3.273343835371179,Q1_CLOSEST
ICICIBANK,ORB_50,2.0,2025-09-10,SELL,2025-09-10 13:10:00+05:30,2025-09-10 13:15:00+05:30,1404.2975,1406.5475,2.25,1399.7975,2.0,1408.7038092748126,2.197499999999991,5.502500000000055,0.9766666666666626,2.44555555555558,2025-09-10 13:20:00+05:30,1407.25077375,STOP_LOSS,False,-2.953273750000108,2.81154827375,-5.764822023750107,-4.406309274812656,Q2
ICICIBANK,ORB_50,2.0,2025-09-11,BUY,2025-09-11 10:45:00+05:30,2025-09-11 10:50:00+05:30,1406.703,1401.803,4.900000000000091,1416.5030000000002,2.0,1403.2817890734127,1.2970000000000257,7.6030000000000655,0.2646938775510207,1.551632653061209,2025-09-11 14:30:00+05:30,1401.1020984999998,STOP_LOSS,False,-5.600901500000191,2.8078050985000003,-8.408706598500192,3.421210926587264,Q1_CLOSEST
ICICIBANK,ORB_50,2.0,2025-09-12,SELL,2025-09-12 09:30:00+05:30,2025-09-12 09:35:00+05:30,1400.2995,1403.4495000000002,3.150000000000091,1393.9995,2.0,1404.0358361596768,0.1995000000001709,19.400499999999965,0.0633333333333857,6.1588888888887,2025-09-12 09:50:00+05:30,1404.1512247500002,STOP_LOSS,False,-3.8517247500001295,2.804450724750001,-6.656175474750131,-3.736336159676739,Q1_CLOSEST
ICICIBANK,ORB_50,2.0,2025-09-15,BUY,2025-09-15 10:10:00+05:30,2025-09-15 10:15:00+05:30,1425.21225,1422.61225,2.599999999999909,1430.41225,2.0,1421.280737022681,1.5877499999999145,8.912250000000085,0.6106730769230654,3.4277884615386145,2025-09-15 10:15:00+05:30,1421.9009438750002,STOP_LOSS,False,-3.3113061249998736,2.8471131938750003,-6.1584193188748735,3.9315129773190165,Q2
ICICIBANK,ORB_50,2.0,2025-09-16,BUY,2025-09-16 09:30:00+05:30,2025-09-16 09:35:00+05:30,1422.9111,1418.7611000000002,4.149999999999864,1431.2110999999998,2.0,1419.1638512091788,1.9889000000000576,5.011099999999942,0.4792530120482224,1.2074939759036405,2025-09-16 13:15:00+05:30,1418.05171945,STOP_LOSS,False,-4.859380549999969,2.84096281945,-7.700343369449969,3.7472487908212315,Q1_CLOSEST
ICICIBANK,ORB_50,2.0,2025-09-17,SELL,2025-09-17 11:35:00+05:30,2025-09-17 11:40:00+05:30,1418.99015,1421.84015,2.849999999999909,1413.2901500000005,2.0,1422.1019619063222,2.590149999999994,5.009849999999915,0.9088245614035356,1.757842105263184,2025-09-17 12:30:00+05:30,1422.551070075,STOP_LOSS,False,-3.5609200750000127,2.8415412200750003,-6.402461295075013,-3.1118119063221457,Q1_CLOSEST
ICICIBANK,ORB_50,2.0,2025-09-18,SELL,2025-09-18 09:45:00+05:30,2025-09-18 09:50:00+05:30,1421.98865,1426.98865,5.0,1411.98865,2.0,1425.618679077845,6.688650000000052,4.311349999999948,1.3377300000000103,0.8622699999999895,2025-09-18 15:25:00+05:30,1423.61145,END_OF_DAY,False,-1.6228000000000975,2.8456001,-4.468400100000098,-3.630029077844938,Q1_CLOSEST
ICICIBANK,ORB_50,2.0,2025-09-19,SELL,2025-09-19 09:50:00+05:30,2025-09-19 09:55:00+05:30,1406.0966,1411.0966,5.0,1396.0966,2.0,1410.896995451173,5.896599999999808,1.2034000000001015,1.1793199999999615,0.2406800000000203,2025-09-19 15:25:00+05:30,1403.20125,END_OF_DAY,False,2.8953499999997803,2.80929785,0.0860521499997801,-4.800395451173017,Q3
ICICIBANK,ORB_50,2.0,2025-09-22,BUY,2025-09-22 12:40:00+05:30,2025-09-22 12:45:00+05:30,1407.5034,1402.9034,4.599999999999909,1416.7034,2.0,1403.1184300006848,2.396600000000035,7.603399999999965,0.5210000000000179,1.652913043478286,2025-09-22 14:30:00+05:30,1402.2019483,STOP_LOSS,False,-5.301451699999916,2.8097053483,-8.111157048299916,4.384969999315217,Q2
ICICIBANK,ORB_50,2.0,2025-09-24,SELL,2025-09-24 10:25:00+05:30,2025-09-24 10:30:00+05:30,1379.60985,1384.90985,5.2999999999999545,1369.00985,2.0,1382.398051996403,3.1098500000000517,8.390149999999949,0.586764150943411,1.5830471698113249,2025-09-24 13:15:00+05:30,1385.602304925,STOP_LOSS,False,-5.992454924999947,2.765212154925,-8.757667079924946,-2.788201996402904,Q1_CLOSEST
ICICIBANK,ORB_50,2.0,2025-09-26,SELL,2025-09-26 10:00:00+05:30,2025-09-26 10:05:00+05:30,1361.5189,1366.2689,4.75,1352.0189,2.0,1365.8603835065194,4.518900000000031,5.38110000000006,0.951347368421059,1.1328631578947497,2025-09-26 10:30:00+05:30,1366.95203445,STOP_LOSS,False,-5.433134449999898,2.72847093445,-8.161605384449897,-4.341483506519353,Q2
ICICIBANK,ORB_50,2.0,2025-09-29,SELL,2025-09-29 11:35:00+05:30,2025-09-29 11:40:00+05:30,1354.9222,1360.1722,5.25,1344.4222,2.0,1360.927007328414,8.72219999999993,3.5778000000000247,1.6613714285714152,0.681485714285719,2025-09-29 15:25:00+05:30,1351.37535,END_OF_DAY,False,3.546849999999949,2.7062975500000004,0.840552449999949,-6.004807328414017,Q3
ICICIBANK,ORB_50,2.0,2025-09-30,SELL,2025-09-30 09:30:00+05:30,2025-09-30 09:35:00+05:30,1348.1255999999998,1351.8255999999997,3.699999999999818,1340.7256000000002,2.0,1351.1357538178563,5.52559999999994,7.47440000000006,1.4934054054054626,2.020108108108224,2025-09-30 13:05:00+05:30,1352.5015127999998,STOP_LOSS,False,-4.375912799999924,2.7006271128,-7.076539912799923,-3.0101538178564624,Q1_CLOSEST
ICICIBANK,ORB_50,2.0,2025-10-01,BUY,2025-10-01 09:45:00+05:30,2025-10-01 09:50:00+05:30,1358.2787999999998,1353.3787999999995,4.900000000000091,1368.0788,2.0,1354.169851646435,21.12120000000027,1.478799999999865,4.310448979591812,0.3017959183673137,2025-10-01 10:30:00+05:30,1367.3947606,TARGET,False,9.115960600000108,2.7256735606,6.390287039400108,4.108948353564756,Q2
ICICIBANK,ORB_50,2.0,2025-10-06,SELL,2025-10-06 10:45:00+05:30,2025-10-06 10:50:00+05:30,1363.7178,1367.3678,3.649999999999864,1356.4178000000004,2.0,1368.4440573862666,4.617800000000216,5.982199999999921,1.2651506849316132,1.6389589041096286,2025-10-06 12:55:00+05:30,1368.0514839,STOP_LOSS,False,-4.333683899999869,2.7317692839000003,-7.065453183899869,-4.726257386266752,Q2
ICICIBANK,ORB_50,2.0,2025-10-07,BUY,2025-10-07 09:30:00+05:30,2025-10-07 09:35:00+05:30,1377.0882,1371.4382,5.650000000000091,1388.3882000000003,2.0,1373.0678768056189,6.011799999999766,5.188200000000052,1.06403539823003,0.918265486725658,2025-10-07 15:25:00+05:30,1374.3125,END_OF_DAY,False,-2.7757000000001426,2.7514007,-5.527100700000142,4.020323194381035,Q2
ICICIBANK,ORB_50,2.0,2025-10-08,SELL,2025-10-08 11:20:00+05:30,2025-10-08 11:25:00+05:30,1369.81475,1375.31475,5.5,1358.81475,2.0,1375.192565718639,5.514750000000049,3.485249999999951,1.0026818181818271,0.6336818181818092,2025-10-08 15:25:00+05:30,1368.38385,END_OF_DAY,False,1.4309000000000651,2.7381986,-1.3072985999999345,-5.377815718638885,Q3
ICICIBANK,ORB_50,2.0,2025-10-09,BUY,2025-10-09 10:55:00+05:30,2025-10-09 11:00:00+05:30,1375.2873,1371.4373,3.849999999999909,1382.9872999999998,2.0,1370.055163515491,3.412700000000086,4.68730000000005,0.8864155844156277,1.2174805194805614,2025-10-09 14:45:00+05:30,1370.7515813500002,STOP_LOSS,False,-4.535718649999808,2.7460388813500005,-7.281757531349808,5.232136484509056,Q3
ICICIBANK,ORB_50,2.0,2025-10-10,BUY,2025-10-10 09:40:00+05:30,2025-10-10 09:45:00+05:30,1379.8896,1375.6896,4.2000000000000455,1388.2896,2.0,1376.704234024554,5.110400000000027,3.189599999999928,1.216761904761898,0.7594285714285459,2025-10-10 15:25:00+05:30,1378.3105,END_OF_DAY,False,-1.5790999999999258,2.7582001000000003,-4.337300099999926,3.185365975446075,Q1_CLOSEST
ICICIBANK,ORB_50,2.0,2025-10-14,SELL,2025-10-14 09:45:00+05:30,2025-10-14 09:50:00+05:30,1380.00965,1383.40965,3.400000000000091,1373.2096499999998,2.0,1384.5011181028426,4.909650000000056,5.990350000000035,1.4440147058823307,1.7618676470587866,2025-10-14 14:00:00+05:30,1384.101354825,STOP_LOSS,False,-4.091704825000079,2.764111004825,-6.85581582982508,-4.491468102842646,Q2
ICICIBANK,ORB_50,2.0,2025-10-15,BUY,2025-10-15 10:30:00+05:30,2025-10-15 10:35:00+05:30,1394.19675,1391.44675,2.75,1399.69675,2.0,1389.7605376068243,6.2032500000000255,5.6967500000000655,2.255727272727282,2.0715454545454786,2025-10-15 11:05:00+05:30,1390.751026625,STOP_LOSS,False,-3.445723374999943,2.784947776625,-6.230671151624943,4.436212393175765,Q2
ICICIBANK,ORB_50,2.0,2025-10-16,BUY,2025-10-16 12:15:00+05:30,2025-10-16 12:20:00+05:30,1411.20525,1405.90525,5.2999999999999545,1421.80525,2.0,1404.827585586513,7.694750000000113,0.8052499999998872,1.451839622641543,0.1519339622641309,2025-10-16 15:25:00+05:30,1416.6913000000002,END_OF_DAY,False,5.486050000000205,2.8278965500000006,2.658153450000204,6.377664413487082,Q4_FARTHEST
ICICIBANK,ORB_50,2.0,2025-10-17,BUY,2025-10-17 09:30:00+05:30,2025-10-17 09:35:00+05:30,1424.1117000000002,1419.8617000000002,4.25,1432.6117000000002,2.0,1418.225703574657,15.488299999999754,8.111700000000155,3.6443058823528833,1.908635294117684,2025-10-17 09:40:00+05:30,1419.15176915,STOP_LOSS,False,-4.959930850000092,2.8432634691500005,-7.8031943191500925,5.885996425343137,Q3
ICICIBANK,ORB_50,2.0,2025-10-20,SELL,2025-10-20 14:25:00+05:30,2025-10-20 14:30:00+05:30,1395.80175,1419.40175,23.59999999999991,1348.6017500000005,2.0,1405.4194929715177,6.601750000000038,1.1982499999999163,0.2797351694915281,0.0507733050847424,2025-10-20 15:25:00+05:30,1393.6965,END_OF_DAY,False,2.105250000000069,2.7894982500000003,-0.6842482499999312,-9.6177429715176,Q4_FARTHEST
ICICIBANK,ORB_50,2.0,2025-10-23,BUY,2025-10-23 09:30:00+05:30,2025-10-23 09:35:00+05:30,1389.7945499999998,1386.8445499999998,2.950000000000045,1395.69455,2.0,1386.5669194687707,0.0,29.694549999999936,0.0,10.065949152542196,2025-10-23 09:40:00+05:30,1386.1511277249997,STOP_LOSS,False,-3.643422275000148,2.775945677725,-6.419367952725148,3.2276305312291242,Q1_CLOSEST
ICICIBANK,ORB_50,2.0,2025-10-23,SELL,2025-10-23 10:50:00+05:30,2025-10-23 10:55:00+05:30,1382.1086,1385.0586,2.950000000000045,1376.2086,2.0,1385.8017862192517,22.008600000000115,4.6913999999999305,7.46054237288128,1.5903050847457147,2025-10-23 11:15:00+05:30,1385.7511293,STOP_LOSS,False,-3.6425292999999774,2.7678597293000005,-6.410389029299979,-3.693186219251629,Q1_CLOSEST
ICICIBANK,ORB_50,2.0,2025-10-24,BUY,2025-10-24 09:55:00+05:30,2025-10-24 10:00:00+05:30,1378.689,1373.839,4.850000000000136,1388.3890000000004,2.0,1374.9312646469273,2.910999999999831,9.58900000000017,0.6002061855669586,1.9771134020618348,2025-10-24 13:25:00+05:30,1373.1520805,STOP_LOSS,False,-5.536919500000067,2.7518410805,-8.288760580500067,3.7577353530728033,Q1_CLOSEST
ICICIBANK,ORB_50,2.0,2025-10-27,SELL,2025-10-27 09:50:00+05:30,2025-10-27 09:55:00+05:30,1377.81075,1381.81075,4.0,1369.81075,2.0,1382.14442921538,3.810750000000098,5.089249999999993,0.9526875000000246,1.2723124999999982,2025-10-27 10:30:00+05:30,1382.5016553750002,STOP_LOSS,False,-4.690905375000057,2.760312405375,-7.451217780375057,-4.333679215379789,Q2
ICICIBANK,ORB_50,2.0,2025-10-28,SELL,2025-10-28 10:00:00+05:30,2025-10-28 10:05:00+05:30,1359.7198,1367.0698000000002,7.350000000000136,1345.0197999999998,2.0,1365.327159354364,3.519800000000032,6.7801999999999225,0.4788843537414921,0.9224761904761628,2025-10-28 15:25:00+05:30,1366.8831,END_OF_DAY,False,-7.163299999999936,2.7266029,-9.889902899999935,-5.607359354364007,Q3
ICICIBANK,ORB_50,2.0,2025-10-29,SELL,2025-10-29 10:10:00+05:30,2025-10-29 10:15:00+05:30,1361.2190500000002,1363.9190500000002,2.700000000000045,1355.81905,2.0,1364.545879762652,2.819050000000061,10.480949999999892,1.0440925925925977,3.881833333333229,2025-10-29 10:25:00+05:30,1364.601009525,STOP_LOSS,False,-3.381959524999957,2.725820059525,-6.107779584524957,-3.326829762651869,Q1_CLOSEST
ICICIBANK,ORB_50,2.0,2025-10-30,SELL,2025-10-30 14:45:00+05:30,2025-10-30 14:50:00+05:30,1361.81875,1365.71875,3.900000000000091,1354.0187499999995,2.0,1364.9449343056433,0.5187499999999545,2.3812500000001364,0.1330128205128057,0.6105769230769438,2025-10-30 15:25:00+05:30,1363.0812,END_OF_DAY,False,-1.2624500000001715,2.72489995,-3.987349950000172,-3.126184305643392,Q1_CLOSEST
ICICIBANK,ORB_50,2.0,2025-10-31,BUY,2025-10-31 09:35:00+05:30,2025-10-31 09:40:00+05:30,1361.18025,1359.0302499999998,2.150000000000091,1365.48025,2.0,1358.5351556429275,0.2197500000002037,17.880249999999933,0.1022093023256718,8.316395348836826,2025-10-31 09:40:00+05:30,1358.3507348749995,STOP_LOSS,False,-2.829515125000171,2.719530984875,-5.549046109875171,2.6450943570723666,Q1_CLOSEST
ICICIBANK,ORB_50,2.0,2025-11-03,SELL,2025-11-03 09:30:00+05:30,2025-11-03 09:35:00+05:30,1338.63035,1341.13035,2.5,1333.63035,2.0,1341.013500713877,0.330349999999953,12.96965,0.1321399999999812,5.187860000000001,2025-11-03 09:35:00+05:30,1341.800915175,STOP_LOSS,False,-3.1705651750000925,2.680431265175,-5.850996440175092,-2.3831507138770576,Q1_CLOSEST
ICICIBANK,ORB_50,2.0,2025-11-03,BUY,2025-11-03 10:35:00+05:30,2025-11-03 10:40:00+05:30,1346.2728,1343.7728,2.5,1351.2728,2.0,1343.2394745885754,5.327199999999948,5.37279999999987,2.130879999999979,2.149119999999948,2025-11-03 11:35:00+05:30,1343.1009136,STOP_LOSS,False,-3.1718863999999485,2.6893737136,-5.861260113599949,3.0333254114245847,Q1_CLOSEST
ICICIBANK,ORB_50,2.0,2025-11-04,SELL,2025-11-04 09:30:00+05:30,2025-11-04 09:35:00+05:30,1341.42895,1345.02895,3.599999999999909,1334.2289500000002,2.0,1345.360807738214,8.22894999999994,1.7710500000000593,2.2858194444444857,0.4919583333333622,2025-11-04 11:35:00+05:30,1334.8960644750002,TARGET,False,6.532885524999756,2.676325014475,3.856560510524756,-3.931857738213921,Q2
ICICIBANK,ORB_50,2.0,2025-11-06,SELL,2025-11-06 09:40:00+05:30,2025-11-06 09:45:00+05:30,1329.335,1335.435,6.099999999999909,1317.1350000000002,2.0,1333.8464082127869,11.934999999999944,3.365000000000009,1.9565573770492009,0.5516393442623048,2025-11-06 15:25:00+05:30,1320.96015,END_OF_DAY,False,8.374850000000151,2.65029515,5.724554850000152,-4.511408212786819,Q2
ICICIBANK,ORB_50,2.0,2025-11-07,BUY,2025-11-07 09:35:00+05:30,2025-11-07 09:40:00+05:30,1329.0642,1324.7642,4.2999999999999545,1337.6642,2.0,1324.703852581331,15.235799999999928,2.8641999999999825,3.543209302325602,0.666093023255817,2025-11-07 11:30:00+05:30,1336.9953679,TARGET,False,7.931167899999991,2.6660595679,5.265108332099992,4.360347418669107,Q2
ICICIBANK,ORB_50,2.0,2025-11-10,BUY,2025-11-10 14:15:00+05:30,2025-11-10 14:20:00+05:30,1349.77455,1346.52455,3.25,1356.27455,2.0,1345.1234467452775,0.0,3.5745499999998174,0.0,1.0998615384614825,2025-11-10 15:25:00+05:30,1345.8512877249998,STOP_LOSS,False,-3.92326227500007,2.695625837725,-6.61888811272507,4.651103254722557,Q2
ICICIBANK,ORB_50,2.0,2025-11-11,BUY,2025-11-11 13:10:00+05:30,2025-11-11 13:15:00+05:30,1355.6775,1351.3275,4.350000000000136,1364.3775000000005,2.0,1351.397547610942,4.722500000000082,1.5775000000001,1.0856321839080307,0.3626436781609312,2025-11-11 15:25:00+05:30,1358.3205,END_OF_DAY,False,2.643000000000029,2.713998,-0.070997999999971,4.279952389058053,Q2
ICICIBANK,ORB_50,2.0,2025-11-12,SELL,2025-11-12 09:35:00+05:30,2025-11-12 09:40:00+05:30,1358.22055,1363.72055,5.5,1347.22055,2.0,1362.3398859891834,2.820549999999912,8.979450000000043,0.5128272727272567,1.6326272727272804,2025-11-12 12:50:00+05:30,1364.402410275,STOP_LOSS,False,-6.181860274999963,2.722622960275,-8.904483235274963,-4.119335989183355,Q2
ICICIBANK,ORB_50,2.0,2025-11-13,BUY,2025-11-13 09:35:00+05:30,2025-11-13 09:40:00+05:30,1370.4849,1364.8849,5.599999999999909,1381.6848999999995,2.0,1367.5207216594392,19.91510000000017,0.6848999999999705,3.5562678571429447,0.1223035714285681,2025-11-13 10:05:00+05:30,1380.9940575499998,TARGET,False,10.509157549999829,2.75147895755,7.757678592449827,2.964178340560693,Q1_CLOSEST
ICICIBANK,ORB_50,2.0,2025-11-14,SELL,2025-11-14 10:05:00+05:30,2025-11-14 10:10:00+05:30,1373.01315,1376.61315,3.6000000000001364,1365.8131499999995,2.0,1377.258294532883,9.81314999999995,1.7868499999999583,2.725874999999883,0.4963472222221919,2025-11-14 13:35:00+05:30,1366.4960565749998,TARGET,False,6.517093425000212,2.739509206575,3.777584218425212,-4.245144532882932,Q2
ICICIBANK,ORB_50,2.0,2025-11-17,BUY,2025-11-17 10:20:00+05:30,2025-11-17 10:25:00+05:30,1381.4904,1378.2904,3.200000000000045,1387.8904,2.0,1378.787833714944,0.0,4.990399999999909,0.0,1.5594999999999493,2025-11-17 10:25:00+05:30,1377.6012548,STOP_LOSS,False,-3.88914520000003,2.7590916548,-6.64823685480003,2.702566285055809,Q1_CLOSEST
ICICIBANK,ORB_50,2.0,2025-11-18,SELL,2025-11-18 15:10:00+05:30,2025-11-18 15:15:00+05:30,1371.21405,1376.11405,4.900000000000091,1361.41405,2.0,1374.9390721949774,2.114050000000134,3.185950000000048,0.4314387755102234,0.6501938775510181,2025-11-18 15:25:00+05:30,1371.2853,END_OF_DAY,False,-0.0712499999999636,2.74249935,-2.813749349999964,-3.7250221949773277,Q1_CLOSEST
ICICIBANK,ORB_50,2.0,2025-11-19,BUY,2025-11-19 10:35:00+05:30,2025-11-19 10:40:00+05:30,1377.6885,1374.9385,2.75,1383.1885,2.0,1375.8340999511013,6.311500000000024,1.8885000000000216,2.2950909090909177,0.6867272727272806,2025-11-19 14:55:00+05:30,1382.49690575,TARGET,False,4.80840575000002,2.76018540575,2.04822034425002,1.8544000488986967,Q1_CLOSEST
ICICIBANK,ORB_50,2.0,2025-11-20,BUY,2025-11-20 11:05:00+05:30,2025-11-20 11:10:00+05:30,1382.99115,1379.6411500000002,3.349999999999909,1389.69115,2.0,1379.165256250472,5.308849999999893,4.4911500000000615,1.5847313432835932,1.340641791044831,2025-11-20 11:15:00+05:30,1378.951329425,STOP_LOSS,False,-4.039820575000022,2.761942479425,-6.801763054425022,3.8258937495279497,Q2
ICICIBANK,ORB_50,2.0,2025-11-21,SELL,2025-11-21 09:35:00+05:30,2025-11-21 09:40:00+05:30,1370.3145,1372.8145,2.5,1365.3145,2.0,1372.841706104423,5.714500000000044,2.1855000000000477,2.2858000000000174,0.874200000000019,2025-11-21 09:55:00+05:30,1365.99715725,TARGET,False,4.31734275000008,2.73631165725,1.58103109275008,-2.5272061044231577,Q1_CLOSEST
ICICIBANK,ORB_50,2.0,2025-11-24,SELL,2025-11-24 09:30:00+05:30,2025-11-24 09:35:00+05:30,1367.5159,1371.0159,3.5,1360.5159,2.0,1370.7804848759104,6.0159000000001015,7.284099999999853,1.7188285714286005,2.0811714285713867,2025-11-24 11:05:00+05:30,1371.7014079500002,STOP_LOSS,False,-4.185507950000101,2.73921730795,-6.924725257950101,-3.264584875910259,Q1_CLOSEST
ICICIBANK,ORB_50,2.0,2025-11-25,BUY,2025-11-25 09:30:00+05:30,2025-11-25 09:35:00+05:30,1371.4854,1365.6354,5.849999999999909,1383.1853999999998,2.0,1365.3025230914177,5.414600000000064,17.185400000000072,0.9255726495726748,2.937675213675272,2025-11-25 10:55:00+05:30,1364.9525823,STOP_LOSS,False,-6.532817699999896,2.7364379823,-9.269255682299896,6.18287690858233,Q3
ICICIBANK,ORB_50,2.0,2025-11-26,BUY,2025-11-26 12:25:00+05:30,2025-11-26 12:30:00+05:30,1370.5849500000002,1365.6849500000003,4.899999999999864,1380.38495,2.0,1366.5212808883518,6.415049999999837,2.884950000000117,1.3091938775510237,0.5887653061224892,2025-11-26 15:25:00+05:30,1374.3125,END_OF_DAY,False,3.727549999999837,2.7448974500000003,0.9826525499998372,4.0636691116483235,Q2
ICICIBANK,ORB_50,2.0,2025-11-27,BUY,2025-11-27 09:30:00+05:30,2025-11-27 09:35:00+05:30,1388.2938,1382.9438,5.349999999999909,1398.9937999999995,2.0,1384.328549717798,5.706200000000081,5.593799999999874,1.0665794392523698,1.0455700934579382,2025-11-27 09:40:00+05:30,1382.2523281,STOP_LOSS,False,-6.041471899999806,2.7705461281,-8.812018028099805,3.9652502822018505,Q2
ICICIBANK,ORB_50,2.0,2025-11-28,SELL,2025-11-28 11:50:00+05:30,2025-11-28 11:55:00+05:30,1388.20555,1392.95555,4.75,1378.70555,2.0,1393.0405878776385,2.605550000000221,1.7944499999998698,0.5485368421053097,0.3777789473683936,2025-11-28 15:25:00+05:30,1389.0942,END_OF_DAY,False,-0.8886499999998705,2.77729975,-3.665949749999871,-4.83503787763857,Q3
ICICIBANK,ORB_50,2.0,2025-12-01,BUY,2025-12-01 09:30:00+05:30,2025-12-01 09:35:00+05:30,1395.6975,1392.4975,3.200000000000045,1402.0975,2.0,1392.831103181556,4.302500000000009,10.2974999999999,1.3445312499999835,3.217968749999923,2025-12-01 11:40:00+05:30,1391.80125125,STOP_LOSS,False,-3.8962487500000407,2.78749875125,-6.683747501250041,2.8663968184439454,Q1_CLOSEST
ICICIBANK,ORB_50,2.0,2025-12-01,SELL,2025-12-01 14:45:00+05:30,2025-12-01 14:50:00+05:30,1386.80625,1390.00625,3.199999999999818,1380.4062500000005,2.0,1393.8825892635052,1.40625,4.3937499999999545,0.439453125000025,1.373046875000064,2025-12-01 15:00:00+05:30,1390.701253125,STOP_LOSS,False,-3.895003124999903,2.777507503125,-6.672510628124902,-7.076339263505133,Q4_FARTHEST
ICICIBANK,ORB_50,2.0,2025-12-02,SELL,2025-12-02 09:45:00+05:30,2025-12-02 09:50:00+05:30,1371.5139,1376.1639,4.649999999999864,1362.2139000000004,2.0,1374.7702767985902,0.0139000000001487,7.986099999999851,0.00298924731186,1.717440860215072,2025-12-02 10:50:00+05:30,1376.85198195,STOP_LOSS,False,-5.338081949999832,2.7483658819500003,-8.086447831949833,-3.2563767985902814,Q1_CLOSEST
ICICIBANK,ORB_50,2.0,2025-12-03,BUY,2025-12-03 10:35:00+05:30,2025-12-03 10:40:00+05:30,1379.38935,1373.68935,5.7000000000000455,1390.7893500000002,2.0,1373.902295707676,14.810649999999896,3.389350000000149,2.598359649122768,0.5946228070175653,2025-12-03 15:00:00+05:30,1390.0939553250005,TARGET,False,10.704605325000102,2.7694833053250005,7.935122019675102,5.487054292323819,Q3
ICICIBANK,ORB_50,2.0,2025-12-04,BUY,2025-12-04 09:50:00+05:30,2025-12-04 09:55:00+05:30,1390.99515,1387.24515,3.75,1398.49515,2.0,1387.0561993215572,0.5048500000000331,11.095149999999876,0.1346266666666755,2.9587066666666337,2025-12-04 10:05:00+05:30,1386.551527425,STOP_LOSS,False,-4.443622575000063,2.777546677425,-7.221169252425063,3.9389506784427795,Q2
ICICIBANK,ORB_50,2.0,2025-12-04,SELL,2025-12-04 12:45:00+05:30,2025-12-04 12:50:00+05:30,1381.6088499999998,1385.3588499999998,3.75,1374.1088499999998,2.0,1385.9546175003422,1.7088499999997566,6.291150000000243,0.4556933333332684,1.6776400000000649,2025-12-04 14:40:00+05:30,1386.051529425,STOP_LOSS,False,-4.442679425000051,2.767660379425,-7.21033980442505,-4.34576750034239,Q2
ICICIBANK,ORB_50,2.0,2025-12-05,BUY,2025-12-05 10:00:00+05:30,2025-12-05 10:05:00+05:30,1395.0972000000002,1390.5972000000002,4.5,1404.0972000000002,2.0,1388.9913982689975,0.2027999999997973,8.997200000000248,0.0450666666666216,1.999377777777833,2025-12-05 10:05:00+05:30,1389.9019014000005,STOP_LOSS,False,-5.195298599999887,2.784999101400001,-7.980297701399888,6.105801731002657,Q3
ICICIBANK,ORB_50,2.0,2025-12-08,BUY,2025-12-08 10:10:00+05:30,2025-12-08 10:15:00+05:30,1392.696,1389.496,3.200000000000045,1399.096,2.0,1387.3853636576496,2.2040000000001783,9.395999999999958,0.6887500000000459,2.936249999999945,2025-12-08 11:15:00+05:30,1388.801252,STOP_LOSS,False,-3.894747999999936,2.7814972520000003,-6.676245251999936,5.310636342350335,Q3
ICICIBANK,ORB_50,2.0,2025-12-08,BUY,2025-12-08 15:05:00+05:30,2025-12-08 15:10:00+05:30,1390.8951,1387.6951,3.200000000000045,1397.2951,2.0,1388.8530739242265,0.0,5.095100000000002,0.0,1.592218749999978,2025-12-08 15:25:00+05:30,1387.0012524499998,STOP_LOSS,False,-3.893847550000146,2.77789635245,-6.671743902450146,2.0420260757734923,Q1_CLOSEST
ICICIBANK,ORB_50,2.0,2025-12-09,SELL,2025-12-09 11:40:00+05:30,2025-12-09 11:45:00+05:30,1375.21205,1378.91205,3.699999999999818,1367.8120500000005,2.0,1380.5231797578476,1.8120499999999995,3.1879500000000007,0.4897432432432671,0.8616081081081507,2025-12-09 15:25:00+05:30,1375.6875,END_OF_DAY,False,-0.4754499999999098,2.75089955,-3.22634954999991,-5.311129757847539,Q3
ICICIBANK,ORB_50,2.0,2025-12-10,SELL,2025-12-10 11:30:00+05:30,2025-12-10 11:35:00+05:30,1369.5149,1373.7649,4.25,1361.0149,2.0,1375.0701561384617,11.614900000000034,2.585099999999784,2.7329176470588314,0.6082588235293609,2025-12-10 13:55:00+05:30,1361.6954074500002,TARGET,False,7.81949254999995,2.73121030745,5.088282242549949,-5.5552561384618,Q3
ICICIBANK,ORB_50,2.0,2025-12-11,SELL,2025-12-11 09:35:00+05:30,2025-12-11 09:40:00+05:30,1356.02165,1359.4216500000002,3.400000000000091,1349.22165,2.0,1360.737809428579,3.221650000000181,9.578349999999771,0.9475441176470868,2.81716176470574,2025-12-11 10:10:00+05:30,1360.1013608250005,STOP_LOSS,False,-4.07971082500012,2.716123010825,-6.79583383582512,-4.7161594285792034,Q2
ICICIBANK,ORB_50,2.0,2025-12-12,SELL,2025-12-12 10:25:00+05:30,2025-12-12 10:30:00+05:30,1363.61785,1365.76785,2.150000000000091,1359.3178499999997,2.0,1366.9546218039657,0.0,7.082150000000183,0.0,3.2940232558138995,2025-12-12 10:30:00+05:30,1366.450733925,STOP_LOSS,False,-2.832883925000033,2.730068583925,-5.562952508925033,-3.3367718039655756,Q1_CLOSEST
ICICIBANK,ORB_50,2.0,2025-12-12,SELL,2025-12-12 13:25:00+05:30,2025-12-12 13:30:00+05:30,1363.81775,1365.96775,2.150000000000091,1359.5177499999998,2.0,1366.9116311064051,0.0177499999999781,3.0822500000001583,0.0082558139534778,1.4336046511628036,2025-12-12 14:00:00+05:30,1366.650733875,STOP_LOSS,False,-2.8329838750000818,2.730468483875,-5.563452358875082,-3.093881106405206,Q1_CLOSEST
ICICIBANK,ORB_50,2.0,2025-12-15,BUY,2025-12-15 12:30:00+05:30,2025-12-15 12:35:00+05:30,1369.18425,1362.73425,6.4500000000000455,1382.08425,2.0,1364.3748890089314,0.0157500000000254,4.68425000000002,0.0024418604651202,0.7262403100775173,2025-12-15 15:25:00+05:30,1364.3175,END_OF_DAY,False,-4.866749999999911,2.7335017500000003,-7.600251749999911,4.8093609910686155,Q3
ICICIBANK,ORB_50,2.0,2025-12-16,SELL,2025-12-16 09:35:00+05:30,2025-12-16 09:40:00+05:30,1355.62185,1360.67185,5.0499999999999545,1345.52185,2.0,1359.7472016387303,0.0,13.07815000000005,0.0,2.58973267326736,2025-12-16 10:00:00+05:30,1361.352185925,STOP_LOSS,False,-5.730335924999963,2.716974035925,-8.447309960924963,-4.125351638730308,Q2
ICICIBANK,ORB_50,2.0,2025-12-17,SELL,2025-12-17 09:40:00+05:30,2025-12-17 09:45:00+05:30,1348.3255,1355.2755,6.9500000000000455,1334.4254999999998,2.0,1352.451402833085,5.225500000000011,6.574500000000171,0.7518705035971189,0.9459712230216012,2025-12-17 15:25:00+05:30,1354.17675,END_OF_DAY,False,-5.851250000000164,2.70250225,-8.553752250000164,-4.125902833085092,Q2
ICICIBANK,ORB_50,2.0,2025-12-18,BUY,2025-12-18 09:55:00+05:30,2025-12-18 10:00:00+05:30,1353.57645,1350.37645,3.200000000000045,1359.97645,2.0,1349.7218096609624,15.923549999999976,1.5764500000000226,4.976109374999922,0.492640625,2025-12-18 10:15:00+05:30,1359.296461775,TARGET,False,5.720011775000103,2.712872911775,3.007138863225103,3.854640339037587,Q2
ICICIBANK,ORB_50,2.0,2025-12-19,SELL,2025-12-19 11:45:00+05:30,2025-12-19 11:50:00+05:30,1351.1241,1355.2241,4.099999999999909,1342.9241000000002,2.0,1356.1702955253488,0.2240999999999076,5.975899999999911,0.0546585365853445,1.4575365853658642,2025-12-19 12:00:00+05:30,1355.90171205,STOP_LOSS,False,-4.777612050000016,2.7070258120500004,-7.484637862050016,-5.046195525348821,Q3
ICICIBANK,ORB_50,2.0,2025-12-22,BUY,2025-12-22 10:00:00+05:30,2025-12-22 10:05:00+05:30,1365.18225,1361.08225,4.100000000000136,1373.3822500000003,2.0,1360.9478952999411,6.117749999999887,5.382250000000113,1.4921341463413862,1.3127439024390082,2025-12-22 10:30:00+05:30,1360.401708875,STOP_LOSS,False,-4.780541125000127,2.725583958875,-7.506125083875127,4.23435470005893,Q2
ICICIBANK,ORB_50,2.0,2025-12-23,SELL,2025-12-23 09:40:00+05:30,2025-12-23 09:45:00+05:30,1359.7198,1361.6698,1.9500000000000453,1355.8198,2.0,1362.2165846234586,2.719800000000077,4.980199999999968,1.394769230769238,2.553948717948642,2025-12-23 10:00:00+05:30,1362.3506349000002,STOP_LOSS,False,-2.6308349000000817,2.7220704349000004,-5.352905334900083,-2.4967846234585522,Q1_CLOSEST
ICICIBANK,ORB_50,2.0,2025-12-24,BUY,2025-12-24 09:40:00+05:30,2025-12-24 09:45:00+05:30,1367.6835,1364.6335,3.050000000000182,1373.7835000000005,2.0,1364.88057758354,0.5164999999999509,10.083500000000186,0.1693442622950557,3.3060655737703555,2025-12-24 10:10:00+05:30,1363.95118325,STOP_LOSS,False,-3.732316750000109,2.7316346832500003,-6.463951433250109,2.8029224164602056,Q1_CLOSEST
ICICIBANK,ORB_50,2.0,2025-12-24,SELL,2025-12-24 13:20:00+05:30,2025-12-24 13:25:00+05:30,1358.82025,1361.87025,3.0499999999999545,1352.72025,2.0,1363.7227651421854,1.2202500000000782,4.979749999999967,0.4000819672131463,1.6327049180328006,2025-12-24 13:50:00+05:30,1362.5511851249998,STOP_LOSS,False,-3.73093512499986,2.721371435125,-6.45230656012486,-4.902515142185393,Q3
ICICIBANK,ORB_50,2.0,2025-12-26,SELL,2025-12-26 09:30:00+05:30,2025-12-26 09:35:00+05:30,1355.322,1358.072,2.75,1349.822,2.0,1357.7246710352133,6.821999999999889,2.978000000000065,2.4807272727272323,1.0829090909091148,2025-12-26 10:55:00+05:30,1358.751036,STOP_LOSS,False,-3.4290359999999964,2.714073036,-6.143109035999997,-2.402671035213416,Q1_CLOSEST
ICICIBANK,ORB_50,2.0,2025-12-29,SELL,2025-12-29 09:50:00+05:30,2025-12-29 09:55:00+05:30,1348.02565,1351.3256500000002,3.300000000000182,1341.4256499999997,2.0,1351.2439929922532,6.5256500000000415,3.674350000000004,1.9774696969696008,1.113439393939334,2025-12-29 10:10:00+05:30,1352.0013128250002,STOP_LOSS,False,-3.9756628250002,2.7000269628250004,-6.6756897878252,-3.218342992253156,Q1_CLOSEST
ICICIBANK,ORB_50,2.0,2025-12-30,SELL,2025-12-30 10:40:00+05:30,2025-12-30 10:45:00+05:30,1340.02965,1342.27965,2.25,1335.52965,2.0,1343.170510066327,1.9296500000000376,7.070349999999962,0.857622222222239,3.142377777777761,2025-12-30 11:40:00+05:30,1342.950789825,STOP_LOSS,False,-2.9211398249999547,2.682980439825,-5.604120264824955,-3.14086006632715,Q1_CLOSEST
ICICIBANK,ORB_50,2.0,2025-12-31,SELL,2025-12-31 10:20:00+05:30,2025-12-31 10:25:00+05:30,1341.22905,1344.27905,3.0499999999999545,1335.1290500000002,2.0,1343.5738438385897,1.729050000000143,8.770949999999857,0.5669016393443176,2.875721311475406,2025-12-31 12:40:00+05:30,1344.951189525,STOP_LOSS,False,-3.722139524999875,2.686180239525,-6.408319764524875,-2.344793838589794,Q1_CLOSEST
ICICIBANK,ORB_50,2.0,2025-12-31,BUY,2025-12-31 14:35:00+05:30,2025-12-31 14:40:00+05:30,1349.17425,1346.1242499999998,3.050000000000182,1355.2742500000004,2.0,1344.5827736567455,0.8257499999999709,7.674250000000029,0.2707377049180071,2.516147540983466,2025-12-31 15:00:00+05:30,1345.451187875,STOP_LOSS,False,-3.7230621250000695,2.694625437875,-6.41768756287507,4.591476343254499,Q2
ICICIBANK,ORB_50,2.0,2026-01-01,BUY,2026-01-01 09:40:00+05:30,2026-01-01 09:45:00+05:30,1348.4739,1346.1239,2.349999999999909,1353.1738999999998,2.0,1346.2459626119487,0.0,12.473899999999958,0.0,5.308042553191677,2026-01-01 09:55:00+05:30,1345.45083805,STOP_LOSS,False,-3.0230619499998284,2.69392473805,-5.716986688049829,2.2279373880512594,Q1_CLOSEST
ICICIBANK,ORB_50,2.0,2026-01-01,SELL,2026-01-01 11:30:00+05:30,2026-01-01 11:35:00+05:30,1342.02865,1344.37865,2.3500000000001364,1337.3286499999997,2.0,1345.2065434106544,6.0286499999999705,1.3713500000001204,2.565382978723243,0.5835531914893791,2026-01-01 15:10:00+05:30,1337.9973143249997,TARGET,False,4.031335675000264,2.680025964325,1.351309710675264,-3.1778934106544057,Q1_CLOSEST
ICICIBANK,ORB_50,2.0,2026-01-02,BUY,2026-01-02 09:30:00+05:30,2026-01-02 09:35:00+05:30,1343.57145,1340.0214500000002,3.5499999999999545,1350.67145,2.0,1341.771546785433,13.32854999999995,3.071450000000141,3.7545211267605976,0.8651971830986422,2026-01-02 12:20:00+05:30,1349.996114275,TARGET,False,6.424664274999941,2.6935675642750003,3.7310967107249406,1.799903214566939,Q1_CLOSEST
ICICIBANK,ORB_50,2.0,2026-01-05,BUY,2026-01-05 09:55:00+05:30,2026-01-05 10:00:00+05:30,1370.78505,1362.28505,8.5,1387.78505,2.0,1365.5271886390765,4.714950000000044,6.685050000000047,0.5547000000000052,0.7864764705882408,2026-01-05 15:25:00+05:30,1371.314,END_OF_DAY,False,0.5289500000001226,2.74209905,-2.213149049999877,5.257861360923471,Q3
ICICIBANK,ORB_50,2.0,2026-01-06,BUY,2026-01-06 09:30:00+05:30,2026-01-06 09:35:00+05:30,1405.40235,1390.20235,15.200000000000044,1435.8023500000002,2.0,1392.749939884038,8.19764999999984,3.702350000000024,0.5393190789473562,0.2435756578947377,2026-01-06 15:25:00+05:30,1409.19505,END_OF_DAY,False,3.792699999999968,2.8145974,0.9781025999999676,12.652410115962084,Q4_FARTHEST
ICICIBANK,ORB_50,2.0,2026-01-07,BUY,2026-01-07 09:40:00+05:30,2026-01-07 09:45:00+05:30,1415.20725,1410.70725,4.5,1424.20725,2.0,1410.2334899515715,14.69275000000016,2.607250000000022,3.265055555555591,0.5793888888888937,2026-01-07 10:45:00+05:30,1423.495146375,TARGET,False,8.287896374999946,2.838702396375,5.449193978624946,4.973760048428403,Q3
ICICIBANK,ORB_50,2.0,2026-01-08,BUY,2026-01-08 09:30:00+05:30,2026-01-08 09:35:00+05:30,1439.7195,1432.3694999999998,7.350000000000136,1454.4195000000002,2.0,1435.9186381622694,2.48050000000012,10.219499999999924,0.3374829931972889,1.39040816326527,2026-01-08 10:55:00+05:30,1431.65331525,STOP_LOSS,False,-8.066184750000048,2.87137281525,-10.937557565250048,3.8008618377305083,Q1_CLOSEST
ICICIBANK,ORB_50,2.0,2026-01-09,SELL,2026-01-09 09:45:00+05:30,2026-01-09 09:50:00+05:30,1413.59285,1419.74285,6.150000000000091,1401.2928499999998,2.0,1419.8810442178633,12.09285,2.907150000000001,1.9663170731707025,0.472707317073164,2026-01-09 15:25:00+05:30,1405.7025,END_OF_DAY,False,7.890349999999898,2.8192953500000004,5.071054649999898,-6.288194217863293,Q4_FARTHEST
ICICIBANK,ORB_50,2.0,2026-01-12,BUY,2026-01-12 10:00:00+05:30,2026-01-12 10:05:00+05:30,1403.5014,1399.3013999999998,4.2000000000000455,1411.9014,2.0,1397.0710532764847,20.79860000000008,3.7013999999999214,4.952047619047584,0.881285714285686,2026-01-12 12:20:00+05:30,1411.1954493,TARGET,False,7.694049300000188,2.8146968493,4.879352450700187,6.430346723515413,Q4_FARTHEST
ICICIBANK,ORB_50,2.0,2026-01-13,BUY,2026-01-13 10:05:00+05:30,2026-01-13 10:10:00+05:30,1425.21225,1419.81225,5.400000000000091,1436.0122500000002,2.0,1418.4734846372487,16.587749999999915,4.112250000000131,3.071805555555488,0.7615277777777892,2026-01-13 11:35:00+05:30,1435.294243875,TARGET,False,10.08199387500008,2.860506493875,7.22148738112508,6.738765362751337,Q4_FARTHEST
ICICIBANK,ORB_50,2.0,2026-01-14,SELL,2026-01-14 10:05:00+05:30,2026-01-14 10:10:00+05:30,1422.0886,1431.4886,9.400000000000093,1403.2886,2.0,1434.1212269686634,7.188599999999951,9.711399999999912,0.7647446808510513,1.0331276595744487,2026-01-14 12:00:00+05:30,1432.2043443000002,STOP_LOSS,False,-10.115744300000188,2.8542929443000005,-12.970037244300189,-12.032626968663408,Q4_FARTHEST
ICICIBANK,ORB_50,2.0,2026-01-16,BUY,2026-01-16 10:35:00+05:30,2026-01-16 10:40:00+05:30,1420.71,1415.41,5.300000000000182,1431.3100000000004,2.0,1414.2415861474076,8.289999999999964,20.50999999999999,1.5641509433961658,3.8698113207545823,2026-01-16 10:55:00+05:30,1414.7022949999998,STOP_LOSS,False,-6.007705000000215,2.835412295,-8.843117295000216,6.468413852592448,Q4_FARTHEST
ICICIBANK,ORB_50,2.0,2026-01-16,SELL,2026-01-16 15:10:00+05:30,2026-01-16 15:15:00+05:30,1407.59585,1412.89585,5.2999999999999545,1396.99585,2.0,1413.131147624168,0.0,21.404150000000072,0.0,4.0385188679245765,2026-01-16 15:25:00+05:30,1413.602297925,STOP_LOSS,False,-6.006447924999975,2.821198147925,-8.827646072924974,-5.535297624168152,Q3
ICICIBANK,ORB_50,2.0,2026-01-19,SELL,2026-01-19 10:05:00+05:30,2026-01-19 10:10:00+05:30,1361.41895,1379.26895,17.850000000000136,1325.7189499999995,2.0,1374.3452373458265,1.4189499999999953,24.481050000000096,0.0794929971988786,1.371487394957978,2026-01-19 13:50:00+05:30,1379.9585844750002,STOP_LOSS,False,-18.539634475000184,2.741377534475,-21.281012009475184,-12.926287345826495,Q4_FARTHEST
ICICIBANK,ORB_50,2.0,2026-01-20,BUY,2026-01-20 09:30:00+05:30,2026-01-20 09:35:00+05:30,1384.79205,1381.2420499999998,3.550000000000182,1391.8920500000004,2.0,1377.0689923450627,3.007949999999937,13.292050000000016,0.8473098591548684,3.744239436619532,2026-01-20 10:35:00+05:30,1380.551428975,STOP_LOSS,False,-4.2406210250001095,2.765343478975,-7.005964503975109,7.723057654937293,Q4_FARTHEST
ICICIBANK,ORB_50,2.0,2026-01-21,SELL,2026-01-21 09:30:00+05:30,2026-01-21 09:35:00+05:30,1355.42195,1362.67195,7.25,1340.92195,2.0,1359.9935932692092,15.921949999999924,4.778050000000121,2.196131034482748,0.6590413793103616,2026-01-21 11:00:00+05:30,1341.592410975,TARGET,False,13.829539025000033,2.697014360975,11.13252466402503,-4.571643269209289,Q2
ICICIBANK,ORB_50,2.0,2026-01-22,SELL,2026-01-22 10:25:00+05:30,2026-01-22 10:30:00+05:30,1344.82725,1350.07725,5.25,1334.32725,2.0,1350.0014498911066,6.827250000000049,3.77274999999986,1.3004285714285808,0.718619047619021,2026-01-22 15:25:00+05:30,1347.6735,END_OF_DAY,False,-2.8462500000000546,2.69250075,-5.538750750000055,-5.174199891106582,Q3
ICICIBANK,ORB_50,2.0,2026-01-23,SELL,2026-01-23 09:30:00+05:30,2026-01-23 09:35:00+05:30,1338.1306,1341.3806,3.25,1331.6306,2.0,1340.8716785261151,2.430599999999913,17.069400000000087,0.7478769230768963,5.252123076923104,2026-01-23 10:25:00+05:30,1342.0512903,STOP_LOSS,False,-3.920690299999933,2.6801818903,-6.600872190299933,-2.7410785261151887,Q1_CLOSEST
ICICIBANK,ORB_50,2.0,2026-01-23,BUY,2026-01-23 11:10:00+05:30,2026-01-23 11:15:00+05:30,1346.57295,1343.32295,3.25,1353.07295,2.0,1340.8182754237253,8.627050000000054,6.972950000000083,2.65447692307694,2.1455230769231024,2026-01-23 12:40:00+05:30,1352.396413525,TARGET,False,5.823463525000079,2.6989693635250003,3.124494161475079,5.754674576274738,Q3
ICICIBANK,ORB_50,2.0,2026-01-27,BUY,2026-01-27 12:55:00+05:30,2026-01-27 13:00:00+05:30,1353.0762000000002,1343.0762000000002,10.0,1373.0762000000002,2.0,1342.030553662823,16.02379999999971,1.97620000000029,1.602379999999971,0.197620000000029,2026-01-27 15:25:00+05:30,1366.41645,END_OF_DAY,False,13.340249999999742,2.7194926500000003,10.620757349999742,11.045646337177232,Q4_FARTHEST
ICICIBANK,ORB_50,2.0,2026-01-29,BUY,2026-01-29 10:10:00+05:30,2026-01-29 10:15:00+05:30,1364.4819,1360.5319,3.9500000000000455,1372.3819,2.0,1357.2802876529886,23.21810000000005,2.2818999999999505,5.877999999999945,0.5776962025316263,2026-01-29 12:30:00+05:30,1371.69570905,TARGET,False,7.213809050000009,2.73617760905,4.4776314409500095,7.201612347011405,Q4_FARTHEST
ICICIBANK,ORB_50,2.0,2026-01-30,SELL,2026-01-30 11:05:00+05:30,2026-01-30 11:10:00+05:30,1363.7178,1370.5678000000005,6.850000000000136,1350.0178,2.0,1372.9793001133437,10.51780000000008,2.182199999999966,1.5354452554744336,0.3185693430656821,2026-01-30 15:25:00+05:30,1356.77805,END_OF_DAY,False,6.939750000000231,2.7204958500000003,4.21925415000023,-9.2615001133438,Q4_FARTHEST
ICICIBANK,ORB_50,2.0,2026-02-01,SELL,2026-02-01 09:30:00+05:30,2026-02-01 09:35:00+05:30,1349.5249,1353.9749000000002,4.4500000000000455,1340.6249,2.0,1353.3970544835138,20.72490000000016,16.375099999999975,4.657280898876393,3.6797977528089456,2026-02-01 10:15:00+05:30,1354.6518874500002,STOP_LOSS,False,-5.126987450000115,2.70417678745,-7.831164237450116,-3.8721544835138957,Q2
ICICIBANK,ORB_50,2.0,2026-02-01,BUY,2026-02-01 11:05:00+05:30,2026-02-01 11:10:00+05:30,1363.18125,1358.73125,4.4500000000000455,1372.0812500000002,2.0,1354.1843697439597,2.71875,34.381250000000136,0.6109550561797691,7.72612359550557,2026-02-01 11:20:00+05:30,1358.051884375,STOP_LOSS,False,-5.129365624999991,2.7212331343750003,-7.850598759374991,8.996880256040413,Q4_FARTHEST
ICICIBANK,ORB_50,2.0,2026-02-01,SELL,2026-02-01 12:40:00+05:30,2026-02-01 12:45:00+05:30,1346.22655,1350.67655,4.4500000000000455,1337.32655,2.0,1354.5743844413057,17.426550000000134,5.873449999999821,3.916078651685383,1.3198764044943283,2026-02-01 12:55:00+05:30,1351.3518882750002,STOP_LOSS,False,-5.125338275000104,2.6975784382750003,-7.822916713275104,-8.347834441305622,Q4_FARTHEST
ICICIBANK,ORB_50,2.0,2026-02-02,BUY,2026-02-02 09:45:00+05:30,2026-02-02 09:50:00+05:30,1346.673,1339.623,7.0499999999999545,1360.773,2.0,1340.632857902528,7.727000000000089,10.472999999999956,1.096028368794346,1.4855319148936204,2026-02-02 10:00:00+05:30,1338.9531885,STOP_LOSS,False,-7.719811499999878,2.685626188500001,-10.405437688499878,6.040142097471971,Q3
ICICIBANK,ORB_50,2.0,2026-02-05,SELL,2026-02-05 13:55:00+05:30,2026-02-05 14:00:00+05:30,1400.99915,1406.8991500000002,5.900000000000091,1389.19915,2.0,1406.1242725599504,7.699150000000145,1.1008499999998094,1.304940677966106,0.1865847457626766,2026-02-05 15:25:00+05:30,1393.99665,END_OF_DAY,False,7.002500000000055,2.7949958,4.207504200000054,-5.125122559950341,Q3
ICICIBANK,ORB_50,2.0,2026-02-06,SELL,2026-02-06 12:05:00+05:30,2026-02-06 12:10:00+05:30,1394.4024499999998,1399.50245,5.100000000000136,1384.2024499999995,2.0,1401.1533849226018,0.0,16.097550000000183,0.0,3.156382352941128,2026-02-06 12:45:00+05:30,1400.202201225,STOP_LOSS,False,-5.799751225000136,2.794604651225,-8.594355876225137,-6.750934922602028,Q4_FARTHEST
ICICIBANK,ORB_50,2.0,2026-02-09,SELL,2026-02-09 10:15:00+05:30,2026-02-09 10:20:00+05:30,1398.3005,1405.3005,7.0,1384.3005,2.0,1402.9310216813192,9.500500000000102,1.899499999999989,1.3572142857143004,0.2713571428571413,2026-02-09 15:25:00+05:30,1395.79755,END_OF_DAY,False,2.5029500000000557,2.79409805,-0.2911480499999448,-4.630521681319124,Q2
ICICIBANK,ORB_50,2.0,2026-02-10,SELL,2026-02-10 09:45:00+05:30,2026-02-10 09:50:00+05:30,1395.302,1398.4519999999998,3.149999999999864,1389.0020000000002,2.0,1399.76455855906,0.0,14.198000000000093,0.0,4.507301587301812,2026-02-10 10:00:00+05:30,1399.1512259999995,STOP_LOSS,False,-3.849225999999817,2.794453226,-6.643679225999817,-4.462558559060199,Q2
ICICIBANK,ORB_50,2.0,2026-02-10,BUY,2026-02-10 13:00:00+05:30,2026-02-10 13:05:00+05:30,1405.5024,1402.3523999999998,3.150000000000091,1411.8024,2.0,1400.956195168956,3.997600000000148,6.002399999999852,1.2690793650793752,1.905523809523708,2026-02-10 13:15:00+05:30,1401.6512237999998,STOP_LOSS,False,-3.8511762000000553,2.8071536238,-6.658329823800054,4.546204831044179,Q2
ICICIBANK,ORB_50,2.0,2026-02-11,SELL,2026-02-11 09:35:00+05:30,2026-02-11 09:40:00+05:30,1402.19855,1406.19855,4.0,1394.19855,2.0,1407.611685291947,1.7985499999999774,6.801449999999932,0.4496374999999943,1.700362499999983,2026-02-11 10:05:00+05:30,1406.9016492750002,STOP_LOSS,False,-4.703099275000113,2.8091001992750004,-7.512199474275114,-5.413135291946901,Q3
ICICIBANK,ORB_50,2.0,2026-02-12,BUY,2026-02-12 09:30:00+05:30,2026-02-12 09:35:00+05:30,1424.01165,1415.31165,8.700000000000045,1441.41165,2.0,1419.1832548231198,8.988350000000082,3.3116499999998723,1.0331436781609236,0.3806494252873396,2026-02-12 15:25:00+05:30,1430.8842,END_OF_DAY,False,6.872550000000047,2.85489585,4.017654150000046,4.828395176880122,Q3
ICICIBANK,ORB_50,2.0,2026-02-13,SELL,2026-02-13 10:30:00+05:30,2026-02-13 10:35:00+05:30,1420.8891999999998,1425.5892,4.7000000000000455,1411.4891999999998,2.0,1427.7493148301276,10.1891999999998,1.710800000000063,2.167914893616958,0.3640000000000098,2026-02-13 12:10:00+05:30,1412.1949445999996,TARGET,False,8.694255400000202,2.8330841445999995,5.861171255400203,-6.8601148301277135,Q4_FARTHEST
ICICIBANK,ORB_50,2.0,2026-02-16,BUY,2026-02-16 14:45:00+05:30,2026-02-16 14:50:00+05:30,1413.7065,1408.1065,5.600000000000136,1424.9065000000005,2.0,1408.5175353633697,0.2934999999999945,4.3064999999999145,0.052410714285712,0.7690178571428231,2026-02-16 15:25:00+05:30,1412.2935,END_OF_DAY,False,-1.413000000000011,2.826,-4.239000000000011,5.188964636630317,Q3
ICICIBANK,ORB_50,2.0,2026-02-17,SELL,2026-02-17 09:30:00+05:30,2026-02-17 09:35:00+05:30,1393.80275,1403.10275,9.299999999999956,1375.2027500000002,2.0,1399.6021090307745,0.1027500000000145,16.59725000000003,0.0110483870967758,1.7846505376344206,2026-02-17 11:35:00+05:30,1403.804301375,STOP_LOSS,False,-10.001551374999964,2.797607051375,-12.799158426374962,-5.79935903077444,Q3
ICICIBANK,ORB_50,2.0,2026-02-18,SELL,2026-02-18 10:40:00+05:30,2026-02-18 10:45:00+05:30,1400.2995,1405.7995,5.5,1389.2995,2.0,1403.176761011125,1.399499999999989,9.70049999999992,0.2544545454545435,1.7637272727272582,2026-02-18 14:20:00+05:30,1406.50239975,STOP_LOSS,False,-6.202899749999915,2.8068018997500004,-9.009701649749916,-2.8772610111250287,Q1_CLOSEST
ICICIBANK,ORB_50,2.0,2026-02-19,SELL,2026-02-19 10:10:00+05:30,2026-02-19 10:15:00+05:30,1402.2985,1406.6985,4.399999999999864,1393.4985000000004,2.0,1405.7697132848596,17.49850000000015,1.4014999999999418,3.976931818181976,0.3185227272727239,2026-02-19 12:10:00+05:30,1394.1952492500004,TARGET,False,8.103250749999688,2.79649374925,5.306757000749688,-3.4712132848594592,Q1_CLOSEST
ICICIBANK,ORB_50,2.0,2026-02-20,BUY,2026-02-20 09:55:00+05:30,2026-02-20 10:00:00+05:30,1396.79805,1390.94805,5.849999999999909,1408.4980499999997,2.0,1392.246009964514,6.90195000000017,4.59804999999983,1.17982051282056,0.7859914529914361,2026-02-20 15:25:00+05:30,1393.303,END_OF_DAY,False,-3.4950499999997646,2.79010105,-6.285151049999765,4.552040035486016,Q2
ICICIBANK,ORB_50,2.0,2026-02-23,BUY,2026-02-23 09:30:00+05:30,2026-02-23 09:35:00+05:30,1405.80255,1400.95255,4.849999999999909,1415.5025499999997,2.0,1403.2407193155814,2.497450000000072,10.102549999999836,0.5149381443299214,2.083000000000005,2026-02-23 10:45:00+05:30,1400.252073725,STOP_LOSS,False,-5.550476274999937,2.806054623725,-8.356530898724937,2.5618306844187373,Q1_CLOSEST
ICICIBANK,ORB_50,2.0,2026-02-24,SELL,2026-02-24 10:20:00+05:30,2026-02-24 10:25:00+05:30,1392.60335,1396.40335,3.800000000000182,1385.0033499999995,2.0,1396.2747048832668,10.30334999999991,2.596650000000181,2.7114078947366886,0.6833289473684361,2026-02-24 13:30:00+05:30,1385.6958516749994,TARGET,False,6.907498325000461,2.7782992016749994,4.129199123325462,-3.6713548832667584,Q1_CLOSEST
ICICIBANK,ORB_50,2.0,2026-02-25,BUY,2026-02-25 09:35:00+05:30,2026-02-25 09:40:00+05:30,1400.4999,1395.5499,4.9500000000000455,1410.3999,2.0,1396.3780636084985,6.900100000000066,5.999900000000025,1.3939595959595965,1.212101010101004,2026-02-25 10:30:00+05:30,1394.85212505,STOP_LOSS,False,-5.6477749499999845,2.79535202505,-8.443126975049985,4.121836391501574,Q2
ICICIBANK,ORB_50,2.0,2026-02-26,BUY,2026-02-26 14:55:00+05:30,2026-02-26 15:00:00+05:30,1409.00415,1401.45415,7.549999999999954,1424.10415,2.0,1403.173176006923,0.9958500000000186,8.404150000000072,0.1319006622516589,1.1131324503311422,2026-02-26 15:25:00+05:30,1400.753422925,STOP_LOSS,False,-8.250727074999986,2.809757572925,-11.060484647924987,5.830973993076896,Q3
ICICIBANK,ORB_50,2.0,2026-02-27,SELL,2026-02-27 10:15:00+05:30,2026-02-27 10:20:00+05:30,1391.60385,1395.55385,3.9500000000000455,1383.70385,2.0,1397.0142560015015,14.90384999999992,2.4961499999999432,3.7731265822784175,0.6319367088607378,2026-02-27 13:00:00+05:30,1384.395701925,TARGET,False,7.208148075000054,2.775999551925,4.432148523075054,-5.410406001501542,Q3
ICICIBANK,ORB_50,2.0,2026-03-02,BUY,2026-03-02 15:15:00+05:30,2026-03-02 15:20:00+05:30,1379.38935,1368.0893500000002,11.299999999999956,1401.98935,2.0,1369.4625573034675,0.0,6.189350000000104,0.0,0.5477300884955867,2026-03-02 15:25:00+05:30,1374.1126,END_OF_DAY,False,-5.27675000000022,2.75350195,-8.03025195000022,9.926792696532402,Q4_FARTHEST
ICICIBANK,ORB_50,2.0,2026-03-04,BUY,2026-03-04 13:40:00+05:30,2026-03-04 13:45:00+05:30,1361.18025,1345.0302499999998,16.15000000000009,1393.48025,2.0,1350.6839739746074,14.819750000000113,1.3802499999999327,0.9176315789473702,0.085464396284825,2026-03-04 15:25:00+05:30,1365.81675,END_OF_DAY,False,4.636500000000069,2.726997,1.9095030000000688,10.49627602539249,Q4_FARTHEST
ICICIBANK,ORB_50,2.0,2026-03-05,BUY,2026-03-05 11:05:00+05:30,2026-03-05 11:10:00+05:30,1370.38485,1363.43485,6.9500000000000455,1384.2848500000002,2.0,1361.8341944715812,0.4151499999998123,22.784850000000237,0.0597338129496128,3.2783956834532497,2026-03-05 11:25:00+05:30,1362.753132575,STOP_LOSS,False,-7.6317174250000335,2.733137982575,-10.364855407575034,8.550655528418702,Q4_FARTHEST
ICICIBANK,ORB_50,2.0,2026-03-05,SELL,2026-03-05 13:15:00+05:30,2026-03-05 13:20:00+05:30,1353.9226999999998,1360.8727,6.9500000000000455,1340.0226999999998,2.0,1360.1208631218594,6.322699999999941,9.277300000000196,0.90974100719423,1.3348633093525375,2026-03-05 14:55:00+05:30,1361.55313635,STOP_LOSS,False,-7.630436350000082,2.71547583635,-10.34591218635008,-6.198163121859579,Q3
ICICIBANK,ORB_50,2.0,2026-03-06,SELL,2026-03-06 13:45:00+05:30,2026-03-06 13:50:00+05:30,1319.5399,1338.1899,18.649999999999864,1282.2399000000005,2.0,1326.6864489302754,9.139899999999898,0.7600999999999658,0.4900750670241268,0.0407560321715802,2026-03-06 15:25:00+05:30,1315.7575499999998,END_OF_DAY,False,3.782350000000178,2.63529745,1.1470525500001787,-7.146548930275458,Q4_FARTHEST
ICICIBANK,ORB_50,2.0,2026-03-10,BUY,2026-03-10 10:15:00+05:30,2026-03-10 10:20:00+05:30,1302.651,1295.701,6.9500000000000455,1316.5510000000002,2.0,1294.723543679163,12.348999999999933,4.651000000000067,1.7768345323740795,0.6692086330935305,2026-03-10 15:25:00+05:30,1312.1436,END_OF_DAY,False,9.492599999999811,2.6147946,6.877805399999811,7.927456320837109,Q4_FARTHEST
ICICIBANK,ORB_50,2.0,2026-03-11,SELL,2026-03-11 10:05:00+05:30,2026-03-11 10:10:00+05:30,1296.1516,1300.9016,4.75,1286.6516,2.0,1300.0149478188775,5.251599999999826,7.748400000000174,1.1055999999999633,1.631242105263195,2026-03-11 13:25:00+05:30,1301.5520508,STOP_LOSS,False,-5.400450800000044,2.5977036508,-7.998154450800044,-3.863347818877628,Q2
ICICIBANK,ORB_50,2.0,2026-03-12,BUY,2026-03-12 10:35:00+05:30,2026-03-12 10:40:00+05:30,1278.0387,1268.8387,9.200000000000044,1296.4387000000002,2.0,1269.607879448224,2.461299999999937,14.638699999999972,0.267532608695644,1.59116304347825,2026-03-12 14:40:00+05:30,1268.20428065,STOP_LOSS,False,-9.834419349999962,2.5462429806500007,-12.380662330649962,8.43082055177615,Q4_FARTHEST
ICICIBANK,ORB_50,2.0,2026-03-13,BUY,2026-03-13 11:30:00+05:30,2026-03-13 11:35:00+05:30,1258.8291000000002,1255.4791,3.3500000000001364,1265.5291000000004,2.0,1253.0484944641137,3.4708999999998014,9.429100000000062,1.0360895522387046,2.8146567164178142,2026-03-13 12:15:00+05:30,1254.85136045,STOP_LOSS,False,-3.977739550000024,2.5136804604500003,-6.491420010450025,5.78060553588648,Q3
ICICIBANK,ORB_50,2.0,2026-03-13,BUY,2026-03-13 14:10:00+05:30,2026-03-13 14:15:00+05:30,1258.2288,1254.8788,3.349999999999909,1264.9287999999997,2.0,1254.1203500715617,3.471200000000181,6.228799999999865,1.036179104477694,1.8593432835820995,2026-03-13 15:05:00+05:30,1254.2513606,STOP_LOSS,False,-3.9774393999998665,2.5124801606,-6.4899195605998665,4.108449928438404,Q2
ICICIBANK,ORB_50,2.0,2026-03-16,SELL,2026-03-16 10:20:00+05:30,2026-03-16 10:25:00+05:30,1243.67785,1250.32785,6.650000000000091,1230.37785,2.0,1251.113451428172,3.577850000000126,33.12214999999992,0.5380225563909891,4.980774436090146,2026-03-16 11:20:00+05:30,1250.953013925,STOP_LOSS,False,-7.275163925000015,2.4946308639250003,-9.769794788925015,-7.435601428172049,Q4_FARTHEST
ICICIBANK,ORB_50,2.0,2026-03-16,BUY,2026-03-16 14:00:00+05:30,2026-03-16 14:05:00+05:30,1259.12925,1252.47925,6.650000000000091,1272.42925,2.0,1251.3753871960578,17.670749999999998,3.329250000000002,2.657255639097708,0.5006390977443543,2026-03-16 14:45:00+05:30,1271.793035375,TARGET,False,12.663785375000089,2.530922285375,10.132863089625088,7.753862803942184,Q4_FARTHEST
ICICIBANK,ORB_50,2.0,2026-03-17,BUY,2026-03-17 09:40:00+05:30,2026-03-17 09:45:00+05:30,1285.0422,1280.4422,4.600000000000136,1294.2422000000004,2.0,1278.6251861219762,9.357799999999996,10.042200000000092,2.034304347826026,2.1830869565216946,2026-03-17 11:10:00+05:30,1279.8019789,STOP_LOSS,False,-5.240221100000099,2.5648441789,-7.805065278900098,6.4170138780239085,Q4_FARTHEST
ICICIBANK,ORB_50,2.0,2026-03-18,SELL,2026-03-18 09:35:00+05:30,2026-03-18 09:40:00+05:30,1275.7618,1282.2618,6.5,1262.7618,2.0,1280.2485115174952,4.961800000000039,21.338199999999915,0.7633538461538522,3.282799999999987,2026-03-18 10:50:00+05:30,1282.9029309,STOP_LOSS,False,-7.141130900000007,2.5586647309,-9.699795630900008,-4.486711517495223,Q2
ICICIBANK,ORB_50,2.0,2026-03-18,BUY,2026-03-18 11:20:00+05:30,2026-03-18 11:25:00+05:30,1290.8451,1284.3451,6.5,1303.8451,2.0,1281.1165755014365,6.254899999999907,4.845100000000002,0.9622923076922932,0.7454000000000003,2026-03-18 15:25:00+05:30,1291.354,END_OF_DAY,False,0.5089000000000397,2.5821991,-2.0732990999999603,9.728524498563502,Q4_FARTHEST
ICICIBANK,ORB_50,2.0,2026-03-19,SELL,2026-03-19 14:40:00+05:30,2026-03-19 14:45:00+05:30,1255.372,1270.2220000000002,14.850000000000136,1225.6719999999998,2.0,1265.0090307478838,11.672000000000024,4.727999999999838,0.7859932659932605,0.3183838383838245,2026-03-19 15:25:00+05:30,1259.72955,END_OF_DAY,False,-4.3575499999999465,2.51510155,-6.872651549999947,-9.637030747883728,Q4_FARTHEST
ICICIBANK,ORB_50,2.0,2026-03-20,SELL,2026-03-20 12:20:00+05:30,2026-03-20 12:25:00+05:30,1255.5719,1263.3719,7.799999999999954,1239.9719000000002,2.0,1267.625976110808,13.871900000000096,10.928099999999858,1.7784487179487407,1.4010384615384517,2026-03-20 13:00:00+05:30,1264.00358595,STOP_LOSS,False,-8.431685949999974,2.5195754859500004,-10.951261435949974,-12.054076110808182,Q4_FARTHEST
ICICIBANK,ORB_50,2.0,2026-03-23,SELL,2026-03-23 09:55:00+05:30,2026-03-23 10:00:00+05:30,1222.68835,1227.63835,4.9500000000000455,1212.7883499999998,2.0,1226.3158080135952,4.588349999999991,8.3116500000001,0.9269393939393836,1.679121212121217,2026-03-23 10:45:00+05:30,1228.2521691749998,STOP_LOSS,False,-5.563819174999935,2.450940519175,-8.014759694174934,-3.6274580135952874,Q1_CLOSEST
ICICIBANK,ORB_50,2.0,2026-03-24,BUY,2026-03-24 09:30:00+05:30,2026-03-24 09:35:00+05:30,1242.12075,1237.27075,4.849999999999909,1251.82075,2.0,1237.4216597696725,11.779250000000047,18.42075,2.428711340206241,3.7980927835052256,2026-03-24 10:20:00+05:30,1236.6521146250002,STOP_LOSS,False,-5.468635374999849,2.478772864625,-7.947408239624849,4.699090230327556,Q2
ICICIBANK,ORB_50,2.0,2026-03-24,SELL,2026-03-24 10:50:00+05:30,2026-03-24 10:55:00+05:30,1228.88525,1233.7352500000002,4.850000000000136,1219.1852499999998,2.0,1236.4460946173926,5.185249999999996,25.01475000000005,1.0691237113401753,5.157680412370999,2026-03-24 12:25:00+05:30,1234.352117625,STOP_LOSS,False,-5.466867625000077,2.463237367625,-7.930104992625077,-7.560844617392604,Q4_FARTHEST
ICICIBANK,ORB_50,2.0,2026-03-25,BUY,2026-03-25 10:25:00+05:30,2026-03-25 10:30:00+05:30,1266.4329,1262.2829000000002,4.149999999999864,1274.7328999999995,2.0,1262.2348477592764,6.467100000000073,12.032899999999929,1.558337349397659,2.899493975903692,2026-03-25 13:55:00+05:30,1261.65175855,STOP_LOSS,False,-4.78114144999995,2.5280846585500005,-7.30922610854995,4.198052240723655,Q2
ICICIBANK,ORB_50,2.0,2026-03-27,SELL,2026-03-27 11:15:00+05:30,2026-03-27 11:20:00+05:30,1246.07665,1252.27665,6.2000000000000455,1233.67665,2.0,1252.8383729788748,15.976650000000063,8.623350000000073,2.576879032258056,1.390862903225808,2026-03-27 12:35:00+05:30,1252.902788325,STOP_LOSS,False,-6.826138325000102,2.498979438325,-9.3251177633251,-6.761722978874786,Q4_FARTHEST
ICICIBANK,ORB_50,2.0,2026-03-30,SELL,2026-03-30 15:00:00+05:30,2026-03-30 15:05:00+05:30,1202.4984499999998,1210.7984499999998,8.299999999999955,1185.89845,2.0,1212.6168901836843,2.0984499999997297,9.50155000000018,0.2528253012047881,1.1447650602409918,2026-03-30 15:25:00+05:30,1211.4038492249997,STOP_LOSS,False,-8.905399224999883,2.413902299224999,-11.319301524224882,-10.11844018368447,Q4_FARTHEST
ICICIBANK,ORB_50,2.0,2026-04-01,SELL,2026-04-01 09:30:00+05:30,2026-04-01 09:35:00+05:30,1220.08965,1226.48965,6.399999999999864,1207.2896500000004,2.0,1224.1742870268383,10.08965000000012,6.91034999999988,1.5765078125000522,1.0797421875000044,2026-04-01 09:45:00+05:30,1227.102894825,STOP_LOSS,False,-7.0132448249999015,2.4471925448250005,-9.460437369824902,-4.084637026838436,Q2
ICICIBANK,ORB_50,2.0,2026-04-02,BUY,2026-04-02 10:10:00+05:30,2026-04-02 10:15:00+05:30,1201.10025,1196.0502499999998,5.050000000000182,1211.2002500000003,2.0,1194.816836642227,20.99974999999995,13.000250000000053,4.158366336633503,2.5743069306929867,2026-04-02 10:30:00+05:30,1195.4522248749995,STOP_LOSS,False,-5.648025125000231,2.396552474875,-8.04457759987523,6.283413357773043,Q4_FARTHEST
ICICIBANK,ORB_50,2.0,2026-04-06,BUY,2026-04-06 12:45:00+05:30,2026-04-06 12:50:00+05:30,1217.0082,1210.0582,6.9500000000000455,1230.9082,2.0,1209.754350072738,17.391800000000103,1.108199999999897,2.5024172661870487,0.1594532374100561,2026-04-06 14:10:00+05:30,1230.2927459,TARGET,False,13.284545900000012,2.4473009459,10.837244954100012,7.253849927262081,Q4_FARTHEST
ICICIBANK,ORB_50,2.0,2026-04-07,BUY,2026-04-07 13:25:00+05:30,2026-04-07 13:30:00+05:30,1233.11625,1226.91625,6.2000000000000455,1245.51625,2.0,1224.865160635123,17.283750000000055,1.2162499999999454,2.787701612903214,0.1961693548386994,2026-04-07 15:05:00+05:30,1244.893491875,TARGET,False,11.777241875000072,2.478009741875,9.299232133125072,8.251089364877089,Q4_FARTHEST
ICICIBANK,ORB_50,2.0,2026-04-09,SELL,2026-04-09 09:30:00+05:30,2026-04-09 09:35:00+05:30,1294.1526,1299.9026,5.75,1282.6526,2.0,1300.009957849887,18.2525999999998,4.6474000000000615,3.1743652173912698,0.8082434782608803,2026-04-09 13:30:00+05:30,1283.2939262999998,TARGET,False,10.858673700000054,2.5774465263,8.281227173700055,-5.857357849887194,Q3
ICICIBANK,ORB_50,2.0,2026-04-10,BUY,2026-04-10 09:40:00+05:30,2026-04-10 09:45:00+05:30,1313.6565,1306.2065,7.450000000000045,1328.5565,2.0,1304.2640687622772,10.343499999999947,3.656500000000051,1.3883892617449511,0.4908053691275206,2026-04-10 15:25:00+05:30,1321.339,END_OF_DAY,False,7.682499999999891,2.6349955,5.04750449999989,9.392431237722803,Q4_FARTHEST
ICICIBANK,ORB_50,2.0,2026-04-13,BUY,2026-04-13 09:45:00+05:30,2026-04-13 09:50:00+05:30,1308.55395,1303.75395,4.7999999999999545,1318.15395,2.0,1303.0372911513505,48.446050000000014,1.3539499999999407,10.092927083333432,0.2820729166666569,2026-04-13 10:40:00+05:30,1317.4948730249998,TARGET,False,8.940923024999847,2.626048823025,6.314874201974847,5.516658848649513,Q3
ICICIBANK,ORB_50,2.0,2026-04-15,SELL,2026-04-15 09:30:00+05:30,2026-04-15 09:35:00+05:30,1349.9246999999998,1356.7747,6.850000000000136,1336.2246999999995,2.0,1355.7972949181462,11.924699999999802,2.4753000000002885,1.7408321167882577,0.3613576642336115,2026-04-15 15:25:00+05:30,1347.6735,END_OF_DAY,False,2.2511999999996988,2.6975982,-0.446398200000301,-5.872594918146433,Q3
ICICIBANK,ORB_50,2.0,2026-04-16,SELL,2026-04-16 12:00:00+05:30,2026-04-16 12:05:00+05:30,1350.1246,1357.5746,7.450000000000045,1335.2245999999998,2.0,1359.2378117067217,9.924599999999828,2.175400000000081,1.332161073825472,0.2920000000000091,2026-04-16 15:25:00+05:30,1344.57195,END_OF_DAY,False,5.552649999999858,2.69469655,2.857953449999858,-9.113211706721586,Q4_FARTHEST
ICICIBANK,ORB_50,2.0,2026-04-17,SELL,2026-04-17 09:35:00+05:30,2026-04-17 09:40:00+05:30,1339.42995,1343.3299499999998,3.899999999999864,1331.6299500000002,2.0,1341.8348462505355,5.4299499999999625,13.470050000000128,1.3922948717949108,3.453858974359128,2026-04-17 13:50:00+05:30,1344.001614975,STOP_LOSS,False,-4.571664974999976,2.683431564975,-7.255096539974976,-2.4048962505355576,Q1_CLOSEST
ICICIBANK,ORB_50,2.0,2026-04-20,BUY,2026-04-20 09:30:00+05:30,2026-04-20 09:35:00+05:30,1374.0867,1365.6867,8.400000000000091,1390.8867000000002,2.0,1367.881123468344,2.3133000000000266,21.086700000000064,0.2753928571428573,2.5103214285714093,2026-04-20 09:55:00+05:30,1365.00385665,STOP_LOSS,False,-9.082843350000076,2.73909055665,-11.821933906650075,6.2055765316561065,Q3
ICICIBANK,ORB_50,2.0,2026-04-20,SELL,2026-04-20 14:35:00+05:30,2026-04-20 14:40:00+05:30,1354.4224499999998,1362.82245,8.400000000000091,1337.6224499999996,2.0,1363.8676313331205,1.4224499999997988,3.877550000000156,0.1693392857142599,0.4616130952381088,2026-04-20 15:25:00+05:30,1354.97715,END_OF_DAY,False,-0.554700000000139,2.7093996,-3.2640996000001388,-9.445181333120672,Q4_FARTHEST
ICICIBANK,ORB_50,2.0,2026-04-21,BUY,2026-04-21 10:40:00+05:30,2026-04-21 10:45:00+05:30,1380.8901,1370.9901,9.900000000000093,1400.6901000000005,2.0,1372.776784537126,12.209899999999834,3.5901000000001204,1.2333232323232042,0.3626363636363724,2026-04-21 15:25:00+05:30,1384.9072,END_OF_DAY,False,4.0170999999998,2.7657973,1.2513026999998005,8.11331546287397,Q4_FARTHEST
ICICIBANK,ORB_50,2.0,2026-04-22,SELL,2026-04-22 09:30:00+05:30,2026-04-22 09:35:00+05:30,1369.315,1374.265,4.949999999999818,1359.4150000000004,2.0,1371.015777647552,4.315000000000055,3.7849999999998554,0.8717171717172147,0.7646464646464634,2026-04-22 15:25:00+05:30,1368.4839,END_OF_DAY,False,0.8311000000001059,2.7377989,-1.9066988999998944,-1.7007776475520586,Q1_CLOSEST
ICICIBANK,ORB_50,2.0,2026-04-24,SELL,2026-04-24 09:50:00+05:30,2026-04-24 09:55:00+05:30,1333.63285,1340.53285,6.900000000000091,1319.8328499999998,2.0,1338.2870702482355,9.632849999999962,3.0671500000000838,1.3960652173912804,0.4445144927536294,2026-04-24 15:25:00+05:30,1326.36285,END_OF_DAY,False,7.269999999999982,2.6599957,4.610004299999982,-4.654220248235561,Q2
ICICIBANK,ORB_50,2.0,2026-04-27,SELL,2026-04-27 10:20:00+05:30,2026-04-27 10:25:00+05:30,1321.339,1326.239,4.900000000000091,1311.5389999999998,2.0,1329.1859724813285,10.43899999999985,2.561000000000149,2.130408163265236,0.5226530612245105,2026-04-27 11:35:00+05:30,1312.1947694999997,TARGET,False,9.144230500000276,2.6335337695,6.5106967305002765,-7.846972481328521,Q4_FARTHEST
ICICIBANK,ORB_50,2.0,2026-04-28,SELL,2026-04-28 09:35:00+05:30,2026-04-28 09:40:00+05:30,1310.64435,1313.49435,2.849999999999909,1304.9443500000002,2.0,1313.647269215264,23.944349999999982,4.055650000000014,8.401526315789736,1.4230350877193487,2026-04-28 09:40:00+05:30,1314.151097175,STOP_LOSS,False,-3.506747174999873,2.624795447175,-6.131542622174873,-3.0029192152640007,Q1_CLOSEST
ICICIBANK,ORB_50,2.0,2026-04-29,SELL,2026-04-29 14:15:00+05:30,2026-04-29 14:20:00+05:30,1280.7593000000002,1288.0593,7.299999999999954,1266.1593000000005,2.0,1289.689123215949,4.559300000000121,3.8406999999997424,0.624561643835637,0.5261232876712009,2026-04-29 15:25:00+05:30,1279.6395,END_OF_DAY,False,1.1198000000001684,2.5603988,-1.4405987999998318,-8.929823215948772,Q4_FARTHEST
ICICIBANK,ORB_50,2.0,2026-04-30,BUY,2026-04-30 13:45:00+05:30,2026-04-30 13:50:00+05:30,1270.8351,1265.7351,5.100000000000136,1281.0351000000005,2.0,1264.231473158194,1.3649000000000342,10.135099999999966,0.2676274509803917,1.9872745098038616,2026-04-30 14:50:00+05:30,1265.10223245,STOP_LOSS,False,-5.732867550000037,2.53593733245,-8.268804882450038,6.60362684180609,Q4_FARTHEST
ICICIBANK,ORB_50,2.0,2026-05-04,BUY,2026-05-04 09:30:00+05:30,2026-05-04 09:35:00+05:30,1279.13925,1272.23925,6.899999999999864,1292.9392499999997,2.0,1274.6620664977793,3.0607500000000982,13.839249999999993,0.4435869565217621,2.00568840579714,2026-05-04 12:10:00+05:30,1271.603130375,STOP_LOSS,False,-7.536119624999856,2.550742380375,-10.086862005374856,4.477183502220669,Q2
ICICIBANK,ORB_50,2.0,2026-05-05,SELL,2026-05-05 10:00:00+05:30,2026-05-05 10:05:00+05:30,1252.67335,1258.4733500000002,5.800000000000182,1241.0733499999997,2.0,1256.8845333733632,7.173350000000028,3.626649999999927,1.2367844827585868,0.6252844827585885,2026-05-05 15:25:00+05:30,1251.52545,END_OF_DAY,False,1.147899999999936,2.5041988,-1.3562988000000642,-4.211183373363156,Q2
ICICIBANK,ORB_50,2.0,2026-05-06,SELL,2026-05-06 09:30:00+05:30,2026-05-06 09:35:00+05:30,1257.371,1262.821,5.4500000000000455,1246.471,2.0,1262.9032844181968,5.2710000000001855,25.42899999999986,0.9671559633027784,4.665871559632963,2026-05-06 14:20:00+05:30,1263.4524105,STOP_LOSS,False,-6.081410499999947,2.5208234105000003,-8.602233910499947,-5.532284418196696,Q3
ICICIBANK,ORB_50,2.0,2026-05-07,BUY,2026-05-07 10:00:00+05:30,2026-05-07 10:05:00+05:30,1291.74555,1285.7955499999998,5.9500000000000455,1303.64555,2.0,1283.9083879864836,2.254450000000133,18.54554999999982,0.3788991596638851,3.116899159663812,2026-05-07 11:20:00+05:30,1285.152652225,STOP_LOSS,False,-6.592897774999983,2.576898202225,-9.169795977224982,7.83716201351649,Q4_FARTHEST
ICICIBANK,ORB_50,2.0,2026-05-07,SELL,2026-05-07 15:20:00+05:30,2026-05-07 15:25:00+05:30,1275.06215,1281.01215,5.9500000000000455,1263.16215,2.0,1282.6331464241568,0.0,4.73784999999998,0.0,0.7962773109243604,2026-05-07 15:25:00+05:30,1279.6395,END_OF_DAY,False,-4.577350000000024,2.55470165,-7.132051650000024,-7.570996424156874,Q4_FARTHEST
ICICIBANK,ORB_50,2.0,2026-05-08,SELL,2026-05-08 10:50:00+05:30,2026-05-08 10:55:00+05:30,1265.86675,1272.2667499999998,6.399999999999864,1253.0667500000002,2.0,1270.420842528005,4.666749999999865,3.133250000000089,0.7291796874999945,0.4895703125000243,2026-05-08 15:25:00+05:30,1266.9331499999998,END_OF_DAY,False,-1.0663999999999303,2.5327999,-3.5991998999999306,-4.554092528005185,Q2
ICICIBANK,ORB_50,2.0,2026-05-11,BUY,2026-05-11 10:50:00+05:30,2026-05-11 10:55:00+05:30,1263.6315,1258.2315,5.400000000000091,1274.4315,2.0,1258.9532000966042,12.068500000000084,1.3315000000000057,2.234907407407386,0.2465740740740709,2026-05-11 12:55:00+05:30,1273.79428425,TARGET,False,10.162784250000186,2.5374257842500003,7.625358465750185,4.678299903395782,Q2
ICICIBANK,ORB_50,2.0,2026-05-12,SELL,2026-05-12 09:30:00+05:30,2026-05-12 09:35:00+05:30,1248.9752,1254.1252,5.150000000000091,1238.6751999999997,2.0,1253.6421394485858,12.675199999999904,2.424800000000232,2.461203883495084,0.4708349514563474,2026-05-12 15:00:00+05:30,1239.2945375999998,TARGET,False,9.680662400000074,2.4882697376,7.192392662400074,-4.666939448585708,Q2
ICICIBANK,ORB_50,2.0,2026-05-13,SELL,2026-05-13 09:30:00+05:30,2026-05-13 09:35:00+05:30,1230.7843,1237.7343,6.9500000000000455,1216.8843,2.0,1236.1573998612848,3.5842999999999847,18.41570000000001,0.5157266187050304,2.6497410071942293,2026-05-13 10:20:00+05:30,1238.35316715,STOP_LOSS,False,-7.56886714999996,2.46913746715,-10.03800461714996,-5.3730998612848,Q3
ICICIBANK,ORB_50,2.0,2026-05-14,SELL,2026-05-14 10:45:00+05:30,2026-05-14 10:50:00+05:30,1236.5814,1241.4314,4.849999999999909,1226.8814000000002,2.0,1242.146131920782,0.5814000000000306,20.11860000000001,0.1198762886598023,4.148164948453689,2026-05-14 11:20:00+05:30,1242.0521156999998,STOP_LOSS,False,-5.470715699999801,2.4786335157,-7.949349215699801,-5.564731920781924,Q3
ICICIBANK,ORB_50,2.0,2026-05-15,SELL,2026-05-15 15:05:00+05:30,2026-05-15 15:10:00+05:30,1242.27855,1249.62855,7.349999999999909,1227.5785500000002,2.0,1248.5068143997416,0.0785499999999501,5.621450000000095,0.0106870748299253,0.7648231292517231,2026-05-15 15:25:00+05:30,1248.52395,END_OF_DAY,False,-6.245400000000018,2.4908025,-8.736202500000019,-6.228264399741647,Q4_FARTHEST
ICICIBANK,ORB_50,2.0,2026-05-18,BUY,2026-05-18 11:30:00+05:30,2026-05-18 11:35:00+05:30,1242.12075,1237.72075,4.400000000000091,1250.9207500000002,2.0,1237.2329116236892,11.579250000000002,7.420749999999998,2.6316477272726733,1.6865340909090556,2026-05-18 11:45:00+05:30,1237.101889625,STOP_LOSS,False,-5.018860375000031,2.479222639625,-7.498083014625031,4.88783837631081,Q3
ICICIBANK,ORB_50,2.0,2026-05-19,SELL,2026-05-19 09:30:00+05:30,2026-05-19 09:35:00+05:30,1242.0786500000002,1247.12865,5.0499999999999545,1231.9786500000002,2.0,1247.6468832007586,12.278650000000198,6.621349999999893,2.4314158415842195,1.3111584158415748,2026-05-19 09:50:00+05:30,1232.5946393250003,TARGET,False,9.484010674999809,2.4746732893250005,7.009337385674808,-5.568233200758414,Q3
ICICIBANK,ORB_50,2.0,2026-05-20,BUY,2026-05-20 09:30:00+05:30,2026-05-20 09:35:00+05:30,1233.51645,1229.81645,3.7000000000000455,1240.9164500000002,2.0,1228.2123418242516,6.183549999999968,6.816450000000032,1.6712297297297007,1.8422837837837696,2026-05-20 09:55:00+05:30,1229.201541775,STOP_LOSS,False,-4.314908224999954,2.462717991775,-6.777626216774953,5.3041081757485244,Q3
ICICIBANK,ORB_50,2.0,2026-05-21,SELL,2026-05-21 09:30:00+05:30,2026-05-21 09:35:00+05:30,1239.7798,1243.0798,3.2999999999999545,1233.1798,2.0,1242.768630673011,5.379799999999932,8.520199999999932,1.630242424242426,2.5818787878788028,2026-05-21 09:35:00+05:30,1243.7013399,STOP_LOSS,False,-3.92153989999997,2.4834811399,-6.405021039899971,-2.98883067301108,Q1_CLOSEST
ICICIBANK,ORB_50,2.0,2026-05-21,SELL,2026-05-21 12:35:00+05:30,2026-05-21 12:40:00+05:30,1239.1801,1242.4801000000002,3.300000000000182,1232.5800999999997,2.0,1243.9641114480114,4.780099999999948,6.619899999999916,1.4485151515150558,2.006030303030167,2026-05-21 14:25:00+05:30,1243.1013400500003,STOP_LOSS,False,-3.921240050000279,2.4822814400500004,-6.403521490050279,-4.78401144801137,Q3
ICICIBANK,ORB_50,2.0,2026-05-22,BUY,2026-05-22 09:30:00+05:30,2026-05-22 09:35:00+05:30,1265.13225,1255.5322500000002,9.599999999999907,1284.33225,2.0,1258.9459420391825,5.667749999999842,5.532250000000204,0.5903906249999891,0.5762760416666933,2026-05-22 15:25:00+05:30,1266.5664000000002,END_OF_DAY,False,1.434150000000045,2.5316986500000005,-1.0975486499999554,6.186307960817658,Q3
ICICIBANK,ORB_50,2.0,2026-05-25,BUY,2026-05-25 14:20:00+05:30,2026-05-25 14:25:00+05:30,1285.14225,1278.44225,6.7000000000000455,1298.5422500000002,2.0,1280.079408493403,8.357749999999896,0.9422500000000582,1.2474253731343043,0.1406343283582166,2026-05-25 15:25:00+05:30,1292.85325,END_OF_DAY,False,7.710999999999785,2.5779955,5.133004499999785,5.062841506597124,Q3
ICICIBANK,ORB_50,2.0,2026-05-26,BUY,2026-05-26 09:35:00+05:30,2026-05-26 09:40:00+05:30,1300.95015,1294.20015,6.75,1314.45015,2.0,1294.5836215669678,0.8498500000000604,24.75014999999985,0.1259037037037126,3.6666888888888662,2026-05-26 09:55:00+05:30,1293.553049925,STOP_LOSS,False,-7.397100075000026,2.594503199925,-9.991603274925026,6.366528433032045,Q4_FARTHEST
ICICIBANK,ORB_50,2.0,2026-05-26,SELL,2026-05-26 14:10:00+05:30,2026-05-26 14:15:00+05:30,1281.359,1288.109,6.75,1267.859,2.0,1291.60643003358,5.158999999999878,1.7409999999999854,0.7642962962962783,0.2579259259259238,2026-05-26 15:25:00+05:30,1281.5404500000002,END_OF_DAY,False,-0.1814500000002681,2.56289945,-2.744349450000268,-10.24743003358003,Q4_FARTHEST
ICICIBANK,ORB_50,2.0,2026-05-27,BUY,2026-05-27 10:10:00+05:30,2026-05-27 10:15:00+05:30,1288.644,1282.744,5.899999999999864,1300.4439999999995,2.0,1281.773521725679,4.7560000000000855,21.94399999999996,0.8061016949152874,3.719322033898384,2026-05-27 12:30:00+05:30,1282.102628,STOP_LOSS,False,-6.54137199999991,2.570746628,-9.11211862799991,6.870478274320931,Q4_FARTHEST
ICICIBANK,ORB_50,2.0,2026-05-27,SELL,2026-05-27 14:05:00+05:30,2026-05-27 14:10:00+05:30,1271.66385,1277.56385,5.900000000000091,1259.8638499999995,2.0,1281.4474352994291,4.963849999999866,3.436149999999998,0.8413305084745405,0.5823983050847364,2026-05-27 15:25:00+05:30,1273.13625,END_OF_DAY,False,-1.472400000000107,2.5448001,-4.017200100000107,-9.783585299429205,Q4_FARTHEST
ICICIBANK,ORB_50,2.0,2026-05-29,SELL,2026-05-29 09:50:00+05:30,2026-05-29 09:55:00+05:30,1273.86275,1280.21275,6.350000000000136,1261.1627499999995,2.0,1279.260683935903,25.962749999999915,12.037250000000084,4.088622047243994,1.8956299212598156,2026-05-29 10:15:00+05:30,1280.852856375,STOP_LOSS,False,-6.990106375000096,2.554715606375,-9.544821981375096,-5.397933935902984,Q3
ICICIBANK,ORB_50,2.0,2026-06-01,SELL,2026-06-01 11:30:00+05:30,2026-06-01 11:35:00+05:30,1249.4749499999998,1254.42495,4.9500000000000455,1239.5749499999995,2.0,1255.0755661089297,13.574949999999715,3.425050000000283,2.7424141414140597,0.6919292929293438,2026-06-01 14:05:00+05:30,1240.1947374749998,TARGET,False,9.280212525000024,2.489669687475,6.790542837525025,-5.6006161089298985,Q3
ICICIBANK,ORB_50,2.0,2026-06-02,SELL,2026-06-02 09:45:00+05:30,2026-06-02 09:50:00+05:30,1226.68635,1230.58635,3.900000000000091,1218.8863499999998,2.0,1230.6180007298403,5.986349999999902,11.013650000000098,1.5349615384614776,2.82401282051278,2026-06-02 10:25:00+05:30,1231.201643175,STOP_LOSS,False,-4.515293175000124,2.457887993175,-6.973181168175124,-3.931650729840385,Q2
ICICIBANK,ORB_50,2.0,2026-06-02,BUY,2026-06-02 13:25:00+05:30,2026-06-02 13:30:00+05:30,1236.618,1232.7179999999998,3.900000000000091,1244.418,2.0,1228.5998242536584,0.6820000000000164,12.917999999999893,0.174871794871795,3.312307692307588,2026-06-02 14:15:00+05:30,1232.1016409999995,STOP_LOSS,False,-4.516359000000193,2.468719641,-6.985078641000193,8.018175746341512,Q4_FARTHEST
ICICIBANK,ORB_50,2.0,2026-06-03,SELL,2026-06-03 09:30:00+05:30,2026-06-03 09:35:00+05:30,1214.89225,1219.54225,4.649999999999864,1205.5922500000004,2.0,1219.774937133728,1.1922500000000582,33.40774999999985,0.2563978494623856,7.1844623655915765,2026-06-03 10:15:00+05:30,1220.152021125,STOP_LOSS,False,-5.259771124999816,2.435044271125,-7.694815396124815,-4.8826871337278135,Q3
ICICIBANK,ORB_50,2.0,2026-06-04,BUY,2026-06-04 09:40:00+05:30,2026-06-04 09:45:00+05:30,1243.6215,1238.5214999999998,5.100000000000136,1253.8215000000002,2.0,1239.5871856672609,18.678499999999985,0.6214999999999691,3.662450980392056,0.1218627450980299,2026-06-04 10:45:00+05:30,1253.1945892500005,TARGET,False,9.573089250000294,2.49681608925,7.076273160750294,4.034314332739086,Q2
ICICIBANK,ORB_50,2.0,2026-06-05,SELL,2026-06-05 10:35:00+05:30,2026-06-05 10:40:00+05:30,1249.87475,1254.02475,4.150000000000091,1241.5747499999998,2.0,1256.7494894852382,0.0,15.125250000000053,0.0,3.6446385542168,2026-06-05 10:50:00+05:30,1254.651762375,STOP_LOSS,False,-4.77701237500014,2.504526512375,-7.28153888737514,-6.874739485238251,Q4_FARTHEST
ICICIBANK,ORB_50,2.0,2026-06-09,BUY,2026-06-09 09:30:00+05:30,2026-06-09 09:35:00+05:30,1273.2362999999998,1264.6862999999998,8.549999999999955,1290.3362999999997,2.0,1265.7056095945695,6.66370000000029,15.33629999999971,0.7793801169591024,1.7937192982455896,2026-06-09 10:55:00+05:30,1264.0539568499998,STOP_LOSS,False,-9.182343149999951,2.5372902568499995,-11.719633406849953,7.530690405430278,Q4_FARTHEST
ICICIBANK,ORB_50,2.0,2026-06-10,BUY,2026-06-10 09:45:00+05:30,2026-06-10 09:50:00+05:30,1290.4449,1281.7949,8.650000000000091,1307.7449,2.0,1284.7545397238853,15.55510000000004,7.144900000000007,1.7982774566473845,0.8259999999999921,2026-06-10 15:25:00+05:30,1292.3535,END_OF_DAY,False,1.9085999999999783,2.5827984,-0.6741984000000212,5.6903602761146885,Q3
ICICIBANK,ORB_50,2.0,2026-06-11,BUY,2026-06-11 09:35:00+05:30,2026-06-11 09:40:00+05:30,1303.35135,1295.35135,8.0,1319.35135,2.0,1300.8116725402524,29.64864999999986,1.8513500000001384,3.706081249999983,0.2314187500000173,2026-06-11 10:20:00+05:30,1318.691674325,TARGET,False,15.340324324999983,2.6220430243250004,12.718281300674985,2.5396774597475087,Q1_CLOSEST
ICICIBANK,ORB_50,2.0,2026-06-12,SELL,2026-06-12 10:00:00+05:30,2026-06-12 10:05:00+05:30,1320.7393000000002,1328.0393,7.299999999999954,1306.1393000000005,2.0,1329.5274778515368,2.03930000000014,23.56069999999977,0.2793561643835824,3.22749315068492,2026-06-12 11:40:00+05:30,1328.70331965,STOP_LOSS,False,-7.964019649999955,2.6494426196500003,-10.613462269649954,-8.788177851536602,Q4_FARTHEST
ICICIBANK,ORB_50,2.0,2026-06-12,BUY,2026-06-12 14:15:00+05:30,2026-06-12 14:20:00+05:30,1339.96965,1332.66965,7.299999999999954,1354.56965,2.0,1329.4154365475963,4.330349999999953,1.669650000000047,0.5931986301369836,0.2287191780821996,2026-06-12 15:25:00+05:30,1339.33,END_OF_DAY,False,-0.6396500000000742,2.67929965,-3.318949650000074,10.554213452403701,Q4_FARTHEST
ICICIBANK,ORB_50,2.0,2026-06-15,SELL,2026-06-15 09:35:00+05:30,2026-06-15 09:40:00+05:30,1345.5269,1353.3769000000002,7.850000000000136,1329.8268999999998,2.0,1350.5224459589645,20.226900000000114,6.373100000000022,2.5766751592356387,0.8118598726114536,2026-06-15 15:00:00+05:30,1330.49181345,TARGET,False,15.035086550000187,2.6760187134500004,12.359067836550189,-4.995545958964385,Q3
ICICIBANK,ORB_50,2.0,2026-06-16,SELL,2026-06-16 10:00:00+05:30,2026-06-16 10:05:00+05:30,1326.23655,1329.2865500000005,3.050000000000182,1320.1365499999995,2.0,1330.2932617003903,0.0,11.063449999999875,0.0,3.627360655737448,2026-06-16 10:20:00+05:30,1329.9511932750002,STOP_LOSS,False,-3.7146432750000713,2.6561877432750003,-6.370831018275071,-4.056711700390224,Q2
ICICIBANK,ORB_50,2.0,2026-06-16,BUY,2026-06-16 15:05:00+05:30,2026-06-16 15:10:00+05:30,1337.2683,1334.2183,3.0499999999999545,1343.3683,2.0,1331.3381120517274,0.0317000000000007,3.268299999999954,0.0103934426229512,1.071573770491804,2026-06-16 15:15:00+05:30,1333.55119085,STOP_LOSS,False,-3.717109149999942,2.67081949085,-6.387928640849943,5.930187948272533,Q3
ICICIBANK,ORB_50,2.0,2026-06-17,BUY,2026-06-17 10:20:00+05:30,2026-06-17 10:25:00+05:30,1345.17225,1341.9722500000005,3.199999999999818,1351.5722499999997,2.0,1340.766549819156,0.8277499999999236,11.772249999999984,0.2586718749999908,3.6788281250002046,2026-06-17 10:35:00+05:30,1341.3012638750004,STOP_LOSS,False,-3.8709861249997175,2.686473513875,-6.557459638874718,4.405700180844178,Q2
ICICIBANK,ORB_50,2.0,2026-06-17,SELL,2026-06-17 14:20:00+05:30,2026-06-17 14:25:00+05:30,1335.5319,1338.7318999999998,3.199999999999818,1329.1319000000003,2.0,1339.0731218741594,2.13189999999986,2.668100000000095,0.666218749999994,0.8337812500000771,2026-06-17 15:25:00+05:30,1337.6685,END_OF_DAY,False,-2.136600000000044,2.6732004,-4.809800400000044,-3.541221874159419,Q1_CLOSEST
ICICIBANK,ORB_50,2.0,2026-06-18,SELL,2026-06-18 10:35:00+05:30,2026-06-18 10:40:00+05:30,1331.334,1335.1840000000002,3.850000000000136,1323.6339999999998,2.0,1336.6161389373042,0.0,15.566000000000033,0.0,4.043116883116748,2026-06-18 11:40:00+05:30,1335.8515920000002,STOP_LOSS,False,-4.51759200000015,2.6671855920000005,-7.184777592000151,-5.282138937304126,Q3
ICICIBANK,ORB_50,2.0,2026-06-18,BUY,2026-06-18 14:55:00+05:30,2026-06-18 15:00:00+05:30,1342.17075,1338.32075,3.850000000000136,1349.8707500000005,2.0,1340.3988576522845,2.929249999999911,2.570750000000089,0.7608441558441057,0.6677272727272722,2026-06-18 15:25:00+05:30,1340.3295,END_OF_DAY,False,-1.8412499999999452,2.68250025,-4.523750249999946,1.771892347715493,Q1_CLOSEST
ICICIBANK,ORB_50,2.0,2026-06-19,BUY,2026-06-19 10:40:00+05:30,2026-06-19 10:45:00+05:30,1347.57345,1340.1734500000002,7.399999999999864,1362.3734499999998,2.0,1344.071449441667,4.726549999999861,6.5734500000000935,0.638722972972966,0.8883040540540831,2026-06-19 15:25:00+05:30,1347.1261,END_OF_DAY,False,-0.4473500000001422,2.69469955,-3.1420495500001424,3.502000558333066,Q1_CLOSEST
ICICIBANK,ORB_50,2.0,2026-06-22,BUY,2026-06-22 10:20:00+05:30,2026-06-22 10:25:00+05:30,1359.6795,1354.6795,5.0,1369.6795,2.0,1356.3798625469822,3.020500000000084,9.579500000000053,0.6041000000000167,1.9159000000000104,2026-06-22 13:40:00+05:30,1354.00216025,STOP_LOSS,False,-5.677339750000101,2.71368166025,-8.3910214102501,3.2996374530177945,Q1_CLOSEST
ICICIBANK,ORB_50,2.0,2026-06-23,BUY,2026-06-23 09:30:00+05:30,2026-06-23 09:35:00+05:30,1361.98065,1359.13065,2.849999999999909,1367.6806499999998,2.0,1359.98405969343,7.11934999999994,30.48064999999997,2.498017543859708,10.694964912281032,2026-06-23 10:50:00+05:30,1366.996809675,TARGET,False,5.016159674999926,2.728977459675,2.2871822153249264,1.9965903065699422,Q1_CLOSEST
ICICIBANK,ORB_50,2.0,2026-06-23,SELL,2026-06-23 12:45:00+05:30,2026-06-23 12:50:00+05:30,1353.82275,1356.6727500000002,2.8500000000001364,1348.1227499999998,2.0,1362.3022485253662,22.32275000000004,2.377250000000004,7.832543859648762,0.8341228070175052,2026-06-23 14:05:00+05:30,1348.7968113749998,TARGET,False,5.025938625000208,2.702619561375,2.3233190636252083,-8.479498525366125,Q4_FARTHEST
ICICIBANK,ORB_50,2.0,2026-06-24,BUY,2026-06-24 09:30:00+05:30,2026-06-24 09:35:00+05:30,1363.18125,1352.93125,10.25,1383.68125,2.0,1356.5759300231923,14.418749999999818,4.081250000000182,1.406707317073153,0.3981707317073348,2026-06-24 15:25:00+05:30,1371.314,END_OF_DAY,False,8.132749999999987,2.73449525,5.398254749999987,6.6053199768077775,Q4_FARTHEST
ICICIBANK,ORB_50,2.0,2026-06-25,BUY,2026-06-25 09:55:00+05:30,2026-06-25 10:00:00+05:30,1391.2953,1386.0953,5.2000000000000455,1401.6953,2.0,1386.7142350983993,12.704700000000004,8.595299999999952,2.4432115384615174,1.652942307692284,2026-06-25 10:30:00+05:30,1385.40225235,STOP_LOSS,False,-5.893047649999971,2.77669755235,-8.669745202349972,4.581064901600712,Q2
ICICIBANK,ORB_50,2.0,2026-06-29,SELL,2026-06-29 09:30:00+05:30,2026-06-29 09:35:00+05:30,1382.9082,1390.1082,7.2000000000000455,1368.5081999999998,2.0,1393.3003029647534,0.0,10.091800000000148,0.0,1.4016388888889006,2026-06-29 09:40:00+05:30,1390.8032541,STOP_LOSS,False,-7.895054100000152,2.7737114541000003,-10.668765554100151,-10.392102964753349,Q4_FARTHEST
ICICIBANK,ORB_50,2.0,2026-06-30,SELL,2026-06-30 09:45:00+05:30,2026-06-30 09:50:00+05:30,1384.5074,1391.2074,6.7000000000000455,1371.1074,2.0,1390.1583733796065,18.40740000000005,6.3926000000001295,2.747373134328347,0.9541194029850876,2026-06-30 14:00:00+05:30,1371.7929536999998,TARGET,False,12.71444630000019,2.7563003536999995,9.958145946300192,-5.650973379606512,Q3
ICICIBANK,ORB_50,2.0,2026-07-01,BUY,2026-07-01 10:05:00+05:30,2026-07-01 10:10:00+05:30,1375.0872000000002,1371.5372000000002,3.5499999999999545,1382.1872,2.0,1372.4073559888495,10.012799999999745,4.087200000000166,2.820507042253485,1.1513239436620335,2026-07-01 10:55:00+05:30,1370.8514314,STOP_LOSS,False,-4.2357686000000285,2.7459386314000005,-6.981707231400029,2.679844011150635,Q1_CLOSEST
ICICIBANK,ORB_50,2.0,2026-07-02,BUY,2026-07-02 09:30:00+05:30,2026-07-02 09:35:00+05:30,1391.6955,1386.0955,5.600000000000136,1402.8955000000003,2.0,1384.896900336654,13.304499999999962,6.795499999999947,2.3758035714285066,1.213482142857104,2026-07-02 10:10:00+05:30,1385.40245225,STOP_LOSS,False,-6.293047750000142,2.77709795225,-9.07014570225014,6.798599663346067,Q4_FARTHEST
ICICIBANK,ORB_50,2.0,2026-07-07,SELL,2026-07-07 12:35:00+05:30,2026-07-07 12:40:00+05:30,1418.4904,1424.2904,5.7999999999999545,1406.8904000000002,2.0,1426.1043494437818,8.490400000000136,2.2095999999999094,1.4638620689655522,0.3809655172413667,2026-07-07 15:25:00+05:30,1412.706,END_OF_DAY,False,5.7844000000002325,2.8311964,2.9532036000002324,-7.6139494437818485,Q4_FARTHEST
ICICIBANK,ORB_50,2.0,2026-07-08,BUY,2026-07-08 09:45:00+05:30,2026-07-08 09:50:00+05:30,1417.4083500000002,1414.50835,2.900000000000091,1423.2083500000003,2.0,1413.8008553481002,0.8916499999997995,41.508350000000064,0.3074655172413005,14.313224137930607,2026-07-08 09:55:00+05:30,1413.8010958250002,STOP_LOSS,False,-3.60725417499998,2.8312094458250003,-6.43846362082498,3.6074946518999695,Q1_CLOSEST
ICICIBANK,ORB_50,2.0,2026-07-09,BUY,2026-07-09 09:50:00+05:30,2026-07-09 09:55:00+05:30,1399.39935,1391.0993500000002,8.299999999999955,1415.99935,2.0,1395.0015240763516,4.200649999999769,22.099350000000182,0.5061024096385291,2.6625722891566634,2026-07-09 10:45:00+05:30,1390.4038003250002,STOP_LOSS,False,-8.995549674999893,2.7898031503250005,-11.785352825324892,4.39782592364827,Q2
ICICIBANK,ORB_50,2.0,2026-07-09,SELL,2026-07-09 15:00:00+05:30,2026-07-09 15:05:00+05:30,1379.31,1387.61,8.299999999999955,1362.71,2.0,1388.060464832639,2.009999999999991,4.690000000000055,0.2421686746987954,0.5650602409638651,2026-07-09 15:25:00+05:30,1384.39185,END_OF_DAY,False,-5.081850000000031,2.76370185,-7.845551850000032,-8.750464832638954,Q4_FARTHEST
ICICIBANK,ORB_50,2.0,2026-07-10,BUY,2026-07-10 09:30:00+05:30,2026-07-10 09:35:00+05:30,1405.40235,1398.70235,6.7000000000000455,1418.8023500000002,2.0,1400.691755385827,2.797649999999976,7.0023499999999785,0.4175597014925309,1.0451268656716317,2026-07-10 13:05:00+05:30,1398.002998825,STOP_LOSS,False,-7.399351174999992,2.803405348825,-10.202756523824991,4.710594614173033,Q2
ICICIBANK,ORB_50,2.0,2026-07-13,BUY,2026-07-13 09:45:00+05:30,2026-07-13 09:50:00+05:30,1397.8986,1394.2986,3.599999999999909,1405.0985999999998,2.0,1392.8795806480948,15.101400000000012,2.7986000000000786,4.194833333333443,0.7773888888889303,2026-07-13 10:25:00+05:30,1404.3960506999997,TARGET,False,6.4974506999997175,2.8022946507,3.6951560492997175,5.019019351905172,Q3
ICICIBANK,ORB_50,2.0,2026-07-14,SELL,2026-07-14 09:50:00+05:30,2026-07-14 09:55:00+05:30,1393.20305,1397.70305,4.5,1384.20305,2.0,1396.5284548285206,0.8030499999999847,18.59694999999988,0.1784555555555521,4.132655555555528,2026-07-14 10:40:00+05:30,1398.401901525,STOP_LOSS,False,-5.198851525000009,2.791604951525,-7.99045647652501,-3.3254048285205045,Q1_CLOSEST
ICICIBANK,ORB_50,2.0,2026-07-14,BUY,2026-07-14 13:45:00+05:30,2026-07-14 13:50:00+05:30,1404.3018,1399.8018,4.5,1413.3018,2.0,1402.84575582036,4.798199999999952,1.501800000000003,1.0662666666666558,0.333733333333334,2026-07-14 15:25:00+05:30,1405.6968000000002,END_OF_DAY,False,1.3950000000002092,2.8099986,-1.414998599999791,1.4560441796400028,Q1_CLOSEST
ICICIBANK,ORB_50,2.0,2026-07-16,SELL,2026-07-16 09:55:00+05:30,2026-07-16 10:00:00+05:30,1411.39395,1416.64395,5.25,1400.89395,2.0,1415.9870138627043,5.193949999999859,12.206050000000005,0.9893238095237826,2.324961904761905,2026-07-16 10:55:00+05:30,1417.352271975,STOP_LOSS,False,-5.95832197499999,2.8287462219749995,-8.787068196974989,-4.593063862704412,Q2
ICICIBANK,ORB_50,2.0,2026-07-17,BUY,2026-07-17 10:15:00+05:30,2026-07-17 10:20:00+05:30,1432.61595,1426.7159500000002,5.899999999999864,1444.4159499999998,2.0,1428.7468760832833,22.4840499999998,2.615950000000112,3.810855932203443,0.4433813559322325,2026-07-17 14:15:00+05:30,1443.693742025,TARGET,False,11.07779202499978,2.876309692025,8.20148233297478,3.869073916716843,Q2
ICICIBANK,ORB_50,2.0,2026-07-20,SELL,2026-07-20 09:40:00+05:30,2026-07-20 09:45:00+05:30,1443.3779499999998,1461.1279499999998,17.75,1407.8779499999998,2.0,1458.005238840411,3.877949999999828,22.22205000000008,0.2184760563380184,1.251946478873244,2026-07-20 10:45:00+05:30,1461.8585139749998,STOP_LOSS,False,-18.480563974999995,2.905236463975,-21.385800438975,-14.627288840411211,Q4_FARTHEST
ICICIBANK,ORB_50,2.0,2026-07-21,SELL,2026-07-21 09:35:00+05:30,2026-07-21 09:40:00+05:30,1460.56935,1464.71935,4.150000000000091,1452.2693499999998,2.0,1468.768708237883,3.9693500000000768,6.430650000000014,0.9564698795180698,1.5495542168674394,2026-07-21 11:00:00+05:30,1465.451709675,STOP_LOSS,False,-4.882359675000089,2.9260210596750005,-7.808380734675089,-8.199358237882961,Q4_FARTHEST
ICICIBANK,ORB_50,2.0,2026-07-22,SELL,2026-07-22 09:30:00+05:30,2026-07-22 09:35:00+05:30,1446.77625,1455.42625,8.650000000000091,1429.4762499999997,2.0,1451.4560250245374,8.3762499999998,5.1237500000002,0.968352601156036,0.5923410404624446,2026-07-22 15:25:00+05:30,1440.41985,END_OF_DAY,False,6.356399999999894,2.8871961,3.469203899999894,-4.679775024537548,Q2
ICICIBANK,ORB_50,2.0,2026-07-23,SELL,2026-07-23 12:35:00+05:30,2026-07-23 12:40:00+05:30,1431.78375,1438.53375,6.75,1418.28375,2.0,1437.5921661840553,5.1837500000001455,5.116250000000036,0.7679629629629845,0.7579629629629684,2026-07-23 15:25:00+05:30,1434.1167,END_OF_DAY,False,-2.3329499999999825,2.8659004500000003,-5.198850449999982,-5.808416184055204,Q3
ICICIBANK,ORB_50,2.0,2026-07-24,SELL,2026-07-24 09:40:00+05:30,2026-07-24 09:45:00+05:30,1423.0881,1427.1880999999998,4.099999999999909,1414.8881,2.0,1424.545328863794,7.688099999999849,16.91190000000006,1.8751463414634195,4.124853658536692,2026-07-24 12:00:00+05:30,1427.9016940499998,STOP_LOSS,False,-4.813594049999892,2.85098979405,-7.664583844049892,-1.457228863794171,Q1_CLOSEST
ICICIBANK,ORB_50,2.0,2026-07-24,BUY,2026-07-24 15:15:00+05:30,2026-07-24 15:20:00+05:30,1434.01665,1429.91665,4.099999999999909,1442.2166499999998,2.0,1427.7655076036,2.1833500000000186,1.116649999999936,0.5325243902439187,0.2723536585365758,2026-07-24 15:25:00+05:30,1435.282,END_OF_DAY,False,1.2653499999998985,2.86929865,-1.6039486500001012,6.251142396399928,Q4_FARTHEST
ICICIBANK,ORB_50,2.0,2026-07-27,BUY,2026-07-27 13:40:00+05:30,2026-07-27 13:45:00+05:30,1440.5199,1435.3199,5.2000000000000455,1450.9199,2.0,1435.763423534,8.480099999999993,1.3198999999999614,1.630788461538446,0.2538269230769134,2026-07-27 15:25:00+05:30,1444.77725,END_OF_DAY,False,4.257350000000088,2.8852971500000004,1.3720528500000873,4.756476466000095,Q3
ICICIBANK,ORB_50,2.0,2026-07-28,BUY,2026-07-28 09:35:00+05:30,2026-07-28 09:40:00+05:30,1445.7225,1443.2225,2.5,1450.7225,2.0,1443.108437651118,0.1775000000000091,27.82249999999999,0.0710000000000036,11.128999999999996,2026-07-28 09:40:00+05:30,1442.50088875,STOP_LOSS,False,-3.221611250000024,2.88822338875,-6.109834638750024,2.614062348882044,Q1_CLOSEST
ICICIBANK,ORB_50,2.0,2026-07-28,SELL,2026-07-28 10:00:00+05:30,2026-07-28 10:05:00+05:30,1439.1800500000002,1441.6800500000002,2.5,1434.1800500000002,2.0,1442.465755957407,21.280050000000077,2.0199499999998807,8.51202000000003,0.8079799999999523,2026-07-28 10:45:00+05:30,1434.8971400250002,TARGET,False,4.282909974999939,2.8740771900250004,1.4088327849749382,-3.28570595740689,Q1_CLOSEST
ICICIBANK,ORB_50,2.0,2026-07-28,SELL,2026-07-28 15:20:00+05:30,2026-07-28 15:25:00+05:30,1425.0871,1427.5871,2.5,1420.0871,2.0,1429.9128680815502,7.187099999999873,2.7128999999999905,2.874839999999949,1.085159999999996,2026-07-28 15:25:00+05:30,1428.30089355,STOP_LOSS,True,-3.2137935499999912,2.85338799355,-6.067181543549991,-4.825768081550223,Q3
ICICIBANK,ORB_50,2.0,2026-07-30,BUY,2026-07-30 15:20:00+05:30,2026-07-30 15:25:00+05:30,1440.41985,1434.91985,5.5,1451.41985,2.0,1431.0191806054197,0.0,13.919849999999997,0.0,2.530881818181818,2026-07-30 15:25:00+05:30,1434.202390075,STOP_LOSS,False,-6.217459924999957,2.8746222400750003,-9.092082165074958,9.40066939458029,Q4_FARTHEST
ICICIBANK,ORB_50,2.0,2026-07-31,SELL,2026-07-31 10:05:00+05:30,2026-07-31 10:10:00+05:30,1432.6833,1436.4833000000003,3.800000000000182,1425.0832999999998,2.0,1436.931264307343,1.2833000000000538,4.516699999999901,0.3377105263157874,1.1886052631578117,2026-07-31 11:15:00+05:30,1437.2015416500003,STOP_LOSS,False,-4.518241650000164,2.8698848416500007,-7.388126491650164,-4.247964307343182,Q2
ICICIBANK,ORB_50,2.0,2026-08-03,BUY,2026-08-03 09:30:00+05:30,2026-08-03 09:35:00+05:30,1448.02365,1441.3236499999998,6.7000000000000455,1461.42365,2.0,1441.6265437642858,1.8763500000002296,6.023649999999861,0.2800522388060025,0.8990522388059433,2026-08-03 15:10:00+05:30,1443.57785,END_OF_DAY,False,-4.445799999999963,2.8916015,-7.337401499999963,6.397106235714318,Q4_FARTHEST
ICICIBANK,ORB_50,2.0,2026-08-04,BUY,2026-08-04 09:40:00+05:30,2026-08-04 09:45:00+05:30,1452.82605,1448.37605,4.4500000000000455,1461.72605,2.0,1448.906240583088,0.5739500000001954,22.02604999999994,0.1289775280899302,4.949674157303307,2026-08-04 10:05:00+05:30,1447.6518619749995,STOP_LOSS,False,-5.174188025000149,2.9004779119749995,-8.074665936975148,3.919809416911903,Q2
ICICIBANK,ORB_50,2.0,2026-08-04,SELL,2026-08-04 12:00:00+05:30,2026-08-04 12:05:00+05:30,1440.8792,1445.3292,4.4500000000000455,1431.9791999999998,2.0,1447.3100234090969,10.0791999999999,2.8208000000001903,2.2649887640448982,0.6338876404494744,2026-08-04 13:30:00+05:30,1432.6951895999998,TARGET,False,8.184010400000034,2.8735743895999994,5.310436010400034,-6.430823409096774,Q4_FARTHEST
ICICIBANK,ORB_50,2.0,2026-08-05,SELL,2026-08-05 11:50:00+05:30,2026-08-05 11:55:00+05:30,1443.278,1448.428,5.149999999999864,1432.9780000000003,2.0,1448.318886618402,12.077999999999976,2.321999999999889,2.3452427184466598,0.4508737864077574,2026-08-05 13:05:00+05:30,1433.6944890000002,TARGET,False,9.583510999999817,2.8769724890000004,6.706538510999817,-5.040886618402055,Q3
ICICIBANK,ORB_50,2.0,2026-08-07,SELL,2026-08-07 10:35:00+05:30,2026-08-07 10:40:00+05:30,1448.8752,1451.4752,2.599999999999909,1443.6752,2.0,1452.6432724412855,30.675199999999904,1.0248000000001412,11.79815384615422,0.3941538461539142,2026-08-07 11:00:00+05:30,1444.3970376000002,TARGET,False,4.478162399999746,2.8932722376,1.5848901623997462,-3.7680724412855398,Q1_CLOSEST
ICICIBANK,ORB_50,2.0,2026-08-10,SELL,2026-08-10 09:35:00+05:30,2026-08-10 09:40:00+05:30,1426.18655,1433.0865500000002,6.900000000000091,1412.38655,2.0,1433.414193597412,10.686550000000125,3.313449999999875,1.5487753623188385,0.4802101449275118,2026-08-10 15:10:00+05:30,1428.9141,END_OF_DAY,False,-2.7275499999998374,2.85510065,-5.582650649999838,-7.227643597411998,Q4_FARTHEST
ICICIBANK,ORB_50,2.0,2026-08-11,SELL,2026-08-11 09:50:00+05:30,2026-08-11 09:55:00+05:30,1422.0886,1427.6886,5.599999999999909,1410.8886000000002,2.0,1425.8232173450217,9.888599999999997,5.211399999999912,1.7658214285714566,0.9306071428571424,2026-08-11 15:10:00+05:30,1426.713,END_OF_DAY,False,-4.624399999999923,2.8488016,-7.473201599999923,-3.734617345021661,Q1_CLOSEST
ICICIBANK,ORB_50,2.0,2026-08-12,BUY,2026-08-12 10:20:00+05:30,2026-08-12 10:25:00+05:30,1433.7165,1427.0665,6.650000000000091,1447.0165000000002,2.0,1428.2233643005693,1.2835000000000036,12.316499999999904,0.1930075187969903,1.8521052631578552,2026-08-12 10:55:00+05:30,1426.35296675,STOP_LOSS,False,-7.363533250000046,2.86006946675,-10.223602716750046,5.493135699430695,Q3
ICICIBANK,ORB_50,2.0,2026-08-13,SELL,2026-08-13 09:30:00+05:30,2026-08-13 09:35:00+05:30,1415.292,1421.542,6.25,1402.792,2.0,1419.2563976626352,8.891999999999825,3.008000000000038,1.422719999999972,0.4812800000000061,2026-08-13 15:10:00+05:30,1411.60545,END_OF_DAY,False,3.6865499999998974,2.82689745,0.8596525499998973,-3.9643976626352924,Q2
ICICIBANK,ORB_50,2.0,2026-08-14,BUY,2026-08-14 09:40:00+05:30,2026-08-14 09:45:00+05:30,1413.5064,1408.7564,4.75,1423.0064,2.0,1407.9708614943906,4.293599999999969,10.006399999999983,0.9039157894736778,2.1066105263157864,2026-08-14 10:30:00+05:30,1408.0520218,STOP_LOSS,False,-5.454378200000065,2.8215584218,-8.275936621800064,5.535538505609338,Q3
TMPV,ORB_50,2.0,2025-08-18,BUY,2025-08-18 09:40:00+05:30,2025-08-18 09:45:00+05:30,469.484625,466.759625,2.724999999999966,474.9346249999999,2.0,466.9719500333175,2.1153750000000286,4.734624999999994,0.776284403669745,1.737477064220203,2025-08-18 12:00:00+05:30,466.5262451875,STOP_LOSS,False,-2.9583798124999703,0.9360108701875,-3.894390682687471,2.512674966682482,Q3
TMPV,ORB_50,2.0,2025-08-19,BUY,2025-08-19 09:45:00+05:30,2025-08-19 09:50:00+05:30,467.483625,465.733625,1.75,470.983625,2.0,466.8324469406356,16.766374999999982,0.383624999999995,9.580785714285703,0.2192142857142828,2025-08-19 09:50:00+05:30,470.7481331875,TARGET,False,3.2645081874999846,0.9382317581875,2.3262764293124847,0.6511780593644403,Q1_CLOSEST
TMPV,ORB_50,2.0,2025-08-20,SELL,2025-08-20 09:35:00+05:30,2025-08-20 09:40:00+05:30,476.26175,478.93675,2.675000000000012,470.91175,2.0,478.1314694332515,1.861750000000029,2.538250000000005,0.6959813084112229,0.948878504672895,2025-08-20 15:25:00+05:30,475.287525,END_OF_DAY,False,0.97422499999999,0.951549275,0.0226757249999898,-1.8697194332514755,Q2
TMPV,ORB_50,2.0,2025-08-21,SELL,2025-08-21 10:10:00+05:30,2025-08-21 10:15:00+05:30,475.712025,476.712025,1.0,473.712025,2.0,476.8468512316402,4.11202499999996,2.737975000000006,4.11202499999996,2.737975000000006,2025-08-21 11:35:00+05:30,476.9503810125,STOP_LOSS,False,-1.2383560124999915,0.9526624060125,-2.191018418512492,-1.1348262316402042,Q1_CLOSEST
TMPV,ORB_50,2.0,2025-08-22,SELL,2025-08-22 09:30:00+05:30,2025-08-22 09:35:00+05:30,469.765,472.565,2.800000000000012,464.165,2.0,471.9465461775693,2.5649999999999977,1.7350000000000136,0.916071428571424,0.6196428571428595,2025-08-22 15:25:00+05:30,469.084425,END_OF_DAY,False,0.6805749999999762,0.938849425,-0.2582744250000238,-2.1815461775693166,Q3
TMPV,ORB_50,2.0,2025-08-25,BUY,2025-08-25 09:35:00+05:30,2025-08-25 09:40:00+05:30,472.185975,470.685975,1.5,475.185975,2.0,470.5569438481804,2.1140250000000265,1.3359749999999622,1.4093500000000176,0.8906499999999747,2025-08-25 15:25:00+05:30,472.1638,END_OF_DAY,False,-0.0221750000000042,0.944349775,-0.9665247750000042,1.6290311518195608,Q2
TMPV,ORB_50,2.0,2025-08-28,SELL,2025-08-28 09:45:00+05:30,2025-08-28 09:50:00+05:30,462.9684,465.2934,2.325000000000045,458.3183999999999,2.0,465.0696761764933,3.168399999999963,5.831600000000037,1.3627526881720005,2.508215053763408,2025-08-28 14:00:00+05:30,465.5260467,STOP_LOSS,False,-2.5576467000000207,0.9284944467,-3.486141146700021,-2.101276176493343,Q3
TMPV,ORB_50,2.0,2025-08-29,SELL,2025-08-29 09:30:00+05:30,2025-08-29 09:35:00+05:30,460.919425,464.394425,3.474999999999966,453.96942500000006,2.0,463.9545742379442,1.0194250000000125,7.280574999999999,0.2933597122302223,2.095129496402898,2025-08-29 10:40:00+05:30,464.6266222125,STOP_LOSS,False,-3.7071972124999775,0.9255460472125,-4.632743259712478,-3.0351492379442107,Q4_FARTHEST
TMPV,ORB_50,2.0,2025-09-01,BUY,2025-09-01 11:15:00+05:30,2025-09-01 11:20:00+05:30,465.382575,463.93257499999993,1.4500000000000457,468.28257500000007,2.0,463.5943270755142,10.717425000000048,0.332574999999963,7.391327586206698,0.2293620689654845,2025-09-01 12:20:00+05:30,468.04843371250007,TARGET,False,2.6658587125000963,0.9334310087125,1.7324277037875964,1.7882479244858018,Q2
TMPV,ORB_50,2.0,2025-09-02,BUY,2025-09-02 10:25:00+05:30,2025-09-02 10:30:00+05:30,477.13845,474.98845,2.150000000000034,481.4384500000001,2.0,474.9477366005081,1.1115500000000225,7.838449999999966,0.5170000000000022,3.645790697674345,2025-09-02 13:10:00+05:30,474.750955775,STOP_LOSS,False,-2.387494225000012,0.951889405775,-3.3393836307750115,2.1907133994918695,Q3
TMPV,ORB_50,2.0,2025-09-02,SELL,2025-09-02 14:20:00+05:30,2025-09-02 14:25:00+05:30,471.764,473.914,2.1499999999999773,467.46400000000006,2.0,474.8718248756702,2.463999999999998,1.0360000000000014,1.1460465116279184,0.4818604651162848,2025-09-02 15:25:00+05:30,471.385575,END_OF_DAY,False,0.3784250000000497,0.943149575,-0.5647245749999502,-3.1078248756701896,Q4_FARTHEST
TMPV,ORB_50,2.0,2025-09-03,BUY,2025-09-03 11:35:00+05:30,2025-09-03 11:40:00+05:30,475.0374,473.7624,1.2749999999999773,477.5874,2.0,473.2088228451808,2.4125999999999976,0.8874000000000137,1.892235294117679,0.6960000000000232,2025-09-03 15:25:00+05:30,476.06185,END_OF_DAY,False,1.0244500000000016,0.95109925,0.0733507500000016,1.828577154819186,Q2
TMPV,ORB_50,2.0,2025-09-04,SELL,2025-09-04 10:00:00+05:30,2025-09-04 10:05:00+05:30,480.5596,483.1596,2.599999999999966,475.35960000000006,2.0,483.1362447036024,8.459599999999966,1.3903999999999996,3.2536923076923374,0.5347692307692377,2025-09-04 14:05:00+05:30,475.5972798000001,TARGET,False,4.962320199999908,0.9561568798,4.006163320199908,-2.576644703602426,Q3
TMPV,ORB_50,2.0,2025-09-05,BUY,2025-09-05 09:45:00+05:30,2025-09-05 09:50:00+05:30,479.389575,476.689575,2.6999999999999886,484.789575,2.0,477.4608394176614,0.7604249999999979,9.089574999999968,0.2816388888888893,3.3665092592592614,2025-09-05 10:45:00+05:30,476.4512302125,STOP_LOSS,False,-2.9383447875,0.9558408052125,-3.8941855927125,1.928735582338561,Q2
TMPV,ORB_50,2.0,2025-09-08,BUY,2025-09-08 09:30:00+05:30,2025-09-08 09:35:00+05:30,489.194475,484.219475,4.975000000000023,499.14447500000006,2.0,486.97021473135385,7.9055250000000115,0.9944750000000226,1.5890502512562763,0.1998944723618126,2025-09-08 15:25:00+05:30,496.25175,END_OF_DAY,False,7.057275000000004,0.985446225,6.071828775000004,2.2242602686461623,Q3
TMPV,ORB_50,2.0,2025-09-09,SELL,2025-09-09 09:30:00+05:30,2025-09-09 09:35:00+05:30,492.45365,494.42865,1.974999999999966,488.5036500000001,2.0,494.4462018209141,1.203649999999982,2.796350000000018,0.6094430379746849,1.4158734177215526,2025-09-09 09:50:00+05:30,494.675864325,STOP_LOSS,False,-2.2222143249999817,0.987129514325,-3.2093438393249816,-1.992551820914116,Q3
TMPV,ORB_50,2.0,2025-09-10,BUY,2025-09-10 11:00:00+05:30,2025-09-10 11:05:00+05:30,495.8478,492.8478,3.0,501.8478,2.0,492.55795054915,0.0,12.047799999999995,0.0,4.015933333333332,2025-09-10 11:25:00+05:30,492.6013761,STOP_LOSS,False,-3.246423900000025,0.9884491761,-4.234873076100024,3.2898494508499994,Q4_FARTHEST
TMPV,ORB_50,2.0,2025-09-10,SELL,2025-09-10 12:35:00+05:30,2025-09-10 12:40:00+05:30,488.85545,491.85545,3.0,482.85545,2.0,491.2531522975265,2.4054500000000303,0.9945500000000038,0.8018166666666767,0.3315166666666679,2025-09-10 15:25:00+05:30,489.4446,END_OF_DAY,False,-0.589149999999961,0.97830005,-1.567450049999961,-2.397702297526507,Q3
TMPV,ORB_50,2.0,2025-09-11,SELL,2025-09-11 09:30:00+05:30,2025-09-11 09:35:00+05:30,487.805975,488.755975,0.9499999999999886,485.905975,2.0,488.913521964365,2.7059749999999667,0.7940250000000333,2.848394736842104,0.8358157894737293,2025-09-11 10:30:00+05:30,486.1489279875,TARGET,False,1.6570470124999588,0.9739549029875,0.6830921095124588,-1.1075469643649853,Q1_CLOSEST
TMPV,ORB_50,2.0,2025-09-12,BUY,2025-09-12 09:30:00+05:30,2025-09-12 09:35:00+05:30,494.196975,491.096975,3.099999999999966,500.396975,2.0,491.96374331182295,0.7530249999999796,4.296975000000032,0.2429112903225767,1.386120967741961,2025-09-12 10:15:00+05:30,490.8514265125,STOP_LOSS,False,-3.3455484874999684,0.9850484015125,-4.330596889012469,2.2332316881770566,Q3
TMPV,ORB_50,2.0,2025-09-15,SELL,2025-09-15 11:15:00+05:30,2025-09-15 11:20:00+05:30,490.25475,493.47975,3.224999999999966,483.80475000000007,2.0,493.5123104903943,0.3547500000000241,1.6952499999999873,0.1100000000000086,0.5256589147286838,2025-09-15 15:25:00+05:30,491.14545,END_OF_DAY,False,-0.8906999999999812,0.9814002,-1.872100199999981,-3.257560490394326,Q4_FARTHEST
TMPV,ORB_50,2.0,2025-09-16,BUY,2025-09-16 10:00:00+05:30,2025-09-16 10:05:00+05:30,495.097425,494.14742500000006,0.9499999999999886,496.997425,2.0,492.7462283793808,0.4025749999999561,9.697425000000068,0.4237631578946957,10.207815789473877,2025-09-16 10:10:00+05:30,493.9003512875,STOP_LOSS,False,-1.1970737125000142,0.9889977762875,-2.186071488787514,2.3511966206191914,Q3
TMPV,ORB_50,2.0,2025-09-16,SELL,2025-09-16 12:45:00+05:30,2025-09-16 12:50:00+05:30,490.104825,491.054825,0.9499999999999886,488.204825,2.0,492.628060761532,4.704825000000028,2.495175000000017,4.952447368421141,2.62650000000005,2025-09-16 12:55:00+05:30,488.4489274125,TARGET,False,1.6558975874999646,0.9785537524125,0.6773438350874647,-2.523235761532021,Q3
TMPV,ORB_50,2.0,2025-09-17,BUY,2025-09-17 09:35:00+05:30,2025-09-17 09:40:00+05:30,496.298025,494.348025,1.9499999999999889,500.198025,2.0,495.15532016561247,0.4519750000000044,2.448024999999973,0.2317820512820549,1.2553974358974294,2025-09-17 10:45:00+05:30,494.1008509875,STOP_LOSS,False,-2.1971740125,0.9903988759875,-3.1875728884875,1.14270483438753,Q1_CLOSEST
TMPV,ORB_50,2.0,2025-09-18,SELL,2025-09-18 11:25:00+05:30,2025-09-18 11:30:00+05:30,495.05235,497.02735,1.9750000000000227,491.10235,2.0,496.78593550418987,7.852350000000001,0.4976500000000214,3.975873417721474,0.2519746835443117,2025-09-18 12:35:00+05:30,491.347901175,TARGET,False,3.7044488250000422,0.986400251175,2.7180485738250426,-1.7335855041898753,Q2
TMPV,ORB_50,2.0,2025-09-19,SELL,2025-09-19 09:55:00+05:30,2025-09-19 10:00:00+05:30,487.706025,489.081025,1.375,484.956025,2.0,489.4042340928117,2.3560249999999883,3.143975000000012,1.7134727272727188,2.286527272727281,2025-09-19 10:25:00+05:30,489.3255655125,STOP_LOSS,False,-1.6195405125000093,0.9770315905125,-2.5965721030125093,-1.6982090928116804,Q2
TMPV,ORB_50,2.0,2025-09-22,SELL,2025-09-22 14:35:00+05:30,2025-09-22 14:40:00+05:30,481.209275,484.909275,3.6999999999999886,473.809275,2.0,485.36800800358014,2.8092750000000137,0.3907250000000317,0.7592635135135195,0.1056013513513602,2025-09-22 15:25:00+05:30,478.73925,END_OF_DAY,False,2.470024999999964,0.959948525,1.510076474999964,-4.158733003580153,Q4_FARTHEST
TMPV,ORB_50,2.0,2025-09-23,SELL,2025-09-23 11:35:00+05:30,2025-09-23 11:40:00+05:30,479.76,483.285,3.5249999999999773,472.71,2.0,483.1963153633585,0.0,4.139999999999986,0.0,1.174468085106387,2025-09-23 12:35:00+05:30,483.5266425,STOP_LOSS,False,-3.766642499999989,0.9632866425,-4.729929142499989,-3.436315363358517,Q4_FARTHEST
TMPV,ORB_50,2.0,2025-09-24,SELL,2025-09-24 14:20:00+05:30,2025-09-24 14:25:00+05:30,471.514125,477.289125,5.775000000000034,459.9641249999999,2.0,474.9319539422832,2.4641249999999677,0.7858750000000327,0.4266883116883035,0.1360822510822559,2025-09-24 15:25:00+05:30,470.73525,END_OF_DAY,False,0.7788749999999709,0.942249375,-0.1633743750000291,-3.417828942283222,Q4_FARTHEST
TMPV,ORB_50,2.0,2025-09-25,SELL,2025-09-25 09:50:00+05:30,2025-09-25 09:55:00+05:30,458.3707,461.3457,2.974999999999966,452.42070000000007,2.0,461.014324141382,7.220700000000022,2.429300000000012,2.4271260504202035,0.8165714285714419,2025-09-25 10:40:00+05:30,452.64691035,TARGET,False,5.723789649999958,0.91101761035,4.812772039649958,-2.64362414138202,Q4_FARTHEST
TMPV,ORB_50,2.0,2025-09-26,BUY,2025-09-26 09:35:00+05:30,2025-09-26 09:40:00+05:30,464.33205,461.45705,2.875,470.08205,2.0,460.9264585485541,4.067949999999939,3.732050000000015,1.4149391304347616,1.2981043478260923,2025-09-26 14:20:00+05:30,461.226321475,STOP_LOSS,False,-3.1057285250000177,0.925558371475,-4.0312868964750175,3.4055914514459005,Q4_FARTHEST
TMPV,ORB_50,2.0,2025-09-29,SELL,2025-09-29 09:40:00+05:30,2025-09-29 09:45:00+05:30,464.66755,467.66755,3.0,458.66755,2.0,466.7131437104399,3.3675499999999943,2.782449999999983,1.1225166666666648,0.9274833333333276,2025-09-29 15:25:00+05:30,464.53215,END_OF_DAY,False,0.1354000000000041,0.9291997,-0.7937996999999959,-2.0455937104399027,Q3
TMPV,ORB_50,2.0,2025-09-30,SELL,2025-09-30 10:35:00+05:30,2025-09-30 10:40:00+05:30,459.07035,461.54535,2.474999999999966,454.1203500000001,2.0,461.6825343196341,0.070350000000019,11.529650000000004,0.0284242424242504,4.65844444444451,2025-09-30 11:05:00+05:30,461.776122675,STOP_LOSS,False,-2.7057726749999915,0.920846472675,-3.626619147674992,-2.612184319634082,Q4_FARTHEST
TMPV,ORB_50,2.0,2025-10-01,BUY,2025-10-01 09:35:00+05:30,2025-10-01 09:40:00+05:30,473.386575,470.961575,2.425000000000012,478.236575,2.0,471.54143549696767,22.313424999999995,0.3865749999999934,9.201412371133976,0.1594123711340171,2025-10-01 09:55:00+05:30,477.9974567125,TARGET,False,4.610881712500031,0.9513840317125,3.6594976807875312,1.8451395030323283,Q2
TMPV,ORB_50,2.0,2025-10-03,SELL,2025-10-03 11:55:00+05:30,2025-10-03 12:00:00+05:30,492.703525,500.003525,7.300000000000011,478.103525,2.0,500.2041966683433,0.4035250000000019,3.346474999999998,0.0552773972602741,0.4584212328767113,2025-10-03 15:25:00+05:30,493.096425,END_OF_DAY,False,-0.3928999999999973,0.98579995,-1.3786999499999977,-7.500671668343273,Q4_FARTHEST
TMPV,ORB_50,2.0,2025-10-07,SELL,2025-10-07 11:15:00+05:30,2025-10-07 11:20:00+05:30,485.9569,488.2319,2.275000000000034,481.4068999999999,2.0,487.9054426338728,5.956899999999962,0.2431000000000267,2.618417582417526,0.106857142857153,2025-10-07 12:30:00+05:30,481.6476034499999,TARGET,False,4.309296550000056,0.9676045034499998,3.3416920465500564,-1.948542633872762,Q2
TMPV,ORB_50,2.0,2025-10-08,SELL,2025-10-08 11:00:00+05:30,2025-10-08 11:05:00+05:30,472.913425,477.438425,4.524999999999977,463.863425,2.0,477.69159225651913,5.413424999999961,3.1365750000000503,1.196337016574583,0.6931657458563681,2025-10-08 15:25:00+05:30,468.4341,END_OF_DAY,False,4.47932499999996,0.941347525,3.5379774749999604,-4.778167256519112,Q4_FARTHEST
TMPV,ORB_50,2.0,2025-10-09,SELL,2025-10-09 09:40:00+05:30,2025-10-09 09:45:00+05:30,462.7685,466.4185,3.649999999999977,455.46850000000006,2.0,465.5785313956046,2.3185000000000286,8.831500000000005,0.6352054794520666,2.419589041095907,2025-10-09 15:05:00+05:30,466.65170925,STOP_LOSS,False,-3.883209249999993,0.92942020925,-4.812629459249993,-2.8100313956045966,Q4_FARTHEST
TMPV,ORB_50,2.0,2025-10-10,BUY,2025-10-10 10:10:00+05:30,2025-10-10 10:15:00+05:30,471.8358,469.5858,2.25,476.3358,2.0,470.2318096313997,2.2642000000000166,12.685800000000029,1.0063111111111185,5.6381333333333465,2025-10-10 11:30:00+05:30,469.3510071,STOP_LOSS,False,-2.484792900000002,0.9411868071,-3.4259797071000024,1.6039903686003072,Q2
TMPV,ORB_50,2.0,2025-10-10,SELL,2025-10-10 12:10:00+05:30,2025-10-10 12:15:00+05:30,466.616575,468.866575,2.25,462.116575,2.0,469.2495669141266,1.5665750000000005,2.083424999999977,0.6962555555555556,0.9259666666666564,2025-10-10 15:25:00+05:30,467.8338,END_OF_DAY,False,-1.217224999999985,0.934450375,-2.151675374999985,-2.632991914126592,Q4_FARTHEST
TMPV,ORB_50,2.0,2025-10-13,SELL,2025-10-13 13:00:00+05:30,2025-10-13 13:05:00+05:30,457.1713,462.0463,4.875,447.4213,2.0,460.4419995552752,4.071299999999951,0.9787000000000036,0.8351384615384515,0.200758974358975,2025-10-13 15:25:00+05:30,457.378575,END_OF_DAY,False,-0.2072749999999814,0.914549875,-1.1218248749999815,-3.2706995552752005,Q4_FARTHEST
TMPV,ORB_50,2.0,2025-10-15,SELL,2025-10-15 11:10:00+05:30,2025-10-15 11:15:00+05:30,391.50415,396.95415,5.449999999999989,380.60415,2.0,395.63245261526487,3.504149999999981,2.29585000000003,0.6429633027522915,0.4212568807339513,2025-10-15 15:25:00+05:30,392.09595,END_OF_DAY,False,-0.5917999999999779,0.7836000999999999,-1.3754000999999778,-4.128302615264886,Q4_FARTHEST
TMPV,ORB_50,2.0,2025-10-16,BUY,2025-10-16 09:45:00+05:30,2025-10-16 09:50:00+05:30,397.948875,394.998875,2.9499999999999886,403.848875,2.0,393.9554922867747,2.501125000000002,2.698874999999987,0.8478389830508514,0.9148728813559311,2025-10-16 15:25:00+05:30,396.2018,END_OF_DAY,False,-1.7470749999999953,0.794150675,-2.5412256749999957,3.9933827132252873,Q4_FARTHEST
TMPV,ORB_50,2.0,2025-10-17,BUY,2025-10-17 09:35:00+05:30,2025-10-17 09:40:00+05:30,401.6007,399.3507,2.25,406.1007,2.0,399.8507663787981,0.8993000000000393,9.35069999999996,0.3996888888889063,4.1558666666666495,2025-10-17 09:45:00+05:30,399.15102465,STOP_LOSS,False,-2.449675350000007,0.8007517246499999,-3.250427074650007,1.749933621201933,Q2
TMPV,ORB_50,2.0,2025-10-17,SELL,2025-10-17 12:50:00+05:30,2025-10-17 12:55:00+05:30,395.452175,397.702175,2.25,390.952175,2.0,398.7453107496781,3.2021749999999543,1.947825000000023,1.4231888888888686,0.8657000000000102,2025-10-17 15:25:00+05:30,396.69825,END_OF_DAY,False,-1.246075000000019,0.792150425,-2.038225425000019,-3.293135749678072,Q4_FARTHEST
TMPV,ORB_50,2.0,2025-10-20,BUY,2025-10-20 10:45:00+05:30,2025-10-20 10:50:00+05:30,402.4011,400.5011,1.8999999999999773,406.2011,2.0,399.66446374971554,0.0,4.401099999999985,0.0,2.316368421052652,2025-10-20 10:55:00+05:30,400.30084945,STOP_LOSS,False,-2.1002505499999984,0.8027019494500001,-2.9029524994499987,2.736636250284448,Q4_FARTHEST
TMPV,ORB_50,2.0,2025-10-23,BUY,2025-10-23 12:10:00+05:30,2025-10-23 12:15:00+05:30,408.50415,406.37915,2.125,412.75415,2.0,406.22712640727264,0.395849999999939,3.454150000000027,0.1862823529411477,1.625482352941189,2025-10-23 15:05:00+05:30,406.175960425,STOP_LOSS,False,-2.3281895750000103,0.8146801104250001,-3.14286968542501,2.277023592727346,Q3
TMPV,ORB_50,2.0,2025-10-24,SELL,2025-10-24 13:15:00+05:30,2025-10-24 13:20:00+05:30,403.3982,405.5232,2.125,399.1482,2.0,405.40158545543545,2.398200000000031,0.9517999999999917,1.1285647058823676,0.4479058823529372,2025-10-24 15:25:00+05:30,403.651725,END_OF_DAY,False,-0.2535249999999678,0.8070499250000001,-1.060574924999968,-2.0033854554354775,Q3
TMPV,ORB_50,2.0,2025-10-27,BUY,2025-10-27 09:35:00+05:30,2025-10-27 09:40:00+05:30,408.654225,406.379225,2.2749999999999773,413.204225,2.0,407.5870636932499,2.7457749999999805,0.8542249999999854,1.2069340659340697,0.3754835164835138,2025-10-27 15:25:00+05:30,409.944925,END_OF_DAY,False,1.2906999999999584,0.81859915,0.4721008499999584,1.0671613067501085,Q1_CLOSEST
TMPV,ORB_50,2.0,2025-10-28,BUY,2025-10-28 09:35:00+05:30,2025-10-28 09:40:00+05:30,413.50665,412.4316500000001,1.0749999999999886,415.65665,2.0,411.73717203837055,0.6433499999999412,4.956650000000025,0.5984651162790214,4.610837209302398,2025-10-28 09:55:00+05:30,412.225434175,STOP_LOSS,False,-1.281215825000004,0.8257320841750001,-2.106947909175004,1.769477961629434,Q2
TMPV,ORB_50,2.0,2025-10-28,SELL,2025-10-28 12:35:00+05:30,2025-10-28 12:40:00+05:30,409.345225,410.420225,1.0749999999999886,407.1952250000001,2.0,411.5044346965543,0.7952250000000163,3.1547749999999724,0.7397441860465346,2.9346744186046565,2025-10-28 12:40:00+05:30,410.6254351125,STOP_LOSS,False,-1.280210112500015,0.8199706601125002,-2.1001807726125152,-2.159209696554285,Q3
TMPV,ORB_50,2.0,2025-10-29,BUY,2025-10-29 10:00:00+05:30,2025-10-29 10:05:00+05:30,413.2065,410.4065000000001,2.7999999999999545,418.8064999999999,2.0,410.5631024934217,1.7934999999999943,2.706500000000005,0.6405357142857228,0.9666071428571604,2025-10-29 15:25:00+05:30,411.644075,END_OF_DAY,False,-1.562424999999962,0.824850575,-2.387275574999962,2.64339750657831,Q4_FARTHEST
TMPV,ORB_50,2.0,2025-10-30,SELL,2025-10-30 09:30:00+05:30,2025-10-30 09:35:00+05:30,411.29425,414.76925,3.474999999999966,404.3442500000001,2.0,413.5150375114573,3.194249999999954,2.2557500000000346,0.919208633093521,0.6491366906474983,2025-10-30 15:25:00+05:30,413.0564250000001,END_OF_DAY,False,-1.7621750000000702,0.824350675,-2.58652567500007,-2.220787511457331,Q3
TMPV,ORB_50,2.0,2025-10-31,BUY,2025-10-31 09:30:00+05:30,2025-10-31 09:35:00+05:30,415.0074,413.4574,1.5500000000000114,418.1074,2.0,414.96824210168415,2.4925999999999817,5.957400000000007,1.6081290322580408,3.8434838709677184,2025-10-31 11:00:00+05:30,413.2506713,STOP_LOSS,False,-1.7567286999999965,0.8282580713,-2.5849867712999965,0.039157898315863804,Q1_CLOSEST
TMPV,ORB_50,2.0,2025-10-31,SELL,2025-10-31 14:15:00+05:30,2025-10-31 14:20:00+05:30,410.044875,411.594875,1.5500000000000114,406.944875,2.0,414.2240390558515,0.9948749999999792,1.4551250000000095,0.6418548387096592,0.9387903225806444,2025-10-31 15:25:00+05:30,410.355075,END_OF_DAY,False,-0.3102000000000089,0.82039995,-1.130599950000009,-4.1791640558515155,Q4_FARTHEST
TMPV,ORB_50,2.0,2025-11-03,SELL,2025-11-03 10:10:00+05:30,2025-11-03 10:15:00+05:30,410.544625,412.319625,1.7749999999999773,406.994625,2.0,411.90537854672726,0.0,7.305375000000026,0.0,4.1157042253521805,2025-11-03 11:20:00+05:30,412.5257848125,STOP_LOSS,False,-1.9811598124999816,0.8230704098125,-2.8042302223124818,-1.360753546727267,Q1_CLOSEST
TMPV,ORB_50,2.0,2025-11-04,SELL,2025-11-04 09:30:00+05:30,2025-11-04 09:35:00+05:30,412.343725,414.468725,2.125,408.093725,2.0,414.3982175457,7.243724999999983,0.6062749999999824,3.4088117647058747,0.2853058823529328,2025-11-04 13:35:00+05:30,408.2977718625,TARGET,False,4.045953137500021,0.8206414968625,3.2253116406375213,-2.0544925456999863,Q3
TMPV,ORB_50,2.0,2025-11-06,SELL,2025-11-06 10:10:00+05:30,2025-11-06 10:15:00+05:30,405.747025,407.322025,1.5749999999999886,402.597025,2.0,407.8204454510902,0.3470250000000305,3.952974999999981,0.2203333333333543,2.509825396825403,2025-11-06 10:50:00+05:30,407.5256860125,STOP_LOSS,False,-1.778661012499981,0.8132727110125,-2.591933723512481,-2.0734204510902146,Q3
TMPV,ORB_50,2.0,2025-11-07,SELL,2025-11-07 09:30:00+05:30,2025-11-07 09:35:00+05:30,403.648075,405.173075,1.525000000000034,400.598075,2.0,404.94728019697766,2.198075000000017,2.8519249999999943,1.441360655737684,1.8701147540983152,2025-11-07 09:35:00+05:30,405.3756615375,STOP_LOSS,False,-1.7275865375000308,0.8090237365375001,-2.536610274037531,-1.2992051969776526,Q1_CLOSEST
TMPV,ORB_50,2.0,2025-11-10,BUY,2025-11-10 09:35:00+05:30,2025-11-10 09:40:00+05:30,409.654725,407.804725,1.8500000000000227,413.354725,2.0,408.6574516827779,3.295275000000004,2.654724999999985,1.78122972972971,1.4349864864864608,2025-11-10 10:05:00+05:30,407.6008226375,STOP_LOSS,False,-2.053902362500025,0.8172555476375,-2.871157910137525,0.9972733172220956,Q1_CLOSEST
TMPV,ORB_50,2.0,2025-11-11,SELL,2025-11-11 09:45:00+05:30,2025-11-11 09:50:00+05:30,404.8974500000001,408.8724500000001,3.975000000000023,396.94745,2.0,406.7304021083226,2.247450000000072,3.5025499999999283,0.5653962264151091,0.8811446540880272,2025-11-11 15:25:00+05:30,408.30405,END_OF_DAY,False,-3.406599999999969,0.8132015000000001,-4.219801499999969,-1.8329521083225018,Q2
TMPV,ORB_50,2.0,2025-11-12,SELL,2025-11-12 10:00:00+05:30,2025-11-12 10:05:00+05:30,405.89695,407.84695,1.9499999999999889,401.99695,2.0,407.7975787655715,3.996950000000026,0.4030500000000074,2.049717948717974,0.2066923076923127,2025-11-12 15:15:00+05:30,402.197948475,TARGET,False,3.699001524999972,0.808094898475,2.890906626524972,-1.9006287655714686,Q2
TMPV,ORB_50,2.0,2025-11-13,SELL,2025-11-13 12:30:00+05:30,2025-11-13 12:35:00+05:30,398.2008,400.7508,2.550000000000012,393.1008,2.0,400.18226725013534,0.8007999999999811,3.4992000000000303,0.3140392156862657,1.3722352941176528,2025-11-13 12:55:00+05:30,400.9511754,STOP_LOSS,False,-2.750375399999996,0.7991519753999998,-3.549527375399996,-1.9814672501353243,Q3
TMPV,ORB_50,2.0,2025-11-14,SELL,2025-11-14 11:15:00+05:30,2025-11-14 11:20:00+05:30,393.753025,396.403025,2.6499999999999773,388.453025,2.0,395.78413249010873,6.453024999999968,1.196975000000009,2.4351037735849146,0.4516886792452902,2025-11-14 14:50:00+05:30,388.6472515125,TARGET,False,5.10577348749996,0.7824002765125,4.32337321098746,-2.0311074901087522,Q3
TMPV,ORB_50,2.0,2025-11-19,SELL,2025-11-19 12:35:00+05:30,2025-11-19 12:40:00+05:30,363.51815,367.04315,3.5249999999999773,356.46815000000004,2.0,365.93591431918696,3.1681499999999687,0.6818499999999972,0.8987659574468054,0.1934326241134756,2025-11-19 15:25:00+05:30,361.1805,END_OF_DAY,False,2.3376499999999965,0.7246986500000001,1.6129513499999963,-2.417764319186972,Q3
TMPV,ORB_50,2.0,2025-11-20,SELL,2025-11-20 10:00:00+05:30,2025-11-20 10:05:00+05:30,361.0194,362.5694,1.5500000000000114,357.91939999999994,2.0,362.6042568842877,1.769399999999962,0.8806000000000154,1.1415483870967411,0.5681290322580702,2025-11-20 15:25:00+05:30,359.9799,END_OF_DAY,False,1.0394999999999754,0.7209993,0.3185006999999754,-1.5848568842876603,Q2
TMPV,ORB_50,2.0,2025-11-21,BUY,2025-11-21 09:30:00+05:30,2025-11-21 09:35:00+05:30,361.88085,360.48085,1.3999999999999773,364.68085,2.0,360.1045429790642,2.3691499999999905,1.6808500000000208,1.692250000000021,1.2006071428571772,2025-11-21 10:40:00+05:30,360.300609575,STOP_LOSS,False,-1.5802404249999995,0.722181459575,-2.302421884575,1.7763070209358034,Q2
TMPV,ORB_50,2.0,2025-11-25,SELL,2025-11-25 13:00:00+05:30,2025-11-25 13:05:00+05:30,354.32275,355.99775,1.6750000000000114,350.97275,2.0,356.0326733532154,2.322749999999985,1.2772500000000375,1.3867164179104294,0.7625373134328531,2025-11-25 15:25:00+05:30,352.77630000000005,END_OF_DAY,False,1.5464499999999362,0.7070990500000001,0.8393509499999361,-1.7099233532154017,Q2
TMPV,ORB_50,2.0,2025-11-27,SELL,2025-11-27 09:30:00+05:30,2025-11-27 09:35:00+05:30,358.8205,360.2705,1.4499999999999886,355.9205,2.0,360.5808288124737,2.3704999999999927,2.179500000000018,1.6348275862069044,1.5031034482758867,2025-11-27 11:05:00+05:30,360.45063525,STOP_LOSS,False,-1.6301352499999666,0.71927113525,-2.3494063852499667,-1.7603288124737446,Q2
TMPV,ORB_50,2.0,2025-11-28,SELL,2025-11-28 09:45:00+05:30,2025-11-28 09:50:00+05:30,355.6221,356.9971,1.375,352.8721,2.0,357.7852669120383,0.5220999999999663,2.7279000000000337,0.3797090909090663,1.9839272727272967,2025-11-28 11:15:00+05:30,357.17559855,STOP_LOSS,False,-1.553498549999972,0.71279769855,-2.266296248549972,-2.163166912038321,Q3
TMPV,ORB_50,2.0,2025-12-01,BUY,2025-12-01 10:00:00+05:30,2025-12-01 10:05:00+05:30,362.130975,360.605975,1.525000000000034,365.1809750000001,2.0,361.0760418157955,2.869025000000022,3.030974999999956,1.8813278688524315,1.9875245901638607,2025-12-01 10:55:00+05:30,360.4256720125,STOP_LOSS,False,-1.7053029875000334,0.7225566470125,-2.4278596345125334,1.054933184204458,Q1_CLOSEST
TMPV,ORB_50,2.0,2025-12-02,SELL,2025-12-02 09:45:00+05:30,2025-12-02 09:50:00+05:30,359.91995000000003,361.51995,1.599999999999966,356.7199500000001,2.0,361.9060283931997,0.3199500000000057,2.28004999999996,0.1999687500000078,1.4250312500000055,2025-12-02 11:50:00+05:30,361.700709975,STOP_LOSS,False,-1.7807599749999667,0.7216206599750001,-2.502380634974967,-1.986078393199648,Q3
TMPV,ORB_50,2.0,2025-12-03,SELL,2025-12-03 11:05:00+05:30,2025-12-03 11:10:00+05:30,356.42170000000004,358.72170000000006,2.300000000000012,351.8217,2.0,357.8826400668644,2.321700000000021,1.2782999999999447,1.0094347826086998,0.5557826086956253,2025-12-03 15:25:00+05:30,357.67875,END_OF_DAY,False,-1.2570499999999356,0.71410045,-1.971150449999936,-1.4609400668643389,Q1_CLOSEST
TMPV,ORB_50,2.0,2025-12-04,BUY,2025-12-04 09:30:00+05:30,2025-12-04 09:35:00+05:30,358.929375,357.079375,1.849999999999966,362.6293749999999,2.0,356.48326221893086,0.5706250000000068,4.32937499999997,0.3084459459459553,2.34020270270273,2025-12-04 11:10:00+05:30,356.9008353125,STOP_LOSS,False,-2.028539687499972,0.7158302103124999,-2.744369897812472,2.4461127810691323,Q3
TMPV,ORB_50,2.0,2025-12-05,SELL,2025-12-05 09:35:00+05:30,2025-12-05 09:40:00+05:30,354.372725,355.347725,0.974999999999966,352.42272500000007,2.0,355.30091369321866,1.3727250000000026,1.6272749999999974,1.4079230769231288,1.6690000000000558,2025-12-05 10:00:00+05:30,355.5253988625,STOP_LOSS,False,-1.1526738624999666,0.7098981238625,-1.8625719863624663,-0.928188693218658,Q1_CLOSEST
TMPV,ORB_50,2.0,2025-12-08,SELL,2025-12-08 09:45:00+05:30,2025-12-08 09:50:00+05:30,353.373225,354.623225,1.25,350.873225,2.0,354.179474189208,7.5732249999999794,0.2767749999999864,6.058579999999983,0.2214199999999891,2025-12-08 11:15:00+05:30,351.0486616125,TARGET,False,2.3245633875000067,0.7044218866124999,1.6201415008875069,-0.8062491892080175,Q1_CLOSEST
TMPV,ORB_50,2.0,2025-12-09,SELL,2025-12-09 09:35:00+05:30,2025-12-09 09:40:00+05:30,343.078375,345.503375,2.425000000000012,338.228375,2.0,344.8686785294657,1.3783750000000057,5.521625000000029,0.5684020618556697,2.2769587628865997,2025-12-09 10:10:00+05:30,345.6761266875,STOP_LOSS,False,-2.597751687500022,0.6887545016875001,-3.286506189187522,-1.7903035294656888,Q2
TMPV,ORB_50,2.0,2025-12-10,BUY,2025-12-10 09:35:00+05:30,2025-12-10 09:40:00+05:30,347.02342500000003,345.54842500000007,1.474999999999966,349.973425,2.0,345.8327562765867,0.0765749999999911,5.073425000000043,0.0519152542372833,3.439610169491634,2025-12-10 09:40:00+05:30,345.3756507875001,STOP_LOSS,False,-1.6477742124999395,0.6923990757875002,-2.34017328828744,1.1906687234133528,Q1_CLOSEST
TMPV,ORB_50,2.0,2025-12-10,SELL,2025-12-10 11:40:00+05:30,2025-12-10 11:45:00+05:30,343.578125,345.053125,1.4750000000000227,340.62812499999995,2.0,344.74807842781826,1.5281249999999886,1.171875,1.0360169491525186,0.7944915254237166,2025-12-10 15:25:00+05:30,342.67125,END_OF_DAY,False,0.9068750000000136,0.686249375,0.2206256250000136,-1.1699534278182568,Q1_CLOSEST
TMPV,ORB_50,2.0,2025-12-11,BUY,2025-12-11 10:10:00+05:30,2025-12-11 10:15:00+05:30,344.9724,343.4974,1.4750000000000227,347.92240000000004,2.0,343.235339320006,3.227599999999996,2.172399999999982,2.188203389830472,1.4728135593219989,2025-12-11 10:50:00+05:30,343.32565129999995,STOP_LOSS,False,-1.646748700000046,0.6882980513,-2.335046751300046,1.7370606799939878,Q2
TMPV,ORB_50,2.0,2025-12-12,SELL,2025-12-12 09:30:00+05:30,2025-12-12 09:35:00+05:30,346.776525,347.776525,1.0,344.776525,2.0,347.6699678501076,2.0265249999999924,2.5734750000000304,2.0265249999999924,2.5734750000000304,2025-12-12 12:40:00+05:30,344.9489132625,TARGET,False,1.8276117374999783,0.6917254382625,1.1358862992374783,-0.89344285010759,Q1_CLOSEST
TMPV,ORB_50,2.0,2025-12-15,SELL,2025-12-15 09:30:00+05:30,2025-12-15 09:35:00+05:30,344.077875,345.60287500000004,1.525000000000034,341.02787499999994,2.0,345.01884568863346,1.0278749999999943,4.672124999999994,0.6740163934426043,3.0636885245900918,2025-12-15 11:50:00+05:30,345.77567643750007,STOP_LOSS,False,-1.6978014375000612,0.6898535514375,-2.387654988937561,-0.9409706886334561,Q1_CLOSEST
TMPV,ORB_50,2.0,2025-12-16,SELL,2025-12-16 12:45:00+05:30,2025-12-16 12:50:00+05:30,345.377225,347.15222500000004,1.775000000000034,341.82722499999994,2.0,346.8464756165539,1.4772250000000329,0.9227750000000016,0.8322394366197207,0.5198732394366106,2025-12-16 15:25:00+05:30,345.622725,END_OF_DAY,False,-0.2454999999999927,0.69099995,-0.9364999499999928,-1.469250616553893,Q1_CLOSEST
TMPV,ORB_50,2.0,2025-12-17,BUY,2025-12-17 09:30:00+05:30,2025-12-17 09:35:00+05:30,349.9749,348.1499,1.8249999999999889,353.6249,2.0,348.0819059830244,0.0,4.574900000000014,0.0,2.5067945205479685,2025-12-17 10:05:00+05:30,347.97582505,STOP_LOSS,False,-1.9990749499999647,0.6979507250500001,-2.6970256750499653,1.8929940169755923,Q2
TMPV,ORB_50,2.0,2025-12-18,SELL,2025-12-18 09:30:00+05:30,2025-12-18 09:35:00+05:30,339.2303,342.6553,3.425000000000012,332.3803,2.0,340.7195919382731,1.530300000000011,8.219699999999989,0.4468029197080309,2.399912408759113,2025-12-18 11:20:00+05:30,342.82662765000003,STOP_LOSS,False,-3.5963276500000347,0.68205692765,-4.278384577650034,-1.4892919382730838,Q1_CLOSEST
TMPV,ORB_50,2.0,2025-12-19,BUY,2025-12-19 15:20:00+05:30,2025-12-19 15:25:00+05:30,353.526675,350.476675,3.050000000000012,359.62667500000003,2.0,352.5800060112845,1.2733249999999998,0.4766750000000002,0.4174836065573754,0.1562868852459011,2025-12-19 15:25:00+05:30,354.372725,END_OF_DAY,False,0.8460499999999911,0.7078994000000001,0.138150599999991,0.9466689887154871,Q1_CLOSEST
TMPV,ORB_50,2.0,2025-12-22,BUY,2025-12-22 10:10:00+05:30,2025-12-22 10:15:00+05:30,358.179,356.429,1.75,361.679,2.0,355.9225443947031,2.771000000000015,1.0289999999999964,1.58342857142858,0.587999999999998,2025-12-22 15:25:00+05:30,358.770525,END_OF_DAY,False,0.5915249999999901,0.716949525,-0.1254245250000099,2.2564556052968783,Q3
TMPV,ORB_50,2.0,2025-12-23,BUY,2025-12-23 10:20:00+05:30,2025-12-23 10:25:00+05:30,361.1805,359.4305,1.75,364.6805,2.0,359.9784196296978,5.569500000000005,0.180499999999995,3.1825714285714315,0.1031428571428542,2025-12-23 11:25:00+05:30,364.49815975,TARGET,False,3.3176597500000184,0.72567865975,2.5919810902500187,1.2020803703022125,Q1_CLOSEST
TMPV,ORB_50,2.0,2025-12-24,SELL,2025-12-24 09:30:00+05:30,2025-12-24 09:35:00+05:30,361.11935,362.56935,1.4499999999999886,358.21935,2.0,362.60339124346285,2.569349999999986,0.2306500000000255,1.7719655172413835,0.1590689655172602,2025-12-24 15:25:00+05:30,359.47965,END_OF_DAY,False,1.6397000000000048,0.720599,0.9191010000000048,-1.4840412434628547,Q1_CLOSEST
TMPV,ORB_50,2.0,2025-12-26,SELL,2025-12-26 10:05:00+05:30,2025-12-26 10:10:00+05:30,356.72155,358.42155,1.6999999999999886,353.32155,2.0,358.48071141133687,2.02154999999999,3.4784500000000094,1.1891470588235318,2.0461470588235486,2025-12-26 15:05:00+05:30,358.600760775,STOP_LOSS,False,-1.87921077499999,0.715322310775,-2.59453308577499,-1.7591614113368905,Q2
TMPV,ORB_50,2.0,2025-12-29,SELL,2025-12-29 12:20:00+05:30,2025-12-29 12:25:00+05:30,358.0209,360.2959,2.2749999999999773,353.47090000000003,2.0,360.49815490366143,0.1708999999999605,1.779100000000028,0.0751208791208625,0.7820219780219982,2025-12-29 15:25:00+05:30,358.5792,END_OF_DAY,False,-0.5582999999999743,0.7166000999999999,-1.2749000999999742,-2.4772549036614464,Q3
TMPV,ORB_50,2.0,2025-12-30,BUY,2025-12-30 10:10:00+05:30,2025-12-30 10:15:00+05:30,362.731275,360.7812750000001,1.9499999999999889,366.631275,2.0,361.2365354944255,1.2187249999999494,2.731275000000039,0.6249871794871572,1.4006538461538744,2025-12-30 11:25:00+05:30,360.6008843625,STOP_LOSS,False,-2.1303906375,0.7233321593625001,-2.8537227968625,1.4947395055745005,Q1_CLOSEST
TMPV,ORB_50,2.0,2025-12-31,BUY,2025-12-31 09:30:00+05:30,2025-12-31 09:35:00+05:30,363.631725,362.531725,1.1000000000000227,365.831725,2.0,362.4067857151658,4.86827500000004,2.331724999999949,4.42570454545449,2.1197499999999097,2025-12-31 09:35:00+05:30,362.3504591374999,STOP_LOSS,False,-1.2812658625000497,0.7259821841374999,-2.007248046637549,1.2249392848341927,Q1_CLOSEST
TMPV,ORB_50,2.0,2026-01-01,SELL,2026-01-01 09:35:00+05:30,2026-01-01 09:40:00+05:30,365.6171,367.4171,1.8000000000000114,362.0171,2.0,367.0365773123003,0.0670999999999821,5.382900000000007,0.0372777777777676,2.990499999999985,2026-01-01 09:45:00+05:30,367.60080855,STOP_LOSS,False,-1.983708550000017,0.7332179085499999,-2.716926458550017,-1.4194773123003301,Q1_CLOSEST
TMPV,ORB_50,2.0,2026-01-01,SELL,2026-01-01 14:25:00+05:30,2026-01-01 14:30:00+05:30,365.667075,367.467075,1.8000000000000114,362.067075,2.0,368.0271970134691,0.1170749999999998,3.132925,0.0650416666666661,1.740513888888878,2026-01-01 14:55:00+05:30,367.6508085375,STOP_LOSS,False,-1.9837335375000291,0.7333178835375,-2.7170514210375294,-2.360122013469095,Q3
TMPV,ORB_50,2.0,2026-01-05,BUY,2026-01-05 10:55:00+05:30,2026-01-05 11:00:00+05:30,371.9859,370.68590000000006,1.2999999999999543,374.5858999999999,2.0,370.8994291467,3.014099999999985,2.7859000000000265,2.318538461538531,2.1430000000000957,2026-01-05 11:05:00+05:30,370.50055705000005,STOP_LOSS,False,-1.4853429499999606,0.7424864570500002,-2.2278294070499607,1.0864708532999998,Q1_CLOSEST
TMPV,ORB_50,2.0,2026-01-07,SELL,2026-01-07 09:35:00+05:30,2026-01-07 09:40:00+05:30,360.51965,363.49465,2.974999999999966,354.5696500000001,2.0,362.5438155834038,1.3196500000000242,3.480349999999987,0.4435798319327863,1.1698655462184966,2026-01-07 14:50:00+05:30,363.676397325,STOP_LOSS,False,-3.1567473249999694,0.724196047325,-3.880943372324969,-2.0241655834037715,Q3
TMPV,ORB_50,2.0,2026-01-08,SELL,2026-01-08 10:15:00+05:30,2026-01-08 10:20:00+05:30,361.4192000000001,363.09420000000006,1.6750000000000114,358.0692,2.0,363.5522965576661,3.369200000000035,0.1807999999999765,2.0114626865671714,0.1079402985074479,2026-01-08 15:25:00+05:30,358.24823460000005,TARGET,False,3.1709654,0.7196674346000002,2.4512979654,-2.133096557666022,Q3
TMPV,ORB_50,2.0,2026-01-09,SELL,2026-01-09 09:30:00+05:30,2026-01-09 09:35:00+05:30,354.72255,356.72255,2.0,350.72255,2.0,357.0455544710462,2.522549999999967,4.477450000000033,1.2612749999999835,2.2387250000000165,2026-01-09 09:45:00+05:30,356.90091127499994,STOP_LOSS,False,-2.178361274999986,0.711623461275,-2.889984736274986,-2.323004471046204,Q3
TMPV,ORB_50,2.0,2026-01-12,SELL,2026-01-12 10:35:00+05:30,2026-01-12 10:40:00+05:30,349.17532500000004,351.350325,2.1749999999999545,344.82532500000013,2.0,351.6420162661197,1.5253250000000662,3.524674999999945,0.7012988505747577,1.6205402298850662,2026-01-12 12:25:00+05:30,351.5260001625,STOP_LOSS,False,-2.350675162499954,0.7007013251625002,-3.051376487662454,-2.4666912661196534,Q3
TMPV,ORB_50,2.0,2026-01-13,SELL,2026-01-13 09:30:00+05:30,2026-01-13 09:35:00+05:30,347.0264,348.8514,1.8249999999999889,343.3764,2.0,348.82500966725,1.4263999999999442,3.8736000000000095,0.7815890410958647,2.1225205479452245,2026-01-13 10:25:00+05:30,349.0258256999999,STOP_LOSS,False,-1.999425699999961,0.6960522256999999,-2.6954779256999606,-1.7986096672499912,Q2
TMPV,ORB_50,2.0,2026-01-14,BUY,2026-01-14 09:50:00+05:30,2026-01-14 09:55:00+05:30,352.926375,350.326375,2.6000000000000227,358.12637500000005,2.0,351.1585116390732,1.0736249999999927,4.876374999999996,0.4129326923076859,1.875528846153828,2026-01-14 13:45:00+05:30,350.1512118125,STOP_LOSS,False,-2.775163187500027,0.7030775868125,-3.478240774312527,1.7678633609268104,Q2
TMPV,ORB_50,2.0,2026-01-16,BUY,2026-01-16 10:15:00+05:30,2026-01-16 10:20:00+05:30,354.9774,352.8274,2.1499999999999773,359.27739999999994,2.0,353.4353876348387,4.7226,1.9773999999999887,2.1965581395349068,0.9197209302325626,2026-01-16 10:40:00+05:30,359.09776129999995,TARGET,False,4.120361299999956,0.7140751613,3.406286138699956,1.5420123651612698,Q2
TMPV,ORB_50,2.0,2026-01-19,SELL,2026-01-19 09:30:00+05:30,2026-01-19 09:35:00+05:30,340.62960000000004,346.92960000000005,6.300000000000011,328.0296,2.0,343.44465734884614,0.1796000000000503,6.020399999999938,0.0285079365079444,0.955619047619036,2026-01-19 15:25:00+05:30,343.72177500000004,END_OF_DAY,False,-3.092174999999997,0.6843513750000001,-3.7765263749999978,-2.8150573488460964,Q4_FARTHEST
TMPV,ORB_50,2.0,2026-01-20,SELL,2026-01-20 09:35:00+05:30,2026-01-20 09:40:00+05:30,341.6291,343.6041,1.9750000000000227,337.67909999999995,2.0,343.4536208272587,4.879099999999994,1.0708999999999946,2.470430379746804,0.5422278481012569,2026-01-20 12:20:00+05:30,337.8479395499999,TARGET,False,3.7811604500000726,0.6794770395499999,3.101683410450073,-1.8245208272587092,Q2
TMPV,ORB_50,2.0,2026-01-21,BUY,2026-01-21 09:30:00+05:30,2026-01-21 09:35:00+05:30,341.3706,338.89559999999994,2.4750000000000227,346.3206,2.0,339.48535169574416,2.329400000000021,2.8205999999999563,0.941171717171717,1.1396363636363356,2026-01-21 10:55:00+05:30,338.72615219999994,STOP_LOSS,False,-2.644447800000023,0.6800967521999999,-3.324544552200023,1.8852483042558674,Q2
TMPV,ORB_50,2.0,2026-01-22,BUY,2026-01-22 09:30:00+05:30,2026-01-22 09:35:00+05:30,349.724775,347.07477500000005,2.6499999999999773,355.024775,2.0,346.5524590271523,2.0252249999999776,4.824775000000045,0.7642358490566019,1.8206698113207875,2026-01-22 10:50:00+05:30,346.90123761250004,STOP_LOSS,False,-2.8235373874999823,0.6966260126125001,-3.5201634001124824,3.1723159728477413,Q4_FARTHEST
TMPV,ORB_50,2.0,2026-01-23,BUY,2026-01-23 09:45:00+05:30,2026-01-23 09:50:00+05:30,349.47465,347.34965,2.125,353.72465,2.0,347.6973307984304,1.525350000000003,7.32465000000002,0.7178117647058838,3.446894117647068,2026-01-23 10:55:00+05:30,347.175975175,STOP_LOSS,False,-2.2986748249999778,0.696650625175,-2.995325450174977,1.7773192015695827,Q2
TMPV,ORB_50,2.0,2026-01-23,SELL,2026-01-23 12:05:00+05:30,2026-01-23 12:10:00+05:30,344.67757500000005,346.80257500000005,2.125,340.42757500000005,2.0,347.9256955912579,2.52757500000007,2.1224249999999643,1.1894470588235624,0.9987882352941008,2026-01-23 15:25:00+05:30,345.022425,END_OF_DAY,False,-0.3448499999999512,0.6897000000000001,-1.0345499999999517,-3.248120591257873,Q4_FARTHEST
TMPV,ORB_50,2.0,2026-01-27,SELL,2026-01-27 14:00:00+05:30,2026-01-27 14:05:00+05:30,336.581625,340.531625,3.9499999999999886,328.681625,2.0,340.04522958746486,0.6816249999999968,4.568375000000003,0.1725632911392402,1.1565506329113966,2026-01-27 14:55:00+05:30,340.7018908125,STOP_LOSS,False,-4.1202658125000085,0.6772835158124999,-4.797549328312508,-3.4636045874648858,Q4_FARTHEST
TMPV,ORB_50,2.0,2026-01-28,SELL,2026-01-28 10:05:00+05:30,2026-01-28 10:10:00+05:30,340.379725,343.129725,2.75,334.879725,2.0,343.3866924130588,3.3297249999999963,1.070274999999981,1.2108090909090896,0.3891909090909022,2026-01-28 15:25:00+05:30,341.1705,END_OF_DAY,False,-0.7907749999999965,0.681550225,-1.4723252249999963,-3.006967413058817,Q4_FARTHEST
TMPV,ORB_50,2.0,2026-01-29,SELL,2026-01-29 09:35:00+05:30,2026-01-29 09:40:00+05:30,337.181325,338.65632500000004,1.4750000000000227,334.231325,2.0,338.9475316017338,1.5813249999999923,15.468674999999962,1.0720847457626903,10.487237288135406,2026-01-29 11:15:00+05:30,338.82565316250003,STOP_LOSS,False,-1.6443281625000168,0.6760069781625,-2.320335140662517,-1.7662066017337565,Q2
TMPV,ORB_50,2.0,2026-01-30,SELL,2026-01-30 10:05:00+05:30,2026-01-30 10:10:00+05:30,349.32525,350.90025,1.5749999999999886,346.17525,2.0,351.4022575326969,0.9252500000000056,1.6747500000000173,0.5874603174603251,1.063333333333352,2026-01-30 14:00:00+05:30,351.075700125,STOP_LOSS,False,-1.7504501249999862,0.700400950125,-2.4508510751249863,-2.077007532696939,Q3
TMPV,ORB_50,2.0,2026-02-01,BUY,2026-02-01 09:45:00+05:30,2026-02-01 09:50:00+05:30,351.67575,350.25075000000004,1.4249999999999543,354.5257499999999,2.0,349.83599071072075,8.974249999999984,12.325749999999973,6.297719298245804,8.649649122807274,2026-02-01 10:05:00+05:30,354.3484871249999,TARGET,False,2.6727371249999123,0.706024237125,1.9667128878749125,1.8397592892792431,Q2
TMPV,ORB_50,2.0,2026-02-01,SELL,2026-02-01 12:25:00+05:30,2026-02-01 12:30:00+05:30,345.277275,346.702275,1.4250000000000114,342.42727499999995,2.0,353.8388174061975,5.927274999999952,4.372725000000003,4.159491228070109,3.0685789473683984,2026-02-01 12:30:00+05:30,342.59848863749994,TARGET,False,2.678786362500034,0.6878757636374999,1.9909105988625344,-8.561542406197532,Q4_FARTHEST
TMPV,ORB_50,2.0,2026-02-02,BUY,2026-02-02 09:50:00+05:30,2026-02-02 09:55:00+05:30,352.5762,347.1262,5.449999999999989,363.4762,2.0,349.322964862638,11.923800000000028,2.376199999999983,2.187853211009184,0.4359999999999978,2026-02-02 15:15:00+05:30,363.29446189999993,TARGET,False,10.71826189999996,0.7158706618999999,10.00239123809996,3.253235137361969,Q4_FARTHEST
TMPV,ORB_50,2.0,2026-02-03,SELL,2026-02-03 09:35:00+05:30,2026-02-03 09:40:00+05:30,369.2153,376.5153,7.300000000000011,354.61529999999993,2.0,374.03416279931616,3.2152999999999565,6.034700000000044,0.4404520547945139,0.826671232876717,2026-02-03 15:25:00+05:30,372.186,END_OF_DAY,False,-2.970700000000022,0.7414013,-3.7121013000000223,-4.81886279931615,Q4_FARTHEST
TMPV,ORB_50,2.0,2026-02-04,SELL,2026-02-04 10:35:00+05:30,2026-02-04 10:40:00+05:30,370.31475,373.71475,3.3999999999999773,363.5147500000001,2.0,374.0010417842562,1.864750000000015,6.485250000000008,0.5484558823529493,1.9074264705882504,2026-02-04 14:10:00+05:30,373.901607375,STOP_LOSS,False,-3.586857374999965,0.7442163573749999,-4.331073732374965,-3.686291784256184,Q4_FARTHEST
TMPV,ORB_50,2.0,2026-02-05,SELL,2026-02-05 09:30:00+05:30,2026-02-05 09:35:00+05:30,364.91745,369.16745,4.25,356.41745000000003,2.0,368.5448668123075,0.6174500000000194,10.682549999999992,0.145282352941181,2.513541176470586,2026-02-05 12:40:00+05:30,369.352033725,STOP_LOSS,False,-4.434583724999982,0.7342694837250001,-5.168853208724982,-3.6274168123075015,Q4_FARTHEST
TMPV,ORB_50,2.0,2026-02-06,BUY,2026-02-06 09:45:00+05:30,2026-02-06 09:50:00+05:30,378.88935,370.11435,8.775000000000034,396.4393500000001,2.0,374.9273369467398,0.0,12.38934999999998,0.0,1.41189173789173,2026-02-06 12:25:00+05:30,369.929292825,STOP_LOSS,False,-8.960057175000031,0.7488186428249999,-9.708875817825032,3.9620130532601934,Q4_FARTHEST
TMPV,ORB_50,2.0,2026-02-09,BUY,2026-02-09 10:05:00+05:30,2026-02-09 10:10:00+05:30,375.08745,373.03745,2.0499999999999545,379.1874499999999,2.0,372.2077090815754,4.8125499999999874,1.1374500000000012,2.3475853658537047,0.5548536585365983,2026-02-09 12:00:00+05:30,378.9978562749999,TARGET,False,3.9104062749999,0.7540853062749999,3.1563209687249003,2.879740918424602,Q4_FARTHEST
TMPV,ORB_50,2.0,2026-02-10,SELL,2026-02-10 09:30:00+05:30,2026-02-10 09:35:00+05:30,377.0114,379.3864,2.375,372.2614,2.0,379.3083851261686,0.0113999999999805,5.188600000000008,0.0047999999999918,2.1846736842105297,2026-02-10 09:35:00+05:30,379.5760932,STOP_LOSS,False,-2.564693200000022,0.7565874932,-3.321280693200022,-2.296985126168636,Q3
TMPV,ORB_50,2.0,2026-02-11,BUY,2026-02-11 10:45:00+05:30,2026-02-11 10:50:00+05:30,385.9929,384.2429,1.75,389.4929,2.0,384.3459064078959,1.3571000000000026,1.9429000000000087,0.7754857142857158,1.1102285714285764,2026-02-11 12:00:00+05:30,384.05077855,STOP_LOSS,False,-1.942121450000002,0.7700436785500001,-2.712165128550002,1.6469935921041383,Q2
TMPV,ORB_50,2.0,2026-02-12,BUY,2026-02-12 10:20:00+05:30,2026-02-12 10:25:00+05:30,385.89285,383.31785,2.5749999999999886,391.04285,2.0,383.3141438180132,1.0071499999999671,5.742850000000033,0.391126213592222,2.2302330097087606,2026-02-12 11:50:00+05:30,383.126191075,STOP_LOSS,False,-2.766658925000001,0.7690190410750001,-3.535677966075001,2.5787061819868313,Q4_FARTHEST
TMPV,ORB_50,2.0,2026-02-13,SELL,2026-02-13 09:30:00+05:30,2026-02-13 09:35:00+05:30,377.11135,379.38635,2.2749999999999773,372.56135000000006,2.0,378.8212966102585,2.7113500000000386,10.388649999999984,1.1918021978022266,4.5664395604396,2026-02-13 11:35:00+05:30,379.576043175,STOP_LOSS,False,-2.4646931749999794,0.756687393175,-3.2213805681749794,-1.7099466102584984,Q2
TMPV,ORB_50,2.0,2026-02-13,BUY,2026-02-13 12:00:00+05:30,2026-02-13 12:05:00+05:30,383.241525,380.9665250000001,2.2749999999999773,387.791525,2.0,378.878780271835,4.258474999999976,4.8915250000000015,1.8718571428571509,2.150120879120901,2026-02-13 14:20:00+05:30,380.77604173750007,STOP_LOSS,False,-2.4654832624999585,0.7640175667375002,-3.229500829237459,4.362744728165012,Q4_FARTHEST
TMPV,ORB_50,2.0,2026-02-16,SELL,2026-02-16 09:45:00+05:30,2026-02-16 09:50:00+05:30,376.4117,377.9367,1.5249999999999773,373.3617,2.0,377.7566101854886,1.3116999999999734,2.338300000000004,0.860131147540979,1.5333114754098611,2026-02-16 10:10:00+05:30,378.12566835,STOP_LOSS,False,-1.7139683499999592,0.75453736835,-2.468505718349959,-1.3449101854886294,Q1_CLOSEST
TMPV,ORB_50,2.0,2026-02-17,BUY,2026-02-17 09:40:00+05:30,2026-02-17 09:45:00+05:30,377.238525,375.5135250000001,1.724999999999966,380.688525,2.0,375.8468449722629,6.361474999999984,1.2385250000000383,3.6878115942029615,0.7179855072464132,2026-02-17 11:10:00+05:30,380.4981807375,TARGET,False,3.2596557374999406,0.7577367057375,2.5019190317624407,1.3916800277370953,Q1_CLOSEST
TMPV,ORB_50,2.0,2026-02-18,BUY,2026-02-18 09:35:00+05:30,2026-02-18 09:40:00+05:30,384.9924,383.2424,1.75,388.4924,2.0,383.5277209275988,0.5075999999999681,5.992400000000032,0.2900571428571246,3.4242285714285896,2026-02-18 09:45:00+05:30,383.0507788000001,STOP_LOSS,False,-1.941621199999986,0.7680431788000001,-2.709664378799986,1.464679072401168,Q1_CLOSEST
TMPV,ORB_50,2.0,2026-02-18,SELL,2026-02-18 11:40:00+05:30,2026-02-18 11:45:00+05:30,380.10985,381.85985,1.75,376.60985,2.0,382.6748837248045,1.1098499999999945,3.4901500000000283,0.6341999999999969,1.994371428571445,2026-02-18 14:10:00+05:30,382.050779925,STOP_LOSS,False,-1.9409299249999776,0.762160629925,-2.703090554924977,-2.5650337248044934,Q3
TMPV,ORB_50,2.0,2026-02-19,SELL,2026-02-19 11:55:00+05:30,2026-02-19 12:00:00+05:30,381.559125,383.834125,2.2749999999999773,377.009125,2.0,384.51982778738017,7.559124999999994,0.4408750000000054,3.3226923076923387,0.1937912087912131,2026-02-19 14:45:00+05:30,377.1976295625,TARGET,False,4.361495437499968,0.7587567545625,3.6027386829374684,-2.9607027873801712,Q4_FARTHEST
TMPV,ORB_50,2.0,2026-02-20,BUY,2026-02-20 09:45:00+05:30,2026-02-20 09:50:00+05:30,378.339075,376.864075,1.4750000000000227,381.289075,2.0,376.4508720182761,1.3609250000000088,1.9390750000000023,0.9226610169491444,1.3146271186440492,2026-02-20 10:05:00+05:30,376.6756429625,STOP_LOSS,False,-1.6634320375000016,0.7550147179625,-2.4184467554625018,1.8882029817239072,Q2
TMPV,ORB_50,2.0,2026-02-23,SELL,2026-02-23 14:20:00+05:30,2026-02-23 14:25:00+05:30,377.261275,380.486275,3.224999999999966,370.8112750000001,2.0,379.05874400741885,1.2112750000000003,3.0387249999999995,0.3755891472868258,0.9422403100775292,2026-02-23 15:25:00+05:30,379.239525,END_OF_DAY,False,-1.9782500000000027,0.7565008000000001,-2.7347508000000027,-1.7974690074188402,Q2
TMPV,ORB_50,2.0,2026-02-24,BUY,2026-02-24 09:45:00+05:30,2026-02-24 09:50:00+05:30,379.5396750000001,378.4146750000001,1.125,381.7896750000001,2.0,378.0592394953546,0.7603249999999662,7.889675000000068,0.6758444444444144,7.013044444444505,2026-02-24 10:40:00+05:30,378.2254676625,STOP_LOSS,False,-1.3142073375000225,0.7577651426625001,-2.0719724801625223,1.480435504645527,Q1_CLOSEST
TMPV,ORB_50,2.0,2026-02-24,SELL,2026-02-24 12:45:00+05:30,2026-02-24 12:50:00+05:30,375.861975,376.986975,1.125,373.611975,2.0,377.620997597276,1.5119750000000067,2.4880249999999933,1.3439777777777837,2.211577777777772,2026-02-24 13:05:00+05:30,377.1754684875,STOP_LOSS,False,-1.3134934875000113,0.7530374434875,-2.0665309309875117,-1.7590225972760436,Q2
TMPV,ORB_50,2.0,2026-02-25,BUY,2026-02-25 10:00:00+05:30,2026-02-25 10:05:00+05:30,381.140475,379.065475,2.0749999999999886,385.290475,2.0,379.50526232417326,4.459525000000042,1.2404750000000035,2.149168674698827,0.5978192771084387,2026-02-25 12:30:00+05:30,385.0978297625,TARGET,False,3.957354762499961,0.7662383047624999,3.1911164577374604,1.6352126758267218,Q2
TMPV,ORB_50,2.0,2026-02-26,BUY,2026-02-26 09:40:00+05:30,2026-02-26 09:45:00+05:30,383.941875,382.316875,1.625,387.191875,2.0,382.62922918814,9.35812500000003,0.3418749999999591,5.758846153846172,0.2103846153845902,2026-02-26 10:05:00+05:30,386.9982790625,TARGET,False,3.0564040625000075,0.7709401540624999,2.2854639084375075,1.3126458118599658,Q1_CLOSEST
TMPV,ORB_50,2.0,2026-02-26,BUY,2026-02-26 14:40:00+05:30,2026-02-26 14:45:00+05:30,389.29455,387.66955,1.625,392.54455,2.0,388.7532578927997,4.005449999999996,1.144550000000038,2.4648923076923053,0.7043384615384849,2026-02-26 15:25:00+05:30,392.348277725,TARGET,False,3.0537277249999875,0.7816428277249999,2.272084897274988,0.5412921072003201,Q1_CLOSEST
TMPV,ORB_50,2.0,2026-02-27,SELL,2026-02-27 09:35:00+05:30,2026-02-27 09:40:00+05:30,389.70505,391.63005,1.9250000000000116,385.85505,2.0,391.2117203942491,8.755049999999983,1.0449500000000285,4.548077922077886,0.5428311688311804,2026-02-27 15:00:00+05:30,386.047977525,TARGET,False,3.657072475000007,0.7757530275249999,2.881319447475007,-1.5066703942490562,Q2
TMPV,ORB_50,2.0,2026-03-04,SELL,2026-03-04 10:20:00+05:30,2026-03-04 10:25:00+05:30,354.62260000000003,358.97260000000006,4.350000000000023,345.9226,2.0,357.22692468206304,4.522600000000011,1.7773999999999432,1.0396781609195374,0.4085977011494101,2026-03-04 15:25:00+05:30,351.1755,END_OF_DAY,False,3.4471000000000345,0.7057981,2.7413019000000345,-2.604324682063009,Q4_FARTHEST
TMPV,ORB_50,2.0,2026-03-05,SELL,2026-03-05 09:35:00+05:30,2026-03-05 09:40:00+05:30,351.274275,352.724275,1.4499999999999886,348.374275,2.0,353.6154934501395,3.324275,5.8757249999999885,2.29260344827588,4.052224137931058,2026-03-05 09:55:00+05:30,352.9006371375,STOP_LOSS,False,-1.6263621374999957,0.7041749121374999,-2.3305370496374955,-2.341218450139536,Q3
TMPV,ORB_50,2.0,2026-03-06,SELL,2026-03-06 10:40:00+05:30,2026-03-06 10:45:00+05:30,350.274775,352.199775,1.9250000000000116,346.42477499999995,2.0,352.1596540869744,0.9247749999999542,3.225225000000023,0.4804025974025707,1.6754415584415605,2026-03-06 11:50:00+05:30,352.3758748875,STOP_LOSS,False,-2.101099887500027,0.7026506498875,-2.803750537387527,-1.884879086974422,Q2
TMPV,ORB_50,2.0,2026-03-09,SELL,2026-03-09 12:45:00+05:30,2026-03-09 12:50:00+05:30,330.23479999999995,336.2597999999999,6.024999999999977,318.1848,2.0,333.06736338897525,1.584799999999973,2.9652000000000385,0.2630373443983367,0.4921493775933692,2026-03-09 15:25:00+05:30,332.3661,END_OF_DAY,False,-2.13130000000001,0.6626008999999999,-2.7939009000000103,-2.832563388975302,Q4_FARTHEST
TMPV,ORB_50,2.0,2026-03-10,SELL,2026-03-10 09:30:00+05:30,2026-03-10 09:35:00+05:30,335.18232500000005,337.40732500000007,2.2250000000000227,330.732325,2.0,336.84148575253886,0.9323250000000484,10.617674999999965,0.4190224719101298,4.771988764044878,2026-03-10 10:05:00+05:30,337.57602866250005,STOP_LOSS,False,-2.393703662500002,0.6727583536625001,-3.066462016162502,-1.65916075253881,Q2
TMPV,ORB_50,2.0,2026-03-10,BUY,2026-03-10 11:20:00+05:30,2026-03-10 11:25:00+05:30,341.1705,338.9455,2.2250000000000227,345.62050000000005,2.0,337.5808087003297,4.629500000000007,2.8204999999999814,2.0806741573033527,1.267640449438181,2026-03-10 12:30:00+05:30,338.77602725,STOP_LOSS,False,-2.394472750000034,0.6799465272499999,-3.074419277250034,3.589691299670278,Q4_FARTHEST
TMPV,ORB_50,2.0,2026-03-11,SELL,2026-03-11 10:05:00+05:30,2026-03-11 10:10:00+05:30,342.978425,344.7034249999999,1.724999999999966,339.528425,2.0,344.82377436908126,8.328424999999982,0.7715750000000412,4.8280724637682,0.4472898550724965,2026-03-11 11:20:00+05:30,339.69818921250004,TARGET,False,3.280235787499919,0.6826766142125,2.5975591732874186,-1.845349369081248,Q2
TMPV,ORB_50,2.0,2026-03-13,SELL,2026-03-13 09:30:00+05:30,2026-03-13 09:35:00+05:30,319.390225,321.44022499999994,2.0499999999999545,315.2902250000001,2.0,320.6842097366073,10.890224999999988,0.5097749999999905,5.312304878048892,0.248670731707318,2026-03-13 09:55:00+05:30,315.4478701125001,TARGET,False,3.942354887499903,0.6348380951125,3.307516792387403,-1.2939847366072854,Q1_CLOSEST
TMPV,ORB_50,2.0,2026-03-13,SELL,2026-03-13 15:20:00+05:30,2026-03-13 15:25:00+05:30,313.843,315.89300000000003,2.050000000000012,309.743,2.0,314.04968610385606,0.0430000000000063,0.4069999999999822,0.0209756097561005,0.1985365853658439,2026-03-13 15:25:00+05:30,314.3571,END_OF_DAY,False,-0.5140999999999849,0.6282001,-1.1423000999999848,-0.20668610385604325,Q1_CLOSEST
TMPV,ORB_50,2.0,2026-03-16,SELL,2026-03-16 09:55:00+05:30,2026-03-16 10:00:00+05:30,310.54465,312.99465,2.4499999999999886,305.64465,2.0,313.1687474423495,3.644650000000013,4.95535000000001,1.4876122448979714,2.022591836734707,2026-03-16 11:30:00+05:30,313.15114732499995,STOP_LOSS,False,-2.606497324999964,0.6236957973249999,-3.230193122324964,-2.624097442349523,Q4_FARTHEST
TMPV,ORB_50,2.0,2026-03-17,BUY,2026-03-17 09:35:00+05:30,2026-03-17 09:40:00+05:30,316.5582,315.1332,1.4250000000000114,319.4082,2.0,314.7215095393421,4.441800000000001,3.3582000000000107,3.117052631578923,2.3566315789473573,2026-03-17 10:30:00+05:30,314.9756334,STOP_LOSS,False,-1.582566600000007,0.6315338334,-2.2141004334000067,1.8366904606579055,Q2
TMPV,ORB_50,2.0,2026-03-18,BUY,2026-03-18 09:45:00+05:30,2026-03-18 09:50:00+05:30,327.313575,325.13857499999995,2.175000000000012,331.663575,2.0,324.419015429857,2.886425000000031,4.113574999999969,1.327091954022996,1.8912988505746884,2026-03-18 10:05:00+05:30,324.97600571249995,STOP_LOSS,False,-2.3375692875000027,0.6522895807124999,-2.9898588682125027,2.8945595701430307,Q4_FARTHEST
TMPV,ORB_50,2.0,2026-03-19,SELL,2026-03-19 13:15:00+05:30,2026-03-19 13:20:00+05:30,310.294775,313.969775,3.6750000000000114,302.944775,2.0,313.61031132695905,2.794775000000016,1.1052249999999617,0.7604829931972807,0.3007414965986281,2026-03-19 15:25:00+05:30,310.3551,END_OF_DAY,False,-0.0603249999999775,0.6206498750000001,-0.6809748749999777,-3.315536326959034,Q4_FARTHEST
TMPV,ORB_50,2.0,2026-03-23,SELL,2026-03-23 10:25:00+05:30,2026-03-23 10:30:00+05:30,305.0474,307.8224,2.775000000000034,299.4973999999999,2.0,307.1030165593792,1.547399999999982,2.352599999999996,0.5576216216216082,0.8477837837837717,2026-03-23 15:25:00+05:30,304.85235,END_OF_DAY,False,0.1950499999999806,0.6098997500000001,-0.4148497500000194,-2.0556165593792457,Q3
TMPV,ORB_50,2.0,2026-03-24,SELL,2026-03-24 10:05:00+05:30,2026-03-24 10:10:00+05:30,306.496675,309.42167499999994,2.9249999999999545,300.6466750000001,2.0,308.80718985443826,0.996674999999982,7.703325000000007,0.3407435897435888,2.633615384615428,2026-03-24 12:20:00+05:30,309.5763858374999,STOP_LOSS,False,-3.079710837499931,0.6160730608375,-3.695783898337431,-2.3105148544382814,Q3
TMPV,ORB_50,2.0,2026-03-24,BUY,2026-03-24 13:15:00+05:30,2026-03-24 13:20:00+05:30,313.1565,310.2315,2.925000000000012,319.0065,2.0,309.0241421452331,1.0434999999999943,3.8064999999999714,0.3567521367521335,1.3013675213675064,2026-03-24 14:35:00+05:30,310.07638425,STOP_LOSS,False,-3.0801157500000045,0.62323288425,-3.7033486342500046,4.132357854766894,Q4_FARTHEST
TMPV,ORB_50,2.0,2026-03-25,BUY,2026-03-25 10:40:00+05:30,2026-03-25 10:45:00+05:30,320.56019999999995,317.7102,2.849999999999966,326.2601999999999,2.0,318.5352405762483,1.689800000000048,3.5101999999999407,0.5929122807017783,1.2316491228070114,2026-03-25 15:15:00+05:30,317.5513449,STOP_LOSS,False,-3.0088550999999484,0.6381115448999999,-3.646966644899949,2.024959423751625,Q3
TMPV,ORB_50,2.0,2026-03-27,SELL,2026-03-27 09:45:00+05:30,2026-03-27 09:50:00+05:30,304.94745,308.04745,3.1000000000000227,298.74745,2.0,307.2978485042237,3.897449999999992,1.7025499999999738,1.257241935483859,0.5492096774193423,2026-03-27 15:25:00+05:30,302.50117500000005,END_OF_DAY,False,2.4462749999999573,0.607448625,1.8388263749999572,-2.3503985042236764,Q3
TMPV,ORB_50,2.0,2026-03-30,BUY,2026-03-30 09:30:00+05:30,2026-03-30 09:35:00+05:30,301.7508,299.2758,2.4750000000000227,306.7008000000001,2.0,299.1725802855136,1.7491999999999734,7.450800000000015,0.7067474747474575,3.0104242424242207,2026-03-30 10:50:00+05:30,299.1261621,STOP_LOSS,False,-2.624637900000039,0.6008769621000001,-3.225514862100039,2.5782197144864085,Q4_FARTHEST
TMPV,ORB_50,2.0,2026-03-30,SELL,2026-03-30 14:40:00+05:30,2026-03-30 14:45:00+05:30,295.55215,298.02715,2.4750000000000227,290.60214999999994,2.0,299.58528202782736,1.252149999999972,2.4478500000000167,0.5059191919191759,0.9890303030303008,2026-03-30 15:25:00+05:30,297.598725,END_OF_DAY,False,-2.0465750000000185,0.5931508750000001,-2.6397258750000185,-4.033132027827378,Q4_FARTHEST
TMPV,ORB_50,2.0,2026-04-01,SELL,2026-04-01 10:10:00+05:30,2026-04-01 10:15:00+05:30,303.44820000000004,306.49820000000005,3.050000000000012,297.3482,2.0,305.21254493233323,1.3982000000000312,1.4017999999999802,0.4584262295082052,0.459606557377041,2026-04-01 15:25:00+05:30,303.401625,END_OF_DAY,False,0.0465750000000184,0.6068498250000001,-0.5602748249999816,-1.764344932333188,Q2
TMPV,ORB_50,2.0,2026-04-02,SELL,2026-04-02 10:45:00+05:30,2026-04-02 10:50:00+05:30,295.15235,297.25235,2.099999999999966,290.9523500000001,2.0,297.17866059055854,0.1023500000000012,9.14765,0.0487380952380966,4.35602380952388,2026-04-02 12:35:00+05:30,297.400976175,STOP_LOSS,False,-2.24862617499997,0.592553326175,-2.84117950117497,-2.0263105905585235,Q3
TMPV,ORB_50,2.0,2026-04-02,BUY,2026-04-02 13:35:00+05:30,2026-04-02 13:40:00+05:30,301.000425,298.90042500000004,2.099999999999966,305.20042499999994,2.0,297.24612711762813,3.2995750000000044,0.4004249999999842,1.571226190476218,0.190678571428567,2026-04-02 15:25:00+05:30,303.2483,END_OF_DAY,False,2.247874999999965,0.6042487249999999,1.643626274999965,3.7542978823718727,Q4_FARTHEST
TMPV,ORB_50,2.0,2026-04-06,BUY,2026-04-06 10:40:00+05:30,2026-04-06 10:45:00+05:30,305.3526,302.7276,2.625,310.6026,2.0,303.24226605781803,2.747400000000028,1.802599999999984,1.046628571428582,0.6867047619047558,2026-04-06 15:25:00+05:30,306.996425,END_OF_DAY,False,1.6438249999999923,0.612349025,1.0314759749999929,2.110333942181967,Q3
TMPV,ORB_50,2.0,2026-04-07,BUY,2026-04-07 13:40:00+05:30,2026-04-07 13:45:00+05:30,307.50367500000004,305.05367500000006,2.4499999999999886,312.403675,2.0,304.6850938463251,1.846324999999979,1.5036750000000438,0.7536020408163214,0.6137448979592044,2026-04-07 15:25:00+05:30,308.595625,END_OF_DAY,False,1.0919499999999402,0.6160993000000001,0.4758506999999401,2.818581153674927,Q4_FARTHEST
TMPV,ORB_50,2.0,2026-04-08,BUY,2026-04-08 09:30:00+05:30,2026-04-08 09:35:00+05:30,328.164,324.33899999999994,3.8250000000000455,335.8140000000001,2.0,325.2858869699873,8.636000000000024,1.01400000000001,2.257777777777757,0.2650980392156857,2026-04-08 11:10:00+05:30,335.64609300000006,TARGET,False,7.482093000000077,0.663810093,6.818282907000077,2.8781130300126847,Q4_FARTHEST
TMPV,ORB_50,2.0,2026-04-10,BUY,2026-04-10 09:55:00+05:30,2026-04-10 10:00:00+05:30,338.71927500000004,337.119275,1.6000000000000227,341.9192750000001,2.0,337.2780924166732,5.080724999999973,2.51927500000005,3.1754531249999376,1.574546875000009,2026-04-10 10:05:00+05:30,336.95071536250003,STOP_LOSS,False,-1.7685596375000046,0.6756699903625002,-2.4442296278625046,1.4411825833268495,Q1_CLOSEST
TMPV,ORB_50,2.0,2026-04-13,BUY,2026-04-13 09:45:00+05:30,2026-04-13 09:50:00+05:30,338.46915,335.46915,3.0,344.46915,2.0,336.46608413258514,8.330849999999998,0.5191500000000246,2.77695,0.1730500000000082,2026-04-13 11:15:00+05:30,344.296915425,TARGET,False,5.827765424999996,0.6827660654250001,5.144999359574996,2.0030658674148754,Q3
TMPV,ORB_50,2.0,2026-04-15,BUY,2026-04-15 09:50:00+05:30,2026-04-15 09:55:00+05:30,354.727275,352.27727500000003,2.4499999999999886,359.627275,2.0,352.37018133927086,7.372725000000003,0.3272750000000428,3.009275510204097,0.1335816326530793,2026-04-15 10:45:00+05:30,359.4474613625,TARGET,False,4.720186362499987,0.7141747363625,4.006011626137488,2.357093660729163,Q3
TMPV,ORB_50,2.0,2026-04-16,SELL,2026-04-16 09:40:00+05:30,2026-04-16 09:45:00+05:30,356.571625,358.17162499999995,1.599999999999966,353.37162500000005,2.0,357.85893816555324,2.4716249999999604,0.9283750000000168,1.544765625000008,0.5802343750000228,2026-04-16 15:25:00+05:30,356.87835,END_OF_DAY,False,-0.3067250000000285,0.713449975,-1.0201749750000286,-1.2873131655532575,Q1_CLOSEST
TMPV,ORB_50,2.0,2026-04-17,BUY,2026-04-17 10:15:00+05:30,2026-04-17 10:20:00+05:30,360.18,356.23,3.9499999999999886,368.08,2.0,358.2169574493884,1.170000000000016,3.5300000000000296,0.2962025316455745,0.8936708860759595,2026-04-17 15:25:00+05:30,360.8195,END_OF_DAY,False,0.6394999999999982,0.7209995,-0.0814995000000018,1.9630425506115898,Q3
TMPV,ORB_50,2.0,2026-04-20,SELL,2026-04-20 09:30:00+05:30,2026-04-20 09:35:00+05:30,352.873475,355.223475,2.3500000000000227,348.17347499999994,2.0,355.3224290645512,0.3734749999999849,6.9265250000000265,0.1589255319148856,2.9474574468084933,2026-04-20 10:00:00+05:30,355.4010867375,STOP_LOSS,False,-2.527611737500024,0.7082745617375,-3.235886299237524,-2.4489540645512307,Q3
TMPV,ORB_50,2.0,2026-04-20,BUY,2026-04-20 11:45:00+05:30,2026-04-20 11:50:00+05:30,358.529175,356.179175,2.3500000000000227,363.22917500000005,2.0,355.9572748640804,0.3208250000000134,4.529175000000009,0.136521276595749,1.9273085106382832,2026-04-20 13:15:00+05:30,356.0010854125,STOP_LOSS,False,-2.5280895875000056,0.7145302604125,-3.242619847912505,2.571900135919634,Q3
TMPV,ORB_50,2.0,2026-04-21,BUY,2026-04-21 09:50:00+05:30,2026-04-21 09:55:00+05:30,358.67925,356.40425000000005,2.2749999999999773,363.22925,2.0,356.9560660111018,0.2207499999999527,3.179250000000025,0.0970329670329472,1.397472527472552,2026-04-21 13:10:00+05:30,356.22604787500006,STOP_LOSS,False,-2.4532021249999616,0.7149052978750001,-3.1681074228749617,1.7231839888981995,Q2
TMPV,ORB_50,2.0,2026-04-22,BUY,2026-04-22 10:50:00+05:30,2026-04-22 10:55:00+05:30,362.831325,358.431325,4.399999999999977,371.631325,2.0,360.4793687974324,5.118674999999996,2.73132499999997,1.1633352272727324,0.6207556818181782,2026-04-22 15:25:00+05:30,361.91895,END_OF_DAY,False,-0.9123749999999972,0.724750275,-1.6371252749999972,2.351956202567578,Q3
TMPV,ORB_50,2.0,2026-04-23,SELL,2026-04-23 10:55:00+05:30,2026-04-23 11:00:00+05:30,355.672075,358.097075,2.425000000000012,350.822075,2.0,358.0555473504708,5.672075000000007,0.6279250000000047,2.338999999999992,0.2589381443298976,2026-04-23 15:25:00+05:30,350.9974860375,TARGET,False,4.6745889625000245,0.7066695610375,3.9679194014625248,-2.383472350470811,Q3
TMPV,ORB_50,2.0,2026-04-24,SELL,2026-04-24 09:35:00+05:30,2026-04-24 09:40:00+05:30,348.6256,351.90060000000005,3.275000000000034,342.07559999999995,2.0,351.08454381312526,1.12560000000002,2.62439999999998,0.3436946564885521,0.8013435114503673,2026-04-24 15:25:00+05:30,349.9749,END_OF_DAY,False,-1.349299999999971,0.6986005000000001,-2.047900499999971,-2.458943813125245,Q3
TMPV,ORB_50,2.0,2026-04-27,SELL,2026-04-27 09:30:00+05:30,2026-04-27 09:35:00+05:30,350.574625,351.949625,1.375,347.824625,2.0,351.89856207043823,0.3246250000000259,6.2253749999999854,0.2360909090909279,4.527545454545444,2026-04-27 09:40:00+05:30,352.1255998125,STOP_LOSS,False,-1.5509748124999874,0.7027002248125,-2.253675037312488,-1.3239370704382054,Q1_CLOSEST
TMPV,ORB_50,2.0,2026-04-27,BUY,2026-04-27 13:30:00+05:30,2026-04-27 13:35:00+05:30,354.227025,352.852025,1.375,356.977025,2.0,352.2190614173592,2.5729749999999854,0.9270250000000146,1.8712545454545348,0.6742000000000107,2026-04-27 15:25:00+05:30,354.17282500000005,END_OF_DAY,False,-0.0541999999999802,0.70839985,-0.7625998499999803,2.007963582640798,Q3
TMPV,ORB_50,2.0,2026-04-28,SELL,2026-04-28 10:10:00+05:30,2026-04-28 10:15:00+05:30,352.37372500000004,354.09872500000006,1.7250000000000227,348.923725,2.0,354.0752614349428,3.023725000000013,2.626274999999964,1.752884057970999,1.5224782608695244,2026-04-28 10:25:00+05:30,354.27577436250004,STOP_LOSS,False,-1.9020493625000088,0.7066494993625001,-2.608698861862509,-1.7015364349427387,Q2
TMPV,ORB_50,2.0,2026-04-29,BUY,2026-04-29 09:40:00+05:30,2026-04-29 09:45:00+05:30,361.1805,357.7305,3.4499999999999886,368.0805,2.0,358.40973093760147,2.4694999999999823,10.130499999999984,0.7157971014492726,2.936376811594208,2026-04-29 10:35:00+05:30,357.55163475,STOP_LOSS,False,-3.62886524999999,0.71873213475,-4.34759738474999,2.7707690623985286,Q4_FARTHEST
TMPV,ORB_50,2.0,2026-04-30,SELL,2026-04-30 09:45:00+05:30,2026-04-30 09:50:00+05:30,343.877975,347.777975,3.899999999999977,336.07797500000004,2.0,346.08527763577547,6.377974999999992,1.2220250000000306,1.6353782051282126,0.3133397435897532,2026-04-30 15:25:00+05:30,342.3711,END_OF_DAY,False,1.5068749999999795,0.686249075,0.8206259249999796,-2.207302635775477,Q3
TMPV,ORB_50,2.0,2026-05-04,BUY,2026-05-04 09:45:00+05:30,2026-05-04 09:50:00+05:30,344.822325,342.047325,2.7749999999999773,350.37232499999993,2.0,342.1359753077779,1.0776749999999993,3.4223250000000007,0.3883513513513543,1.233270270270281,2026-05-04 10:20:00+05:30,341.8763013375,STOP_LOSS,False,-2.946023662499954,0.6866986263375,-3.6327222888374537,2.686349692222052,Q4_FARTHEST
TMPV,ORB_50,2.0,2026-05-05,BUY,2026-05-05 09:30:00+05:30,2026-05-05 09:35:00+05:30,342.87135,341.04635,1.8249999999999889,346.52135,2.0,341.5576440122568,1.1286499999999933,3.421350000000018,0.6184383561643837,1.8747123287671448,2026-05-05 10:30:00+05:30,340.875826825,STOP_LOSS,False,-1.9955231750000169,0.683747176825,-2.6792703518250165,1.3137059877432193,Q1_CLOSEST
TMPV,ORB_50,2.0,2026-05-06,BUY,2026-05-06 13:25:00+05:30,2026-05-06 13:30:00+05:30,349.224525,347.14952500000004,2.0749999999999886,353.374525,2.0,346.47403125467025,9.72547499999996,0.5245250000000397,4.6869759036144645,0.2527831325301409,2026-05-06 14:20:00+05:30,353.1978377375,TARGET,False,3.9733127374999526,0.7024223627374999,3.2708903747624527,2.750493745329777,Q4_FARTHEST
TMPV,ORB_50,2.0,2026-05-07,SELL,2026-05-07 10:05:00+05:30,2026-05-07 10:10:00+05:30,357.12135,358.87135,1.75,353.62135,2.0,358.797963216028,0.0713499999999953,4.328649999999982,0.0407714285714259,2.473514285714276,2026-05-07 10:20:00+05:30,359.050785675,STOP_LOSS,False,-1.9294356749999797,0.7161721356749999,-2.645607810674979,-1.676613216027988,Q2
TMPV,ORB_50,2.0,2026-05-08,BUY,2026-05-08 12:25:00+05:30,2026-05-08 12:30:00+05:30,357.47865,356.07865000000004,1.3999999999999773,360.27865,2.0,355.48411600861203,0.0,3.4286500000000046,0.0,2.449035714285757,2026-05-08 12:40:00+05:30,355.90061067500005,STOP_LOSS,False,-1.5780393249999634,0.7133792606750001,-2.291418585674964,1.994533991387982,Q3
TMPV,ORB_50,2.0,2026-05-08,BUY,2026-05-08 14:45:00+05:30,2026-05-08 14:50:00+05:30,357.27855,355.87855,1.3999999999999773,360.07854999999995,2.0,355.5280637977354,0.0,2.278549999999996,0.0,1.6275357142857376,2026-05-08 15:00:00+05:30,355.700610725,STOP_LOSS,False,-1.5779392750000056,0.7129791607249999,-2.2909184357250054,1.7504862022645966,Q2
TMPV,ORB_50,2.0,2026-05-11,SELL,2026-05-11 10:15:00+05:30,2026-05-11 10:20:00+05:30,348.52565,350.20065,1.6750000000000114,345.17565,2.0,350.2267629014939,3.325649999999996,1.2743500000000267,1.9854626865671483,0.7608059701492645,2026-05-11 15:25:00+05:30,345.87285,END_OF_DAY,False,2.6528000000000134,0.6943985,1.9584015000000128,-1.7011129014939002,Q2
TMPV,ORB_50,2.0,2026-05-12,SELL,2026-05-12 09:30:00+05:30,2026-05-12 09:35:00+05:30,339.13035,341.98035000000004,2.8500000000000227,333.43035,2.0,342.039648623243,3.1303500000000213,3.8696499999999783,1.0983684210526303,1.3577719298245432,2026-05-12 10:00:00+05:30,342.15134017500003,STOP_LOSS,False,-3.0209901750000085,0.681281690175,-3.7022718651750086,-2.9092986232429894,Q4_FARTHEST
TMPV,ORB_50,2.0,2026-05-13,BUY,2026-05-13 10:10:00+05:30,2026-05-13 10:15:00+05:30,339.919875,337.119875,2.800000000000012,345.519875,2.0,337.85728232349004,2.480124999999987,4.019875000000013,0.8857589285714202,1.4356696428571418,2026-05-13 15:00:00+05:30,336.9513150625,STOP_LOSS,False,-2.968559937500004,0.6768711900625,-3.645431127562504,2.0625926765099507,Q3
TMPV,ORB_50,2.0,2026-05-14,SELL,2026-05-14 09:35:00+05:30,2026-05-14 09:40:00+05:30,336.13185,337.60685,1.4750000000000227,333.18184999999994,2.0,338.14256935755105,2.4818500000000085,3.968150000000037,1.6826101694915052,2.6902711864406617,2026-05-14 12:15:00+05:30,337.77565342500003,STOP_LOSS,False,-1.6438034250000442,0.6739075034249999,-2.3177109284250443,-2.010719357551068,Q3
TMPV,ORB_50,2.0,2026-05-19,BUY,2026-05-19 09:40:00+05:30,2026-05-19 09:45:00+05:30,356.82832499999995,355.32832499999995,1.5,359.82832499999995,2.0,355.7009616873416,8.971675000000062,0.478324999999927,5.981116666666708,0.3188833333332847,2026-05-19 09:55:00+05:30,359.6484108375,TARGET,False,2.8200858375000166,0.7164767358374999,2.1036091016625167,1.1273633126583604,Q1_CLOSEST
TMPV,ORB_50,2.0,2026-05-20,BUY,2026-05-20 09:30:00+05:30,2026-05-20 09:35:00+05:30,360.330075,358.48007499999994,1.8500000000000227,364.030075,2.0,358.91505797040674,4.669925000000035,0.4800749999999425,2.524283783783772,0.2594999999999657,2026-05-20 11:05:00+05:30,363.8480599625,TARGET,False,3.5179849625000656,0.7241781349625,2.7938068275375656,1.4150170295932867,Q1_CLOSEST
TMPV,ORB_50,2.0,2026-05-21,SELL,2026-05-21 11:15:00+05:30,2026-05-21 11:20:00+05:30,361.6191,363.2441,1.625,358.3691,2.0,363.7444369674919,2.619100000000003,3.080899999999985,1.611753846153848,1.8959384615384527,2026-05-21 11:25:00+05:30,363.42572205,STOP_LOSS,False,-1.8066220499999872,0.72504482205,-2.5316668720499877,-2.125336967491876,Q3
TMPV,ORB_50,2.0,2026-05-22,SELL,2026-05-22 09:40:00+05:30,2026-05-22 09:45:00+05:30,362.31875,363.7937500000001,1.4750000000000227,359.36875,2.0,363.46340857873264,0.5687500000000227,2.1812499999999773,0.3855932203389925,1.4788135593219958,2026-05-22 10:30:00+05:30,363.97564687500005,STOP_LOSS,False,-1.6568968750000297,0.7262943968750001,-2.3831912718750297,-1.1446585787326171,Q1_CLOSEST
TMPV,ORB_50,2.0,2026-05-25,BUY,2026-05-25 10:20:00+05:30,2026-05-25 10:25:00+05:30,372.08595,369.43594999999993,2.650000000000034,377.38595,2.0,370.2883195915108,2.214050000000043,1.7359499999999457,0.8354905660377413,0.6550754716980843,2026-05-25 15:25:00+05:30,372.863475,END_OF_DAY,False,0.7775250000000256,0.744949425,0.0325755750000255,1.7976304084892263,Q2
TMPV,ORB_50,2.0,2026-05-26,BUY,2026-05-26 09:55:00+05:30,2026-05-26 10:00:00+05:30,377.88885,375.43885,2.4499999999999886,382.78885,2.0,375.8772629567677,9.41115000000002,0.4388500000000022,3.841285714285741,0.1791224489795935,2026-05-26 10:15:00+05:30,382.597455575,TARGET,False,4.708605574999979,0.760486305575,3.9481192694249785,2.011587043232282,Q3
TMPV,ORB_50,2.0,2026-05-27,SELL,2026-05-27 09:30:00+05:30,2026-05-27 09:35:00+05:30,385.10735,386.75735,1.6499999999999773,381.80735,2.0,386.4404530125421,1.407350000000008,18.892650000000003,0.8529393939394107,11.450090909091069,2026-05-27 09:45:00+05:30,386.950728675,STOP_LOSS,False,-1.8433786749999967,0.772058078675,-2.615436753674997,-1.3331030125420966,Q1_CLOSEST
TMPV,ORB_50,2.0,2026-05-27,BUY,2026-05-27 09:50:00+05:30,2026-05-27 09:55:00+05:30,389.29455,387.64455,1.6499999999999773,392.59455,2.0,386.8945064864619,14.705449999999985,1.144550000000038,8.912393939394054,0.6936666666666992,2026-05-27 10:35:00+05:30,392.398252725,TARGET,False,3.1037027249999483,0.781692802725,2.3220099222749484,2.400043513538094,Q3
TMPV,ORB_50,2.0,2026-05-29,SELL,2026-05-29 10:25:00+05:30,2026-05-29 10:30:00+05:30,400.29975,404.04975,3.75,392.79975,2.0,403.084082540957,9.599750000000029,3.500249999999994,2.559933333333341,0.9333999999999985,2026-05-29 15:20:00+05:30,392.996149875,TARGET,False,7.303600125000003,0.793295899875,6.510304225125003,-2.7843325409569957,Q4_FARTHEST
TMPV,ORB_50,2.0,2026-06-01,SELL,2026-06-01 09:40:00+05:30,2026-06-01 09:45:00+05:30,392.853475,395.6784750000001,2.825000000000045,387.2034749999999,2.0,394.7702243892877,9.00347499999998,2.146524999999997,3.1870707964601186,0.7598318584070664,2026-06-01 13:15:00+05:30,387.3970767374999,TARGET,False,5.456398262500102,0.7802505517374999,4.676147710762602,-1.9167493892877019,Q2
TMPV,ORB_50,2.0,2026-06-02,SELL,2026-06-02 11:00:00+05:30,2026-06-02 11:05:00+05:30,378.260775,382.960775,4.699999999999989,368.860775,2.0,382.41562795450415,0.9607749999999556,13.63922500000001,0.2044202127659485,2.901962765957456,2026-06-02 12:40:00+05:30,383.1522553875,STOP_LOSS,False,-4.891480387499996,0.7614130303875,-5.652893417887496,-4.154852954504122,Q4_FARTHEST
TMPV,ORB_50,2.0,2026-06-02,BUY,2026-06-02 13:50:00+05:30,2026-06-02 13:55:00+05:30,389.1945,384.4945,4.699999999999989,398.5945,2.0,382.6999476788216,2.7054999999999723,1.9945000000000164,0.5756382978723359,0.4243617021276641,2026-06-02 15:25:00+05:30,391.054375,END_OF_DAY,False,1.859874999999988,0.7802488750000001,1.079626124999988,6.494552321178389,Q4_FARTHEST
TMPV,ORB_50,2.0,2026-06-03,SELL,2026-06-03 10:40:00+05:30,2026-06-03 10:45:00+05:30,386.30675,389.30675,3.0,380.30675,2.0,388.4501847093539,1.4567499999999995,13.493249999999987,0.4855833333333332,4.497749999999996,2026-06-03 12:05:00+05:30,389.501403375,STOP_LOSS,False,-3.194653374999973,0.7758081533750001,-3.970461528374973,-2.143434709353869,Q3
TMPV,ORB_50,2.0,2026-06-03,BUY,2026-06-03 12:55:00+05:30,2026-06-03 13:00:00+05:30,393.09645,390.09645,3.0,399.09645,2.0,388.8762296104309,6.703550000000007,1.046449999999993,2.234516666666669,0.3488166666666643,2026-06-03 14:40:00+05:30,398.896901775,TARGET,False,5.800451774999999,0.7919933517750001,5.008458423224999,4.220220389569079,Q4_FARTHEST
TMPV,ORB_50,2.0,2026-06-04,SELL,2026-06-04 09:30:00+05:30,2026-06-04 09:35:00+05:30,391.853975,393.303975,1.4500000000000457,388.9539749999999,2.0,393.9165002505982,0.8539749999999913,9.346024999999996,0.5889482758620445,6.445534482758417,2026-06-04 09:50:00+05:30,393.5006269875,STOP_LOSS,False,-1.6466519875000358,0.7853546019875001,-2.432006589487536,-2.062525250598185,Q3
TMPV,ORB_50,2.0,2026-06-04,BUY,2026-06-04 10:00:00+05:30,2026-06-04 10:05:00+05:30,397.7988,396.3488,1.4500000000000457,400.6988000000001,2.0,394.7528709460237,3.4011999999999603,4.948800000000006,2.345655172413692,3.4129655172412763,2026-06-04 10:20:00+05:30,396.1506256,STOP_LOSS,False,-1.648174400000073,0.7939494256,-2.442123825600073,3.0459290539763515,Q4_FARTHEST
TMPV,ORB_50,2.0,2026-06-04,SELL,2026-06-04 11:05:00+05:30,2026-06-04 11:10:00+05:30,393.70305,395.15305,1.4500000000000457,390.8030499999999,2.0,395.0342751082586,0.8530499999999392,7.496950000000027,0.5883103448275259,5.170310344827443,2026-06-04 11:40:00+05:30,395.350626525,STOP_LOSS,False,-1.6475765250000336,0.7890536765249999,-2.4366302015250336,-1.331225108258593,Q1_CLOSEST
TMPV,ORB_50,2.0,2026-06-04,BUY,2026-06-04 12:00:00+05:30,2026-06-04 12:05:00+05:30,397.1985,395.7485,1.4499999999999886,400.0985,2.0,395.1137849452592,4.0014999999999645,1.8485000000000011,2.7596551724137903,1.2748275862069074,2026-06-04 12:30:00+05:30,395.5506257500001,STOP_LOSS,False,-1.6478742499999726,0.7927491257500001,-2.440623375749973,2.0847150547407978,Q3
TMPV,ORB_50,2.0,2026-06-05,SELL,2026-06-05 09:55:00+05:30,2026-06-05 10:00:00+05:30,396.8015,399.2015,2.400000000000034,392.0014999999999,2.0,399.20289191333865,3.201499999999953,4.648500000000013,1.333958333333295,1.9368749999999777,2026-06-05 11:50:00+05:30,399.40110075,STOP_LOSS,False,-2.599600750000036,0.79620260075,-3.395803350750036,-2.4013919133386707,Q3
TMPV,ORB_50,2.0,2026-06-08,SELL,2026-06-08 10:45:00+05:30,2026-06-08 10:50:00+05:30,387.556125,389.906125,2.349999999999966,382.8561250000001,2.0,390.237675834828,0.5561250000000086,4.443874999999991,0.2366489361702198,1.891010638297896,2026-06-08 11:45:00+05:30,390.1010780625,STOP_LOSS,False,-2.544953062499985,0.7776572030625,-3.322610265562485,-2.6815508348279877,Q4_FARTHEST
TMPV,ORB_50,2.0,2026-06-09,SELL,2026-06-09 09:45:00+05:30,2026-06-09 09:50:00+05:30,390.70455,392.92955,2.224999999999966,386.2545500000001,2.0,392.3912768236048,3.904549999999972,1.0454500000000166,1.754853932584284,0.4698651685393405,2026-06-09 15:25:00+05:30,388.09395,END_OF_DAY,False,2.6106000000000336,0.7787984999999998,1.8318015000000336,-1.686726823604829,Q2
TMPV,ORB_50,2.0,2026-06-10,SELL,2026-06-10 10:10:00+05:30,2026-06-10 10:15:00+05:30,383.808,385.933,2.125,379.558,2.0,385.6475958535436,3.8079999999999927,3.1920000000000077,1.7919999999999965,1.5021176470588269,2026-06-10 10:35:00+05:30,386.1259665,STOP_LOSS,False,-2.317966500000012,0.7699339665,-3.087900466500012,-1.8395958535435852,Q2
TMPV,ORB_50,2.0,2026-06-12,SELL,2026-06-12 10:45:00+05:30,2026-06-12 10:50:00+05:30,379.260275,382.010275,2.75,373.760275,2.0,381.9308982519077,0.2602749999999787,13.68972500000001,0.0946454545454468,4.978081818181821,2026-06-12 13:30:00+05:30,382.2012801375,STOP_LOSS,False,-2.9410051374999853,0.7614615551375,-3.702466692637485,-2.6706232519077275,Q4_FARTHEST
TMPV,ORB_50,2.0,2026-06-12,BUY,2026-06-12 14:10:00+05:30,2026-06-12 14:15:00+05:30,386.343075,383.593075,2.75,391.843075,2.0,382.2790857893951,6.60692499999999,0.4430750000000216,2.402518181818178,0.1611181818181896,2026-06-12 15:20:00+05:30,391.6471534625,TARGET,False,5.3040784625000015,0.7779902284625,4.526088234037502,4.063989210604916,Q4_FARTHEST
TMPV,ORB_50,2.0,2026-06-15,BUY,2026-06-15 09:30:00+05:30,2026-06-15 09:35:00+05:30,406.6032,401.7282,4.875,416.3532,2.0,403.83924347904303,1.196800000000053,11.353199999999958,0.2454974358974467,2.32886153846153,2026-06-15 10:05:00+05:30,401.5273359,STOP_LOSS,False,-5.07586409999999,0.8081305359,-5.88399463589999,2.763956520956981,Q4_FARTHEST
TMPV,ORB_50,2.0,2026-06-15,SELL,2026-06-15 15:20:00+05:30,2026-06-15 15:25:00+05:30,395.452175,400.327175,4.875,385.702175,2.0,401.0206518203874,0.2021749999999542,1.2478250000000344,0.0414717948717854,0.2559641025641096,2026-06-15 15:25:00+05:30,396.69825,END_OF_DAY,False,-1.246075000000019,0.792150425,-2.038225425000019,-5.568476820387389,Q4_FARTHEST
TMPV,ORB_50,2.0,2026-06-16,SELL,2026-06-16 09:55:00+05:30,2026-06-16 10:00:00+05:30,392.353725,395.078725,2.724999999999966,386.90372500000007,2.0,394.2677205258475,4.803724999999986,2.146275000000003,1.762834862385338,0.78762385321102,2026-06-16 15:25:00+05:30,393.346575,END_OF_DAY,False,-0.9928499999999758,0.7857003,-1.7785502999999758,-1.913995525847497,Q2
TMPV,ORB_50,2.0,2026-06-17,SELL,2026-06-17 09:45:00+05:30,2026-06-17 09:50:00+05:30,389.355225,392.30522500000006,2.950000000000045,383.4552249999999,2.0,390.7581784950728,34.35522500000002,0.5947749999999701,11.645838983050677,0.2016186440677833,2026-06-17 11:35:00+05:30,383.6469526125,TARGET,False,5.708272387500074,0.7730021776125,4.935270209887574,-1.4029534950727793,Q1_CLOSEST
TMPV,ORB_50,2.0,2026-06-18,SELL,2026-06-18 10:40:00+05:30,2026-06-18 10:45:00+05:30,361.819,363.7190000000001,1.900000000000034,358.01899999999995,2.0,363.80881503636215,2.66900000000004,3.5809999999999604,1.4047368421052588,1.8847368421052084,2026-06-18 15:00:00+05:30,363.9008595,STOP_LOSS,False,-2.0818595000000077,0.7257198595,-2.807579359500007,-1.9898150363621312,Q3
TMPV,ORB_50,2.0,2026-06-19,SELL,2026-06-19 10:00:00+05:30,2026-06-19 10:05:00+05:30,357.52115,360.34615,2.8249999999999886,351.87115,2.0,358.94155796977606,1.0211499999999774,2.8288500000000454,0.361469026548666,1.0013628318584271,2026-06-19 14:35:00+05:30,360.526323075,STOP_LOSS,False,-3.005173075000016,0.7180474730749999,-3.723220548075016,-1.420407969776079,Q1_CLOSEST
TMPV,ORB_50,2.0,2026-06-22,BUY,2026-06-22 09:35:00+05:30,2026-06-22 09:40:00+05:30,365.132475,363.382475,1.75,368.632475,2.0,362.6333162519716,5.3675250000000005,4.532474999999977,3.067157142857144,2.589985714285701,2026-06-22 09:55:00+05:30,368.4481587625,TARGET,False,3.315683762499986,0.7335806337624999,2.5821031287374865,2.4991587480283783,Q3
TMPV,ORB_50,2.0,2026-06-23,SELL,2026-06-23 09:35:00+05:30,2026-06-23 09:40:00+05:30,358.770525,360.145525,1.375,356.020525,2.0,359.8247057845871,8.670524999999941,2.279475000000048,6.30583636363632,1.6578000000000346,2026-06-23 11:10:00+05:30,356.19853526249995,TARGET,False,2.5719897375000187,0.7149690602624998,1.8570206772375188,-1.0541807845870608,Q1_CLOSEST
TMPV,ORB_50,2.0,2026-06-23,SELL,2026-06-23 15:00:00+05:30,2026-06-23 15:05:00+05:30,354.8225,356.1975,1.375,352.0725,2.0,355.6895279278565,1.572499999999991,0.8274999999999864,1.1436363636363571,0.6018181818181719,2026-06-23 15:25:00+05:30,355.07745,END_OF_DAY,False,-0.254950000000008,0.7098999500000001,-0.964849950000008,-0.8670279278564976,Q1_CLOSEST
TMPV,ORB_50,2.0,2026-06-24,SELL,2026-06-24 09:35:00+05:30,2026-06-24 09:40:00+05:30,354.32275,355.42274999999995,1.099999999999966,352.12275000000005,2.0,355.4199095724577,6.322749999999985,2.427250000000015,5.74795454545471,2.206590909090991,2026-06-24 10:00:00+05:30,355.60046137499995,STOP_LOSS,False,-1.2777113749999671,0.7099232113749999,-1.9876345863749671,-1.0971595724577128,Q1_CLOSEST
TMPV,ORB_50,2.0,2026-06-29,SELL,2026-06-29 10:35:00+05:30,2026-06-29 10:40:00+05:30,349.72504999999995,351.9500499999999,2.224999999999966,345.27505,2.0,351.2541534287476,6.325049999999976,0.2249500000000353,2.8427191011236284,0.101101123595523,2026-06-29 15:00:00+05:30,345.44768752500005,TARGET,False,4.277362474999904,0.695172737525,3.5821897374749043,-1.5291034287476464,Q2
TMPV,ORB_50,2.0,2026-06-30,SELL,2026-06-30 09:30:00+05:30,2026-06-30 09:35:00+05:30,343.52815,346.07815,2.550000000000012,338.42815,2.0,345.360863027089,0.0,12.871849999999997,0.0,5.047784313725466,2026-06-30 10:35:00+05:30,346.251189075,STOP_LOSS,False,-2.723039075000031,0.6897793390750001,-3.4128184140750317,-1.832713027089028,Q2
TMPV,ORB_50,2.0,2026-06-30,BUY,2026-06-30 11:10:00+05:30,2026-06-30 11:15:00+05:30,350.225025,347.675025,2.550000000000012,355.32502500000004,2.0,346.49642478844214,6.174974999999961,0.7250250000000165,2.4215588235293857,0.2843235294117699,2026-06-30 12:15:00+05:30,355.14736248750006,TARGET,False,4.9223374875000445,0.7053723874875001,4.216965100012544,3.7286002115578754,Q4_FARTHEST
TMPV,ORB_50,2.0,2026-07-01,SELL,2026-07-01 10:40:00+05:30,2026-07-01 10:45:00+05:30,349.72504999999995,351.67504999999994,1.9499999999999889,345.82505,2.0,351.0776336244929,3.2250499999999533,4.874950000000069,1.6538717948717805,2.499974358974409,2026-07-01 14:25:00+05:30,351.850887525,STOP_LOSS,False,-2.125837525000009,0.701575937525,-2.8274134625250085,-1.3525836244929224,Q1_CLOSEST
TMPV,ORB_50,2.0,2026-07-01,SELL,2026-07-01 14:35:00+05:30,2026-07-01 14:40:00+05:30,349.2253,351.1753,1.9499999999999889,345.3253,2.0,350.26827782227645,2.025300000000016,0.674699999999973,1.0386153846153987,0.3459999999999881,2026-07-01 15:25:00+05:30,348.07395,END_OF_DAY,False,1.1513500000000365,0.69729925,0.4540507500000362,-1.0429778222764412,Q1_CLOSEST
TMPV,ORB_50,2.0,2026-07-02,SELL,2026-07-02 09:50:00+05:30,2026-07-02 09:55:00+05:30,347.4262,349.2262,1.8000000000000114,343.8262,2.0,348.8168728525415,2.4261999999999944,0.2237999999999829,1.3478888888888771,0.124333333333323,2026-07-02 15:25:00+05:30,346.52317500000004,END_OF_DAY,False,0.9030249999999568,0.6939493750000001,0.2090756249999568,-1.3906728525415133,Q1_CLOSEST
TMPV,ORB_50,2.0,2026-07-03,BUY,2026-07-03 10:40:00+05:30,2026-07-03 10:45:00+05:30,347.47365,344.47365,3.0,353.47365,2.0,344.02592968492127,0.0763499999999908,5.273650000000032,0.0254499999999969,1.757883333333344,2026-07-03 11:35:00+05:30,344.301413175,STOP_LOSS,False,-3.1722368250000272,0.691775063175,-3.8640118881750274,3.4477203150787545,Q4_FARTHEST
TMPV,ORB_50,2.0,2026-07-06,BUY,2026-07-06 10:20:00+05:30,2026-07-06 10:25:00+05:30,346.67325,344.67325,2.0,350.67325,2.0,343.8939590522371,1.9767499999999811,1.423249999999996,0.9883749999999908,0.711624999999998,2026-07-06 15:25:00+05:30,347.12635,END_OF_DAY,False,0.4531000000000063,0.6937996000000001,-0.2406995999999938,2.779290947762888,Q4_FARTHEST
TMPV,ORB_50,2.0,2026-07-07,SELL,2026-07-07 09:30:00+05:30,2026-07-07 09:35:00+05:30,344.977425,346.377425,1.400000000000034,342.1774249999999,2.0,346.5466562205623,3.277424999999994,0.7725750000000176,2.341017857142796,0.5518392857142848,2026-07-07 15:05:00+05:30,342.34851371249994,TARGET,False,2.628911287500045,0.6873259387124999,1.9415853487875456,-1.5692312205623011,Q2
TMPV,ORB_50,2.0,2026-07-08,SELL,2026-07-08 09:30:00+05:30,2026-07-08 09:35:00+05:30,338.080875,339.280875,1.1999999999999886,335.680875,2.0,339.6256742935589,7.330874999999992,1.7191250000000196,6.109062500000051,1.4326041666666964,2026-07-08 10:35:00+05:30,339.4505154375,STOP_LOSS,False,-1.3696404374999815,0.6775313904375,-2.0471718279374818,-1.544799293558924,Q2
TMPV,ORB_50,2.0,2026-07-09,SELL,2026-07-09 09:55:00+05:30,2026-07-09 10:00:00+05:30,332.283775,333.183775,0.8999999999999773,330.48377500000004,2.0,333.3542920922948,2.2837749999999915,1.51622500000002,2.537527777777832,1.684694444444509,2026-07-09 10:40:00+05:30,333.35036688749994,STOP_LOSS,False,-1.0665918874999534,0.6656341418874999,-1.7322260293874532,-1.0705170922948355,Q1_CLOSEST
TMPV,ORB_50,2.0,2026-07-10,BUY,2026-07-10 09:45:00+05:30,2026-07-10 09:50:00+05:30,335.917875,334.942875,0.9750000000000228,337.867875,2.0,335.171538538465,4.332125000000019,2.167874999999981,4.443205128205044,2.223461538461467,2026-07-10 10:20:00+05:30,337.6989410625,TARGET,False,1.781066062500031,0.6736168160625,1.107449246437531,0.7463364615350088,Q1_CLOSEST
TMPV,ORB_50,2.0,2026-07-13,BUY,2026-07-13 12:45:00+05:30,2026-07-13 12:50:00+05:30,340.5702,338.4202,2.1499999999999773,344.87019999999995,2.0,337.4412618894774,3.4298,0.9701999999999772,1.5952558139535054,0.4512558139534824,2026-07-13 15:25:00+05:30,343.32825,END_OF_DAY,False,2.7580500000000256,0.68389845,2.0741515500000256,3.128938110522597,Q4_FARTHEST
TMPV,ORB_50,2.0,2026-07-14,SELL,2026-07-14 09:45:00+05:30,2026-07-14 09:50:00+05:30,336.6316,338.3566,1.724999999999966,333.18160000000006,2.0,338.02393574004026,4.08159999999998,0.1684000000000196,2.366144927536267,0.0976231884058104,2026-07-14 14:05:00+05:30,333.34819080000005,TARGET,False,3.2834091999999373,0.6699797908,2.613429409199937,-1.3923357400402665,Q1_CLOSEST
TMPV,ORB_50,2.0,2026-07-15,SELL,2026-07-15 12:55:00+05:30,2026-07-15 13:00:00+05:30,331.53415,332.80915000000005,1.275000000000034,328.98414999999994,2.0,333.5703692070932,0.2341499999999996,2.6658499999999776,0.1836470588235242,2.090862745097965,2026-07-15 14:35:00+05:30,332.97555457500005,STOP_LOSS,False,-1.4414045750000355,0.6645097045750001,-2.1059142795750354,-2.036219207093211,Q3
TMPV,ORB_50,2.0,2026-07-16,SELL,2026-07-16 11:40:00+05:30,2026-07-16 11:45:00+05:30,333.283275,335.883275,2.6000000000000227,328.083275,2.0,335.4508356469504,1.983274999999992,1.2167249999999967,0.7627980769230671,0.4679711538461485,2026-07-16 15:25:00+05:30,332.166,END_OF_DAY,False,1.1172750000000065,0.665449275,0.4518257250000065,-2.167560646950392,Q3
TMPV,ORB_50,2.0,2026-07-17,BUY,2026-07-17 10:15:00+05:30,2026-07-17 10:20:00+05:30,333.716775,332.39177499999994,1.3250000000000457,336.3667750000001,2.0,332.1405189906503,3.083225000000027,2.116774999999961,2.3269622641508843,1.5975660377357652,2026-07-17 11:00:00+05:30,332.2255791125,STOP_LOSS,False,-1.491195887500055,0.6659423541125,-2.157138241612555,1.5762560093496631,Q2
TMPV,ORB_50,2.0,2026-07-20,SELL,2026-07-20 11:25:00+05:30,2026-07-20 11:30:00+05:30,333.2333,334.7333,1.5,330.2333,2.0,335.16560366324416,0.783299999999997,4.366700000000037,0.522199999999998,2.911133333333358,2026-07-20 11:35:00+05:30,334.90066665,STOP_LOSS,False,-1.6673666500000195,0.66813396665,-2.33550061665002,-1.93230366324417,Q2
TMPV,ORB_50,2.0,2026-07-20,BUY,2026-07-20 14:20:00+05:30,2026-07-20 14:25:00+05:30,337.218525,335.718525,1.5,340.218525,2.0,334.9241516126712,0.1814749999999776,1.3185250000000224,0.1209833333333184,0.8790166666666815,2026-07-20 15:25:00+05:30,336.13185,END_OF_DAY,False,-1.0866750000000138,0.673350375,-1.760025375000014,2.2943733873287897,Q3
TMPV,ORB_50,2.0,2026-07-21,SELL,2026-07-21 10:00:00+05:30,2026-07-21 10:05:00+05:30,334.2328,335.6828,1.4499999999999886,331.3328,2.0,335.923163254739,2.432799999999986,0.4171999999999798,1.6777931034482794,0.2877241379310228,2026-07-21 15:25:00+05:30,334.06695,END_OF_DAY,False,0.1658500000000344,0.66829975,-0.5024497499999655,-1.6903632547389975,Q2
TMPV,ORB_50,2.0,2026-07-22,SELL,2026-07-22 09:30:00+05:30,2026-07-22 09:35:00+05:30,330.8345,332.2095,1.375,328.0845,2.0,332.40516221696,3.7344999999999686,1.0155000000000314,2.715999999999977,0.7385454545454774,2026-07-22 13:10:00+05:30,328.24854225,TARGET,False,2.5859577499999773,0.65908304225,1.9268747077499773,-1.5706622169599882,Q2
TMPV,ORB_50,2.0,2026-07-23,SELL,2026-07-23 09:35:00+05:30,2026-07-23 09:40:00+05:30,325.837,326.737,0.8999999999999773,324.03700000000003,2.0,326.69588138320034,2.0369999999999777,2.663000000000011,2.2633333333333656,2.958888888888976,2026-07-23 10:00:00+05:30,326.9003685,STOP_LOSS,False,-1.0633684999999673,0.6527373685,-1.7161058684999673,-0.8588813832003552,Q1_CLOSEST
TMPV,ORB_50,2.0,2026-07-23,BUY,2026-07-23 10:40:00+05:30,2026-07-23 10:45:00+05:30,328.113975,327.213975,0.8999999999999773,329.91397499999994,2.0,326.91311744588245,0.3860250000000178,4.313974999999971,0.4289166666666973,4.793305555555644,2026-07-23 11:10:00+05:30,327.05036801250003,STOP_LOSS,False,-1.063606987499952,0.6551643430125,-1.718771330512452,1.2008575541175333,Q1_CLOSEST
TMPV,ORB_50,2.0,2026-07-23,SELL,2026-07-23 12:35:00+05:30,2026-07-23 12:40:00+05:30,325.886975,326.786975,0.8999999999999773,324.08697500000005,2.0,327.0477949604595,2.086974999999996,0.6630250000000046,2.3188611111111643,0.7366944444444682,2026-07-23 14:45:00+05:30,324.24901848750005,TARGET,False,1.6379565124999544,0.6501359934875001,0.9878205190124544,-1.1608199604594915,Q1_CLOSEST
TMPV,ORB_50,2.0,2026-07-24,SELL,2026-07-24 10:00:00+05:30,2026-07-24 10:05:00+05:30,318.94045,320.19045,1.25,316.44045,2.0,320.01678964980374,0.6904499999999985,6.8095500000000015,0.5523599999999987,5.447640000000002,2026-07-24 11:05:00+05:30,320.350545225,STOP_LOSS,False,-1.4100952250000205,0.639290995225,-2.0493862202250206,-1.0763396498037423,Q1_CLOSEST
TMPV,ORB_50,2.0,2026-07-24,BUY,2026-07-24 11:40:00+05:30,2026-07-24 11:45:00+05:30,322.110975,320.860975,1.25,324.610975,2.0,320.2445270740934,3.639025000000004,0.2609749999999735,2.911220000000003,0.2087799999999788,2026-07-24 12:55:00+05:30,324.4486695125,TARGET,False,2.3376945124999797,0.6465596445125,1.6911348679874791,1.8664479259065843,Q2
TMPV,ORB_50,2.0,2026-07-27,BUY,2026-07-27 09:40:00+05:30,2026-07-27 09:45:00+05:30,328.46415,327.71415,0.75,329.96415,2.0,327.37579442872766,0.5858499999999935,2.364149999999995,0.7811333333333247,3.152199999999993,2026-07-27 09:45:00+05:30,327.550292925,STOP_LOSS,False,-0.91385707500001,0.656014442925,-1.56987151792501,1.0883555712723592,Q1_CLOSEST
TMPV,ORB_50,2.0,2026-07-27,SELL,2026-07-27 11:00:00+05:30,2026-07-27 11:05:00+05:30,326.33675,327.08675,0.75,324.83675,2.0,327.2605514130926,0.0,2.7132500000000164,0.0,3.617666666666688,2026-07-27 11:05:00+05:30,327.250293375,STOP_LOSS,False,-0.9135433750000176,0.6535870433750001,-1.5671304183750174,-0.9238014130926331,Q1_CLOSEST
TMPV,ORB_50,2.0,2026-07-27,BUY,2026-07-27 13:15:00+05:30,2026-07-27 13:20:00+05:30,328.314075,327.564075,0.75,329.814075,2.0,327.27530742095246,0.7359250000000088,1.0640750000000023,0.9812333333333452,1.41876666666667,2026-07-27 14:55:00+05:30,327.4002929625,STOP_LOSS,False,-0.9137820375000274,0.6557143679625,-1.5694964054625276,1.0387675790475441,Q1_CLOSEST
TMPV,ORB_50,2.0,2026-07-28,SELL,2026-07-28 09:50:00+05:30,2026-07-28 09:55:00+05:30,323.688075,325.41307500000005,1.7250000000000227,320.238075,2.0,324.4081353700539,0.2880750000000489,2.211924999999951,0.1670000000000261,1.2822753623187952,2026-07-28 11:40:00+05:30,325.57578153750006,STOP_LOSS,False,-1.887706537500037,0.6492638565375001,-2.536970394037537,-0.7200603700538863,Q1_CLOSEST
TMPV,ORB_50,2.0,2026-07-29,BUY,2026-07-29 09:45:00+05:30,2026-07-29 09:50:00+05:30,330.06494999999995,328.13995,1.9249999999999543,333.91494999999986,2.0,328.41438907808083,0.4350500000000465,3.864949999999965,0.2260000000000295,2.007766233766263,2026-07-29 09:55:00+05:30,327.975880025,STOP_LOSS,False,-2.0890699749999726,0.6580408300249999,-2.7471108050249726,1.6505609219191228,Q2
TMPV,ORB_50,2.0,2026-07-30,BUY,2026-07-30 09:40:00+05:30,2026-07-30 09:45:00+05:30,330.815325,329.515325,1.3000000000000114,333.415325,2.0,329.9444529641671,4.184675000000027,1.2653249999999616,3.218980769230762,0.9733269230768852,2026-07-30 12:55:00+05:30,333.2486173375,TARGET,False,2.4332923375000064,0.6640639423375,1.7692283951625063,0.8708720358328605,Q1_CLOSEST
TMPV,ORB_50,2.0,2026-07-31,BUY,2026-07-31 11:35:00+05:30,2026-07-31 11:40:00+05:30,338.169,336.619,1.5500000000000114,341.269,2.0,336.5137742465648,3.781000000000006,0.6689999999999827,2.4393548387096637,0.4316129032257921,2026-07-31 14:00:00+05:30,341.0983655,TARGET,False,2.929365500000017,0.6792673655,2.2500981345000173,1.655225753435161,Q2
TMPV,ORB_50,2.0,2026-08-04,BUY,2026-08-04 11:25:00+05:30,2026-08-04 11:30:00+05:30,349.624725,347.799725,1.8249999999999889,353.274725,2.0,347.876302664755,0.0,4.624725000000012,0.0,2.534095890410981,2026-08-04 11:45:00+05:30,347.62582513750004,STOP_LOSS,False,-1.998899862499968,0.6972505501375001,-2.6961504126374685,1.7484223352450385,Q2
TMPV,ORB_50,2.0,2026-08-04,SELL,2026-08-04 14:25:00+05:30,2026-08-04 14:30:00+05:30,345.0274,346.8524,1.8249999999999889,341.3774,2.0,347.13298064545285,0.0274,0.7726000000000113,0.0150136986301371,0.4233424657534335,2026-08-04 15:10:00+05:30,345.422625,END_OF_DAY,False,-0.3952249999999822,0.690450025,-1.0856750249999825,-2.1055806454528465,Q3
TMPV,ORB_50,2.0,2026-08-05,SELL,2026-08-05 15:05:00+05:30,2026-08-05 15:10:00+05:30,346.92645000000005,349.70145,2.7749999999999773,341.3764500000001,2.0,350.05814831125764,0.526450000000068,0.5735499999999547,0.1897117117117377,0.20668468468467,2026-08-05 15:10:00+05:30,347.67375,END_OF_DAY,False,-0.7472999999999388,0.6946002000000001,-1.4419001999999388,-3.131698311257594,Q4_FARTHEST
TMPV,ORB_50,2.0,2026-08-06,SELL,2026-08-06 11:35:00+05:30,2026-08-06 11:40:00+05:30,345.4272,346.9272,1.5,342.4272,2.0,346.72062251764635,2.427200000000028,0.7727999999999611,1.6181333333333516,0.515199999999974,2026-08-06 15:10:00+05:30,343.67175,END_OF_DAY,False,1.755450000000053,0.6890989500000001,1.066351050000053,-1.29342251764632,Q1_CLOSEST
TMPV,ORB_50,2.0,2026-08-07,BUY,2026-08-07 09:45:00+05:30,2026-08-07 09:50:00+05:30,346.27305,345.09805,1.1750000000000114,348.62305000000003,2.0,344.94212023619,3.52695,1.8730500000000347,3.0016595744680554,1.5940851063829928,2026-08-07 10:00:00+05:30,348.448738475,TARGET,False,2.1756884750000154,0.6947217884750001,1.4809666865250153,1.3309297638099906,Q1_CLOSEST
TMPV,ORB_50,2.0,2026-08-11,BUY,2026-08-11 10:30:00+05:30,2026-08-11 10:35:00+05:30,348.07395,346.64895,1.4249999999999543,350.9239499999999,2.0,346.64708301248845,0.6260500000000206,3.823949999999968,0.4393333333333618,2.6834736842105893,2026-08-11 10:35:00+05:30,346.475625525,STOP_LOSS,False,-1.59832447499997,0.694549575525,-2.29287405052497,1.4268669875115734,Q1_CLOSEST
TMPV,ORB_50,2.0,2026-08-11,SELL,2026-08-11 11:10:00+05:30,2026-08-11 11:15:00+05:30,344.477675,345.902675,1.4249999999999543,341.62767500000007,2.0,346.04353513903715,0.2276749999999765,4.222325000000012,0.15977192982455,2.963035087719401,2026-08-11 11:20:00+05:30,346.07562633749995,STOP_LOSS,False,-1.5979513374999783,0.6905533013375,-2.2885046388374786,-1.56586013903717,Q2
TMPV,ORB_50,2.0,2026-08-11,BUY,2026-08-11 13:25:00+05:30,2026-08-11 13:30:00+05:30,348.023925,346.598925,1.4250000000000114,350.87392500000004,2.0,346.1440592466385,0.6760749999999689,1.3739250000000425,0.4744385964912024,0.9641578947368642,2026-08-11 15:10:00+05:30,347.076375,END_OF_DAY,False,-0.9475500000000352,0.6951003000000001,-1.6426503000000352,1.8798657533615142,Q2
TMPV,ORB_50,2.0,2026-08-12,SELL,2026-08-12 09:50:00+05:30,2026-08-12 09:55:00+05:30,346.97642499999995,348.97642499999995,2.0,342.97642499999995,2.0,348.8937698231192,12.77642499999996,0.173575000000028,6.38821249999998,0.086787500000014,2026-08-12 11:00:00+05:30,343.1479132125,TARGET,False,3.82851178750002,0.6901243382124999,3.13838744928752,-1.9173448231192651,Q2
TMPV,ORB_50,2.0,2026-08-13,BUY,2026-08-13 09:35:00+05:30,2026-08-13 09:40:00+05:30,345.422625,344.02262499999995,1.400000000000034,348.22262500000005,2.0,346.6834850303774,6.127375000000029,0.3226249999999595,4.376696428571343,0.230446428571394,2026-08-13 09:40:00+05:30,348.0485136875001,TARGET,False,2.625888687500094,0.6934711386875001,1.9324175488125936,-1.2608600303774438,Q1_CLOSEST
TMPV,ORB_50,2.0,2026-08-13,BUY,2026-08-13 11:00:00+05:30,2026-08-13 11:05:00+05:30,348.47415,347.07415000000003,1.3999999999999773,351.27415,2.0,348.0562732810956,2.2758499999999917,1.0741500000000317,1.625607142857163,0.767250000000035,2026-08-13 15:10:00+05:30,349.0254,END_OF_DAY,False,0.5512499999999818,0.69749955,-0.1462495500000181,0.41787671890438105,Q1_CLOSEST
ASHOKLEY,ORB_50,2.0,2025-08-18,BUY,2025-08-18 10:00:00+05:30,2025-08-18 10:05:00+05:30,130.97545499999998,128.25545499999998,2.719999999999999,136.41545499999998,2.0,129.33547201652348,1.824545000000029,0.1254549999999881,0.6707886029411874,0.0461231617647015,2025-08-18 15:25:00+05:30,131.83405000000002,END_OF_DAY,False,0.8585950000000366,0.262809505,0.5957854950000366,1.6399829834765,Q4_FARTHEST
ASHOKLEY,ORB_50,2.0,2025-08-19,BUY,2025-08-19 12:05:00+05:30,2025-08-19 12:10:00+05:30,132.015975,129.690975,2.3249999999999886,136.66597499999995,2.0,129.9473540773478,1.534025000000014,0.2559750000000065,0.6597956989247404,0.1100967741935517,2025-08-19 15:25:00+05:30,133.29332000000002,END_OF_DAY,False,1.2773450000000253,0.265309295,1.0120357050000253,2.068620922652201,Q4_FARTHEST
ASHOKLEY,ORB_50,2.0,2025-08-21,BUY,2025-08-21 10:25:00+05:30,2025-08-21 10:30:00+05:30,133.76684999999998,132.82684999999998,0.9399999999999976,135.64684999999997,2.0,132.84981067966356,0.0431500000000255,2.9668499999999653,0.0459042553191762,3.15622340425529,2025-08-21 11:35:00+05:30,132.76043657499997,STOP_LOSS,False,-1.0064134250000052,0.2665272865749999,-1.272940711575005,0.9170393203364142,Q2
ASHOKLEY,ORB_50,2.0,2025-08-21,SELL,2025-08-21 14:35:00+05:30,2025-08-21 14:40:00+05:30,131.464235,132.404235,0.9399999999999976,129.584235,2.0,132.7660082027556,0.6642349999999908,0.2557649999999967,0.7066329787233961,0.272090425531912,2025-08-21 15:25:00+05:30,131.01547499999998,END_OF_DAY,False,0.4487600000000213,0.26247971,0.1862802900000214,-1.3017732027555837,Q4_FARTHEST
ASHOKLEY,ORB_50,2.0,2025-08-22,SELL,2025-08-22 09:30:00+05:30,2025-08-22 09:35:00+05:30,130.004965,130.979965,0.9749999999999944,128.054965,2.0,130.66958850974922,0.3749650000000031,1.7150350000000003,0.3845794871794926,1.759010256410267,2025-08-22 11:40:00+05:30,131.0454549825,STOP_LOSS,False,-1.0404899824999916,0.2610504199825,-1.3015404024824917,-0.6646235097492195,Q1_CLOSEST
ASHOKLEY,ORB_50,2.0,2025-08-26,SELL,2025-08-26 09:40:00+05:30,2025-08-26 09:45:00+05:30,129.95499,130.36499,0.4099999999999966,129.13499000000002,2.0,130.39664405041984,0.0049900000000207,2.4050100000000043,0.0121707317073676,5.865878048780547,2025-08-26 09:55:00+05:30,130.430172495,STOP_LOSS,False,-0.4751824949999843,0.260385162495,-0.7355676574949843,-0.4416540504198281,Q1_CLOSEST
ASHOKLEY,ORB_50,2.0,2025-08-28,SELL,2025-08-28 13:00:00+05:30,2025-08-28 13:05:00+05:30,130.12490499999998,130.949905,0.825000000000017,128.47490499999995,2.0,130.5695933600718,0.6449049999999943,0.2750950000000216,0.7817030303030073,0.3334484848485041,2025-08-28 15:25:00+05:30,129.8649,END_OF_DAY,False,0.2600049999999783,0.259989805,1.5194999978263011e-05,-0.4446883600718081,Q1_CLOSEST
ASHOKLEY,ORB_50,2.0,2025-08-29,SELL,2025-08-29 09:30:00+05:30,2025-08-29 09:35:00+05:30,128.845545,129.365545,0.5200000000000102,127.80554499999997,2.0,129.37276442578172,2.085544999999982,0.8544550000000015,4.010663461538348,1.643182692307663,2025-08-29 11:25:00+05:30,129.4302277725,STOP_LOSS,False,-0.5846827725000026,0.2582757727724999,-0.8429585452725026,-0.5272194257817375,Q1_CLOSEST
ASHOKLEY,ORB_50,2.0,2025-09-01,SELL,2025-09-01 09:50:00+05:30,2025-09-01 09:55:00+05:30,126.826555,127.446555,0.6200000000000045,125.586555,2.0,127.27208728875851,0.9765550000000048,1.683444999999992,1.575088709677415,2.715233870967709,2025-09-01 11:20:00+05:30,127.5102782775,STOP_LOSS,False,-0.6837232775000075,0.2543368332775,-0.9380601107775076,-0.44553228875851403,Q1_CLOSEST
ASHOKLEY,ORB_50,2.0,2025-09-01,BUY,2025-09-01 14:40:00+05:30,2025-09-01 14:45:00+05:30,128.32413,127.70413,0.6200000000000045,129.56413,2.0,127.19624521262688,0.0,0.6241299999999939,0.0,1.0066612903225634,2025-09-01 15:25:00+05:30,127.640277935,STOP_LOSS,False,-0.6838520650000106,0.255964407935,-0.9398164729350108,1.1278847873731195,Q3
ASHOKLEY,ORB_50,2.0,2025-09-02,BUY,2025-09-02 09:30:00+05:30,2025-09-02 09:35:00+05:30,129.414675,129.019675,0.3949999999999818,130.20467499999995,2.0,129.10290217374703,3.375325000000004,0.064674999999994,8.545126582278884,0.1637341772151823,2025-09-02 09:45:00+05:30,130.13957266249994,TARGET,False,0.7248976624999557,0.2595542476624999,0.4653434148374557,0.31177282625296243,Q1_CLOSEST
ASHOKLEY,ORB_50,2.0,2025-09-03,SELL,2025-09-03 10:15:00+05:30,2025-09-03 10:20:00+05:30,128.7356,130.5206,1.7849999999999966,125.1656,2.0,129.6502517489709,0.4355999999999937,1.6743999999999917,0.2440336134453751,0.9380392156862716,2025-09-03 15:25:00+05:30,130.275105,END_OF_DAY,False,-1.5395049999999912,0.259010705,-1.7985157049999914,-0.914651748970897,Q2
ASHOKLEY,ORB_50,2.0,2025-09-05,BUY,2025-09-05 11:25:00+05:30,2025-09-05 11:30:00+05:30,131.02548000000002,129.85048,1.1750000000000114,133.37548000000004,2.0,130.07593380556068,1.2045199999999738,0.5354800000000068,1.025123404255287,0.4557276595744695,2025-09-05 15:25:00+05:30,131.37428,END_OF_DAY,False,0.3487999999999829,0.26239976,0.0864002399999828,0.9495461944393355,Q2
ASHOKLEY,ORB_50,2.0,2025-09-08,BUY,2025-09-08 09:30:00+05:30,2025-09-08 09:35:00+05:30,134.28711,133.80211000000003,0.4849999999999852,135.25710999999998,2.0,133.6070405528672,3.912889999999976,0.127110000000016,8.067814432989888,0.2620824742268451,2025-09-08 09:35:00+05:30,135.18948144499998,TARGET,False,0.9023714449999716,0.269476591445,0.6328948535549715,0.6800694471328086,Q1_CLOSEST
ASHOKLEY,ORB_50,2.0,2025-09-09,SELL,2025-09-09 09:30:00+05:30,2025-09-09 09:35:00+05:30,136.35179,136.90179,0.5500000000000114,135.25178999999997,2.0,136.90909663380322,1.5317900000000009,0.938209999999998,2.7850727272726714,1.7058363636363247,2025-09-09 09:45:00+05:30,136.97024089500002,STOP_LOSS,False,-0.6184508950000236,0.273322030895,-0.8917729258950235,-0.557306633803222,Q1_CLOSEST
ASHOKLEY,ORB_50,2.0,2025-09-10,SELL,2025-09-10 12:00:00+05:30,2025-09-10 12:05:00+05:30,132.703615,134.19361500000002,1.490000000000009,129.723615,2.0,133.88851836217177,0.0,1.7463849999999752,0.0,1.172070469798634,2025-09-10 13:45:00+05:30,134.26071180750003,STOP_LOSS,False,-1.5570968075000169,0.2669643268075,-1.8240611343075168,-1.1849033621717524,Q3
ASHOKLEY,ORB_50,2.0,2025-09-11,SELL,2025-09-11 10:30:00+05:30,2025-09-11 10:35:00+05:30,133.45324000000002,133.96824000000004,0.5150000000000148,132.42324,2.0,134.15633959307456,1.1932400000000314,0.6567599999999914,2.3169708737864023,1.2752621359222769,2025-09-11 11:35:00+05:30,132.48945161999998,TARGET,False,0.9637883800000396,0.26594269162,0.6978456883800395,-0.7030995930745405,Q1_CLOSEST
ASHOKLEY,ORB_50,2.0,2025-09-12,BUY,2025-09-12 09:30:00+05:30,2025-09-12 09:35:00+05:30,134.297115,133.822115,0.4749999999999943,135.24711499999998,2.0,133.86847863293872,1.8428849999999957,0.5471149999999909,3.879757894736879,1.1518210526315735,2025-09-12 11:05:00+05:30,135.17949144249997,TARGET,False,0.8823764424999752,0.2694766064424999,0.6128998360574752,0.42863636706127295,Q1_CLOSEST
ASHOKLEY,ORB_50,2.0,2025-09-15,SELL,2025-09-15 10:55:00+05:30,2025-09-15 11:00:00+05:30,133.982975,134.927975,0.9449999999999932,132.09297500000002,2.0,135.01056873417576,0.7929750000000126,0.4170249999999953,0.8391269841270036,0.4412962962962945,2025-09-15 15:25:00+05:30,133.96695,END_OF_DAY,False,0.0160250000000132,0.267949925,-0.2519249249999867,-1.0275937341757526,Q3
ASHOKLEY,ORB_50,2.0,2025-09-16,BUY,2025-09-16 10:30:00+05:30,2025-09-16 10:35:00+05:30,135.61777500000002,135.02777500000002,0.5900000000000034,136.79777500000003,2.0,134.91528612883556,0.0,1.627775000000014,0.0,2.758940677966109,2025-09-16 10:40:00+05:30,134.9602611125,STOP_LOSS,False,-0.6575138875000164,0.2705780361125001,-0.9280919236125164,0.7024888711644621,Q1_CLOSEST
ASHOKLEY,ORB_50,2.0,2025-09-17,BUY,2025-09-17 10:50:00+05:30,2025-09-17 10:55:00+05:30,137.36865,136.25865,1.1100000000000136,139.58865000000003,2.0,136.68566468829715,0.4013500000000078,1.0086499999999887,0.3615765765765792,0.9086936936936724,2025-09-17 15:25:00+05:30,136.63164999999998,END_OF_DAY,False,-0.7370000000000232,0.2740003,-1.0110003000000232,0.6829853117028506,Q1_CLOSEST
ASHOKLEY,ORB_50,2.0,2025-09-18,SELL,2025-09-18 11:45:00+05:30,2025-09-18 11:50:00+05:30,136.081925,136.776925,0.6949999999999932,134.69192500000003,2.0,136.66924793453498,0.3619250000000136,3.4180749999999875,0.520755395683478,4.918093525179886,2025-09-18 13:25:00+05:30,136.8453134625,STOP_LOSS,False,-0.7633884624999894,0.2729272384625,-1.0363157009624897,-0.5873229345349671,Q1_CLOSEST
ASHOKLEY,ORB_50,2.0,2025-09-19,BUY,2025-09-19 10:10:00+05:30,2025-09-19 10:15:00+05:30,142.141035,140.886035,1.2549999999999957,144.65103499999998,2.0,140.88724306235554,0.4889650000000074,1.7410349999999823,0.3896135458167404,1.3872788844621424,2025-09-19 10:40:00+05:30,140.8155919825,STOP_LOSS,False,-1.3254430174999925,0.2829566269825,-1.6083996444824926,1.2537919376444506,Q3
ASHOKLEY,ORB_50,2.0,2025-09-22,BUY,2025-09-22 10:10:00+05:30,2025-09-22 10:15:00+05:30,141.65079,141.20578999999998,0.4450000000000216,142.54079000000004,2.0,141.15426579679007,0.0992099999999993,2.6407900000000097,0.2229438202247068,5.934359550561531,2025-09-22 10:45:00+05:30,141.13518710499997,STOP_LOSS,False,-0.5156028950000291,0.282785977105,-0.7983888721050291,0.49652420320992974,Q1_CLOSEST
ASHOKLEY,ORB_50,2.0,2025-09-22,SELL,2025-09-22 14:00:00+05:30,2025-09-22 14:05:00+05:30,140.419755,140.864755,0.4449999999999932,139.52975500000002,2.0,141.07342222432527,1.4097550000000183,0.2502449999999783,3.1679887640450337,0.5623483146067014,2025-09-22 14:40:00+05:30,139.59951987750003,TARGET,False,0.8202351224999802,0.2800192748775,0.5402158476224801,-0.653667224325261,Q1_CLOSEST
ASHOKLEY,ORB_50,2.0,2025-09-23,BUY,2025-09-23 14:25:00+05:30,2025-09-23 14:30:00+05:30,143.981955,141.811955,2.1699999999999875,148.32195499999995,2.0,143.056137923993,0.5180450000000008,0.5319550000000106,0.2387304147465455,0.245140552995398,2025-09-23 15:25:00+05:30,144.12789999999998,END_OF_DAY,False,0.1459449999999833,0.2881098549999999,-0.1421648550000166,0.9258170760070072,Q2
ASHOKLEY,ORB_50,2.0,2025-09-24,BUY,2025-09-24 09:50:00+05:30,2025-09-24 09:55:00+05:30,143.05149,141.60149,1.4499999999999886,145.95148999999998,2.0,141.34096181822142,0.938510000000008,1.3014900000000011,0.6472482758620796,0.8975793103448354,2025-09-24 15:25:00+05:30,141.929,END_OF_DAY,False,-1.122489999999999,0.28498049,-1.4074704899999992,1.7105281817785851,Q4_FARTHEST
ASHOKLEY,ORB_50,2.0,2025-09-25,SELL,2025-09-25 15:00:00+05:30,2025-09-25 15:05:00+05:30,140.42975,141.12475,0.6949999999999932,139.03975000000003,2.0,140.9565898248502,0.3297500000000184,0.2202499999999929,0.4744604316547074,0.3169064748201368,2025-09-25 15:25:00+05:30,140.17005,END_OF_DAY,False,0.2597000000000093,0.2805998,-0.0208997999999906,-0.5268398248501853,Q1_CLOSEST
ASHOKLEY,ORB_50,2.0,2025-09-26,BUY,2025-09-26 09:45:00+05:30,2025-09-26 09:50:00+05:30,142.121025,140.82602500000002,1.2949999999999875,144.71102499999998,2.0,141.2934249932418,0.878974999999997,1.0710249999999917,0.678745173745178,0.8270463320463336,2025-09-26 15:25:00+05:30,141.5292,END_OF_DAY,False,-0.591825,0.283650225,-0.875475225,0.827600006758189,Q2
ASHOKLEY,ORB_50,2.0,2025-09-29,BUY,2025-09-29 10:30:00+05:30,2025-09-29 10:35:00+05:30,144.17204999999998,143.17204999999998,1.0,146.17204999999998,2.0,143.47759790585323,0.0,2.842049999999972,0.0,2.842049999999972,2025-09-29 10:50:00+05:30,143.100463975,STOP_LOSS,False,-1.0715860249999878,0.287272513975,-1.358858538974988,0.6944520941467545,Q1_CLOSEST
ASHOKLEY,ORB_50,2.0,2025-09-29,SELL,2025-09-29 11:55:00+05:30,2025-09-29 12:00:00+05:30,141.86903,142.86903,1.0,139.86903,2.0,143.1254920160646,0.5390299999999968,1.400970000000001,0.5390299999999968,1.400970000000001,2025-09-29 13:10:00+05:30,142.940464515,STOP_LOSS,False,-1.0714345149999929,0.284809494515,-1.3562440095149928,-1.256462016064603,Q3
ASHOKLEY,ORB_50,2.0,2025-09-30,SELL,2025-09-30 11:30:00+05:30,2025-09-30 11:35:00+05:30,141.998965,142.64396499999998,0.6449999999999818,140.70896500000003,2.0,142.77274200144933,0.3689650000000029,1.5410349999999935,0.5720387596899431,2.3892015503876545,2025-09-30 14:15:00+05:30,142.71528698249998,STOP_LOSS,False,-0.7163219824999771,0.2847142519824999,-1.001036234482477,-0.7737770014493321,Q2
ASHOKLEY,ORB_50,2.0,2025-10-01,SELL,2025-10-01 09:35:00+05:30,2025-10-01 09:40:00+05:30,142.66863,143.16863,0.5,141.66863,2.0,143.3273050944202,1.868629999999996,0.3613699999999937,3.737259999999992,0.7227399999999875,2025-10-01 10:40:00+05:30,141.73946431500002,TARGET,False,0.9291656849999868,0.284408094315,0.6447575906849867,-0.6586750944202038,Q1_CLOSEST
ASHOKLEY,ORB_50,2.0,2025-10-03,SELL,2025-10-03 09:30:00+05:30,2025-10-03 09:35:00+05:30,139.26033500000003,141.05033500000002,1.789999999999992,135.68033500000004,2.0,140.44348909402547,1.1003350000000296,0.7196649999999636,0.6147122905028125,0.402047486033501,2025-10-03 15:25:00+05:30,139.80987000000002,END_OF_DAY,False,-0.5495349999999917,0.279070205,-0.8286052049999917,-1.18315409402544,Q3
ASHOKLEY,ORB_50,2.0,2025-10-06,SELL,2025-10-06 11:20:00+05:30,2025-10-06 11:25:00+05:30,138.23085,139.23085,1.0,136.23085,2.0,138.856369808969,0.7608500000000049,0.3691499999999905,0.7608500000000049,0.3691499999999905,2025-10-06 15:25:00+05:30,138.11902500000002,END_OF_DAY,False,0.1118249999999818,0.276349875,-0.1645248750000181,-0.6255198089689884,Q1_CLOSEST
ASHOKLEY,ORB_50,2.0,2025-10-07,BUY,2025-10-07 09:30:00+05:30,2025-10-07 09:35:00+05:30,139.019475,138.529475,0.4900000000000091,139.99947500000002,2.0,138.56449938560607,1.7205250000000092,0.0994750000000124,3.5112755102040354,0.2030102040816542,2025-10-07 09:55:00+05:30,139.9294752625,TARGET,False,0.910000262500006,0.2789489502625,0.6310513122375059,0.4549756143939305,Q1_CLOSEST
ASHOKLEY,ORB_50,2.0,2025-10-08,SELL,2025-10-08 10:25:00+05:30,2025-10-08 10:30:00+05:30,140.04994,140.69493999999997,0.6449999999999818,138.75994000000003,2.0,140.86552758954926,1.0499399999999923,0.4000599999999963,1.6278139534884062,0.6202480620155156,2025-10-08 15:25:00+05:30,139.07950499999998,END_OF_DAY,False,0.970435000000009,0.279129445,0.6913055550000091,-0.815587589549267,Q2
ASHOKLEY,ORB_50,2.0,2025-10-09,SELL,2025-10-09 09:30:00+05:30,2025-10-09 09:35:00+05:30,138.120905,138.89090499999998,0.7699999999999818,136.58090500000003,2.0,138.48734686961234,0.6909049999999866,0.8690950000000157,0.8972792207792245,1.1286948051948522,2025-10-09 15:25:00+05:30,138.96035045249997,STOP_LOSS,False,-0.839445452499973,0.2770812554524999,-1.116526707952473,-0.3664418696123448,Q1_CLOSEST
ASHOKLEY,ORB_50,2.0,2025-10-10,SELL,2025-10-10 10:05:00+05:30,2025-10-10 10:10:00+05:30,138.04094500000002,138.620945,0.5799999999999841,136.88094500000005,2.0,138.52468330132845,0.6409450000000163,0.4490549999999871,1.105077586206955,0.7742327586206886,2025-10-10 15:25:00+05:30,137.718825,END_OF_DAY,False,0.3221200000000124,0.27575977,0.0463602300000123,-0.48373830132842954,Q1_CLOSEST
ASHOKLEY,ORB_50,2.0,2025-10-13,BUY,2025-10-13 14:25:00+05:30,2025-10-13 14:30:00+05:30,137.55874500000002,136.663745,0.8950000000000102,139.34874500000004,2.0,136.73488916906368,0.431254999999993,0.4787450000000035,0.4818491620111599,0.5349106145251374,2025-10-13 15:25:00+05:30,137.61116,END_OF_DAY,False,0.0524149999999963,0.275169905,-0.2227549050000037,0.8238558309363384,Q2
ASHOKLEY,ORB_50,2.0,2025-10-14,SELL,2025-10-14 09:35:00+05:30,2025-10-14 09:40:00+05:30,137.10141499999995,137.63641499999997,0.5349999999999966,136.03141499999998,2.0,137.6681820439777,2.48141499999997,0.2185850000000186,4.638158878504647,0.4085700934579814,2025-10-14 10:55:00+05:30,136.09943070749998,TARGET,False,1.0019842924999978,0.2732008457075,0.7287834467924978,-0.5667670439777623,Q1_CLOSEST
ASHOKLEY,ORB_50,2.0,2025-10-15,BUY,2025-10-15 11:40:00+05:30,2025-10-15 11:45:00+05:30,136.48820999999998,135.91821,0.5699999999999932,137.62820999999997,2.0,135.84797392482926,0.0,1.0782099999999843,0.0,1.8915964912280652,2025-10-15 11:45:00+05:30,135.850250895,STOP_LOSS,False,-0.6379591049999931,0.2723384608949999,-0.910297565894993,0.6402360751707192,Q1_CLOSEST
ASHOKLEY,ORB_50,2.0,2025-10-17,SELL,2025-10-17 11:35:00+05:30,2025-10-17 11:40:00+05:30,135.27233,136.33733,1.0649999999999975,133.14233000000002,2.0,136.2040445033285,1.0623300000000029,0.8976699999999767,0.9974929577464836,0.8428826291079611,2025-10-17 15:25:00+05:30,134.56725,END_OF_DAY,False,0.7050800000000095,0.26983958,0.4352404200000094,-0.931714503328493,Q2
ASHOKLEY,ORB_50,2.0,2025-10-23,BUY,2025-10-23 09:30:00+05:30,2025-10-23 09:35:00+05:30,138.559245,137.839245,0.7199999999999989,139.999245,2.0,137.61031085084215,0.8907549999999844,1.0092449999999928,1.2371597222222026,1.401729166666659,2025-10-23 15:05:00+05:30,137.7703253775,STOP_LOSS,False,-0.7889196225000035,0.2763295703775,-1.0652491928775034,0.94893414915785,Q2
ASHOKLEY,ORB_50,2.0,2025-10-24,BUY,2025-10-24 09:40:00+05:30,2025-10-24 09:45:00+05:30,138.35914499999998,137.83414499999998,0.5250000000000057,139.409145,2.0,137.91119447353026,0.0008550000000298,2.5391449999999907,0.0016285714286281,4.836466666666596,2025-10-24 10:15:00+05:30,137.76522792749998,STOP_LOSS,False,-0.5939170725000054,0.2761243729275,-0.8700414454275054,0.4479505264697252,Q1_CLOSEST
ASHOKLEY,ORB_50,2.0,2025-10-24,SELL,2025-10-24 12:55:00+05:30,2025-10-24 13:00:00+05:30,136.95149,137.47649,0.5250000000000057,135.90149,2.0,137.64146398542425,1.1314900000000137,0.2785099999999829,2.1552190476190503,0.5304952380951998,2025-10-24 14:55:00+05:30,135.969440745,TARGET,False,0.982049255000021,0.2729209307449999,0.709128324255021,-0.6899739854242455,Q1_CLOSEST
ASHOKLEY,ORB_50,2.0,2025-10-27,BUY,2025-10-27 09:30:00+05:30,2025-10-27 09:35:00+05:30,138.419175,137.764175,0.6550000000000011,139.729175,2.0,137.93545131355486,2.770825000000002,0.1391749999999945,4.230267175572515,0.2124809160305255,2025-10-27 10:05:00+05:30,139.6593104125,TARGET,False,1.2401354124999957,0.2780784854124999,0.9620569270874956,0.4837236864451313,Q1_CLOSEST
ASHOKLEY,ORB_50,2.0,2025-10-28,BUY,2025-10-28 09:30:00+05:30,2025-10-28 09:35:00+05:30,142.01097,141.60097,0.4099999999999966,142.83096999999998,2.0,141.46761712932687,0.0290300000000058,3.490969999999976,0.0708048780487954,8.514560975609768,2025-10-28 09:40:00+05:30,141.53016951499998,STOP_LOSS,False,-0.4808004850000031,0.2835411395149999,-0.7643416245150031,0.5433528706731181,Q1_CLOSEST
ASHOKLEY,ORB_50,2.0,2025-10-28,SELL,2025-10-28 10:30:00+05:30,2025-10-28 10:35:00+05:30,140.26983,140.67983,0.4099999999999966,139.44983000000002,2.0,141.2825999353998,1.7498300000000029,0.2901699999999891,4.26787804878053,0.7077317073170526,2025-10-28 13:05:00+05:30,139.519554915,TARGET,False,0.7502750849999984,0.279789384915,0.4704857000849983,-1.0127699353997741,Q3
ASHOKLEY,ORB_50,2.0,2025-10-30,BUY,2025-10-30 12:05:00+05:30,2025-10-30 12:10:00+05:30,140.29011,139.69511,0.5949999999999989,141.48011,2.0,139.76814244435437,1.0098900000000128,0.4901099999999871,1.6972941176470837,0.8237142857142657,2025-10-30 15:25:00+05:30,140.7296,END_OF_DAY,False,0.4394900000000064,0.28101971,0.1584702900000063,0.5219675556456309,Q1_CLOSEST
ASHOKLEY,ORB_50,2.0,2025-10-31,BUY,2025-10-31 11:50:00+05:30,2025-10-31 11:55:00+05:30,143.52172499999998,142.29672499999998,1.2249999999999943,145.97172499999996,2.0,142.90413367656703,0.1182750000000112,2.271724999999975,0.0965510204081728,1.8544693877550904,2025-10-31 13:10:00+05:30,142.22557663749998,STOP_LOSS,False,-1.2961483624999914,0.2857473016374999,-1.5818956641374915,0.6175913234329471,Q1_CLOSEST
ASHOKLEY,ORB_50,2.0,2025-11-03,SELL,2025-11-03 10:30:00+05:30,2025-11-03 10:35:00+05:30,140.46973,141.34473,0.875,138.71973,2.0,141.83003520995968,0.9097299999999962,0.5302700000000016,1.0396914285714245,0.606022857142859,2025-11-03 15:25:00+05:30,140.059995,END_OF_DAY,False,0.4097349999999835,0.280529725,0.1292052749999835,-1.3603052099596766,Q4_FARTHEST
ASHOKLEY,ORB_50,2.0,2025-11-04,BUY,2025-11-04 10:10:00+05:30,2025-11-04 10:15:00+05:30,139.639785,138.944785,0.6949999999999932,141.02978499999998,2.0,138.9035971512691,1.1602150000000222,1.1697849999999903,1.669374100719473,1.683143884892089,2025-11-04 11:05:00+05:30,138.8753126075,STOP_LOSS,False,-0.7644723924999823,0.2785150976075,-1.0429874901074825,0.7361878487308786,Q2
ASHOKLEY,ORB_50,2.0,2025-11-07,BUY,2025-11-07 12:25:00+05:30,2025-11-07 12:30:00+05:30,141.2706,140.2256,1.045000000000016,143.36060000000003,2.0,140.10313787799996,0.3794000000000039,0.4705999999999903,0.363062200956936,0.450334928229649,2025-11-07 15:25:00+05:30,141.24934,END_OF_DAY,False,-0.0212600000000122,0.28251994,-0.3037799400000123,1.167462122000046,Q3
ASHOKLEY,ORB_50,2.0,2025-11-10,BUY,2025-11-10 09:50:00+05:30,2025-11-10 09:55:00+05:30,142.83138,142.27638,0.5550000000000068,143.94138,2.0,141.7403410451013,0.1886200000000144,1.1313800000000072,0.3398558558558777,2.0385225225225105,2025-11-10 10:00:00+05:30,142.20524181,STOP_LOSS,False,-0.626138190000006,0.28503662181,-0.911174811810006,1.0910389548986927,Q3
ASHOKLEY,ORB_50,2.0,2025-11-11,SELL,2025-11-11 10:00:00+05:30,2025-11-11 10:05:00+05:30,142.618655,143.38365499999998,0.7649999999999864,141.08865500000002,2.0,143.37055317666685,0.3686549999999897,4.161345000000011,0.4819019607843089,5.439666666666779,2025-11-11 12:55:00+05:30,143.45534682749997,STOP_LOSS,False,-0.8366918274999762,0.2860740018275,-1.1227658293274765,-0.751898176666856,Q2
ASHOKLEY,ORB_50,2.0,2025-11-12,SELL,2025-11-12 14:15:00+05:30,2025-11-12 14:20:00+05:30,143.40825999999998,144.95826,1.5500000000000114,140.30825999999996,2.0,145.15692456348782,1.6682599999999752,1.3717400000000168,1.0762967741935243,0.8849935483871011,2025-11-12 15:25:00+05:30,142.221075,END_OF_DAY,False,1.187184999999971,0.285629335,0.9015556649999712,-1.7486645634878357,Q4_FARTHEST
ASHOKLEY,ORB_50,2.0,2025-11-13,BUY,2025-11-13 12:05:00+05:30,2025-11-13 12:10:00+05:30,150.95543999999998,147.77043999999998,3.1850000000000023,157.32544,2.0,148.85957564194814,0.5045600000000263,1.545439999999985,0.1584175824175905,0.4852244897959133,2025-11-13 15:25:00+05:30,150.42475,END_OF_DAY,False,-0.5306899999999928,0.30138019,-0.8320701899999927,2.0958643580518412,Q4_FARTHEST
ASHOKLEY,ORB_50,2.0,2025-11-14,SELL,2025-11-14 10:30:00+05:30,2025-11-14 10:35:00+05:30,149.53519500000002,151.17519500000003,1.6400000000000148,146.255195,2.0,151.52131767881437,2.075195000000008,0.4648049999999841,1.265362804878042,0.283417682926817,2025-11-14 15:25:00+05:30,148.324125,END_OF_DAY,False,1.2110700000000063,0.29785932,0.9132106800000064,-1.986122678814354,Q4_FARTHEST
ASHOKLEY,ORB_50,2.0,2025-11-18,SELL,2025-11-18 10:30:00+05:30,2025-11-18 10:35:00+05:30,147.48622,148.41122,0.9250000000000114,145.63621999999998,2.0,147.99613232242316,0.4762200000000121,1.1437799999999925,0.5148324324324391,1.2365189189188956,2025-11-18 11:10:00+05:30,148.48542561000002,STOP_LOSS,False,-0.9992056100000184,0.29597164561,-1.2951772556100185,-0.5099123224231619,Q1_CLOSEST
ASHOKLEY,ORB_50,2.0,2025-11-19,SELL,2025-11-19 10:45:00+05:30,2025-11-19 10:50:00+05:30,145.42725,146.49224999999998,1.0649999999999975,143.29725,2.0,146.2578366456766,0.5272499999999809,0.272750000000002,0.4950704225351944,0.256103286384979,2025-11-19 15:25:00+05:30,145.53273000000002,END_OF_DAY,False,-0.1054800000000284,0.29095998,-0.3964399800000284,-0.8305866456766182,Q2
ASHOKLEY,ORB_50,2.0,2025-11-20,SELL,2025-11-20 09:40:00+05:30,2025-11-20 09:45:00+05:30,145.56717999999998,146.16217999999998,0.5949999999999989,144.37717999999998,2.0,146.14700280838758,0.7071799999999655,1.2828200000000152,1.1885378151259949,2.156000000000029,2025-11-20 11:25:00+05:30,146.23526108999997,STOP_LOSS,False,-0.6680810899999869,0.29180244109,-0.9598835310899868,-0.579822808387604,Q1_CLOSEST
ASHOKLEY,ORB_50,2.0,2025-11-21,SELL,2025-11-21 09:30:00+05:30,2025-11-21 09:35:00+05:30,144.77757499999998,145.56257499999998,0.7849999999999966,143.207575,2.0,145.37759968872743,0.9875749999999924,0.8724250000000211,1.2580573248407605,1.111369426751624,2025-11-21 09:50:00+05:30,145.63535628749997,STOP_LOSS,False,-0.8577812874999893,0.2904129312875,-1.1481942187874892,-0.6000246887274443,Q1_CLOSEST
ASHOKLEY,ORB_50,2.0,2025-11-24,BUY,2025-11-24 10:40:00+05:30,2025-11-24 10:45:00+05:30,145.922925,145.187925,0.7349999999999852,147.39292499999996,2.0,145.05196801309958,0.0,2.0229249999999865,0.0,2.752278911564663,2025-11-24 11:00:00+05:30,145.1153310375,STOP_LOSS,False,-0.8075939624999933,0.2910382560375,-1.0986322185374933,0.8709569869004099,Q2
ASHOKLEY,ORB_50,2.0,2025-11-25,BUY,2025-11-25 09:30:00+05:30,2025-11-25 09:35:00+05:30,147.57375,146.32875,1.2450000000000043,150.06375,2.0,147.01345184028463,1.3762499999999989,2.1937499999999943,1.105421686746983,1.7620481927710734,2025-11-25 11:45:00+05:30,146.25558562499998,STOP_LOSS,False,-1.3181643750000092,0.293829335625,-1.611993710625009,0.5602981597153587,Q1_CLOSEST
ASHOKLEY,ORB_50,2.0,2025-11-26,BUY,2025-11-26 11:15:00+05:30,2025-11-26 11:20:00+05:30,147.17355,146.24855000000002,0.924999999999983,149.02354999999997,2.0,146.18556848192557,2.576449999999994,0.1235499999999945,2.7853513513513963,0.133567567567564,2025-11-26 15:25:00+05:30,148.94903822499998,TARGET,False,1.7754882249999753,0.296122588225,1.4793656367749752,0.9879815180744345,Q3
ASHOKLEY,ORB_50,2.0,2025-11-27,BUY,2025-11-27 09:30:00+05:30,2025-11-27 09:35:00+05:30,155.727825,153.007825,2.719999999999999,161.167825,2.0,154.42851196355213,6.272175000000004,1.117824999999982,2.305946691176473,0.4109650735294053,2025-11-27 15:10:00+05:30,161.0872410875,TARGET,False,5.359416087499994,0.3168150660875,5.042601021412494,1.2993130364478702,Q3
ASHOKLEY,ORB_50,2.0,2025-12-01,BUY,2025-12-01 10:00:00+05:30,2025-12-01 10:05:00+05:30,158.91942,157.86442,1.0550000000000068,161.02942000000002,2.0,157.7229297886899,2.480580000000004,0.8594200000000001,2.351260663507097,0.8146161137440706,2025-12-01 11:35:00+05:30,160.94890529000003,TARGET,False,2.029485290000025,0.31986832529,1.709616964710025,1.1964902113101061,Q3
ASHOKLEY,ORB_50,2.0,2025-12-02,BUY,2025-12-02 09:30:00+05:30,2025-12-02 09:35:00+05:30,164.52222,162.14722,2.375,169.27222,2.0,162.98230251510677,0.0,4.942219999999992,0.0,2.0809347368421016,2025-12-02 09:50:00+05:30,162.06614639,STOP_LOSS,False,-2.456073610000004,0.32658836639,-2.7826619763900045,1.5399174848932375,Q4_FARTHEST
ASHOKLEY,ORB_50,2.0,2025-12-03,BUY,2025-12-03 12:40:00+05:30,2025-12-03 12:45:00+05:30,162.32112,161.07112,1.25,164.82112,2.0,161.3455980282226,0.8288799999999981,0.7911200000000065,0.6631039999999985,0.6328960000000052,2025-12-03 15:25:00+05:30,162.41875,END_OF_DAY,False,0.097629999999981,0.32473987,-0.2271098700000189,0.9755219717773969,Q2
ASHOKLEY,ORB_50,2.0,2025-12-04,BUY,2025-12-04 09:30:00+05:30,2025-12-04 09:35:00+05:30,163.18155,162.23154999999997,0.950000000000017,165.08155000000002,2.0,162.15339570296155,0.2984500000000025,3.331549999999993,0.3141578947368391,3.506894736842035,2025-12-04 09:45:00+05:30,162.15043422499997,STOP_LOSS,False,-1.0311157750000175,0.3253319842249999,-1.3564477592250177,1.0281542970384407,Q3
ASHOKLEY,ORB_50,2.0,2025-12-04,SELL,2025-12-04 13:25:00+05:30,2025-12-04 13:30:00+05:30,160.35978,161.30978,0.9499999999999886,158.45978000000002,2.0,161.96568588394544,0.5097800000000063,0.4902199999999936,0.5366105263158025,0.5160210526315785,2025-12-04 15:25:00+05:30,160.4802,END_OF_DAY,False,-0.1204199999999957,0.3208399799999999,-0.4412599799999957,-1.6059058839454394,Q4_FARTHEST
ASHOKLEY,ORB_50,2.0,2025-12-05,SELL,2025-12-05 09:35:00+05:30,2025-12-05 09:40:00+05:30,160.21985,160.67985,0.4599999999999795,159.29985000000005,2.0,160.7583311055971,0.7098500000000172,0.9501499999999794,1.5431521739131495,2.065543478260917,2025-12-05 10:05:00+05:30,160.760189925,STOP_LOSS,False,-0.5403399249999836,0.320980039925,-0.8613199649249836,-0.5384811055970999,Q1_CLOSEST
ASHOKLEY,ORB_50,2.0,2025-12-08,SELL,2025-12-08 11:15:00+05:30,2025-12-08 11:20:00+05:30,160.77957,161.74957,0.9699999999999988,158.83957,2.0,161.97845790764066,2.879570000000001,0.2304299999999841,2.9686288659793862,0.2375567010309117,2025-12-08 12:35:00+05:30,158.918989785,TARGET,False,1.8605802149999988,0.319698559785,1.5408816552149989,-1.1988879076406533,Q3
ASHOKLEY,ORB_50,2.0,2025-12-09,SELL,2025-12-09 09:35:00+05:30,2025-12-09 09:40:00+05:30,156.64164,157.81163999999998,1.1699999999999875,154.30164000000002,2.0,157.2206569630643,1.091639999999984,3.6483599999999967,0.9330256410256372,3.118256410256441,2025-12-09 10:40:00+05:30,157.89054581999997,STOP_LOSS,False,-1.248905819999976,0.31453218582,-1.5634380058199762,-0.579016963064305,Q1_CLOSEST
ASHOKLEY,ORB_50,2.0,2025-12-09,BUY,2025-12-09 14:10:00+05:30,2025-12-09 14:15:00+05:30,159.2796,158.1096,1.1699999999999875,161.61959999999996,2.0,157.7029707264076,1.0104000000000042,0.6295999999999822,0.8635897435897564,0.5381196581196487,2025-12-09 15:25:00+05:30,159.230345,END_OF_DAY,False,-0.049254999999988,0.318509945,-0.3677649449999881,1.5766292735923741,Q4_FARTHEST
ASHOKLEY,ORB_50,2.0,2025-12-10,SELL,2025-12-10 11:25:00+05:30,2025-12-10 11:30:00+05:30,158.590665,159.390665,0.8000000000000114,156.99066499999998,2.0,159.35134141642885,0.8306650000000104,0.6393349999999884,1.0383312499999984,0.7991687499999742,2025-12-10 15:25:00+05:30,157.928925,END_OF_DAY,False,0.6617400000000089,0.31651959,0.3452204100000088,-0.7606764164288506,Q2
ASHOKLEY,ORB_50,2.0,2025-12-11,BUY,2025-12-11 09:50:00+05:30,2025-12-11 09:55:00+05:30,159.09951,158.15451000000002,0.9449999999999932,160.98951,2.0,158.16668918149458,2.0904899999999884,0.2595100000000059,2.212158730158734,0.2746137566137648,2025-12-11 12:50:00+05:30,160.909015245,TARGET,False,1.8095052449999969,0.320008525245,1.4894967197549969,0.9328208185054336,Q2
ASHOKLEY,ORB_50,2.0,2025-12-12,BUY,2025-12-12 09:30:00+05:30,2025-12-12 09:35:00+05:30,163.48170000000002,162.00670000000002,1.4749999999999943,166.4317,2.0,162.9248773299413,1.378299999999996,0.7617000000000189,0.9344406779661024,0.5164067796610318,2025-12-12 15:25:00+05:30,163.75808,END_OF_DAY,False,0.2763799999999889,0.32723978,-0.050859780000011,0.5568226700587218,Q1_CLOSEST
ASHOKLEY,ORB_50,2.0,2025-12-15,SELL,2025-12-15 09:35:00+05:30,2025-12-15 09:40:00+05:30,162.928495,163.678495,0.75,161.428495,2.0,163.8284248205552,0.4184950000000071,4.211504999999988,0.5579933333333429,5.615339999999985,2025-12-15 10:25:00+05:30,163.7603342475,STOP_LOSS,False,-0.8318392474999996,0.3266888292475,-1.1585280767474997,-0.8999298205552009,Q2
ASHOKLEY,ORB_50,2.0,2025-12-16,BUY,2025-12-16 09:30:00+05:30,2025-12-16 09:35:00+05:30,168.314115,167.579115,0.7349999999999852,169.78411499999996,2.0,167.40401540344376,0.4258850000000223,1.874114999999989,0.5794353741497018,2.5498163265306486,2025-12-16 10:00:00+05:30,167.4953254425,STOP_LOSS,False,-0.818789557499997,0.3358094404425,-1.154598997942497,0.910099596556222,Q2
ASHOKLEY,ORB_50,2.0,2025-12-17,SELL,2025-12-17 12:00:00+05:30,2025-12-17 12:05:00+05:30,165.21735,166.19235,0.9749999999999944,163.26735000000002,2.0,166.12752172407784,0.1473500000000172,1.2226499999999874,0.1511282051282236,1.2539999999999945,2025-12-17 14:35:00+05:30,166.275446175,STOP_LOSS,False,-1.0580961750000029,0.331492796175,-1.389588971175003,-0.9101717240778271,Q2
ASHOKLEY,ORB_50,2.0,2025-12-18,BUY,2025-12-18 10:35:00+05:30,2025-12-18 10:40:00+05:30,167.553735,166.68873499999998,0.8650000000000091,169.283735,2.0,166.6722109163856,4.496265000000022,0.803734999999989,5.19799421965315,0.9291734104046018,2025-12-18 12:20:00+05:30,169.1990931325,TARGET,False,1.6453581325000073,0.3367528281325,1.3086053043675072,0.8815240836143801,Q2
ASHOKLEY,ORB_50,2.0,2025-12-19,BUY,2025-12-19 10:20:00+05:30,2025-12-19 10:25:00+05:30,173.176545,172.051545,1.125,175.426545,2.0,172.30423324098976,1.403455000000008,0.1765450000000044,1.2475155555555628,0.1569288888888927,2025-12-19 15:25:00+05:30,174.41275,END_OF_DAY,False,1.236204999999984,0.347589295,0.888615704999984,0.8723117590102447,Q2
ASHOKLEY,ORB_50,2.0,2025-12-22,BUY,2025-12-22 10:50:00+05:30,2025-12-22 10:55:00+05:30,177.718815,176.248815,1.4699999999999989,180.658815,2.0,177.03945716322914,0.0,1.7688150000000178,0.0,1.2032755102040946,2025-12-22 11:35:00+05:30,176.1606905925,STOP_LOSS,False,-1.558124407500003,0.3538795055925,-1.9120039130925028,0.6793578367708619,Q1_CLOSEST
ASHOKLEY,ORB_50,2.0,2025-12-23,BUY,2025-12-23 13:10:00+05:30,2025-12-23 13:15:00+05:30,177.59875499999998,176.638755,0.9599999999999796,179.51875499999994,2.0,176.65876847757,0.6012450000000058,0.5887549999999919,0.6262968750000194,0.613286458333338,2025-12-23 15:25:00+05:30,177.99096,END_OF_DAY,False,0.3922050000000183,0.355589715,0.0366152850000183,0.9399865224299901,Q2
ASHOKLEY,ORB_50,2.0,2025-12-24,SELL,2025-12-24 09:35:00+05:30,2025-12-24 09:40:00+05:30,176.81155,177.33655000000002,0.5250000000000057,175.76155,2.0,177.3995692940047,2.05155000000002,0.428449999999998,3.907714285714282,0.8160952380952254,2025-12-24 11:00:00+05:30,175.849430775,TARGET,False,0.9621192250000092,0.3526609807749999,0.6094582442250093,-0.5880192940046811,Q1_CLOSEST
ASHOKLEY,ORB_50,2.0,2025-12-26,SELL,2025-12-26 10:35:00+05:30,2025-12-26 10:40:00+05:30,174.29281,175.03781,0.7450000000000045,172.80281,2.0,175.09065568080868,1.022809999999993,0.9071899999999856,1.372899328859042,1.217704697986551,2025-12-26 15:15:00+05:30,175.125328905,STOP_LOSS,False,-0.8325189050000006,0.349418138905,-1.1819370439050003,-0.7978456808086776,Q2
ASHOKLEY,ORB_50,2.0,2025-12-29,SELL,2025-12-29 09:55:00+05:30,2025-12-29 10:00:00+05:30,173.99296,174.68296,0.6899999999999977,172.61296000000002,2.0,174.71211235848173,0.6129600000000153,2.0070399999999893,0.8883478260869816,2.9087536231884,2025-12-29 13:45:00+05:30,174.77030148,STOP_LOSS,False,-0.7773414799999898,0.34876326148,-1.1261047414799898,-0.7191523584817219,Q2
ASHOKLEY,ORB_50,2.0,2025-12-30,BUY,2025-12-30 10:00:00+05:30,2025-12-30 10:05:00+05:30,176.53822499999998,175.79322499999998,0.7450000000000045,178.028225,2.0,175.35097890769094,3.431775000000016,0.318224999999984,4.606409395973148,0.4271476510066873,2025-12-30 11:25:00+05:30,177.9392108875,TARGET,False,1.4009858875000134,0.3544774358874999,1.0465084516125134,1.1872460923090387,Q3
ASHOKLEY,ORB_50,2.0,2025-12-31,BUY,2025-12-31 12:15:00+05:30,2025-12-31 12:20:00+05:30,180.19005,178.54004999999998,1.6500000000000057,183.49005,2.0,179.1490937506165,0.0,1.4900499999999963,0.0,0.9030606060606008,2025-12-31 15:25:00+05:30,178.9105,END_OF_DAY,False,-1.279549999999972,0.35910055,-1.638650549999972,1.0409562493835267,Q3
ASHOKLEY,ORB_50,2.0,2026-01-01,BUY,2026-01-01 09:30:00+05:30,2026-01-01 09:35:00+05:30,182.281095,180.886095,1.3949999999999818,185.071095,2.0,181.29992121856344,3.278905000000009,0.3410949999999957,2.3504695340502164,0.2445125448028675,2026-01-01 13:05:00+05:30,184.97855945249995,TARGET,False,2.6974644524999576,0.3672596544525,2.3302047980474576,0.9811737814365529,Q2
ASHOKLEY,ORB_50,2.0,2026-01-02,BUY,2026-01-02 09:35:00+05:30,2026-01-02 09:40:00+05:30,187.93392,186.09392000000005,1.839999999999975,191.61391999999995,2.0,186.87901872361329,2.0660799999999995,1.4239200000000096,1.1228695652174063,0.773869565217407,2026-01-02 15:25:00+05:30,188.00595,END_OF_DAY,False,0.0720299999999838,0.37593987,-0.3039098700000162,1.0549012763867154,Q3
ASHOKLEY,ORB_50,2.0,2026-01-05,BUY,2026-01-05 09:30:00+05:30,2026-01-05 09:35:00+05:30,191.205555,189.285555,1.920000000000016,195.04555500000004,2.0,190.56663863675712,0.5444449999999961,5.155554999999993,0.2835651041666622,2.685184895833307,2026-01-05 10:40:00+05:30,189.1909122225,STOP_LOSS,False,-2.014642777500029,0.3803964672225,-2.395039244722529,0.6389163632428847,Q1_CLOSEST
ASHOKLEY,ORB_50,2.0,2026-01-05,SELL,2026-01-05 13:20:00+05:30,2026-01-05 13:25:00+05:30,187.04643,188.96643,1.920000000000016,183.20642999999995,2.0,189.45406944473945,0.9964299999999752,1.2635700000000156,0.5189739583333162,0.6581093750000027,2026-01-05 15:25:00+05:30,187.843875,END_OF_DAY,False,-0.7974450000000104,0.374890305,-1.1723353050000105,-2.407639444739459,Q4_FARTHEST
ASHOKLEY,ORB_50,2.0,2026-01-06,SELL,2026-01-06 12:20:00+05:30,2026-01-06 12:25:00+05:30,186.02694,187.54694,1.5200000000000102,182.98694,2.0,187.3855758540408,1.1069400000000087,1.3730600000000095,0.7282500000000008,0.9033289473684212,2026-01-06 15:25:00+05:30,186.323115,END_OF_DAY,False,-0.2961750000000052,0.372350055,-0.6685250550000053,-1.3586358540408128,Q4_FARTHEST
ASHOKLEY,ORB_50,2.0,2026-01-07,SELL,2026-01-07 09:40:00+05:30,2026-01-07 09:45:00+05:30,184.68761,185.48761,0.8000000000000114,183.08761,2.0,185.5157431695391,0.1276100000000042,2.142390000000006,0.159512500000003,2.6779874999999693,2026-01-07 09:55:00+05:30,185.580353805,STOP_LOSS,False,-0.8927438050000092,0.370267963805,-1.263011768805009,-0.8281331695390861,Q2
ASHOKLEY,ORB_50,2.0,2026-01-08,SELL,2026-01-08 11:25:00+05:30,2026-01-08 11:30:00+05:30,184.237835,185.087835,0.8499999999999943,182.53783500000003,2.0,185.0250127942172,0.2278350000000273,0.9121649999999876,0.2680411764706221,1.0731352941176395,2026-01-08 13:45:00+05:30,185.1803789175,STOP_LOSS,False,-0.9425439174999894,0.3694182139175,-1.3119621314174894,-0.7871777942172002,Q2
ASHOKLEY,ORB_50,2.0,2026-01-09,BUY,2026-01-09 09:45:00+05:30,2026-01-09 09:50:00+05:30,188.364135,186.569135,1.7949999999999875,191.954135,2.0,187.13003550576315,2.3958649999999864,0.914135000000016,1.334743732590531,0.5092674094707645,2026-01-09 15:25:00+05:30,188.00595,END_OF_DAY,False,-0.3581850000000202,0.376370085,-0.7345550850000202,1.2340994942368582,Q3
ASHOKLEY,ORB_50,2.0,2026-01-12,SELL,2026-01-12 09:40:00+05:30,2026-01-12 09:45:00+05:30,186.316795,187.711795,1.3950000000000102,183.526795,2.0,187.68505690154345,2.976794999999981,1.2432050000000174,2.1339032258064226,0.8911863799283214,2026-01-12 11:40:00+05:30,183.61855839749995,TARGET,False,2.698236602500032,0.3699353533975,2.328301249102532,-1.368261901543434,Q4_FARTHEST
ASHOKLEY,ORB_50,2.0,2026-01-13,SELL,2026-01-13 09:30:00+05:30,2026-01-13 09:35:00+05:30,185.907,186.85700000000003,0.950000000000017,184.007,2.0,186.53570034166265,1.8569999999999995,1.842999999999989,1.9547368421052276,1.939999999999954,2026-01-13 10:25:00+05:30,186.9504285,STOP_LOSS,False,-1.0434285000000043,0.3728574285,-1.416285928500005,-0.6287003416626362,Q1_CLOSEST
ASHOKLEY,ORB_50,2.0,2026-01-14,SELL,2026-01-14 09:45:00+05:30,2026-01-14 09:50:00+05:30,184.177865,184.902865,0.7249999999999943,182.727865,2.0,184.9007316066996,0.0,3.5121350000000007,0.0,4.844324137931073,2026-01-14 10:10:00+05:30,184.9953164325,STOP_LOSS,False,-0.8174514325000075,0.3691731814325,-1.1866246139325076,-0.722866606699597,Q2
ASHOKLEY,ORB_50,2.0,2026-01-14,BUY,2026-01-14 10:55:00+05:30,2026-01-14 11:00:00+05:30,186.022965,185.297965,0.7249999999999943,187.472965,2.0,185.0758585366029,1.6670349999999985,0.3229650000000106,2.299358620689671,0.4454689655172595,2026-01-14 11:35:00+05:30,187.3792285175,TARGET,False,1.3562635174999969,0.3734021935175,0.9828613239824968,0.9471064633970911,Q2
ASHOKLEY,ORB_50,2.0,2026-01-16,SELL,2026-01-16 09:55:00+05:30,2026-01-16 10:00:00+05:30,184.36777,185.34277,0.9749999999999944,182.41777,2.0,184.8970184940761,0.6177700000000073,2.2922299999999893,0.6336102564102676,2.351005128205131,2026-01-16 10:20:00+05:30,185.435441385,STOP_LOSS,False,-1.0676713849999828,0.369803211385,-1.4374745963849829,-0.5292484940760858,Q1_CLOSEST
ASHOKLEY,ORB_50,2.0,2026-01-16,SELL,2026-01-16 14:15:00+05:30,2026-01-16 14:20:00+05:30,184.32779,185.30279,0.9749999999999944,182.37779,2.0,185.0760392205947,0.5777899999999931,0.5922099999999944,0.5926051282051247,0.6073948717948695,2026-01-16 15:25:00+05:30,184.11201,END_OF_DAY,False,0.2157799999999952,0.3684398,-0.1526598000000047,-0.7482492205947153,Q2
ASHOKLEY,ORB_50,2.0,2026-01-19,BUY,2026-01-19 10:30:00+05:30,2026-01-19 10:35:00+05:30,185.43267,184.04267,1.3900000000000148,188.21267000000003,2.0,184.47380747435489,3.0673299999999983,0.4226700000000107,2.206712230215803,0.304079136690652,2026-01-19 13:50:00+05:30,188.11856366500004,TARGET,False,2.6858936650000373,0.373551233665,2.312342431335037,0.9588625256451166,Q2
ASHOKLEY,ORB_50,2.0,2026-01-20,SELL,2026-01-20 09:30:00+05:30,2026-01-20 09:35:00+05:30,187.12639,188.35139,1.2249999999999943,184.67639,2.0,188.12164983972568,7.626389999999986,0.2336100000000271,6.225624489795936,0.1907020408163496,2026-01-20 12:00:00+05:30,184.768728195,TARGET,False,2.357661804999992,0.371895118195,1.985766686804992,-0.9952598397256907,Q3
ASHOKLEY,ORB_50,2.0,2026-01-21,BUY,2026-01-21 09:30:00+05:30,2026-01-21 09:35:00+05:30,181.95093,180.46093,1.489999999999981,184.93093,2.0,180.7405252560553,1.249069999999989,5.120929999999987,0.8383020134228223,3.4368657718121165,2026-01-21 09:45:00+05:30,180.37069953500003,STOP_LOSS,False,-1.5802304649999712,0.3623216295350001,-1.9425520945349712,1.2104047439447072,Q3
ASHOKLEY,ORB_50,2.0,2026-01-21,BUY,2026-01-21 12:45:00+05:30,2026-01-21 12:50:00+05:30,182.8914,181.4014,1.489999999999981,185.8714,2.0,179.5530943861273,0.3085999999999842,2.9913999999999987,0.2071140939597236,2.0076510067114346,2026-01-21 13:40:00+05:30,181.3106993,STOP_LOSS,False,-1.5807006999999942,0.3642020992999999,-1.944902799299994,3.3383056138727056,Q4_FARTHEST
ASHOKLEY,ORB_50,2.0,2026-01-22,BUY,2026-01-22 09:45:00+05:30,2026-01-22 09:50:00+05:30,190.095,187.71,2.3850000000000198,194.86500000000004,2.0,188.40928198961703,1.3449999999999989,5.444999999999993,0.5639412997903513,2.283018867924507,2026-01-22 10:00:00+05:30,187.616145,STOP_LOSS,False,-2.47885500000001,0.3777111449999999,-2.85656614500001,1.6857180103829705,Q4_FARTHEST
ASHOKLEY,ORB_50,2.0,2026-01-23,BUY,2026-01-23 09:35:00+05:30,2026-01-23 09:40:00+05:30,194.79735,192.69735,2.0999999999999943,198.99735,2.0,193.4230690540113,4.4126500000000135,2.1073499999999967,2.101261904761917,1.0035000000000012,2026-01-23 10:25:00+05:30,198.897851325,TARGET,False,4.100501324999982,0.3936952013249999,3.706806123674982,1.374280945988687,Q4_FARTHEST
ASHOKLEY,ORB_50,2.0,2026-01-28,SELL,2026-01-28 10:05:00+05:30,2026-01-28 10:10:00+05:30,191.794055,193.964055,2.1699999999999875,187.454055,2.0,193.9022111798399,2.334054999999978,4.705945000000014,1.0756013824884754,2.168638248847945,2026-01-28 15:00:00+05:30,194.0610370275,STOP_LOSS,False,-2.266982027499978,0.3858550920274999,-2.652837119527478,-2.1081561798399093,Q4_FARTHEST
ASHOKLEY,ORB_50,2.0,2026-01-29,SELL,2026-01-29 12:55:00+05:30,2026-01-29 13:00:00+05:30,192.00395,193.89895,1.8950000000000105,188.21395,2.0,193.37986256197956,0.0,2.6960499999999854,0.0,1.4227176781002484,2026-01-29 13:35:00+05:30,193.995899475,STOP_LOSS,False,-1.9919494750000128,0.385999849475,-2.3779493244750127,-1.3759125619795611,Q4_FARTHEST
ASHOKLEY,ORB_50,2.0,2026-01-30,BUY,2026-01-30 10:30:00+05:30,2026-01-30 10:35:00+05:30,194.527215,193.337215,1.1899999999999975,196.907215,2.0,193.4255144253394,3.472784999999988,0.5272150000000124,2.9183067226890707,0.4430378151260617,2026-01-30 11:20:00+05:30,196.8087613925,TARGET,False,2.2815463924999904,0.3913359763925,1.8902104161074904,1.1017005746606117,Q3
ASHOKLEY,ORB_50,2.0,2026-02-01,SELL,2026-02-01 12:00:00+05:30,2026-02-01 12:05:00+05:30,193.893005,195.768005,1.875,190.143005,2.0,196.23926855052983,6.3930050000000165,1.6269949999999938,3.409602666666676,0.8677306666666633,2026-02-01 15:10:00+05:30,190.2380765025,TARGET,False,3.654928497500009,0.3841310815025,3.2707974159975093,-2.346263550529841,Q4_FARTHEST
ASHOKLEY,ORB_50,2.0,2026-02-02,SELL,2026-02-02 09:40:00+05:30,2026-02-02 09:45:00+05:30,186.9065,189.1465,2.240000000000009,182.4265,2.0,188.31634762273208,1.386499999999984,8.093500000000006,0.6189732142857046,3.6131696428571303,2026-02-02 11:40:00+05:30,189.24107325,STOP_LOSS,False,-2.3345732500000054,0.37614757325,-2.7107208232500053,-1.4098476227320873,Q4_FARTHEST
ASHOKLEY,ORB_50,2.0,2026-02-02,BUY,2026-02-02 14:20:00+05:30,2026-02-02 14:25:00+05:30,191.91591,189.67591,2.240000000000009,196.39591,2.0,188.58095724597004,3.0840900000000038,0.2559100000000001,1.3768258928571389,0.1142455357142852,2026-02-02 15:25:00+05:30,194.48271000000005,END_OF_DAY,False,2.566800000000029,0.3863986200000001,2.180401380000029,3.334952754029956,Q4_FARTHEST
ASHOKLEY,ORB_50,2.0,2026-02-03,SELL,2026-02-03 09:40:00+05:30,2026-02-03 09:45:00+05:30,198.050925,200.075925,2.0250000000000057,194.000925,2.0,199.9213866889884,2.0309249999999963,2.149074999999982,1.0029259259259211,1.0612716049382598,2026-02-03 13:45:00+05:30,200.1759629625,STOP_LOSS,False,-2.1250379625000164,0.3982268879625,-2.5232648504625166,-1.8704616889883994,Q4_FARTHEST
ASHOKLEY,ORB_50,2.0,2026-02-05,SELL,2026-02-05 10:05:00+05:30,2026-02-05 10:10:00+05:30,200.729585,201.659585,0.9300000000000068,198.869585,2.0,201.8096034870164,0.7295850000000144,1.650414999999981,0.7845000000000096,1.7746397849462032,2026-02-05 10:20:00+05:30,201.76041479250003,STOP_LOSS,False,-1.0308297925000147,0.4024899997925,-1.4333197922925147,-1.0800184870164173,Q3
ASHOKLEY,ORB_50,2.0,2026-02-06,SELL,2026-02-06 09:40:00+05:30,2026-02-06 09:45:00+05:30,199.450225,200.475225,1.0250000000000057,197.400225,2.0,200.3421518817541,0.1902250000000265,3.5497749999999826,0.1855853658536833,3.463195121951183,2026-02-06 09:45:00+05:30,200.5754626125,STOP_LOSS,False,-1.1252376125000012,0.4000256876125,-1.525263300112501,-0.8919268817541024,Q2
ASHOKLEY,ORB_50,2.0,2026-02-09,BUY,2026-02-09 10:30:00+05:30,2026-02-09 10:35:00+05:30,204.5022,202.9472,1.5550000000000068,207.61220000000003,2.0,202.68082844604203,1.8777999999999797,0.6922000000000139,1.2075884244372803,0.445144694533769,2026-02-09 15:25:00+05:30,205.4972,END_OF_DAY,False,0.994999999999976,0.4099994,0.5850005999999761,1.8213715539579596,Q4_FARTHEST
ASHOKLEY,ORB_50,2.0,2026-02-10,BUY,2026-02-10 09:30:00+05:30,2026-02-10 09:35:00+05:30,207.22356,206.28856,0.9350000000000024,209.09356,2.0,206.0788206251024,3.776440000000008,1.4435599999999909,4.038973262032084,1.5439144385026602,2026-02-10 10:05:00+05:30,206.18541572,STOP_LOSS,False,-1.0381442800000116,0.4134089757199999,-1.4515532557200117,1.144739374897597,Q3
ASHOKLEY,ORB_50,2.0,2026-02-11,BUY,2026-02-11 09:45:00+05:30,2026-02-11 09:50:00+05:30,212.7063,210.6313,2.0749999999999886,216.8563,2.0,211.5443776103509,2.7136999999999887,10.146299999999997,1.3078072289156644,4.8897831325301455,2026-02-11 13:40:00+05:30,210.52598435,STOP_LOSS,False,-2.180315649999983,0.42323228435,-2.603547934349983,1.1619223896491064,Q3
ASHOKLEY,ORB_50,2.0,2026-02-12,BUY,2026-02-12 09:35:00+05:30,2026-02-12 09:40:00+05:30,209.60475,207.52475,2.0800000000000125,213.76475,2.0,208.0308312130488,2.745249999999998,1.4747500000000002,1.3198317307692222,0.709014423076919,2026-02-12 15:25:00+05:30,210.8945,END_OF_DAY,False,1.289749999999998,0.42049925,0.869250749999998,1.5739187869511966,Q4_FARTHEST
ASHOKLEY,ORB_50,2.0,2026-02-13,SELL,2026-02-13 10:00:00+05:30,2026-02-13 10:05:00+05:30,207.706095,209.761095,2.055000000000007,203.596095,2.0,209.71036294893568,3.9060949999999934,0.1239050000000077,1.900776155717752,0.0602944038929475,2026-02-13 15:25:00+05:30,204.812355,END_OF_DAY,False,2.893740000000008,0.41251845,2.4812215500000083,-2.004267948935677,Q4_FARTHEST
ASHOKLEY,ORB_50,2.0,2026-02-16,BUY,2026-02-16 09:30:00+05:30,2026-02-16 09:35:00+05:30,206.78334,205.15334,1.6299999999999957,210.04334,2.0,205.5239570756232,0.0,3.7833400000000097,0.0,2.321067484662589,2026-02-16 10:00:00+05:30,205.05076333,STOP_LOSS,False,-1.732576669999986,0.4118341033300001,-2.144410773329986,1.2593829243768084,Q3
ASHOKLEY,ORB_50,2.0,2026-02-17,BUY,2026-02-17 13:00:00+05:30,2026-02-17 13:05:00+05:30,206.573235,205.348235,1.2249999999999943,209.023235,2.0,205.52576741281547,1.676764999999989,0.2132349999999974,1.3687877551020382,0.1740693877551007,2026-02-17 15:25:00+05:30,207.39625,END_OF_DAY,False,0.823014999999998,0.413969485,0.409045514999998,1.047467587184542,Q3
ASHOKLEY,ORB_50,2.0,2026-02-18,BUY,2026-02-18 10:20:00+05:30,2026-02-18 10:25:00+05:30,209.3046,208.3546,0.9499999999999886,211.2046,2.0,208.4317875286129,0.3454000000000121,2.0645999999999844,0.3635789473684382,2.1732631578947466,2026-02-18 11:00:00+05:30,208.2504227,STOP_LOSS,False,-1.054177299999992,0.4175550227,-1.471732322699992,0.8728124713871068,Q2
ASHOKLEY,ORB_50,2.0,2026-02-19,SELL,2026-02-19 09:50:00+05:30,2026-02-19 09:55:00+05:30,206.186855,207.141855,0.9550000000000124,204.27685499999995,2.0,207.258761443843,3.906854999999979,1.6931450000000154,4.090947643978982,1.7729267015706736,2026-02-19 10:50:00+05:30,207.2454259275,STOP_LOSS,False,-1.0585709275,0.4134322809274999,-1.4720032084275,-1.0719064438430053,Q3
ASHOKLEY,ORB_50,2.0,2026-02-20,BUY,2026-02-20 09:35:00+05:30,2026-02-20 09:40:00+05:30,204.812355,203.717355,1.0949999999999989,207.002355,2.0,203.4119914054316,4.547645000000017,0.3923550000000091,4.153100456621025,0.3583150684931593,2026-02-20 11:25:00+05:30,206.8988538225,TARGET,False,2.0864988225000047,0.4117112088225,1.6747876136775046,1.4003635945684039,Q4_FARTHEST
ASHOKLEY,ORB_50,2.0,2026-02-23,BUY,2026-02-23 09:50:00+05:30,2026-02-23 09:55:00+05:30,211.56573,210.48073,1.085000000000008,213.73573,2.0,210.46872483356088,0.1842699999999979,1.815730000000002,0.1698341013824853,1.6734838709677315,2026-02-23 10:45:00+05:30,210.375489635,STOP_LOSS,False,-1.190240364999994,0.421941219635,-1.612181584634994,1.0970051664391178,Q3
ASHOKLEY,ORB_50,2.0,2026-02-24,SELL,2026-02-24 13:45:00+05:30,2026-02-24 13:50:00+05:30,208.71559,209.63559,0.9199999999999876,206.87559,2.0,210.0678082824941,0.0155900000000031,2.0344100000000083,0.0169456521739166,2.2113152173913435,2026-02-24 14:00:00+05:30,209.740407795,STOP_LOSS,False,-1.02481779499999,0.418455997795,-1.44327379279499,-1.352218282494107,Q4_FARTHEST
ASHOKLEY,ORB_50,2.0,2026-02-25,BUY,2026-02-25 09:30:00+05:30,2026-02-25 09:35:00+05:30,211.60575,210.93075,0.6750000000000114,212.95575,2.0,210.8765734389031,2.094249999999988,1.765749999999997,3.102592592592522,2.6159259259258776,2026-02-25 09:40:00+05:30,212.84927212500003,TARGET,False,1.2435221250000268,0.424455022125,0.8190671028750267,0.7291765610968923,Q2
ASHOKLEY,ORB_50,2.0,2026-02-26,SELL,2026-02-26 11:40:00+05:30,2026-02-26 11:45:00+05:30,210.824535,211.719535,0.8950000000000102,209.034535,2.0,211.83653167737103,0.5045350000000042,1.4054649999999924,0.5637262569832384,1.570351955307236,2026-02-26 14:15:00+05:30,211.8253947675,STOP_LOSS,False,-1.0008597675000033,0.4226499297675,-1.4235096972675032,-1.0119966773710303,Q3
ASHOKLEY,ORB_50,2.0,2026-02-27,SELL,2026-02-27 09:45:00+05:30,2026-02-27 09:50:00+05:30,211.284305,212.534305,1.25,208.784305,2.0,212.5295312342947,0.8643050000000017,1.8856949999999983,0.6914440000000013,1.508555999999999,2026-02-27 12:25:00+05:30,212.6405721525,STOP_LOSS,False,-1.3562671525000098,0.4239248771525,-1.7801920296525098,-1.2452262342947051,Q3
ASHOKLEY,ORB_50,2.0,2026-03-02,BUY,2026-03-02 09:40:00+05:30,2026-03-02 09:45:00+05:30,212.48619,206.91119,5.574999999999989,223.63619,2.0,210.4951839708136,0.393810000000002,6.37618999999998,0.070638565022422,1.1437112107623306,2026-03-02 12:35:00+05:30,206.807734405,STOP_LOSS,False,-5.678455595000003,0.419293924405,-6.097749519405003,1.9910060291863942,Q4_FARTHEST
ASHOKLEY,ORB_50,2.0,2026-03-04,SELL,2026-03-04 10:45:00+05:30,2026-03-04 10:50:00+05:30,201.489205,204.044205,2.555000000000007,196.379205,2.0,203.5136783829601,4.349205000000012,0.5907950000000142,1.702232876712329,0.2312309197651712,2026-03-04 15:25:00+05:30,199.0995,END_OF_DAY,False,2.389704999999992,0.400588705,1.989116294999992,-2.0244733829601103,Q4_FARTHEST
ASHOKLEY,ORB_50,2.0,2026-03-05,SELL,2026-03-05 10:00:00+05:30,2026-03-05 10:05:00+05:30,200.929485,202.209485,1.2800000000000011,198.369485,2.0,201.99718157746943,3.989485000000002,3.060515000000009,3.116785156249999,2.391027343750005,2026-03-05 11:35:00+05:30,198.4686697425,TARGET,False,2.460815257500002,0.3993981547424999,2.061417102757502,-1.0676965774694338,Q3
ASHOKLEY,ORB_50,2.0,2026-03-06,SELL,2026-03-06 10:30:00+05:30,2026-03-06 10:35:00+05:30,200.17986,201.26986,1.0900000000000034,197.99986,2.0,200.8335631587158,6.059859999999986,0.1601400000000126,5.559504587155933,0.1469174311926716,2026-03-06 11:20:00+05:30,198.09885993,TARGET,False,2.081000070000016,0.3982787199299999,1.682721350070016,-0.653703158715814,Q1_CLOSEST
ASHOKLEY,ORB_50,2.0,2026-03-11,BUY,2026-03-11 09:50:00+05:30,2026-03-11 09:55:00+05:30,195.307605,194.202605,1.1049999999999898,197.517605,2.0,194.01869842936108,0.002395000000007,11.427605,0.002167420814486,10.341723981900548,2026-03-11 10:05:00+05:30,194.1055036975,STOP_LOSS,False,-1.2021013024999831,0.3894131086975,-1.5915144111974833,1.2889065706389147,Q3
ASHOKLEY,ORB_50,2.0,2026-03-12,SELL,2026-03-12 10:50:00+05:30,2026-03-12 10:55:00+05:30,177.93099,181.06599,3.134999999999991,171.66099000000003,2.0,179.58374349281868,0.9209900000000176,3.0590100000000007,0.2937767145135631,0.9757607655502424,2026-03-12 15:25:00+05:30,178.089,END_OF_DAY,False,-0.1580099999999902,0.35601999,-0.5140299899999903,-1.6527534928186753,Q4_FARTHEST
ASHOKLEY,ORB_50,2.0,2026-03-13,SELL,2026-03-13 09:45:00+05:30,2026-03-13 09:50:00+05:30,173.45323,174.75322999999997,1.299999999999983,170.85323000000002,2.0,174.56526070996586,4.043229999999994,0.0867700000000013,3.11017692307696,0.0667461538461557,2026-03-13 10:20:00+05:30,170.938656615,TARGET,False,2.514573384999977,0.344391886615,2.170181498384977,-1.1120307099658646,Q3
ASHOKLEY,ORB_50,2.0,2026-03-16,BUY,2026-03-16 09:30:00+05:30,2026-03-16 09:35:00+05:30,173.09650499999998,171.26650499999997,1.8300000000000125,176.756505,2.0,170.7478405838098,1.8034950000000265,3.3865049999999712,0.9855163934426306,1.8505491803278404,2026-03-16 10:15:00+05:30,171.18087174749996,STOP_LOSS,False,-1.9156332525000157,0.3442773767475,-2.259910629247515,2.3486644161901893,Q4_FARTHEST
ASHOKLEY,ORB_50,2.0,2026-03-17,BUY,2026-03-17 10:05:00+05:30,2026-03-17 10:10:00+05:30,175.337625,173.887625,1.4499999999999886,178.23762499999998,2.0,173.7302245244713,1.2623749999999916,1.607625000000013,0.8706034482758631,1.1087068965517417,2026-03-17 11:55:00+05:30,173.8006811875,STOP_LOSS,False,-1.5369438124999988,0.3491383061875,-1.8860821186874988,1.6074004755286921,Q4_FARTHEST
ASHOKLEY,ORB_50,2.0,2026-03-18,BUY,2026-03-18 09:30:00+05:30,2026-03-18 09:35:00+05:30,179.679795,177.819795,1.8600000000000136,183.39979500000004,2.0,178.3793553130672,0.3302049999999781,2.189795000000004,0.17752956989246,1.1773091397849396,2026-03-18 10:00:00+05:30,177.7308851025,STOP_LOSS,False,-1.948909897500016,0.3574106801025,-2.306320577602516,1.3004396869328048,Q4_FARTHEST
ASHOKLEY,ORB_50,2.0,2026-03-19,SELL,2026-03-19 12:05:00+05:30,2026-03-19 12:10:00+05:30,171.08441499999998,173.42941499999998,2.344999999999999,166.39441499999998,2.0,172.5164058025006,3.194414999999992,0.8755850000000294,1.3622238805970124,0.3733837953091811,2026-03-19 15:25:00+05:30,169.6848,END_OF_DAY,False,1.399614999999983,0.3407692149999999,1.058845784999983,-1.4319908025006214,Q4_FARTHEST
ASHOKLEY,ORB_50,2.0,2026-03-20,SELL,2026-03-20 09:50:00+05:30,2026-03-20 09:55:00+05:30,170.324795,171.394795,1.0699999999999932,168.184795,2.0,171.37780596899665,3.994794999999982,0.325205000000011,3.733453271028045,0.3039299065420683,2026-03-20 10:20:00+05:30,168.2688873975,TARGET,False,2.0559076024999854,0.3385936823975,1.7173139201024854,-1.0530109689966594,Q3
ASHOKLEY,ORB_50,2.0,2026-03-23,SELL,2026-03-23 09:45:00+05:30,2026-03-23 09:50:00+05:30,163.58816499999998,165.223165,1.635000000000019,160.31816499999994,2.0,164.80173193234003,2.6781649999999786,0.2718350000000384,1.6380214067277965,0.166259938837942,2026-03-23 15:25:00+05:30,162.081,END_OF_DAY,False,1.5071649999999863,0.325669165,1.1814958349999864,-1.2135669323400577,Q3
ASHOKLEY,ORB_50,2.0,2026-03-24,SELL,2026-03-24 10:00:00+05:30,2026-03-24 10:05:00+05:30,163.108405,164.553405,1.4449999999999932,160.21840500000002,2.0,164.68845713834943,0.8084049999999934,4.901594999999986,0.5594498269896174,3.3921072664359926,2026-03-24 12:20:00+05:30,164.6356817025,STOP_LOSS,False,-1.5272767024999894,0.3277440867025,-1.8550207892024893,-1.58005213834943,Q4_FARTHEST
ASHOKLEY,ORB_50,2.0,2026-03-24,BUY,2026-03-24 14:05:00+05:30,2026-03-24 14:10:00+05:30,166.82337,165.37837000000002,1.4449999999999932,169.71337,2.0,165.13326802157337,1.0166299999999922,0.5733700000000113,0.7035501730103785,0.3967958477508747,2026-03-24 15:25:00+05:30,167.35628,END_OF_DAY,False,0.5329099999999869,0.33417965,0.1987303499999868,1.6901019784266396,Q4_FARTHEST
ASHOKLEY,ORB_50,2.0,2026-03-25,BUY,2026-03-25 14:00:00+05:30,2026-03-25 14:05:00+05:30,172.84637999999998,171.55138,1.2949999999999875,175.43637999999996,2.0,171.61532678533726,0.0,2.246379999999988,0.0,1.734656370656378,2026-03-25 14:20:00+05:30,171.46560431,STOP_LOSS,False,-1.3807756899999788,0.34431198431,-1.7250876743099788,1.2310532146627224,Q3
ASHOKLEY,ORB_50,2.0,2026-03-27,SELL,2026-03-27 09:35:00+05:30,2026-03-27 09:40:00+05:30,166.486715,168.291715,1.8050000000000068,162.876715,2.0,167.1206379119587,3.6367150000000095,0.0832849999999894,2.014800554016618,0.0461412742382211,2026-03-27 15:00:00+05:30,162.95815335749998,TARGET,False,3.528561642500023,0.3294448683575,3.1991167741425226,-0.633922911958706,Q1_CLOSEST
ASHOKLEY,ORB_50,2.0,2026-03-30,SELL,2026-03-30 10:30:00+05:30,2026-03-30 10:35:00+05:30,157.50121,158.86621000000002,1.365000000000009,154.77121,2.0,158.98992669077418,3.941210000000012,0.4887899999999945,2.887333333333323,0.3580879120879057,2026-03-30 14:35:00+05:30,154.848595605,TARGET,False,2.652614395000029,0.312349805605,2.340264589395029,-1.488716690774197,Q4_FARTHEST
ASHOKLEY,ORB_50,2.0,2026-04-01,SELL,2026-04-01 14:10:00+05:30,2026-04-01 14:15:00+05:30,154.00296,158.35796,4.35499999999999,145.29296000000002,2.0,156.55233916393345,6.002960000000002,0.1170400000000029,1.3784064293915077,0.0268748564867975,2026-04-01 15:25:00+05:30,148.6743,END_OF_DAY,False,5.3286600000000135,0.30267726,5.025982740000013,-2.5493791639334518,Q4_FARTHEST
ASHOKLEY,ORB_50,2.0,2026-04-02,SELL,2026-04-02 09:50:00+05:30,2026-04-02 09:55:00+05:30,144.837545,146.062545,1.2249999999999943,142.38754500000002,2.0,146.0811222921682,1.7075450000000103,4.302454999999981,1.3939142857143003,3.5122081632653064,2026-04-02 13:25:00+05:30,146.1355762725,STOP_LOSS,False,-1.2980312724999976,0.2909731212725,-1.5890043937724976,-1.2435772921681973,Q3
ASHOKLEY,ORB_50,2.0,2026-04-02,BUY,2026-04-02 14:50:00+05:30,2026-04-02 14:55:00+05:30,147.883905,146.658905,1.2249999999999943,150.333905,2.0,145.52546159230948,1.2560949999999875,0.5339050000000043,1.0253836734693824,0.4358408163265361,2026-04-02 15:25:00+05:30,148.32580000000002,END_OF_DAY,False,0.4418950000000166,0.296209705,0.1456852950000166,2.3584434076905154,Q4_FARTHEST
ASHOKLEY,ORB_50,2.0,2026-04-06,BUY,2026-04-06 14:30:00+05:30,2026-04-06 14:35:00+05:30,150.15504,147.78004,2.375,154.90504,2.0,148.16560462970816,1.3649599999999964,0.3250400000000013,0.5747199999999985,0.1368589473684216,2026-04-06 15:25:00+05:30,150.62465,END_OF_DAY,False,0.4696099999999887,0.30077969,0.1688303099999887,1.989435370291858,Q4_FARTHEST
ASHOKLEY,ORB_50,2.0,2026-04-07,BUY,2026-04-07 10:40:00+05:30,2026-04-07 10:45:00+05:30,150.225075,148.25507499999998,1.9700000000000275,154.16507500000006,2.0,148.64952423422628,3.2249249999999847,0.9250749999999924,1.6370177664974317,0.4695812182741014,2026-04-07 15:25:00+05:30,152.38377,END_OF_DAY,False,2.1586949999999945,0.3026088449999999,1.8560861549999943,1.5755507657737269,Q4_FARTHEST
ASHOKLEY,ORB_50,2.0,2026-04-08,BUY,2026-04-08 09:30:00+05:30,2026-04-08 09:35:00+05:30,166.82337,165.09837000000002,1.7249999999999943,170.27337,2.0,165.97423774183244,6.336629999999985,0.0833700000000021,3.6734086956521774,0.0483304347826101,2026-04-08 09:50:00+05:30,170.188233315,TARGET,False,3.36486331499998,0.337011603315,3.0278517116849795,0.8491322581675718,Q2
ASHOKLEY,ORB_50,2.0,2026-04-09,BUY,2026-04-09 09:30:00+05:30,2026-04-09 09:35:00+05:30,173.58675,171.81175000000002,1.7749999999999773,177.13674999999995,2.0,172.64813811229698,0.0032500000000084,4.576750000000004,0.0018309859154977,2.5784507042253875,2026-04-09 09:45:00+05:30,171.725844125,STOP_LOSS,False,-1.860905874999986,0.345312594125,-2.206218469124986,0.9386118877030185,Q2
ASHOKLEY,ORB_50,2.0,2026-04-09,SELL,2026-04-09 13:40:00+05:30,2026-04-09 13:45:00+05:30,169.67512,171.45011999999997,1.7749999999999773,166.12512000000004,2.0,171.68748955865797,0.6651200000000017,1.1248800000000188,0.3747154929577522,0.6337352112676243,2026-04-09 15:25:00+05:30,170.58525,END_OF_DAY,False,-0.9101300000000094,0.34026037,-1.2503903700000094,-2.01236955865798,Q4_FARTHEST
ASHOKLEY,ORB_50,2.0,2026-04-10,BUY,2026-04-10 09:35:00+05:30,2026-04-10 09:40:00+05:30,175.417665,173.83766500000002,1.579999999999984,178.57766499999997,2.0,174.74183332299725,2.962334999999996,0.7576650000000029,1.8748955696202692,0.4795348101265889,2026-04-10 15:25:00+05:30,177.901005,END_OF_DAY,False,2.4833399999999983,0.35331867,2.130021329999998,0.6758316770027477,Q1_CLOSEST
ASHOKLEY,ORB_50,2.0,2026-04-15,BUY,2026-04-15 10:40:00+05:30,2026-04-15 10:45:00+05:30,178.80936,177.31436,1.4950000000000043,181.79936,2.0,177.71452228195056,0.2806400000000053,3.809359999999998,0.1877190635451535,2.548066889632098,2026-04-15 11:55:00+05:30,177.22570281999998,STOP_LOSS,False,-1.5836571800000172,0.35603506282,-1.9396922428200167,1.0948377180494333,Q3
ASHOKLEY,ORB_50,2.0,2026-04-16,SELL,2026-04-16 09:50:00+05:30,2026-04-16 09:55:00+05:30,175.45223,176.61722999999998,1.164999999999992,173.12223,2.0,176.5128696495157,0.7022299999999859,1.797770000000014,0.6027725321888332,1.5431502145922973,2026-04-16 10:50:00+05:30,176.70553861499997,STOP_LOSS,False,-1.2533086149999804,0.352157768615,-1.6054663836149805,-1.060639649515707,Q3
ASHOKLEY,ORB_50,2.0,2026-04-17,SELL,2026-04-17 11:55:00+05:30,2026-04-17 12:00:00+05:30,174.1129,175.6779,1.5649999999999975,170.9829,2.0,175.24012270010414,0.9429000000000088,1.1271000000000129,0.6024920127795592,0.7201916932907441,2026-04-17 15:25:00+05:30,174.78734999999998,END_OF_DAY,False,-0.6744499999999789,0.3489002499999999,-1.023350249999979,-1.1272227001041415,Q3
ASHOKLEY,ORB_50,2.0,2026-04-20,SELL,2026-04-20 09:40:00+05:30,2026-04-20 09:45:00+05:30,172.85353,174.25353,1.4000000000000057,170.05353,2.0,174.5995810163862,0.0635300000000143,4.586469999999991,0.0453785714285814,3.2760499999999806,2026-04-20 10:05:00+05:30,174.340656765,STOP_LOSS,False,-1.4871267649999993,0.347194186765,-1.8343209517649992,-1.7460510163861898,Q4_FARTHEST
ASHOKLEY,ORB_50,2.0,2026-04-20,BUY,2026-04-20 11:55:00+05:30,2026-04-20 12:00:00+05:30,176.22806999999997,174.82806999999997,1.4000000000000057,179.02807,2.0,174.8444993271444,1.2119300000000237,1.188069999999982,0.8656642857142991,0.8486214285714122,2026-04-20 15:25:00+05:30,175.29231,END_OF_DAY,False,-0.9357599999999876,0.3515203799999999,-1.2872803799999877,1.3835706728555692,Q4_FARTHEST
ASHOKLEY,ORB_50,2.0,2026-04-21,BUY,2026-04-21 09:55:00+05:30,2026-04-21 10:00:00+05:30,178.64928,177.48928,1.1599999999999966,180.96928,2.0,177.73886755086676,0.2307199999999909,2.249279999999999,0.1988965517241307,1.9390344827586252,2026-04-21 11:35:00+05:30,177.40053536000002,STOP_LOSS,False,-1.248744639999984,0.35604981536,-1.604794455359984,0.910412449133247,Q2
ASHOKLEY,ORB_50,2.0,2026-04-22,BUY,2026-04-22 10:40:00+05:30,2026-04-22 10:45:00+05:30,177.298605,176.563605,0.7350000000000136,178.76860500000004,2.0,176.53980952439977,4.091394999999977,0.1586050000000227,5.566523809523675,0.2157891156462854,2026-04-22 11:40:00+05:30,178.67922069750003,TARGET,False,1.3806156975000192,0.3559778256975001,1.024637871802519,0.7587954756002375,Q2
ASHOKLEY,ORB_50,2.0,2026-04-23,SELL,2026-04-23 09:40:00+05:30,2026-04-23 09:45:00+05:30,172.55368,174.94867999999997,2.394999999999982,167.76368000000002,2.0,174.09237522136246,3.3036799999999857,1.3663200000000018,1.3794070981210902,0.5704885177453077,2026-04-23 15:25:00+05:30,170.70531,END_OF_DAY,False,1.8483699999999883,0.34325899,1.5051110099999885,-1.5386952213624454,Q4_FARTHEST
ASHOKLEY,ORB_50,2.0,2026-04-24,SELL,2026-04-24 09:30:00+05:30,2026-04-24 09:35:00+05:30,169.59516,170.79515999999998,1.1999999999999886,167.19516000000002,2.0,170.45463815904597,1.2251599999999885,0.7848400000000026,1.0209666666666666,0.6540333333333417,2026-04-24 15:25:00+05:30,170.18505,END_OF_DAY,False,-0.5898899999999969,0.33978021,-0.9296702099999968,-0.8594781590459775,Q2
ASHOKLEY,ORB_50,2.0,2026-04-27,SELL,2026-04-27 09:35:00+05:30,2026-04-27 09:40:00+05:30,168.145885,169.590885,1.4450000000000216,165.25588499999995,2.0,169.51342549342488,0.0758849999999995,2.5941150000000164,0.0525155709342549,1.7952352941176315,2026-04-27 09:55:00+05:30,169.6756804425,STOP_LOSS,False,-1.529795442500017,0.3378215654425,-1.8676170079425167,-1.3675404934248832,Q4_FARTHEST
ASHOKLEY,ORB_50,2.0,2026-04-28,BUY,2026-04-28 09:50:00+05:30,2026-04-28 09:55:00+05:30,171.435675,169.935675,1.5,174.435675,2.0,170.74708106011488,0.5743249999999875,4.4256750000000125,0.382883333333325,2.9504500000000085,2026-04-28 11:25:00+05:30,169.85070716250002,STOP_LOSS,False,-1.5849678374999885,0.3412863821625,-1.9262542196624883,0.6885939398851235,Q1_CLOSEST
ASHOKLEY,ORB_50,2.0,2026-04-28,SELL,2026-04-28 12:50:00+05:30,2026-04-28 12:55:00+05:30,168.13589,169.63589,1.5,165.13589,2.0,170.0837818283988,1.1258899999999985,0.5041099999999972,0.7505933333333322,0.3360733333333314,2026-04-28 15:25:00+05:30,167.82387,END_OF_DAY,False,0.3120199999999897,0.3359597599999999,-0.0239397600000101,-1.9478918283988094,Q4_FARTHEST
ASHOKLEY,ORB_50,2.0,2026-04-29,SELL,2026-04-29 11:20:00+05:30,2026-04-29 11:25:00+05:30,166.666625,167.90662500000002,1.240000000000009,164.186625,2.0,167.97073499131614,1.5566249999999968,0.1933750000000031,1.255342741935472,0.1559475806451627,2026-04-29 15:25:00+05:30,165.8829,END_OF_DAY,False,0.783725000000004,0.332549525,0.451175475000004,-1.3041099913161247,Q4_FARTHEST
ASHOKLEY,ORB_50,2.0,2026-04-30,SELL,2026-04-30 09:35:00+05:30,2026-04-30 09:40:00+05:30,162.75858,163.57358,0.8149999999999977,161.12858,2.0,163.4314178547941,2.498580000000004,1.0914199999999994,3.065742331288357,1.339165644171782,2026-04-30 09:40:00+05:30,163.65536679,STOP_LOSS,False,-0.8967867899999931,0.3264139467899999,-1.223200736789993,-0.6728378547940963,Q1_CLOSEST
ASHOKLEY,ORB_50,2.0,2026-05-04,BUY,2026-05-04 09:35:00+05:30,2026-05-04 09:40:00+05:30,163.631775,161.86177500000002,1.7699999999999818,167.17177499999997,2.0,161.53372665133276,0.4182250000000067,4.53177500000001,0.2362853107344695,2.5603248587570944,2026-05-04 10:25:00+05:30,161.78084411250003,STOP_LOSS,False,-1.8509308874999704,0.3254126191125,-2.1763435066124703,2.0980483486672483,Q4_FARTHEST
ASHOKLEY,ORB_50,2.0,2026-05-05,BUY,2026-05-05 09:30:00+05:30,2026-05-05 09:35:00+05:30,160.58025,159.74025,0.8400000000000034,162.26025,2.0,159.76192233937732,1.07974999999999,1.3602500000000075,1.2854166666666496,1.619345238095241,2026-05-05 10:50:00+05:30,159.660379875,STOP_LOSS,False,-0.919870125000017,0.3202406298749999,-1.240110754875017,0.8183276606226855,Q2
ASHOKLEY,ORB_50,2.0,2026-05-06,SELL,2026-05-06 09:30:00+05:30,2026-05-06 09:35:00+05:30,162.088915,162.898915,0.8100000000000023,160.46891499999998,2.0,162.92100321048582,1.588914999999986,7.021085000000028,1.9616234567901003,8.668006172839515,2026-05-06 09:55:00+05:30,162.9803644575,STOP_LOSS,False,-0.8914494575000163,0.3250692794574999,-1.216518736957516,-0.8320882104858356,Q2
ASHOKLEY,ORB_50,2.0,2026-05-06,BUY,2026-05-06 14:30:00+05:30,2026-05-06 14:35:00+05:30,164.78234999999998,163.97235,0.8099999999999739,166.40234999999993,2.0,162.46435725382452,4.327650000000034,0.4623499999999865,5.342777777777992,0.5708024691358042,2026-05-06 14:45:00+05:30,166.31914882499993,TARGET,False,1.5367988249999485,0.3311014988249999,1.2056973261749486,2.317992746175463,Q4_FARTHEST
ASHOKLEY,ORB_50,2.0,2026-05-07,BUY,2026-05-07 11:50:00+05:30,2026-05-07 11:55:00+05:30,169.274595,167.97959500000002,1.2949999999999875,171.86459499999998,2.0,168.02159074578708,3.5254050000000063,0.5145950000000141,2.7223204633204947,0.3973706563706711,2026-05-07 12:40:00+05:30,171.7786627025,TARGET,False,2.504067702499981,0.3410532577025,2.163014444797481,1.2530042542129252,Q3
ASHOKLEY,ORB_50,2.0,2026-05-08,SELL,2026-05-08 10:00:00+05:30,2026-05-08 10:05:00+05:30,167.7161,168.74110000000002,1.0250000000000057,165.6661,2.0,168.6348395784451,0.4461000000000013,1.7438999999999965,0.4352195121951208,1.7013658536585237,2026-05-08 10:20:00+05:30,168.82547055,STOP_LOSS,False,-1.1093705499999942,0.33654157055,-1.4459121205499943,-0.9187395784450985,Q2
ASHOKLEY,ORB_50,2.0,2026-05-11,SELL,2026-05-11 09:55:00+05:30,2026-05-11 10:00:00+05:30,162.208855,164.173855,1.9650000000000036,158.278855,2.0,163.5985463716839,1.2088549999999998,1.6711449999999957,0.6151933842239174,0.8504554707379098,2026-05-11 15:25:00+05:30,161.890905,END_OF_DAY,False,0.3179499999999962,0.32409976,-0.0061497600000038,-1.3896913716839094,Q4_FARTHEST
ASHOKLEY,ORB_50,2.0,2026-05-12,SELL,2026-05-12 09:35:00+05:30,2026-05-12 09:40:00+05:30,158.830545,159.935545,1.1049999999999898,156.62054500000002,2.0,159.87386830400348,3.7305450000000064,1.2694549999999936,3.3760588235294486,1.148828054298647,2026-05-12 09:40:00+05:30,160.0155127725,STOP_LOSS,False,-1.184967772499988,0.3188460577724999,-1.5038138302724875,-1.0433233040034793,Q3
ASHOKLEY,ORB_50,2.0,2026-05-13,SELL,2026-05-13 09:30:00+05:30,2026-05-13 09:35:00+05:30,154.492715,155.597715,1.1049999999999898,152.28271500000002,2.0,155.51769999069955,1.732715000000013,2.0672849999999983,1.568067873303194,1.8708461538461696,2026-05-13 10:20:00+05:30,155.6755138575,STOP_LOSS,False,-1.1827988574999893,0.3101682288575,-1.492967086357489,-1.0249849906995507,Q3
ASHOKLEY,ORB_50,2.0,2026-05-14,SELL,2026-05-14 09:30:00+05:30,2026-05-14 09:35:00+05:30,153.173375,153.72337499999998,0.549999999999983,152.07337500000003,2.0,153.51251805851837,3.2833750000000066,2.2066250000000025,5.969772727272924,4.012045454545584,2026-05-14 09:40:00+05:30,152.14941168750002,TARGET,False,1.0239633124999727,0.3053227866875,0.7186405258124727,-0.3391430585183741,Q1_CLOSEST
ASHOKLEY,ORB_50,2.0,2026-05-14,BUY,2026-05-14 13:10:00+05:30,2026-05-14 13:15:00+05:30,154.707315,154.15731499999998,0.5500000000000114,155.80731500000002,2.0,151.92116913686107,0.6726850000000013,0.8073149999999885,1.2230636363636134,1.4678454545454032,2026-05-14 13:20:00+05:30,154.08023634249997,STOP_LOSS,False,-0.6270786575000216,0.3087875513424999,-0.9358662088425216,2.786145863138927,Q4_FARTHEST
ASHOKLEY,ORB_50,2.0,2026-05-15,SELL,2026-05-15 11:10:00+05:30,2026-05-15 11:15:00+05:30,153.473225,154.943225,1.4699999999999989,150.53322500000002,2.0,155.64697126235825,1.353225000000009,0.7167749999999842,0.9205612244898028,0.4876020408163161,2026-05-15 15:25:00+05:30,153.71681999999998,END_OF_DAY,False,-0.2435949999999707,0.307190045,-0.5507850449999707,-2.173746262358236,Q4_FARTHEST
ASHOKLEY,ORB_50,2.0,2026-05-18,SELL,2026-05-18 09:50:00+05:30,2026-05-18 09:55:00+05:30,149.52519999999998,150.59019999999998,1.0649999999999975,147.3952,2.0,150.58346188887924,0.765199999999993,2.0448000000000093,0.7184976525821546,1.9200000000000128,2026-05-18 11:30:00+05:30,150.6654951,STOP_LOSS,False,-1.140295100000003,0.3001906950999999,-1.440485795100003,-1.058261888879258,Q3
ASHOKLEY,ORB_50,2.0,2026-05-19,BUY,2026-05-19 10:05:00+05:30,2026-05-19 10:10:00+05:30,151.605765,150.630765,0.9749999999999944,153.55576499999998,2.0,150.3923144004469,1.5542350000000056,1.0057649999999967,1.5940871794871945,1.0315538461538487,2026-05-19 10:20:00+05:30,150.5554496175,STOP_LOSS,False,-1.050315382500003,0.3021612146175,-1.3524765971175028,1.2134505995530844,Q3
ASHOKLEY,ORB_50,2.0,2026-05-20,BUY,2026-05-20 10:55:00+05:30,2026-05-20 11:00:00+05:30,150.84538500000002,150.00038500000002,0.8449999999999989,152.53538500000002,2.0,149.87893980418798,3.6546149999999775,0.2353850000000079,4.324988165680454,0.2785621301775245,2026-05-20 11:20:00+05:30,152.4591173075,TARGET,False,1.613732307499987,0.3033045023075,1.310427805192487,0.9664451958120424,Q2
ASHOKLEY,ORB_50,2.0,2026-05-21,SELL,2026-05-21 09:30:00+05:30,2026-05-21 09:35:00+05:30,154.88252,156.53752,1.6550000000000011,151.57252,2.0,156.47912874434655,1.1325199999999995,1.277479999999997,0.6843021148036246,0.7718912386706925,2026-05-21 15:25:00+05:30,154.4772,END_OF_DAY,False,0.405319999999989,0.30935972,0.0959602799999889,-1.596608744346554,Q4_FARTHEST
ASHOKLEY,ORB_50,2.0,2026-05-22,BUY,2026-05-22 11:55:00+05:30,2026-05-22 12:00:00+05:30,155.77785,155.07285000000002,0.7049999999999841,157.18784999999997,2.0,154.87642019528323,2.9621500000000083,0.9278500000000064,4.201631205673865,1.3160992907801807,2026-05-22 12:05:00+05:30,154.995313575,STOP_LOSS,False,-0.7825364249999893,0.310773163575,-1.0933095885749893,0.9014298047167699,Q2
ASHOKLEY,ORB_50,2.0,2026-05-26,SELL,2026-05-26 10:45:00+05:30,2026-05-26 10:50:00+05:30,162.19886,163.18886,0.9900000000000092,160.21885999999998,2.0,162.9549379340504,2.4688600000000065,0.3511400000000151,2.4937979797979635,0.3546868686868807,2026-05-26 13:00:00+05:30,160.29896942999997,TARGET,False,1.899890570000025,0.32249782943,1.577392740570025,-0.7560779340504098,Q2
ASHOKLEY,ORB_50,2.0,2026-05-27,SELL,2026-05-27 12:20:00+05:30,2026-05-27 12:25:00+05:30,159.83004499999998,160.67504499999998,0.8449999999999989,158.140045,2.0,160.63009791599052,0.3800449999999955,4.26995500000001,0.4497573964496995,5.053201183431971,2026-05-27 12:55:00+05:30,160.7553825225,STOP_LOSS,False,-0.9253375225000012,0.3205854275224999,-1.2459229500225013,-0.8000529159905341,Q2
ASHOKLEY,ORB_50,2.0,2026-05-27,BUY,2026-05-27 13:25:00+05:30,2026-05-27 13:30:00+05:30,161.80086,160.95586,0.8449999999999989,163.49086,2.0,160.864995664164,2.299139999999994,0.1908599999999864,2.720875739644967,0.2258698224851914,2026-05-27 14:45:00+05:30,163.40911457,TARGET,False,1.6082545699999855,0.32520997457,1.2830445954299856,0.935864335835987,Q2
ASHOKLEY,ORB_50,2.0,2026-05-29,SELL,2026-05-29 09:40:00+05:30,2026-05-29 09:45:00+05:30,160.24983500000002,162.73983500000003,2.490000000000009,155.269835,2.0,162.00452295641708,5.389835000000005,1.0101649999999722,2.164592369477906,0.4056887550200677,2026-05-29 15:05:00+05:30,155.3474699175,TARGET,False,4.902365082500012,0.3155973049175,4.586767777582512,-1.754687956417058,Q4_FARTHEST
ASHOKLEY,ORB_50,2.0,2026-06-01,SELL,2026-06-01 09:55:00+05:30,2026-06-01 10:00:00+05:30,152.80356,154.82855999999998,2.0249999999999773,148.75356000000005,2.0,154.26852944677665,3.383560000000017,1.9564399999999864,1.670893827160521,0.9661432098765472,2026-06-01 15:25:00+05:30,149.87490000000005,END_OF_DAY,False,2.9286599999999794,0.30267846,2.6259815399999797,-1.4649694467766494,Q4_FARTHEST
ASHOKLEY,ORB_50,2.0,2026-06-02,BUY,2026-06-02 12:40:00+05:30,2026-06-02 12:45:00+05:30,148.824375,147.329375,1.4950000000000043,151.814375,2.0,147.45125705197125,1.315624999999983,0.2843750000000113,0.8800167224080127,0.1902173913043548,2026-06-02 15:25:00+05:30,149.075425,END_OF_DAY,False,0.2510499999999922,0.2978998,-0.0468498000000078,1.3731179480287494,Q4_FARTHEST
ASHOKLEY,ORB_50,2.0,2026-06-03,SELL,2026-06-03 09:30:00+05:30,2026-06-03 09:35:00+05:30,144.157885,145.867885,1.710000000000008,140.73788499999998,2.0,145.21662921075057,1.9578850000000043,3.442115000000001,1.144961988304091,2.012932748538003,2026-06-03 15:10:00+05:30,145.9408189425,STOP_LOSS,False,-1.7829339424999944,0.2900987039425,-2.073032646442494,-1.0587442107505751,Q3
ASHOKLEY,ORB_50,2.0,2026-06-04,SELL,2026-06-04 11:00:00+05:30,2026-06-04 11:05:00+05:30,145.20736,146.16735999999997,0.9599999999999796,143.28736000000004,2.0,146.1368422724535,1.10736,1.3026399999999967,1.1535000000000244,1.356916666666692,2026-06-04 12:00:00+05:30,146.24044367999997,STOP_LOSS,False,-1.033083679999976,0.29144780368,-1.324531483679976,-0.9294822724534981,Q2
ASHOKLEY,ORB_50,2.0,2026-06-05,SELL,2026-06-05 09:45:00+05:30,2026-06-05 09:50:00+05:30,144.12789999999998,145.12789999999998,1.0,142.12789999999998,2.0,144.812805050412,0.3278999999999712,2.272100000000023,0.3278999999999712,2.272100000000023,2026-06-05 10:00:00+05:30,145.20046394999997,STOP_LOSS,False,-1.0725639499999886,0.2893283639499999,-1.3618923139499886,-0.6849050504120271,Q1_CLOSEST
ASHOKLEY,ORB_50,2.0,2026-06-08,BUY,2026-06-08 10:35:00+05:30,2026-06-08 10:40:00+05:30,142.361145,141.381145,0.9799999999999898,144.32114499999997,2.0,141.56339885850986,0.0288549999999929,1.6511449999999854,0.0294438775510135,1.684841836734697,2026-06-08 12:05:00+05:30,141.3104544275,STOP_LOSS,False,-1.0506905725000024,0.2836715994275,-1.3343621719275025,0.797746141490137,Q2
ASHOKLEY,ORB_50,2.0,2026-06-09,BUY,2026-06-09 14:50:00+05:30,2026-06-09 14:55:00+05:30,144.24208499999995,142.977085,1.2649999999999864,146.77208499999995,2.0,142.98746104086823,0.1379150000000208,0.912084999999962,0.1090237154150374,0.7210158102766576,2026-06-09 15:25:00+05:30,144.12789999999998,END_OF_DAY,False,-0.1141849999999919,0.2883699849999999,-0.4025549849999919,1.2546239591317203,Q3
ASHOKLEY,ORB_50,2.0,2026-06-10,SELL,2026-06-10 14:35:00+05:30,2026-06-10 14:40:00+05:30,142.94849000000002,143.94849000000002,1.0,140.94849000000002,2.0,144.00537101043548,1.948490000000021,0.1715099999999836,1.948490000000021,0.1715099999999836,2026-06-10 15:25:00+05:30,141.600765,END_OF_DAY,False,1.3477250000000254,0.284549255,1.0631757450000254,-1.0568810104354611,Q3
ASHOKLEY,ORB_50,2.0,2026-06-11,SELL,2026-06-11 11:15:00+05:30,2026-06-11 11:20:00+05:30,138.5307,139.6757,1.1450000000000102,136.24069999999998,2.0,139.4178443488146,0.5006999999999948,1.3693000000000095,0.4372925764192055,1.195895196506548,2026-06-11 14:25:00+05:30,139.74553785,STOP_LOSS,False,-1.2148378500000092,0.27827623785,-1.493114087850009,-0.8871443488146156,Q2
ASHOKLEY,ORB_50,2.0,2026-06-12,BUY,2026-06-12 10:05:00+05:30,2026-06-12 10:10:00+05:30,145.4727,144.2277,1.2450000000000043,147.9627,2.0,144.4192667378085,7.977299999999985,1.172699999999992,6.407469879518037,0.9419277108433636,2026-06-12 13:35:00+05:30,147.88871865000002,TARGET,False,2.4160186500000123,0.29336141865,2.1226572313500123,1.0534332621915041,Q3
ASHOKLEY,ORB_50,2.0,2026-06-15,SELL,2026-06-15 13:00:00+05:30,2026-06-15 13:05:00+05:30,158.07092500000002,159.32092500000002,1.25,155.57092500000002,2.0,159.63574017766223,0.8209250000000168,1.0890749999999798,0.6567400000000134,0.8712599999999838,2026-06-15 15:25:00+05:30,157.828875,END_OF_DAY,False,0.2420500000000061,0.3158998,-0.0738497999999939,-1.5648151776622115,Q4_FARTHEST
ASHOKLEY,ORB_50,2.0,2026-06-16,SELL,2026-06-16 10:05:00+05:30,2026-06-16 10:10:00+05:30,158.78057,159.72557,0.9449999999999932,156.89057000000005,2.0,159.92341447031353,1.5205700000000206,0.9994299999999896,1.6090687830688166,1.0575978835978803,2026-06-16 14:10:00+05:30,159.805432785,STOP_LOSS,False,-1.024862784999982,0.318586002785,-1.343448787784982,-1.1428444703135199,Q3
ASHOKLEY,ORB_50,2.0,2026-06-18,SELL,2026-06-18 10:35:00+05:30,2026-06-18 10:40:00+05:30,157.64114,158.48114,0.8400000000000034,155.96114,2.0,158.30500363607496,0.3411399999999958,1.2388599999999883,0.4061190476190409,1.4748333333333137,2026-06-18 14:55:00+05:30,158.56038057,STOP_LOSS,False,-0.9192405699999996,0.31620152057,-1.2354420905699994,-0.6638636360749501,Q1_CLOSEST
ASHOKLEY,ORB_50,2.0,2026-06-19,SELL,2026-06-19 09:30:00+05:30,2026-06-19 09:35:00+05:30,156.851535,157.416535,0.5649999999999977,155.72153500000002,2.0,157.50571837768294,1.3215350000000117,1.0284649999999829,2.3390000000000297,1.820292035398207,2026-06-19 09:35:00+05:30,157.4952432675,STOP_LOSS,False,-0.6437082674999886,0.3143467782675,-0.9580550457674886,-0.6541833776829264,Q1_CLOSEST
ASHOKLEY,ORB_50,2.0,2026-06-22,BUY,2026-06-22 10:00:00+05:30,2026-06-22 10:05:00+05:30,157.608765,156.888765,0.7199999999999989,159.048765,2.0,156.63654854156005,0.691235000000006,1.3487650000000144,0.960048611111121,1.8732847222222453,2026-06-22 10:20:00+05:30,156.8103206175,STOP_LOSS,False,-0.7984443825000085,0.3144190856175,-1.1128634681175085,0.9722164584399593,Q2
ASHOKLEY,ORB_50,2.0,2026-06-23,SELL,2026-06-23 09:30:00+05:30,2026-06-23 09:35:00+05:30,155.57217500000002,155.99217500000003,0.4200000000000159,154.73217499999998,2.0,156.02556731811015,5.272175000000004,0.1778249999999843,12.552797619047151,0.4233928571428038,2026-06-23 09:35:00+05:30,154.80954108749998,TARGET,False,0.7626339125000356,0.3103817160875,0.4522521964125356,-0.4533923181101329,Q1_CLOSEST
ASHOKLEY,ORB_50,2.0,2026-06-24,BUY,2026-06-24 10:00:00+05:30,2026-06-24 10:05:00+05:30,152.48620499999998,151.911205,0.5749999999999886,153.63620499999996,2.0,151.6410542075878,3.1437950000000114,0.2562049999999942,5.467469565217519,0.445573913043477,2026-06-24 10:25:00+05:30,153.55938689749996,TARGET,False,1.0731818974999785,0.3060455918974999,0.7671363056024783,0.84515079241217,Q2
ASHOKLEY,ORB_50,2.0,2026-06-25,BUY,2026-06-25 11:25:00+05:30,2026-06-25 11:30:00+05:30,160.44018000000003,158.86018,1.5800000000000125,163.60018000000005,2.0,159.20996405071847,1.7598199999999622,0.810180000000031,1.1138101265822458,0.5127721518987497,2026-06-25 15:25:00+05:30,161.03944,END_OF_DAY,False,0.5992599999999868,0.3214796200000001,0.2777803799999867,1.2302159492815576,Q3
ASHOKLEY,ORB_50,2.0,2026-06-29,SELL,2026-06-29 12:30:00+05:30,2026-06-29 12:35:00+05:30,157.02145,158.76644999999996,1.744999999999976,153.53145000000004,2.0,158.41128602409646,0.2614499999999964,1.0085500000000138,0.1498280802292263,0.577965616045861,2026-06-29 15:25:00+05:30,157.828875,END_OF_DAY,False,-0.8074250000000234,0.314850325,-1.1222753250000237,-1.3898360240964678,Q4_FARTHEST
ASHOKLEY,ORB_50,2.0,2026-07-01,BUY,2026-07-01 09:45:00+05:30,2026-07-01 09:50:00+05:30,161.590755,159.830755,1.759999999999991,165.11075499999998,2.0,160.72034393500974,4.159244999999999,2.140755000000013,2.363207386363648,1.2163380681818317,2026-07-01 10:45:00+05:30,159.75083962250002,STOP_LOSS,False,-1.8399153774999772,0.3213415946225,-2.161256972122477,0.8704110649902645,Q2
ASHOKLEY,ORB_50,2.0,2026-07-02,BUY,2026-07-02 11:55:00+05:30,2026-07-02 12:00:00+05:30,165.12251999999998,164.08751999999998,1.0349999999999966,167.19251999999997,2.0,163.88332080566636,0.4374800000000221,1.052519999999987,0.422685990338187,1.0169275362318748,2026-07-02 12:50:00+05:30,164.00547623999998,STOP_LOSS,False,-1.1170437600000014,0.3291279962399999,-1.4461717562400014,1.2391991943336222,Q3
ASHOKLEY,ORB_50,2.0,2026-07-03,BUY,2026-07-03 10:10:00+05:30,2026-07-03 10:15:00+05:30,166.32312000000002,165.84312,0.4800000000000182,167.28312000000005,2.0,165.76171107131822,1.2268799999999942,2.613120000000009,2.5559999999998912,5.4439999999998125,2026-07-03 10:30:00+05:30,167.19947844000006,TARGET,False,0.8763584400000468,0.3335225984400001,0.5428358415600467,0.5614089286818,Q1_CLOSEST
ASHOKLEY,ORB_50,2.0,2026-07-06,BUY,2026-07-06 09:45:00+05:30,2026-07-06 09:50:00+05:30,164.88240000000002,163.85740000000004,1.0249999999999773,166.93239999999997,2.0,163.71475453063076,2.467599999999976,0.3524000000000171,2.407414634146372,0.3438048780488048,2026-07-06 11:05:00+05:30,166.84893379999997,TARGET,False,1.9665337999999508,0.3317313338,1.6348024661999507,1.167645469369262,Q3
ASHOKLEY,ORB_50,2.0,2026-07-07,SELL,2026-07-07 09:30:00+05:30,2026-07-07 09:35:00+05:30,165.667125,166.25212499999998,0.5849999999999795,164.49712500000004,2.0,166.2244431413328,2.0771249999999952,0.232875000000007,3.550641025641142,0.398076923076949,2026-07-07 10:50:00+05:30,164.57937356250005,TARGET,False,1.0877514374999464,0.3302464985625,0.7575049389374464,-0.5573181413328143,Q1_CLOSEST
ASHOKLEY,ORB_50,2.0,2026-07-08,BUY,2026-07-08 12:55:00+05:30,2026-07-08 13:00:00+05:30,163.48170000000002,161.4617,2.0200000000000102,167.52170000000004,2.0,161.48912900885583,0.3682999999999765,8.471700000000027,0.1823267326732547,4.193910891089101,2026-07-08 13:45:00+05:30,161.38096915,STOP_LOSS,False,-2.1007308500000192,0.32486266915,-2.425593519150019,1.9925709911441913,Q4_FARTHEST
ASHOKLEY,ORB_50,2.0,2026-07-09,SELL,2026-07-09 09:55:00+05:30,2026-07-09 10:00:00+05:30,157.02145,157.89645,0.875,155.27145,2.0,157.7299058325783,2.0114499999999964,0.3885500000000093,2.298799999999996,0.4440571428571535,2026-07-09 11:00:00+05:30,155.34908572499998,TARGET,False,1.6723642750000067,0.3123705357249999,1.3599937392750068,-0.7084558325783235,Q2
ASHOKLEY,ORB_50,2.0,2026-07-13,BUY,2026-07-13 09:40:00+05:30,2026-07-13 09:45:00+05:30,155.36764499999998,154.467645,0.8999999999999773,157.16764499999994,2.0,154.6854356463142,5.002355000000023,0.3376449999999806,5.558172222222388,0.3751611111110991,2026-07-13 10:20:00+05:30,157.08906117749993,TARGET,False,1.7214161774999468,0.3124567061774999,1.408959471322447,0.6822093536857778,Q1_CLOSEST
ASHOKLEY,ORB_50,2.0,2026-07-14,SELL,2026-07-14 09:40:00+05:30,2026-07-14 09:45:00+05:30,154.42275,155.46775000000002,1.045000000000016,152.33274999999998,2.0,155.1879438203107,0.5727500000000134,1.1772499999999866,0.5480861244019184,1.126555023923415,2026-07-14 14:15:00+05:30,155.54548387500003,STOP_LOSS,False,-1.1227338750000229,0.309968233875,-1.432702108875023,-0.7651938203106852,Q2
ASHOKLEY,ORB_50,2.0,2026-07-15,BUY,2026-07-15 09:35:00+05:30,2026-07-15 09:40:00+05:30,157.648785,156.78378500000002,0.8649999999999807,159.37878499999997,2.0,157.0682517581493,0.2212150000000008,1.6287849999999937,0.2557398843930702,1.882988439306393,2026-07-15 11:20:00+05:30,156.70539310750002,STOP_LOSS,False,-0.9433918924999888,0.3143541781075,-1.2577460706074888,0.5805332418507021,Q1_CLOSEST
ASHOKLEY,ORB_50,2.0,2026-07-16,SELL,2026-07-16 09:35:00+05:30,2026-07-16 09:40:00+05:30,155.792065,156.36706500000005,0.575000000000017,154.64206499999997,2.0,156.5091964530818,1.3720650000000203,2.7879350000000045,2.386199999999965,4.848582608695517,2026-07-16 09:45:00+05:30,156.44524853250002,STOP_LOSS,False,-0.6531835325000088,0.3122373135325,-0.9654208460325088,-0.7171314530818051,Q2
ASHOKLEY,ORB_50,2.0,2026-07-16,BUY,2026-07-16 10:05:00+05:30,2026-07-16 10:10:00+05:30,157.55874,156.98374,0.5749999999999886,158.70873999999998,2.0,156.79884468911428,1.0212600000000125,3.1387400000000127,1.7761043478261431,5.458678260869696,2026-07-16 12:35:00+05:30,156.90524813000002,STOP_LOSS,False,-0.6534918699999821,0.31446398813,-0.967955858129982,0.7598953108857245,Q2
ASHOKLEY,ORB_50,2.0,2026-07-16,SELL,2026-07-16 12:55:00+05:30,2026-07-16 13:00:00+05:30,155.46223,156.03723000000002,0.575000000000017,154.31222999999997,2.0,157.15098972001292,1.0422300000000178,0.1577699999999993,1.8125739130434555,0.2743826086956428,2026-07-16 15:25:00+05:30,154.967445,END_OF_DAY,False,0.4947850000000073,0.3104296749999999,0.1843553250000074,-1.6887597200129107,Q4_FARTHEST
ASHOKLEY,ORB_50,2.0,2026-07-17,BUY,2026-07-17 14:20:00+05:30,2026-07-17 14:25:00+05:30,155.63778,155.04778,0.5900000000000034,156.81778,2.0,155.0397019855787,0.4422200000000202,0.7377799999999866,0.7495254237288436,1.2504745762711564,2026-07-17 15:05:00+05:30,154.97025610999998,STOP_LOSS,False,-0.6675238900000124,0.3106080361099999,-0.9781319261100124,0.5980780144213043,Q1_CLOSEST
ASHOKLEY,ORB_50,2.0,2026-07-20,BUY,2026-07-20 13:20:00+05:30,2026-07-20 13:25:00+05:30,154.847385,154.017385,0.8300000000000125,156.50738500000003,2.0,153.7438181580253,0.6526149999999973,0.4173849999999959,0.7862831325301054,0.5028734939758911,2026-07-20 15:25:00+05:30,154.84254,END_OF_DAY,False,-0.0048450000000173,0.309689925,-0.3145349250000173,1.103566841974697,Q3
ASHOKLEY,ORB_50,2.0,2026-07-21,SELL,2026-07-21 10:20:00+05:30,2026-07-21 10:25:00+05:30,152.9235,153.74349999999998,0.8199999999999932,151.2835,2.0,154.0125408488403,0.6034999999999968,1.1065000000000111,0.7359756097560998,1.349390243902464,2026-07-21 11:05:00+05:30,153.82037175,STOP_LOSS,False,-0.8968717500000025,0.30674387175,-1.2036156217500025,-1.0890408488403125,Q3
ASHOKLEY,ORB_50,2.0,2026-07-22,SELL,2026-07-22 09:30:00+05:30,2026-07-22 09:35:00+05:30,152.793565,153.718565,0.9250000000000114,150.94356499999998,2.0,153.30912187112915,1.0135649999999998,0.1864349999999888,1.0957459459459322,0.2015513513513367,2026-07-22 15:25:00+05:30,152.346135,END_OF_DAY,False,0.4474299999999971,0.3051397,0.1422902999999971,-0.5155568711291494,Q1_CLOSEST
ASHOKLEY,ORB_50,2.0,2026-07-23,BUY,2026-07-23 10:05:00+05:30,2026-07-23 10:10:00+05:30,152.826375,151.991375,0.835000000000008,154.49637500000003,2.0,152.22970832058513,0.7336249999999893,2.50637500000002,0.8785928143712363,3.001646706586821,2026-07-23 12:40:00+05:30,151.9153793125,STOP_LOSS,False,-0.9109956875000194,0.3047417543125,-1.2157374418125193,0.5966666794148807,Q1_CLOSEST
ASHOKLEY,ORB_50,2.0,2026-07-23,SELL,2026-07-23 13:50:00+05:30,2026-07-23 13:55:00+05:30,150.994465,151.829465,0.835000000000008,149.32446499999998,2.0,152.22949231616644,0.6744649999999979,0.2255350000000078,0.8077425149700497,0.2701017964071924,2026-07-23 15:25:00+05:30,150.97545,END_OF_DAY,False,0.019014999999996,0.301969915,-0.282954915000004,-1.2350273161664518,Q3
ASHOKLEY,ORB_50,2.0,2026-07-24,SELL,2026-07-24 09:45:00+05:30,2026-07-24 09:50:00+05:30,147.556185,148.536185,0.9799999999999898,145.59618500000002,2.0,148.60339220112425,0.0,3.823814999999996,0.0,3.901852040816364,2026-07-24 10:30:00+05:30,148.6104530925,STOP_LOSS,False,-1.0542680924999956,0.2961666380925,-1.3504347305924955,-1.0472072011242517,Q3
ASHOKLEY,ORB_50,2.0,2026-07-24,BUY,2026-07-24 12:25:00+05:30,2026-07-24 12:30:00+05:30,150.69531,149.71531,0.9800000000000182,152.65531000000004,2.0,148.71843709569367,0.6846899999999891,0.5453100000000006,0.6986632653060983,0.5564387755101944,2026-07-24 15:25:00+05:30,151.12439999999998,END_OF_DAY,False,0.4290899999999737,0.30181971,0.1272702899999737,1.9768729043063331,Q4_FARTHEST
ASHOKLEY,ORB_50,2.0,2026-07-27,SELL,2026-07-27 09:30:00+05:30,2026-07-27 09:35:00+05:30,152.9235,153.5185,0.5949999999999989,151.7335,2.0,153.3333206625943,0.0834999999999865,2.336500000000001,0.1403361344537592,3.92689075630253,2026-07-27 09:40:00+05:30,153.59525925,STOP_LOSS,False,-0.671759250000008,0.30651875925,-0.978278009250008,-0.4098206625943135,Q1_CLOSEST
ASHOKLEY,ORB_50,2.0,2026-07-27,BUY,2026-07-27 14:05:00+05:30,2026-07-27 14:10:00+05:30,154.507215,153.912215,0.5949999999999989,155.697215,2.0,153.59321746972338,0.7527849999999887,0.2172150000000101,1.2651848739495632,0.365067226890774,2026-07-27 15:25:00+05:30,155.02245,END_OF_DAY,False,0.5152349999999899,0.309529665,0.2057053349999899,0.9139975302766175,Q2
ASHOKLEY,ORB_50,2.0,2026-07-28,SELL,2026-07-28 09:45:00+05:30,2026-07-28 09:50:00+05:30,154.34278999999998,154.77778999999998,0.4350000000000023,153.47278999999995,2.0,154.86648016745207,0.3027899999999874,4.4072100000000205,0.6960689655172089,10.131517241379305,2026-07-28 10:25:00+05:30,154.855178895,STOP_LOSS,False,-0.512388895000015,0.3091979688949999,-0.821586863895015,-0.523690167452088,Q1_CLOSEST
ASHOKLEY,ORB_50,2.0,2026-07-28,BUY,2026-07-28 10:55:00+05:30,2026-07-28 11:00:00+05:30,155.68780500000005,155.25280500000002,0.4350000000000023,156.55780500000003,2.0,154.99927358382925,3.0621949999999742,0.0778050000000121,7.039528735632088,0.1788620689655441,2026-07-28 11:15:00+05:30,156.47952609750004,TARGET,False,0.791721097500016,0.3121673310975001,0.4795537664025158,0.6885314161708038,Q1_CLOSEST
ASHOKLEY,ORB_50,2.0,2026-07-29,BUY,2026-07-29 11:00:00+05:30,2026-07-29 11:05:00+05:30,158.489205,157.604205,0.8849999999999909,160.25920499999998,2.0,157.6956012840951,1.0007950000000108,0.8792049999999847,1.1308418079096283,0.9934519774011228,2026-07-29 15:25:00+05:30,157.82105,END_OF_DAY,False,-0.6681549999999845,0.316310255,-0.9844652549999844,0.7936037159049079,Q2
ASHOKLEY,ORB_50,2.0,2026-07-30,SELL,2026-07-30 10:40:00+05:30,2026-07-30 10:45:00+05:30,156.12189999999998,156.9719,0.8500000000000227,154.42189999999994,2.0,156.91671992396013,0.571899999999971,3.3781000000000176,0.6728235294117125,3.9742352941175616,2026-07-30 11:10:00+05:30,157.05038595,STOP_LOSS,False,-0.9284859500000096,0.3131722859499999,-1.2416582359500097,-0.7948199239601479,Q2
ASHOKLEY,ORB_50,2.0,2026-07-31,BUY,2026-07-31 09:30:00+05:30,2026-07-31 09:35:00+05:30,161.60076,160.44576,1.1550000000000011,163.91076,2.0,161.13716648146448,5.0992399999999805,0.1807600000000206,4.414926406926385,0.1565021645021822,2026-07-31 09:45:00+05:30,163.82880462,TARGET,False,2.2280446199999915,0.32542956462,1.9026150553799916,0.4635935185355322,Q1_CLOSEST
ASHOKLEY,ORB_50,2.0,2026-08-03,BUY,2026-08-03 10:50:00+05:30,2026-08-03 10:55:00+05:30,172.015965,170.630965,1.384999999999991,174.78596499999998,2.0,171.06275255442984,2.9840350000000058,0.2959649999999953,2.1545379061372025,0.2136931407942219,2026-08-03 11:45:00+05:30,174.69857201749997,TARGET,False,2.682607017499976,0.3467145370175,2.3358924804824754,0.9532124455701592,Q2
ASHOKLEY,ORB_50,2.0,2026-08-04,SELL,2026-08-04 11:40:00+05:30,2026-08-04 11:45:00+05:30,173.203355,174.123355,0.920000000000016,171.36335499999996,2.0,174.02560208903623,1.0633550000000014,0.73664500000001,1.1558206521738943,0.8007010869565188,2026-08-04 15:10:00+05:30,173.54673,END_OF_DAY,False,-0.3433750000000088,0.346750085,-0.6901250850000089,-0.8222470890362388,Q2
ASHOKLEY,ORB_50,2.0,2026-08-05,BUY,2026-08-05 10:50:00+05:30,2026-08-05 10:55:00+05:30,177.58875,175.52375,2.0649999999999977,181.71875,2.0,176.35368683792402,0.5612500000000011,1.7887499999999932,0.2717917675544802,0.8662227602905546,2026-08-05 15:10:00+05:30,175.81205,END_OF_DAY,False,-1.7767000000000053,0.3534008,-2.130100800000005,1.2350631620759884,Q3
ASHOKLEY,ORB_50,2.0,2026-08-06,BUY,2026-08-06 12:35:00+05:30,2026-08-06 12:40:00+05:30,177.0885,176.2385,0.8500000000000227,178.78850000000006,2.0,176.3402076813195,0.7614999999999839,0.4784999999999968,0.8958823529411335,0.5629411764705694,2026-08-06 15:10:00+05:30,177.421245,END_OF_DAY,False,0.3327449999999885,0.354509745,-0.0217647450000115,0.7482923186805124,Q2
ASHOKLEY,ORB_50,2.0,2026-08-07,BUY,2026-08-07 10:30:00+05:30,2026-08-07 10:35:00+05:30,177.58875,176.81875000000002,0.7699999999999818,179.12874999999997,2.0,176.46144140116544,0.4012500000000045,2.0887500000000045,0.5211038961039143,2.712662337662408,2026-08-07 11:00:00+05:30,176.73034062500005,STOP_LOSS,False,-0.8584093749999795,0.354319090625,-1.2127284656249795,1.12730859883456,Q3
ASHOKLEY,ORB_50,2.0,2026-08-07,BUY,2026-08-07 12:30:00+05:30,2026-08-07 12:35:00+05:30,177.38865,176.61865,0.7700000000000102,178.92865000000003,2.0,176.33997746747625,0.6013499999999965,0.9686500000000252,0.780974025974011,1.257987012987029,2026-08-07 14:55:00+05:30,176.530340675,STOP_LOSS,False,-0.8583093250000218,0.353918990675,-1.2122283156750218,1.0486725325237671,Q3
ASHOKLEY,ORB_50,2.0,2026-08-10,BUY,2026-08-10 10:20:00+05:30,2026-08-10 10:25:00+05:30,177.78885,176.94385,0.8449999999999989,179.47885,2.0,177.3568292963521,1.2111500000000035,3.988849999999985,1.4333136094674617,4.720532544378687,2026-08-10 11:40:00+05:30,176.855378075,STOP_LOSS,False,-0.933471924999992,0.354644228075,-1.288116153074992,0.43202070364790757,Q1_CLOSEST
ASHOKLEY,ORB_50,2.0,2026-08-10,SELL,2026-08-10 14:15:00+05:30,2026-08-10 14:20:00+05:30,175.85202999999998,176.69702999999998,0.8449999999999989,174.16203,2.0,177.17920183401645,2.0520299999999736,0.0879700000000127,2.4284378698224574,0.1041065088757548,2026-08-10 14:35:00+05:30,174.24911101499998,TARGET,False,1.6029189850000023,0.3501011410149999,1.2528178439850024,-1.3271718340164682,Q4_FARTHEST
ASHOKLEY,ORB_50,2.0,2026-08-11,BUY,2026-08-11 09:45:00+05:30,2026-08-11 09:50:00+05:30,173.94693,173.14193,0.8050000000000068,175.55693000000002,2.0,172.82196474501603,2.383070000000004,0.6269300000000158,2.960335403726688,0.7787950310559136,2026-08-11 10:25:00+05:30,175.469151535,TARGET,False,1.522221535,0.349416081535,1.172805453465,1.1249652549839766,Q3
ASHOKLEY,ORB_50,2.0,2026-08-13,BUY,2026-08-13 09:30:00+05:30,2026-08-13 09:35:00+05:30,181.220565,179.32556499999998,1.8950000000000105,185.010565,2.0,180.13675313714995,1.4794349999999952,4.86056499999998,0.7807044854881199,2.564941952506572,2026-08-13 11:15:00+05:30,179.23590221749998,STOP_LOSS,False,-1.9846627825000096,0.3604564672174999,-2.3451192497175097,1.083811862850041,Q3
ASHOKLEY,ORB_50,2.0,2026-08-14,BUY,2026-08-14 12:20:00+05:30,2026-08-14 12:25:00+05:30,179.28959999999998,178.09959999999998,1.1899999999999975,181.6696,2.0,178.19925964838438,0.2104000000000212,9.53959999999998,0.1768067226890938,8.016470588235292,2026-08-14 12:40:00+05:30,178.01055019999998,STOP_LOSS,False,-1.2790497999999957,0.3573001501999999,-1.6363499501999956,1.0903403516155947,Q3
OLAELEC,ORB_50,2.0,2025-08-18,SELL,2025-08-18 09:50:00+05:30,2025-08-18 09:55:00+05:30,42.01898,42.48898,0.4699999999999988,41.07898,2.0,42.45573394018351,1.1889800000000008,0.3810199999999994,2.5297446808510715,0.8106808510638306,2025-08-18 12:05:00+05:30,41.09951949,TARGET,False,0.9194605100000004,0.08311849949,0.8363420105100003,-0.43675394018350744,Q3
OLAELEC,ORB_50,2.0,2025-08-19,BUY,2025-08-19 09:30:00+05:30,2025-08-19 09:35:00+05:30,44.34216,43.20216,1.1400000000000006,46.62216,2.0,43.42432543814176,1.357840000000003,1.2521599999999964,1.1910877192982476,1.098385964912277,2025-08-19 10:00:00+05:30,43.18055892,STOP_LOSS,False,-1.161601080000004,0.0875227189199999,-1.249123798920004,0.9178345618582426,Q4_FARTHEST
OLAELEC,ORB_50,2.0,2025-08-20,BUY,2025-08-20 09:35:00+05:30,2025-08-20 09:40:00+05:30,48.44421,47.07421,1.3700000000000043,51.18421000000001,2.0,47.57814985489546,5.345790000000001,0.2942099999999996,3.9020364963503527,0.2147518248175172,2025-08-20 10:10:00+05:30,51.158617895000006,TARGET,False,2.714407895000008,0.099602827895,2.614805067105008,0.8660601451045409,Q4_FARTHEST
OLAELEC,ORB_50,2.0,2025-08-21,SELL,2025-08-21 09:35:00+05:30,2025-08-21 09:40:00+05:30,49.7751,51.9001,2.125,45.5251,2.0,51.11908859138499,1.2750999999999948,1.0749000000000066,0.6000470588235269,0.5058352941176502,2025-08-21 15:25:00+05:30,48.774375,END_OF_DAY,False,1.0007249999999956,0.098549475,0.9021755249999956,-1.343988591384985,Q4_FARTHEST
OLAELEC,ORB_50,2.0,2025-08-22,SELL,2025-08-22 11:50:00+05:30,2025-08-22 11:55:00+05:30,47.75611,48.48111,0.7250000000000014,46.30611,2.0,48.80379225126244,0.8961100000000002,0.4438900000000032,1.236013793103446,0.6122620689655205,2025-08-22 15:25:00+05:30,47.013495,END_OF_DAY,False,0.7426150000000007,0.094769605,0.6478453950000007,-1.0476822512624437,Q4_FARTHEST
OLAELEC,ORB_50,2.0,2025-08-25,BUY,2025-08-25 09:45:00+05:30,2025-08-25 09:50:00+05:30,48.314145,47.564145,0.75,49.814145,2.0,47.69784693547184,1.0858550000000022,0.5641449999999963,1.4478066666666696,0.7521933333333285,2025-08-25 15:25:00+05:30,48.425775,END_OF_DAY,False,0.1116300000000052,0.09673992,0.0148900800000052,0.6162980645281664,Q4_FARTHEST
OLAELEC,ORB_50,2.0,2025-08-26,BUY,2025-08-26 09:40:00+05:30,2025-08-26 09:45:00+05:30,48.86442,48.48442,0.3800000000000025,49.62442000000001,2.0,48.72611729757125,2.9355799999999945,0.0944199999999995,7.725210526315723,0.2484736842105233,2025-08-26 09:45:00+05:30,49.59960779000001,TARGET,False,0.7351877900000048,0.09846402779,0.6367237622100048,0.13830270242875287,Q1_CLOSEST
OLAELEC,ORB_50,2.0,2025-08-26,BUY,2025-08-26 13:55:00+05:30,2025-08-26 14:00:00+05:30,50.495235,50.115235,0.3800000000000025,51.255235000000006,2.0,50.45811094697024,0.6047650000000004,0.2352350000000029,1.5914868421052537,0.6190394736842142,2025-08-26 15:25:00+05:30,50.704635,END_OF_DAY,False,0.2093999999999951,0.10119987,0.1082001299999951,0.03712405302976407,Q1_CLOSEST
OLAELEC,ORB_50,2.0,2025-08-28,BUY,2025-08-28 09:30:00+05:30,2025-08-28 09:35:00+05:30,52.44621,51.871210000000005,0.5749999999999957,53.59620999999999,2.0,52.0388602600734,3.773789999999998,0.5962099999999992,6.563113043478307,1.0368869565217456,2025-08-28 09:55:00+05:30,51.845274395,STOP_LOSS,False,-0.6009356049999965,0.104291484395,-0.7052270893949966,0.40734973992660173,Q3
OLAELEC,ORB_50,2.0,2025-08-29,SELL,2025-08-29 14:40:00+05:30,2025-08-29 14:45:00+05:30,53.89304,55.48304,1.5900000000000034,50.71303999999999,2.0,55.88994385991264,0.1830399999999983,0.6069600000000008,0.1151194968553446,0.3817358490566034,2025-08-29 15:25:00+05:30,54.44721,END_OF_DAY,False,-0.5541699999999992,0.10834025,-0.6625102499999992,-1.996903859912642,Q4_FARTHEST
OLAELEC,ORB_50,2.0,2025-09-01,BUY,2025-09-01 09:30:00+05:30,2025-09-01 09:35:00+05:30,56.88843,55.76343,1.125,59.13843,2.0,56.382968228924966,6.90157,0.0684299999999993,6.134728888888889,0.060826666666666,2025-09-01 10:45:00+05:30,59.108860785,TARGET,False,2.220430784999998,0.115997290785,2.1044334942149976,0.5054617710750335,Q3
OLAELEC,ORB_50,2.0,2025-09-02,SELL,2025-09-02 10:00:00+05:30,2025-09-02 10:05:00+05:30,61.66915,62.94415000000001,1.2750000000000057,59.11914999999999,2.0,63.8062338336816,0.0,2.050849999999997,0.0,1.608509803921559,2025-09-02 10:05:00+05:30,62.97562207500001,STOP_LOSS,False,-1.3064720750000092,0.124644772075,-1.431116847075009,-2.1370838336816007,Q4_FARTHEST
OLAELEC,ORB_50,2.0,2025-09-03,SELL,2025-09-03 09:30:00+05:30,2025-09-03 09:35:00+05:30,61.12942,61.97942,0.8500000000000014,59.42941999999999,2.0,62.43997706432052,0.0,9.120580000000004,0.0,10.730094117647043,2025-09-03 09:40:00+05:30,62.01040971,STOP_LOSS,False,-0.8809897100000015,0.12313982971,-1.0041295397100014,-1.3105570643205198,Q4_FARTHEST
OLAELEC,ORB_50,2.0,2025-09-03,BUY,2025-09-03 10:20:00+05:30,2025-09-03 10:25:00+05:30,63.961965,63.111965,0.8500000000000014,65.66196500000001,2.0,62.87238740616591,6.288035000000001,1.351965,7.397688235294106,1.5905470588235266,2025-09-03 10:35:00+05:30,63.0804090175,STOP_LOSS,False,-0.8815559825000037,0.1270423740175,-1.0085983565175036,1.0895775938340861,Q4_FARTHEST
OLAELEC,ORB_50,2.0,2025-09-04,SELL,2025-09-04 09:30:00+05:30,2025-09-04 09:35:00+05:30,68.115925,69.570925,1.4549999999999983,65.20592500000001,2.0,69.1384597822426,4.405925000000003,0.6840749999999929,3.028127147766329,0.4701546391752534,2025-09-04 10:30:00+05:30,65.2385279625,TARGET,False,2.8773970375000038,0.1333544529625,2.744042584537503,-1.0225347822426016,Q4_FARTHEST
OLAELEC,ORB_50,2.0,2025-09-05,SELL,2025-09-05 09:30:00+05:30,2025-09-05 09:35:00+05:30,61.22937,62.82937,1.6000000000000014,58.02936999999999,2.0,62.23867740264966,1.909369999999996,1.5506300000000053,1.193356249999996,0.9691437500000024,2025-09-05 15:25:00+05:30,60.240105,END_OF_DAY,False,0.989264999999996,0.121469475,0.867795524999996,-1.0093074026496538,Q4_FARTHEST
OLAELEC,ORB_50,2.0,2025-09-08,BUY,2025-09-08 12:10:00+05:30,2025-09-08 12:15:00+05:30,63.6318,62.2618,1.3700000000000043,66.37180000000001,2.0,62.11812090142101,0.718199999999996,3.7318,0.5242335766423311,2.723941605839407,2025-09-08 13:10:00+05:30,62.23066909999999,STOP_LOSS,False,-1.4011309000000054,0.1258624691,-1.5269933691000055,1.51367909857899,Q4_FARTHEST
OLAELEC,ORB_50,2.0,2025-09-08,SELL,2025-09-08 14:55:00+05:30,2025-09-08 15:00:00+05:30,60.12992,61.49992,1.3700000000000043,57.38991999999999,2.0,62.11589265036629,0.2299199999999999,0.3300800000000023,0.1678248175182475,0.240934306569344,2025-09-08 15:25:00+05:30,60.400185,END_OF_DAY,False,-0.270265000000002,0.120530105,-0.390795105000002,-1.9859726503662927,Q4_FARTHEST
OLAELEC,ORB_50,2.0,2025-09-09,BUY,2025-09-09 09:50:00+05:30,2025-09-09 09:55:00+05:30,61.4307,59.9807,1.4500000000000028,64.33070000000001,2.0,59.6730996331364,0.5692999999999984,4.300699999999999,0.3926206896551705,2.965999999999993,2025-09-09 10:00:00+05:30,59.95070965,STOP_LOSS,False,-1.4799903500000011,0.12138140965,-1.6013717596500014,1.757600366863599,Q4_FARTHEST
OLAELEC,ORB_50,2.0,2025-09-09,BUY,2025-09-09 10:35:00+05:30,2025-09-09 10:40:00+05:30,61.180575,59.730575,1.4499999999999955,64.08057499999998,2.0,59.85499211792358,0.8194250000000025,2.280574999999999,0.5651206896551758,1.57281034482759,2025-09-09 15:05:00+05:30,59.7007097125,STOP_LOSS,False,-1.4798652874999974,0.1208812847125,-1.6007465722124974,1.325582882076418,Q4_FARTHEST
OLAELEC,ORB_50,2.0,2025-09-11,SELL,2025-09-11 10:05:00+05:30,2025-09-11 10:10:00+05:30,57.87105,58.42105,0.5499999999999972,56.77105,2.0,58.11849363339161,1.3110499999999945,0.3789500000000032,2.383727272727275,0.6890000000000094,2025-09-11 11:50:00+05:30,56.799435525,TARGET,False,1.071614474999997,0.114670485525,0.9569439894749968,-0.24744363339161168,Q2
OLAELEC,ORB_50,2.0,2025-09-12,SELL,2025-09-12 09:45:00+05:30,2025-09-12 09:50:00+05:30,56.961505,57.656505,0.6950000000000003,55.571505,2.0,57.38061942105685,0.8015050000000059,2.378495000000001,1.1532446043165547,3.4222949640287768,2025-09-12 14:25:00+05:30,57.6853332525,STOP_LOSS,False,-0.7238282524999988,0.1146468382525,-0.8384750907524988,-0.4191144210568467,Q3
OLAELEC,ORB_50,2.0,2025-09-15,SELL,2025-09-15 10:30:00+05:30,2025-09-15 10:35:00+05:30,57.571200000000005,58.366200000000006,0.7950000000000017,55.9812,2.0,58.07438902824667,0.0612000000000065,3.4487999999999985,0.0769811320754798,4.338113207547159,2025-09-15 11:20:00+05:30,58.3953831,STOP_LOSS,False,-0.8241830999999991,0.1159665831,-0.940149683099999,-0.5031890282466662,Q3
OLAELEC,ORB_50,2.0,2025-09-17,SELL,2025-09-17 14:30:00+05:30,2025-09-17 14:35:00+05:30,58.120925,58.990925,0.8699999999999974,56.380925000000005,2.0,58.68387134031392,0.0109250000000002,0.9690750000000036,0.0125574712643681,1.113879310344835,2025-09-17 15:00:00+05:30,59.0204204625,STOP_LOSS,False,-0.8994954624999991,0.1171413454625,-1.0166368079624992,-0.5629463403139212,Q4_FARTHEST
OLAELEC,ORB_50,2.0,2025-09-18,SELL,2025-09-18 09:55:00+05:30,2025-09-18 10:00:00+05:30,57.961005,58.391005,0.4299999999999997,57.101005,2.0,58.10990706007925,0.961005,0.0389949999999998,2.234895348837211,0.0906860465116277,2025-09-18 12:45:00+05:30,57.1295555025,TARGET,False,0.831449497499996,0.1150905605025,0.716358936997496,-0.14890206007925144,Q1_CLOSEST
OLAELEC,ORB_50,2.0,2025-09-19,BUY,2025-09-19 10:55:00+05:30,2025-09-19 11:00:00+05:30,57.878925,57.358925,0.5200000000000031,58.91892500000001,2.0,57.158301406389086,0.8210750000000004,0.4789250000000038,1.578990384615376,0.9210096153846172,2025-09-19 15:25:00+05:30,57.47125,END_OF_DAY,False,-0.4076750000000047,0.115350175,-0.5230251750000047,0.7206235936109167,Q4_FARTHEST
OLAELEC,ORB_50,2.0,2025-09-22,SELL,2025-09-22 11:35:00+05:30,2025-09-22 11:40:00+05:30,56.87155,57.29155,0.4200000000000017,56.03155,2.0,57.29575174028051,0.1715499999999963,1.41845,0.4084523809523705,3.377261904761891,2025-09-22 11:50:00+05:30,57.320195775,STOP_LOSS,False,-0.4486457750000028,0.114191745775,-0.5628375207750028,-0.42420174028050894,Q3
OLAELEC,ORB_50,2.0,2025-09-22,BUY,2025-09-22 15:05:00+05:30,2025-09-22 15:10:00+05:30,57.978975000000005,57.558975,0.4200000000000017,58.81897500000001,2.0,57.32583785835331,0.3110249999999936,0.3089750000000038,0.7405357142856962,0.7356547619047679,2025-09-22 15:25:00+05:30,58.07095,END_OF_DAY,False,0.0919749999999979,0.116049925,-0.024074925000002,0.6531371416466953,Q4_FARTHEST
OLAELEC,ORB_50,2.0,2025-09-23,BUY,2025-09-23 12:30:00+05:30,2025-09-23 12:35:00+05:30,58.72935,58.27935000000001,0.4499999999999957,59.62935,2.0,58.267689925532544,0.4706499999999991,0.6993500000000026,1.0458888888888969,1.5541111111111316,2025-09-23 13:50:00+05:30,58.250210325000005,STOP_LOSS,False,-0.479139674999999,0.116979560325,-0.596119235324999,0.46166007446745283,Q3
OLAELEC,ORB_50,2.0,2025-09-24,SELL,2025-09-24 09:35:00+05:30,2025-09-24 09:40:00+05:30,57.761105,58.161105000000006,0.4000000000000057,56.96110499999999,2.0,58.04100318949667,1.2311049999999994,0.3288950000000028,3.077762499999955,0.8222374999999954,2025-09-24 15:05:00+05:30,56.98958555249999,TARGET,False,0.7715194475000118,0.1147506905524999,0.6567687569475118,-0.2798981894966701,Q2
OLAELEC,ORB_50,2.0,2025-09-25,SELL,2025-09-25 09:30:00+05:30,2025-09-25 09:35:00+05:30,56.421775,56.786775000000006,0.365000000000002,55.691775,2.0,56.69812658394175,1.8717750000000064,0.1382249999999985,5.128150684931497,0.3786986301369801,2025-09-25 10:40:00+05:30,55.7196208875,TARGET,False,0.7021541125000041,0.1121413958875,0.5900127166125041,-0.27635158394175363,Q2
OLAELEC,ORB_50,2.0,2025-09-25,SELL,2025-09-25 15:15:00+05:30,2025-09-25 15:20:00+05:30,55.67215,56.03715,0.365000000000002,54.94215,2.0,55.706111952177935,0.3121500000000026,0.327849999999998,0.8552054794520573,0.8982191780821813,2025-09-25 15:25:00+05:30,55.52775,END_OF_DAY,False,0.1444000000000045,0.1111999,0.0332001000000045,-0.03396195217793263,Q1_CLOSEST
OLAELEC,ORB_50,2.0,2025-09-26,SELL,2025-09-26 13:20:00+05:30,2025-09-26 13:25:00+05:30,54.43277,54.86776999999999,0.4349999999999951,53.56277000000001,2.0,54.827169277963485,0.8727699999999956,0.5772300000000001,2.006367816091966,1.3269655172413943,2025-09-26 13:50:00+05:30,54.895203885,STOP_LOSS,False,-0.4624338849999958,0.109327973885,-0.5717618588849959,-0.39439927796348684,Q3
OLAELEC,ORB_50,2.0,2025-09-30,BUY,2025-09-30 09:30:00+05:30,2025-09-30 09:35:00+05:30,55.60779,54.68779000000001,0.9199999999999946,57.44778999999999,2.0,55.08873570552996,1.3422100000000017,0.3577900000000014,1.4589239130434883,0.3889021739130472,2025-09-30 15:25:00+05:30,56.921525,END_OF_DAY,False,1.3137350000000012,0.112529315,1.2012056850000012,0.5190542944700383,Q3
OLAELEC,ORB_50,2.0,2025-10-01,SELL,2025-10-01 09:45:00+05:30,2025-10-01 09:50:00+05:30,56.581695,57.356695,0.7749999999999986,55.031695,2.0,57.64954975464876,1.261694999999996,0.8983050000000006,1.6279935483870946,1.1591032258064544,2025-10-01 10:15:00+05:30,57.38537334749999,STOP_LOSS,False,-0.8036783474999964,0.1139670683474999,-0.9176454158474964,-1.0678547546487565,Q4_FARTHEST
OLAELEC,ORB_50,2.0,2025-10-03,SELL,2025-10-03 11:55:00+05:30,2025-10-03 12:00:00+05:30,54.03297,54.75297,0.7199999999999989,52.59297,2.0,54.43833678111022,0.5329699999999988,0.197029999999998,0.7402361111111107,0.2736527777777754,2025-10-03 15:25:00+05:30,54.177075,END_OF_DAY,False,-0.1441050000000032,0.108210045,-0.2523150450000032,-0.4053667811102244,Q3
OLAELEC,ORB_50,2.0,2025-10-06,SELL,2025-10-06 09:30:00+05:30,2025-10-06 09:35:00+05:30,52.29384,53.12384,0.8299999999999983,50.633840000000006,2.0,52.70526329320345,0.3938400000000044,1.206159999999997,0.4745060240963918,1.453204819277108,2025-10-06 09:45:00+05:30,53.15040192,STOP_LOSS,False,-0.8565619199999972,0.10544424192,-0.9620061619199972,-0.4114232932034483,Q3
OLAELEC,ORB_50,2.0,2025-10-07,BUY,2025-10-07 09:30:00+05:30,2025-10-07 09:35:00+05:30,53.96697,53.37697,0.5899999999999963,55.14696999999999,2.0,53.46093170368886,0.3230300000000028,1.4869699999999997,0.5475084745762794,2.520288135593235,2025-10-07 09:40:00+05:30,53.350281515,STOP_LOSS,False,-0.6166884849999974,0.107317251515,-0.7240057365149974,0.5060382963111465,Q3
OLAELEC,ORB_50,2.0,2025-10-08,SELL,2025-10-08 10:00:00+05:30,2025-10-08 10:05:00+05:30,51.974,52.394,0.4200000000000017,51.13399999999999,2.0,52.3324687985829,0.9739999999999966,0.2760000000000033,2.319047619047601,0.6571428571428625,2025-10-08 10:55:00+05:30,51.159567,TARGET,False,0.8144330000000011,0.103133567,0.7112994330000011,-0.3584687985829049,Q2
OLAELEC,ORB_50,2.0,2025-10-09,SELL,2025-10-09 09:30:00+05:30,2025-10-09 09:35:00+05:30,50.9745,51.2995,0.3249999999999957,50.32450000000001,2.0,51.19383327493382,1.5645000000000024,0.0555000000000021,4.8138461538462245,0.1707692307692394,2025-10-09 09:45:00+05:30,50.34966225000001,TARGET,False,0.6248377499999904,0.10132416225,0.5235135877499905,-0.21933327493382393,Q1_CLOSEST
OLAELEC,ORB_50,2.0,2025-10-09,SELL,2025-10-09 13:00:00+05:30,2025-10-09 13:05:00+05:30,50.044965,50.36996499999999,0.3249999999999957,49.394965000000006,2.0,50.20040643337931,0.0449649999999977,0.8350350000000049,0.1383538461538409,2.56933846153851,2025-10-09 13:05:00+05:30,50.3951499825,STOP_LOSS,False,-0.3501849824999965,0.1004401149825,-0.4506250974824965,-0.15544143337930905,Q1_CLOSEST
OLAELEC,ORB_50,2.0,2025-10-10,SELL,2025-10-10 13:50:00+05:30,2025-10-10 13:55:00+05:30,49.745115000000006,50.29511500000001,0.5500000000000043,48.645115,2.0,50.14285199794833,0.7251150000000024,0.1948849999999922,1.3183909090909032,0.3543363636363467,2025-10-10 15:25:00+05:30,49.8249,END_OF_DAY,False,-0.079784999999994,0.099570015,-0.179355014999994,-0.3977369979483214,Q3
OLAELEC,ORB_50,2.0,2025-10-13,BUY,2025-10-13 09:45:00+05:30,2025-10-13 09:50:00+05:30,49.674825,49.204825,0.4699999999999988,50.614825,2.0,49.14824385698422,1.3251750000000015,1.1748249999999985,2.8195212765957547,2.499627659574471,2025-10-13 10:30:00+05:30,49.1802225875,STOP_LOSS,False,-0.4946024125000008,0.0988550475875,-0.5934574600875008,0.5265811430157754,Q4_FARTHEST
OLAELEC,ORB_50,2.0,2025-10-13,BUY,2025-10-13 14:50:00+05:30,2025-10-13 14:55:00+05:30,49.72485,49.254850000000005,0.4699999999999988,50.66485,2.0,49.16328334983243,1.2751499999999965,0.5248500000000007,2.713085106382978,1.1167021276595788,2025-10-13 14:55:00+05:30,49.230222575000006,STOP_LOSS,False,-0.4946274249999973,0.098955072575,-0.5935824975749974,0.5615666501675705,Q4_FARTHEST
OLAELEC,ORB_50,2.0,2025-10-14,SELL,2025-10-14 09:35:00+05:30,2025-10-14 09:40:00+05:30,49.445265,49.990265,0.5450000000000017,48.355265,2.0,49.77748048159503,0.8452649999999977,1.0347349999999975,1.5509449541284313,1.8985963302752196,2025-10-14 14:55:00+05:30,50.0152601325,STOP_LOSS,False,-0.5699951325000043,0.0994605251325,-0.6694556576325044,-0.33221548159502845,Q2
OLAELEC,ORB_50,2.0,2025-10-15,BUY,2025-10-15 10:05:00+05:30,2025-10-15 10:10:00+05:30,51.815895,51.245895,0.5700000000000003,52.955895,2.0,51.460646590335706,0.9341050000000024,0.0958949999999987,1.6387807017543894,0.1682368421052608,2025-10-15 15:25:00+05:30,52.723625,END_OF_DAY,False,0.9077300000000008,0.10453952,0.8031904800000008,0.3552484096642914,Q2
OLAELEC,ORB_50,2.0,2025-10-16,BUY,2025-10-16 10:25:00+05:30,2025-10-16 10:30:00+05:30,54.98748,54.28748,0.6999999999999957,56.38747999999999,2.0,54.205004774141656,0.3925200000000046,0.1874800000000007,0.5607428571428672,0.2678285714285741,2025-10-16 15:25:00+05:30,55.35231,END_OF_DAY,False,0.3648300000000049,0.11033979,0.2544902100000049,0.7824752258583416,Q4_FARTHEST
OLAELEC,ORB_50,2.0,2025-10-20,SELL,2025-10-20 10:00:00+05:30,2025-10-20 10:05:00+05:30,54.802585,56.202585,1.3999999999999986,52.002585,2.0,55.59819208447978,0.5825850000000017,0.4374150000000014,0.4161321428571445,0.3124392857142871,2025-10-20 15:25:00+05:30,54.977475000000005,END_OF_DAY,False,-0.1748900000000048,0.10978006,-0.2846700600000049,-0.7956070844797765,Q4_FARTHEST
OLAELEC,ORB_50,2.0,2025-10-23,SELL,2025-10-23 09:30:00+05:30,2025-10-23 09:35:00+05:30,52.223875,52.533875,0.3100000000000023,51.603875,2.0,52.644883514427214,0.0138749999999987,2.146124999999998,0.0447580645161246,6.922983870967684,2025-10-23 09:55:00+05:30,52.5601419375,STOP_LOSS,False,-0.3362669374999996,0.1047840169375,-0.4410509544374996,-0.4210085144272142,Q3
OLAELEC,ORB_50,2.0,2025-10-23,BUY,2025-10-23 11:40:00+05:30,2025-10-23 11:45:00+05:30,53.32665,53.01664999999999,0.3100000000000023,53.94665,2.0,53.0643867636264,0.6733500000000063,0.6266499999999908,2.172096774193553,2.021451612903181,2025-10-23 12:35:00+05:30,52.99014167499999,STOP_LOSS,False,-0.336508325000004,0.106316791675,-0.442825116675004,0.26226323637359883,Q2
OLAELEC,ORB_50,2.0,2025-10-24,SELL,2025-10-24 10:10:00+05:30,2025-10-24 10:15:00+05:30,53.343315,53.773315,0.4299999999999997,52.483315,2.0,53.44815488414994,0.8433149999999969,0.0366850000000056,1.9611976744185988,0.0853139534883852,2025-10-24 15:25:00+05:30,53.0265,END_OF_DAY,False,0.3168149999999983,0.1063698149999999,0.2104451849999983,-0.10483988414994627,Q1_CLOSEST
OLAELEC,ORB_50,2.0,2025-10-27,SELL,2025-10-27 09:45:00+05:30,2025-10-27 09:50:00+05:30,50.924525,51.709525,0.7849999999999966,49.35452500000001,2.0,51.41394480399666,0.3745250000000055,1.0654749999999993,0.4771019108280346,1.3572929936305782,2025-10-27 14:30:00+05:30,51.7353797625,STOP_LOSS,False,-0.8108547625,0.1026599047625,-0.9135146672625,-0.48941980399665397,Q3
OLAELEC,ORB_50,2.0,2025-10-28,BUY,2025-10-28 11:25:00+05:30,2025-10-28 11:30:00+05:30,52.176075,51.791075,0.384999999999998,52.94607499999999,2.0,51.75736984812072,0.8239250000000027,0.6760749999999973,2.140064935064953,1.756038961038963,2025-10-28 13:00:00+05:30,52.9196019625,TARGET,False,0.743526962499999,0.1050956769625,0.638431285537499,0.4187051518792799,Q3
OLAELEC,ORB_50,2.0,2025-10-29,BUY,2025-10-29 11:25:00+05:30,2025-10-29 11:30:00+05:30,52.076025,51.686025,0.3899999999999934,52.85602499999998,2.0,51.54701734129328,0.4439750000000089,0.5560249999999911,1.1383974358974778,1.4257051282051294,2025-10-29 13:55:00+05:30,51.6601819875,STOP_LOSS,False,-0.415843012499991,0.1037362069875,-0.519579219487491,0.5290076587067247,Q4_FARTHEST
OLAELEC,ORB_50,2.0,2025-10-30,BUY,2025-10-30 09:30:00+05:30,2025-10-30 09:35:00+05:30,51.515745,51.295745,0.2199999999999988,51.955745,2.0,51.28643204388608,0.0,0.615745000000004,0.0,2.798840909090942,2025-10-30 09:40:00+05:30,51.2700971275,STOP_LOSS,False,-0.245647872500001,0.1027858421275,-0.3484337146275011,0.22931295611392244,Q1_CLOSEST
OLAELEC,ORB_50,2.0,2025-10-30,SELL,2025-10-30 15:05:00+05:30,2025-10-30 15:10:00+05:30,50.904535,51.124535,0.2199999999999988,50.464535000000005,2.0,51.18416213828641,0.0045350000000041,0.1254649999999983,0.0206136363636554,0.5702954545454502,2025-10-30 15:25:00+05:30,51.0255,END_OF_DAY,False,-0.1209649999999982,0.101930035,-0.2228950349999982,-0.27962713828640773,Q2
OLAELEC,ORB_50,2.0,2025-10-31,SELL,2025-10-31 11:00:00+05:30,2025-10-31 11:05:00+05:30,50.95451,51.07451,0.1199999999999974,50.71451,2.0,51.03995561765734,0.9545099999999992,0.0354900000000029,7.954250000000162,0.2957500000000305,2025-10-31 11:05:00+05:30,50.73986725500001,TARGET,False,0.2146427449999919,0.101694377255,0.1129483677449919,-0.08544561765734215,Q1_CLOSEST
OLAELEC,ORB_50,2.0,2025-10-31,SELL,2025-10-31 13:30:00+05:30,2025-10-31 13:35:00+05:30,50.624675,50.744675,0.1199999999999974,50.384675,2.0,50.88382266185359,0.6246749999999963,0.2753250000000022,5.20562500000008,2.294375000000068,2025-10-31 13:35:00+05:30,50.7700473375,STOP_LOSS,False,-0.1453723374999995,0.1013947223374999,-0.2467670598374995,-0.2591476618535893,Q2
OLAELEC,ORB_50,2.0,2025-11-03,BUY,2025-11-03 10:05:00+05:30,2025-11-03 10:10:00+05:30,50.025,49.375,0.6499999999999986,51.325,2.0,49.50193168990352,1.8250000000000028,1.0649999999999975,2.807692307692318,1.6384615384615386,2025-11-03 10:45:00+05:30,49.3503125,STOP_LOSS,False,-0.6746874999999974,0.0993753125,-0.7740628124999974,0.5230683100964768,Q3
OLAELEC,ORB_50,2.0,2025-11-04,SELL,2025-11-04 10:40:00+05:30,2025-11-04 10:45:00+05:30,50.47475,50.83475,0.3599999999999994,49.75475,2.0,50.82346774965852,0.6047500000000028,0.2652500000000017,1.6798611111111217,0.7368055555555616,2025-11-04 15:25:00+05:30,50.08503,END_OF_DAY,False,0.3897199999999969,0.10055978,0.2891602199999969,-0.348717749658519,Q2
OLAELEC,ORB_50,2.0,2025-11-06,SELL,2025-11-06 11:10:00+05:30,2025-11-06 11:15:00+05:30,49.025475,49.770475,0.7449999999999974,47.535475000000005,2.0,49.40590650779534,1.475475000000003,0.1745250000000027,1.9805033557047087,0.2342617449664474,2025-11-06 15:25:00+05:30,47.673825,END_OF_DAY,False,1.3516499999999994,0.0966993,1.2549506999999993,-0.3804315077953433,Q2
OLAELEC,ORB_50,2.0,2025-11-10,SELL,2025-11-10 11:30:00+05:30,2025-11-10 11:35:00+05:30,45.3773,45.8923,0.5150000000000006,44.3473,2.0,45.69292135161937,1.157299999999999,0.4127000000000009,2.2471844660194136,0.8013592233009719,2025-11-10 12:15:00+05:30,44.36947365,TARGET,False,1.007826350000002,0.08974677365,0.918079576350002,-0.3156213516193702,Q2
OLAELEC,ORB_50,2.0,2025-11-11,SELL,2025-11-11 12:35:00+05:30,2025-11-11 12:40:00+05:30,42.068955,42.918955,0.8500000000000014,40.368955,2.0,42.83821663967277,0.0,0.9310449999999976,0.0,1.0953470588235246,2025-11-11 12:45:00+05:30,42.940414477500006,STOP_LOSS,False,-0.8714594775000037,0.0850093694775,-0.9564688469775038,-0.7692616396727701,Q4_FARTHEST
OLAELEC,ORB_50,2.0,2025-11-12,SELL,2025-11-12 11:10:00+05:30,2025-11-12 11:15:00+05:30,42.968505,43.658505,0.6899999999999977,41.588505000000005,2.0,43.66232572528678,1.1685050000000032,0.7814949999999996,1.693485507246387,1.1326014492753655,2025-11-12 15:20:00+05:30,43.6803342525,STOP_LOSS,False,-0.7118292524999958,0.0866488392525,-0.7984780917524958,-0.693820725286777,Q4_FARTHEST
OLAELEC,ORB_50,2.0,2025-11-13,SELL,2025-11-13 09:30:00+05:30,2025-11-13 09:35:00+05:30,41.929025,42.39902500000001,0.4700000000000059,40.98902499999999,2.0,42.18180678022716,0.0290250000000042,0.8609749999999963,0.0617553191489445,1.8318617021276284,2025-11-13 09:35:00+05:30,42.420224512500006,STOP_LOSS,False,-0.4911995125000032,0.0843492495125,-0.5755487620125033,-0.2527817802271599,Q2
OLAELEC,ORB_50,2.0,2025-11-17,SELL,2025-11-17 14:25:00+05:30,2025-11-17 14:30:00+05:30,41.75911,42.29411,0.5350000000000037,40.68910999999999,2.0,42.45378500778336,0.0,0.6408899999999988,0.0,1.1979252336448494,2025-11-17 14:45:00+05:30,42.315257055,STOP_LOSS,False,-0.5561470550000038,0.084074367055,-0.6402214220550039,-0.6946750077833599,Q4_FARTHEST
OLAELEC,ORB_50,2.0,2025-11-20,SELL,2025-11-20 09:40:00+05:30,2025-11-20 09:45:00+05:30,41.709135,41.809135,0.1000000000000014,41.50913499999999,2.0,41.75595420297197,0.7091349999999963,0.6408650000000051,7.091349999999863,6.40864999999996,2025-11-20 09:45:00+05:30,41.52988956749999,TARGET,False,0.1792454325000037,0.0832390245675,0.0960064079325036,-0.0468192029719674,Q1_CLOSEST
OLAELEC,ORB_50,2.0,2025-11-20,BUY,2025-11-20 10:55:00+05:30,2025-11-20 11:00:00+05:30,42.271125,42.171125,0.1000000000000014,42.471125,2.0,41.74381235441249,0.0788750000000035,0.4711250000000007,0.7887500000000246,4.71124999999994,2025-11-20 11:50:00+05:30,42.1500394375,STOP_LOSS,False,-0.1210855624999993,0.0844211644375,-0.2055067269374993,0.5273126455875072,Q4_FARTHEST
OLAELEC,ORB_50,2.0,2025-11-24,SELL,2025-11-24 11:45:00+05:30,2025-11-24 11:50:00+05:30,41.3793,41.9543,0.5750000000000028,40.2293,2.0,41.76280165400134,0.8793000000000006,0.1206999999999993,1.5292173913043414,0.2099130434782587,2025-11-24 15:25:00+05:30,41.270625,END_OF_DAY,False,0.108674999999998,0.082649925,0.026025074999998,-0.38350165400134273,Q3
OLAELEC,ORB_50,2.0,2025-11-26,BUY,2025-11-26 10:20:00+05:30,2025-11-26 10:25:00+05:30,41.150565,41.005565,0.144999999999996,41.44056499999999,2.0,40.98712767220285,0.5994349999999997,1.1505650000000005,4.134034482758732,7.934931034482978,2025-11-26 10:25:00+05:30,41.41984471749999,TARGET,False,0.269279717499991,0.0825704097174999,0.186709307782491,0.1634373277971477,Q1_CLOSEST
OLAELEC,ORB_50,2.0,2025-11-26,SELL,2025-11-26 14:05:00+05:30,2025-11-26 14:10:00+05:30,40.649665,40.794665,0.144999999999996,40.35966500000001,2.0,41.103199480676224,0.6496649999999988,0.330334999999998,4.480448275862184,2.2781724137931523,2025-11-26 14:10:00+05:30,40.8150623325,STOP_LOSS,False,-0.1653973324999995,0.0814647273324999,-0.2468620598324995,-0.45353448067622537,Q3
OLAELEC,ORB_50,2.0,2025-11-27,BUY,2025-11-27 10:05:00+05:30,2025-11-27 10:10:00+05:30,41.290635,41.045635,0.2449999999999974,41.780635,2.0,40.92120475495541,0.4893649999999994,0.5606350000000049,1.9974081632653244,2.2883061224490238,2025-11-27 11:05:00+05:30,41.0251121825,STOP_LOSS,False,-0.265522817499999,0.0823157471825,-0.3478385646824991,0.3694302450445903,Q2
OLAELEC,ORB_50,2.0,2025-11-28,SELL,2025-11-28 09:30:00+05:30,2025-11-28 09:35:00+05:30,41.25936,41.65936000000001,0.4000000000000057,40.45935999999999,2.0,41.49456615870905,0.3893600000000035,0.5906400000000005,0.9733999999999948,1.4765999999999802,2025-11-28 11:40:00+05:30,41.680189680000005,STOP_LOSS,False,-0.4208296800000042,0.08293954968,-0.5037692296800043,-0.23520615870904749,Q1_CLOSEST
OLAELEC,ORB_50,2.0,2025-12-01,SELL,2025-12-01 09:35:00+05:30,2025-12-01 09:40:00+05:30,40.59969,40.85468999999999,0.2549999999999954,40.08969,2.0,40.84480381235221,0.0996899999999954,1.3503100000000074,0.3909411764705771,5.295333333333457,2025-12-01 10:05:00+05:30,40.87511734499999,STOP_LOSS,False,-0.2754273449999971,0.0814748073449999,-0.3569021523449971,-0.24511381235220853,Q1_CLOSEST
OLAELEC,ORB_50,2.0,2025-12-01,BUY,2025-12-01 14:00:00+05:30,2025-12-01 14:05:00+05:30,41.4207,41.1657,0.2549999999999954,41.93069999999999,2.0,41.070072274640346,0.5293000000000063,0.9006999999999934,2.0756862745098656,3.532156862745135,2025-12-01 14:05:00+05:30,41.90973464999999,TARGET,False,0.4890346499999936,0.08333043465,0.4057042153499935,0.3506277253596508,Q2
OLAELEC,ORB_50,2.0,2025-12-01,SELL,2025-12-01 14:50:00+05:30,2025-12-01 14:55:00+05:30,40.5797,40.8347,0.2549999999999954,40.06970000000001,2.0,41.09437857296254,0.0596999999999994,0.2902999999999949,0.2341176470588254,1.1384313725490198,2025-12-01 14:55:00+05:30,40.85511735,STOP_LOSS,False,-0.2754173499999979,0.08143481735,-0.3568521673499979,-0.5146785729625378,Q3
OLAELEC,ORB_50,2.0,2025-12-02,SELL,2025-12-02 09:30:00+05:30,2025-12-02 09:35:00+05:30,40.47975,41.02975,0.5499999999999972,39.37975000000001,2.0,40.79320952085296,0.5397500000000051,1.0602499999999964,0.9813636363636506,1.927727272727276,2025-12-02 09:45:00+05:30,41.050264875,STOP_LOSS,False,-0.5705148750000006,0.081530014875,-0.6520448898750006,-0.3134595208529589,Q2
OLAELEC,ORB_50,2.0,2025-12-03,SELL,2025-12-03 09:30:00+05:30,2025-12-03 09:35:00+05:30,39.66016,39.96016,0.3000000000000042,39.06015999999999,2.0,39.995893952496495,1.6301599999999965,0.0998400000000003,5.433866666666578,0.3327999999999965,2025-12-03 09:55:00+05:30,39.07969007999999,TARGET,False,0.5804699200000059,0.0787398500799999,0.5017300699200059,-0.33573395249649707,Q2
OLAELEC,ORB_50,2.0,2025-12-04,SELL,2025-12-04 11:35:00+05:30,2025-12-04 11:40:00+05:30,36.271855,37.251855000000006,0.980000000000004,34.311854999999994,2.0,37.039086126913965,0.1518550000000047,0.2281449999999978,0.1549540816326572,0.2328010204081601,2025-12-04 15:25:00+05:30,36.13806,END_OF_DAY,False,0.1337950000000063,0.072409915,0.0613850850000063,-0.7672311269139627,Q4_FARTHEST
OLAELEC,ORB_50,2.0,2025-12-08,SELL,2025-12-08 09:35:00+05:30,2025-12-08 09:40:00+05:30,34.88255,35.54755,0.6649999999999991,33.552550000000004,2.0,35.50641327948239,1.2825500000000003,0.3374499999999969,1.9286466165413567,0.5074436090225524,2025-12-08 15:25:00+05:30,34.427204999999994,END_OF_DAY,False,0.4553450000000083,0.069309755,0.3860352450000083,-0.6238632794823857,Q4_FARTHEST
OLAELEC,ORB_50,2.0,2025-12-09,SELL,2025-12-09 09:55:00+05:30,2025-12-09 10:00:00+05:30,33.22338,33.678380000000004,0.4550000000000054,32.31337999999999,2.0,33.64143231149314,0.0,2.026620000000001,0.0,4.45410989010984,2025-12-09 10:05:00+05:30,33.69521919,STOP_LOSS,False,-0.4718391900000043,0.06691859919,-0.5387577891900043,-0.4180523114931418,Q3
OLAELEC,ORB_50,2.0,2025-12-09,BUY,2025-12-09 11:50:00+05:30,2025-12-09 11:55:00+05:30,34.487235,34.032235,0.4549999999999983,35.397234999999995,2.0,33.94248600070753,0.7627650000000017,0.6472349999999949,1.6764065934066037,1.4224945054944995,2025-12-09 12:40:00+05:30,34.0152188825,STOP_LOSS,False,-0.4720161174999973,0.0685024538825,-0.5405185713824973,0.5447489992924659,Q4_FARTHEST
OLAELEC,ORB_50,2.0,2025-12-10,SELL,2025-12-10 12:40:00+05:30,2025-12-10 12:45:00+05:30,34.28285,34.63285,0.3500000000000014,33.58284999999999,2.0,34.73740521712933,0.2628499999999931,0.2271500000000017,0.7509999999999774,0.6490000000000024,2025-12-10 15:25:00+05:30,34.11705,END_OF_DAY,False,0.1657999999999972,0.0683999,0.0974000999999972,-0.45455521712932523,Q3
OLAELEC,ORB_50,2.0,2025-12-11,BUY,2025-12-11 09:50:00+05:30,2025-12-11 09:55:00+05:30,34.307145,34.092145,0.2149999999999963,34.73714499999999,2.0,34.07558988401755,3.3928550000000044,0.2271450000000001,15.78072093023285,1.056488372093042,2025-12-11 09:55:00+05:30,34.0750989275,STOP_LOSS,False,-0.2320460724999975,0.0683822439275,-0.3004283164274975,0.23155511598244516,Q1_CLOSEST
OLAELEC,ORB_50,2.0,2025-12-15,SELL,2025-12-15 09:45:00+05:30,2025-12-15 09:50:00+05:30,36.20189,36.52689,0.3250000000000028,35.55188999999999,2.0,36.47699644199966,0.1018899999999973,1.6981099999999998,0.3135076923076815,5.2249538461538,2025-12-15 12:30:00+05:30,36.545153445,STOP_LOSS,False,-0.3432634450000051,0.072747043445,-0.4160104884450051,-0.27510644199966094,Q2
OLAELEC,ORB_50,2.0,2025-12-16,SELL,2025-12-16 09:30:00+05:30,2025-12-16 09:35:00+05:30,36.411785,36.656785,0.2449999999999974,35.92178500000001,2.0,36.608333526213976,2.2517850000000053,0.038215000000001,9.190959183673586,0.1559795918367404,2025-12-16 09:40:00+05:30,35.93974589250001,TARGET,False,0.4720391074999952,0.0723515308925,0.3996875766074952,-0.19654852621397367,Q1_CLOSEST
OLAELEC,ORB_50,2.0,2025-12-17,SELL,2025-12-17 09:40:00+05:30,2025-12-17 09:45:00+05:30,33.933025,34.868025,0.9350000000000024,32.063025,2.0,34.85721148011186,1.263024999999999,0.4169750000000007,1.3508288770053432,0.4459625668449195,2025-12-17 15:25:00+05:30,32.816399999999994,END_OF_DAY,False,1.1166250000000062,0.066749425,1.0498755750000062,-0.9241864801118567,Q4_FARTHEST
OLAELEC,ORB_50,2.0,2025-12-18,SELL,2025-12-18 09:30:00+05:30,2025-12-18 09:35:00+05:30,31.654165000000003,32.464165,0.8099999999999987,30.034165000000005,2.0,32.22322860955716,0.894165000000001,1.3958349999999946,1.1039074074074104,1.723253086419749,2025-12-18 09:45:00+05:30,32.4803970825,STOP_LOSS,False,-0.8262320824999954,0.0641345620825,-0.8903666445824954,-0.5690636095571584,Q4_FARTHEST
OLAELEC,ORB_50,2.0,2025-12-19,BUY,2025-12-19 09:30:00+05:30,2025-12-19 09:35:00+05:30,33.766875,32.931875,0.8350000000000009,35.436875,2.0,33.3211520782949,0.6131250000000037,0.3668750000000003,0.7342814371257522,0.4393712574850298,2025-12-19 15:25:00+05:30,34.36281,END_OF_DAY,False,0.5959350000000043,0.068129685,0.5278053150000044,0.445722921705098,Q3
OLAELEC,ORB_50,2.0,2025-12-22,BUY,2025-12-22 09:30:00+05:30,2025-12-22 09:35:00+05:30,34.827405,34.117405,0.7100000000000009,36.247405,2.0,34.245558193610705,0.2725950000000026,0.9874049999999954,0.383936619718313,1.3907112676056257,2025-12-22 09:50:00+05:30,34.1003462975,STOP_LOSS,False,-0.7270587025000026,0.0689277512974999,-0.7959864537975025,0.5818468063892936,Q4_FARTHEST
OLAELEC,ORB_50,2.0,2025-12-23,BUY,2025-12-23 10:00:00+05:30,2025-12-23 10:05:00+05:30,34.737359999999995,34.47736,0.259999999999998,35.25735999999999,2.0,34.50050864455137,1.362640000000006,0.177359999999993,5.24092307692314,0.6821538461538248,2025-12-23 10:10:00+05:30,35.23973131999999,TARGET,False,0.5023713199999946,0.0699770913199999,0.4323942286799946,0.23685135544862845,Q1_CLOSEST
OLAELEC,ORB_50,2.0,2025-12-23,BUY,2025-12-23 10:40:00+05:30,2025-12-23 10:45:00+05:30,35.33766,35.07766,0.259999999999998,35.85766,2.0,35.25261114383298,0.082340000000002,0.7776599999999974,0.3166923076923181,2.9910000000000125,2025-12-23 11:15:00+05:30,35.06012117,STOP_LOSS,False,-0.2775388299999974,0.07039778117,-0.3479366111699974,0.0850488561670204,Q1_CLOSEST
OLAELEC,ORB_50,2.0,2025-12-24,SELL,2025-12-24 10:05:00+05:30,2025-12-24 10:10:00+05:30,34.84257,35.10257,0.259999999999998,34.322570000000006,2.0,35.085522582349306,0.0125700000000037,1.0574299999999963,0.0483461538461686,4.06703846153848,2025-12-24 11:10:00+05:30,35.120121285,STOP_LOSS,False,-0.2775512850000012,0.069962691285,-0.3475139762850012,-0.24295258234930373,Q1_CLOSEST
OLAELEC,ORB_50,2.0,2025-12-24,BUY,2025-12-24 11:20:00+05:30,2025-12-24 11:25:00+05:30,35.647815,35.387815,0.259999999999998,36.167815,2.0,35.18818199063998,0.1321849999999997,0.5778150000000011,0.5084038461538491,2.2223653846154057,2025-12-24 11:30:00+05:30,35.3701210925,STOP_LOSS,False,-0.2776939075000015,0.0710179360925,-0.3487118435925015,0.4596330093600187,Q3
OLAELEC,ORB_50,2.0,2025-12-26,SELL,2025-12-26 11:15:00+05:30,2025-12-26 11:20:00+05:30,36.20189,36.69689,0.4949999999999974,35.211890000000004,2.0,36.61458708998303,0.3418899999999993,0.2881100000000032,0.690686868686871,0.5820404040404135,2025-12-26 15:25:00+05:30,36.13806,END_OF_DAY,False,0.0638300000000029,0.0723399499999999,-0.008509949999997,-0.412697089983034,Q3
OLAELEC,ORB_50,2.0,2025-12-29,SELL,2025-12-29 10:10:00+05:30,2025-12-29 10:15:00+05:30,35.712135,36.05213499999999,0.3399999999999963,35.032135000000004,2.0,35.954557575867334,0.862134999999995,0.0778650000000027,2.535691176470601,0.2290147058823634,2025-12-29 12:20:00+05:30,35.0496510675,TARGET,False,0.6624839324999954,0.0707617860675,0.5917221464324953,-0.24242257586733018,Q1_CLOSEST
OLAELEC,ORB_50,2.0,2025-12-30,BUY,2025-12-30 09:45:00+05:30,2025-12-30 09:50:00+05:30,35.827905,35.642905,0.1850000000000022,36.197905000000006,2.0,35.65658380333274,0.972094999999996,0.1079050000000023,5.254567567567481,0.5832702702702759,2025-12-30 10:35:00+05:30,36.17980604750001,TARGET,False,0.3519010475000073,0.0720077110475,0.2798933364525072,0.17132119666726453,Q1_CLOSEST
OLAELEC,ORB_50,2.0,2025-12-31,SELL,2025-12-31 10:45:00+05:30,2025-12-31 10:50:00+05:30,36.361810000000006,36.91181,0.5499999999999972,35.26181000000001,2.0,36.958322760697584,0.4518100000000089,0.4281899999999936,0.8214727272727478,0.7785272727272652,2025-12-31 15:25:00+05:30,36.2181,END_OF_DAY,False,0.1437100000000057,0.07257991,0.0711300900000057,-0.5965127606975784,Q4_FARTHEST
OLAELEC,ORB_50,2.0,2026-01-01,BUY,2026-01-01 09:30:00+05:30,2026-01-01 09:35:00+05:30,36.53826,36.31826,0.2199999999999988,36.97826,2.0,36.37280969101833,1.6217399999999955,0.2382600000000039,7.371545454545473,1.0830000000000233,2026-01-01 10:20:00+05:30,36.30010087,STOP_LOSS,False,-0.2381591299999996,0.07283836087,-0.3109974908699996,0.16545030898166857,Q1_CLOSEST
OLAELEC,ORB_50,2.0,2026-01-02,BUY,2026-01-02 09:35:00+05:30,2026-01-02 09:40:00+05:30,39.269625,38.569625,0.6999999999999957,40.66962499999999,2.0,38.79545277869855,1.930375000000005,0.2496249999999946,2.7576785714285954,0.3566071428571374,2026-01-02 10:00:00+05:30,40.64929018749999,TARGET,False,1.379665187499988,0.0799189151874999,1.2997462723124882,0.4741722213014512,Q3
OLAELEC,ORB_50,2.0,2026-01-05,SELL,2026-01-05 09:30:00+05:30,2026-01-05 09:35:00+05:30,39.770105,40.795105,1.0249999999999986,37.720105,2.0,40.43501466435618,0.0201050000000009,4.519894999999998,0.0196146341463423,4.409653658536589,2026-01-05 09:50:00+05:30,40.8155025525,STOP_LOSS,False,-1.045397552499999,0.0805856075525,-1.125983160052499,-0.6649096643561805,Q4_FARTHEST
OLAELEC,ORB_50,2.0,2026-01-05,BUY,2026-01-05 10:35:00+05:30,2026-01-05 10:40:00+05:30,42.12105,41.096050000000005,1.0249999999999986,44.17105,2.0,41.20999072439418,2.1689499999999957,0.4710500000000053,2.116048780487803,0.4595609756097619,2026-01-05 12:15:00+05:30,44.148964475,TARGET,False,2.027914474999996,0.086270014475,1.941644460524996,0.9110592756058153,Q4_FARTHEST
OLAELEC,ORB_50,2.0,2026-01-06,SELL,2026-01-06 09:55:00+05:30,2026-01-06 10:00:00+05:30,43.03847,44.14847,1.1099999999999994,40.818470000000005,2.0,44.35361667141584,1.338470000000001,1.131529999999998,1.2058288288288304,1.019396396396395,2026-01-06 15:05:00+05:30,44.170544235,STOP_LOSS,False,-1.1320742349999977,0.087209014235,-1.2192832492349974,-1.315146671415846,Q4_FARTHEST
OLAELEC,ORB_50,2.0,2026-01-07,SELL,2026-01-07 09:55:00+05:30,2026-01-07 10:00:00+05:30,42.588695,43.303695000000005,0.7150000000000034,41.158695,2.0,43.10990871502107,0.778694999999999,0.3913049999999956,1.0890839160839094,0.5472797202797115,2026-01-07 15:25:00+05:30,42.111045,END_OF_DAY,False,0.477649999999997,0.08469974,0.392950259999997,-0.5212137150210694,Q3
OLAELEC,ORB_50,2.0,2026-01-08,SELL,2026-01-08 09:45:00+05:30,2026-01-08 09:50:00+05:30,41.25936,41.72936,0.4699999999999988,40.31936,2.0,41.58681995108228,1.1393600000000037,0.240639999999999,2.4241702127659708,0.5119999999999992,2026-01-08 15:15:00+05:30,40.33951968,TARGET,False,0.9198403199999988,0.08159887968,0.8382414403199987,-0.32745995108228243,Q2
OLAELEC,ORB_50,2.0,2026-01-09,SELL,2026-01-09 13:10:00+05:30,2026-01-09 13:15:00+05:30,39.490245,40.240245,0.75,37.990245,2.0,40.261492889014015,0.3102449999999948,0.3497550000000089,0.413659999999993,0.4663400000000119,2026-01-09 15:25:00+05:30,39.47973,END_OF_DAY,False,0.0105149999999909,0.078969975,-0.068454975000009,-0.7712478890140133,Q4_FARTHEST
OLAELEC,ORB_50,2.0,2026-01-12,BUY,2026-01-12 12:25:00+05:30,2026-01-12 12:30:00+05:30,39.849915,38.984915,0.865000000000002,41.579915,2.0,38.853176622338346,0.5000850000000057,0.919914999999996,0.5781329479768839,1.063485549132941,2026-01-12 15:10:00+05:30,38.9654225425,STOP_LOSS,False,-0.8844924575000022,0.0788153375424999,-0.9633077950425022,0.9967383776616572,Q4_FARTHEST
OLAELEC,ORB_50,2.0,2026-01-13,SELL,2026-01-13 12:00:00+05:30,2026-01-13 12:05:00+05:30,39.46026,39.91026,0.4499999999999957,38.56026000000001,2.0,39.970884168200975,0.960259999999998,0.1097400000000021,2.1339111111111277,0.2438666666666738,2026-01-13 15:25:00+05:30,38.579540130000005,TARGET,False,0.880719869999993,0.07803980013,0.802680069869993,-0.5106241682009767,Q3
OLAELEC,ORB_50,2.0,2026-01-14,SELL,2026-01-14 09:30:00+05:30,2026-01-14 09:35:00+05:30,38.56071,38.82571,0.2650000000000005,38.03071,2.0,38.69762937877879,0.3507099999999994,0.9192899999999966,1.3234339622641458,3.469018867924508,2026-01-14 11:30:00+05:30,38.845122855,STOP_LOSS,False,-0.2844128549999993,0.077405832855,-0.3618186878549994,-0.13691937877879212,Q1_CLOSEST
OLAELEC,ORB_50,2.0,2026-01-14,BUY,2026-01-14 11:50:00+05:30,2026-01-14 11:55:00+05:30,39.269625,39.004625,0.2650000000000005,39.799625,2.0,38.73225003512636,0.0703750000000056,0.7296249999999986,0.2655660377358697,2.7533018867924417,2026-01-14 12:05:00+05:30,38.9851226875,STOP_LOSS,False,-0.2845023125000026,0.0782547476874999,-0.3627570601875025,0.537374964873635,Q4_FARTHEST
OLAELEC,ORB_50,2.0,2026-01-16,SELL,2026-01-16 09:30:00+05:30,2026-01-16 09:35:00+05:30,38.450765,38.770765,0.3200000000000003,37.810765,2.0,38.84837700810988,1.440764999999999,0.2392350000000007,4.502390624999992,0.7476093750000017,2026-01-16 11:15:00+05:30,37.8296703825,TARGET,False,0.621094617499999,0.0762804353825,0.544814182117499,-0.3976120081098813,Q3
OLAELEC,ORB_50,2.0,2026-01-19,SELL,2026-01-19 10:40:00+05:30,2026-01-19 10:45:00+05:30,35.832075,36.392075000000006,0.5600000000000023,34.712075,2.0,36.19099288318756,0.282075000000006,0.9079249999999988,0.5037053571428659,1.621294642857134,2026-01-19 11:30:00+05:30,36.4102710375,STOP_LOSS,False,-0.5781960374999997,0.0722423460375,-0.6504383835374997,-0.3589178831875586,Q2
OLAELEC,ORB_50,2.0,2026-01-20,SELL,2026-01-20 09:30:00+05:30,2026-01-20 09:35:00+05:30,34.46276,35.10276,0.6400000000000006,33.182759999999995,2.0,34.86952540143204,2.292759999999994,0.1172400000000024,3.582437499999988,0.1831875000000036,2026-01-20 11:10:00+05:30,33.19935138,TARGET,False,1.26340862,0.06766211138,1.19574650862,-0.40676540143203965,Q3
OLAELEC,ORB_50,2.0,2026-01-21,BUY,2026-01-21 10:05:00+05:30,2026-01-21 10:10:00+05:30,33.726855,33.046855,0.6799999999999997,35.086855,2.0,33.312411492039764,0.4231449999999981,1.106855000000003,0.6222720588235269,1.6277279411764758,2026-01-21 10:15:00+05:30,33.0303315725,STOP_LOSS,False,-0.6965234274999972,0.0667571865725,-0.7632806140724971,0.414443507960236,Q3
OLAELEC,ORB_50,2.0,2026-01-22,SELL,2026-01-22 09:55:00+05:30,2026-01-22 10:00:00+05:30,33.12343,33.44843,0.3250000000000028,32.47342999999999,2.0,33.38921590100695,0.5334299999999956,0.1365699999999989,1.6413230769230491,0.4202153846153778,2026-01-22 15:25:00+05:30,33.09654,END_OF_DAY,False,0.0268900000000016,0.0662199699999999,-0.0393299699999983,-0.2657859010069501,Q2
OLAELEC,ORB_50,2.0,2026-01-23,SELL,2026-01-23 10:20:00+05:30,2026-01-23 10:25:00+05:30,32.633675,32.933674999999994,0.2999999999999971,32.033675,2.0,32.87124748838478,0.9136749999999978,0.1663250000000005,3.045583333333355,0.5544166666666736,2026-01-23 13:45:00+05:30,32.0496918375,TARGET,False,0.5839831624999974,0.0646833668374999,0.5192997956624974,-0.23757248838478517,Q1_CLOSEST
OLAELEC,ORB_50,2.0,2026-01-27,SELL,2026-01-27 13:35:00+05:30,2026-01-27 13:40:00+05:30,30.894545,31.529545,0.634999999999998,29.624545000000005,2.0,31.16460668350086,0.1345449999999992,1.3554549999999992,0.211881889763779,2.134574803149612,2026-01-27 15:15:00+05:30,31.5453097725,STOP_LOSS,False,-0.650764772499997,0.0624398547725,-0.713204627272497,-0.2700616835008596,Q2
OLAELEC,ORB_50,2.0,2026-01-28,SELL,2026-01-28 10:25:00+05:30,2026-01-28 10:30:00+05:30,31.74412,32.08412,0.3399999999999963,31.06412000000001,2.0,32.11995297227572,0.0841200000000021,0.575879999999998,0.2474117647058915,1.6937647058823653,2026-01-28 11:05:00+05:30,32.100162059999995,STOP_LOSS,False,-0.3560420599999929,0.06384428206,-0.4198863420599929,-0.3758329722757203,Q2
OLAELEC,ORB_50,2.0,2026-01-29,SELL,2026-01-29 09:35:00+05:30,2026-01-29 09:40:00+05:30,31.72413,31.92413,0.1999999999999993,31.32413,2.0,31.861434859704907,0.4141300000000001,0.3258699999999983,2.070650000000008,1.6293499999999974,2026-01-29 10:45:00+05:30,31.339792065,TARGET,False,0.3843379349999978,0.063063922065,0.3212740129349978,-0.13730485970490847,Q1_CLOSEST
OLAELEC,ORB_50,2.0,2026-01-30,BUY,2026-01-30 09:30:00+05:30,2026-01-30 09:35:00+05:30,32.606295,32.08629500000001,0.519999999999996,33.646294999999995,2.0,32.09700180875992,0.2437049999999985,0.5662950000000038,0.4686634615384623,1.0890288461538618,2026-01-30 13:25:00+05:30,32.07025185250001,STOP_LOSS,False,-0.5360431474999956,0.0646765468525,-0.6007196943524956,0.5092931912400829,Q3
OLAELEC,ORB_50,2.0,2026-02-01,SELL,2026-02-01 12:25:00+05:30,2026-02-01 12:30:00+05:30,31.614185,32.104185,0.490000000000002,30.634184999999995,2.0,32.148842902592904,0.4641850000000005,0.4958150000000003,0.9473163265306096,1.011867346938772,2026-02-01 12:40:00+05:30,32.1202370925,STOP_LOSS,False,-0.5060520924999992,0.0637344220924999,-0.5697865145924992,-0.5346579025929046,Q4_FARTHEST
OLAELEC,ORB_50,2.0,2026-02-02,SELL,2026-02-02 10:20:00+05:30,2026-02-02 10:25:00+05:30,31.12443,31.43943,0.3150000000000013,30.49443,2.0,31.328297590835213,0.6644299999999994,0.8655699999999982,2.109301587301577,2.747841269841253,2026-02-02 11:05:00+05:30,30.509677215,TARGET,False,0.6147527850000039,0.061634107215,0.5531186777850039,-0.20386759083521255,Q1_CLOSEST
OLAELEC,ORB_50,2.0,2026-02-02,BUY,2026-02-02 15:10:00+05:30,2026-02-02 15:15:00+05:30,31.91595,31.60095,0.3150000000000013,32.545950000000005,2.0,31.13148177184053,0.0740499999999997,0.115949999999998,0.2350793650793632,0.3680952380952302,2026-02-02 15:25:00+05:30,31.934025,END_OF_DAY,False,0.0180749999999996,0.063849975,-0.0457749750000003,0.7844682281594686,Q4_FARTHEST
OLAELEC,ORB_50,2.0,2026-02-03,SELL,2026-02-03 09:30:00+05:30,2026-02-03 09:35:00+05:30,32.033975,32.763974999999995,0.7299999999999969,30.573975000000004,2.0,32.36877036197513,1.2339749999999974,0.0560250000000053,1.6903767123287707,0.0767465753424733,2026-02-03 15:25:00+05:30,30.99549,END_OF_DAY,False,1.038484999999998,0.063029465,0.9754555349999978,-0.33479536197513227,Q2
OLAELEC,ORB_50,2.0,2026-02-04,BUY,2026-02-04 09:30:00+05:30,2026-02-04 09:35:00+05:30,31.505745,31.160745,0.3449999999999988,32.195744999999995,2.0,31.314495613437654,0.8742550000000051,0.0457449999999965,2.534072463768139,0.1325942028985413,2026-02-04 14:15:00+05:30,32.1796471275,TARGET,False,0.6739021274999999,0.0636853921274999,0.6102167353724999,0.19124938656234747,Q1_CLOSEST
OLAELEC,ORB_50,2.0,2026-02-05,SELL,2026-02-05 09:35:00+05:30,2026-02-05 09:40:00+05:30,31.64417,31.93917,0.2949999999999981,31.054170000000003,2.0,31.8317382525778,0.3641699999999979,0.0358300000000006,1.234474576271187,0.1214576271186471,2026-02-05 15:25:00+05:30,31.525755,END_OF_DAY,False,0.1184149999999988,0.063169925,0.0552450749999988,-0.18756825257780108,Q1_CLOSEST
OLAELEC,ORB_50,2.0,2026-02-06,SELL,2026-02-06 09:40:00+05:30,2026-02-06 09:45:00+05:30,31.10444,31.324440000000003,0.2200000000000024,30.664439999999995,2.0,31.254456919986644,0.03444,0.6955600000000004,0.1565454545454529,3.161636363636331,2026-02-06 11:05:00+05:30,31.34010222,STOP_LOSS,False,-0.2356622200000018,0.06244454222,-0.2981067622200018,-0.15001691998664413,Q1_CLOSEST
OLAELEC,ORB_50,2.0,2026-02-06,BUY,2026-02-06 14:55:00+05:30,2026-02-06 15:00:00+05:30,31.645815,31.425815,0.2199999999999988,32.085815,2.0,31.357222933693475,0.1541850000000018,0.0358149999999994,0.7008409090909209,0.162795454545453,2026-02-06 15:25:00+05:30,31.674155000000003,END_OF_DAY,False,0.0283400000000035,0.06331997,-0.0349799699999964,0.28859206630652423,Q2
OLAELEC,ORB_50,2.0,2026-02-10,SELL,2026-02-10 13:20:00+05:30,2026-02-10 13:25:00+05:30,31.534225,32.024225,0.490000000000002,30.554224999999995,2.0,31.93820820514065,0.5342249999999993,0.0757750000000001,1.0902551020408104,0.1546428571428568,2026-02-10 15:25:00+05:30,31.305645,END_OF_DAY,False,0.2285800000000009,0.0628398699999999,0.1657401300000009,-0.40398320514065134,Q3
OLAELEC,ORB_50,2.0,2026-02-12,SELL,2026-02-12 11:15:00+05:30,2026-02-12 11:20:00+05:30,31.154415,31.334415,0.1799999999999997,30.794415,2.0,31.250263762397644,0.3844150000000006,0.0455849999999991,2.1356388888888955,0.2532499999999953,2026-02-12 15:15:00+05:30,30.8098122075,TARGET,False,0.3446027924999981,0.0619642272075,0.2826385652924981,-0.09584876239764384,Q1_CLOSEST
OLAELEC,ORB_50,2.0,2026-02-13,SELL,2026-02-13 09:30:00+05:30,2026-02-13 09:35:00+05:30,30.46476,30.62476,0.1600000000000001,30.14476,2.0,30.64137657882399,0.0547600000000016,0.965239999999998,0.3422500000000103,6.032749999999981,2026-02-13 09:40:00+05:30,30.640072380000003,STOP_LOSS,False,-0.1753123800000011,0.06110483238,-0.2364172123800011,-0.1766165788239924,Q1_CLOSEST
OLAELEC,ORB_50,2.0,2026-02-13,BUY,2026-02-13 11:55:00+05:30,2026-02-13 12:00:00+05:30,30.95547,30.79547,0.1600000000000001,31.27547,2.0,30.71952201232608,0.4745299999999979,0.2254700000000014,2.965812499999984,1.4091875000000074,2026-02-13 12:05:00+05:30,31.259832265000004,TARGET,False,0.3043622650000017,0.062215302265,0.2421469627350017,0.23594798767391723,Q1_CLOSEST
OLAELEC,ORB_50,2.0,2026-02-17,SELL,2026-02-17 09:30:00+05:30,2026-02-17 09:35:00+05:30,27.64617,28.08117,0.4349999999999987,26.776170000000004,2.0,27.95669872050957,0.286170000000002,0.7538299999999971,0.6578620689655239,1.7329425287356306,2026-02-17 10:00:00+05:30,28.095210585,STOP_LOSS,False,-0.4490405849999987,0.055741380585,-0.5047819655849988,-0.3105287205095699,Q2
OLAELEC,ORB_50,2.0,2026-02-19,SELL,2026-02-19 11:15:00+05:30,2026-02-19 11:20:00+05:30,27.776105,28.106105,0.3300000000000018,27.116104999999997,2.0,27.976838574612817,0.4761049999999969,0.0338950000000011,1.4427424242424067,0.102712121212124,2026-02-19 15:25:00+05:30,27.45372,END_OF_DAY,False,0.322384999999997,0.0552298249999999,0.267155174999997,-0.2007335746128156,Q1_CLOSEST
OLAELEC,ORB_50,2.0,2026-02-20,SELL,2026-02-20 13:40:00+05:30,2026-02-20 13:45:00+05:30,26.736625,27.001625,0.264999999999997,26.20662500000001,2.0,26.99831486197566,0.4366249999999994,0.1433749999999989,1.6476415094339785,0.5410377358490587,2026-02-20 15:25:00+05:30,26.45322,END_OF_DAY,False,0.2834049999999983,0.053189845,0.2302151549999983,-0.26168986197566113,Q2
OLAELEC,ORB_50,2.0,2026-02-23,SELL,2026-02-23 09:30:00+05:30,2026-02-23 09:35:00+05:30,26.02698,26.28698,0.2600000000000015,25.506979999999995,2.0,26.166323632807327,0.3269799999999989,0.7530200000000029,1.257615384615373,2.896230769230763,2026-02-23 12:25:00+05:30,26.30012349,STOP_LOSS,False,-0.2731434900000025,0.05232710349,-0.3254705934900025,-0.13934363280732853,Q1_CLOSEST
OLAELEC,ORB_50,2.0,2026-02-23,SELL,2026-02-23 13:55:00+05:30,2026-02-23 14:00:00+05:30,26.04697,26.30697,0.2600000000000015,25.526969999999995,2.0,26.11479726622809,0.2969699999999982,0.0130300000000005,1.1421923076922935,0.0501153846153863,2026-02-23 15:25:00+05:30,25.91295,END_OF_DAY,False,0.1340199999999995,0.05195992,0.0820600799999995,-0.06782726622808966,Q1_CLOSEST
OLAELEC,ORB_50,2.0,2026-02-24,SELL,2026-02-24 12:00:00+05:30,2026-02-24 12:05:00+05:30,25.457265,25.907265,0.4499999999999993,24.557265,2.0,25.897280908820907,0.4572649999999996,0.0727350000000015,1.0161444444444452,0.161633333333337,2026-02-24 15:25:00+05:30,25.262625,END_OF_DAY,False,0.1946399999999997,0.05071989,0.1439201099999997,-0.44001590882090724,Q3
OLAELEC,ORB_50,2.0,2026-02-25,SELL,2026-02-25 09:30:00+05:30,2026-02-25 09:35:00+05:30,24.897545,25.077545,0.1799999999999997,24.537545,2.0,25.1122851149133,0.0775450000000006,0.8924549999999982,0.4308055555555597,4.958083333333331,2026-02-25 09:50:00+05:30,25.0900837725,STOP_LOSS,False,-0.1925387725000007,0.0499876287725,-0.2425264012725007,-0.21474011491329748,Q1_CLOSEST
OLAELEC,ORB_50,2.0,2026-02-25,SELL,2026-02-25 10:10:00+05:30,2026-02-25 10:15:00+05:30,24.977505,25.157505,0.1799999999999997,24.617505,2.0,25.11524972295236,0.0,0.812495000000002,0.0,4.5138611111111295,2026-02-25 10:40:00+05:30,25.1700837525,STOP_LOSS,False,-0.1925787525000011,0.0501475887525,-0.2427263412525011,-0.13774472295235896,Q1_CLOSEST
OLAELEC,ORB_50,2.0,2026-02-25,BUY,2026-02-25 12:10:00+05:30,2026-02-25 12:15:00+05:30,25.632810000000003,25.452810000000003,0.1799999999999997,25.99281,2.0,25.20623151381616,0.1571899999999964,0.4928100000000022,0.8732777777777591,2.73783333333335,2026-02-25 12:30:00+05:30,25.440083595000004,STOP_LOSS,False,-0.1927264049999983,0.051072893595,-0.2437992985949983,0.42657848618384264,Q3
OLAELEC,ORB_50,2.0,2026-02-26,BUY,2026-02-26 09:40:00+05:30,2026-02-26 09:45:00+05:30,25.79289,25.617890000000003,0.1749999999999971,26.142889999999998,2.0,25.53025429144813,0.3271100000000011,0.7928899999999999,1.8692000000000368,4.530800000000073,2026-02-26 10:55:00+05:30,25.605081055000003,STOP_LOSS,False,-0.1878089449999969,0.051397971055,-0.2392069160549969,0.26263570855186913,Q2
OLAELEC,ORB_50,2.0,2026-02-26,SELL,2026-02-26 12:45:00+05:30,2026-02-26 12:50:00+05:30,25.22738,25.40238,0.1750000000000007,24.87738,2.0,25.60541396849554,0.2273800000000001,0.1326199999999993,1.2993142857142812,0.7578285714285643,2026-02-26 15:25:00+05:30,25.162575,END_OF_DAY,False,0.0648050000000033,0.050389955,0.0144150450000033,-0.37803396849554005,Q2
OLAELEC,ORB_50,2.0,2026-02-27,BUY,2026-02-27 09:35:00+05:30,2026-02-27 09:40:00+05:30,25.272630000000003,25.037630000000004,0.2349999999999994,25.74263,2.0,25.088059756015728,0.2173699999999954,0.3126300000000022,0.924978723404238,1.330340425531927,2026-02-27 10:15:00+05:30,25.025111185000004,STOP_LOSS,False,-0.2475188149999994,0.050297741185,-0.2978165561849994,0.18457024398427535,Q1_CLOSEST
OLAELEC,ORB_50,2.0,2026-03-02,BUY,2026-03-02 09:55:00+05:30,2026-03-02 10:00:00+05:30,24.55227,24.24727,0.3049999999999997,25.16227,2.0,24.244077366595448,0.3477299999999985,0.932269999999999,1.140098360655734,3.056622950819672,2026-03-02 10:45:00+05:30,24.235146365,STOP_LOSS,False,-0.3171236349999979,0.048787416365,-0.3659110513649979,0.30819263340455194,Q2
OLAELEC,ORB_50,2.0,2026-03-02,SELL,2026-03-02 13:25:00+05:30,2026-03-02 13:30:00+05:30,23.76811,24.07311,0.3049999999999997,23.15811,2.0,24.1581205956652,0.148109999999999,1.1318899999999985,0.4856065573770466,3.711114754098359,2026-03-02 14:35:00+05:30,24.085146555,STOP_LOSS,False,-0.3170365550000014,0.047853256555,-0.3648898115550014,-0.39001059566519913,Q3
OLAELEC,ORB_50,2.0,2026-03-04,BUY,2026-03-04 09:30:00+05:30,2026-03-04 09:35:00+05:30,24.4122,24.2022,0.2100000000000008,24.8322,2.0,24.19104988702932,1.6878000000000029,0.1921999999999997,8.037142857142838,0.91523809523809,2026-03-04 09:40:00+05:30,24.8197839,TARGET,False,0.4075839000000023,0.0492319839,0.3583519161000023,0.22115011297067966,Q1_CLOSEST
OLAELEC,ORB_50,2.0,2026-03-04,BUY,2026-03-04 10:05:00+05:30,2026-03-04 10:10:00+05:30,25.39269,25.18269,0.2100000000000008,25.81269,2.0,25.13427266504048,0.0,0.9326899999999974,0.0,4.441380952380921,2026-03-04 10:10:00+05:30,25.170098655,STOP_LOSS,False,-0.2225913450000014,0.0505627886549999,-0.2731541336550014,0.25841733495952113,Q2
OLAELEC,ORB_50,2.0,2026-03-05,SELL,2026-03-05 09:30:00+05:30,2026-03-05 09:35:00+05:30,24.68765,24.92265,0.2349999999999994,24.21765,2.0,24.86295127541436,0.5776499999999984,0.0523500000000005,2.458085106382978,0.2227659574468114,2026-03-05 14:10:00+05:30,24.229758825,TARGET,False,0.4578911750000003,0.0489174088249999,0.4089737661750003,-0.17530127541435903,Q1_CLOSEST
OLAELEC,ORB_50,2.0,2026-03-06,SELL,2026-03-06 14:55:00+05:30,2026-03-06 15:00:00+05:30,24.117935,24.307935,0.1900000000000012,23.737935,2.0,24.28899568367412,0.1779349999999979,0.0420650000000009,0.9364999999999828,0.2213947368421085,2026-03-06 15:25:00+05:30,24.03201,END_OF_DAY,False,0.0859249999999995,0.048149945,0.0377750549999995,-0.17106068367412064,Q1_CLOSEST
OLAELEC,ORB_50,2.0,2026-03-10,BUY,2026-03-10 10:35:00+05:30,2026-03-10 10:40:00+05:30,24.082035,23.892035,0.1900000000000012,24.462035000000004,2.0,23.67586102570441,0.5179650000000002,0.4420350000000006,2.7261315789473515,2.326499999999988,2026-03-10 10:45:00+05:30,23.8800889825,STOP_LOSS,False,-0.2019460175000027,0.0479621239825,-0.2499081414825027,0.40617397429559077,Q3
OLAELEC,ORB_50,2.0,2026-03-11,SELL,2026-03-11 15:00:00+05:30,2026-03-11 15:05:00+05:30,23.988,24.398,0.4100000000000001,23.168,2.0,24.587500698509228,0.3380000000000009,0.022000000000002,0.8243902439024411,0.0536585365853707,2026-03-11 15:25:00+05:30,23.771880000000003,END_OF_DAY,False,0.2161199999999965,0.04775988,0.1683601199999965,-0.5995006985092282,Q4_FARTHEST
OLAELEC,ORB_50,2.0,2026-03-12,BUY,2026-03-12 11:10:00+05:30,2026-03-12 11:15:00+05:30,23.961975,23.656975,0.3049999999999997,24.571975,2.0,23.62348353521733,0.0580250000000006,0.4819749999999985,0.1902459016393466,1.5802459016393409,2026-03-12 12:40:00+05:30,23.6451465125,STOP_LOSS,False,-0.3168284875000005,0.0476071215125,-0.3644356090125005,0.33849146478267045,Q2
OLAELEC,ORB_50,2.0,2026-03-13,SELL,2026-03-13 09:50:00+05:30,2026-03-13 09:55:00+05:30,23.478255,23.633255,0.1550000000000011,23.168254999999995,2.0,23.62142544860928,0.4782549999999972,0.0517450000000039,3.085516129032217,0.3338387096774422,2026-03-13 12:40:00+05:30,23.1798391275,TARGET,False,0.2984158725000014,0.0466580941274999,0.2517577783725014,-0.14317044860927908,Q1_CLOSEST
OLAELEC,ORB_50,2.0,2026-03-16,SELL,2026-03-16 09:55:00+05:30,2026-03-16 10:00:00+05:30,22.90854,23.118540000000003,0.2100000000000008,22.48854,2.0,23.095596617495985,0.6585400000000021,2.9314599999999977,3.1359047619047598,13.959333333333266,2026-03-16 10:15:00+05:30,22.49978427,TARGET,False,0.4087557300000028,0.04540832427,0.3633474057300028,-0.1870566174959869,Q1_CLOSEST
OLAELEC,ORB_50,2.0,2026-03-17,SELL,2026-03-17 15:00:00+05:30,2026-03-17 15:05:00+05:30,23.618185,23.853185,0.2349999999999994,23.148185,2.0,23.82293181589595,0.2181850000000018,0.2118149999999978,0.9284468085106484,0.901340425531908,2026-03-17 15:25:00+05:30,23.59179,END_OF_DAY,False,0.0263950000000008,0.047209975,-0.0208149749999991,-0.20474681589594823,Q1_CLOSEST
OLAELEC,ORB_50,2.0,2026-03-18,BUY,2026-03-18 09:40:00+05:30,2026-03-18 09:45:00+05:30,24.262125,24.052125000000004,0.2099999999999973,24.682125,2.0,24.08477202109656,0.8578749999999999,0.0421250000000021,4.0851190476191,0.2005952380952511,2026-03-18 09:45:00+05:30,24.6697839375,TARGET,False,0.4076589374999955,0.0489319089375,0.3587270285624955,0.1773529789034427,Q1_CLOSEST
OLAELEC,ORB_50,2.0,2026-03-19,SELL,2026-03-19 11:20:00+05:30,2026-03-19 11:25:00+05:30,23.978005,24.193005,0.2149999999999998,23.548005,2.0,24.15850892012871,0.6480050000000013,0.0819949999999991,3.0139767441860545,0.3813720930232521,2026-03-19 14:50:00+05:30,23.5597790025,TARGET,False,0.4182259974999986,0.0475377840025,0.3706882134974986,-0.18050392012871086,Q1_CLOSEST
OLAELEC,ORB_50,2.0,2026-03-20,SELL,2026-03-20 09:40:00+05:30,2026-03-20 09:45:00+05:30,23.62818,23.79318,0.1649999999999991,23.29818,2.0,23.804409101850705,0.1681799999999995,1.721820000000001,1.0192727272727298,10.435272727272787,2026-03-20 10:45:00+05:30,23.80507659,STOP_LOSS,False,-0.1768965899999983,0.04743325659,-0.2243298465899983,-0.17622910185070495,Q1_CLOSEST
OLAELEC,ORB_50,2.0,2026-03-20,SELL,2026-03-20 12:15:00+05:30,2026-03-20 12:20:00+05:30,23.64817,23.81317,0.1649999999999991,23.31817,2.0,23.80299625937056,0.1881699999999995,1.701830000000001,1.1404242424242452,10.314121212121272,2026-03-20 15:00:00+05:30,23.825076585,STOP_LOSS,False,-0.1769065849999975,0.047473246585,-0.2243798315849975,-0.15482625937055872,Q1_CLOSEST
OLAELEC,ORB_50,2.0,2026-03-23,SELL,2026-03-23 09:50:00+05:30,2026-03-23 09:55:00+05:30,23.988,24.208,0.2199999999999988,23.548,2.0,24.19769884980691,0.8679999999999986,0.0919999999999987,3.945454545454559,0.4181818181818146,2026-03-23 10:55:00+05:30,23.559774,TARGET,False,0.4282259999999986,0.047547774,0.3806782259999987,-0.20969884980690878,Q1_CLOSEST
OLAELEC,ORB_50,2.0,2026-03-24,SELL,2026-03-24 09:55:00+05:30,2026-03-24 10:00:00+05:30,23.518235,23.743235,0.2249999999999978,23.068235000000005,2.0,23.69207230061836,0.4182349999999992,0.1717650000000006,1.8588222222222368,0.76340000000001,2026-03-24 15:25:00+05:30,23.2116,END_OF_DAY,False,0.306635,0.046729835,0.259905165,-0.17383730061835934,Q1_CLOSEST
OLAELEC,ORB_50,2.0,2026-03-25,BUY,2026-03-25 09:30:00+05:30,2026-03-25 09:35:00+05:30,24.09204,23.77704,0.3149999999999977,24.722039999999996,2.0,23.88979922331084,0.3979600000000012,0.4420399999999986,1.2633650793650923,1.4033015873015933,2026-03-25 12:55:00+05:30,23.76515148,STOP_LOSS,False,-0.3268885199999971,0.04785719148,-0.3747457114799971,0.20224077668916252,Q1_CLOSEST
OLAELEC,ORB_50,2.0,2026-03-30,SELL,2026-03-30 10:40:00+05:30,2026-03-30 10:45:00+05:30,23.50824,23.79824,0.2899999999999991,22.92824,2.0,23.8077687844832,0.9882400000000012,0.2817599999999984,3.4077241379310483,0.9715862068965492,2026-03-30 15:00:00+05:30,22.93970412,TARGET,False,0.5685358799999989,0.04644794412,0.5220879358799989,-0.29952878448320064,Q2
OLAELEC,ORB_50,2.0,2026-04-01,BUY,2026-04-01 09:45:00+05:30,2026-04-01 09:50:00+05:30,24.132060000000003,23.677060000000004,0.4549999999999983,25.04206,2.0,23.88292561380525,2.2279399999999967,0.0520600000000044,4.89657142857144,0.1144175824175925,2026-04-01 12:00:00+05:30,25.02953897,TARGET,False,0.8974789699999981,0.04916159897,0.848317371029998,0.24913438619475414,Q2
OLAELEC,ORB_50,2.0,2026-04-02,BUY,2026-04-02 10:20:00+05:30,2026-04-02 10:25:00+05:30,26.49324,25.89824,0.5949999999999989,27.68324,2.0,25.900589829957948,2.126760000000001,0.2532400000000017,3.574386554621857,0.4256134453781549,2026-04-02 11:05:00+05:30,27.66939838,TARGET,False,1.1761583799999968,0.0541626383799999,1.1219957416199968,0.5926501700420523,Q4_FARTHEST
OLAELEC,ORB_50,2.0,2026-04-06,SELL,2026-04-06 11:15:00+05:30,2026-04-06 11:20:00+05:30,28.66566,29.50566,0.8399999999999999,26.98566,2.0,29.588251928878243,0.0156600000000004,1.0543399999999998,0.0186428571428576,1.2551666666666668,2026-04-06 14:40:00+05:30,29.52041283,STOP_LOSS,False,-0.8547528299999989,0.05818607283,-0.9129389028299988,-0.9225919288782443,Q4_FARTHEST
OLAELEC,ORB_50,2.0,2026-04-08,BUY,2026-04-08 10:20:00+05:30,2026-04-08 10:25:00+05:30,30.765375,30.330375,0.4350000000000023,31.635375000000003,2.0,30.11704112045953,0.954625,0.8153749999999995,2.194540229885046,1.874425287356311,2026-04-08 10:35:00+05:30,31.619557312500003,TARGET,False,0.8541823125000043,0.0623849323125,0.7917973801875043,0.6483338795404698,Q4_FARTHEST
OLAELEC,ORB_50,2.0,2026-04-09,BUY,2026-04-09 10:10:00+05:30,2026-04-09 10:15:00+05:30,32.366175,31.396175,0.9699999999999988,34.306175,2.0,31.79308202270873,3.953825000000002,0.1161749999999983,4.076108247422687,0.1197680412371118,2026-04-09 10:45:00+05:30,34.2890219125,TARGET,False,1.922846912499999,0.0666551969125,1.856191715587499,0.5730929772912674,Q4_FARTHEST
OLAELEC,ORB_50,2.0,2026-04-10,BUY,2026-04-10 12:05:00+05:30,2026-04-10 12:10:00+05:30,39.669825,37.769825,1.8999999999999984,43.46982499999999,2.0,38.55813077486179,2.2101750000000067,1.019824999999997,1.1632500000000043,0.536749999999999,2026-04-10 15:25:00+05:30,40.3798,END_OF_DAY,False,0.709975,0.080049625,0.629925375,1.1116942251382156,Q4_FARTHEST
OLAELEC,ORB_50,2.0,2026-04-13,SELL,2026-04-13 11:20:00+05:30,2026-04-13 11:25:00+05:30,37.92103,38.83603,0.9149999999999991,36.09103,2.0,38.53662651247933,0.2210299999999918,0.7789700000000082,0.2415628415300459,0.851333333333343,2026-04-13 15:25:00+05:30,38.089035,END_OF_DAY,False,-0.1680050000000079,0.076010065,-0.2440150650000079,-0.6155965124793283,Q4_FARTHEST
OLAELEC,ORB_50,2.0,2026-04-15,SELL,2026-04-15 13:50:00+05:30,2026-04-15 13:55:00+05:30,38.810585,39.59058499999999,0.779999999999994,37.25058500000001,2.0,39.81490732029512,0.7105849999999947,0.6094150000000056,0.9110064102564104,0.7813012820512952,2026-04-15 15:25:00+05:30,38.169075,END_OF_DAY,False,0.6415099999999967,0.0769796599999999,0.5645303399999967,-1.0043223202951168,Q4_FARTHEST
OLAELEC,ORB_50,2.0,2026-04-16,BUY,2026-04-16 09:50:00+05:30,2026-04-16 09:55:00+05:30,39.309645,38.669645,0.6400000000000006,40.589645,2.0,38.7046548734332,0.2503550000000061,0.8496449999999953,0.3911796875000092,1.3275703124999916,2026-04-16 11:45:00+05:30,38.6503101775,STOP_LOSS,False,-0.6593348225,0.0779599551775,-0.7372947776775,0.6049901265668041,Q4_FARTHEST
OLAELEC,ORB_50,2.0,2026-04-17,BUY,2026-04-17 09:35:00+05:30,2026-04-17 09:40:00+05:30,41.010495,40.200495,0.8100000000000023,42.630495,2.0,40.20258887970073,0.9895050000000012,0.5804949999999991,1.2216111111111092,0.7166604938271574,2026-04-17 15:25:00+05:30,40.7796,END_OF_DAY,False,-0.2308950000000038,0.081790095,-0.3126850950000038,0.8079061202992719,Q4_FARTHEST
OLAELEC,ORB_50,2.0,2026-04-20,SELL,2026-04-20 12:00:00+05:30,2026-04-20 12:05:00+05:30,39.770105,40.615105,0.8449999999999989,38.080105,2.0,40.56054368419321,0.7701050000000009,0.229894999999999,0.9113668639053276,0.2720650887573957,2026-04-20 15:25:00+05:30,39.329655,END_OF_DAY,False,0.4404499999999984,0.07909976,0.3613502399999984,-0.7904386841932123,Q4_FARTHEST
OLAELEC,ORB_50,2.0,2026-04-21,SELL,2026-04-21 11:20:00+05:30,2026-04-21 11:25:00+05:30,38.310835,39.010835,0.7000000000000028,36.91083499999999,2.0,38.87983788113891,1.210834999999996,0.1491650000000035,1.7297642857142728,0.2130928571428613,2026-04-21 15:25:00+05:30,37.688835000000005,END_OF_DAY,False,0.6219999999999928,0.07599967,0.5460003299999928,-0.5690028811389141,Q4_FARTHEST
OLAELEC,ORB_50,2.0,2026-04-22,SELL,2026-04-22 11:10:00+05:30,2026-04-22 11:15:00+05:30,37.64117,38.14617,0.5050000000000026,36.63116999999999,2.0,38.01183885801674,0.1111699999999942,1.188830000000003,0.2201386138613735,2.354118811881182,2026-04-22 13:55:00+05:30,38.165243085,STOP_LOSS,False,-0.5240730850000048,0.075806413085,-0.5998794980850048,-0.3706688580167352,Q2
OLAELEC,ORB_50,2.0,2026-04-23,SELL,2026-04-23 10:05:00+05:30,2026-04-23 10:10:00+05:30,37.731125,38.206125,0.4750000000000014,36.781125,2.0,38.14607189268858,0.7011249999999976,0.0788750000000035,1.4760526315789375,0.1660526315789544,2026-04-23 15:25:00+05:30,37.328655000000005,END_OF_DAY,False,0.4024699999999939,0.07505978,0.3274102199999938,-0.4149468926885831,Q3
OLAELEC,ORB_50,2.0,2026-04-24,SELL,2026-04-24 09:30:00+05:30,2026-04-24 09:35:00+05:30,36.391795,37.126795,0.7349999999999994,34.921795,2.0,37.07012154878899,1.0817949999999923,0.308205000000008,1.47182993197278,0.4193265306122561,2026-04-24 15:25:00+05:30,35.967975,END_OF_DAY,False,0.4238199999999921,0.07235977,0.3514602299999921,-0.6783265487889878,Q4_FARTHEST
OLAELEC,ORB_50,2.0,2026-04-27,BUY,2026-04-27 09:45:00+05:30,2026-04-27 09:50:00+05:30,36.988485,36.413485,0.5750000000000028,38.138485,2.0,36.44660304729609,0.5915150000000011,0.208484999999996,1.0287217391304315,0.3625826086956434,2026-04-27 15:25:00+05:30,36.7816,END_OF_DAY,False,-0.2068849999999997,0.073770085,-0.2806550849999997,0.5418819527039105,Q4_FARTHEST
OLAELEC,ORB_50,2.0,2026-04-28,SELL,2026-04-28 09:35:00+05:30,2026-04-28 09:40:00+05:30,36.351815,36.63181499999999,0.279999999999994,35.79181500000001,2.0,36.60458710828362,0.651814999999992,0.1881850000000042,2.327910714285736,0.6720892857143153,2026-04-28 12:20:00+05:30,35.809710907500005,TARGET,False,0.54210409249999,0.0721615259075,0.46994256659249,-0.2527721082836152,Q2
OLAELEC,ORB_50,2.0,2026-04-29,BUY,2026-04-29 09:50:00+05:30,2026-04-29 09:55:00+05:30,36.788385000000005,36.548385,0.240000000000002,37.26838500000001,2.0,36.505457690413735,0.0116149999999919,0.8883850000000066,0.0483958333332993,3.701604166666664,2026-04-29 09:55:00+05:30,36.5301108075,STOP_LOSS,False,-0.2582741925000036,0.0733184958075,-0.3315926883075036,0.2829273095862703,Q2
OLAELEC,ORB_50,2.0,2026-04-29,SELL,2026-04-29 13:35:00+05:30,2026-04-29 13:40:00+05:30,36.06196,36.30196,0.240000000000002,35.581959999999995,2.0,36.3871594744484,0.1619600000000005,0.4980400000000031,0.6748333333333301,2.0751666666666626,2026-04-29 14:50:00+05:30,36.32011098,STOP_LOSS,False,-0.2581509800000034,0.07238207098,-0.3305330509800034,-0.3251994744484037,Q2
OLAELEC,ORB_50,2.0,2026-04-30,SELL,2026-04-30 10:30:00+05:30,2026-04-30 10:35:00+05:30,35.70214,36.02714,0.3250000000000028,35.052139999999994,2.0,36.14439562010224,0.1321399999999997,1.0978599999999972,0.4065846153846109,3.378030769230731,2026-04-30 12:50:00+05:30,36.04515357,STOP_LOSS,False,-0.3430135700000036,0.07174729357,-0.4147608635700036,-0.4422556201022374,Q3
OLAELEC,ORB_50,2.0,2026-04-30,BUY,2026-04-30 14:50:00+05:30,2026-04-30 14:55:00+05:30,36.49824,36.17323999999999,0.3250000000000028,37.14824,2.0,36.11166974295018,0.3017600000000016,0.1882399999999933,0.9284923076923044,0.5791999999999743,2026-04-30 15:25:00+05:30,36.531725,END_OF_DAY,False,0.0334849999999988,0.0730299649999999,-0.0395449650000011,0.3865702570498257,Q3
OLAELEC,ORB_50,2.0,2026-05-04,SELL,2026-05-04 09:30:00+05:30,2026-05-04 09:35:00+05:30,37.031475,37.381475,0.3500000000000014,36.331475,2.0,37.32238550077746,0.8714750000000038,0.0185249999999967,2.489928571428572,0.052928571428562,2026-05-04 12:15:00+05:30,36.3496407375,TARGET,False,0.6818342625000042,0.0733811157375,0.6084531467625043,-0.29091050077745706,Q2
OLAELEC,ORB_50,2.0,2026-05-05,SELL,2026-05-05 09:55:00+05:30,2026-05-05 10:00:00+05:30,36.001990000000006,36.32699000000001,0.3250000000000028,35.35199,2.0,36.20762257682254,2.451990000000009,0.108009999999993,7.5445846153845775,0.3323384615384372,2026-05-05 11:10:00+05:30,35.369665995,TARGET,False,0.6323240050000081,0.071371655995,0.5609523490050081,-0.20563257682253067,Q1_CLOSEST
OLAELEC,ORB_50,2.0,2026-05-05,SELL,2026-05-05 13:00:00+05:30,2026-05-05 13:05:00+05:30,34.86256,35.187560000000005,0.3250000000000028,34.21256,2.0,34.906953206031055,0.4625600000000034,0.147439999999996,1.4232615384615366,0.4536615384615222,2026-05-05 15:25:00+05:30,34.65732,END_OF_DAY,False,0.2052400000000034,0.06951988,0.1357201200000034,-0.04439320603105301,Q1_CLOSEST
OLAELEC,ORB_50,2.0,2026-05-06,SELL,2026-05-06 10:15:00+05:30,2026-05-06 10:20:00+05:30,34.06296,34.53296,0.4699999999999988,33.12296,2.0,34.51064244509543,0.2129599999999953,0.9670400000000045,0.4531063829787146,2.057531914893631,2026-05-06 14:40:00+05:30,34.55022648,STOP_LOSS,False,-0.4872664800000024,0.0686131864799999,-0.5558796664800024,-0.4476824450954311,Q3
OLAELEC,ORB_50,2.0,2026-05-07,BUY,2026-05-07 10:30:00+05:30,2026-05-07 10:35:00+05:30,35.347665,35.082665,0.2650000000000005,35.877665,2.0,34.95783773158279,0.1323349999999976,0.4176649999999995,0.4993773584905561,1.5760943396226363,2026-05-07 11:10:00+05:30,35.0651236675,STOP_LOSS,False,-0.2825413325000028,0.0704127886675,-0.3529541211675028,0.38982726841720705,Q3
OLAELEC,ORB_50,2.0,2026-05-08,SELL,2026-05-08 09:45:00+05:30,2026-05-08 09:50:00+05:30,34.52273,34.72273,0.2000000000000028,34.12272999999999,2.0,34.6703862988374,0.1127299999999991,2.117270000000005,0.5636499999999875,10.586349999999872,2026-05-08 13:10:00+05:30,34.740091365,STOP_LOSS,False,-0.2173613650000021,0.0692628213649999,-0.2866241863650021,-0.14765629883739706,Q1_CLOSEST
OLAELEC,ORB_50,2.0,2026-05-11,BUY,2026-05-11 09:30:00+05:30,2026-05-11 09:35:00+05:30,37.368675,36.613675,0.7550000000000026,38.87867500000001,2.0,36.862556781219496,0.3613249999999937,0.6186750000000032,0.4785761589403873,0.8194370860927167,2026-05-11 15:25:00+05:30,36.9815,END_OF_DAY,False,-0.3871750000000062,0.074350175,-0.4615251750000063,0.5061182187805073,Q3
OLAELEC,ORB_50,2.0,2026-05-12,SELL,2026-05-12 09:30:00+05:30,2026-05-12 09:35:00+05:30,36.02198,36.65698,0.6350000000000051,34.75197999999999,2.0,36.43744013903508,1.0719799999999964,0.2280200000000007,1.6881574803149413,0.3590866141732267,2026-05-12 15:25:00+05:30,35.217600000000004,END_OF_DAY,False,0.8043799999999948,0.07123958,0.7331404199999948,-0.4154601390350834,Q3
OLAELEC,ORB_50,2.0,2026-05-13,SELL,2026-05-13 09:35:00+05:30,2026-05-13 09:40:00+05:30,35.02248,35.29248,0.269999999999996,34.48248000000001,2.0,35.352588263729174,0.1624800000000021,1.167519999999996,0.6017777777777947,4.324148148148198,2026-05-13 09:45:00+05:30,35.310126239999995,STOP_LOSS,False,-0.2876462399999937,0.07033260624,-0.3579788462399937,-0.3301082637291728,Q2
OLAELEC,ORB_50,2.0,2026-05-13,BUY,2026-05-13 10:25:00+05:30,2026-05-13 10:30:00+05:30,35.747865,35.477864999999994,0.2700000000000031,36.287865,2.0,35.443992397355366,0.4421350000000004,0.2278649999999942,1.6375370370370197,0.8439444444444132,2026-05-13 15:25:00+05:30,36.16191,END_OF_DAY,False,0.4140450000000015,0.071909775,0.3421352250000015,0.30387260264463123,Q2
OLAELEC,ORB_50,2.0,2026-05-14,SELL,2026-05-14 09:40:00+05:30,2026-05-14 09:45:00+05:30,35.672155,35.892154999999995,0.2199999999999988,35.232155,2.0,36.05305575297233,0.6521549999999934,1.1278450000000009,2.964340909090894,5.126568181818211,2026-05-14 09:45:00+05:30,35.910101077499995,STOP_LOSS,False,-0.2379460774999984,0.0715822560774999,-0.3095283335774984,-0.3809007529723303,Q2
OLAELEC,ORB_50,2.0,2026-05-14,SELL,2026-05-14 14:40:00+05:30,2026-05-14 14:45:00+05:30,35.72213,35.94213,0.2199999999999988,35.28213,2.0,35.808560268275166,0.0821299999999993,0.4278699999999986,0.3733181818181809,1.94486363636364,2026-05-14 15:00:00+05:30,35.960101065,STOP_LOSS,False,-0.2379710649999964,0.071682231065,-0.3096532960649964,-0.08643026827516564,Q1_CLOSEST
OLAELEC,ORB_50,2.0,2026-05-15,SELL,2026-05-15 09:30:00+05:30,2026-05-15 09:35:00+05:30,35.52223,35.90723,0.384999999999998,34.752230000000004,2.0,35.8544617350907,0.0622299999999995,0.817770000000003,0.1616363636363633,2.124077922077941,2026-05-15 10:10:00+05:30,35.925183615,STOP_LOSS,False,-0.4029536150000012,0.071447413615,-0.4744010286150013,-0.33223173509070136,Q2
OLAELEC,ORB_50,2.0,2026-05-18,SELL,2026-05-18 09:50:00+05:30,2026-05-18 09:55:00+05:30,34.62268,35.112680000000005,0.490000000000002,33.64268,2.0,34.93790914603734,0.1926800000000028,0.4473199999999977,0.3932244897959225,0.9128979591836652,2026-05-18 15:25:00+05:30,35.05752,END_OF_DAY,False,-0.4348399999999941,0.0696802,-0.5045201999999941,-0.3152291460373391,Q2
OLAELEC,ORB_50,2.0,2026-05-19,BUY,2026-05-19 09:40:00+05:30,2026-05-19 09:45:00+05:30,36.29814,35.678140000000006,0.6199999999999974,37.53814,2.0,36.011478218948,1.841859999999997,0.2981400000000036,2.970741935483878,0.4808709677419433,2026-05-19 10:30:00+05:30,37.51937093,TARGET,False,1.2212309299999973,0.07381751093,1.1474134190699972,0.2866617810519969,Q2
OLAELEC,ORB_50,2.0,2026-05-20,BUY,2026-05-20 09:30:00+05:30,2026-05-20 09:35:00+05:30,37.63881,36.86381,0.7749999999999986,39.18881,2.0,37.218511226339366,0.1511899999999997,1.27881,0.1950838709677419,1.6500774193548418,2026-05-20 13:05:00+05:30,36.845378095,STOP_LOSS,False,-0.7934319049999985,0.074484188095,-0.8679160930949985,0.4202987736606332,Q3
OLAELEC,ORB_50,2.0,2026-05-22,BUY,2026-05-22 10:30:00+05:30,2026-05-22 10:35:00+05:30,36.168075,35.908075,0.2600000000000051,36.68807500000001,2.0,35.73398106580819,0.6619249999999965,0.2580750000000051,2.5458653846153214,0.9925961538461542,2026-05-22 10:50:00+05:30,36.66973096250001,TARGET,False,0.5016559625000099,0.0728378059625,0.4288181565375099,0.4340939341918144,Q3
OLAELEC,ORB_50,2.0,2026-05-25,BUY,2026-05-25 14:55:00+05:30,2026-05-25 15:00:00+05:30,37.728855,37.218855000000005,0.509999999999998,38.748855,2.0,37.20950591610628,0.4211449999999956,0.2088549999999998,0.8257745098039163,0.4095196078431384,2026-05-25 15:25:00+05:30,37.831075,END_OF_DAY,False,0.1022199999999955,0.07555993,0.0266600699999955,0.5193490838937223,Q3
OLAELEC,ORB_50,2.0,2026-05-26,SELL,2026-05-26 14:00:00+05:30,2026-05-26 14:05:00+05:30,37.50124,37.79624,0.2949999999999946,36.911240000000014,2.0,37.95897462600291,0.1312400000000053,0.2487599999999972,0.4448813559322296,0.8432542372881415,2026-05-26 15:25:00+05:30,37.51875,END_OF_DAY,False,-0.0175099999999943,0.07501999,-0.0925299899999943,-0.45773462600291026,Q3
OLAELEC,ORB_50,2.0,2026-05-27,BUY,2026-05-27 09:30:00+05:30,2026-05-27 09:35:00+05:30,38.069025,37.829025,0.2399999999999948,38.54902499999999,2.0,37.84993240603085,1.4209750000000057,0.3490249999999975,5.920729166666816,1.4542708333333538,2026-05-27 09:40:00+05:30,37.810110487500005,STOP_LOSS,False,-0.2589145124999916,0.0758791354875,-0.3347936479874916,0.21909259396915104,Q1_CLOSEST
OLAELEC,ORB_50,2.0,2026-05-29,BUY,2026-05-29 10:35:00+05:30,2026-05-29 10:40:00+05:30,41.60079,40.77579,0.8249999999999957,43.25078999999999,2.0,40.92066582526096,1.2792100000000062,0.6707899999999967,1.5505575757575911,0.8130787878787881,2026-05-29 15:25:00+05:30,41.1794,END_OF_DAY,False,-0.4213899999999952,0.08278019,-0.5041701899999953,0.6801241747390421,Q4_FARTHEST
OLAELEC,ORB_50,2.0,2026-06-01,SELL,2026-06-01 09:30:00+05:30,2026-06-01 09:35:00+05:30,40.43977,41.18977,0.75,38.93977,2.0,40.88272641144021,1.3097700000000003,1.0602299999999971,1.7463600000000004,1.4136399999999962,2026-06-01 11:00:00+05:30,41.210364885,STOP_LOSS,False,-0.7705948850000013,0.081650134885,-0.8522450198850013,-0.4429564114402069,Q3
OLAELEC,ORB_50,2.0,2026-06-02,BUY,2026-06-02 14:05:00+05:30,2026-06-02 14:10:00+05:30,39.389685,38.779685,0.6099999999999994,40.609685,2.0,38.93691002857756,0.6103149999999999,0.2896849999999986,1.0005163934426238,0.474893442622949,2026-06-02 15:25:00+05:30,39.950015,END_OF_DAY,False,0.5603300000000004,0.0793397,0.4809903000000004,0.4527749714224427,Q3
OLAELEC,ORB_50,2.0,2026-06-03,SELL,2026-06-03 09:30:00+05:30,2026-06-03 09:35:00+05:30,39.16041,39.54541,0.3850000000000051,38.39040999999999,2.0,39.50509048539019,0.0204099999999982,4.649590000000003,0.0530129870129817,12.07685714285699,2026-06-03 09:45:00+05:30,39.565182705000005,STOP_LOSS,False,-0.4047727050000063,0.078725592705,-0.4834982977050063,-0.34468048539019236,Q2
OLAELEC,ORB_50,2.0,2026-06-03,BUY,2026-06-03 10:25:00+05:30,2026-06-03 10:30:00+05:30,40.12005,39.73505,0.384999999999998,40.89005,2.0,39.67371606235656,3.689950000000003,0.1600499999999982,9.584285714285771,0.4157142857142833,2026-06-03 10:55:00+05:30,40.869604975,TARGET,False,0.7495549749999952,0.0809896549749999,0.6685653200249952,0.44633393764343765,Q3
OLAELEC,ORB_50,2.0,2026-06-04,SELL,2026-06-04 11:15:00+05:30,2026-06-04 11:20:00+05:30,43.248365,44.268365,1.0200000000000031,41.20836499999999,2.0,44.36718548866944,0.4283649999999994,0.9516350000000032,0.419965686274508,0.9329754901960786,2026-06-04 15:25:00+05:30,43.191585,END_OF_DAY,False,0.0567799999999962,0.08643995,-0.0296599500000037,-1.1188204886694422,Q4_FARTHEST
OLAELEC,ORB_50,2.0,2026-06-05,BUY,2026-06-05 09:30:00+05:30,2026-06-05 09:35:00+05:30,44.66232,43.82732,0.8350000000000009,46.33232,2.0,43.93021694260136,0.4376800000000003,1.372320000000002,0.5241676646706585,1.6434970059880247,2026-06-05 09:40:00+05:30,43.80540634,STOP_LOSS,False,-0.8569136600000036,0.08846772634,-0.9453813863400036,0.7321030573986391,Q4_FARTHEST
OLAELEC,ORB_50,2.0,2026-06-08,BUY,2026-06-08 09:30:00+05:30,2026-06-08 09:35:00+05:30,46.133055,45.173055,0.9600000000000009,48.053055,2.0,45.12338698294074,0.2369449999999986,2.693055000000001,0.2468177083333317,2.8052656249999988,2026-06-08 09:40:00+05:30,45.1504684725,STOP_LOSS,False,-0.982586527500004,0.0912835234724999,-1.073870050972504,1.009668017059262,Q4_FARTHEST
OLAELEC,ORB_50,2.0,2026-06-09,BUY,2026-06-09 09:50:00+05:30,2026-06-09 09:55:00+05:30,46.073025,45.468025,0.6049999999999969,47.28302499999999,2.0,45.83338687753679,2.976975000000003,0.0230249999999969,4.920619834710775,0.0380578512396646,2026-06-09 09:55:00+05:30,47.25938348749999,TARGET,False,1.1863584874999944,0.0933324084874999,1.0930260790124944,0.23963812246321226,Q1_CLOSEST
OLAELEC,ORB_50,2.0,2026-06-09,BUY,2026-06-09 15:05:00+05:30,2026-06-09 15:10:00+05:30,47.76387,47.15887000000001,0.6049999999999969,48.97387,2.0,47.61374844072951,0.0,0.8938700000000068,0.0,1.4774710743801842,2026-06-09 15:15:00+05:30,47.135290565000005,STOP_LOSS,False,-0.6285794349999989,0.094899160565,-0.7234785955649989,0.1501215592704881,Q1_CLOSEST
OLAELEC,ORB_50,2.0,2026-06-10,BUY,2026-06-10 09:50:00+05:30,2026-06-10 09:55:00+05:30,47.233605,46.65860500000001,0.5749999999999957,48.383605,2.0,46.73689822992292,0.9263949999999924,0.7836050000000014,1.611121739130433,1.3627913043478388,2026-06-10 10:00:00+05:30,46.635275697500006,STOP_LOSS,False,-0.598329302499998,0.0938688806975,-0.692198183197498,0.49670677007707553,Q3
OLAELEC,ORB_50,2.0,2026-06-11,SELL,2026-06-11 10:00:00+05:30,2026-06-11 10:05:00+05:30,45.387295,46.182295,0.7950000000000017,43.79729499999999,2.0,46.48675311223035,1.967294999999993,1.0627050000000082,2.4745849056603637,1.3367358490566112,2026-06-11 10:25:00+05:30,43.81919364749999,TARGET,False,1.5681013525000012,0.0892064886474999,1.4788948638525012,-1.0994581122303515,Q4_FARTHEST
OLAELEC,ORB_50,2.0,2026-06-12,SELL,2026-06-12 10:00:00+05:30,2026-06-12 10:05:00+05:30,45.89704,46.67204000000001,0.7750000000000057,44.34703999999999,2.0,46.424226477823694,0.6470400000000041,0.7729599999999976,0.8348903225806442,0.9973677419354736,2026-06-12 15:25:00+05:30,45.652815,END_OF_DAY,False,0.2442250000000001,0.091549855,0.1526751450000001,-0.5271864778236974,Q4_FARTHEST
OLAELEC,ORB_50,2.0,2026-06-15,SELL,2026-06-15 10:05:00+05:30,2026-06-15 10:10:00+05:30,45.507235,46.002235,0.4949999999999974,44.51723500000001,2.0,46.009150431226736,1.9972350000000036,0.342765,4.03481818181821,0.692454545454549,2026-06-15 10:25:00+05:30,44.53949361750001,TARGET,False,0.9677413824999944,0.0900467286175,0.8776946538824946,-0.5019154312267347,Q3
OLAELEC,ORB_50,2.0,2026-06-16,SELL,2026-06-16 09:40:00+05:30,2026-06-16 09:45:00+05:30,43.05846,43.65346,0.5949999999999989,41.86846,2.0,43.60728976732628,0.7984599999999986,0.60154,1.341949579831933,1.0109915966386571,2026-06-16 10:55:00+05:30,43.67528673,STOP_LOSS,False,-0.6168267299999997,0.0867337467299999,-0.7035604767299997,-0.5488297673262821,Q4_FARTHEST
OLAELEC,ORB_50,2.0,2026-06-17,SELL,2026-06-17 09:35:00+05:30,2026-06-17 09:40:00+05:30,42.95851,43.55351,0.5949999999999989,41.76851,2.0,43.4247124280308,0.6085099999999954,0.9314900000000036,1.0227058823529356,1.5655294117647152,2026-06-17 09:45:00+05:30,43.57528675499999,STOP_LOSS,False,-0.6167767549999965,0.086533796755,-0.7033105517549965,-0.4662024280308046,Q3
OLAELEC,ORB_50,2.0,2026-06-18,BUY,2026-06-18 09:40:00+05:30,2026-06-18 09:45:00+05:30,43.531755,43.226755,0.3049999999999997,44.141755,2.0,43.16106764602189,0.0,1.7317549999999995,0.0,5.677885245901644,2026-06-18 09:45:00+05:30,43.2051416225,STOP_LOSS,False,-0.3266133775000028,0.0867368966224999,-0.4133502741225028,0.3706873539781057,Q2
OLAELEC,ORB_50,2.0,2026-06-18,SELL,2026-06-18 15:05:00+05:30,2026-06-18 15:10:00+05:30,42.498740000000005,42.803740000000005,0.3049999999999997,41.888740000000006,2.0,42.833514708708165,0.6987400000000079,0.1712599999999966,2.290950819672159,0.5615081967213009,2026-06-18 15:15:00+05:30,41.90968437000001,TARGET,False,0.5890556299999972,0.08440842437,0.5046472056299971,-0.33477470870816006,Q2
OLAELEC,ORB_50,2.0,2026-06-19,SELL,2026-06-19 09:35:00+05:30,2026-06-19 09:40:00+05:30,41.33932,41.61932,0.2800000000000011,40.77932,2.0,41.76147498526803,0.2893200000000036,1.5606799999999978,1.0332857142857228,5.573857142857112,2026-06-19 10:40:00+05:30,41.64012966,STOP_LOSS,False,-0.3008096599999987,0.08297944966,-0.3837891096599987,-0.42215498526802975,Q3
OLAELEC,ORB_50,2.0,2026-06-19,BUY,2026-06-19 14:45:00+05:30,2026-06-19 14:50:00+05:30,42.791385000000005,42.511385,0.2800000000000011,43.35138500000001,2.0,41.83740560507258,0.0,0.7813850000000073,0.0,2.790660714285729,2026-06-19 14:50:00+05:30,42.490129307500005,STOP_LOSS,False,-0.3012556924999998,0.0852815143075,-0.3865372068074998,0.9539793949274227,Q4_FARTHEST
OLAELEC,ORB_50,2.0,2026-06-22,BUY,2026-06-22 09:35:00+05:30,2026-06-22 09:40:00+05:30,43.071525,42.79152499999999,0.2800000000000011,43.631525,2.0,42.70527185672694,0.6184750000000037,1.041524999999993,2.20883928571429,3.719732142857103,2026-06-22 09:45:00+05:30,42.7701292375,STOP_LOSS,False,-0.3013957625000003,0.0858416542375,-0.3872374167375003,0.36625314327306313,Q2
OLAELEC,ORB_50,2.0,2026-06-22,SELL,2026-06-22 14:05:00+05:30,2026-06-22 14:10:00+05:30,42.228875,42.508875,0.2800000000000011,41.668875,2.0,42.73808370225245,0.0,0.6711249999999964,0.0,2.396874999999977,2026-06-22 14:45:00+05:30,42.5301294375,STOP_LOSS,False,-0.301254437499999,0.0847590044375,-0.386013441937499,-0.509208702252451,Q3
OLAELEC,ORB_50,2.0,2026-06-23,SELL,2026-06-23 10:25:00+05:30,2026-06-23 10:30:00+05:30,42.008985,42.338985,0.3299999999999983,41.348985000000006,2.0,42.26517718325222,0.1389850000000052,2.171014999999997,0.4211666666666847,6.578833333333359,2026-06-23 11:30:00+05:30,42.3601544925,STOP_LOSS,False,-0.3511694924999986,0.0843691394925,-0.4355386319924986,-0.2561921832522174,Q2
OLAELEC,ORB_50,2.0,2026-06-24,SELL,2026-06-24 09:45:00+05:30,2026-06-24 09:50:00+05:30,42.61868,43.24867999999999,0.6299999999999955,41.35868000000001,2.0,43.00636846635305,0.1186799999999976,1.4213200000000017,0.18838095238095,2.2560634920635105,2026-06-24 13:35:00+05:30,43.27030434,STOP_LOSS,False,-0.6516243399999979,0.08588898434,-0.7375133243399979,-0.38768846635305465,Q3
OLAELEC,ORB_50,2.0,2026-06-25,SELL,2026-06-25 12:25:00+05:30,2026-06-25 12:30:00+05:30,42.39879,42.78379,0.384999999999998,41.62879,2.0,42.60472586419812,1.128789999999995,0.2212099999999992,2.9319220779220805,0.5745714285714296,2026-06-25 14:45:00+05:30,41.649604395,TARGET,False,0.7491856049999939,0.084048394395,0.6651372106049939,-0.20593586419812482,Q1_CLOSEST
OLAELEC,ORB_50,2.0,2026-06-29,SELL,2026-06-29 11:30:00+05:30,2026-06-29 11:35:00+05:30,40.689645,41.179645,0.4899999999999949,39.70964500000001,2.0,41.0158662807068,0.8396449999999973,0.1703550000000007,1.7135612244898084,0.3476632653061275,2026-06-29 15:25:00+05:30,40.370175,END_OF_DAY,False,0.3194699999999955,0.08105982,0.2384101799999954,-0.3262212807068039,Q2
OLAELEC,ORB_50,2.0,2026-06-30,BUY,2026-06-30 09:35:00+05:30,2026-06-30 09:40:00+05:30,41.710845,41.435845,0.2749999999999986,42.260845,2.0,41.44342636463916,3.239155000000004,0.2708450000000013,11.778745454545527,0.984890909090919,2026-06-30 09:40:00+05:30,42.2397145775,TARGET,False,0.5288695774999965,0.0839505595775,0.4449190179224965,0.26741863536084054,Q2
OLAELEC,ORB_50,2.0,2026-06-30,BUY,2026-06-30 10:15:00+05:30,2026-06-30 10:20:00+05:30,43.171575,42.896575,0.2749999999999986,43.721575,2.0,43.124975672051264,1.7284250000000014,1.0115750000000006,6.285181818181856,3.6784545454545663,2026-06-30 10:20:00+05:30,42.8751267125,STOP_LOSS,False,-0.2964482874999987,0.0860467017124999,-0.3824949892124987,0.04659932794873356,Q1_CLOSEST
OLAELEC,ORB_50,2.0,2026-07-02,SELL,2026-07-02 13:45:00+05:30,2026-07-02 13:50:00+05:30,44.21788,44.87288,0.6550000000000011,42.90788,2.0,44.61364114749029,0.1078800000000015,1.782119999999999,0.1647022900763379,2.720793893129765,2026-07-02 14:55:00+05:30,44.89531644,STOP_LOSS,False,-0.677436440000001,0.08911319644,-0.7665496364400011,-0.39576114749029045,Q3
OLAELEC,ORB_50,2.0,2026-07-02,BUY,2026-07-02 15:20:00+05:30,2026-07-02 15:25:00+05:30,45.90294,45.24794,0.6550000000000011,47.21294,2.0,44.93396785031774,0.087060000000001,0.3929400000000029,0.1329160305343524,0.5999083969465684,2026-07-02 15:25:00+05:30,45.487245,END_OF_DAY,False,-0.4156949999999995,0.091390185,-0.5070851849999994,0.9689721496822585,Q4_FARTHEST
OLAELEC,ORB_50,2.0,2026-07-03,SELL,2026-07-03 10:55:00+05:30,2026-07-03 11:00:00+05:30,44.73762,45.24262,0.5050000000000026,43.72762,2.0,45.12455658981955,0.7176199999999966,0.2523800000000022,1.4210297029702832,0.4997623762376257,2026-07-03 15:25:00+05:30,44.412195,END_OF_DAY,False,0.3254249999999956,0.089149815,0.2362751849999956,-0.38693658981954826,Q3
OLAELEC,ORB_50,2.0,2026-07-06,SELL,2026-07-06 11:50:00+05:30,2026-07-06 11:55:00+05:30,43.148415,43.658415000000005,0.5100000000000051,42.12841499999999,2.0,43.63151232982906,1.5984150000000028,0.0315849999999997,3.1341470588235034,0.0619313725490185,2026-07-06 12:55:00+05:30,42.14947920749999,TARGET,False,0.9989357925000136,0.0852978942074999,0.9136378982925136,-0.4830973298290573,Q3
OLAELEC,ORB_50,2.0,2026-07-07,SELL,2026-07-07 09:35:00+05:30,2026-07-07 09:40:00+05:30,41.83907,42.31407,0.4750000000000014,40.88907,2.0,42.23270142867506,0.4290700000000029,1.1609300000000005,0.9033052631578984,2.4440631578947305,2026-07-07 11:20:00+05:30,42.335227035,STOP_LOSS,False,-0.4961570350000031,0.084174297035,-0.5803313320350031,-0.3936314286750573,Q3
OLAELEC,ORB_50,2.0,2026-07-08,BUY,2026-07-08 09:30:00+05:30,2026-07-08 09:35:00+05:30,42.391185,42.126185,0.2650000000000005,42.921185,2.0,42.13699749520092,0.398814999999999,1.6811849999999993,1.5049622641509366,6.344094339622625,2026-07-08 10:20:00+05:30,42.1051219075,STOP_LOSS,False,-0.2860630925000009,0.0844963069075,-0.3705593994075009,0.25418750479907715,Q2
OLAELEC,ORB_50,2.0,2026-07-09,BUY,2026-07-09 09:40:00+05:30,2026-07-09 09:45:00+05:30,41.76087,41.53587,0.2250000000000014,42.21087000000001,2.0,41.5071286294244,0.0,1.6108700000000056,0.0,7.159422222222202,2026-07-09 09:45:00+05:30,41.515102065,STOP_LOSS,False,-0.2457679350000035,0.083275972065,-0.3290439070650035,0.25374137057559665,Q2
OLAELEC,ORB_50,2.0,2026-07-09,SELL,2026-07-09 14:05:00+05:30,2026-07-09 14:10:00+05:30,40.809585,41.034585,0.2250000000000014,40.359585,2.0,40.866870205260206,0.5895849999999996,0.1604150000000004,2.6203777777777595,0.7129555555555529,2026-07-09 15:15:00+05:30,40.3797647925,TARGET,False,0.4298202075000006,0.0811893497925,0.3486308577075006,-0.057285205260207306,Q1_CLOSEST
OLAELEC,ORB_50,2.0,2026-07-10,BUY,2026-07-10 10:10:00+05:30,2026-07-10 10:15:00+05:30,41.360670000000006,41.11567000000001,0.2449999999999974,41.85067,2.0,40.92079157169104,0.0,1.2506700000000066,0.0,5.104775510204162,2026-07-10 10:15:00+05:30,41.09511216500001,STOP_LOSS,False,-0.2655578349999956,0.082455782165,-0.3480136171649957,0.4398784283089654,Q3
OLAELEC,ORB_50,2.0,2026-07-10,SELL,2026-07-10 12:55:00+05:30,2026-07-10 13:00:00+05:30,40.569705000000006,40.814705,0.2449999999999974,40.07970500000001,2.0,40.90702481552707,0.4597050000000067,0.2502949999999941,1.8763469387755567,1.021612244897946,2026-07-10 13:40:00+05:30,40.835112352500005,STOP_LOSS,False,-0.2654073524999987,0.0814048173525,-0.3468121698524987,-0.33731981552706714,Q2
OLAELEC,ORB_50,2.0,2026-07-13,BUY,2026-07-13 10:00:00+05:30,2026-07-13 10:05:00+05:30,40.250115,39.950115,0.2999999999999971,40.85011499999999,2.0,40.11060454051906,0.5298850000000073,0.1201149999999913,1.7662833333333745,0.4003833333333081,2026-07-13 15:25:00+05:30,40.209885,END_OF_DAY,False,-0.0402299999999939,0.0804599999999999,-0.1206899999999939,0.1395104594809382,Q1_CLOSEST
OLAELEC,ORB_50,2.0,2026-07-14,SELL,2026-07-14 12:15:00+05:30,2026-07-14 12:20:00+05:30,39.790095,40.015095,0.2250000000000014,39.340095,2.0,40.06505432273492,0.6600949999999983,0.1299050000000008,2.9337555555555297,0.5773555555555556,2026-07-14 15:10:00+05:30,39.3597650475,TARGET,False,0.4303299525000028,0.0791498600475,0.3511800924525028,-0.2749593227349223,Q2
OLAELEC,ORB_50,2.0,2026-07-15,BUY,2026-07-15 10:10:00+05:30,2026-07-15 10:15:00+05:30,40.410195,39.975195,0.4350000000000023,41.280195000000006,2.0,40.14361550496216,1.3398049999999984,0.1301950000000005,3.0800114942528536,0.2992988505747122,2026-07-15 10:35:00+05:30,41.25955490250001,TARGET,False,0.8493599025000051,0.0816697499025,0.7676901525975052,0.2665794950378384,Q2
OLAELEC,ORB_50,2.0,2026-07-16,SELL,2026-07-16 09:30:00+05:30,2026-07-16 09:35:00+05:30,40.49974,40.71974,0.2199999999999988,40.059740000000005,2.0,40.74769276956421,0.829740000000001,0.9002599999999958,3.771545454545479,4.092090909090912,2026-07-16 10:05:00+05:30,40.74009987,STOP_LOSS,False,-0.2403598699999989,0.08123983987,-0.3215997098699989,-0.24795276956420764,Q2
OLAELEC,ORB_50,2.0,2026-07-16,SELL,2026-07-16 11:15:00+05:30,2026-07-16 11:20:00+05:30,40.61968,40.83968,0.2199999999999988,40.179680000000005,2.0,40.79704914631449,0.9496800000000007,0.1603199999999986,4.316727272727299,0.7287272727272706,2026-07-16 11:35:00+05:30,40.19976984,TARGET,False,0.4199101600000006,0.08081944984,0.3390907101600006,-0.17736914631448997,Q1_CLOSEST
OLAELEC,ORB_50,2.0,2026-07-17,SELL,2026-07-17 11:30:00+05:30,2026-07-17 11:35:00+05:30,39.40029,39.75028999999999,0.3499999999999943,38.70029000000001,2.0,39.65316682877518,0.1902899999999974,0.9997100000000004,0.5436857142857157,2.856314285714333,2026-07-17 14:50:00+05:30,39.77016514499999,STOP_LOSS,False,-0.3698751449999946,0.079170455145,-0.4490456001449946,-0.2528768287751788,Q2
OLAELEC,ORB_50,2.0,2026-07-17,BUY,2026-07-17 15:15:00+05:30,2026-07-17 15:20:00+05:30,40.210095,39.860095,0.3499999999999943,40.910094999999984,2.0,39.74095740992404,0.1899050000000031,0.0300949999999957,0.542585714285732,0.0859857142857035,2026-07-17 15:25:00+05:30,40.329825,END_OF_DAY,False,0.1197300000000041,0.08053992,0.0391900800000041,0.46913759007595957,Q3
OLAELEC,ORB_50,2.0,2026-07-20,SELL,2026-07-20 10:05:00+05:30,2026-07-20 10:10:00+05:30,39.46026,39.65026,0.1899999999999977,39.08026,2.0,39.82491828115594,0.6402599999999978,0.319740000000003,3.3697894736842398,1.682842105263194,2026-07-20 10:15:00+05:30,39.67008513,STOP_LOSS,False,-0.2098251299999987,0.07913034513,-0.2889554751299987,-0.3646582811559398,Q2
OLAELEC,ORB_50,2.0,2026-07-21,SELL,2026-07-21 10:45:00+05:30,2026-07-21 10:50:00+05:30,38.890545,39.150545,0.259999999999998,38.370545,2.0,39.19543760201872,0.3705449999999928,0.3094550000000069,1.4251730769230602,1.190211538461574,2026-07-21 12:30:00+05:30,39.17012027249999,STOP_LOSS,False,-0.2795752724999971,0.0780606652725,-0.3576359377724971,-0.30489260201871815,Q2
OLAELEC,ORB_50,2.0,2026-07-22,SELL,2026-07-22 09:35:00+05:30,2026-07-22 09:40:00+05:30,38.02098,38.39098,0.3699999999999974,37.28098000000001,2.0,38.40308956529216,1.7609800000000035,0.109020000000001,4.759405405405448,0.2946486486486534,2026-07-22 10:35:00+05:30,37.29962049000001,TARGET,False,0.7213595099999921,0.07532060049,0.6460389095099921,-0.38210956529216134,Q3
OLAELEC,ORB_50,2.0,2026-07-23,BUY,2026-07-23 10:45:00+05:30,2026-07-23 10:50:00+05:30,37.668825,36.948825,0.7199999999999989,39.108825,2.0,37.14243195995482,0.5911749999999998,0.9288249999999962,0.8210763888888899,1.290034722222219,2026-07-23 15:05:00+05:30,36.9303505875,STOP_LOSS,False,-0.7384744124999969,0.0745991755875,-0.8130735880874969,0.5263930400451784,Q3
OLAELEC,ORB_50,2.0,2026-07-24,SELL,2026-07-24 09:40:00+05:30,2026-07-24 09:45:00+05:30,36.511735,36.736735,0.2249999999999943,36.06173500000001,2.0,36.706829350981046,0.2417349999999984,1.2382649999999984,1.074377777777798,5.503400000000132,2026-07-24 11:25:00+05:30,36.7551033675,STOP_LOSS,False,-0.2433683674999969,0.0732668383675,-0.3166352058674969,-0.19509435098104433,Q1_CLOSEST
OLAELEC,ORB_50,2.0,2026-07-24,BUY,2026-07-24 13:10:00+05:30,2026-07-24 13:15:00+05:30,37.07853,36.853530000000006,0.2249999999999943,37.52852999999999,2.0,36.69709805085776,0.6714699999999993,0.2785300000000035,2.984311111111184,1.237911111111158,2026-07-24 13:40:00+05:30,36.835103235000005,STOP_LOSS,False,-0.2434267649999952,0.073913633235,-0.3173403982349952,0.38143194914223955,Q3
OLAELEC,ORB_50,2.0,2026-07-27,SELL,2026-07-27 10:25:00+05:30,2026-07-27 10:30:00+05:30,37.231375,37.421375,0.1899999999999977,36.851375,2.0,37.43350914912121,0.1913750000000007,0.3186249999999972,1.007236842105279,1.676973684210532,2026-07-27 14:20:00+05:30,37.4400856875,STOP_LOSS,False,-0.2087106874999946,0.0746714606875,-0.2833821481874946,-0.20213414912120697,Q1_CLOSEST
OLAELEC,ORB_50,2.0,2026-07-28,SELL,2026-07-28 09:30:00+05:30,2026-07-28 09:35:00+05:30,37.091445,37.286445,0.1950000000000002,36.701445,2.0,37.31881618917074,0.1414449999999973,0.5785550000000015,0.7253589743589599,2.9669487179487213,2026-07-28 09:35:00+05:30,37.3050882225,STOP_LOSS,False,-0.2136432225000035,0.0743965332225,-0.2880397557225035,-0.22737118917073929,Q1_CLOSEST
OLAELEC,ORB_50,2.0,2026-07-28,SELL,2026-07-28 10:00:00+05:30,2026-07-28 10:05:00+05:30,37.04147,37.23647,0.1950000000000002,36.65147,2.0,37.29882012383717,0.091470000000001,0.6285299999999978,0.4690769230769278,3.2232307692307534,2026-07-28 10:05:00+05:30,37.255088235,STOP_LOSS,False,-0.2136182349999984,0.074296558235,-0.2879147932349984,-0.2573501238371705,Q2
OLAELEC,ORB_50,2.0,2026-07-28,BUY,2026-07-28 10:55:00+05:30,2026-07-28 11:00:00+05:30,37.51875,37.32375,0.1950000000000002,37.90875,2.0,37.325262335560446,0.1512500000000045,0.5587499999999963,0.7756410256410479,2.8653846153845923,2026-07-28 11:30:00+05:30,37.305088125,STOP_LOSS,False,-0.2136618749999996,0.074823838125,-0.2884857131249996,0.19348766443955157,Q1_CLOSEST
OLAELEC,ORB_50,2.0,2026-07-28,SELL,2026-07-28 14:05:00+05:30,2026-07-28 14:10:00+05:30,37.08145,37.27645,0.1950000000000002,36.69145,2.0,37.33334268274343,0.1214500000000029,0.1785499999999942,0.622820512820527,0.9156410256409946,2026-07-28 15:25:00+05:30,37.25862,END_OF_DAY,False,-0.1771699999999967,0.07434007,-0.2515100699999967,-0.25189268274343135,Q2
OLAELEC,ORB_50,2.0,2026-07-30,SELL,2026-07-30 10:25:00+05:30,2026-07-30 10:30:00+05:30,37.711135,37.926135,0.2150000000000034,37.28113499999999,2.0,37.8715385211906,0.1111349999999973,0.3088650000000044,0.5169069767441654,1.4365813953488349,2026-07-30 11:15:00+05:30,37.945098067500005,STOP_LOSS,False,-0.2339630675000066,0.0756562330675,-0.3096193005675066,-0.1604035211906023,Q1_CLOSEST
OLAELEC,ORB_50,2.0,2026-07-31,BUY,2026-07-31 09:50:00+05:30,2026-07-31 09:55:00+05:30,38.309145,38.099145,0.2100000000000008,38.729145,2.0,37.98502080825467,0.5908549999999977,0.2191449999999974,2.813595238095216,1.0435476190476027,2026-07-31 10:00:00+05:30,38.0800954275,STOP_LOSS,False,-0.2290495725000028,0.0763892404275,-0.3054388129275028,0.3241241917453337,Q2
OLAELEC,ORB_50,2.0,2026-08-04,BUY,2026-08-04 09:50:00+05:30,2026-08-04 09:55:00+05:30,39.27963,39.00963,0.269999999999996,39.81962999999999,2.0,39.05536728845181,0.4203700000000054,1.0696299999999963,1.5569259259259691,3.961592592592638,2026-08-04 11:35:00+05:30,38.990125185,STOP_LOSS,False,-0.2895048149999937,0.078269755185,-0.3677745701849937,0.22426271154818522,Q1_CLOSEST
OLAELEC,ORB_50,2.0,2026-08-04,SELL,2026-08-04 13:35:00+05:30,2026-08-04 13:40:00+05:30,38.68065,38.95065,0.269999999999996,38.14065000000001,2.0,39.10512223557472,0.4706499999999991,0.1393500000000003,1.7431481481481703,0.5161111111111198,2026-08-04 15:25:00+05:30,38.51925,END_OF_DAY,False,0.1614000000000004,0.0771999,0.0842001000000004,-0.4244722355747186,Q3
OLAELEC,ORB_50,2.0,2026-08-05,BUY,2026-08-05 09:30:00+05:30,2026-08-05 09:35:00+05:30,41.190585,40.325585,0.865000000000002,42.920585,2.0,40.42848987273666,1.4094150000000027,0.5505849999999981,1.6293815028901728,0.6365144508670484,2026-08-05 15:25:00+05:30,41.47925,END_OF_DAY,False,0.2886650000000017,0.082669835,0.2059951650000017,0.7620951272633363,Q4_FARTHEST
OLAELEC,ORB_50,2.0,2026-08-07,SELL,2026-08-07 10:15:00+05:30,2026-08-07 10:20:00+05:30,41.11943,41.38943,0.2700000000000031,40.57943,2.0,41.367981975573066,0.3594300000000032,0.2905699999999953,1.3312222222222188,1.0761851851851554,2026-08-07 10:25:00+05:30,41.410124715,STOP_LOSS,False,-0.2906947150000007,0.082529554715,-0.3732242697150008,-0.24855197557306496,Q2
OLAELEC,ORB_50,2.0,2026-08-10,BUY,2026-08-10 09:35:00+05:30,2026-08-10 09:40:00+05:30,40.370175,39.86517500000001,0.5049999999999955,41.380175,2.0,39.747846737231725,0.6298249999999967,1.1901750000000035,1.247178217821787,2.35678217821785,2026-08-10 13:00:00+05:30,39.845242412500006,STOP_LOSS,False,-0.5249325874999968,0.0802154174125,-0.6051480049124969,0.6223282627682778,Q4_FARTHEST
OLAELEC,ORB_50,2.0,2026-08-12,SELL,2026-08-12 09:40:00+05:30,2026-08-12 09:45:00+05:30,39.770105,40.250105000000005,0.480000000000004,38.81010499999999,2.0,40.05522695416328,0.4801050000000018,0.3198950000000025,1.0002187499999955,0.6664479166666664,2026-08-12 15:25:00+05:30,39.89994,END_OF_DAY,False,-0.1298349999999999,0.079670045,-0.2095050449999999,-0.2851219541632801,Q2
OLAELEC,ORB_50,2.0,2026-08-13,SELL,2026-08-13 09:40:00+05:30,2026-08-13 09:45:00+05:30,39.910035,40.115035,0.2049999999999983,39.500035,2.0,40.17500493967962,0.6600350000000006,0.1099650000000025,3.219682926829298,0.5364146341463583,2026-08-13 15:25:00+05:30,39.519785017500006,TARGET,False,0.390249982499995,0.0794298200175,0.310820162482495,-0.2649699396796166,Q2
OLAELEC,ORB_50,2.0,2026-08-14,SELL,2026-08-14 09:35:00+05:30,2026-08-14 09:40:00+05:30,39.110435,39.400435,0.2899999999999991,38.530435,2.0,39.39447889129299,0.6504350000000017,0.019565,2.24287931034484,0.0674655172413797,2026-08-14 13:35:00+05:30,38.5497002175,TARGET,False,0.5607347824999991,0.0776601352175,0.4830746472824991,-0.28404389129298835,Q2
SUZLON,ORB_50,2.0,2025-08-18,SELL,2025-08-18 09:40:00+05:30,2025-08-18 09:45:00+05:30,60.099935,60.819935,0.7199999999999989,58.659935,2.0,60.53364122137112,3.4799350000000047,0.3000649999999965,4.833243055555569,0.4167569444444402,2025-08-18 10:55:00+05:30,58.6892649675,TARGET,False,1.4106700325000006,0.1187891999675,1.2918808325325006,-0.4337062213711178,Q4_FARTHEST
SUZLON,ORB_50,2.0,2025-08-18,SELL,2025-08-18 15:15:00+05:30,2025-08-18 15:20:00+05:30,57.961005,58.681005,0.7199999999999989,56.521005,2.0,58.39631024576943,0.0210050000000023,0.1889949999999984,0.0291736111111144,0.2624930555555538,2025-08-18 15:25:00+05:30,58.11904500000001,END_OF_DAY,False,-0.1580400000000068,0.11608005,-0.2741200500000068,-0.43530524576942753,Q4_FARTHEST
SUZLON,ORB_50,2.0,2025-08-19,BUY,2025-08-19 10:40:00+05:30,2025-08-19 10:45:00+05:30,58.6293,58.2193,0.4099999999999966,59.4493,2.0,58.24952387928287,1.1206999999999994,0.249299999999998,2.7334146341463628,0.6080487804878052,2025-08-19 12:10:00+05:30,59.41957535,TARGET,False,0.7902753499999946,0.11804887535,0.6722264746499946,0.37977612071713196,Q3
SUZLON,ORB_50,2.0,2025-08-20,SELL,2025-08-20 09:50:00+05:30,2025-08-20 09:55:00+05:30,59.220375,59.430375,0.2100000000000008,58.800375,2.0,59.468396045782846,0.0,1.1296250000000043,0.0,5.3791666666666655,2025-08-20 09:55:00+05:30,59.4600901875,STOP_LOSS,False,-0.2397151875000034,0.1186804651875,-0.3583956526875034,-0.24802104578284911,Q2
SUZLON,ORB_50,2.0,2025-08-20,BUY,2025-08-20 15:05:00+05:30,2025-08-20 15:10:00+05:30,59.919945,59.709945,0.2100000000000008,60.339945,2.0,59.87642464479135,0.0,0.1499449999999953,0.0,0.7140238095237844,2025-08-20 15:25:00+05:30,59.79009,END_OF_DAY,False,-0.1298549999999991,0.119710035,-0.2495650349999991,0.043520355208649164,Q1_CLOSEST
SUZLON,ORB_50,2.0,2025-08-21,SELL,2025-08-21 11:30:00+05:30,2025-08-21 11:35:00+05:30,59.420275,59.730275000000006,0.3100000000000023,58.800275,2.0,59.78689416125876,1.4102750000000055,0.0797249999999962,4.5492741935483725,0.2571774193548248,2025-08-21 13:35:00+05:30,58.8296751375,TARGET,False,0.5905998625000066,0.1182499501375,0.4723499123625066,-0.36661916125876104,Q3
SUZLON,ORB_50,2.0,2025-08-22,BUY,2025-08-22 09:40:00+05:30,2025-08-22 09:45:00+05:30,59.259615,58.804615,0.4549999999999983,60.16961499999999,2.0,58.86387803639995,0.0,1.1996149999999943,0.0,2.636516483516481,2025-08-22 10:25:00+05:30,58.7752126925,STOP_LOSS,False,-0.4844023074999981,0.1180348276925,-0.6024371351924981,0.3957369636000436,Q3
SUZLON,ORB_50,2.0,2025-08-25,SELL,2025-08-25 09:30:00+05:30,2025-08-25 09:35:00+05:30,57.971,58.43599999999999,0.4649999999999963,57.041,2.0,58.32858243627063,0.6109999999999971,0.1990000000000051,1.31397849462366,0.4279569892473263,2025-08-25 15:25:00+05:30,57.54876,END_OF_DAY,False,0.422239999999995,0.11551976,0.3067202399999951,-0.3575824362706328,Q3
SUZLON,ORB_50,2.0,2025-08-26,SELL,2025-08-26 09:30:00+05:30,2025-08-26 09:35:00+05:30,56.79159,57.08659,0.2950000000000017,56.20159,2.0,57.00303350855178,0.1815899999999999,0.4784100000000038,0.6155593220338945,1.6217288135593255,2025-08-26 10:00:00+05:30,57.115133295,STOP_LOSS,False,-0.3235432950000003,0.113906723295,-0.4374500182950003,-0.21144350855178118,Q1_CLOSEST
SUZLON,ORB_50,2.0,2025-08-28,SELL,2025-08-28 09:30:00+05:30,2025-08-28 09:35:00+05:30,55.93202,56.56702,0.634999999999998,54.662020000000005,2.0,56.29239151655673,0.0220200000000048,1.2979799999999957,0.0346771653543383,2.0440629921259834,2025-08-28 09:50:00+05:30,56.59530351,STOP_LOSS,False,-0.6632835099999994,0.11252732351,-0.7758108335099994,-0.36037151655672517,Q3
SUZLON,ORB_50,2.0,2025-08-29,SELL,2025-08-29 09:30:00+05:30,2025-08-29 09:35:00+05:30,55.7721,56.1271,0.355000000000004,55.06209999999999,2.0,56.03698484836084,0.2420999999999935,1.377900000000004,0.6819718309858896,3.881408450704193,2025-08-29 10:05:00+05:30,56.15516355,STOP_LOSS,False,-0.3830635500000028,0.1119272635499999,-0.4949908135500028,-0.26488484836083614,Q2
SUZLON,ORB_50,2.0,2025-08-29,BUY,2025-08-29 11:25:00+05:30,2025-08-29 11:30:00+05:30,56.74836,56.39336,0.3549999999999969,57.45835999999999,2.0,56.16645480988073,0.4016400000000004,0.3983599999999967,1.131380281690152,1.122140845070423,2025-08-29 15:15:00+05:30,56.36516332,STOP_LOSS,False,-0.3831966799999975,0.11311352332,-0.4963102033199975,0.5819051901192651,Q4_FARTHEST
SUZLON,ORB_50,2.0,2025-09-01,BUY,2025-09-01 15:05:00+05:30,2025-09-01 15:10:00+05:30,57.918945,57.283945,0.634999999999998,59.188945,2.0,57.40131719420518,0.061054999999996,0.1089449999999985,0.0961496062992067,0.1715669291338564,2025-09-01 15:25:00+05:30,57.95101,END_OF_DAY,False,0.0320649999999957,0.115869955,-0.0838049550000042,0.5176278057948238,Q4_FARTHEST
SUZLON,ORB_50,2.0,2025-09-02,SELL,2025-09-02 13:55:00+05:30,2025-09-02 14:00:00+05:30,58.05096,58.49596,0.4450000000000003,57.16096,2.0,58.58046329291232,0.1509599999999977,0.3890400000000014,0.3392359550561745,0.8742471910112385,2025-09-02 15:25:00+05:30,58.30914,END_OF_DAY,False,-0.2581800000000029,0.1163601,-0.3745401000000029,-0.5295032929123167,Q4_FARTHEST
SUZLON,ORB_50,2.0,2025-09-03,BUY,2025-09-03 09:50:00+05:30,2025-09-03 09:55:00+05:30,58.58928,58.43428,0.1550000000000011,58.899280000000005,2.0,58.423167899915256,0.1307199999999966,0.6892800000000037,0.8433548387096494,4.446967741935475,2025-09-03 09:55:00+05:30,58.40506286,STOP_LOSS,False,-0.1842171400000012,0.11699434286,-0.3012114828600012,0.16611210008474586,Q1_CLOSEST
SUZLON,ORB_50,2.0,2025-09-03,SELL,2025-09-03 11:00:00+05:30,2025-09-03 11:05:00+05:30,58.11093,58.26593,0.1550000000000011,57.80093,2.0,58.36818242942646,0.2109300000000047,0.6090699999999956,1.36083870967744,3.929483870967685,2025-09-03 11:15:00+05:30,58.29506296500001,STOP_LOSS,False,-0.1841329650000034,0.116405992965,-0.3005389579650034,-0.2572524294264582,Q2
SUZLON,ORB_50,2.0,2025-09-03,BUY,2025-09-03 11:25:00+05:30,2025-09-03 11:30:00+05:30,58.54926,58.39426,0.1550000000000011,58.859260000000006,2.0,58.38397991625512,0.170739999999995,0.6492600000000053,1.101548387096734,4.18877419354839,2025-09-03 12:00:00+05:30,58.36506287,STOP_LOSS,False,-0.1841971300000011,0.11691432287,-0.3011114528700012,0.16528008374487513,Q1_CLOSEST
SUZLON,ORB_50,2.0,2025-09-03,SELL,2025-09-03 14:55:00+05:30,2025-09-03 15:00:00+05:30,58.000985,58.155985,0.1550000000000011,57.690985,2.0,58.32334628124559,0.1009850000000014,0.0990150000000014,0.6515161290322625,0.6388064516129076,2025-09-03 15:25:00+05:30,58.11904500000001,END_OF_DAY,False,-0.1180600000000069,0.11612003,-0.2341800300000069,-0.32236128124559116,Q3
SUZLON,ORB_50,2.0,2025-09-04,SELL,2025-09-04 10:10:00+05:30,2025-09-04 10:15:00+05:30,58.260855,58.525855,0.2650000000000005,57.730855,2.0,58.57469390654117,0.9908549999999964,0.1891450000000034,3.739075471698091,0.7137547169811436,2025-09-04 12:20:00+05:30,57.7597204275,TARGET,False,0.5011345724999998,0.1160205754275,0.3851139970724998,-0.3138389065411715,Q3
SUZLON,ORB_50,2.0,2025-09-05,SELL,2025-09-05 12:45:00+05:30,2025-09-05 12:50:00+05:30,57.29134,57.57134,0.2800000000000011,56.73134,2.0,57.57234436543019,0.0,0.8586600000000004,0.0,3.0666428571428463,2025-09-05 13:30:00+05:30,57.60012567,STOP_LOSS,False,-0.3087856699999989,0.11489146567,-0.4236771356699988,-0.28100436543019214,Q2
SUZLON,ORB_50,2.0,2025-09-05,BUY,2025-09-05 14:10:00+05:30,2025-09-05 14:15:00+05:30,57.92895,57.64895,0.2800000000000011,58.48895,2.0,57.63416041217657,0.0310500000000004,0.1689500000000023,0.1108928571428583,0.6033928571428632,2025-09-05 15:25:00+05:30,57.901035,END_OF_DAY,False,-0.0279150000000001,0.115829985,-0.1437449850000001,0.29478958782343057,Q2
SUZLON,ORB_50,2.0,2025-09-08,SELL,2025-09-08 13:50:00+05:30,2025-09-08 13:55:00+05:30,57.65116,57.89616,0.2449999999999974,57.16116,2.0,57.94704147673034,0.3011599999999959,0.1188400000000058,1.2292244897959144,0.4850612244898248,2025-09-08 15:25:00+05:30,57.518745,END_OF_DAY,False,0.1324149999999946,0.115169905,0.0172450949999946,-0.2958814767303437,Q2
SUZLON,ORB_50,2.0,2025-09-09,SELL,2025-09-09 11:45:00+05:30,2025-09-09 11:50:00+05:30,57.021475,57.366475,0.3449999999999988,56.331475,2.0,57.24459185801299,0.0214749999999952,0.2185250000000067,0.0622463768115806,0.6334057971014709,2025-09-09 15:25:00+05:30,57.158565,END_OF_DAY,False,-0.1370900000000077,0.11418004,-0.2512700400000077,-0.22311685801298609,Q1_CLOSEST
SUZLON,ORB_50,2.0,2025-09-11,SELL,2025-09-11 11:35:00+05:30,2025-09-11 11:40:00+05:30,57.351310000000005,57.66631000000001,0.3150000000000048,56.72131,2.0,57.60464185569119,0.4713100000000025,0.0486899999999934,1.4962222222222077,0.1545714285714054,2025-09-11 15:25:00+05:30,57.0285,END_OF_DAY,False,0.322810000000004,0.11437981,0.208430190000004,-0.25333185569118655,Q2
SUZLON,ORB_50,2.0,2025-09-12,SELL,2025-09-12 09:55:00+05:30,2025-09-12 10:00:00+05:30,56.981495,57.11149499999999,0.1299999999999954,56.721495,2.0,57.12864697925783,0.2514949999999984,0.4385050000000063,1.934576923076979,3.373115384615552,2025-09-12 10:10:00+05:30,57.14005074749999,STOP_LOSS,False,-0.1585557474999959,0.1141215457475,-0.2726772932474959,-0.14715197925782775,Q1_CLOSEST
SUZLON,ORB_50,2.0,2025-09-15,BUY,2025-09-15 10:05:00+05:30,2025-09-15 10:10:00+05:30,58.219095,57.749095,0.4699999999999988,59.15909499999999,2.0,57.898196263640926,0.230905000000007,0.4490949999999927,0.4912872340425693,0.9555212765957316,2025-09-15 15:25:00+05:30,58.1709,END_OF_DAY,False,-0.0481949999999926,0.116389995,-0.1645849949999926,0.3208987363590765,Q3
SUZLON,ORB_50,2.0,2025-09-16,BUY,2025-09-16 11:25:00+05:30,2025-09-16 11:30:00+05:30,59.60979,59.11479,0.4949999999999974,60.59978999999999,2.0,58.87347812721725,0.0402100000000018,0.7897899999999964,0.0812323232323274,1.5955353535353547,2025-09-16 12:00:00+05:30,59.085232605,STOP_LOSS,False,-0.5245573949999951,0.1186950226049999,-0.6432524176049951,0.7363118727827498,Q4_FARTHEST
SUZLON,ORB_50,2.0,2025-09-17,SELL,2025-09-17 09:45:00+05:30,2025-09-17 09:50:00+05:30,59.240365,59.580365,0.3399999999999963,58.56036500000001,2.0,59.656259378451374,0.4903650000000041,0.2496349999999978,1.442250000000028,0.7342205882352957,2025-09-17 15:25:00+05:30,59.299635,END_OF_DAY,False,-0.0592699999999979,0.11854,-0.1778099999999979,-0.41589437845137667,Q4_FARTHEST
SUZLON,ORB_50,2.0,2025-09-18,SELL,2025-09-18 10:10:00+05:30,2025-09-18 10:15:00+05:30,59.200385,59.405385,0.2049999999999983,58.790385,2.0,59.431399180006025,0.4503849999999971,0.1796150000000054,2.1970000000000045,0.8761707317073507,2025-09-18 12:40:00+05:30,58.8197801925,TARGET,False,0.3806048074999992,0.1180201651925,0.2625846423074992,-0.2310141800060279,Q1_CLOSEST
SUZLON,ORB_50,2.0,2025-09-19,BUY,2025-09-19 10:20:00+05:30,2025-09-19 10:25:00+05:30,59.98998,59.66998,0.3200000000000003,60.62998,2.0,59.58509374819847,0.6200199999999967,0.4099800000000044,1.937562499999988,1.2811875000000128,2025-09-19 10:30:00+05:30,59.640145010000005,STOP_LOSS,False,-0.3498349899999979,0.11963012501,-0.469465115009998,0.4048862518015355,Q3
SUZLON,ORB_50,2.0,2025-09-22,BUY,2025-09-22 09:30:00+05:30,2025-09-22 09:35:00+05:30,60.860415,60.585415,0.2749999999999986,61.41041499999999,2.0,60.62898023819388,0.1095850000000027,1.1904149999999944,0.398490909090921,4.32878181818182,2025-09-22 09:50:00+05:30,60.5551222925,STOP_LOSS,False,-0.3052927075000013,0.1214155372925,-0.4267082447925013,0.23143476180612055,Q1_CLOSEST
SUZLON,ORB_50,2.0,2025-09-22,SELL,2025-09-22 14:10:00+05:30,2025-09-22 14:15:00+05:30,60.14991,60.42491,0.2749999999999986,59.59991,2.0,60.57701864513497,0.4799099999999967,0.1100899999999995,1.7451272727272698,0.4003272727272732,2025-09-22 15:25:00+05:30,59.879925,END_OF_DAY,False,0.2699849999999983,0.1200298349999999,0.1499551649999984,-0.4271086451349717,Q4_FARTHEST
SUZLON,ORB_50,2.0,2025-09-23,SELL,2025-09-23 09:45:00+05:30,2025-09-23 09:50:00+05:30,59.45026,59.740260000000006,0.2900000000000062,58.87025999999999,2.0,59.74816845149945,0.8202599999999975,0.089739999999999,2.8284827586206203,0.309448275862059,2025-09-23 11:15:00+05:30,58.89969512999999,TARGET,False,0.5505648700000094,0.1183499551299999,0.4322149148700094,-0.29790845149945255,Q2
SUZLON,ORB_50,2.0,2025-09-24,SELL,2025-09-24 11:05:00+05:30,2025-09-24 11:10:00+05:30,58.040965,58.405965,0.365000000000002,57.310965,2.0,58.35959381725151,0.6809650000000005,0.1590350000000029,1.8656575342465664,0.4357123287671289,2025-09-24 15:25:00+05:30,57.56877,END_OF_DAY,False,0.4721949999999992,0.115609735,0.3565852649999992,-0.3186288172515077,Q3
SUZLON,ORB_50,2.0,2025-09-25,SELL,2025-09-25 12:40:00+05:30,2025-09-25 12:45:00+05:30,57.321325,57.691325000000006,0.3700000000000045,56.58132499999999,2.0,57.748600527901615,0.8713249999999988,0.1286750000000012,2.3549324324324004,0.3477702702702692,2025-09-25 15:10:00+05:30,56.60961566249999,TARGET,False,0.711709337500011,0.1139309406625,0.597778396837511,-0.4272755279016138,Q4_FARTHEST
SUZLON,ORB_50,2.0,2025-09-26,SELL,2025-09-26 09:30:00+05:30,2025-09-26 09:35:00+05:30,56.381795,56.65179499999999,0.269999999999996,55.841795000000005,2.0,56.60465815135381,1.2317949999999982,0.8482050000000001,4.562203703703764,3.141500000000047,2025-09-26 09:45:00+05:30,56.68012089749999,STOP_LOSS,False,-0.2983258974999927,0.1130619158974999,-0.4113878133974927,-0.2228631513538133,Q1_CLOSEST
SUZLON,ORB_50,2.0,2025-09-26,BUY,2025-09-26 09:55:00+05:30,2025-09-26 10:00:00+05:30,57.14856,56.87855999999999,0.2700000000000031,57.68856,2.0,56.73786832526432,0.0014400000000023,1.9985599999999977,0.0053333333333418,7.40207407407398,2025-09-26 10:00:00+05:30,56.85012071999999,STOP_LOSS,False,-0.2984392800000037,0.1139986807199999,-0.4124379607200037,0.4106916747356806,Q3
SUZLON,ORB_50,2.0,2025-09-29,SELL,2025-09-29 11:45:00+05:30,2025-09-29 11:50:00+05:30,55.422275000000006,55.852275000000006,0.4299999999999997,54.56227500000001,2.0,55.98632166385384,0.2722750000000076,0.5777249999999938,0.6331976744186227,1.3435465116278935,2025-09-29 14:20:00+05:30,55.88020113750001,STOP_LOSS,False,-0.457926137500003,0.1113024761375,-0.569228613637503,-0.5640466638538371,Q4_FARTHEST
SUZLON,ORB_50,2.0,2025-09-30,SELL,2025-09-30 10:25:00+05:30,2025-09-30 10:30:00+05:30,54.91253,55.16253,0.25,54.41253,2.0,55.074598102025135,0.5025300000000001,0.2874700000000061,2.010120000000001,1.1498800000000244,2025-09-30 14:30:00+05:30,54.43973626499999,TARGET,False,0.4727937350000033,0.109352266265,0.3634414687350033,-0.16206810202513822,Q1_CLOSEST
SUZLON,ORB_50,2.0,2025-10-01,BUY,2025-10-01 09:30:00+05:30,2025-10-01 09:35:00+05:30,55.297635,55.147635,0.1499999999999985,55.597635,2.0,55.16454000266759,0.0623649999999997,0.6976349999999982,0.4157666666666691,4.650900000000032,2025-10-01 09:50:00+05:30,55.1200611825,STOP_LOSS,False,-0.1775738174999972,0.1104176961825,-0.2879915136824972,0.1330949973324067,Q1_CLOSEST
SUZLON,ORB_50,2.0,2025-10-01,SELL,2025-10-01 10:00:00+05:30,2025-10-01 10:05:00+05:30,54.83257,54.98257,0.1499999999999985,54.53257,2.0,55.09937770696752,0.2325699999999955,0.5174300000000045,1.5504666666666511,3.449533333333396,2025-10-01 10:10:00+05:30,55.010061285,STOP_LOSS,False,-0.1774912850000021,0.1098426312849999,-0.2873339162850021,-0.2668077069675263,Q2
SUZLON,ORB_50,2.0,2025-10-03,SELL,2025-10-03 09:45:00+05:30,2025-10-03 09:50:00+05:30,54.902535,55.142535,0.2399999999999948,54.42253500000001,2.0,55.14962810073996,1.0525349999999989,0.1774649999999979,4.385562500000089,0.7394375000000074,2025-10-03 10:40:00+05:30,54.44974626750001,TARGET,False,0.4527887324999895,0.1093522812675,0.3434364512324895,-0.24709310073995994,Q2
SUZLON,ORB_50,2.0,2025-10-06,SELL,2025-10-06 09:30:00+05:30,2025-10-06 09:35:00+05:30,54.63267,54.86267,0.2299999999999968,54.17267,2.0,54.81845422348686,0.7126699999999957,0.1673299999999997,3.098565217391328,0.7275217391304436,2025-10-06 11:15:00+05:30,54.199756335,TARGET,False,0.4329136649999938,0.108832426335,0.3240812386649938,-0.18578422348686274,Q1_CLOSEST
SUZLON,ORB_50,2.0,2025-10-07,BUY,2025-10-07 09:30:00+05:30,2025-10-07 09:35:00+05:30,54.54726,54.36226,0.1850000000000022,54.917260000000006,2.0,54.39964603461704,0.2527399999999957,0.5972599999999986,1.3661621621621225,3.228432432432385,2025-10-07 09:45:00+05:30,54.33507887,STOP_LOSS,False,-0.2121811300000047,0.10888233887,-0.3210634688700047,0.14761396538295912,Q1_CLOSEST
SUZLON,ORB_50,2.0,2025-10-07,SELL,2025-10-07 15:00:00+05:30,2025-10-07 15:05:00+05:30,53.973,54.158,0.1850000000000022,53.603,2.0,54.253825035594616,0.0229999999999961,0.1469999999999984,0.1243243243243019,0.7945945945945765,2025-10-07 15:25:00+05:30,54.137055,END_OF_DAY,False,-0.1640549999999976,0.108110055,-0.2721650549999976,-0.28082503559461713,Q2
SUZLON,ORB_50,2.0,2025-10-08,SELL,2025-10-08 10:10:00+05:30,2025-10-08 10:15:00+05:30,53.663155,53.808155,0.1450000000000031,53.37315499999999,2.0,53.90520425647865,1.0031549999999996,0.0668450000000007,6.918310344827434,0.4609999999999949,2025-10-08 11:05:00+05:30,53.39984157749999,TARGET,False,0.2633134225000049,0.1070629965774999,0.1562504259225049,-0.24204925647864428,Q2
SUZLON,ORB_50,2.0,2025-10-09,SELL,2025-10-09 09:55:00+05:30,2025-10-09 10:00:00+05:30,52.65366,52.978660000000005,0.3250000000000028,52.00366,2.0,53.028457623547176,0.0736600000000038,0.876339999999999,0.2266461538461636,2.6964307692307425,2025-10-09 11:20:00+05:30,53.00514933,STOP_LOSS,False,-0.3514893299999997,0.10565880933,-0.4571481393299997,-0.37479762354717394,Q3
SUZLON,ORB_50,2.0,2025-10-10,BUY,2025-10-10 09:35:00+05:30,2025-10-10 09:40:00+05:30,53.796885,53.541885,0.2550000000000025,54.30688500000001,2.0,53.770779178263815,0.9531149999999968,0.026885,3.7377058823528913,0.1054313725490187,2025-10-10 09:40:00+05:30,54.27973155750001,TARGET,False,0.4828465575000038,0.1080766165575,0.3747699409425038,0.026105821736187806,Q1_CLOSEST
SUZLON,ORB_50,2.0,2025-10-13,SELL,2025-10-13 09:30:00+05:30,2025-10-13 09:35:00+05:30,53.843065,54.06806499999999,0.2249999999999943,53.39306500000001,2.0,54.15734697897359,0.1230649999999968,0.5569350000000028,0.5469555555555554,2.4752666666667418,2025-10-13 10:10:00+05:30,54.09509903249999,STOP_LOSS,False,-0.2520340324999921,0.1079381640324999,-0.3599721965324921,-0.31428197897358956,Q3
SUZLON,ORB_50,2.0,2025-10-14,SELL,2025-10-14 09:40:00+05:30,2025-10-14 09:45:00+05:30,54.222875,54.397875,0.1749999999999971,53.87287500000001,2.0,54.45812486715681,0.6028750000000045,0.1671249999999986,3.4450000000000816,0.9550000000000076,2025-10-14 11:15:00+05:30,53.899811437500006,TARGET,False,0.3230635624999962,0.1081226864375,0.2149408760624962,-0.23524986715680996,Q1_CLOSEST
SUZLON,ORB_50,2.0,2025-10-15,BUY,2025-10-15 10:35:00+05:30,2025-10-15 10:40:00+05:30,54.58728,54.31728,0.2700000000000031,55.127280000000006,2.0,54.40273476394888,0.0,1.0072800000000015,0.0,3.730666666666629,2025-10-15 10:45:00+05:30,54.29012135999999,STOP_LOSS,False,-0.2971586400000063,0.10887740136,-0.4060360413600064,0.18454523605112172,Q1_CLOSEST
SUZLON,ORB_50,2.0,2025-10-15,SELL,2025-10-15 13:45:00+05:30,2025-10-15 13:50:00+05:30,53.943015,54.213015,0.2700000000000031,53.40301499999999,2.0,54.23647246810219,0.3630149999999972,0.1269850000000048,1.344499999999974,0.4703148148148271,2025-10-15 15:25:00+05:30,53.956965,END_OF_DAY,False,-0.0139500000000012,0.10789998,-0.1218499800000012,-0.29345746810219,Q2
SUZLON,ORB_50,2.0,2025-10-16,SELL,2025-10-16 10:20:00+05:30,2025-10-16 10:25:00+05:30,53.85306,53.99306,0.1400000000000005,53.57306,2.0,54.01300817280815,0.4430600000000027,0.0769400000000004,3.164714285714292,0.5495714285714296,2025-10-16 12:15:00+05:30,53.59984653,TARGET,False,0.2532134699999986,0.10745290653,0.1457605634699986,-0.15994817280815,Q1_CLOSEST
SUZLON,ORB_50,2.0,2025-10-17,SELL,2025-10-17 09:45:00+05:30,2025-10-17 09:50:00+05:30,52.803585,53.188585,0.3850000000000051,52.03358499999999,2.0,53.01942140312551,0.8035849999999982,1.1464150000000046,2.0872337662337337,2.977701298701271,2025-10-17 13:50:00+05:30,52.05960179249999,TARGET,False,0.7439832075000083,0.1048631867925,0.6391200207075084,-0.21583640312551466,Q1_CLOSEST
SUZLON,ORB_50,2.0,2025-10-20,SELL,2025-10-20 10:10:00+05:30,2025-10-20 10:15:00+05:30,52.95351,53.26351,0.3100000000000023,52.33350999999999,2.0,53.30522803535632,0.0335099999999926,0.2764900000000025,0.1080967741935237,0.8919032258064533,2025-10-20 15:25:00+05:30,53.18658,END_OF_DAY,False,-0.233070000000005,0.1061400899999999,-0.339210090000005,-0.3517180353563205,Q3
SUZLON,ORB_50,2.0,2025-10-23,BUY,2025-10-23 09:30:00+05:30,2025-10-23 09:35:00+05:30,54.96747,54.79247,0.1750000000000042,55.31747000000001,2.0,54.76253420074772,0.2825300000000013,0.7474699999999999,1.6144571428571108,4.271257142857038,2025-10-23 09:40:00+05:30,54.765073765,STOP_LOSS,False,-0.2023962350000019,0.109732543765,-0.3121287787650019,0.20493579925227579,Q1_CLOSEST
SUZLON,ORB_50,2.0,2025-10-23,SELL,2025-10-23 15:15:00+05:30,2025-10-23 15:20:00+05:30,54.402785,54.577785000000006,0.1750000000000042,54.05278499999999,2.0,54.84808307553926,0.1827850000000026,0.0872150000000004,1.044485714285704,0.4983714285714192,2025-10-23 15:25:00+05:30,54.36717,END_OF_DAY,False,0.0356149999999999,0.108769955,-0.073154955,-0.44529807553925593,Q4_FARTHEST
SUZLON,ORB_50,2.0,2025-10-24,BUY,2025-10-24 09:35:00+05:30,2025-10-24 09:40:00+05:30,55.16757,54.88257,0.2849999999999966,55.73756999999999,2.0,54.96957268778952,0.0124300000000019,1.5175699999999992,0.0436140350877266,5.324807017543921,2025-10-24 10:10:00+05:30,54.855128715,STOP_LOSS,False,-0.3124412849999984,0.1100226987149999,-0.4224639837149984,0.19799731221047523,Q1_CLOSEST
SUZLON,ORB_50,2.0,2025-10-24,SELL,2025-10-24 12:35:00+05:30,2025-10-24 12:40:00+05:30,54.502735,54.787735,0.2849999999999966,53.93273500000001,2.0,54.80612955224544,0.8527350000000027,0.0372649999999978,2.992052631578993,0.1307543859649064,2025-10-24 13:25:00+05:30,53.95970136750001,TARGET,False,0.5430336324999914,0.1084624363675,0.4345711961324913,-0.303394552245436,Q2
SUZLON,ORB_50,2.0,2025-10-27,SELL,2025-10-27 09:45:00+05:30,2025-10-27 09:50:00+05:30,53.79309,53.95309,0.1599999999999966,53.473090000000006,2.0,53.97824365131592,0.1630899999999968,0.2069100000000006,1.019312500000002,1.2931875000000312,2025-10-27 10:20:00+05:30,53.98006654499999,STOP_LOSS,False,-0.1869765449999931,0.107773156545,-0.2947497015449931,-0.18515365131592176,Q1_CLOSEST
SUZLON,ORB_50,2.0,2025-10-28,BUY,2025-10-28 09:30:00+05:30,2025-10-28 09:35:00+05:30,54.20709,54.01709,0.1899999999999977,54.58709,2.0,53.899374612029966,2.262909999999998,0.6070899999999995,11.91005263157908,3.195210526315825,2025-10-28 09:40:00+05:30,53.990081455,STOP_LOSS,False,-0.2170085449999987,0.108197171455,-0.3252057164549988,0.3077153879700347,Q3
SUZLON,ORB_50,2.0,2025-10-28,BUY,2025-10-28 11:30:00+05:30,2025-10-28 11:35:00+05:30,54.137055,53.947055,0.1899999999999977,54.51705499999999,2.0,53.8974848644258,2.3329450000000023,0.0370549999999951,12.278657894737002,0.1950263157894506,2025-10-28 12:00:00+05:30,54.48979647249999,TARGET,False,0.3527414724999929,0.1086268514725,0.2441146210274928,0.2395701355741977,Q1_CLOSEST
SUZLON,ORB_50,2.0,2025-10-29,BUY,2025-10-29 09:55:00+05:30,2025-10-29 10:00:00+05:30,57.238605,56.668605,0.5700000000000003,58.378605,2.0,56.93737034043181,1.5413950000000014,0.0286049999999988,2.704201754385966,0.0501842105263138,2025-10-29 10:20:00+05:30,58.3494156975,TARGET,False,1.1108106974999998,0.1155880206975,0.9952226768025,0.3012346595681876,Q2
SUZLON,ORB_50,2.0,2025-10-30,SELL,2025-10-30 09:30:00+05:30,2025-10-30 09:35:00+05:30,58.31083,58.75583,0.4450000000000003,57.42083,2.0,58.74814192881552,0.3908300000000011,0.659169999999996,0.8782696629213502,1.4812808988763946,2025-10-30 11:25:00+05:30,58.785207915,STOP_LOSS,False,-0.474377914999998,0.117096037915,-0.591473952914998,-0.43731192881551806,Q4_FARTHEST
SUZLON,ORB_50,2.0,2025-10-31,BUY,2025-10-31 09:50:00+05:30,2025-10-31 09:55:00+05:30,59.74986,59.36486,0.384999999999998,60.51986,2.0,59.24966300868371,0.4301400000000015,0.5898600000000016,1.117246753246763,1.5321038961039082,2025-10-31 10:00:00+05:30,59.33517757,STOP_LOSS,False,-0.4146824299999991,0.11908503757,-0.5337674675699992,0.5001969913162867,Q4_FARTHEST
SUZLON,ORB_50,2.0,2025-11-04,BUY,2025-11-04 11:00:00+05:30,2025-11-04 11:05:00+05:30,60.180075,59.810075,0.3699999999999974,60.92007499999999,2.0,59.641217753101536,1.1899250000000023,0.8700749999999928,3.216013513513542,2.3515540540540507,2025-11-04 11:05:00+05:30,59.7801699625,STOP_LOSS,False,-0.3999050374999982,0.1199602449624999,-0.5198652824624982,0.5388572468984663,Q4_FARTHEST
SUZLON,ORB_50,2.0,2025-11-06,SELL,2025-11-06 15:20:00+05:30,2025-11-06 15:25:00+05:30,59.480245,60.460245,0.980000000000004,57.52024499999999,2.0,60.07384968326678,0.0202449999999956,0.0497550000000046,0.0206581632653015,0.0507704081632698,2025-11-06 15:25:00+05:30,59.52975,END_OF_DAY,False,-0.0495050000000034,0.119009995,-0.1685149950000034,-0.5936046832667827,Q4_FARTHEST
SUZLON,ORB_50,2.0,2025-11-07,SELL,2025-11-07 09:30:00+05:30,2025-11-07 09:35:00+05:30,57.721125,58.421125,0.7000000000000028,56.321125,2.0,58.334336829268295,0.791125000000001,0.8788750000000007,1.130178571428568,1.2555357142857102,2025-11-07 11:15:00+05:30,58.4503355625,STOP_LOSS,False,-0.7292105625000005,0.1161714605625,-0.8453820230625005,-0.6132118292682947,Q4_FARTHEST
SUZLON,ORB_50,2.0,2025-11-10,SELL,2025-11-10 10:35:00+05:30,2025-11-10 10:40:00+05:30,57.59119,57.87119,0.2800000000000011,57.03119,2.0,57.89496092959321,0.5811899999999994,0.1488100000000045,2.075678571428561,0.5314642857142998,2025-11-10 13:20:00+05:30,57.059705595,TARGET,False,0.5314844050000005,0.114650895595,0.4168335094050005,-0.30377092959321317,Q2
SUZLON,ORB_50,2.0,2025-11-11,SELL,2025-11-11 09:30:00+05:30,2025-11-11 09:35:00+05:30,56.881545,57.20654499999999,0.3249999999999957,56.231545,2.0,57.289207156486206,0.0215449999999961,1.1684550000000016,0.0662923076922967,3.595246153846206,2025-11-11 09:55:00+05:30,57.23514827249999,STOP_LOSS,False,-0.3536032724999955,0.1141166932724999,-0.4677199657724955,-0.40766215648620374,Q3
SUZLON,ORB_50,2.0,2025-11-12,BUY,2025-11-12 10:15:00+05:30,2025-11-12 10:20:00+05:30,58.359165,58.029165,0.3299999999999983,59.019165,2.0,58.11282199625263,0.5908350000000056,0.3891649999999984,1.790409090909117,1.1792878787878802,2025-11-12 11:20:00+05:30,58.0001504175,STOP_LOSS,False,-0.359014582499995,0.1163593154175,-0.475373897917495,0.24634300374736995,Q2
SUZLON,ORB_50,2.0,2025-11-13,SELL,2025-11-13 12:35:00+05:30,2025-11-13 12:40:00+05:30,57.841065,58.041065,0.2000000000000028,57.441065,2.0,58.04692901861476,0.4310650000000038,0.1989349999999987,2.1553249999999884,0.9946749999999795,2025-11-13 15:25:00+05:30,57.4697855325,TARGET,False,0.3712794675000026,0.1153108505325,0.2559686169675026,-0.20586401861476133,Q1_CLOSEST
SUZLON,ORB_50,2.0,2025-11-14,SELL,2025-11-14 14:20:00+05:30,2025-11-14 14:25:00+05:30,57.07145,57.65145,0.5799999999999983,55.91145,2.0,57.70767668507439,0.0014499999999983,0.8285499999999999,0.0024999999999972,1.4285344827586248,2025-11-14 15:10:00+05:30,57.680275725,STOP_LOSS,False,-0.6088257249999955,0.114751725725,-0.7235774507249956,-0.6362266850743907,Q4_FARTHEST
SUZLON,ORB_50,2.0,2025-11-17,SELL,2025-11-17 09:50:00+05:30,2025-11-17 09:55:00+05:30,57.721125,57.921125,0.2000000000000028,57.321125,2.0,57.8869885022066,0.2211250000000006,0.1788749999999979,1.1056249999999876,0.8943749999999768,2025-11-17 15:25:00+05:30,57.718845,END_OF_DAY,False,0.002280000000006,0.1154399699999999,-0.1131599699999939,-0.16586350220659796,Q1_CLOSEST
SUZLON,ORB_50,2.0,2025-11-18,SELL,2025-11-18 09:35:00+05:30,2025-11-18 09:40:00+05:30,57.181395,57.446395,0.2650000000000005,56.651395,2.0,57.44942725880552,0.4813949999999991,0.1186049999999951,1.8165849056603705,0.4475660377358299,2025-11-18 15:25:00+05:30,56.8284,END_OF_DAY,False,0.352995000000007,0.114009795,0.238985205000007,-0.26803225880551906,Q2
SUZLON,ORB_50,2.0,2025-11-19,SELL,2025-11-19 11:25:00+05:30,2025-11-19 11:30:00+05:30,56.43177,56.69677,0.2650000000000005,55.90177,2.0,56.72662412085992,0.0717700000000007,0.3482300000000009,0.2708301886792476,1.3140754716981138,2025-11-19 13:40:00+05:30,56.725118385,STOP_LOSS,False,-0.2933483850000016,0.113156888385,-0.4065052733850016,-0.2948541208599167,Q2
SUZLON,ORB_50,2.0,2025-11-20,SELL,2025-11-20 11:05:00+05:30,2025-11-20 11:10:00+05:30,56.55171,56.81171,0.259999999999998,56.03171,2.0,56.78546469747921,0.0,0.5982899999999987,0.0,2.301115384615397,2025-11-20 11:20:00+05:30,56.840115855,STOP_LOSS,False,-0.2884058550000006,0.113391825855,-0.4017976808550006,-0.2337546974792133,Q1_CLOSEST
SUZLON,ORB_50,2.0,2025-11-21,SELL,2025-11-21 10:05:00+05:30,2025-11-21 10:10:00+05:30,56.05196,56.36196,0.3099999999999951,55.43196000000001,2.0,56.3678976680987,1.0519600000000011,0.0480400000000003,3.393419354838766,0.1549677419354872,2025-11-21 14:50:00+05:30,55.459675980000014,TARGET,False,0.5922840199999868,0.11151163598,0.4807723840199868,-0.31593766809869805,Q3
SUZLON,ORB_50,2.0,2025-11-24,SELL,2025-11-24 09:40:00+05:30,2025-11-24 09:45:00+05:30,55.022475,55.252475,0.2300000000000039,54.56247499999999,2.0,55.21793355187318,0.6224750000000014,0.4475249999999988,2.7064130434782205,1.945760869565179,2025-11-24 10:00:00+05:30,55.280101237500006,STOP_LOSS,False,-0.2576262375000056,0.1103025762375,-0.3679288137375056,-0.1954585518731804,Q1_CLOSEST
SUZLON,ORB_50,2.0,2025-11-26,BUY,2025-11-26 09:30:00+05:30,2025-11-26 09:35:00+05:30,55.38768,54.80768,0.5799999999999983,56.54767999999999,2.0,54.95355975101442,0.3023200000000017,0.5076799999999935,0.5212413793103493,0.8753103448275775,2025-11-26 15:25:00+05:30,55.63217,END_OF_DAY,False,0.2444899999999989,0.1110198499999999,0.133470149999999,0.434120248985586,Q4_FARTHEST
SUZLON,ORB_50,2.0,2025-11-27,SELL,2025-11-27 09:45:00+05:30,2025-11-27 09:50:00+05:30,55.41228,55.63228,0.2199999999999988,54.97228,2.0,55.58510246009727,0.6022799999999933,0.237720000000003,2.737636363636347,1.080545454545474,2025-11-27 10:05:00+05:30,55.66009613999999,STOP_LOSS,False,-0.2478161399999976,0.1110723761399999,-0.3588885161399976,-0.1728224600972652,Q1_CLOSEST
SUZLON,ORB_50,2.0,2025-11-28,SELL,2025-11-28 10:05:00+05:30,2025-11-28 10:10:00+05:30,54.29284,54.59284,0.2999999999999971,53.69284,2.0,54.51940661342067,0.5428399999999982,0.3971599999999995,1.8094666666666777,1.3238666666666776,2025-11-28 11:20:00+05:30,54.62013642,STOP_LOSS,False,-0.3272964199999961,0.10891297642,-0.4362093964199961,-0.22656661342067252,Q1_CLOSEST
SUZLON,ORB_50,2.0,2025-12-01,SELL,2025-12-01 09:40:00+05:30,2025-12-01 09:45:00+05:30,54.172900000000006,54.4029,0.2299999999999968,53.71290000000001,2.0,54.42672077910359,0.6529000000000025,0.1270999999999915,2.8386956521739624,0.5526086956521447,2025-12-01 14:50:00+05:30,53.73975645000001,TARGET,False,0.4331435499999969,0.10791265645,0.3252308935499969,-0.25382077910358447,Q2
SUZLON,ORB_50,2.0,2025-12-02,BUY,2025-12-02 10:30:00+05:30,2025-12-02 10:35:00+05:30,53.836905,53.571905,0.2650000000000005,54.366905,2.0,53.54000865067351,0.2630949999999998,0.6269050000000007,0.9928113207547145,2.3656792452830167,2025-12-02 11:55:00+05:30,53.5451190475,STOP_LOSS,False,-0.2917859524999997,0.1073820240475,-0.3991679765474997,0.2968963493264951,Q2
SUZLON,ORB_50,2.0,2025-12-03,SELL,2025-12-03 09:30:00+05:30,2025-12-03 09:35:00+05:30,53.103435000000005,53.30343500000001,0.2000000000000028,52.703435,2.0,53.37260996228907,0.8834350000000057,0.1365649999999973,4.417174999999966,0.6828249999999773,2025-12-03 10:05:00+05:30,52.7297867175,TARGET,False,0.3736482825000067,0.1058332217175,0.2678150607825067,-0.269174962289064,Q2
SUZLON,ORB_50,2.0,2025-12-04,BUY,2025-12-04 09:40:00+05:30,2025-12-04 09:45:00+05:30,52.70634,52.41134,0.2950000000000017,53.29634,2.0,52.43245107198138,0.1336600000000061,2.106339999999996,0.4530847457627299,7.140135593220284,2025-12-04 10:45:00+05:30,52.38513432999999,STOP_LOSS,False,-0.3212056700000048,0.1050914743299999,-0.4262971443300047,0.2738889280186143,Q2
SUZLON,ORB_50,2.0,2025-12-05,BUY,2025-12-05 15:10:00+05:30,2025-12-05 15:15:00+05:30,51.935955,51.625955,0.3100000000000023,52.555955,2.0,51.21884886395692,0.2140449999999987,0.1859549999999998,0.6904677419354747,0.5998548387096726,2025-12-05 15:25:00+05:30,51.864055,END_OF_DAY,False,-0.0718999999999994,0.10380001,-0.1757000099999994,0.7171061360430784,Q4_FARTHEST
SUZLON,ORB_50,2.0,2025-12-08,BUY,2025-12-08 10:45:00+05:30,2025-12-08 10:50:00+05:30,52.98648,52.46148,0.5249999999999986,54.03648,2.0,52.68995241229412,0.0,1.41648,0.0,2.69805714285715,2025-12-08 11:30:00+05:30,52.43524926,STOP_LOSS,False,-0.5512307400000012,0.10542172926,-0.6566524692600012,0.2965275877058815,Q2
SUZLON,ORB_50,2.0,2025-12-08,SELL,2025-12-08 14:10:00+05:30,2025-12-08 14:15:00+05:30,51.844065,52.369065,0.5249999999999986,50.794065,2.0,52.39546575457864,0.2640650000000022,0.1459350000000014,0.502980952380958,0.2779714285714321,2025-12-08 15:25:00+05:30,51.715845,END_OF_DAY,False,0.128220000000006,0.10355991,0.0246600900000059,-0.551400754578637,Q4_FARTHEST
SUZLON,ORB_50,2.0,2025-12-09,BUY,2025-12-09 12:05:00+05:30,2025-12-09 12:10:00+05:30,52.496235,51.796235,0.7000000000000028,53.896235,2.0,51.80446289123197,0.2737650000000045,0.2862349999999978,0.3910928571428619,0.408907142857138,2025-12-09 15:25:00+05:30,52.5737,END_OF_DAY,False,0.0774650000000036,0.105069935,-0.0276049349999963,0.6917721087680277,Q4_FARTHEST
SUZLON,ORB_50,2.0,2025-12-10,BUY,2025-12-10 09:30:00+05:30,2025-12-10 09:35:00+05:30,53.10654,52.92153999999999,0.1850000000000022,53.47654,2.0,52.934327261203215,0.0934600000000074,1.756539999999994,0.5051891891892232,9.494810810810662,2025-12-10 09:55:00+05:30,52.89507922999999,STOP_LOSS,False,-0.2114607700000021,0.10600161923,-0.3174623892300022,0.17221273879678733,Q1_CLOSEST
SUZLON,ORB_50,2.0,2025-12-11,BUY,2025-12-11 09:45:00+05:30,2025-12-11 09:50:00+05:30,51.92595,51.63595,0.2899999999999991,52.50595,2.0,51.74633722046119,0.5140499999999975,0.2259499999999974,1.772586206896548,0.7791379310344761,2025-12-11 15:25:00+05:30,52.023975,END_OF_DAY,False,0.0980249999999998,0.103949925,-0.0059249250000002,0.1796127795388074,Q1_CLOSEST
SUZLON,ORB_50,2.0,2025-12-15,BUY,2025-12-15 10:20:00+05:30,2025-12-15 10:25:00+05:30,53.10654,52.89153999999999,0.2150000000000034,53.53654,2.0,52.80266122155729,0.243460000000006,0.3065399999999982,1.1323720930232657,1.4257674418604345,2025-12-15 10:35:00+05:30,52.86509422999999,STOP_LOSS,False,-0.2414457700000056,0.1059716342299999,-0.3474174042300056,0.3038787784427157,Q2
SUZLON,ORB_50,2.0,2025-12-16,SELL,2025-12-16 11:00:00+05:30,2025-12-16 11:05:00+05:30,52.723625,52.893625,0.1700000000000017,52.383625,2.0,52.88466621959031,0.4736249999999984,0.1563750000000041,2.7860294117646687,0.9198529411764856,2025-12-16 14:30:00+05:30,52.4098168125,TARGET,False,0.3138081875000011,0.1051334418124999,0.2086747456875011,-0.16104121959030948,Q1_CLOSEST
SUZLON,ORB_50,2.0,2025-12-17,SELL,2025-12-17 09:40:00+05:30,2025-12-17 09:45:00+05:30,52.27385,52.42885,0.1550000000000011,51.96385,2.0,52.45376914781768,0.4738499999999987,0.2561500000000052,3.057096774193518,1.652580645161312,2025-12-17 09:55:00+05:30,52.455064425,STOP_LOSS,False,-0.1812144250000003,0.104728914425,-0.2859433394250003,-0.17991914781767804,Q1_CLOSEST
SUZLON,ORB_50,2.0,2025-12-18,SELL,2025-12-18 09:50:00+05:30,2025-12-18 09:55:00+05:30,51.3743,51.6293,0.2550000000000025,50.86429999999999,2.0,51.5373898127571,0.0542999999999977,0.6257000000000019,0.2129411764705774,2.453725490196061,2025-12-18 10:40:00+05:30,51.65511465,STOP_LOSS,False,-0.2808146500000035,0.10302941465,-0.3838440646500035,-0.1630898127571001,Q1_CLOSEST
SUZLON,ORB_50,2.0,2025-12-19,BUY,2025-12-19 14:15:00+05:30,2025-12-19 14:20:00+05:30,52.26612,51.97112,0.2950000000000017,52.85612,2.0,51.8916215960454,0.4838799999999992,0.1461200000000033,1.6402711864406658,0.4953220338983136,2025-12-19 15:25:00+05:30,52.623675,END_OF_DAY,False,0.3575549999999978,0.104889795,0.2526652049999978,0.374498403954604,Q3
SUZLON,ORB_50,2.0,2025-12-22,BUY,2025-12-22 10:50:00+05:30,2025-12-22 10:55:00+05:30,53.46672,53.17171999999999,0.2950000000000017,54.05672,2.0,53.226724490432304,0.2732800000000068,0.0867199999999925,0.92637288135595,0.2939661016948884,2025-12-22 15:25:00+05:30,53.443265,END_OF_DAY,False,-0.0234549999999984,0.106909985,-0.1303649849999984,0.23999550956769866,Q2
SUZLON,ORB_50,2.0,2025-12-23,BUY,2025-12-23 09:55:00+05:30,2025-12-23 10:00:00+05:30,53.84691,53.65191,0.1950000000000002,54.23691,2.0,53.58590478953113,0.0,0.5269100000000009,0.0,2.7021025641025647,2025-12-23 10:10:00+05:30,53.625084045,STOP_LOSS,False,-0.2218259549999999,0.107471994045,-0.3292979490449999,0.26100521046887337,Q2
SUZLON,ORB_50,2.0,2025-12-24,SELL,2025-12-24 14:50:00+05:30,2025-12-24 14:55:00+05:30,53.443265,54.208265,0.7650000000000006,51.913265,2.0,54.08023009183143,0.2832650000000001,0.0867350000000044,0.3702810457516338,0.1133790849673259,2025-12-24 15:25:00+05:30,53.296635,END_OF_DAY,False,0.1466299999999947,0.1067399,0.0398900999999946,-0.6369650918314349,Q4_FARTHEST
SUZLON,ORB_50,2.0,2025-12-26,BUY,2025-12-26 09:45:00+05:30,2025-12-26 09:50:00+05:30,54.027,53.612,0.4150000000000062,54.85700000000001,2.0,53.86172191293352,0.1030000000000015,0.9269999999999996,0.2481927710843373,2.2337349397590014,2025-12-26 12:50:00+05:30,53.585194,STOP_LOSS,False,-0.4418060000000068,0.107612194,-0.5494181940000068,0.16527808706648273,Q1_CLOSEST
SUZLON,ORB_50,2.0,2025-12-26,SELL,2025-12-26 15:00:00+05:30,2025-12-26 15:05:00+05:30,53.11343,53.52843,0.4149999999999991,52.28343,2.0,53.66226734768203,0.0,0.2365700000000004,0.0,0.5700481927710864,2025-12-26 15:25:00+05:30,53.376675,END_OF_DAY,False,-0.2632449999999977,0.106490105,-0.3697351049999977,-0.5488373476820314,Q4_FARTHEST
SUZLON,ORB_50,2.0,2025-12-29,BUY,2025-12-29 09:30:00+05:30,2025-12-29 09:35:00+05:30,53.76687,53.52687,0.240000000000002,54.24687000000001,2.0,53.51265218015651,0.083129999999997,1.156870000000005,0.3463749999999848,4.820291666666647,2025-12-29 10:00:00+05:30,53.500106565,STOP_LOSS,False,-0.2667634350000014,0.107266976565,-0.3740304115650014,0.2542178198434897,Q2
SUZLON,ORB_50,2.0,2025-12-29,SELL,2025-12-29 11:40:00+05:30,2025-12-29 11:45:00+05:30,53.083445,53.32344499999999,0.2399999999999948,52.60344500000001,2.0,53.47736554290603,0.4734449999999981,0.1565550000000044,1.972687500000034,0.6523125000000324,2025-12-29 15:25:00+05:30,52.756365,END_OF_DAY,False,0.3270800000000022,0.10583981,0.2212401900000022,-0.39392054290603085,Q3
SUZLON,ORB_50,2.0,2025-12-30,SELL,2025-12-30 12:00:00+05:30,2025-12-30 12:05:00+05:30,52.07395,52.37395,0.2999999999999971,51.47395000000001,2.0,52.429914429306464,0.2639500000000012,0.1960499999999996,0.8798333333333458,0.6535000000000049,2025-12-30 15:25:00+05:30,52.24611,END_OF_DAY,False,-0.1721599999999981,0.10432006,-0.2764800599999981,-0.3559644293064608,Q3
SUZLON,ORB_50,2.0,2025-12-31,BUY,2025-12-31 10:40:00+05:30,2025-12-31 10:45:00+05:30,52.856415,52.486415,0.3700000000000045,53.59641500000001,2.0,52.47197893460392,0.3035849999999982,0.2864149999999981,0.8204999999999851,0.77409459459458,2025-12-31 15:25:00+05:30,52.67365,END_OF_DAY,False,-0.1827649999999963,0.105530065,-0.2882950649999963,0.38443606539608055,Q3
SUZLON,ORB_50,2.0,2026-01-01,SELL,2026-01-01 10:15:00+05:30,2026-01-01 10:20:00+05:30,52.383795,52.623795,0.240000000000002,51.903795,2.0,52.605046790973134,0.333795000000002,0.3462049999999976,1.3908124999999971,1.4425208333333115,2026-01-01 11:40:00+05:30,52.6501068975,STOP_LOSS,False,-0.2663118975000031,0.1050339018975,-0.3713457993975032,-0.22125179097313463,Q1_CLOSEST
SUZLON,ORB_50,2.0,2026-01-02,BUY,2026-01-02 10:30:00+05:30,2026-01-02 10:35:00+05:30,52.90644,52.72644,0.1799999999999997,53.26644,2.0,52.66772754914896,1.4935599999999951,0.046440000000004,8.297555555555542,0.2580000000000228,2026-01-02 10:50:00+05:30,53.23980678,TARGET,False,0.3333667799999986,0.10614624678,0.2272205332199986,0.23871245085104675,Q1_CLOSEST
SUZLON,ORB_50,2.0,2026-01-05,SELL,2026-01-05 09:45:00+05:30,2026-01-05 09:50:00+05:30,53.923025,54.213025,0.2899999999999991,53.343025,2.0,54.12678766237554,0.6230250000000055,0.1369749999999996,2.1483620689655423,0.4723275862068966,2026-01-05 14:05:00+05:30,53.369696512500006,TARGET,False,0.5533284874999964,0.1072927215125,0.4460357659874964,-0.20376266237553864,Q1_CLOSEST
SUZLON,ORB_50,2.0,2026-01-06,SELL,2026-01-06 10:55:00+05:30,2026-01-06 11:00:00+05:30,53.27335,53.60835,0.3350000000000008,52.60335,2.0,53.501213790957785,0.4033500000000032,0.2666499999999985,1.2040298507462752,0.7959701492537249,2026-01-06 15:25:00+05:30,53.4267,END_OF_DAY,False,-0.1533499999999961,0.10670005,-0.2600500499999961,-0.22786379095778386,Q1_CLOSEST
SUZLON,ORB_50,2.0,2026-01-07,SELL,2026-01-07 09:40:00+05:30,2026-01-07 09:45:00+05:30,53.163405,53.398405,0.2349999999999994,52.693405,2.0,53.410048166061294,0.4934049999999956,0.4065950000000029,2.0995957446808378,1.7301914893617187,2026-01-07 10:15:00+05:30,53.4251042025,STOP_LOSS,False,-0.2616992024999973,0.1065885092025,-0.3682877117024973,-0.24664316606129688,Q2
SUZLON,ORB_50,2.0,2026-01-08,SELL,2026-01-08 09:30:00+05:30,2026-01-08 09:35:00+05:30,52.623675,52.978675,0.3549999999999969,51.913675000000005,2.0,52.97694711599997,1.973675,0.2663250000000019,5.559647887323993,0.7502112676056458,2026-01-08 11:30:00+05:30,51.9396318375,TARGET,False,0.6840431624999965,0.1045633068375,0.5794798556624965,-0.353272115999971,Q3
SUZLON,ORB_50,2.0,2026-01-09,SELL,2026-01-09 09:30:00+05:30,2026-01-09 09:35:00+05:30,49.825075,50.240075,0.4149999999999991,48.995075,2.0,50.18726940614393,0.9550750000000008,1.2649250000000052,2.3013855421686813,3.0480120481927897,2026-01-09 09:45:00+05:30,50.2651950375,STOP_LOSS,False,-0.4401200375000016,0.1000902700375,-0.5402103075375017,-0.36219440614393505,Q3
SUZLON,ORB_50,2.0,2026-01-09,SELL,2026-01-09 11:15:00+05:30,2026-01-09 11:20:00+05:30,49.85506,50.27006,0.4149999999999991,49.02506,2.0,50.28151237295581,0.9850600000000044,0.324939999999998,2.3736385542168827,0.7829879518072257,2026-01-09 14:35:00+05:30,49.049572530000006,TARGET,False,0.8054874699999957,0.09890463253,0.7065828374699956,-0.42645237295580785,Q4_FARTHEST
SUZLON,ORB_50,2.0,2026-01-12,SELL,2026-01-12 11:15:00+05:30,2026-01-12 11:20:00+05:30,48.225875,48.755875,0.5300000000000011,47.165875,2.0,48.68700391995056,0.3258750000000034,1.1541250000000003,0.6148584905660429,2.1775943396226376,2026-01-12 12:25:00+05:30,48.7802529375,STOP_LOSS,False,-0.5543779375,0.0970061279375,-0.6513840654374999,-0.4611289199505606,Q4_FARTHEST
SUZLON,ORB_50,2.0,2026-01-13,SELL,2026-01-13 09:30:00+05:30,2026-01-13 09:35:00+05:30,48.825575,49.205575,0.3800000000000025,48.065575,2.0,49.12782437937645,1.0255750000000037,0.1744249999999993,2.6988815789473595,0.4590131578947321,2026-01-13 14:05:00+05:30,48.08960778749999,TARGET,False,0.7359672125000074,0.0969151827874999,0.6390520297125074,-0.30224937937644825,Q2
SUZLON,ORB_50,2.0,2026-01-14,BUY,2026-01-14 09:35:00+05:30,2026-01-14 09:40:00+05:30,49.454715,48.999715,0.4550000000000054,50.36471500000001,2.0,49.090481168664525,0.1852850000000003,0.654715000000003,0.4072197802197762,1.4389340659340557,2026-01-14 13:25:00+05:30,48.9752151425,STOP_LOSS,False,-0.4794998575000022,0.0984299301425,-0.5779297876425022,0.3642338313354756,Q3
SUZLON,ORB_50,2.0,2026-01-16,BUY,2026-01-16 10:10:00+05:30,2026-01-16 10:15:00+05:30,49.30464,48.99464,0.3100000000000023,49.92464,2.0,49.00512353188248,0.0553600000000003,1.1546400000000006,0.1785806451612899,3.724645161290297,2026-01-16 10:50:00+05:30,48.97014268,STOP_LOSS,False,-0.3344973200000041,0.0982747826799999,-0.4327721026800041,0.29951646811751687,Q2
SUZLON,ORB_50,2.0,2026-01-16,SELL,2026-01-16 13:20:00+05:30,2026-01-16 13:25:00+05:30,48.605685,48.915685,0.3100000000000023,47.985685,2.0,48.97713376951646,0.4556850000000025,0.1443149999999988,1.4699516129032233,0.465532258064509,2026-01-16 15:25:00+05:30,48.474225,END_OF_DAY,False,0.131459999999997,0.09707991,0.034380089999997,-0.3714487695164621,Q3
SUZLON,ORB_50,2.0,2026-01-19,SELL,2026-01-19 09:30:00+05:30,2026-01-19 09:35:00+05:30,48.21588,48.45088,0.2349999999999994,47.74588,2.0,48.56371627478583,0.7658799999999957,0.1141199999999997,3.259063829787224,0.4856170212765959,2026-01-19 10:25:00+05:30,47.76975294,TARGET,False,0.446127060000002,0.09598563294,0.350141427060002,-0.3478362747858341,Q3
SUZLON,ORB_50,2.0,2026-01-20,SELL,2026-01-20 09:35:00+05:30,2026-01-20 09:40:00+05:30,47.166405,47.616405,0.4500000000000028,46.26640499999999,2.0,47.628597296598,0.9664049999999946,0.4035950000000028,2.1475666666666413,0.8968777777777783,2026-01-20 15:10:00+05:30,46.28953820249999,TARGET,False,0.8768667975000071,0.0934559432024999,0.7834108542975071,-0.46219229659800476,Q4_FARTHEST
SUZLON,ORB_50,2.0,2026-01-21,SELL,2026-01-21 09:40:00+05:30,2026-01-21 09:45:00+05:30,45.99699,46.27699,0.279999999999994,45.436990000000016,2.0,46.3030827918975,0.6269900000000064,0.5730099999999965,2.2392500000000704,2.046464285714317,2026-01-21 09:50:00+05:30,46.300128495,STOP_LOSS,False,-0.3031384949999918,0.092297118495,-0.3954356134949918,-0.3060927918975054,Q2
SUZLON,ORB_50,2.0,2026-01-22,SELL,2026-01-22 10:05:00+05:30,2026-01-22 10:10:00+05:30,46.026975,46.301975,0.2749999999999986,45.476975,2.0,46.34370326858152,0.2769750000000002,1.1730250000000026,1.0071818181818242,4.265545454545486,2026-01-22 12:35:00+05:30,46.3251259875,STOP_LOSS,False,-0.2981509875000014,0.0923521009874999,-0.3905030884875015,-0.3167282685815209,Q3
SUZLON,ORB_50,2.0,2026-01-23,SELL,2026-01-23 10:20:00+05:30,2026-01-23 10:25:00+05:30,46.766605,47.076605,0.3100000000000023,46.146605,2.0,46.98314587411074,1.2166050000000013,0.1833950000000044,3.9245322580644912,0.5915967741935583,2026-01-23 13:15:00+05:30,46.1696783025,TARGET,False,0.5969266975000025,0.0929362833024999,0.5039904141975025,-0.2165408741107413,Q1_CLOSEST
SUZLON,ORB_50,2.0,2026-01-27,BUY,2026-01-27 10:00:00+05:30,2026-01-27 10:05:00+05:30,46.093035,45.548035,0.5450000000000017,47.183035,2.0,45.63401554980331,0.1569649999999995,1.213034999999998,0.2880091743119249,2.2257522935779708,2026-01-27 12:45:00+05:30,45.5252609825,STOP_LOSS,False,-0.5677740174999997,0.0916182959825,-0.6593923134824997,0.459019450196692,Q4_FARTHEST
SUZLON,ORB_50,2.0,2026-01-28,BUY,2026-01-28 12:00:00+05:30,2026-01-28 12:05:00+05:30,47.453715,46.768715,0.6850000000000023,48.82371500000001,2.0,46.97897150209917,0.5462849999999975,0.4437150000000045,0.7974963503649571,0.6477591240875957,2026-01-28 15:25:00+05:30,47.966005,END_OF_DAY,False,0.5122900000000001,0.09541972,0.4168702800000001,0.4747434979008318,Q4_FARTHEST
SUZLON,ORB_50,2.0,2026-01-29,SELL,2026-01-29 09:50:00+05:30,2026-01-29 09:55:00+05:30,47.226375,47.581375,0.3549999999999969,46.516375,2.0,47.528290384232,0.5963749999999948,0.3736250000000041,1.6799295774647889,1.0524647887324152,2026-01-29 13:10:00+05:30,47.60516568749999,STOP_LOSS,False,-0.3787906874999933,0.0948315406875,-0.4736222281874933,-0.3019153842320037,Q2
SUZLON,ORB_50,2.0,2026-01-30,BUY,2026-01-30 15:00:00+05:30,2026-01-30 15:05:00+05:30,47.893935,47.398935,0.4950000000000045,48.88393500000001,2.0,47.38170739468805,0.0760649999999998,0.4939350000000004,0.1536666666666649,0.9978484848484768,2026-01-30 15:25:00+05:30,47.606185,END_OF_DAY,False,-0.2877499999999955,0.09550012,-0.3832501199999955,0.5122276053119492,Q4_FARTHEST
SUZLON,ORB_50,2.0,2026-02-01,BUY,2026-02-01 10:00:00+05:30,2026-02-01 10:05:00+05:30,48.50424,48.06424,0.4399999999999977,49.38423999999999,2.0,48.25701938916263,0.445760000000007,2.554239999999993,1.0130909090909304,5.805090909090923,2026-02-01 12:00:00+05:30,48.04020788,STOP_LOSS,False,-0.4640321199999988,0.09654444788,-0.5605765678799988,0.247220610837374,Q2
SUZLON,ORB_50,2.0,2026-02-01,SELL,2026-02-01 12:20:00+05:30,2026-02-01 12:25:00+05:30,47.53622,47.97622,0.4399999999999977,46.656220000000005,2.0,48.264440815627744,1.5862199999999973,0.243780000000001,3.605045454545467,0.5540454545454597,2026-02-01 12:25:00+05:30,46.679548110000006,TARGET,False,0.8566718899999941,0.09421576811,0.7624561218899941,-0.7282208156277434,Q4_FARTHEST
SUZLON,ORB_50,2.0,2026-02-02,BUY,2026-02-02 09:50:00+05:30,2026-02-02 09:55:00+05:30,46.56327,46.12827,0.4349999999999951,47.43326999999999,2.0,46.226833337751565,0.6867300000000043,1.1532699999999991,1.5786896551724412,2.651195402298878,2026-02-02 10:20:00+05:30,46.105205865,STOP_LOSS,False,-0.4580641349999936,0.092668475865,-0.5507326108649937,0.33643666224843827,Q3
SUZLON,ORB_50,2.0,2026-02-02,SELL,2026-02-02 11:15:00+05:30,2026-02-02 11:20:00+05:30,45.447265,45.882265,0.4350000000000023,44.577265,2.0,46.079780573483696,0.0272649999999998,1.8027349999999984,0.0626781609195396,4.144218390804572,2026-02-02 11:30:00+05:30,45.905206132500005,STOP_LOSS,False,-0.4579411325000038,0.0913524711325,-0.5492936036325038,-0.632515573483694,Q4_FARTHEST
SUZLON,ORB_50,2.0,2026-02-02,BUY,2026-02-02 14:45:00+05:30,2026-02-02 14:50:00+05:30,46.58328,46.14828,0.4350000000000023,47.45328000000001,2.0,46.1073877845536,0.666719999999998,0.083280000000002,1.5326896551724012,0.1914482758620726,2026-02-02 15:25:00+05:30,47.126425,END_OF_DAY,False,0.5431449999999955,0.093709705,0.4494352949999955,0.47589221544640026,Q4_FARTHEST
SUZLON,ORB_50,2.0,2026-02-04,SELL,2026-02-04 10:45:00+05:30,2026-02-04 10:50:00+05:30,48.905535,49.355535,0.4500000000000028,48.005535,2.0,49.39676422343734,0.1055350000000032,1.0944649999999996,0.234522222222228,2.432144444444428,2026-02-04 11:55:00+05:30,49.380212767500005,STOP_LOSS,False,-0.4746777675000047,0.0982857477675,-0.5729635152675047,-0.49122922343733677,Q4_FARTHEST
SUZLON,ORB_50,2.0,2026-02-05,SELL,2026-02-05 09:35:00+05:30,2026-02-05 09:40:00+05:30,49.11543,49.550430000000006,0.4350000000000023,48.24543,2.0,49.31665279404405,2.1154300000000035,0.0945699999999973,4.863057471264351,0.2174022988505675,2026-02-05 13:25:00+05:30,48.269552715,TARGET,False,0.8458772850000074,0.097384982715,0.7484923022850074,-0.20122279404404964,Q1_CLOSEST
SUZLON,ORB_50,2.0,2026-02-06,SELL,2026-02-06 09:35:00+05:30,2026-02-06 09:40:00+05:30,47.45626,47.80626,0.3500000000000014,46.75626,2.0,47.697694163581566,0.2062600000000003,0.6537399999999991,0.5893142857142842,1.8678285714285607,2026-02-06 09:50:00+05:30,47.83016313,STOP_LOSS,False,-0.3739031300000022,0.09528642313,-0.4691895531300022,-0.241434163581566,Q2
SUZLON,ORB_50,2.0,2026-02-09,SELL,2026-02-09 09:35:00+05:30,2026-02-09 09:40:00+05:30,47.926025,48.156025,0.2299999999999968,47.46602500000001,2.0,48.13581040679333,0.3160250000000033,0.6439749999999975,1.374021739130468,2.7998913043478533,2026-02-09 10:10:00+05:30,48.1801030125,STOP_LOSS,False,-0.2540780124999955,0.0961061280125,-0.3501841405124955,-0.2097854067933298,Q1_CLOSEST
SUZLON,ORB_50,2.0,2026-02-10,SELL,2026-02-10 15:10:00+05:30,2026-02-10 15:15:00+05:30,47.71613,48.02613,0.3099999999999951,47.09613000000001,2.0,47.93607430722793,0.1661300000000025,0.0238700000000022,0.5359032258064682,0.0770000000000085,2026-02-10 15:25:00+05:30,47.66382,END_OF_DAY,False,0.0523099999999985,0.09537995,-0.0430699500000014,-0.21994430722793368,Q1_CLOSEST
SUZLON,ORB_50,2.0,2026-02-11,SELL,2026-02-11 09:30:00+05:30,2026-02-11 09:35:00+05:30,47.05646,47.33646,0.2800000000000011,46.49646,2.0,47.30053292123876,0.3564599999999984,0.4435399999999987,1.2730714285714178,1.5840714285714177,2026-02-11 14:55:00+05:30,47.36012823,STOP_LOSS,False,-0.3036682299999995,0.09441658823,-0.3980848182299995,-0.2440729212387609,Q2
SUZLON,ORB_50,2.0,2026-02-12,SELL,2026-02-12 11:15:00+05:30,2026-02-12 11:20:00+05:30,46.91653,47.21652999999999,0.2999999999999971,46.31653,2.0,47.10934738380123,0.1965299999999956,0.233470000000004,0.6550999999999917,0.7782333333333542,2026-02-12 15:25:00+05:30,46.84341,END_OF_DAY,False,0.0731199999999958,0.09375994,-0.0206399400000041,-0.19281738380122704,Q1_CLOSEST
SUZLON,ORB_50,2.0,2026-02-13,SELL,2026-02-13 10:15:00+05:30,2026-02-13 10:20:00+05:30,46.07695,46.40195,0.3249999999999957,45.42695000000001,2.0,46.38463324180496,0.5269500000000065,0.2930499999999938,1.6213846153846565,0.9016923076923004,2026-02-13 15:25:00+05:30,45.72285,END_OF_DAY,False,0.3541000000000025,0.0917998,0.2623002000000025,-0.3076832418049662,Q3
SUZLON,ORB_50,2.0,2026-02-16,BUY,2026-02-16 10:05:00+05:30,2026-02-16 10:10:00+05:30,46.14306,45.878060000000005,0.2649999999999934,46.67305999999999,2.0,45.73931307348872,0.1869399999999998,0.4430599999999955,0.7054339622641679,1.6719245283019113,2026-02-16 10:55:00+05:30,45.85512097,STOP_LOSS,False,-0.2879390299999969,0.09199818097,-0.3799372109699969,0.40374692651128186,Q3
SUZLON,ORB_50,2.0,2026-02-17,BUY,2026-02-17 09:35:00+05:30,2026-02-17 09:40:00+05:30,46.38318,46.06818,0.3150000000000048,47.01318000000001,2.0,46.21067759712653,0.1868199999999973,0.5831800000000058,0.5930793650793474,1.851365079365069,2026-02-17 14:10:00+05:30,46.04514591,STOP_LOSS,False,-0.3380340900000078,0.09242832591,-0.4304624159100078,0.1725024028734765,Q1_CLOSEST
SUZLON,ORB_50,2.0,2026-02-18,SELL,2026-02-18 09:55:00+05:30,2026-02-18 10:00:00+05:30,45.87705,46.05705,0.1799999999999997,45.51705,2.0,46.06402995085162,0.0670499999999947,0.3029500000000027,0.3724999999999713,1.6830555555555733,2026-02-18 12:00:00+05:30,46.080078525,STOP_LOSS,False,-0.2030285250000005,0.091957128525,-0.2949856535250005,-0.18697995085162233,Q1_CLOSEST
SUZLON,ORB_50,2.0,2026-02-19,SELL,2026-02-19 11:45:00+05:30,2026-02-19 11:50:00+05:30,45.787095,46.057095,0.2700000000000031,45.247095,2.0,46.00191984803175,0.7870950000000008,0.0629050000000006,2.915166666666636,0.2329814814814812,2026-02-19 15:15:00+05:30,45.26971854749999,TARGET,False,0.5173764525000095,0.0910568135474999,0.4263196389525095,-0.21482484803174628,Q1_CLOSEST
SUZLON,ORB_50,2.0,2026-02-20,BUY,2026-02-20 09:45:00+05:30,2026-02-20 09:50:00+05:30,45.28263,45.03762999999999,0.2450000000000045,45.77263000000001,2.0,45.04911748752201,0.0673700000000039,1.0226299999999997,0.2749795918367456,4.17399999999992,2026-02-20 10:05:00+05:30,45.015111185,STOP_LOSS,False,-0.2675188150000025,0.0902977411849999,-0.3578165561850025,0.23351251247798643,Q1_CLOSEST
SUZLON,ORB_50,2.0,2026-02-20,SELL,2026-02-20 11:45:00+05:30,2026-02-20 11:50:00+05:30,44.67765,44.92265,0.2450000000000045,44.18764999999999,2.0,44.94334065052532,0.4176500000000018,0.1623500000000035,1.7046938775509963,0.662653061224492,2026-02-20 15:25:00+05:30,44.40219,END_OF_DAY,False,0.2754599999999954,0.08907984,0.1863801599999953,-0.2656906505253218,Q2
SUZLON,ORB_50,2.0,2026-02-23,BUY,2026-02-23 09:30:00+05:30,2026-02-23 09:35:00+05:30,44.92245,44.67744999999999,0.2450000000000045,45.41245000000001,2.0,44.68413220504316,0.0,1.0924499999999997,0.0,4.45897959183665,2026-02-23 09:40:00+05:30,44.655111275,STOP_LOSS,False,-0.2673387250000019,0.089577561275,-0.3569162862750019,0.23831779495683492,Q1_CLOSEST
SUZLON,ORB_50,2.0,2026-02-23,SELL,2026-02-23 15:10:00+05:30,2026-02-23 15:15:00+05:30,44.167905,44.412905,0.2449999999999974,43.677905,2.0,44.29091141390394,0.0079050000000009,0.1620950000000007,0.0322653061224531,0.6616122448979692,2026-02-23 15:25:00+05:30,44.34216,END_OF_DAY,False,-0.1742550000000022,0.088510065,-0.2627650650000023,-0.12300641390394418,Q1_CLOSEST
SUZLON,ORB_50,2.0,2026-02-24,SELL,2026-02-24 09:30:00+05:30,2026-02-24 09:35:00+05:30,43.568205000000006,43.818205000000006,0.25,43.068205000000006,2.0,43.86654743361429,0.2082050000000066,0.8217949999999945,0.8328200000000265,3.287179999999978,2026-02-24 09:45:00+05:30,43.8401141025,STOP_LOSS,False,-0.2719091024999969,0.0874083191025,-0.3593174216024969,-0.29834243361428747,Q2
SUZLON,ORB_50,2.0,2026-02-25,SELL,2026-02-25 09:30:00+05:30,2026-02-25 09:35:00+05:30,44.067955000000005,44.317955000000005,0.25,43.567955000000005,2.0,44.291744554419765,1.4679550000000037,0.0220449999999985,5.871820000000014,0.0881799999999941,2026-02-25 09:40:00+05:30,43.589738977500005,TARGET,False,0.4782160224999998,0.0876576939775,0.3905583285224998,-0.2237895544197599,Q1_CLOSEST
SUZLON,ORB_50,2.0,2026-02-26,BUY,2026-02-26 09:40:00+05:30,2026-02-26 09:45:00+05:30,43.80189,43.57189,0.2300000000000039,44.26189000000001,2.0,43.45002790866944,0.0981099999999983,0.9318900000000028,0.4265652173912899,4.051695652173855,2026-02-26 09:50:00+05:30,43.550104055,STOP_LOSS,False,-0.2517859450000017,0.087351994055,-0.3391379390550017,0.3518620913305597,Q3
SUZLON,ORB_50,2.0,2026-02-26,SELL,2026-02-26 12:45:00+05:30,2026-02-26 12:50:00+05:30,43.01848,43.24848,0.2300000000000039,42.55847999999999,2.0,43.43393648213242,0.1284799999999961,0.3615200000000058,0.5586086956521475,1.57182608695652,2026-02-26 14:55:00+05:30,43.27010424,STOP_LOSS,False,-0.2516242400000053,0.08628858424,-0.3379128242400053,-0.41545648213242004,Q4_FARTHEST
SUZLON,ORB_50,2.0,2026-02-27,SELL,2026-02-27 09:40:00+05:30,2026-02-27 09:45:00+05:30,42.87855,43.07355,0.1950000000000002,42.48855,2.0,42.99011470129254,0.4285499999999942,0.1714500000000001,2.1976923076922747,0.8792307692307685,2026-02-27 10:00:00+05:30,42.509794275,TARGET,False,0.3687557249999997,0.085388344275,0.2833673807249998,-0.11156470129254359,Q1_CLOSEST
SUZLON,ORB_50,2.0,2026-03-02,BUY,2026-03-02 09:45:00+05:30,2026-03-02 09:50:00+05:30,41.370675,40.310675,1.0599999999999952,43.49067499999999,2.0,40.96189112000527,0.4193250000000006,1.2706749999999971,0.3955896226415118,1.1987500000000026,2026-03-02 12:40:00+05:30,40.2905196625,STOP_LOSS,False,-1.0801553374999957,0.0816611946625,-1.1618165321624956,0.4087838799947292,Q3
SUZLON,ORB_50,2.0,2026-03-04,BUY,2026-03-04 10:10:00+05:30,2026-03-04 10:15:00+05:30,40.54026,40.16526,0.375,41.29026,2.0,40.07502470355914,0.0097399999999936,0.7302600000000012,0.0259733333333163,1.9473600000000035,2026-03-04 10:50:00+05:30,40.145177370000006,STOP_LOSS,False,-0.3950826299999974,0.08068543737,-0.4757680673699974,0.46523529644086636,Q4_FARTHEST
SUZLON,ORB_50,2.0,2026-03-05,SELL,2026-03-05 09:30:00+05:30,2026-03-05 09:35:00+05:30,39.950015,40.195015,0.2449999999999974,39.460015000000006,2.0,40.19712801143021,0.7300150000000016,0.4999850000000023,2.979653061224528,2.040755102040847,2026-03-05 10:15:00+05:30,39.47974500750001,TARGET,False,0.4702699924999933,0.0794297600075,0.3908402324924933,-0.24711301143020847,Q2
SUZLON,ORB_50,2.0,2026-03-06,BUY,2026-03-06 09:35:00+05:30,2026-03-06 09:40:00+05:30,40.850415,40.530415,0.3200000000000003,41.490415,2.0,40.46771801590588,0.1395850000000038,1.0004149999999967,0.4362031250000116,3.126296874999987,2026-03-06 10:45:00+05:30,40.5101497925,STOP_LOSS,False,-0.3402652075000034,0.0813605647924999,-0.4216257722925034,0.38269698409411745,Q3
SUZLON,ORB_50,2.0,2026-03-06,SELL,2026-03-06 15:20:00+05:30,2026-03-06 15:25:00+05:30,39.88005,40.20005,0.3200000000000003,39.24005,2.0,40.39156951675467,0.0,0.1099500000000048,0.0,0.3435937500000149,2026-03-06 15:25:00+05:30,40.009995,END_OF_DAY,False,-0.1299450000000064,0.079890045,-0.2098350450000064,-0.5115195167546744,Q4_FARTHEST
SUZLON,ORB_50,2.0,2026-03-09,BUY,2026-03-09 14:55:00+05:30,2026-03-09 15:00:00+05:30,39.51975,38.86975,0.6500000000000057,40.81975000000001,2.0,38.922921647572686,0.240249999999996,0.049750000000003,0.3696153846153753,0.0765384615384656,2026-03-09 15:25:00+05:30,39.680150000000005,END_OF_DAY,False,0.1604000000000027,0.0791999,0.0812001000000027,0.5968283524273161,Q4_FARTHEST
SUZLON,ORB_50,2.0,2026-03-10,SELL,2026-03-10 09:55:00+05:30,2026-03-10 10:00:00+05:30,40.07995,40.34495,0.2650000000000005,39.54995,2.0,40.223993385453184,0.0,1.5600499999999968,0.0,5.886981132075447,2026-03-10 10:15:00+05:30,40.36512247500001,STOP_LOSS,False,-0.2851724750000031,0.080445072475,-0.3656175474750031,-0.1440433854531875,Q1_CLOSEST
SUZLON,ORB_50,2.0,2026-03-10,BUY,2026-03-10 11:05:00+05:30,2026-03-10 11:10:00+05:30,40.70034,40.43534,0.2650000000000005,41.23034,2.0,40.3285293880172,0.9396600000000036,0.2703399999999973,3.545886792452836,1.0201509433962144,2026-03-10 12:20:00+05:30,40.41512233,STOP_LOSS,False,-0.2852176700000015,0.0811154623299999,-0.3663331323300015,0.3718106119827951,Q3
SUZLON,ORB_50,2.0,2026-03-11,SELL,2026-03-11 14:20:00+05:30,2026-03-11 14:25:00+05:30,41.3793,41.6643,0.2849999999999966,40.80930000000001,2.0,41.705840865707,0.0,0.5707000000000022,0.0,2.0024561403509087,2026-03-11 14:25:00+05:30,41.68513215,STOP_LOSS,False,-0.3058321499999934,0.0830644321499999,-0.3888965821499934,-0.3265408657070026,Q3
SUZLON,ORB_50,2.0,2026-03-12,BUY,2026-03-12 09:45:00+05:30,2026-03-12 09:50:00+05:30,41.60079,41.29579,0.3049999999999997,42.21079,2.0,41.30649719280572,1.9392100000000028,0.2407899999999969,6.3580655737705065,0.7894754098360564,2026-03-12 10:55:00+05:30,42.189684605,TARGET,False,0.5888946050000001,0.0837904746049999,0.5051041303950001,0.29429280719428164,Q2
SUZLON,ORB_50,2.0,2026-03-13,SELL,2026-03-13 09:35:00+05:30,2026-03-13 09:40:00+05:30,42.11893,42.38393,0.2650000000000005,41.58893,2.0,42.43373732415929,1.138930000000002,0.0710699999999988,4.297849056603772,0.2681886792452781,2026-03-13 10:00:00+05:30,41.609724465,TARGET,False,0.5092055349999995,0.083728654465,0.4254768805349995,-0.3148073241592897,Q3
SUZLON,ORB_50,2.0,2026-03-16,BUY,2026-03-16 09:35:00+05:30,2026-03-16 09:40:00+05:30,42.081030000000005,41.63103000000001,0.4499999999999957,42.98103,2.0,41.61736742936969,0.1089699999999922,1.3610300000000066,0.2421555555555406,3.0245111111111544,2026-03-16 09:55:00+05:30,41.61021448500001,STOP_LOSS,False,-0.4708155149999982,0.083691244485,-0.5545067594849982,0.46366257063031213,Q4_FARTHEST
SUZLON,ORB_50,2.0,2026-03-16,SELL,2026-03-16 12:30:00+05:30,2026-03-16 12:35:00+05:30,41.009485,41.459485,0.4500000000000028,40.10948499999999,2.0,41.38061458679037,0.2394849999999948,0.490515000000002,0.5321888888888741,1.090033333333331,2026-03-16 14:40:00+05:30,41.4802147425,STOP_LOSS,False,-0.470729742500005,0.0824896997424999,-0.553219442242505,-0.37112958679037433,Q3
SUZLON,ORB_50,2.0,2026-03-17,SELL,2026-03-17 10:40:00+05:30,2026-03-17 10:45:00+05:30,40.79959,41.17459,0.375,40.04959,2.0,41.040384404338575,0.289590000000004,0.7904100000000014,0.7722400000000107,2.107760000000004,2026-03-17 13:25:00+05:30,41.195177295,STOP_LOSS,False,-0.3955872949999985,0.081994767295,-0.4775820622949985,-0.24079440433857258,Q2
SUZLON,ORB_50,2.0,2026-03-18,BUY,2026-03-18 10:45:00+05:30,2026-03-18 10:50:00+05:30,41.8209,41.5459,0.2749999999999986,42.37089999999999,2.0,41.55013488568764,0.4791000000000025,0.1008999999999957,1.7421818181818365,0.3669090909090774,2026-03-18 15:25:00+05:30,42.03897,END_OF_DAY,False,0.2180700000000044,0.08385987,0.1342101300000044,0.2707651143123613,Q2
SUZLON,ORB_50,2.0,2026-03-19,BUY,2026-03-19 10:50:00+05:30,2026-03-19 10:55:00+05:30,41.720850000000006,41.385850000000005,0.3350000000000008,42.39085000000001,2.0,41.31931789430687,0.0691499999999933,0.9008500000000056,0.2064179104477409,2.68910447761195,2026-03-19 13:35:00+05:30,41.365157075000006,STOP_LOSS,False,-0.3556929249999996,0.083086007075,-0.4387789320749996,0.4015321056931356,Q3
SUZLON,ORB_50,2.0,2026-03-19,SELL,2026-03-19 14:50:00+05:30,2026-03-19 14:55:00+05:30,40.95951,41.29451,0.3350000000000008,40.28950999999999,2.0,41.34334886253568,0.1395099999999942,0.3804900000000089,0.4164477611940116,1.135791044776143,2026-03-19 15:25:00+05:30,41.315157255,STOP_LOSS,False,-0.3556472550000009,0.082274667255,-0.4379219222550009,-0.3838388625356757,Q3
SUZLON,ORB_50,2.0,2026-03-20,BUY,2026-03-20 09:30:00+05:30,2026-03-20 09:35:00+05:30,42.38118,41.92618,0.4549999999999983,43.29118,2.0,42.06285081135253,0.3488199999999963,0.5611800000000002,0.7666373626373575,1.2333626373626425,2026-03-20 15:00:00+05:30,41.90521691,STOP_LOSS,False,-0.4759630900000005,0.08428639691,-0.5602494869100005,0.31832918864746773,Q3
SUZLON,ORB_50,2.0,2026-03-23,SELL,2026-03-23 09:50:00+05:30,2026-03-23 09:55:00+05:30,40.67965,41.15465,0.4750000000000014,39.72965,2.0,40.96989283358808,0.9796499999999996,0.0603499999999996,2.062421052631572,0.1270526315789463,2026-03-23 12:25:00+05:30,39.749514825,TARGET,False,0.9301351750000038,0.080429164825,0.8497060101750038,-0.29024283358807423,Q2
SUZLON,ORB_50,2.0,2026-03-24,SELL,2026-03-24 10:05:00+05:30,2026-03-24 10:10:00+05:30,40.309835,40.704835,0.3950000000000031,39.51983499999999,2.0,40.704158201794144,0.3598349999999968,0.9901649999999976,0.9109746835442885,2.506746835443012,2026-03-24 12:00:00+05:30,40.7251874175,STOP_LOSS,False,-0.4153524175000029,0.0810350224175,-0.4963874399175029,-0.39432320179414404,Q3
SUZLON,ORB_50,2.0,2026-03-25,BUY,2026-03-25 10:30:00+05:30,2026-03-25 10:35:00+05:30,42.48123,41.986230000000006,0.4949999999999974,43.47123,2.0,42.22652722077753,0.3687699999999978,0.331230000000005,0.7449898989898984,0.6691515151515287,2026-03-25 15:25:00+05:30,42.21888,END_OF_DAY,False,-0.2623500000000049,0.08470011,-0.3470501100000049,0.25470277922246964,Q2
SUZLON,ORB_50,2.0,2026-03-27,SELL,2026-03-27 09:50:00+05:30,2026-03-27 09:55:00+05:30,41.509235,41.759235,0.25,41.009235,2.0,41.74102338193543,0.9092350000000023,0.0307649999999952,3.63694000000001,0.123059999999981,2026-03-27 10:25:00+05:30,41.029739617500006,TARGET,False,0.4794953824999979,0.0825389746175,0.3969564078824978,-0.23178838193543072,Q1_CLOSEST
SUZLON,ORB_50,2.0,2026-03-30,BUY,2026-03-30 09:30:00+05:30,2026-03-30 09:35:00+05:30,40.430205,40.10020499999999,0.3300000000000054,41.090205000000005,2.0,40.15615457735792,0.3797950000000085,1.3302049999999923,1.1508939393939464,4.030924242424153,2026-03-30 10:10:00+05:30,40.08015489749999,STOP_LOSS,False,-0.3500501025000062,0.0805103598974999,-0.4305604623975062,0.2740504226420839,Q2
SUZLON,ORB_50,2.0,2026-03-30,SELL,2026-03-30 14:10:00+05:30,2026-03-30 14:15:00+05:30,39.670155,40.00015500000001,0.3300000000000054,39.01015499999999,2.0,40.08248114513754,0.5701549999999997,0.1198449999999979,1.727742424242395,0.3631666666666546,2026-03-30 15:25:00+05:30,39.629805,END_OF_DAY,False,0.0403500000000036,0.07929996,-0.0389499599999963,-0.4123261451375413,Q4_FARTHEST
SUZLON,ORB_50,2.0,2026-04-01,BUY,2026-04-01 13:10:00+05:30,2026-04-01 13:15:00+05:30,41.540760000000006,41.20076,0.3400000000000034,42.22076000000001,2.0,41.24955763516712,0.0092399999999912,0.7107600000000076,0.0271764705882093,2.0904705882352954,2026-04-01 13:40:00+05:30,41.180159620000005,STOP_LOSS,False,-0.360600380000001,0.08272091962,-0.443321299620001,0.2912023648328841,Q2
SUZLON,ORB_50,2.0,2026-04-02,BUY,2026-04-02 14:15:00+05:30,2026-04-02 14:20:00+05:30,40.6203,40.2203,0.3999999999999986,41.4203,2.0,40.088640693484045,0.3596999999999966,0.3203000000000031,0.8992499999999947,0.8007500000000107,2026-04-02 15:25:00+05:30,40.91953,END_OF_DAY,False,0.2992299999999943,0.08153983,0.2176901699999943,0.5316593065159552,Q4_FARTHEST
SUZLON,ORB_50,2.0,2026-04-06,BUY,2026-04-06 11:55:00+05:30,2026-04-06 12:00:00+05:30,41.210595,40.555595,0.6550000000000011,42.520595,2.0,40.5799182851684,0.519404999999999,0.1205949999999944,0.7929847328244246,0.1841145038167851,2026-04-06 15:25:00+05:30,41.65916,END_OF_DAY,False,0.4485650000000021,0.082869755,0.3656952450000021,0.6306767148316013,Q4_FARTHEST
SUZLON,ORB_50,2.0,2026-04-08,BUY,2026-04-08 10:50:00+05:30,2026-04-08 10:55:00+05:30,43.54176,43.141760000000005,0.3999999999999986,44.34176,2.0,43.07402019218701,0.838239999999999,0.1317600000000069,2.095600000000005,0.3294000000000186,2026-04-08 12:20:00+05:30,44.31958912,TARGET,False,0.7778291199999998,0.08786134912,0.6899677708799998,0.46773980781298974,Q4_FARTHEST
SUZLON,ORB_50,2.0,2026-04-09,SELL,2026-04-09 09:40:00+05:30,2026-04-09 09:45:00+05:30,43.73812,44.13311999999999,0.394999999999996,42.94812,2.0,44.10956933274632,0.3781199999999955,0.7218800000000059,0.9572658227848084,1.8275443037975017,2026-04-09 10:55:00+05:30,44.15518655999999,STOP_LOSS,False,-0.417066559999995,0.0878933065599999,-0.5049598665599949,-0.371449332746316,Q3
SUZLON,ORB_50,2.0,2026-04-10,BUY,2026-04-10 09:40:00+05:30,2026-04-10 09:45:00+05:30,45.052515,44.732515,0.3200000000000003,45.692515,2.0,44.88084340632316,0.5974849999999989,0.4225149999999971,1.8671406249999951,1.3203593749999898,2026-04-10 10:05:00+05:30,44.7101487425,STOP_LOSS,False,-0.3423662575000037,0.0897626637425,-0.4321289212425037,0.17167159367684093,Q1_CLOSEST
SUZLON,ORB_50,2.0,2026-04-13,BUY,2026-04-13 09:30:00+05:30,2026-04-13 09:35:00+05:30,44.792385,44.37238500000001,0.4199999999999946,45.63238499999999,2.0,44.392169864621096,1.6176149999999936,0.2323850000000007,3.85146428571432,0.5532976190476279,2026-04-13 10:20:00+05:30,45.60956880749999,TARGET,False,0.8171838074999869,0.0904019538074999,0.7267818536924868,0.4002151353789074,Q3
SUZLON,ORB_50,2.0,2026-04-15,BUY,2026-04-15 09:35:00+05:30,2026-04-15 09:40:00+05:30,47.92395,47.46395,0.4600000000000008,48.84395,2.0,47.601769730564016,1.4360500000000016,0.1239500000000006,3.121847826086954,0.2694565217391313,2026-04-15 11:30:00+05:30,48.819528025,TARGET,False,0.895578024999999,0.096743478025,0.7988345469749989,0.3221802694359823,Q3
SUZLON,ORB_50,2.0,2026-04-16,SELL,2026-04-16 09:55:00+05:30,2026-04-16 10:00:00+05:30,49.09544,49.43044,0.3350000000000008,48.42544,2.0,49.660640128871,0.0854399999999984,1.4345600000000047,0.2550447761193976,4.282268656716421,2026-04-16 10:50:00+05:30,49.45515522,STOP_LOSS,False,-0.3597152199999982,0.09855059522,-0.4582658152199982,-0.5652001288709982,Q4_FARTHEST
SUZLON,ORB_50,2.0,2026-04-16,BUY,2026-04-16 15:10:00+05:30,2026-04-16 15:15:00+05:30,50.255115,49.920115,0.3350000000000008,50.925115,2.0,49.66001094905858,0.2748850000000047,0.0851149999999947,0.8205522388059822,0.2540746268656552,2026-04-16 15:25:00+05:30,50.39479,END_OF_DAY,False,0.139675000000004,0.100649905,0.0390250950000039,0.5951040509414227,Q4_FARTHEST
SUZLON,ORB_50,2.0,2026-04-17,BUY,2026-04-17 09:40:00+05:30,2026-04-17 09:45:00+05:30,52.14606,51.64606,0.5,53.14606,2.0,51.48506358916134,1.5939400000000037,0.6060599999999994,3.187880000000007,1.2121199999999988,2026-04-17 09:45:00+05:30,51.62023697,STOP_LOSS,False,-0.525823029999998,0.10376629697,-0.6295893269699979,0.6609964108386563,Q4_FARTHEST
SUZLON,ORB_50,2.0,2026-04-20,SELL,2026-04-20 09:30:00+05:30,2026-04-20 09:35:00+05:30,52.223875,52.723875,0.5,51.223875,2.0,52.76060832675801,0.3538750000000021,0.6261250000000018,0.7077500000000043,1.2522500000000036,2026-04-20 12:05:00+05:30,52.7502369375,STOP_LOSS,False,-0.526361937499999,0.1049741119375,-0.6313360494374991,-0.5367333267580108,Q4_FARTHEST
SUZLON,ORB_50,2.0,2026-04-21,BUY,2026-04-21 10:00:00+05:30,2026-04-21 10:05:00+05:30,53.176575,52.796575,0.3800000000000025,53.936575000000005,2.0,52.79111398890765,0.1734250000000017,0.5165750000000031,0.4563815789473698,1.359407894736841,2026-04-21 12:45:00+05:30,52.7701767125,STOP_LOSS,False,-0.4063982875000036,0.1059467517125,-0.5123450392125036,0.3854610110923531,Q3
SUZLON,ORB_50,2.0,2026-04-22,BUY,2026-04-22 11:20:00+05:30,2026-04-22 11:25:00+05:30,53.76687,53.40187,0.365000000000002,54.49687000000001,2.0,53.37229463426021,0.9331299999999983,0.0468700000000055,2.556520547945188,0.128410958904124,2026-04-22 14:40:00+05:30,54.46962156500001,TARGET,False,0.7027515650000069,0.108236491565,0.5945150734350069,0.39457536573979013,Q3
SUZLON,ORB_50,2.0,2026-04-23,SELL,2026-04-23 10:05:00+05:30,2026-04-23 10:10:00+05:30,54.322825,54.622825,0.2999999999999971,53.72282500000001,2.0,54.64492531768343,0.8028249999999986,0.2571749999999966,2.676083333333354,0.8572499999999967,2026-04-23 14:45:00+05:30,53.7496864125,TARGET,False,0.5731385874999972,0.1080725114125,0.4650660760874972,-0.3221003176834287,Q3
SUZLON,ORB_50,2.0,2026-04-24,SELL,2026-04-24 09:30:00+05:30,2026-04-24 09:35:00+05:30,53.323325,53.658325000000005,0.3350000000000008,52.653325,2.0,53.75325643272976,0.3933250000000043,0.6766749999999959,1.1741044776119502,2.019925373134311,2026-04-24 10:00:00+05:30,53.685154162500005,STOP_LOSS,False,-0.3618291625000012,0.1070084791625,-0.4688376416625012,-0.4299314327297665,Q4_FARTHEST
SUZLON,ORB_50,2.0,2026-04-27,BUY,2026-04-27 09:50:00+05:30,2026-04-27 09:55:00+05:30,55.40769,54.86769,0.5400000000000063,56.487690000000015,2.0,55.04787753676714,2.0723099999999945,0.2976900000000029,3.8376111111110567,0.5512777777777768,2026-04-27 11:00:00+05:30,56.459446155000016,TARGET,False,1.0517561550000138,0.111867136155,0.939889018845014,0.3598124632328634,Q3
SUZLON,ORB_50,2.0,2026-04-28,SELL,2026-04-28 13:45:00+05:30,2026-04-28 13:50:00+05:30,56.901535,57.286535,0.384999999999998,56.13153500000001,2.0,57.34818334652029,0.001535000000004,0.9484649999999988,0.0039870129870235,2.4635454545454643,2026-04-28 13:55:00+05:30,57.3151782675,STOP_LOSS,False,-0.4136432674999994,0.1142167132675,-0.5278599807674995,-0.4466483465202842,Q4_FARTHEST
SUZLON,ORB_50,2.0,2026-04-29,SELL,2026-04-29 09:35:00+05:30,2026-04-29 09:40:00+05:30,57.19139,57.53639,0.3449999999999988,56.50139,2.0,57.54683033157987,0.7913899999999998,0.7986100000000036,2.2938840579710216,2.3148115942029164,2026-04-29 10:50:00+05:30,57.565158195,STOP_LOSS,False,-0.3737681949999967,0.114756548195,-0.4885247431949967,-0.35544033157987087,Q3
SUZLON,ORB_50,2.0,2026-04-30,SELL,2026-04-30 10:00:00+05:30,2026-04-30 10:05:00+05:30,55.69214,55.99714,0.3049999999999997,55.08214,2.0,56.12391599429583,0.692140000000002,0.2078599999999966,2.2693114754098445,0.6815081967213009,2026-04-30 10:30:00+05:30,55.10968107,TARGET,False,0.5824589300000014,0.11080182107,0.4716571089300013,-0.43177599429582614,Q4_FARTHEST
SUZLON,ORB_50,2.0,2026-05-04,SELL,2026-05-04 09:30:00+05:30,2026-05-04 09:35:00+05:30,54.61268,55.18268,0.5700000000000003,53.47268,2.0,55.21115306041259,0.5426799999999972,0.8773200000000045,0.9520701754385912,1.5391578947368494,2026-05-04 11:25:00+05:30,55.21027134,STOP_LOSS,False,-0.597591340000001,0.10982295134,-0.707414291340001,-0.5984730604125943,Q4_FARTHEST
SUZLON,ORB_50,2.0,2026-05-05,BUY,2026-05-05 09:35:00+05:30,2026-05-05 09:40:00+05:30,55.757865,55.267865,0.4899999999999949,56.73786499999999,2.0,55.347128978386,0.2421350000000046,1.0478649999999945,0.4941530612245045,2.138500000000011,2026-05-05 10:05:00+05:30,55.2402310675,STOP_LOSS,False,-0.5176339324999972,0.1109980960675,-0.6286320285674972,0.41073602161399947,Q3
SUZLON,ORB_50,2.0,2026-05-06,SELL,2026-05-06 10:05:00+05:30,2026-05-06 10:10:00+05:30,54.03297,54.627970000000005,0.595000000000006,52.84296999999999,2.0,54.42702596061679,0.7229699999999966,0.4570300000000031,1.2150756302520829,0.7681176470588211,2026-05-06 15:25:00+05:30,54.38718,END_OF_DAY,False,-0.3542100000000019,0.10842015,-0.4626301500000019,-0.3940559606167895,Q3
SUZLON,ORB_50,2.0,2026-05-07,SELL,2026-05-07 09:55:00+05:30,2026-05-07 10:00:00+05:30,53.743115,54.14311500000001,0.4000000000000057,52.94311499999999,2.0,54.03817592860047,0.0,2.1268849999999944,0.0,5.31721249999991,2026-05-07 10:20:00+05:30,54.17018655750001,STOP_LOSS,False,-0.4270715575000068,0.1079133015575,-0.5349848590575068,-0.2950609286004635,Q2
SUZLON,ORB_50,2.0,2026-05-07,BUY,2026-05-07 12:00:00+05:30,2026-05-07 12:05:00+05:30,54.657315,54.257315000000006,0.3999999999999986,55.457315,2.0,54.19895613796414,1.2126849999999934,0.1773150000000072,3.031712499999994,0.4432875000000196,2026-05-07 14:10:00+05:30,55.4295863425,TARGET,False,0.7722713424999981,0.1100869013425,0.6621844411574981,0.4583588620358583,Q4_FARTHEST
SUZLON,ORB_50,2.0,2026-05-08,SELL,2026-05-08 11:05:00+05:30,2026-05-08 11:10:00+05:30,55.24236500000001,55.532365000000006,0.2899999999999991,54.66236500000001,2.0,55.60643534957728,0.6723650000000063,0.2176349999999942,2.3185000000000286,0.7504655172413617,2026-05-08 15:25:00+05:30,54.68969618250001,TARGET,False,0.552668817499999,0.1099320611825,0.442736756317499,-0.36407034957727546,Q3
SUZLON,ORB_50,2.0,2026-05-11,SELL,2026-05-11 09:55:00+05:30,2026-05-11 10:00:00+05:30,53.61318,53.97818,0.3649999999999949,52.88318000000001,2.0,53.957349285357445,0.5931799999999967,0.596820000000001,1.6251506849315207,1.6351232876712585,2026-05-11 10:05:00+05:30,54.00516909,STOP_LOSS,False,-0.3919890899999956,0.10761834909,-0.4996074390899956,-0.3441692853574452,Q3
SUZLON,ORB_50,2.0,2026-05-12,SELL,2026-05-12 09:30:00+05:30,2026-05-12 09:35:00+05:30,52.763605,53.143605,0.3799999999999954,52.00360500000001,2.0,53.0512314503369,1.453604999999996,1.1963950000000023,3.825276315789509,3.1484078947368865,2026-05-12 09:40:00+05:30,53.1701768025,STOP_LOSS,False,-0.4065718024999967,0.1059337818025,-0.5125055843024967,-0.2876264503369015,Q2
SUZLON,ORB_50,2.0,2026-05-12,BUY,2026-05-12 09:55:00+05:30,2026-05-12 10:00:00+05:30,53.80689,53.42689,0.3800000000000025,54.56689000000001,2.0,53.23702785714385,0.153109999999998,2.4968900000000005,0.4029210526315712,6.570763157894694,2026-05-12 10:05:00+05:30,53.400176555,STOP_LOSS,False,-0.4067134450000012,0.107207066555,-0.5139205115550012,0.5698621428561523,Q4_FARTHEST
SUZLON,ORB_50,2.0,2026-05-12,SELL,2026-05-12 11:45:00+05:30,2026-05-12 11:50:00+05:30,52.71363,53.093630000000005,0.3800000000000025,51.95363,2.0,53.25699227197963,1.4036299999999995,0.0863699999999951,3.693763157894711,0.2272894736841963,2026-05-12 14:05:00+05:30,51.979606815,TARGET,False,0.7340231850000052,0.104693236815,0.6293299481850052,-0.5433622719796247,Q4_FARTHEST
SUZLON,ORB_50,2.0,2026-05-13,BUY,2026-05-13 12:55:00+05:30,2026-05-13 13:00:00+05:30,52.776375,52.061375,0.7150000000000034,54.20637500000001,2.0,52.282282263192336,0.9636250000000004,0.1663750000000021,1.347727272727267,0.2326923076923096,2026-05-13 15:25:00+05:30,53.23337,END_OF_DAY,False,0.4569949999999991,0.106009745,0.3509852549999991,0.49409273680766574,Q4_FARTHEST
SUZLON,ORB_50,2.0,2026-05-14,SELL,2026-05-14 09:35:00+05:30,2026-05-14 09:40:00+05:30,53.303335,53.578335,0.2749999999999986,52.753335,2.0,53.56657756074726,0.793334999999999,0.2766650000000012,2.884854545454557,1.0060545454545553,2026-05-14 09:55:00+05:30,52.7797116675,TARGET,False,0.5236233324999944,0.1060830466675,0.4175402858324943,-0.2632425607472655,Q2
SUZLON,ORB_50,2.0,2026-05-15,BUY,2026-05-15 10:40:00+05:30,2026-05-15 10:45:00+05:30,53.66682,53.35682,0.3100000000000023,54.286820000000006,2.0,53.289605149153175,0.8431799999999967,0.2168199999999984,2.719935483870937,0.6994193548386995,2026-05-15 12:35:00+05:30,54.259676590000005,TARGET,False,0.5928565900000038,0.10792649659,0.4849300934100038,0.37721485084682627,Q3
SUZLON,ORB_50,2.0,2026-05-18,SELL,2026-05-18 09:50:00+05:30,2026-05-18 09:55:00+05:30,52.59369,52.95868999999999,0.3649999999999949,51.863690000000005,2.0,52.97631652694115,0.4436899999999966,0.8463100000000026,1.215589041095898,2.318657534246615,2026-05-18 11:10:00+05:30,52.98516934499999,STOP_LOSS,False,-0.3914793449999934,0.1055788593449999,-0.4970582043449933,-0.3826265269411451,Q3
SUZLON,ORB_50,2.0,2026-05-19,SELL,2026-05-19 09:30:00+05:30,2026-05-19 09:35:00+05:30,53.05346,53.32346,0.2700000000000031,52.51346,2.0,53.28623811964322,0.533459999999998,0.7765399999999971,1.975777777777748,2.87607407407403,2026-05-19 09:40:00+05:30,53.350121730000005,STOP_LOSS,False,-0.2966617300000038,0.10640358173,-0.4030653117300039,-0.23277811964322126,Q1_CLOSEST
SUZLON,ORB_50,2.0,2026-05-19,SELL,2026-05-19 14:30:00+05:30,2026-05-19 14:35:00+05:30,53.183395,53.453395,0.2700000000000031,52.64339499999999,2.0,53.44409240766766,0.6633949999999942,0.0766050000000007,2.4570185185184683,0.2837222222222215,2026-05-19 15:20:00+05:30,52.66971669749999,TARGET,False,0.5136783025000042,0.1058531116975,0.4078251908025042,-0.2606974076676636,Q2
SUZLON,ORB_50,2.0,2026-05-20,BUY,2026-05-20 14:45:00+05:30,2026-05-20 14:50:00+05:30,52.696335000000005,52.38133500000001,0.3149999999999977,53.326335,2.0,52.39023373852385,0.003664999999998,0.3163350000000022,0.0116349206349144,1.0042380952381096,2026-05-20 15:05:00+05:30,52.3551443325,STOP_LOSS,False,-0.3411906675000011,0.1050514793325,-0.4462421468325012,0.306101261476158,Q2
SUZLON,ORB_50,2.0,2026-05-21,BUY,2026-05-21 09:50:00+05:30,2026-05-21 09:55:00+05:30,53.50673999999999,53.24673999999999,0.2600000000000051,54.02674,2.0,53.25347317211874,0.3332600000000099,0.8467399999999969,1.2817692307692437,3.256692307692232,2026-05-21 11:15:00+05:30,53.22011662999999,STOP_LOSS,False,-0.286623370000008,0.1067268566299999,-0.393350226630008,0.2532668278812551,Q2
SUZLON,ORB_50,2.0,2026-05-21,SELL,2026-05-21 15:05:00+05:30,2026-05-21 15:10:00+05:30,52.83357,53.09357,0.259999999999998,52.313570000000006,2.0,53.28970844598633,0.1735700000000051,0.1664299999999983,0.6675769230769478,0.640115384615383,2026-05-21 15:25:00+05:30,52.736355,END_OF_DAY,False,0.0972149999999985,0.105569925,-0.0083549250000015,-0.45613844598632625,Q4_FARTHEST
SUZLON,ORB_50,2.0,2026-05-22,SELL,2026-05-22 10:00:00+05:30,2026-05-22 10:05:00+05:30,53.023475,53.288475,0.2650000000000005,52.493475,2.0,53.261279454805965,0.0234749999999976,0.9265250000000052,0.0885849056603684,3.496320754716993,2026-05-22 10:35:00+05:30,53.3151192375,STOP_LOSS,False,-0.2916442375000017,0.1063385942374999,-0.3979828317375016,-0.23780445480596768,Q1_CLOSEST
SUZLON,ORB_50,2.0,2026-05-22,BUY,2026-05-22 14:30:00+05:30,2026-05-22 14:35:00+05:30,53.636805,53.371805,0.2650000000000005,54.166805,2.0,53.36740859521412,0.3131950000000003,0.1268050000000045,1.1818679245283006,0.4785094339622801,2026-05-22 15:25:00+05:30,53.87305,END_OF_DAY,False,0.2362449999999967,0.107509855,0.1287351449999967,0.2693964047858799,Q2
SUZLON,ORB_50,2.0,2026-05-25,SELL,2026-05-25 12:05:00+05:30,2026-05-25 12:10:00+05:30,54.25286,54.55286,0.2999999999999971,53.65286,2.0,54.5128546221388,1.1528599999999969,0.5971400000000031,3.842866666666693,1.990466666666696,2026-05-25 15:05:00+05:30,54.58013643,STOP_LOSS,False,-0.3272764299999977,0.10883299643,-0.4361094264299977,-0.2599946221388052,Q2
SUZLON,ORB_50,2.0,2026-05-26,BUY,2026-05-26 10:20:00+05:30,2026-05-26 10:25:00+05:30,54.86742,54.27242,0.5949999999999989,56.05742,2.0,54.292404898290016,0.6225799999999992,0.5374200000000044,1.0463529411764714,0.9032268907563116,2026-05-26 15:25:00+05:30,54.562705,END_OF_DAY,False,-0.3047150000000016,0.109430125,-0.4141451250000016,0.5750151017099867,Q4_FARTHEST
SUZLON,ORB_50,2.0,2026-05-27,BUY,2026-05-27 14:45:00+05:30,2026-05-27 14:50:00+05:30,56.058015000000005,55.34301500000001,0.7149999999999963,57.488015,2.0,55.396908363263016,2.041984999999997,0.1180150000000068,2.8559230769230872,0.1650559440559545,2026-05-27 15:05:00+05:30,57.4592709925,TARGET,False,1.4012559924999906,0.1135172859925,1.2877387065074906,0.6611066367369887,Q4_FARTHEST
SUZLON,ORB_50,2.0,2026-05-29,SELL,2026-05-29 09:40:00+05:30,2026-05-29 09:45:00+05:30,56.841565,57.526565,0.6850000000000023,55.47156499999999,2.0,57.49570207976283,1.2415649999999945,1.2584350000000055,1.8125036496350224,1.837131386861316,2026-05-29 15:20:00+05:30,57.5553282825,STOP_LOSS,False,-0.713763282500004,0.1143968932825,-0.828160175782504,-0.6541370797628261,Q4_FARTHEST
SUZLON,ORB_50,2.0,2026-06-01,SELL,2026-06-01 09:30:00+05:30,2026-06-01 09:35:00+05:30,55.1724,55.9024,0.7299999999999969,53.71240000000001,2.0,55.73205559777601,1.6724000000000032,0.1075999999999979,2.2909589041096035,0.1473972602739703,2026-06-01 15:20:00+05:30,53.73925620000001,TARGET,False,1.4331437999999963,0.1089116562,1.3242321437999962,-0.5596555977760076,Q4_FARTHEST
SUZLON,ORB_50,2.0,2026-06-02,BUY,2026-06-02 13:20:00+05:30,2026-06-02 13:25:00+05:30,53.376675,52.986675,0.3900000000000005,54.156675,2.0,52.98827092520129,1.3933250000000044,0.1366749999999967,3.572628205128211,0.3504487179487091,2026-06-02 14:55:00+05:30,54.1295966625,TARGET,False,0.7529216625000004,0.1075062716625,0.6454153908375003,0.3884040747987072,Q3
SUZLON,ORB_50,2.0,2026-06-03,SELL,2026-06-03 10:10:00+05:30,2026-06-03 10:15:00+05:30,53.783095,54.38809500000001,0.605000000000004,52.573095,2.0,54.206504857719565,0.533095000000003,0.8369049999999945,0.8811487603305777,1.3833140495867586,2026-06-03 14:45:00+05:30,54.4152890475,STOP_LOSS,False,-0.6321940475000005,0.1081983840475,-0.7403924315475006,-0.4234098577195624,Q4_FARTHEST
SUZLON,ORB_50,2.0,2026-06-04,BUY,2026-06-04 14:05:00+05:30,2026-06-04 14:10:00+05:30,55.797885,54.937885,0.8599999999999994,57.517885,2.0,55.31982152390251,0.2021149999999991,0.4078850000000003,0.2350174418604643,0.4742848837209308,2026-06-04 15:25:00+05:30,55.442265,END_OF_DAY,False,-0.3556200000000018,0.11124015,-0.4668601500000018,0.4780634760974891,Q4_FARTHEST
SUZLON,ORB_50,2.0,2026-06-05,SELL,2026-06-05 09:35:00+05:30,2026-06-05 09:40:00+05:30,55.602185000000006,55.812185,0.2099999999999937,55.18218500000002,2.0,55.80736895259904,0.5021850000000043,0.0978149999999971,2.3913571428572347,0.4657857142857143,2026-06-05 15:15:00+05:30,55.20977609250002,TARGET,False,0.3924089074999841,0.1108119610925,0.2815969464074841,-0.205183952599036,Q1_CLOSEST
SUZLON,ORB_50,2.0,2026-06-10,SELL,2026-06-10 14:40:00+05:30,2026-06-10 14:45:00+05:30,54.352810000000005,54.80281000000001,0.4500000000000028,53.45281,2.0,54.78582808444235,0.5428100000000029,0.1771899999999959,1.2062444444444431,0.3937555555555441,2026-06-10 15:25:00+05:30,54.027,END_OF_DAY,False,0.3258100000000041,0.10837981,0.2174301900000041,-0.43301808444234524,Q4_FARTHEST
SUZLON,ORB_50,2.0,2026-06-11,BUY,2026-06-11 09:40:00+05:30,2026-06-11 09:45:00+05:30,53.76687,53.43187,0.3350000000000008,54.436870000000006,2.0,53.586594552590775,0.353129999999993,0.6968700000000041,1.0541194029850511,2.0802089552238874,2026-06-11 13:10:00+05:30,53.405154065000005,STOP_LOSS,False,-0.3617159349999994,0.107172024065,-0.4688879590649994,0.18027544740922252,Q1_CLOSEST
SUZLON,ORB_50,2.0,2026-06-12,BUY,2026-06-12 09:35:00+05:30,2026-06-12 09:40:00+05:30,54.577275,54.212275000000005,0.3649999999999949,55.30727499999999,2.0,54.31495998061834,0.6227250000000026,0.3572750000000013,1.70609589041099,0.9788356164383736,2026-06-12 15:25:00+05:30,55.082445,END_OF_DAY,False,0.5051699999999997,0.10965972,0.3955102799999996,0.2623150193816599,Q2
SUZLON,ORB_50,2.0,2026-06-15,SELL,2026-06-15 12:15:00+05:30,2026-06-15 12:20:00+05:30,55.83207,56.172070000000005,0.3400000000000034,55.15207,2.0,56.28397863052076,0.6220700000000008,0.2579300000000017,1.8296176470588077,0.7586176470588212,2026-06-15 15:25:00+05:30,55.74786,END_OF_DAY,False,0.0842100000000058,0.11157993,-0.0273699299999941,-0.45190863052075514,Q4_FARTHEST
SUZLON,ORB_50,2.0,2026-06-16,BUY,2026-06-16 09:30:00+05:30,2026-06-16 09:35:00+05:30,57.298635,55.703635000000006,1.5949999999999989,60.488635,2.0,56.62636273776618,1.9413649999999976,0.2986350000000044,1.2171567398119116,0.187231974921633,2026-06-16 15:25:00+05:30,57.87105,END_OF_DAY,False,0.5724149999999923,0.115169685,0.4572453149999923,0.6722722622338182,Q4_FARTHEST
SUZLON,ORB_50,2.0,2026-06-17,SELL,2026-06-17 09:30:00+05:30,2026-06-17 09:35:00+05:30,57.441265,57.871265,0.4299999999999997,56.581265,2.0,57.72622033439484,0.1412650000000042,2.058734999999998,0.3285232558139634,4.787755813953488,2026-06-17 10:05:00+05:30,57.9002006325,STOP_LOSS,False,-0.4589356325000011,0.1153414656325,-0.5742770981325012,-0.2849553343948372,Q2
SUZLON,ORB_50,2.0,2026-06-18,SELL,2026-06-18 09:35:00+05:30,2026-06-18 09:40:00+05:30,58.83057,59.100570000000005,0.2700000000000031,58.29057,2.0,59.01640140839923,0.5305700000000044,0.4194299999999984,1.965074074074068,1.5534444444444206,2026-06-18 09:45:00+05:30,59.130120285,STOP_LOSS,False,-0.2995502850000022,0.117960690285,-0.4175109752850022,-0.18583140839923118,Q1_CLOSEST
SUZLON,ORB_50,2.0,2026-06-19,BUY,2026-06-19 10:00:00+05:30,2026-06-19 10:05:00+05:30,58.979475,58.674475,0.3049999999999997,59.589475,2.0,58.71885837783409,1.470525000000002,0.3294750000000022,4.821393442622962,1.0802459016393524,2026-06-19 11:30:00+05:30,59.5596802625,TARGET,False,0.5802052625000016,0.1185391552625,0.4616661072375015,0.2606166221659123,Q2
SUZLON,ORB_50,2.0,2026-06-22,BUY,2026-06-22 14:45:00+05:30,2026-06-22 14:50:00+05:30,59.66982,59.40482,0.2650000000000005,60.19982,2.0,59.34520287011912,0.0201799999999963,0.56982,0.0761509433962123,2.1502641509433915,2026-06-22 15:10:00+05:30,59.37511759,STOP_LOSS,False,-0.2947024099999993,0.11904493759,-0.4137473475899993,0.32461712988088465,Q3
SUZLON,ORB_50,2.0,2026-06-23,SELL,2026-06-23 09:40:00+05:30,2026-06-23 09:45:00+05:30,58.900535,59.170535,0.2700000000000031,58.36053499999999,2.0,59.18560247682419,0.8005349999999964,0.329464999999999,2.964944444444397,1.220240740740723,2026-06-23 11:10:00+05:30,59.2001202675,STOP_LOSS,False,-0.2995852675000066,0.1181006552675,-0.4176859227675066,-0.28506747682418876,Q2
SUZLON,ORB_50,2.0,2026-06-24,SELL,2026-06-24 09:45:00+05:30,2026-06-24 09:50:00+05:30,57.681145,57.926145000000005,0.2450000000000045,57.19114499999999,2.0,58.21714092262293,0.0711450000000013,1.1088549999999984,0.2903877551020409,4.525938775510113,2026-06-24 09:55:00+05:30,57.9551080725,STOP_LOSS,False,-0.2739630725000026,0.1156362530725,-0.3895993255725026,-0.5359959226229307,Q4_FARTHEST
SUZLON,ORB_50,2.0,2026-06-24,BUY,2026-06-24 13:10:00+05:30,2026-06-24 13:15:00+05:30,58.639305,58.394305,0.2449999999999974,59.129305,2.0,58.21659438256726,0.1506949999999989,0.9193050000000014,0.6150816326530633,3.7522653061224935,2026-06-24 14:15:00+05:30,58.365107847500006,STOP_LOSS,False,-0.274197152499994,0.1170044128475,-0.391201565347494,0.42271061743274174,Q4_FARTHEST
SUZLON,ORB_50,2.0,2026-06-24,SELL,2026-06-24 15:05:00+05:30,2026-06-24 15:10:00+05:30,57.99099,58.23599,0.2449999999999974,57.50099000000001,2.0,58.24648070418314,0.2709900000000047,0.0290099999999995,1.106081632653092,0.1184081632653054,2026-06-24 15:25:00+05:30,57.96897,END_OF_DAY,False,0.0220200000000048,0.11595996,-0.0939399599999951,-0.25549070418314557,Q2
SUZLON,ORB_50,2.0,2026-06-25,SELL,2026-06-25 09:30:00+05:30,2026-06-25 09:35:00+05:30,57.88104499999999,58.10104499999999,0.2199999999999988,57.441045,2.0,58.13002997081609,1.0110449999999958,0.2889550000000085,4.595659090909096,1.3134318181818636,2026-06-25 09:40:00+05:30,58.13009552249999,STOP_LOSS,False,-0.2490505224999992,0.1160111405224999,-0.3650616630224992,-0.24898497081609605,Q2
SUZLON,ORB_50,2.0,2026-06-29,SELL,2026-06-29 09:45:00+05:30,2026-06-29 09:50:00+05:30,57.001485,57.476485,0.4750000000000014,56.051485,2.0,57.31401488816877,0.0714850000000026,0.6385149999999982,0.1504947368421104,1.34424210526315,2026-06-29 10:25:00+05:30,57.5052232425,STOP_LOSS,False,-0.503738242499999,0.1145067082425,-0.618244950742499,-0.31252988816876837,Q3
SUZLON,ORB_50,2.0,2026-06-30,BUY,2026-06-30 09:50:00+05:30,2026-06-30 09:55:00+05:30,57.86892,57.65392,0.2150000000000034,58.29892000000001,2.0,57.58154151448674,1.2310799999999986,0.5589200000000005,5.725953488371996,2.599627906976705,2026-06-30 10:00:00+05:30,57.62509304,STOP_LOSS,False,-0.2438269600000069,0.11549401304,-0.3593209730400069,0.2873784855132655,Q2
SUZLON,ORB_50,2.0,2026-06-30,BUY,2026-06-30 11:50:00+05:30,2026-06-30 11:55:00+05:30,57.96897,57.75397,0.2150000000000034,58.398970000000006,2.0,57.63387028573455,1.1310300000000026,0.2589699999999979,5.260604651162719,1.204511627906948,2026-06-30 12:15:00+05:30,57.725093015,STOP_LOSS,False,-0.243876985,0.115694063015,-0.359571048015,0.3350997142654464,Q3
SUZLON,ORB_50,2.0,2026-07-01,SELL,2026-07-01 09:45:00+05:30,2026-07-01 09:50:00+05:30,58.79059,59.02059,0.2299999999999968,58.33059000000001,2.0,59.01599390891858,0.6605899999999991,0.4594099999999983,2.872130434782644,1.9974347826087155,2026-07-01 10:15:00+05:30,59.050100295,STOP_LOSS,False,-0.2595102949999983,0.117840690295,-0.3773509852949983,-0.22540390891857953,Q1_CLOSEST
SUZLON,ORB_50,2.0,2026-07-02,SELL,2026-07-02 09:40:00+05:30,2026-07-02 09:45:00+05:30,58.080945,58.345945,0.2650000000000005,57.550945,2.0,58.29682714723203,0.7209450000000004,0.5190550000000016,2.7205471698113164,1.958698113207549,2026-07-02 09:55:00+05:30,58.3751179725,STOP_LOSS,False,-0.2941729725000002,0.1164560629725,-0.4106290354725002,-0.2158821472320298,Q1_CLOSEST
SUZLON,ORB_50,2.0,2026-07-03,SELL,2026-07-03 09:40:00+05:30,2026-07-03 09:45:00+05:30,57.01148,57.52148,0.509999999999998,55.99148,2.0,57.25558879634709,0.7714799999999968,0.3685200000000037,1.512705882352941,0.7225882352941277,2026-07-03 15:25:00+05:30,56.92845,END_OF_DAY,False,0.0830300000000008,0.11393993,-0.0309099299999991,-0.24410879634709204,Q2
SUZLON,ORB_50,2.0,2026-07-06,SELL,2026-07-06 09:30:00+05:30,2026-07-06 09:35:00+05:30,55.482245,56.232245,0.75,53.982245,2.0,55.93089583541489,0.4722450000000009,0.3677550000000025,0.6296600000000012,0.4903400000000033,2026-07-06 15:25:00+05:30,55.4277,END_OF_DAY,False,0.0545449999999974,0.110909945,-0.0563649450000025,-0.44865083541488815,Q4_FARTHEST
SUZLON,ORB_50,2.0,2026-07-07,SELL,2026-07-07 09:30:00+05:30,2026-07-07 09:35:00+05:30,54.462755,54.917755,0.4549999999999983,53.552755000000005,2.0,54.79284706761734,0.3127550000000028,0.6372450000000001,0.6873736263736351,1.4005384615384668,2026-07-07 13:45:00+05:30,54.9452138775,STOP_LOSS,False,-0.4824588775000009,0.1094079688775,-0.591866846377501,-0.3300920676173362,Q3
SUZLON,ORB_50,2.0,2026-07-08,BUY,2026-07-08 09:40:00+05:30,2026-07-08 09:45:00+05:30,54.36717,54.15217,0.2150000000000034,54.79717000000001,2.0,54.11530435315405,0.4128299999999996,1.6571700000000007,1.9201395348836885,7.707767441860346,2026-07-08 09:45:00+05:30,54.125093915,STOP_LOSS,False,-0.2420760850000007,0.108492263915,-0.3505683489150007,0.2518656468459497,Q2
SUZLON,ORB_50,2.0,2026-07-09,BUY,2026-07-09 09:35:00+05:30,2026-07-09 09:40:00+05:30,53.976975,53.561975,0.4149999999999991,54.806975,2.0,53.65265930735378,0.3130249999999961,0.5769750000000045,0.7542771084337271,1.3903012048192906,2026-07-09 10:20:00+05:30,53.53519401250001,STOP_LOSS,False,-0.441780987499996,0.1075121690125,-0.5492931565124961,0.3243156926462234,Q3
SUZLON,ORB_50,2.0,2026-07-10,BUY,2026-07-10 09:45:00+05:30,2026-07-10 09:50:00+05:30,54.38718,54.22718,0.1599999999999966,54.70718,2.0,54.168810222246506,0.0628200000000021,0.6371800000000007,0.3926250000000215,3.9823750000000895,2026-07-10 10:10:00+05:30,54.200066410000005,STOP_LOSS,False,-0.1871135899999956,0.10858724641,-0.2957008364099956,0.21836977775349453,Q1_CLOSEST
SUZLON,ORB_50,2.0,2026-07-10,SELL,2026-07-10 13:55:00+05:30,2026-07-10 14:00:00+05:30,53.93302,54.09302,0.1599999999999966,53.613020000000006,2.0,54.15206422880939,0.183019999999999,0.1769800000000003,1.1438750000000186,1.1061250000000258,2026-07-10 14:45:00+05:30,54.12006651,STOP_LOSS,False,-0.1870465099999947,0.10805308651,-0.2950995965099947,-0.21904422880938768,Q1_CLOSEST
SUZLON,ORB_50,2.0,2026-07-13,SELL,2026-07-13 11:25:00+05:30,2026-07-13 11:30:00+05:30,52.963505000000005,53.238505,0.2749999999999986,52.41350500000001,2.0,53.23670504274924,0.013505000000002,0.5064949999999939,0.0491090909090988,1.8417999999999877,2026-07-13 12:40:00+05:30,53.2651242525,STOP_LOSS,False,-0.3016192524999965,0.1062286292525,-0.4078478817524965,-0.27320004274923804,Q2
SUZLON,ORB_50,2.0,2026-07-14,SELL,2026-07-14 09:50:00+05:30,2026-07-14 09:55:00+05:30,52.423775000000006,52.658775000000006,0.2349999999999994,51.95377500000001,2.0,52.64460038605456,0.0937750000000079,0.5562249999999906,0.3990425531915241,2.366914893616987,2026-07-14 10:55:00+05:30,52.6851043875,STOP_LOSS,False,-0.2613293874999982,0.1051088793875,-0.3664382668874982,-0.22082538605455682,Q1_CLOSEST
SUZLON,ORB_50,2.0,2026-07-15,BUY,2026-07-15 10:10:00+05:30,2026-07-15 10:15:00+05:30,53.076525,52.856525,0.2199999999999988,53.516525,2.0,52.79927872315032,0.4134750000000053,0.7665249999999943,1.8794318181818523,3.4842045454545376,2026-07-15 12:50:00+05:30,52.8300967375,STOP_LOSS,False,-0.2464282624999967,0.1059066217375,-0.3523348842374967,0.27724627684967373,Q2
SUZLON,ORB_50,2.0,2026-07-15,SELL,2026-07-15 15:05:00+05:30,2026-07-15 15:10:00+05:30,52.41378,52.63378,0.2199999999999988,51.97378,2.0,52.81579091834021,0.1037799999999933,0.1262200000000035,0.4717272727272448,0.5737272727272918,2026-07-15 15:25:00+05:30,52.52625,END_OF_DAY,False,-0.1124700000000018,0.1049400299999999,-0.2174100300000018,-0.40201091834020986,Q3
SUZLON,ORB_50,2.0,2026-07-16,SELL,2026-07-16 09:30:00+05:30,2026-07-16 09:35:00+05:30,51.95401,52.20401,0.25,51.45401,2.0,52.20125314471656,0.0740099999999941,0.735990000000001,0.2960399999999765,2.943960000000004,2026-07-16 09:45:00+05:30,52.230112005,STOP_LOSS,False,-0.2761020049999985,0.1041841220049999,-0.3802861270049985,-0.24724314471656328,Q2
SUZLON,ORB_50,2.0,2026-07-16,BUY,2026-07-16 11:25:00+05:30,2026-07-16 11:30:00+05:30,52.66632,52.41632,0.25,53.16632,2.0,52.30764586697081,0.0,0.7863199999999964,0.0,3.1452799999999854,2026-07-16 11:50:00+05:30,52.39011184,STOP_LOSS,False,-0.276208160000003,0.1050564318399999,-0.381264591840003,0.35867413302919005,Q3
SUZLON,ORB_50,2.0,2026-07-16,SELL,2026-07-16 13:30:00+05:30,2026-07-16 13:35:00+05:30,52.03397,52.28397,0.25,51.53397,2.0,52.28323667520549,0.153970000000001,0.0760299999999958,0.6158800000000042,0.3041199999999833,2026-07-16 15:25:00+05:30,51.96597,END_OF_DAY,False,0.0680000000000049,0.10399994,-0.035999939999995,-0.24926667520549017,Q2
SUZLON,ORB_50,2.0,2026-07-17,SELL,2026-07-17 10:00:00+05:30,2026-07-17 10:05:00+05:30,51.464255,51.739255,0.2749999999999986,50.914255,2.0,51.63930584036161,0.1942549999999983,0.8257449999999977,0.7063818181818157,3.0027090909090983,2026-07-17 10:25:00+05:30,51.7651246275,STOP_LOSS,False,-0.3008696274999991,0.1032293796275,-0.4040990071274991,-0.17505084036160667,Q1_CLOSEST
SUZLON,ORB_50,2.0,2026-07-20,BUY,2026-07-20 09:45:00+05:30,2026-07-20 09:50:00+05:30,52.38618,52.15617999999999,0.2300000000000039,52.84618,2.0,52.04663100161784,0.9038200000000032,0.0561799999999976,3.929652173912989,0.244260869565203,2026-07-20 10:05:00+05:30,52.81975691,TARGET,False,0.4335769100000064,0.1052059369099999,0.3283709730900064,0.33954899838216335,Q3
SUZLON,ORB_50,2.0,2026-07-22,SELL,2026-07-22 09:30:00+05:30,2026-07-22 09:35:00+05:30,52.763605,53.013605,0.25,52.263605,2.0,52.914956809311725,0.433605,0.9363950000000044,1.73442,3.745580000000018,2026-07-22 10:50:00+05:30,53.0401118025,STOP_LOSS,False,-0.2765068025000019,0.1058037168024999,-0.3823105193025019,-0.15135180931172698,Q1_CLOSEST
SUZLON,ORB_50,2.0,2026-07-22,BUY,2026-07-22 11:05:00+05:30,2026-07-22 11:10:00+05:30,53.406690000000005,53.156690000000005,0.25,53.906690000000005,2.0,52.92993805861808,0.1933099999999967,0.8366900000000044,0.773239999999987,3.346760000000017,2026-07-22 11:15:00+05:30,53.13011165500001,STOP_LOSS,False,-0.2765783449999972,0.106536801655,-0.3831151466549972,0.4767519413819272,Q4_FARTHEST
SUZLON,ORB_50,2.0,2026-07-22,SELL,2026-07-22 13:30:00+05:30,2026-07-22 13:35:00+05:30,52.75361,53.00361,0.25,52.25361,2.0,52.99125037113082,0.1836100000000016,0.3563899999999975,0.7344400000000064,1.4255599999999902,2026-07-22 15:00:00+05:30,53.030111805,STOP_LOSS,False,-0.2765018050000023,0.105783721805,-0.3822855268050023,-0.2376403711308157,Q1_CLOSEST
SUZLON,ORB_50,2.0,2026-07-23,SELL,2026-07-23 12:55:00+05:30,2026-07-23 13:00:00+05:30,52.63367,52.89867,0.2650000000000005,52.10367,2.0,52.965888947656936,0.4836699999999965,0.0563300000000026,1.8251698113207373,0.2125660377358586,2026-07-23 15:25:00+05:30,52.24611,END_OF_DAY,False,0.3875599999999934,0.10487978,0.2826802199999935,-0.3322189476569335,Q3
SUZLON,ORB_50,2.0,2026-07-24,SELL,2026-07-24 10:00:00+05:30,2026-07-24 10:05:00+05:30,51.944015,52.169015,0.2250000000000014,51.494015,2.0,52.13409588402023,0.1540150000000011,0.635984999999998,0.6845111111111117,2.8265999999999734,2026-07-24 11:25:00+05:30,52.1950995075,STOP_LOSS,False,-0.2510845075000034,0.1041391145075,-0.3552236220075034,-0.19008088402023304,Q1_CLOSEST
SUZLON,ORB_50,2.0,2026-07-27,BUY,2026-07-27 11:00:00+05:30,2026-07-27 11:05:00+05:30,52.856415,52.56641499999999,0.2900000000000062,53.43641500000001,2.0,52.49765771551051,0.3435850000000044,0.1764149999999986,1.1847758620689557,0.6083275862068788,2026-07-27 15:25:00+05:30,53.11343,END_OF_DAY,False,0.2570150000000026,0.105969845,0.1510451550000026,0.3587572844894851,Q3
SUZLON,ORB_50,2.0,2026-07-28,SELL,2026-07-28 09:55:00+05:30,2026-07-28 10:00:00+05:30,51.7741,52.4591,0.6850000000000023,50.40409999999999,2.0,52.110388923370365,3.9340999999999937,0.3259000000000043,5.743211678832089,0.4757664233576689,2026-07-28 14:00:00+05:30,50.42930204999999,TARGET,False,1.3447979500000071,0.10220340205,1.2425945479500071,-0.3362889233703683,Q3
SUZLON,ORB_50,2.0,2026-07-29,SELL,2026-07-29 10:20:00+05:30,2026-07-29 10:25:00+05:30,47.05646,47.76646,0.7100000000000009,45.63646,2.0,47.67664663931336,1.1264600000000016,0.5435400000000001,1.5865633802816903,0.7655492957746471,2026-07-29 15:25:00+05:30,47.543760000000006,END_OF_DAY,False,-0.4873000000000047,0.09460022,-0.5819002200000047,-0.6201866393133599,Q4_FARTHEST
SUZLON,ORB_50,2.0,2026-07-30,SELL,2026-07-30 09:30:00+05:30,2026-07-30 09:35:00+05:30,46.25686,46.86186000000001,0.605000000000004,45.04686,2.0,46.54051493316938,0.0368600000000043,1.6231399999999994,0.0609256198347175,2.6828760330578327,2026-07-30 10:55:00+05:30,46.88529093000001,STOP_LOSS,False,-0.6284309300000075,0.09314215093,-0.7215730809300075,-0.2836549331693803,Q2
SUZLON,ORB_50,2.0,2026-07-30,BUY,2026-07-30 11:45:00+05:30,2026-07-30 11:50:00+05:30,47.553765,46.948765,0.605000000000004,48.76376500000001,2.0,46.85723383777187,0.326235000000004,0.4537649999999971,0.5392314049586808,0.75002479338842,2026-07-30 15:25:00+05:30,47.3763,END_OF_DAY,False,-0.1774649999999979,0.094930065,-0.272395064999998,0.6965311622281263,Q4_FARTHEST
SUZLON,ORB_50,2.0,2026-07-31,BUY,2026-07-31 09:50:00+05:30,2026-07-31 09:55:00+05:30,47.793885,47.543885,0.25,48.293885,2.0,47.47285350259985,0.3861149999999966,0.1638850000000005,1.5444599999999866,0.655540000000002,2026-07-31 15:25:00+05:30,48.01598,END_OF_DAY,False,0.2220949999999959,0.095809865,0.1262851349999959,0.32103149740015624,Q3
SUZLON,ORB_50,2.0,2026-08-03,BUY,2026-08-03 11:50:00+05:30,2026-08-03 11:55:00+05:30,49.10454,48.60954,0.4950000000000045,50.09454000000001,2.0,48.81772785315193,0.195459999999997,0.3845400000000012,0.3948686868686773,0.7768484848484801,2026-08-03 15:10:00+05:30,48.725625,END_OF_DAY,False,-0.3789149999999992,0.097830165,-0.4767451649999992,0.2868121468480709,Q2
SUZLON,ORB_50,2.0,2026-08-04,SELL,2026-08-04 10:45:00+05:30,2026-08-04 10:50:00+05:30,48.41578,48.72578,0.3100000000000023,47.79577999999999,2.0,48.86037569804138,0.5157799999999995,0.0342200000000048,1.6638064516128892,0.1103870967742082,2026-08-04 15:10:00+05:30,48.024,END_OF_DAY,False,0.3917799999999971,0.09643978,0.2953402199999971,-0.44459569804138255,Q4_FARTHEST
SUZLON,ORB_50,2.0,2026-08-05,SELL,2026-08-05 11:35:00+05:30,2026-08-05 11:40:00+05:30,48.23587,48.49087,0.2550000000000025,47.72586999999999,2.0,48.57276732060552,0.3358699999999999,0.0641299999999986,1.317137254901947,0.2514901960784237,2026-08-05 15:10:00+05:30,48.06402,END_OF_DAY,False,0.1718499999999991,0.09629989,0.0755501099999991,-0.336897320605523,Q3
SUZLON,ORB_50,2.0,2026-08-06,BUY,2026-08-06 14:30:00+05:30,2026-08-06 14:35:00+05:30,48.434205,48.194205,0.240000000000002,48.914205,2.0,48.13032949092448,0.0557950000000033,0.3542050000000003,0.2324791666666787,1.4758541666666558,2026-08-06 14:55:00+05:30,48.1701078975,STOP_LOSS,False,-0.2640971025000027,0.0966043128975,-0.3607014153975027,0.3038755090755174,Q2
SUZLON,ORB_50,2.0,2026-08-07,BUY,2026-08-07 10:25:00+05:30,2026-08-07 10:30:00+05:30,48.72435,48.42935,0.2950000000000017,49.314350000000005,2.0,48.46620096178364,0.2656500000000008,0.69435,0.9005084745762688,2.3537288135593086,2026-08-07 13:30:00+05:30,48.405135325,STOP_LOSS,False,-0.3192146750000049,0.0971294853249999,-0.4163441603250049,0.25814903821635937,Q2
SUZLON,ORB_50,2.0,2026-08-10,SELL,2026-08-10 09:30:00+05:30,2026-08-10 09:35:00+05:30,47.61618,47.891180000000006,0.2750000000000057,47.06617999999999,2.0,47.95080832106482,0.61618,0.38382,2.240654545454499,1.395709090909062,2026-08-10 10:05:00+05:30,47.91512559,STOP_LOSS,False,-0.2989455900000024,0.09553130559,-0.3944768955900024,-0.33462832106481954,Q3
SUZLON,ORB_50,2.0,2026-08-11,SELL,2026-08-11 09:50:00+05:30,2026-08-11 09:55:00+05:30,47.23637,47.441370000000006,0.2050000000000054,46.82636999999999,2.0,47.43951730360787,0.1363699999999994,0.2636299999999991,0.6652195121951017,1.2859999999999618,2026-08-11 10:25:00+05:30,47.46509068500001,STOP_LOSS,False,-0.228720685000006,0.094701460685,-0.3234221456850061,-0.2031473036078708,Q1_CLOSEST
SUZLON,ORB_50,2.0,2026-08-12,SELL,2026-08-12 10:05:00+05:30,2026-08-12 10:10:00+05:30,47.05646,47.24646,0.1899999999999977,46.676460000000006,2.0,47.20713959139106,0.1564600000000027,0.3435399999999973,0.8234736842105504,1.8081052631579024,2026-08-12 10:15:00+05:30,47.27008323,STOP_LOSS,False,-0.213623229999996,0.09432654323,-0.307949773229996,-0.1506795913910608,Q1_CLOSEST
SUZLON,ORB_50,2.0,2026-08-13,BUY,2026-08-13 09:40:00+05:30,2026-08-13 09:45:00+05:30,47.393685,47.29868499999999,0.0950000000000059,47.58368500000001,2.0,47.26600817725808,0.076315000000001,0.183684999999997,0.8033157894736445,1.9335263157893203,2026-08-13 09:55:00+05:30,47.27503565749999,STOP_LOSS,False,-0.1186493425000065,0.0946687206575,-0.2133180631575065,0.12767682274191827,Q1_CLOSEST
