trade_index,trade_date,direction,signal_time,original_entry_time,original_entry_price,original_risk,initial_move_r,pullback_r,initial_move_reached,initial_move_time,favorable_extreme,favorable_extreme_time,pullback_reached,pullback_time,pullback_level,pullback_extreme,confirmation,confirmation_time,entry_time,entry_price,structural_stop,new_risk,target,exit_time,exit_price,exit_reason,ambiguous_exit,mfe_r,mae_r,net_pnl
1,2026-07-01,SELL,2026-07-01 09:35:00+05:30,2026-07-01 09:40:00+05:30,1003.0982,2.501800000000003,0.5,0.25,True,2026-07-01 09:40:00+05:30,996.6,2026-07-01 10:30:00+05:30,True,2026-07-01 09:45:00+05:30,997.22545,1006.8,True,2026-07-01 11:15:00+05:30,2026-07-01 11:20:00+05:30,998.00075,1006.8,8.799249999999915,980.4022500000002,2026-07-01 15:25:00+05:30,986.4929999999999,END_OF_DAY,False,1.7729636048527104,0.11356081484217069,9.5232562500001
1,2026-07-01,SELL,2026-07-01 09:35:00+05:30,2026-07-01 09:40:00+05:30,1003.0982,2.501800000000003,0.5,0.5,True,2026-07-01 09:40:00+05:30,996.6,2026-07-01 10:30:00+05:30,True,2026-07-01 09:45:00+05:30,997.8509,1006.8,True,2026-07-01 11:15:00+05:30,2026-07-01 11:20:00+05:30,998.00075,1006.8,8.799249999999915,980.4022500000002,2026-07-01 15:25:00+05:30,986.4929999999999,END_OF_DAY,False,1.7729636048527104,0.11356081484217069,9.5232562500001
1,2026-07-01,SELL,2026-07-01 09:35:00+05:30,2026-07-01 09:40:00+05:30,1003.0982,2.501800000000003,0.5,0.75,True,2026-07-01 09:40:00+05:30,996.6,2026-07-01 10:30:00+05:30,True,2026-07-01 09:45:00+05:30,998.47635,1006.8,True,2026-07-01 11:15:00+05:30,2026-07-01 11:20:00+05:30,998.00075,1006.8,8.799249999999915,980.4022500000002,2026-07-01 15:25:00+05:30,986.4929999999999,END_OF_DAY,False,1.7729636048527104,0.11356081484217069,9.5232562500001
1,2026-07-01,SELL,2026-07-01 09:35:00+05:30,2026-07-01 09:40:00+05:30,1003.0982,2.501800000000003,0.75,0.25,True,2026-07-01 09:40:00+05:30,996.6,2026-07-01 10:30:00+05:30,True,2026-07-01 09:45:00+05:30,997.22545,1006.8,True,2026-07-01 11:15:00+05:30,2026-07-01 11:20:00+05:30,998.00075,1006.8,8.799249999999915,980.4022500000002,2026-07-01 15:25:00+05:30,986.4929999999999,END_OF_DAY,False,1.7729636048527104,0.11356081484217069,9.5232562500001
1,2026-07-01,SELL,2026-07-01 09:35:00+05:30,2026-07-01 09:40:00+05:30,1003.0982,2.501800000000003,0.75,0.5,True,2026-07-01 09:40:00+05:30,996.6,2026-07-01 10:30:00+05:30,True,2026-07-01 09:45:00+05:30,997.8509,1006.8,True,2026-07-01 11:15:00+05:30,2026-07-01 11:20:00+05:30,998.00075,1006.8,8.799249999999915,980.4022500000002,2026-07-01 15:25:00+05:30,986.4929999999999,END_OF_DAY,False,1.7729636048527104,0.11356081484217069,9.5232562500001
1,2026-07-01,SELL,2026-07-01 09:35:00+05:30,2026-07-01 09:40:00+05:30,1003.0982,2.501800000000003,0.75,0.75,True,2026-07-01 09:40:00+05:30,996.6,2026-07-01 10:30:00+05:30,True,2026-07-01 09:45:00+05:30,998.47635,1006.8,True,2026-07-01 11:15:00+05:30,2026-07-01 11:20:00+05:30,998.00075,1006.8,8.799249999999915,980.4022500000002,2026-07-01 15:25:00+05:30,986.4929999999999,END_OF_DAY,False,1.7729636048527104,0.11356081484217069,9.5232562500001
1,2026-07-01,SELL,2026-07-01 09:35:00+05:30,2026-07-01 09:40:00+05:30,1003.0982,2.501800000000003,1.0,0.25,True,2026-07-01 10:00:00+05:30,996.6,2026-07-01 10:30:00+05:30,True,2026-07-01 10:10:00+05:30,997.22545,1000.4,True,2026-07-01 11:15:00+05:30,2026-07-01 11:20:00+05:30,998.00075,1000.4,2.399249999999938,993.2022500000002,2026-07-01 12:25:00+05:30,993.6988511250001,TARGET,False,2.667812858184925,0.41648431801604113,2.3101992738748924
1,2026-07-01,SELL,2026-07-01 09:35:00+05:30,2026-07-01 09:40:00+05:30,1003.0982,2.501800000000003,1.0,0.5,True,2026-07-01 10:00:00+05:30,996.6,2026-07-01 10:30:00+05:30,True,2026-07-01 10:10:00+05:30,997.8509,1000.4,True,2026-07-01 11:15:00+05:30,2026-07-01 11:20:00+05:30,998.00075,1000.4,2.399249999999938,993.2022500000002,2026-07-01 12:25:00+05:30,993.6988511250001,TARGET,False,2.667812858184925,0.41648431801604113,2.3101992738748924
1,2026-07-01,SELL,2026-07-01 09:35:00+05:30,2026-07-01 09:40:00+05:30,1003.0982,2.501800000000003,1.0,0.75,True,2026-07-01 10:00:00+05:30,996.6,2026-07-01 10:30:00+05:30,True,2026-07-01 10:15:00+05:30,998.47635,1002.0,True,2026-07-01 11:15:00+05:30,2026-07-01 11:20:00+05:30,998.00075,1002.0,3.999249999999961,990.0022500000001,2026-07-01 13:20:00+05:30,990.497251125,TARGET,False,2.3256235544164743,0.24985934862786038,5.515000873874991
2,2026-07-01,SELL,2026-07-01 09:50:00+05:30,2026-07-01 09:55:00+05:30,1002.4985,3.20150000000001,0.5,0.25,True,2026-07-01 10:00:00+05:30,996.6,2026-07-01 10:30:00+05:30,True,2026-07-01 10:10:00+05:30,997.400375,1000.4,True,2026-07-01 11:15:00+05:30,2026-07-01 11:20:00+05:30,998.00075,1000.4,2.399249999999938,993.2022500000002,2026-07-01 12:25:00+05:30,993.6988511250001,TARGET,False,2.667812858184925,0.41648431801604113,2.3101992738748924
2,2026-07-01,SELL,2026-07-01 09:50:00+05:30,2026-07-01 09:55:00+05:30,1002.4985,3.20150000000001,0.5,0.5,True,2026-07-01 10:00:00+05:30,996.6,2026-07-01 10:30:00+05:30,True,2026-07-01 10:15:00+05:30,998.20075,1002.0,True,2026-07-01 11:15:00+05:30,2026-07-01 11:20:00+05:30,998.00075,1002.0,3.999249999999961,990.0022500000001,2026-07-01 13:20:00+05:30,990.497251125,TARGET,False,2.3256235544164743,0.24985934862786038,5.515000873874991
2,2026-07-01,SELL,2026-07-01 09:50:00+05:30,2026-07-01 09:55:00+05:30,1002.4985,3.20150000000001,0.5,0.75,True,2026-07-01 10:00:00+05:30,996.6,2026-07-01 10:30:00+05:30,True,2026-07-01 10:15:00+05:30,999.001125,1002.0,True,2026-07-01 11:15:00+05:30,2026-07-01 11:20:00+05:30,998.00075,1002.0,3.999249999999961,990.0022500000001,2026-07-01 13:20:00+05:30,990.497251125,TARGET,False,2.3256235544164743,0.24985934862786038,5.515000873874991
2,2026-07-01,SELL,2026-07-01 09:50:00+05:30,2026-07-01 09:55:00+05:30,1002.4985,3.20150000000001,0.75,0.25,True,2026-07-01 10:00:00+05:30,996.6,2026-07-01 10:30:00+05:30,True,2026-07-01 10:10:00+05:30,997.400375,1000.4,True,2026-07-01 11:15:00+05:30,2026-07-01 11:20:00+05:30,998.00075,1000.4,2.399249999999938,993.2022500000002,2026-07-01 12:25:00+05:30,993.6988511250001,TARGET,False,2.667812858184925,0.41648431801604113,2.3101992738748924
2,2026-07-01,SELL,2026-07-01 09:50:00+05:30,2026-07-01 09:55:00+05:30,1002.4985,3.20150000000001,0.75,0.5,True,2026-07-01 10:00:00+05:30,996.6,2026-07-01 10:30:00+05:30,True,2026-07-01 10:15:00+05:30,998.20075,1002.0,True,2026-07-01 11:15:00+05:30,2026-07-01 11:20:00+05:30,998.00075,1002.0,3.999249999999961,990.0022500000001,2026-07-01 13:20:00+05:30,990.497251125,TARGET,False,2.3256235544164743,0.24985934862786038,5.515000873874991
2,2026-07-01,SELL,2026-07-01 09:50:00+05:30,2026-07-01 09:55:00+05:30,1002.4985,3.20150000000001,0.75,0.75,True,2026-07-01 10:00:00+05:30,996.6,2026-07-01 10:30:00+05:30,True,2026-07-01 10:15:00+05:30,999.001125,1002.0,True,2026-07-01 11:15:00+05:30,2026-07-01 11:20:00+05:30,998.00075,1002.0,3.999249999999961,990.0022500000001,2026-07-01 13:20:00+05:30,990.497251125,TARGET,False,2.3256235544164743,0.24985934862786038,5.515000873874991
2,2026-07-01,SELL,2026-07-01 09:50:00+05:30,2026-07-01 09:55:00+05:30,1002.4985,3.20150000000001,1.0,0.25,True,2026-07-01 10:05:00+05:30,996.6,2026-07-01 10:30:00+05:30,True,2026-07-01 10:10:00+05:30,997.400375,1000.4,True,2026-07-01 11:15:00+05:30,2026-07-01 11:20:00+05:30,998.00075,1000.4,2.399249999999938,993.2022500000002,2026-07-01 12:25:00+05:30,993.6988511250001,TARGET,False,2.667812858184925,0.41648431801604113,2.3101992738748924
2,2026-07-01,SELL,2026-07-01 09:50:00+05:30,2026-07-01 09:55:00+05:30,1002.4985,3.20150000000001,1.0,0.5,True,2026-07-01 10:05:00+05:30,996.6,2026-07-01 10:30:00+05:30,True,2026-07-01 10:15:00+05:30,998.20075,1002.0,True,2026-07-01 11:15:00+05:30,2026-07-01 11:20:00+05:30,998.00075,1002.0,3.999249999999961,990.0022500000001,2026-07-01 13:20:00+05:30,990.497251125,TARGET,False,2.3256235544164743,0.24985934862786038,5.515000873874991
2,2026-07-01,SELL,2026-07-01 09:50:00+05:30,2026-07-01 09:55:00+05:30,1002.4985,3.20150000000001,1.0,0.75,True,2026-07-01 10:05:00+05:30,996.6,2026-07-01 10:30:00+05:30,True,2026-07-01 10:15:00+05:30,999.001125,1002.0,True,2026-07-01 11:15:00+05:30,2026-07-01 11:20:00+05:30,998.00075,1002.0,3.999249999999961,990.0022500000001,2026-07-01 13:20:00+05:30,990.497251125,TARGET,False,2.3256235544164743,0.24985934862786038,5.515000873874991
3,2026-07-02,BUY,2026-07-02 09:35:00+05:30,2026-07-02 09:40:00+05:30,1031.7156,4.015599999999949,0.5,0.25,True,2026-07-02 09:40:00+05:30,1039.0,2026-07-02 10:20:00+05:30,True,2026-07-02 09:50:00+05:30,1037.9961,1028.7,True,2026-07-02 11:10:00+05:30,2026-07-02 11:15:00+05:30,1037.9187,1028.7,9.218699999999899,1056.3560999999997,2026-07-02 15:25:00+05:30,1041.6789,END_OF_DAY,False,0.7681451831603299,0.2515213641836767,1.680602400000168
3,2026-07-02,BUY,2026-07-02 09:35:00+05:30,2026-07-02 09:40:00+05:30,1031.7156,4.015599999999949,0.5,0.5,True,2026-07-02 09:40:00+05:30,1039.0,2026-07-02 10:20:00+05:30,True,2026-07-02 09:50:00+05:30,1036.9922000000001,1028.7,True,2026-07-02 11:10:00+05:30,2026-07-02 11:15:00+05:30,1037.9187,1028.7,9.218699999999899,1056.3560999999997,2026-07-02 15:25:00+05:30,1041.6789,END_OF_DAY,False,0.7681451831603299,0.2515213641836767,1.680602400000168
3,2026-07-02,BUY,2026-07-02 09:35:00+05:30,2026-07-02 09:40:00+05:30,1031.7156,4.015599999999949,0.5,0.75,True,2026-07-02 09:40:00+05:30,1039.0,2026-07-02 10:20:00+05:30,True,2026-07-02 09:50:00+05:30,1035.9883,1028.7,True,2026-07-02 11:10:00+05:30,2026-07-02 11:15:00+05:30,1037.9187,1028.7,9.218699999999899,1056.3560999999997,2026-07-02 15:25:00+05:30,1041.6789,END_OF_DAY,False,0.7681451831603299,0.2515213641836767,1.680602400000168
3,2026-07-02,BUY,2026-07-02 09:35:00+05:30,2026-07-02 09:40:00+05:30,1031.7156,4.015599999999949,0.75,0.25,True,2026-07-02 09:45:00+05:30,1039.0,2026-07-02 10:20:00+05:30,True,2026-07-02 09:50:00+05:30,1037.9961,1028.7,True,2026-07-02 11:10:00+05:30,2026-07-02 11:15:00+05:30,1037.9187,1028.7,9.218699999999899,1056.3560999999997,2026-07-02 15:25:00+05:30,1041.6789,END_OF_DAY,False,0.7681451831603299,0.2515213641836767,1.680602400000168
3,2026-07-02,BUY,2026-07-02 09:35:00+05:30,2026-07-02 09:40:00+05:30,1031.7156,4.015599999999949,0.75,0.5,True,2026-07-02 09:45:00+05:30,1039.0,2026-07-02 10:20:00+05:30,True,2026-07-02 09:50:00+05:30,1036.9922000000001,1028.7,True,2026-07-02 11:10:00+05:30,2026-07-02 11:15:00+05:30,1037.9187,1028.7,9.218699999999899,1056.3560999999997,2026-07-02 15:25:00+05:30,1041.6789,END_OF_DAY,False,0.7681451831603299,0.2515213641836767,1.680602400000168
3,2026-07-02,BUY,2026-07-02 09:35:00+05:30,2026-07-02 09:40:00+05:30,1031.7156,4.015599999999949,0.75,0.75,True,2026-07-02 09:45:00+05:30,1039.0,2026-07-02 10:20:00+05:30,True,2026-07-02 09:50:00+05:30,1035.9883,1028.7,True,2026-07-02 11:10:00+05:30,2026-07-02 11:15:00+05:30,1037.9187,1028.7,9.218699999999899,1056.3560999999997,2026-07-02 15:25:00+05:30,1041.6789,END_OF_DAY,False,0.7681451831603299,0.2515213641836767,1.680602400000168
3,2026-07-02,BUY,2026-07-02 09:35:00+05:30,2026-07-02 09:40:00+05:30,1031.7156,4.015599999999949,1.0,0.25,True,2026-07-02 10:15:00+05:30,1039.0,2026-07-02 10:20:00+05:30,True,2026-07-02 10:25:00+05:30,1037.9961,1035.9,True,2026-07-02 11:10:00+05:30,2026-07-02 11:15:00+05:30,1037.9187,1035.9,2.0186999999998534,1041.9560999999997,2026-07-02 11:40:00+05:30,1035.3820500000002,STOP_LOSS,False,1.328231039778154,1.148610491900829,-4.609950749999782
3,2026-07-02,BUY,2026-07-02 09:35:00+05:30,2026-07-02 09:40:00+05:30,1031.7156,4.015599999999949,1.0,0.5,True,2026-07-02 10:15:00+05:30,1039.0,2026-07-02 10:20:00+05:30,True,2026-07-02 10:25:00+05:30,1036.9922000000001,1035.9,True,2026-07-02 11:10:00+05:30,2026-07-02 11:15:00+05:30,1037.9187,1035.9,2.0186999999998534,1041.9560999999997,2026-07-02 11:40:00+05:30,1035.3820500000002,STOP_LOSS,False,1.328231039778154,1.148610491900829,-4.609950749999782
3,2026-07-02,BUY,2026-07-02 09:35:00+05:30,2026-07-02 09:40:00+05:30,1031.7156,4.015599999999949,1.0,0.75,True,2026-07-02 10:15:00+05:30,1039.0,2026-07-02 10:20:00+05:30,True,2026-07-02 10:25:00+05:30,1035.9883,1035.9,True,2026-07-02 11:10:00+05:30,2026-07-02 11:15:00+05:30,1037.9187,1035.9,2.0186999999998534,1041.9560999999997,2026-07-02 11:40:00+05:30,1035.3820500000002,STOP_LOSS,False,1.328231039778154,1.148610491900829,-4.609950749999782
4,2026-07-03,SELL,2026-07-03 09:30:00+05:30,2026-07-03 09:35:00+05:30,1051.2741,2.925900000000184,0.5,0.25,True,2026-07-03 09:35:00+05:30,1042.0,2026-07-03 09:45:00+05:30,True,2026-07-03 09:50:00+05:30,1042.731475,1045.7,True,2026-07-03 11:10:00+05:30,2026-07-03 11:15:00+05:30,1053.17315,1045.7,7.473150000000032,1038.22685,2026-07-03 11:15:00+05:30,1046.2228499999999,STOP_LOSS,False,0.06331332838227927,0.13740524410723232,4.850904000000197
4,2026-07-03,SELL,2026-07-03 09:30:00+05:30,2026-07-03 09:35:00+05:30,1051.2741,2.925900000000184,0.5,0.5,True,2026-07-03 09:35:00+05:30,1042.0,2026-07-03 09:45:00+05:30,True,2026-07-03 09:50:00+05:30,1043.46295,1045.7,True,2026-07-03 11:10:00+05:30,2026-07-03 11:15:00+05:30,1053.17315,1045.7,7.473150000000032,1038.22685,2026-07-03 11:15:00+05:30,1046.2228499999999,STOP_LOSS,False,0.06331332838227927,0.13740524410723232,4.850904000000197
4,2026-07-03,SELL,2026-07-03 09:30:00+05:30,2026-07-03 09:35:00+05:30,1051.2741,2.925900000000184,0.5,0.75,True,2026-07-03 09:35:00+05:30,1042.0,2026-07-03 09:45:00+05:30,True,2026-07-03 09:50:00+05:30,1044.1944250000001,1045.7,True,2026-07-03 11:10:00+05:30,2026-07-03 11:15:00+05:30,1053.17315,1045.7,7.473150000000032,1038.22685,2026-07-03 11:15:00+05:30,1046.2228499999999,STOP_LOSS,False,0.06331332838227927,0.13740524410723232,4.850904000000197
4,2026-07-03,SELL,2026-07-03 09:30:00+05:30,2026-07-03 09:35:00+05:30,1051.2741,2.925900000000184,0.75,0.25,True,2026-07-03 09:35:00+05:30,1042.0,2026-07-03 09:45:00+05:30,True,2026-07-03 09:50:00+05:30,1042.731475,1045.7,True,2026-07-03 11:10:00+05:30,2026-07-03 11:15:00+05:30,1053.17315,1045.7,7.473150000000032,1038.22685,2026-07-03 11:15:00+05:30,1046.2228499999999,STOP_LOSS,False,0.06331332838227927,0.13740524410723232,4.850904000000197
4,2026-07-03,SELL,2026-07-03 09:30:00+05:30,2026-07-03 09:35:00+05:30,1051.2741,2.925900000000184,0.75,0.5,True,2026-07-03 09:35:00+05:30,1042.0,2026-07-03 09:45:00+05:30,True,2026-07-03 09:50:00+05:30,1043.46295,1045.7,True,2026-07-03 11:10:00+05:30,2026-07-03 11:15:00+05:30,1053.17315,1045.7,7.473150000000032,1038.22685,2026-07-03 11:15:00+05:30,1046.2228499999999,STOP_LOSS,False,0.06331332838227927,0.13740524410723232,4.850904000000197
4,2026-07-03,SELL,2026-07-03 09:30:00+05:30,2026-07-03 09:35:00+05:30,1051.2741,2.925900000000184,0.75,0.75,True,2026-07-03 09:35:00+05:30,1042.0,2026-07-03 09:45:00+05:30,True,2026-07-03 09:50:00+05:30,1044.1944250000001,1045.7,True,2026-07-03 11:10:00+05:30,2026-07-03 11:15:00+05:30,1053.17315,1045.7,7.473150000000032,1038.22685,2026-07-03 11:15:00+05:30,1046.2228499999999,STOP_LOSS,False,0.06331332838227927,0.13740524410723232,4.850904000000197
4,2026-07-03,SELL,2026-07-03 09:30:00+05:30,2026-07-03 09:35:00+05:30,1051.2741,2.925900000000184,1.0,0.25,True,2026-07-03 09:40:00+05:30,1042.0,2026-07-03 09:45:00+05:30,True,2026-07-03 09:50:00+05:30,1042.731475,1045.7,True,2026-07-03 11:10:00+05:30,2026-07-03 11:15:00+05:30,1053.17315,1045.7,7.473150000000032,1038.22685,2026-07-03 11:15:00+05:30,1046.2228499999999,STOP_LOSS,False,0.06331332838227927,0.13740524410723232,4.850904000000197
4,2026-07-03,SELL,2026-07-03 09:30:00+05:30,2026-07-03 09:35:00+05:30,1051.2741,2.925900000000184,1.0,0.5,True,2026-07-03 09:40:00+05:30,1042.0,2026-07-03 09:45:00+05:30,True,2026-07-03 09:50:00+05:30,1043.46295,1045.7,True,2026-07-03 11:10:00+05:30,2026-07-03 11:15:00+05:30,1053.17315,1045.7,7.473150000000032,1038.22685,2026-07-03 11:15:00+05:30,1046.2228499999999,STOP_LOSS,False,0.06331332838227927,0.13740524410723232,4.850904000000197
4,2026-07-03,SELL,2026-07-03 09:30:00+05:30,2026-07-03 09:35:00+05:30,1051.2741,2.925900000000184,1.0,0.75,True,2026-07-03 09:40:00+05:30,1042.0,2026-07-03 09:45:00+05:30,True,2026-07-03 09:50:00+05:30,1044.1944250000001,1045.7,True,2026-07-03 11:10:00+05:30,2026-07-03 11:15:00+05:30,1053.17315,1045.7,7.473150000000032,1038.22685,2026-07-03 11:15:00+05:30,1046.2228499999999,STOP_LOSS,False,0.06331332838227927,0.13740524410723232,4.850904000000197
5,2026-07-03,SELL,2026-07-03 11:55:00+05:30,2026-07-03 12:00:00+05:30,1049.97475,3.625249999999824,0.5,0.25,True,2026-07-03 13:20:00+05:30,1043.6,2026-07-03 13:55:00+05:30,True,2026-07-03 13:25:00+05:30,1044.5063125,1047.6,True,2026-07-03 14:30:00+05:30,2026-07-03 14:35:00+05:30,1047.17615,1047.6,0.42384999999990214,1046.3284500000002,2026-07-03 14:35:00+05:30,1048.1237999999998,STOP_LOSS,False,0.0,6.662380559161602,-3.0429499499998394
5,2026-07-03,SELL,2026-07-03 11:55:00+05:30,2026-07-03 12:00:00+05:30,1049.97475,3.625249999999824,0.5,0.5,True,2026-07-03 13:20:00+05:30,1043.6,2026-07-03 13:55:00+05:30,True,2026-07-03 13:25:00+05:30,1045.412625,1047.6,True,2026-07-03 14:30:00+05:30,2026-07-03 14:35:00+05:30,1047.17615,1047.6,0.42384999999990214,1046.3284500000002,2026-07-03 14:35:00+05:30,1048.1237999999998,STOP_LOSS,False,0.0,6.662380559161602,-3.0429499499998394
5,2026-07-03,SELL,2026-07-03 11:55:00+05:30,2026-07-03 12:00:00+05:30,1049.97475,3.625249999999824,0.5,0.75,True,2026-07-03 13:20:00+05:30,1043.6,2026-07-03 13:55:00+05:30,True,2026-07-03 14:00:00+05:30,1046.3189374999997,1046.9,True,2026-07-03 14:30:00+05:30,2026-07-03 14:35:00+05:30,1047.17615,1046.9,0.27614999999991596,1046.6238500000002,2026-07-03 14:35:00+05:30,1047.42345,STOP_LOSS,False,0.0,10.225783088904047,-2.341899599999996
5,2026-07-03,SELL,2026-07-03 11:55:00+05:30,2026-07-03 12:00:00+05:30,1049.97475,3.625249999999824,0.75,0.25,True,2026-07-03 13:20:00+05:30,1043.6,2026-07-03 13:55:00+05:30,True,2026-07-03 13:25:00+05:30,1044.5063125,1047.6,True,2026-07-03 14:30:00+05:30,2026-07-03 14:35:00+05:30,1047.17615,1047.6,0.42384999999990214,1046.3284500000002,2026-07-03 14:35:00+05:30,1048.1237999999998,STOP_LOSS,False,0.0,6.662380559161602,-3.0429499499998394
5,2026-07-03,SELL,2026-07-03 11:55:00+05:30,2026-07-03 12:00:00+05:30,1049.97475,3.625249999999824,0.75,0.5,True,2026-07-03 13:20:00+05:30,1043.6,2026-07-03 13:55:00+05:30,True,2026-07-03 13:25:00+05:30,1045.412625,1047.6,True,2026-07-03 14:30:00+05:30,2026-07-03 14:35:00+05:30,1047.17615,1047.6,0.42384999999990214,1046.3284500000002,2026-07-03 14:35:00+05:30,1048.1237999999998,STOP_LOSS,False,0.0,6.662380559161602,-3.0429499499998394
5,2026-07-03,SELL,2026-07-03 11:55:00+05:30,2026-07-03 12:00:00+05:30,1049.97475,3.625249999999824,0.75,0.75,True,2026-07-03 13:20:00+05:30,1043.6,2026-07-03 13:55:00+05:30,True,2026-07-03 14:00:00+05:30,1046.3189374999997,1046.9,True,2026-07-03 14:30:00+05:30,2026-07-03 14:35:00+05:30,1047.17615,1046.9,0.27614999999991596,1046.6238500000002,2026-07-03 14:35:00+05:30,1047.42345,STOP_LOSS,False,0.0,10.225783088904047,-2.341899599999996
5,2026-07-03,SELL,2026-07-03 11:55:00+05:30,2026-07-03 12:00:00+05:30,1049.97475,3.625249999999824,1.0,0.25,True,2026-07-03 13:20:00+05:30,1043.6,2026-07-03 13:55:00+05:30,True,2026-07-03 13:25:00+05:30,1044.5063125,1047.6,True,2026-07-03 14:30:00+05:30,2026-07-03 14:35:00+05:30,1047.17615,1047.6,0.42384999999990214,1046.3284500000002,2026-07-03 14:35:00+05:30,1048.1237999999998,STOP_LOSS,False,0.0,6.662380559161602,-3.0429499499998394
5,2026-07-03,SELL,2026-07-03 11:55:00+05:30,2026-07-03 12:00:00+05:30,1049.97475,3.625249999999824,1.0,0.5,True,2026-07-03 13:20:00+05:30,1043.6,2026-07-03 13:55:00+05:30,True,2026-07-03 13:25:00+05:30,1045.412625,1047.6,True,2026-07-03 14:30:00+05:30,2026-07-03 14:35:00+05:30,1047.17615,1047.6,0.42384999999990214,1046.3284500000002,2026-07-03 14:35:00+05:30,1048.1237999999998,STOP_LOSS,False,0.0,6.662380559161602,-3.0429499499998394
5,2026-07-03,SELL,2026-07-03 11:55:00+05:30,2026-07-03 12:00:00+05:30,1049.97475,3.625249999999824,1.0,0.75,True,2026-07-03 13:20:00+05:30,1043.6,2026-07-03 13:55:00+05:30,True,2026-07-03 14:00:00+05:30,1046.3189374999997,1046.9,True,2026-07-03 14:30:00+05:30,2026-07-03 14:35:00+05:30,1047.17615,1046.9,0.27614999999991596,1046.6238500000002,2026-07-03 14:35:00+05:30,1047.42345,STOP_LOSS,False,0.0,10.225783088904047,-2.341899599999996
6,2026-07-03,SELL,2026-07-03 12:40:00+05:30,2026-07-03 12:45:00+05:30,1051.17415,2.325849999999946,0.5,0.25,True,2026-07-03 13:00:00+05:30,1043.6,2026-07-03 13:55:00+05:30,True,2026-07-03 13:15:00+05:30,1044.1814625,1050.9,True,2026-07-03 14:30:00+05:30,2026-07-03 14:35:00+05:30,1047.17615,1050.9,3.723850000000084,1039.7284499999998,2026-07-03 15:25:00+05:30,1047.5235,END_OF_DAY,False,0.45011211514963523,0.7583146474750404,-2.4420496500000057
6,2026-07-03,SELL,2026-07-03 12:40:00+05:30,2026-07-03 12:45:00+05:30,1051.17415,2.325849999999946,0.5,0.5,True,2026-07-03 13:00:00+05:30,1043.6,2026-07-03 13:55:00+05:30,True,2026-07-03 13:15:00+05:30,1044.762925,1050.9,True,2026-07-03 14:30:00+05:30,2026-07-03 14:35:00+05:30,1047.17615,1050.9,3.723850000000084,1039.7284499999998,2026-07-03 15:25:00+05:30,1047.5235,END_OF_DAY,False,0.45011211514963523,0.7583146474750404,-2.4420496500000057
6,2026-07-03,SELL,2026-07-03 12:40:00+05:30,2026-07-03 12:45:00+05:30,1051.17415,2.325849999999946,0.5,0.75,True,2026-07-03 13:00:00+05:30,1043.6,2026-07-03 13:55:00+05:30,True,2026-07-03 13:15:00+05:30,1045.3443874999998,1050.9,True,2026-07-03 14:30:00+05:30,2026-07-03 14:35:00+05:30,1047.17615,1050.9,3.723850000000084,1039.7284499999998,2026-07-03 15:25:00+05:30,1047.5235,END_OF_DAY,False,0.45011211514963523,0.7583146474750404,-2.4420496500000057
6,2026-07-03,SELL,2026-07-03 12:40:00+05:30,2026-07-03 12:45:00+05:30,1051.17415,2.325849999999946,0.75,0.25,True,2026-07-03 13:05:00+05:30,1043.6,2026-07-03 13:55:00+05:30,True,2026-07-03 13:15:00+05:30,1044.1814625,1050.9,True,2026-07-03 14:30:00+05:30,2026-07-03 14:35:00+05:30,1047.17615,1050.9,3.723850000000084,1039.7284499999998,2026-07-03 15:25:00+05:30,1047.5235,END_OF_DAY,False,0.45011211514963523,0.7583146474750404,-2.4420496500000057
6,2026-07-03,SELL,2026-07-03 12:40:00+05:30,2026-07-03 12:45:00+05:30,1051.17415,2.325849999999946,0.75,0.5,True,2026-07-03 13:05:00+05:30,1043.6,2026-07-03 13:55:00+05:30,True,2026-07-03 13:15:00+05:30,1044.762925,1050.9,True,2026-07-03 14:30:00+05:30,2026-07-03 14:35:00+05:30,1047.17615,1050.9,3.723850000000084,1039.7284499999998,2026-07-03 15:25:00+05:30,1047.5235,END_OF_DAY,False,0.45011211514963523,0.7583146474750404,-2.4420496500000057
6,2026-07-03,SELL,2026-07-03 12:40:00+05:30,2026-07-03 12:45:00+05:30,1051.17415,2.325849999999946,0.75,0.75,True,2026-07-03 13:05:00+05:30,1043.6,2026-07-03 13:55:00+05:30,True,2026-07-03 13:15:00+05:30,1045.3443874999998,1050.9,True,2026-07-03 14:30:00+05:30,2026-07-03 14:35:00+05:30,1047.17615,1050.9,3.723850000000084,1039.7284499999998,2026-07-03 15:25:00+05:30,1047.5235,END_OF_DAY,False,0.45011211514963523,0.7583146474750404,-2.4420496500000057
6,2026-07-03,SELL,2026-07-03 12:40:00+05:30,2026-07-03 12:45:00+05:30,1051.17415,2.325849999999946,1.0,0.25,True,2026-07-03 13:20:00+05:30,1043.6,2026-07-03 13:55:00+05:30,True,2026-07-03 13:25:00+05:30,1044.1814625,1047.6,True,2026-07-03 14:30:00+05:30,2026-07-03 14:35:00+05:30,1047.17615,1047.6,0.42384999999990214,1046.3284500000002,2026-07-03 14:35:00+05:30,1048.1237999999998,STOP_LOSS,False,0.0,6.662380559161602,-3.0429499499998394
6,2026-07-03,SELL,2026-07-03 12:40:00+05:30,2026-07-03 12:45:00+05:30,1051.17415,2.325849999999946,1.0,0.5,True,2026-07-03 13:20:00+05:30,1043.6,2026-07-03 13:55:00+05:30,True,2026-07-03 13:25:00+05:30,1044.762925,1047.6,True,2026-07-03 14:30:00+05:30,2026-07-03 14:35:00+05:30,1047.17615,1047.6,0.42384999999990214,1046.3284500000002,2026-07-03 14:35:00+05:30,1048.1237999999998,STOP_LOSS,False,0.0,6.662380559161602,-3.0429499499998394
6,2026-07-03,SELL,2026-07-03 12:40:00+05:30,2026-07-03 12:45:00+05:30,1051.17415,2.325849999999946,1.0,0.75,True,2026-07-03 13:20:00+05:30,1043.6,2026-07-03 13:55:00+05:30,True,2026-07-03 13:25:00+05:30,1045.3443874999998,1047.6,True,2026-07-03 14:30:00+05:30,2026-07-03 14:35:00+05:30,1047.17615,1047.6,0.42384999999990214,1046.3284500000002,2026-07-03 14:35:00+05:30,1048.1237999999998,STOP_LOSS,False,0.0,6.662380559161602,-3.0429499499998394
7,2026-07-06,SELL,2026-07-06 09:50:00+05:30,2026-07-06 09:55:00+05:30,1040.57945,2.620550000000094,0.5,0.25,True,2026-07-06 09:55:00+05:30,1034.3,2026-07-06 10:15:00+05:30,True,2026-07-06 10:10:00+05:30,1034.9551375,1037.3,True,2026-07-06 10:35:00+05:30,2026-07-06 10:40:00+05:30,1037.6809,1037.3,0.3809000000001106,1036.9190999999998,2026-07-06 10:40:00+05:30,1037.81865,STOP_LOSS,False,1.0,3.9881858755566797,-2.213249549999869
7,2026-07-06,SELL,2026-07-06 09:50:00+05:30,2026-07-06 09:55:00+05:30,1040.57945,2.620550000000094,0.5,0.5,True,2026-07-06 09:55:00+05:30,1034.3,2026-07-06 10:15:00+05:30,True,2026-07-06 10:10:00+05:30,1035.610275,1037.3,True,2026-07-06 10:35:00+05:30,2026-07-06 10:40:00+05:30,1037.6809,1037.3,0.3809000000001106,1036.9190999999998,2026-07-06 10:40:00+05:30,1037.81865,STOP_LOSS,False,1.0,3.9881858755566797,-2.213249549999869
7,2026-07-06,SELL,2026-07-06 09:50:00+05:30,2026-07-06 09:55:00+05:30,1040.57945,2.620550000000094,0.5,0.75,True,2026-07-06 09:55:00+05:30,1034.3,2026-07-06 10:15:00+05:30,True,2026-07-06 10:10:00+05:30,1036.2654125,1037.3,True,2026-07-06 10:35:00+05:30,2026-07-06 10:40:00+05:30,1037.6809,1037.3,0.3809000000001106,1036.9190999999998,2026-07-06 10:40:00+05:30,1037.81865,STOP_LOSS,False,1.0,3.9881858755566797,-2.213249549999869
7,2026-07-06,SELL,2026-07-06 09:50:00+05:30,2026-07-06 09:55:00+05:30,1040.57945,2.620550000000094,0.75,0.25,True,2026-07-06 09:55:00+05:30,1034.3,2026-07-06 10:15:00+05:30,True,2026-07-06 10:10:00+05:30,1034.9551375,1037.3,True,2026-07-06 10:35:00+05:30,2026-07-06 10:40:00+05:30,1037.6809,1037.3,0.3809000000001106,1036.9190999999998,2026-07-06 10:40:00+05:30,1037.81865,STOP_LOSS,False,1.0,3.9881858755566797,-2.213249549999869
7,2026-07-06,SELL,2026-07-06 09:50:00+05:30,2026-07-06 09:55:00+05:30,1040.57945,2.620550000000094,0.75,0.5,True,2026-07-06 09:55:00+05:30,1034.3,2026-07-06 10:15:00+05:30,True,2026-07-06 10:10:00+05:30,1035.610275,1037.3,True,2026-07-06 10:35:00+05:30,2026-07-06 10:40:00+05:30,1037.6809,1037.3,0.3809000000001106,1036.9190999999998,2026-07-06 10:40:00+05:30,1037.81865,STOP_LOSS,False,1.0,3.9881858755566797,-2.213249549999869
7,2026-07-06,SELL,2026-07-06 09:50:00+05:30,2026-07-06 09:55:00+05:30,1040.57945,2.620550000000094,0.75,0.75,True,2026-07-06 09:55:00+05:30,1034.3,2026-07-06 10:15:00+05:30,True,2026-07-06 10:10:00+05:30,1036.2654125,1037.3,True,2026-07-06 10:35:00+05:30,2026-07-06 10:40:00+05:30,1037.6809,1037.3,0.3809000000001106,1036.9190999999998,2026-07-06 10:40:00+05:30,1037.81865,STOP_LOSS,False,1.0,3.9881858755566797,-2.213249549999869
7,2026-07-06,SELL,2026-07-06 09:50:00+05:30,2026-07-06 09:55:00+05:30,1040.57945,2.620550000000094,1.0,0.25,True,2026-07-06 09:55:00+05:30,1034.3,2026-07-06 10:15:00+05:30,True,2026-07-06 10:10:00+05:30,1034.9551375,1037.3,True,2026-07-06 10:35:00+05:30,2026-07-06 10:40:00+05:30,1037.6809,1037.3,0.3809000000001106,1036.9190999999998,2026-07-06 10:40:00+05:30,1037.81865,STOP_LOSS,False,1.0,3.9881858755566797,-2.213249549999869
7,2026-07-06,SELL,2026-07-06 09:50:00+05:30,2026-07-06 09:55:00+05:30,1040.57945,2.620550000000094,1.0,0.5,True,2026-07-06 09:55:00+05:30,1034.3,2026-07-06 10:15:00+05:30,True,2026-07-06 10:10:00+05:30,1035.610275,1037.3,True,2026-07-06 10:35:00+05:30,2026-07-06 10:40:00+05:30,1037.6809,1037.3,0.3809000000001106,1036.9190999999998,2026-07-06 10:40:00+05:30,1037.81865,STOP_LOSS,False,1.0,3.9881858755566797,-2.213249549999869
7,2026-07-06,SELL,2026-07-06 09:50:00+05:30,2026-07-06 09:55:00+05:30,1040.57945,2.620550000000094,1.0,0.75,True,2026-07-06 09:55:00+05:30,1034.3,2026-07-06 10:15:00+05:30,True,2026-07-06 10:10:00+05:30,1036.2654125,1037.3,True,2026-07-06 10:35:00+05:30,2026-07-06 10:40:00+05:30,1037.6809,1037.3,0.3809000000001106,1036.9190999999998,2026-07-06 10:40:00+05:30,1037.81865,STOP_LOSS,False,1.0,3.9881858755566797,-2.213249549999869
8,2026-07-07,BUY,2026-07-07 09:40:00+05:30,2026-07-07 09:45:00+05:30,1069.23435,6.034349999999904,0.5,0.25,True,2026-07-07 09:45:00+05:30,1074.8,2026-07-07 09:45:00+05:30,True,2026-07-07 09:50:00+05:30,1073.2914125,1068.1,True,2026-07-07 10:00:00+05:30,2026-07-07 10:05:00+05:30,1071.03525,1068.1,2.9352499999999964,1076.90575,2026-07-07 10:10:00+05:30,1076.367297125,TARGET,False,2.338727535985076,0.6933821650625698,3.1846445778751447
8,2026-07-07,BUY,2026-07-07 09:40:00+05:30,2026-07-07 09:45:00+05:30,1069.23435,6.034349999999904,0.5,0.5,True,2026-07-07 09:45:00+05:30,1074.8,2026-07-07 09:45:00+05:30,True,2026-07-07 09:50:00+05:30,1071.782825,1068.1,True,2026-07-07 10:00:00+05:30,2026-07-07 10:05:00+05:30,1071.03525,1068.1,2.9352499999999964,1076.90575,2026-07-07 10:10:00+05:30,1076.367297125,TARGET,False,2.338727535985076,0.6933821650625698,3.1846445778751447
8,2026-07-07,BUY,2026-07-07 09:40:00+05:30,2026-07-07 09:45:00+05:30,1069.23435,6.034349999999904,0.5,0.75,True,2026-07-07 09:45:00+05:30,1074.8,2026-07-07 09:45:00+05:30,True,2026-07-07 09:50:00+05:30,1070.2742375,1068.1,True,2026-07-07 10:00:00+05:30,2026-07-07 10:05:00+05:30,1071.03525,1068.1,2.9352499999999964,1076.90575,2026-07-07 10:10:00+05:30,1076.367297125,TARGET,False,2.338727535985076,0.6933821650625698,3.1846445778751447
8,2026-07-07,BUY,2026-07-07 09:40:00+05:30,2026-07-07 09:45:00+05:30,1069.23435,6.034349999999904,0.75,0.25,True,2026-07-07 09:45:00+05:30,1074.8,2026-07-07 09:45:00+05:30,True,2026-07-07 09:50:00+05:30,1073.2914125,1068.1,True,2026-07-07 10:00:00+05:30,2026-07-07 10:05:00+05:30,1071.03525,1068.1,2.9352499999999964,1076.90575,2026-07-07 10:10:00+05:30,1076.367297125,TARGET,False,2.338727535985076,0.6933821650625698,3.1846445778751447
8,2026-07-07,BUY,2026-07-07 09:40:00+05:30,2026-07-07 09:45:00+05:30,1069.23435,6.034349999999904,0.75,0.5,True,2026-07-07 09:45:00+05:30,1074.8,2026-07-07 09:45:00+05:30,True,2026-07-07 09:50:00+05:30,1071.782825,1068.1,True,2026-07-07 10:00:00+05:30,2026-07-07 10:05:00+05:30,1071.03525,1068.1,2.9352499999999964,1076.90575,2026-07-07 10:10:00+05:30,1076.367297125,TARGET,False,2.338727535985076,0.6933821650625698,3.1846445778751447
8,2026-07-07,BUY,2026-07-07 09:40:00+05:30,2026-07-07 09:45:00+05:30,1069.23435,6.034349999999904,0.75,0.75,True,2026-07-07 09:45:00+05:30,1074.8,2026-07-07 09:45:00+05:30,True,2026-07-07 09:50:00+05:30,1070.2742375,1068.1,True,2026-07-07 10:00:00+05:30,2026-07-07 10:05:00+05:30,1071.03525,1068.1,2.9352499999999964,1076.90575,2026-07-07 10:10:00+05:30,1076.367297125,TARGET,False,2.338727535985076,0.6933821650625698,3.1846445778751447
8,2026-07-07,BUY,2026-07-07 09:40:00+05:30,2026-07-07 09:45:00+05:30,1069.23435,6.034349999999904,1.0,0.25,True,2026-07-07 10:10:00+05:30,1082.6,2026-07-07 10:20:00+05:30,True,2026-07-07 10:15:00+05:30,1081.0914125,1075.2,True,2026-07-07 10:55:00+05:30,2026-07-07 11:00:00+05:30,1071.7356,1075.2,3.4644000000000688,1078.6644000000001,2026-07-07 11:00:00+05:30,1074.6624000000002,STOP_LOSS,False,1.4618404341299727,0.15460108532499728,0.7804020000001843
8,2026-07-07,BUY,2026-07-07 09:40:00+05:30,2026-07-07 09:45:00+05:30,1069.23435,6.034349999999904,1.0,0.5,True,2026-07-07 10:10:00+05:30,1082.6,2026-07-07 10:20:00+05:30,True,2026-07-07 10:25:00+05:30,1079.582825,1075.3,True,2026-07-07 10:55:00+05:30,2026-07-07 11:00:00+05:30,1071.7356,1075.3,3.564399999999978,1078.8644,2026-07-07 11:00:00+05:30,1074.76235,STOP_LOSS,False,1.420828189877682,0.15026371899897165,0.8802520499999926
8,2026-07-07,BUY,2026-07-07 09:40:00+05:30,2026-07-07 09:45:00+05:30,1069.23435,6.034349999999904,1.0,0.75,True,2026-07-07 10:10:00+05:30,1082.6,2026-07-07 10:20:00+05:30,True,2026-07-07 10:25:00+05:30,1078.0742375,1075.3,True,2026-07-07 10:55:00+05:30,2026-07-07 11:00:00+05:30,1071.7356,1075.3,3.564399999999978,1078.8644,2026-07-07 11:00:00+05:30,1074.76235,STOP_LOSS,False,1.420828189877682,0.15026371899897165,0.8802520499999926
9,2026-07-07,BUY,2026-07-07 10:55:00+05:30,2026-07-07 11:00:00+05:30,1071.7356,2.135600000000068,0.5,0.25,True,2026-07-07 11:00:00+05:30,1087.5,2026-07-07 11:45:00+05:30,True,2026-07-07 11:05:00+05:30,1086.9660999999999,1073.1,True,2026-07-07 14:45:00+05:30,2026-07-07 14:50:00+05:30,1075.7376,1073.1,2.6376000000000204,1081.0128,2026-07-07 15:00:00+05:30,1072.5634499999999,STOP_LOSS,False,0.02365787079163809,1.7203518350014593,-5.322451050000055
9,2026-07-07,BUY,2026-07-07 10:55:00+05:30,2026-07-07 11:00:00+05:30,1071.7356,2.135600000000068,0.5,0.5,True,2026-07-07 11:00:00+05:30,1087.5,2026-07-07 11:45:00+05:30,True,2026-07-07 11:05:00+05:30,1086.4322,1073.1,True,2026-07-07 14:45:00+05:30,2026-07-07 14:50:00+05:30,1075.7376,1073.1,2.6376000000000204,1081.0128,2026-07-07 15:00:00+05:30,1072.5634499999999,STOP_LOSS,False,0.02365787079163809,1.7203518350014593,-5.322451050000055
9,2026-07-07,BUY,2026-07-07 10:55:00+05:30,2026-07-07 11:00:00+05:30,1071.7356,2.135600000000068,0.5,0.75,True,2026-07-07 11:00:00+05:30,1087.5,2026-07-07 11:45:00+05:30,True,2026-07-07 11:05:00+05:30,1085.8982999999998,1073.1,True,2026-07-07 14:45:00+05:30,2026-07-07 14:50:00+05:30,1075.7376,1073.1,2.6376000000000204,1081.0128,2026-07-07 15:00:00+05:30,1072.5634499999999,STOP_LOSS,False,0.02365787079163809,1.7203518350014593,-5.322451050000055
9,2026-07-07,BUY,2026-07-07 10:55:00+05:30,2026-07-07 11:00:00+05:30,1071.7356,2.135600000000068,0.75,0.25,True,2026-07-07 11:00:00+05:30,1087.5,2026-07-07 11:45:00+05:30,True,2026-07-07 11:05:00+05:30,1086.9660999999999,1073.1,True,2026-07-07 14:45:00+05:30,2026-07-07 14:50:00+05:30,1075.7376,1073.1,2.6376000000000204,1081.0128,2026-07-07 15:00:00+05:30,1072.5634499999999,STOP_LOSS,False,0.02365787079163809,1.7203518350014593,-5.322451050000055
9,2026-07-07,BUY,2026-07-07 10:55:00+05:30,2026-07-07 11:00:00+05:30,1071.7356,2.135600000000068,0.75,0.5,True,2026-07-07 11:00:00+05:30,1087.5,2026-07-07 11:45:00+05:30,True,2026-07-07 11:05:00+05:30,1086.4322,1073.1,True,2026-07-07 14:45:00+05:30,2026-07-07 14:50:00+05:30,1075.7376,1073.1,2.6376000000000204,1081.0128,2026-07-07 15:00:00+05:30,1072.5634499999999,STOP_LOSS,False,0.02365787079163809,1.7203518350014593,-5.322451050000055
9,2026-07-07,BUY,2026-07-07 10:55:00+05:30,2026-07-07 11:00:00+05:30,1071.7356,2.135600000000068,0.75,0.75,True,2026-07-07 11:00:00+05:30,1087.5,2026-07-07 11:45:00+05:30,True,2026-07-07 11:05:00+05:30,1085.8982999999998,1073.1,True,2026-07-07 14:45:00+05:30,2026-07-07 14:50:00+05:30,1075.7376,1073.1,2.6376000000000204,1081.0128,2026-07-07 15:00:00+05:30,1072.5634499999999,STOP_LOSS,False,0.02365787079163809,1.7203518350014593,-5.322451050000055
9,2026-07-07,BUY,2026-07-07 10:55:00+05:30,2026-07-07 11:00:00+05:30,1071.7356,2.135600000000068,1.0,0.25,True,2026-07-07 11:00:00+05:30,1087.5,2026-07-07 11:45:00+05:30,True,2026-07-07 11:05:00+05:30,1086.9660999999999,1073.1,True,2026-07-07 14:45:00+05:30,2026-07-07 14:50:00+05:30,1075.7376,1073.1,2.6376000000000204,1081.0128,2026-07-07 15:00:00+05:30,1072.5634499999999,STOP_LOSS,False,0.02365787079163809,1.7203518350014593,-5.322451050000055
9,2026-07-07,BUY,2026-07-07 10:55:00+05:30,2026-07-07 11:00:00+05:30,1071.7356,2.135600000000068,1.0,0.5,True,2026-07-07 11:00:00+05:30,1087.5,2026-07-07 11:45:00+05:30,True,2026-07-07 11:05:00+05:30,1086.4322,1073.1,True,2026-07-07 14:45:00+05:30,2026-07-07 14:50:00+05:30,1075.7376,1073.1,2.6376000000000204,1081.0128,2026-07-07 15:00:00+05:30,1072.5634499999999,STOP_LOSS,False,0.02365787079163809,1.7203518350014593,-5.322451050000055
9,2026-07-07,BUY,2026-07-07 10:55:00+05:30,2026-07-07 11:00:00+05:30,1071.7356,2.135600000000068,1.0,0.75,True,2026-07-07 11:00:00+05:30,1087.5,2026-07-07 11:45:00+05:30,True,2026-07-07 11:05:00+05:30,1085.8982999999998,1073.1,True,2026-07-07 14:45:00+05:30,2026-07-07 14:50:00+05:30,1075.7376,1073.1,2.6376000000000204,1081.0128,2026-07-07 15:00:00+05:30,1072.5634499999999,STOP_LOSS,False,0.02365787079163809,1.7203518350014593,-5.322451050000055
10,2026-07-07,BUY,2026-07-07 14:45:00+05:30,2026-07-07 14:50:00+05:30,1075.7376000000002,2.0376000000001118,0.5,0.25,False,,,,False,,,,False,,,,,,,,,NO_ENTRY,False,,,
10,2026-07-07,BUY,2026-07-07 14:45:00+05:30,2026-07-07 14:50:00+05:30,1075.7376000000002,2.0376000000001118,0.5,0.5,False,,,,False,,,,False,,,,,,,,,NO_ENTRY,False,,,
10,2026-07-07,BUY,2026-07-07 14:45:00+05:30,2026-07-07 14:50:00+05:30,1075.7376000000002,2.0376000000001118,0.5,0.75,False,,,,False,,,,False,,,,,,,,,NO_ENTRY,False,,,
10,2026-07-07,BUY,2026-07-07 14:45:00+05:30,2026-07-07 14:50:00+05:30,1075.7376000000002,2.0376000000001118,0.75,0.25,False,,,,False,,,,False,,,,,,,,,NO_ENTRY,False,,,
10,2026-07-07,BUY,2026-07-07 14:45:00+05:30,2026-07-07 14:50:00+05:30,1075.7376000000002,2.0376000000001118,0.75,0.5,False,,,,False,,,,False,,,,,,,,,NO_ENTRY,False,,,
10,2026-07-07,BUY,2026-07-07 14:45:00+05:30,2026-07-07 14:50:00+05:30,1075.7376000000002,2.0376000000001118,0.75,0.75,False,,,,False,,,,False,,,,,,,,,NO_ENTRY,False,,,
10,2026-07-07,BUY,2026-07-07 14:45:00+05:30,2026-07-07 14:50:00+05:30,1075.7376000000002,2.0376000000001118,1.0,0.25,False,,,,False,,,,False,,,,,,,,,NO_ENTRY,False,,,
10,2026-07-07,BUY,2026-07-07 14:45:00+05:30,2026-07-07 14:50:00+05:30,1075.7376000000002,2.0376000000001118,1.0,0.5,False,,,,False,,,,False,,,,,,,,,NO_ENTRY,False,,,
10,2026-07-07,BUY,2026-07-07 14:45:00+05:30,2026-07-07 14:50:00+05:30,1075.7376000000002,2.0376000000001118,1.0,0.75,False,,,,False,,,,False,,,,,,,,,NO_ENTRY,False,,,
11,2026-07-10,SELL,2026-07-10 09:30:00+05:30,2026-07-10 09:35:00+05:30,1065.16715,6.632849999999962,0.5,0.25,False,,,,False,,,,False,,,,,,,,,NO_ENTRY,False,,,
11,2026-07-10,SELL,2026-07-10 09:30:00+05:30,2026-07-10 09:35:00+05:30,1065.16715,6.632849999999962,0.5,0.5,False,,,,False,,,,False,,,,,,,,,NO_ENTRY,False,,,
11,2026-07-10,SELL,2026-07-10 09:30:00+05:30,2026-07-10 09:35:00+05:30,1065.16715,6.632849999999962,0.5,0.75,False,,,,False,,,,False,,,,,,,,,NO_ENTRY,False,,,
11,2026-07-10,SELL,2026-07-10 09:30:00+05:30,2026-07-10 09:35:00+05:30,1065.16715,6.632849999999962,0.75,0.25,False,,,,False,,,,False,,,,,,,,,NO_ENTRY,False,,,
11,2026-07-10,SELL,2026-07-10 09:30:00+05:30,2026-07-10 09:35:00+05:30,1065.16715,6.632849999999962,0.75,0.5,False,,,,False,,,,False,,,,,,,,,NO_ENTRY,False,,,
11,2026-07-10,SELL,2026-07-10 09:30:00+05:30,2026-07-10 09:35:00+05:30,1065.16715,6.632849999999962,0.75,0.75,False,,,,False,,,,False,,,,,,,,,NO_ENTRY,False,,,
11,2026-07-10,SELL,2026-07-10 09:30:00+05:30,2026-07-10 09:35:00+05:30,1065.16715,6.632849999999962,1.0,0.25,False,,,,False,,,,False,,,,,,,,,NO_ENTRY,False,,,
11,2026-07-10,SELL,2026-07-10 09:30:00+05:30,2026-07-10 09:35:00+05:30,1065.16715,6.632849999999962,1.0,0.5,False,,,,False,,,,False,,,,,,,,,NO_ENTRY,False,,,
11,2026-07-10,SELL,2026-07-10 09:30:00+05:30,2026-07-10 09:35:00+05:30,1065.16715,6.632849999999962,1.0,0.75,False,,,,False,,,,False,,,,,,,,,NO_ENTRY,False,,,
12,2026-07-10,SELL,2026-07-10 09:50:00+05:30,2026-07-10 09:55:00+05:30,1068.16565,2.734349999999949,0.5,0.25,True,2026-07-10 09:55:00+05:30,1066.0,2026-07-10 09:55:00+05:30,True,2026-07-10 10:00:00+05:30,1066.6835875,1070.3,True,2026-07-10 10:20:00+05:30,2026-07-10 10:25:00+05:30,1067.76585,1070.3,2.534149999999954,1062.69755,2026-07-10 10:25:00+05:30,1070.8351499999999,STOP_LOSS,False,0.0,1.078921926484245,-5.207900999999884
12,2026-07-10,SELL,2026-07-10 09:50:00+05:30,2026-07-10 09:55:00+05:30,1068.16565,2.734349999999949,0.5,0.5,True,2026-07-10 09:55:00+05:30,1066.0,2026-07-10 09:55:00+05:30,True,2026-07-10 10:00:00+05:30,1067.3671749999999,1070.3,True,2026-07-10 10:20:00+05:30,2026-07-10 10:25:00+05:30,1067.76585,1070.3,2.534149999999954,1062.69755,2026-07-10 10:25:00+05:30,1070.8351499999999,STOP_LOSS,False,0.0,1.078921926484245,-5.207900999999884
12,2026-07-10,SELL,2026-07-10 09:50:00+05:30,2026-07-10 09:55:00+05:30,1068.16565,2.734349999999949,0.5,0.75,True,2026-07-10 09:55:00+05:30,1066.0,2026-07-10 09:55:00+05:30,True,2026-07-10 10:00:00+05:30,1068.0507625,1070.3,True,2026-07-10 10:20:00+05:30,2026-07-10 10:25:00+05:30,1067.76585,1070.3,2.534149999999954,1062.69755,2026-07-10 10:25:00+05:30,1070.8351499999999,STOP_LOSS,False,0.0,1.078921926484245,-5.207900999999884
12,2026-07-10,SELL,2026-07-10 09:50:00+05:30,2026-07-10 09:55:00+05:30,1068.16565,2.734349999999949,0.75,0.25,True,2026-07-10 09:55:00+05:30,1066.0,2026-07-10 09:55:00+05:30,True,2026-07-10 10:00:00+05:30,1066.6835875,1070.3,True,2026-07-10 10:20:00+05:30,2026-07-10 10:25:00+05:30,1067.76585,1070.3,2.534149999999954,1062.69755,2026-07-10 10:25:00+05:30,1070.8351499999999,STOP_LOSS,False,0.0,1.078921926484245,-5.207900999999884
12,2026-07-10,SELL,2026-07-10 09:50:00+05:30,2026-07-10 09:55:00+05:30,1068.16565,2.734349999999949,0.75,0.5,True,2026-07-10 09:55:00+05:30,1066.0,2026-07-10 09:55:00+05:30,True,2026-07-10 10:00:00+05:30,1067.3671749999999,1070.3,True,2026-07-10 10:20:00+05:30,2026-07-10 10:25:00+05:30,1067.76585,1070.3,2.534149999999954,1062.69755,2026-07-10 10:25:00+05:30,1070.8351499999999,STOP_LOSS,False,0.0,1.078921926484245,-5.207900999999884
12,2026-07-10,SELL,2026-07-10 09:50:00+05:30,2026-07-10 09:55:00+05:30,1068.16565,2.734349999999949,0.75,0.75,True,2026-07-10 09:55:00+05:30,1066.0,2026-07-10 09:55:00+05:30,True,2026-07-10 10:00:00+05:30,1068.0507625,1070.3,True,2026-07-10 10:20:00+05:30,2026-07-10 10:25:00+05:30,1067.76585,1070.3,2.534149999999954,1062.69755,2026-07-10 10:25:00+05:30,1070.8351499999999,STOP_LOSS,False,0.0,1.078921926484245,-5.207900999999884
12,2026-07-10,SELL,2026-07-10 09:50:00+05:30,2026-07-10 09:55:00+05:30,1068.16565,2.734349999999949,1.0,0.25,False,,,,False,,,,False,,,,,,,,,NO_ENTRY,False,,,
12,2026-07-10,SELL,2026-07-10 09:50:00+05:30,2026-07-10 09:55:00+05:30,1068.16565,2.734349999999949,1.0,0.5,False,,,,False,,,,False,,,,,,,,,NO_ENTRY,False,,,
12,2026-07-10,SELL,2026-07-10 09:50:00+05:30,2026-07-10 09:55:00+05:30,1068.16565,2.734349999999949,1.0,0.75,False,,,,False,,,,False,,,,,,,,,NO_ENTRY,False,,,
13,2026-07-10,SELL,2026-07-10 10:20:00+05:30,2026-07-10 10:25:00+05:30,1067.76585,2.534149999999954,0.5,0.25,True,2026-07-10 10:30:00+05:30,1066.4,2026-07-10 10:30:00+05:30,True,2026-07-10 10:35:00+05:30,1067.0335375,1068.0,True,2026-07-10 10:50:00+05:30,2026-07-10 10:55:00+05:30,1069.96475,1068.0,1.9647500000000946,1066.03525,2026-07-10 10:55:00+05:30,1068.5339999999999,STOP_LOSS,False,0.4910293930525757,0.5269118208422728,-0.7077487499997837
13,2026-07-10,SELL,2026-07-10 10:20:00+05:30,2026-07-10 10:25:00+05:30,1067.76585,2.534149999999954,0.5,0.5,True,2026-07-10 10:30:00+05:30,1066.4,2026-07-10 10:30:00+05:30,True,2026-07-10 10:35:00+05:30,1067.667075,1068.0,True,2026-07-10 10:50:00+05:30,2026-07-10 10:55:00+05:30,1069.96475,1068.0,1.9647500000000946,1066.03525,2026-07-10 10:55:00+05:30,1068.5339999999999,STOP_LOSS,False,0.4910293930525757,0.5269118208422728,-0.7077487499997837
13,2026-07-10,SELL,2026-07-10 10:20:00+05:30,2026-07-10 10:25:00+05:30,1067.76585,2.534149999999954,0.5,0.75,True,2026-07-10 10:30:00+05:30,1066.4,2026-07-10 10:30:00+05:30,True,2026-07-10 10:40:00+05:30,1068.3006125000002,1073.8,True,2026-07-10 10:50:00+05:30,2026-07-10 10:55:00+05:30,1069.96475,1073.8,3.83524999999986,1062.2942500000004,2026-07-10 11:45:00+05:30,1074.3368999999998,STOP_LOSS,False,0.32976989765989057,1.1564435173717902,-6.516451649999692
13,2026-07-10,SELL,2026-07-10 10:20:00+05:30,2026-07-10 10:25:00+05:30,1067.76585,2.534149999999954,0.75,0.25,True,2026-07-10 15:00:00+05:30,1065.5,2026-07-10 15:00:00+05:30,True,2026-07-10 15:05:00+05:30,1066.1335374999999,1068.6,False,,,,,,,,,NO_ENTRY,False,,,
13,2026-07-10,SELL,2026-07-10 10:20:00+05:30,2026-07-10 10:25:00+05:30,1067.76585,2.534149999999954,0.75,0.5,True,2026-07-10 15:00:00+05:30,1065.5,2026-07-10 15:00:00+05:30,True,2026-07-10 15:05:00+05:30,1066.767075,1068.6,False,,,,,,,,,NO_ENTRY,False,,,
13,2026-07-10,SELL,2026-07-10 10:20:00+05:30,2026-07-10 10:25:00+05:30,1067.76585,2.534149999999954,0.75,0.75,True,2026-07-10 15:00:00+05:30,1065.5,2026-07-10 15:00:00+05:30,True,2026-07-10 15:05:00+05:30,1067.4006125,1068.6,False,,,,,,,,,NO_ENTRY,False,,,
13,2026-07-10,SELL,2026-07-10 10:20:00+05:30,2026-07-10 10:25:00+05:30,1067.76585,2.534149999999954,1.0,0.25,False,,,,False,,,,False,,,,,,,,,NO_ENTRY,False,,,
13,2026-07-10,SELL,2026-07-10 10:20:00+05:30,2026-07-10 10:25:00+05:30,1067.76585,2.534149999999954,1.0,0.5,False,,,,False,,,,False,,,,,,,,,NO_ENTRY,False,,,
13,2026-07-10,SELL,2026-07-10 10:20:00+05:30,2026-07-10 10:25:00+05:30,1067.76585,2.534149999999954,1.0,0.75,False,,,,False,,,,False,,,,,,,,,NO_ENTRY,False,,,
14,2026-07-10,SELL,2026-07-10 10:30:00+05:30,2026-07-10 10:35:00+05:30,1066.96625,3.433750000000145,0.5,0.25,False,,,,False,,,,False,,,,,,,,,NO_ENTRY,False,,,
14,2026-07-10,SELL,2026-07-10 10:30:00+05:30,2026-07-10 10:35:00+05:30,1066.96625,3.433750000000145,0.5,0.5,False,,,,False,,,,False,,,,,,,,,NO_ENTRY,False,,,
14,2026-07-10,SELL,2026-07-10 10:30:00+05:30,2026-07-10 10:35:00+05:30,1066.96625,3.433750000000145,0.5,0.75,False,,,,False,,,,False,,,,,,,,,NO_ENTRY,False,,,
14,2026-07-10,SELL,2026-07-10 10:30:00+05:30,2026-07-10 10:35:00+05:30,1066.96625,3.433750000000145,0.75,0.25,False,,,,False,,,,False,,,,,,,,,NO_ENTRY,False,,,
14,2026-07-10,SELL,2026-07-10 10:30:00+05:30,2026-07-10 10:35:00+05:30,1066.96625,3.433750000000145,0.75,0.5,False,,,,False,,,,False,,,,,,,,,NO_ENTRY,False,,,
14,2026-07-10,SELL,2026-07-10 10:30:00+05:30,2026-07-10 10:35:00+05:30,1066.96625,3.433750000000145,0.75,0.75,False,,,,False,,,,False,,,,,,,,,NO_ENTRY,False,,,
14,2026-07-10,SELL,2026-07-10 10:30:00+05:30,2026-07-10 10:35:00+05:30,1066.96625,3.433750000000145,1.0,0.25,False,,,,False,,,,False,,,,,,,,,NO_ENTRY,False,,,
14,2026-07-10,SELL,2026-07-10 10:30:00+05:30,2026-07-10 10:35:00+05:30,1066.96625,3.433750000000145,1.0,0.5,False,,,,False,,,,False,,,,,,,,,NO_ENTRY,False,,,
14,2026-07-10,SELL,2026-07-10 10:30:00+05:30,2026-07-10 10:35:00+05:30,1066.96625,3.433750000000145,1.0,0.75,False,,,,False,,,,False,,,,,,,,,NO_ENTRY,False,,,
15,2026-07-10,SELL,2026-07-10 11:50:00+05:30,2026-07-10 11:55:00+05:30,1067.36605,6.333949999999959,0.5,0.25,False,,,,False,,,,False,,,,,,,,,NO_ENTRY,False,,,
15,2026-07-10,SELL,2026-07-10 11:50:00+05:30,2026-07-10 11:55:00+05:30,1067.36605,6.333949999999959,0.5,0.5,False,,,,False,,,,False,,,,,,,,,NO_ENTRY,False,,,
15,2026-07-10,SELL,2026-07-10 11:50:00+05:30,2026-07-10 11:55:00+05:30,1067.36605,6.333949999999959,0.5,0.75,False,,,,False,,,,False,,,,,,,,,NO_ENTRY,False,,,
15,2026-07-10,SELL,2026-07-10 11:50:00+05:30,2026-07-10 11:55:00+05:30,1067.36605,6.333949999999959,0.75,0.25,False,,,,False,,,,False,,,,,,,,,NO_ENTRY,False,,,
15,2026-07-10,SELL,2026-07-10 11:50:00+05:30,2026-07-10 11:55:00+05:30,1067.36605,6.333949999999959,0.75,0.5,False,,,,False,,,,False,,,,,,,,,NO_ENTRY,False,,,
15,2026-07-10,SELL,2026-07-10 11:50:00+05:30,2026-07-10 11:55:00+05:30,1067.36605,6.333949999999959,0.75,0.75,False,,,,False,,,,False,,,,,,,,,NO_ENTRY,False,,,
15,2026-07-10,SELL,2026-07-10 11:50:00+05:30,2026-07-10 11:55:00+05:30,1067.36605,6.333949999999959,1.0,0.25,False,,,,False,,,,False,,,,,,,,,NO_ENTRY,False,,,
15,2026-07-10,SELL,2026-07-10 11:50:00+05:30,2026-07-10 11:55:00+05:30,1067.36605,6.333949999999959,1.0,0.5,False,,,,False,,,,False,,,,,,,,,NO_ENTRY,False,,,
15,2026-07-10,SELL,2026-07-10 11:50:00+05:30,2026-07-10 11:55:00+05:30,1067.36605,6.333949999999959,1.0,0.75,False,,,,False,,,,False,,,,,,,,,NO_ENTRY,False,,,
16,2026-07-10,SELL,2026-07-10 14:45:00+05:30,2026-07-10 14:50:00+05:30,1067.96575,1.3342499999998836,0.5,0.25,True,2026-07-10 14:50:00+05:30,1065.5,2026-07-10 15:00:00+05:30,True,2026-07-10 15:05:00+05:30,1065.8335625,1068.6,False,,,,,,,,,NO_ENTRY,False,,,
16,2026-07-10,SELL,2026-07-10 14:45:00+05:30,2026-07-10 14:50:00+05:30,1067.96575,1.3342499999998836,0.5,0.5,True,2026-07-10 14:50:00+05:30,1065.5,2026-07-10 15:00:00+05:30,True,2026-07-10 15:05:00+05:30,1066.167125,1068.6,False,,,,,,,,,NO_ENTRY,False,,,
16,2026-07-10,SELL,2026-07-10 14:45:00+05:30,2026-07-10 14:50:00+05:30,1067.96575,1.3342499999998836,0.5,0.75,True,2026-07-10 14:50:00+05:30,1065.5,2026-07-10 15:00:00+05:30,True,2026-07-10 15:05:00+05:30,1066.5006875,1068.6,False,,,,,,,,,NO_ENTRY,False,,,
16,2026-07-10,SELL,2026-07-10 14:45:00+05:30,2026-07-10 14:50:00+05:30,1067.96575,1.3342499999998836,0.75,0.25,True,2026-07-10 14:55:00+05:30,1065.5,2026-07-10 15:00:00+05:30,True,2026-07-10 15:05:00+05:30,1065.8335625,1068.6,False,,,,,,,,,NO_ENTRY,False,,,
16,2026-07-10,SELL,2026-07-10 14:45:00+05:30,2026-07-10 14:50:00+05:30,1067.96575,1.3342499999998836,0.75,0.5,True,2026-07-10 14:55:00+05:30,1065.5,2026-07-10 15:00:00+05:30,True,2026-07-10 15:05:00+05:30,1066.167125,1068.6,False,,,,,,,,,NO_ENTRY,False,,,
16,2026-07-10,SELL,2026-07-10 14:45:00+05:30,2026-07-10 14:50:00+05:30,1067.96575,1.3342499999998836,0.75,0.75,True,2026-07-10 14:55:00+05:30,1065.5,2026-07-10 15:00:00+05:30,True,2026-07-10 15:05:00+05:30,1066.5006875,1068.6,False,,,,,,,,,NO_ENTRY,False,,,
16,2026-07-10,SELL,2026-07-10 14:45:00+05:30,2026-07-10 14:50:00+05:30,1067.96575,1.3342499999998836,1.0,0.25,True,2026-07-10 15:00:00+05:30,1065.5,2026-07-10 15:00:00+05:30,True,2026-07-10 15:05:00+05:30,1065.8335625,1068.6,False,,,,,,,,,NO_ENTRY,False,,,
16,2026-07-10,SELL,2026-07-10 14:45:00+05:30,2026-07-10 14:50:00+05:30,1067.96575,1.3342499999998836,1.0,0.5,True,2026-07-10 15:00:00+05:30,1065.5,2026-07-10 15:00:00+05:30,True,2026-07-10 15:05:00+05:30,1066.167125,1068.6,False,,,,,,,,,NO_ENTRY,False,,,
16,2026-07-10,SELL,2026-07-10 14:45:00+05:30,2026-07-10 14:50:00+05:30,1067.96575,1.3342499999998836,1.0,0.75,True,2026-07-10 15:00:00+05:30,1065.5,2026-07-10 15:00:00+05:30,True,2026-07-10 15:05:00+05:30,1066.5006875,1068.6,False,,,,,,,,,NO_ENTRY,False,,,
17,2026-07-13,BUY,2026-07-13 10:40:00+05:30,2026-07-13 10:45:00+05:30,1075.5375,5.037499999999909,0.5,0.25,True,2026-07-13 10:45:00+05:30,1082.0,2026-07-13 10:50:00+05:30,True,2026-07-13 10:55:00+05:30,1080.740625,1079.2,True,2026-07-13 11:05:00+05:30,2026-07-13 11:10:00+05:30,1081.5404999999998,1079.2,2.3404999999997926,1086.2214999999994,2026-07-13 11:20:00+05:30,1085.6783892499996,TARGET,False,2.6317026276439877,0.3591113010040022,1.970670360749717
17,2026-07-13,BUY,2026-07-13 10:40:00+05:30,2026-07-13 10:45:00+05:30,1075.5375,5.037499999999909,0.5,0.5,True,2026-07-13 10:45:00+05:30,1082.0,2026-07-13 10:50:00+05:30,True,2026-07-13 10:55:00+05:30,1079.48125,1079.2,True,2026-07-13 11:05:00+05:30,2026-07-13 11:10:00+05:30,1081.5404999999998,1079.2,2.3404999999997926,1086.2214999999994,2026-07-13 11:20:00+05:30,1085.6783892499996,TARGET,False,2.6317026276439877,0.3591113010040022,1.970670360749717
17,2026-07-13,BUY,2026-07-13 10:40:00+05:30,2026-07-13 10:45:00+05:30,1075.5375,5.037499999999909,0.5,0.75,True,2026-07-13 10:45:00+05:30,1087.7,2026-07-13 11:20:00+05:30,True,2026-07-13 11:05:00+05:30,1083.921875,1078.0,True,2026-07-13 11:30:00+05:30,2026-07-13 11:35:00+05:30,1087.9437,1078.0,9.943700000000035,1107.8311,2026-07-13 12:30:00+05:30,1107.2771844500003,TARGET,False,2.258344479419127,0.3362631615998184,17.13826356555024
17,2026-07-13,BUY,2026-07-13 10:40:00+05:30,2026-07-13 10:45:00+05:30,1075.5375,5.037499999999909,0.75,0.25,True,2026-07-13 10:45:00+05:30,1082.0,2026-07-13 10:50:00+05:30,True,2026-07-13 10:55:00+05:30,1080.740625,1079.2,True,2026-07-13 11:05:00+05:30,2026-07-13 11:10:00+05:30,1081.5404999999998,1079.2,2.3404999999997926,1086.2214999999994,2026-07-13 11:20:00+05:30,1085.6783892499996,TARGET,False,2.6317026276439877,0.3591113010040022,1.970670360749717
17,2026-07-13,BUY,2026-07-13 10:40:00+05:30,2026-07-13 10:45:00+05:30,1075.5375,5.037499999999909,0.75,0.5,True,2026-07-13 10:45:00+05:30,1082.0,2026-07-13 10:50:00+05:30,True,2026-07-13 10:55:00+05:30,1079.48125,1079.2,True,2026-07-13 11:05:00+05:30,2026-07-13 11:10:00+05:30,1081.5404999999998,1079.2,2.3404999999997926,1086.2214999999994,2026-07-13 11:20:00+05:30,1085.6783892499996,TARGET,False,2.6317026276439877,0.3591113010040022,1.970670360749717
17,2026-07-13,BUY,2026-07-13 10:40:00+05:30,2026-07-13 10:45:00+05:30,1075.5375,5.037499999999909,0.75,0.75,True,2026-07-13 10:45:00+05:30,1087.7,2026-07-13 11:20:00+05:30,True,2026-07-13 11:05:00+05:30,1083.921875,1078.0,True,2026-07-13 11:30:00+05:30,2026-07-13 11:35:00+05:30,1087.9437,1078.0,9.943700000000035,1107.8311,2026-07-13 12:30:00+05:30,1107.2771844500003,TARGET,False,2.258344479419127,0.3362631615998184,17.13826356555024
17,2026-07-13,BUY,2026-07-13 10:40:00+05:30,2026-07-13 10:45:00+05:30,1075.5375,5.037499999999909,1.0,0.25,True,2026-07-13 10:45:00+05:30,1082.0,2026-07-13 10:50:00+05:30,True,2026-07-13 10:55:00+05:30,1080.740625,1079.2,True,2026-07-13 11:05:00+05:30,2026-07-13 11:10:00+05:30,1081.5404999999998,1079.2,2.3404999999997926,1086.2214999999994,2026-07-13 11:20:00+05:30,1085.6783892499996,TARGET,False,2.6317026276439877,0.3591113010040022,1.970670360749717
17,2026-07-13,BUY,2026-07-13 10:40:00+05:30,2026-07-13 10:45:00+05:30,1075.5375,5.037499999999909,1.0,0.5,True,2026-07-13 10:45:00+05:30,1082.0,2026-07-13 10:50:00+05:30,True,2026-07-13 10:55:00+05:30,1079.48125,1079.2,True,2026-07-13 11:05:00+05:30,2026-07-13 11:10:00+05:30,1081.5404999999998,1079.2,2.3404999999997926,1086.2214999999994,2026-07-13 11:20:00+05:30,1085.6783892499996,TARGET,False,2.6317026276439877,0.3591113010040022,1.970670360749717
17,2026-07-13,BUY,2026-07-13 10:40:00+05:30,2026-07-13 10:45:00+05:30,1075.5375,5.037499999999909,1.0,0.75,True,2026-07-13 10:45:00+05:30,1087.7,2026-07-13 11:20:00+05:30,True,2026-07-13 11:05:00+05:30,1083.921875,1078.0,True,2026-07-13 11:30:00+05:30,2026-07-13 11:35:00+05:30,1087.9437,1078.0,9.943700000000035,1107.8311,2026-07-13 12:30:00+05:30,1107.2771844500003,TARGET,False,2.258344479419127,0.3362631615998184,17.13826356555024
18,2026-07-14,SELL,2026-07-14 09:30:00+05:30,2026-07-14 09:35:00+05:30,1101.74885,4.951150000000098,0.5,0.25,True,2026-07-14 09:35:00+05:30,1091.7,2026-07-14 10:15:00+05:30,True,2026-07-14 09:40:00+05:30,1092.9377875,1101.5,True,2026-07-14 10:40:00+05:30,2026-07-14 10:45:00+05:30,1099.6499000000001,1101.5,1.850099999999884,1095.9497000000003,2026-07-14 11:00:00+05:30,1102.0507499999999,STOP_LOSS,False,1.7025566185613283,1.270255661856133,-4.602550649999763
18,2026-07-14,SELL,2026-07-14 09:30:00+05:30,2026-07-14 09:35:00+05:30,1101.74885,4.951150000000098,0.5,0.5,True,2026-07-14 09:35:00+05:30,1091.7,2026-07-14 10:15:00+05:30,True,2026-07-14 09:40:00+05:30,1094.1755750000002,1101.5,True,2026-07-14 10:40:00+05:30,2026-07-14 10:45:00+05:30,1099.6499000000001,1101.5,1.850099999999884,1095.9497000000003,2026-07-14 11:00:00+05:30,1102.0507499999999,STOP_LOSS,False,1.7025566185613283,1.270255661856133,-4.602550649999763
18,2026-07-14,SELL,2026-07-14 09:30:00+05:30,2026-07-14 09:35:00+05:30,1101.74885,4.951150000000098,0.5,0.75,True,2026-07-14 09:35:00+05:30,1091.7,2026-07-14 10:15:00+05:30,True,2026-07-14 10:25:00+05:30,1095.4133625000002,1103.5,True,2026-07-14 10:40:00+05:30,2026-07-14 10:45:00+05:30,1099.6499000000001,1103.5,3.850099999999884,1091.9497000000003,2026-07-14 11:10:00+05:30,1104.0517499999999,STOP_LOSS,False,0.8181345939067066,1.0519467026830607,-6.60555164999974
18,2026-07-14,SELL,2026-07-14 09:30:00+05:30,2026-07-14 09:35:00+05:30,1101.74885,4.951150000000098,0.75,0.25,True,2026-07-14 09:35:00+05:30,1091.7,2026-07-14 10:15:00+05:30,True,2026-07-14 09:40:00+05:30,1092.9377875,1101.5,True,2026-07-14 10:40:00+05:30,2026-07-14 10:45:00+05:30,1099.6499000000001,1101.5,1.850099999999884,1095.9497000000003,2026-07-14 11:00:00+05:30,1102.0507499999999,STOP_LOSS,False,1.7025566185613283,1.270255661856133,-4.602550649999763
18,2026-07-14,SELL,2026-07-14 09:30:00+05:30,2026-07-14 09:35:00+05:30,1101.74885,4.951150000000098,0.75,0.5,True,2026-07-14 09:35:00+05:30,1091.7,2026-07-14 10:15:00+05:30,True,2026-07-14 09:40:00+05:30,1094.1755750000002,1101.5,True,2026-07-14 10:40:00+05:30,2026-07-14 10:45:00+05:30,1099.6499000000001,1101.5,1.850099999999884,1095.9497000000003,2026-07-14 11:00:00+05:30,1102.0507499999999,STOP_LOSS,False,1.7025566185613283,1.270255661856133,-4.602550649999763
18,2026-07-14,SELL,2026-07-14 09:30:00+05:30,2026-07-14 09:35:00+05:30,1101.74885,4.951150000000098,0.75,0.75,True,2026-07-14 09:35:00+05:30,1091.7,2026-07-14 10:15:00+05:30,True,2026-07-14 10:25:00+05:30,1095.4133625000002,1103.5,True,2026-07-14 10:40:00+05:30,2026-07-14 10:45:00+05:30,1099.6499000000001,1103.5,3.850099999999884,1091.9497000000003,2026-07-14 11:10:00+05:30,1104.0517499999999,STOP_LOSS,False,0.8181345939067066,1.0519467026830607,-6.60555164999974
18,2026-07-14,SELL,2026-07-14 09:30:00+05:30,2026-07-14 09:35:00+05:30,1101.74885,4.951150000000098,1.0,0.25,True,2026-07-14 09:55:00+05:30,1091.7,2026-07-14 10:15:00+05:30,True,2026-07-14 10:10:00+05:30,1092.9377875,1097.0,True,2026-07-14 10:40:00+05:30,2026-07-14 10:45:00+05:30,1099.6499000000001,1097.0,2.649900000000116,1094.3500999999999,2026-07-14 10:45:00+05:30,1097.5484999999999,STOP_LOSS,False,1.188686365523219,0.5094909241857523,-0.0957983999997607
18,2026-07-14,SELL,2026-07-14 09:30:00+05:30,2026-07-14 09:35:00+05:30,1101.74885,4.951150000000098,1.0,0.5,True,2026-07-14 09:55:00+05:30,1091.7,2026-07-14 10:15:00+05:30,True,2026-07-14 10:10:00+05:30,1094.1755750000002,1097.0,True,2026-07-14 10:40:00+05:30,2026-07-14 10:45:00+05:30,1099.6499000000001,1097.0,2.649900000000116,1094.3500999999999,2026-07-14 10:45:00+05:30,1097.5484999999999,STOP_LOSS,False,1.188686365523219,0.5094909241857523,-0.0957983999997607
18,2026-07-14,SELL,2026-07-14 09:30:00+05:30,2026-07-14 09:35:00+05:30,1101.74885,4.951150000000098,1.0,0.75,True,2026-07-14 09:55:00+05:30,1091.7,2026-07-14 10:15:00+05:30,True,2026-07-14 10:25:00+05:30,1095.4133625000002,1103.5,True,2026-07-14 10:40:00+05:30,2026-07-14 10:45:00+05:30,1099.6499000000001,1103.5,3.850099999999884,1091.9497000000003,2026-07-14 11:10:00+05:30,1104.0517499999999,STOP_LOSS,False,0.8181345939067066,1.0519467026830607,-6.60555164999974
19,2026-07-14,SELL,2026-07-14 10:40:00+05:30,2026-07-14 10:45:00+05:30,1099.6499,5.350099999999884,0.5,0.25,True,2026-07-14 10:45:00+05:30,1096.5,2026-07-14 10:45:00+05:30,True,2026-07-14 10:50:00+05:30,1097.837525,1100.0,True,2026-07-14 11:30:00+05:30,2026-07-14 11:35:00+05:30,1099.54995,1100.0,0.45004999999991924,1098.6498500000002,2026-07-14 11:35:00+05:30,1100.55,AMBIGUOUS_STOP_FIRST,True,2.777358071326187,2.555382735252019,-3.200149949999874
19,2026-07-14,SELL,2026-07-14 10:40:00+05:30,2026-07-14 10:45:00+05:30,1099.6499,5.350099999999884,0.5,0.5,True,2026-07-14 10:45:00+05:30,1096.5,2026-07-14 10:45:00+05:30,True,2026-07-14 10:50:00+05:30,1099.1750499999998,1100.0,True,2026-07-14 11:30:00+05:30,2026-07-14 11:35:00+05:30,1099.54995,1100.0,0.45004999999991924,1098.6498500000002,2026-07-14 11:35:00+05:30,1100.55,AMBIGUOUS_STOP_FIRST,True,2.777358071326187,2.555382735252019,-3.200149949999874
19,2026-07-14,SELL,2026-07-14 10:40:00+05:30,2026-07-14 10:45:00+05:30,1099.6499,5.350099999999884,0.5,0.75,True,2026-07-14 10:45:00+05:30,1096.5,2026-07-14 10:45:00+05:30,True,2026-07-14 10:55:00+05:30,1100.512575,1101.1,True,2026-07-14 11:30:00+05:30,2026-07-14 11:35:00+05:30,1099.54995,1101.1,1.5500499999998283,1096.4498500000004,2026-07-14 12:00:00+05:30,1096.9980749250003,TARGET,False,2.2257023966972382,0.741943808264309,0.3553270500747705
19,2026-07-14,SELL,2026-07-14 10:40:00+05:30,2026-07-14 10:45:00+05:30,1099.6499,5.350099999999884,0.75,0.25,True,2026-07-14 12:05:00+05:30,1093.2,2026-07-14 12:15:00+05:30,True,2026-07-14 12:20:00+05:30,1094.537525,1096.5,True,2026-07-14 12:30:00+05:30,2026-07-14 12:35:00+05:30,1093.75285,1096.5,2.7471499999999196,1088.2585500000002,2026-07-14 14:10:00+05:30,1097.04825,STOP_LOSS,False,1.3660884917096592,1.400414975520063,-5.486201099999972
19,2026-07-14,SELL,2026-07-14 10:40:00+05:30,2026-07-14 10:45:00+05:30,1099.6499,5.350099999999884,0.75,0.5,True,2026-07-14 12:05:00+05:30,1093.2,2026-07-14 12:15:00+05:30,True,2026-07-14 12:20:00+05:30,1095.87505,1096.5,True,2026-07-14 12:30:00+05:30,2026-07-14 12:35:00+05:30,1093.75285,1096.5,2.7471499999999196,1088.2585500000002,2026-07-14 14:10:00+05:30,1097.04825,STOP_LOSS,False,1.3660884917096592,1.400414975520063,-5.486201099999972
19,2026-07-14,SELL,2026-07-14 10:40:00+05:30,2026-07-14 10:45:00+05:30,1099.6499,5.350099999999884,0.75,0.75,True,2026-07-14 12:05:00+05:30,1091.1,2026-07-14 12:35:00+05:30,True,2026-07-14 12:55:00+05:30,1095.1125749999999,1095.7,True,2026-07-14 13:05:00+05:30,2026-07-14 13:10:00+05:30,1091.55395,1095.7,4.146050000000059,1083.2618499999999,2026-07-14 13:55:00+05:30,1096.24785,STOP_LOSS,False,0.3748025228832175,1.1447160550403155,-6.881701799999986
19,2026-07-14,SELL,2026-07-14 10:40:00+05:30,2026-07-14 10:45:00+05:30,1099.6499,5.350099999999884,1.0,0.25,True,2026-07-14 12:05:00+05:30,1093.2,2026-07-14 12:15:00+05:30,True,2026-07-14 12:20:00+05:30,1094.537525,1096.5,True,2026-07-14 12:30:00+05:30,2026-07-14 12:35:00+05:30,1093.75285,1096.5,2.7471499999999196,1088.2585500000002,2026-07-14 14:10:00+05:30,1097.04825,STOP_LOSS,False,1.3660884917096592,1.400414975520063,-5.486201099999972
19,2026-07-14,SELL,2026-07-14 10:40:00+05:30,2026-07-14 10:45:00+05:30,1099.6499,5.350099999999884,1.0,0.5,True,2026-07-14 12:05:00+05:30,1093.2,2026-07-14 12:15:00+05:30,True,2026-07-14 12:20:00+05:30,1095.87505,1096.5,True,2026-07-14 12:30:00+05:30,2026-07-14 12:35:00+05:30,1093.75285,1096.5,2.7471499999999196,1088.2585500000002,2026-07-14 14:10:00+05:30,1097.04825,STOP_LOSS,False,1.3660884917096592,1.400414975520063,-5.486201099999972
19,2026-07-14,SELL,2026-07-14 10:40:00+05:30,2026-07-14 10:45:00+05:30,1099.6499,5.350099999999884,1.0,0.75,True,2026-07-14 12:05:00+05:30,1091.1,2026-07-14 12:35:00+05:30,True,2026-07-14 12:55:00+05:30,1095.1125749999999,1095.7,True,2026-07-14 13:05:00+05:30,2026-07-14 13:10:00+05:30,1091.55395,1095.7,4.146050000000059,1083.2618499999999,2026-07-14 13:55:00+05:30,1096.24785,STOP_LOSS,False,0.3748025228832175,1.1447160550403155,-6.881701799999986
20,2026-07-16,SELL,2026-07-16 15:20:00+05:30,2026-07-16 15:25:00+05:30,1080.0597,1.5402999999998883,0.5,0.25,True,2026-07-16 15:25:00+05:30,1077.9,2026-07-16 15:25:00+05:30,False,,,,False,,,,,,,,,NO_ENTRY,False,,,
20,2026-07-16,SELL,2026-07-16 15:20:00+05:30,2026-07-16 15:25:00+05:30,1080.0597,1.5402999999998883,0.5,0.5,True,2026-07-16 15:25:00+05:30,1077.9,2026-07-16 15:25:00+05:30,False,,,,False,,,,,,,,,NO_ENTRY,False,,,
20,2026-07-16,SELL,2026-07-16 15:20:00+05:30,2026-07-16 15:25:00+05:30,1080.0597,1.5402999999998883,0.5,0.75,True,2026-07-16 15:25:00+05:30,1077.9,2026-07-16 15:25:00+05:30,False,,,,False,,,,,,,,,NO_ENTRY,False,,,
20,2026-07-16,SELL,2026-07-16 15:20:00+05:30,2026-07-16 15:25:00+05:30,1080.0597,1.5402999999998883,0.75,0.25,True,2026-07-16 15:25:00+05:30,1077.9,2026-07-16 15:25:00+05:30,False,,,,False,,,,,,,,,NO_ENTRY,False,,,
20,2026-07-16,SELL,2026-07-16 15:20:00+05:30,2026-07-16 15:25:00+05:30,1080.0597,1.5402999999998883,0.75,0.5,True,2026-07-16 15:25:00+05:30,1077.9,2026-07-16 15:25:00+05:30,False,,,,False,,,,,,,,,NO_ENTRY,False,,,
20,2026-07-16,SELL,2026-07-16 15:20:00+05:30,2026-07-16 15:25:00+05:30,1080.0597,1.5402999999998883,0.75,0.75,True,2026-07-16 15:25:00+05:30,1077.9,2026-07-16 15:25:00+05:30,False,,,,False,,,,,,,,,NO_ENTRY,False,,,
20,2026-07-16,SELL,2026-07-16 15:20:00+05:30,2026-07-16 15:25:00+05:30,1080.0597,1.5402999999998883,1.0,0.25,True,2026-07-16 15:25:00+05:30,1077.9,2026-07-16 15:25:00+05:30,False,,,,False,,,,,,,,,NO_ENTRY,False,,,
20,2026-07-16,SELL,2026-07-16 15:20:00+05:30,2026-07-16 15:25:00+05:30,1080.0597,1.5402999999998883,1.0,0.5,True,2026-07-16 15:25:00+05:30,1077.9,2026-07-16 15:25:00+05:30,False,,,,False,,,,,,,,,NO_ENTRY,False,,,
20,2026-07-16,SELL,2026-07-16 15:20:00+05:30,2026-07-16 15:25:00+05:30,1080.0597,1.5402999999998883,1.0,0.75,True,2026-07-16 15:25:00+05:30,1077.9,2026-07-16 15:25:00+05:30,False,,,,False,,,,,,,,,NO_ENTRY,False,,,
21,2026-07-17,SELL,2026-07-17 09:30:00+05:30,2026-07-17 09:35:00+05:30,1101.449,3.65099999999984,0.5,0.25,True,2026-07-17 09:45:00+05:30,1097.5,2026-07-17 09:45:00+05:30,True,2026-07-17 09:50:00+05:30,1098.41275,1102.0,True,2026-07-17 10:00:00+05:30,2026-07-17 10:05:00+05:30,1097.95075,1102.0,4.049250000000029,1089.85225,2026-07-17 10:10:00+05:30,1102.551,STOP_LOSS,False,0.0,1.0,-6.80075174999996
21,2026-07-17,SELL,2026-07-17 09:30:00+05:30,2026-07-17 09:35:00+05:30,1101.449,3.65099999999984,0.5,0.5,True,2026-07-17 09:45:00+05:30,1097.5,2026-07-17 09:45:00+05:30,True,2026-07-17 09:50:00+05:30,1099.3255,1102.0,True,2026-07-17 10:00:00+05:30,2026-07-17 10:05:00+05:30,1097.95075,1102.0,4.049250000000029,1089.85225,2026-07-17 10:10:00+05:30,1102.551,STOP_LOSS,False,0.0,1.0,-6.80075174999996
21,2026-07-17,SELL,2026-07-17 09:30:00+05:30,2026-07-17 09:35:00+05:30,1101.449,3.65099999999984,0.5,0.75,True,2026-07-17 09:45:00+05:30,1097.5,2026-07-17 09:45:00+05:30,True,2026-07-17 09:50:00+05:30,1100.2382499999999,1102.0,True,2026-07-17 10:00:00+05:30,2026-07-17 10:05:00+05:30,1097.95075,1102.0,4.049250000000029,1089.85225,2026-07-17 10:10:00+05:30,1102.551,STOP_LOSS,False,0.0,1.0,-6.80075174999996
21,2026-07-17,SELL,2026-07-17 09:30:00+05:30,2026-07-17 09:35:00+05:30,1101.449,3.65099999999984,0.75,0.25,True,2026-07-17 09:45:00+05:30,1097.5,2026-07-17 09:45:00+05:30,True,2026-07-17 09:50:00+05:30,1098.41275,1102.0,True,2026-07-17 10:00:00+05:30,2026-07-17 10:05:00+05:30,1097.95075,1102.0,4.049250000000029,1089.85225,2026-07-17 10:10:00+05:30,1102.551,STOP_LOSS,False,0.0,1.0,-6.80075174999996
21,2026-07-17,SELL,2026-07-17 09:30:00+05:30,2026-07-17 09:35:00+05:30,1101.449,3.65099999999984,0.75,0.5,True,2026-07-17 09:45:00+05:30,1097.5,2026-07-17 09:45:00+05:30,True,2026-07-17 09:50:00+05:30,1099.3255,1102.0,True,2026-07-17 10:00:00+05:30,2026-07-17 10:05:00+05:30,1097.95075,1102.0,4.049250000000029,1089.85225,2026-07-17 10:10:00+05:30,1102.551,STOP_LOSS,False,0.0,1.0,-6.80075174999996
21,2026-07-17,SELL,2026-07-17 09:30:00+05:30,2026-07-17 09:35:00+05:30,1101.449,3.65099999999984,0.75,0.75,True,2026-07-17 09:45:00+05:30,1097.5,2026-07-17 09:45:00+05:30,True,2026-07-17 09:50:00+05:30,1100.2382499999999,1102.0,True,2026-07-17 10:00:00+05:30,2026-07-17 10:05:00+05:30,1097.95075,1102.0,4.049250000000029,1089.85225,2026-07-17 10:10:00+05:30,1102.551,STOP_LOSS,False,0.0,1.0,-6.80075174999996
21,2026-07-17,SELL,2026-07-17 09:30:00+05:30,2026-07-17 09:35:00+05:30,1101.449,3.65099999999984,1.0,0.25,True,2026-07-17 09:45:00+05:30,1097.5,2026-07-17 09:45:00+05:30,True,2026-07-17 09:50:00+05:30,1098.41275,1102.0,True,2026-07-17 10:00:00+05:30,2026-07-17 10:05:00+05:30,1097.95075,1102.0,4.049250000000029,1089.85225,2026-07-17 10:10:00+05:30,1102.551,STOP_LOSS,False,0.0,1.0,-6.80075174999996
21,2026-07-17,SELL,2026-07-17 09:30:00+05:30,2026-07-17 09:35:00+05:30,1101.449,3.65099999999984,1.0,0.5,True,2026-07-17 09:45:00+05:30,1097.5,2026-07-17 09:45:00+05:30,True,2026-07-17 09:50:00+05:30,1099.3255,1102.0,True,2026-07-17 10:00:00+05:30,2026-07-17 10:05:00+05:30,1097.95075,1102.0,4.049250000000029,1089.85225,2026-07-17 10:10:00+05:30,1102.551,STOP_LOSS,False,0.0,1.0,-6.80075174999996
21,2026-07-17,SELL,2026-07-17 09:30:00+05:30,2026-07-17 09:35:00+05:30,1101.449,3.65099999999984,1.0,0.75,True,2026-07-17 09:45:00+05:30,1097.5,2026-07-17 09:45:00+05:30,True,2026-07-17 09:50:00+05:30,1100.2382499999999,1102.0,True,2026-07-17 10:00:00+05:30,2026-07-17 10:05:00+05:30,1097.95075,1102.0,4.049250000000029,1089.85225,2026-07-17 10:10:00+05:30,1102.551,STOP_LOSS,False,0.0,1.0,-6.80075174999996
22,2026-07-17,SELL,2026-07-17 09:40:00+05:30,2026-07-17 09:45:00+05:30,1103.94775,1.952250000000049,0.5,0.25,True,2026-07-17 09:45:00+05:30,1097.5,2026-07-17 09:45:00+05:30,True,2026-07-17 09:50:00+05:30,1097.9880625,1102.0,True,2026-07-17 10:00:00+05:30,2026-07-17 10:05:00+05:30,1097.95075,1102.0,4.049250000000029,1089.85225,2026-07-17 10:10:00+05:30,1102.551,STOP_LOSS,False,0.0,1.0,-6.80075174999996
22,2026-07-17,SELL,2026-07-17 09:40:00+05:30,2026-07-17 09:45:00+05:30,1103.94775,1.952250000000049,0.5,0.5,True,2026-07-17 09:45:00+05:30,1097.5,2026-07-17 09:45:00+05:30,True,2026-07-17 09:50:00+05:30,1098.476125,1102.0,True,2026-07-17 10:00:00+05:30,2026-07-17 10:05:00+05:30,1097.95075,1102.0,4.049250000000029,1089.85225,2026-07-17 10:10:00+05:30,1102.551,STOP_LOSS,False,0.0,1.0,-6.80075174999996
22,2026-07-17,SELL,2026-07-17 09:40:00+05:30,2026-07-17 09:45:00+05:30,1103.94775,1.952250000000049,0.5,0.75,True,2026-07-17 09:45:00+05:30,1097.5,2026-07-17 09:45:00+05:30,True,2026-07-17 09:50:00+05:30,1098.9641875,1102.0,True,2026-07-17 10:00:00+05:30,2026-07-17 10:05:00+05:30,1097.95075,1102.0,4.049250000000029,1089.85225,2026-07-17 10:10:00+05:30,1102.551,STOP_LOSS,False,0.0,1.0,-6.80075174999996
22,2026-07-17,SELL,2026-07-17 09:40:00+05:30,2026-07-17 09:45:00+05:30,1103.94775,1.952250000000049,0.75,0.25,True,2026-07-17 09:45:00+05:30,1097.5,2026-07-17 09:45:00+05:30,True,2026-07-17 09:50:00+05:30,1097.9880625,1102.0,True,2026-07-17 10:00:00+05:30,2026-07-17 10:05:00+05:30,1097.95075,1102.0,4.049250000000029,1089.85225,2026-07-17 10:10:00+05:30,1102.551,STOP_LOSS,False,0.0,1.0,-6.80075174999996
22,2026-07-17,SELL,2026-07-17 09:40:00+05:30,2026-07-17 09:45:00+05:30,1103.94775,1.952250000000049,0.75,0.5,True,2026-07-17 09:45:00+05:30,1097.5,2026-07-17 09:45:00+05:30,True,2026-07-17 09:50:00+05:30,1098.476125,1102.0,True,2026-07-17 10:00:00+05:30,2026-07-17 10:05:00+05:30,1097.95075,1102.0,4.049250000000029,1089.85225,2026-07-17 10:10:00+05:30,1102.551,STOP_LOSS,False,0.0,1.0,-6.80075174999996
22,2026-07-17,SELL,2026-07-17 09:40:00+05:30,2026-07-17 09:45:00+05:30,1103.94775,1.952250000000049,0.75,0.75,True,2026-07-17 09:45:00+05:30,1097.5,2026-07-17 09:45:00+05:30,True,2026-07-17 09:50:00+05:30,1098.9641875,1102.0,True,2026-07-17 10:00:00+05:30,2026-07-17 10:05:00+05:30,1097.95075,1102.0,4.049250000000029,1089.85225,2026-07-17 10:10:00+05:30,1102.551,STOP_LOSS,False,0.0,1.0,-6.80075174999996
22,2026-07-17,SELL,2026-07-17 09:40:00+05:30,2026-07-17 09:45:00+05:30,1103.94775,1.952250000000049,1.0,0.25,True,2026-07-17 09:45:00+05:30,1097.5,2026-07-17 09:45:00+05:30,True,2026-07-17 09:50:00+05:30,1097.9880625,1102.0,True,2026-07-17 10:00:00+05:30,2026-07-17 10:05:00+05:30,1097.95075,1102.0,4.049250000000029,1089.85225,2026-07-17 10:10:00+05:30,1102.551,STOP_LOSS,False,0.0,1.0,-6.80075174999996
22,2026-07-17,SELL,2026-07-17 09:40:00+05:30,2026-07-17 09:45:00+05:30,1103.94775,1.952250000000049,1.0,0.5,True,2026-07-17 09:45:00+05:30,1097.5,2026-07-17 09:45:00+05:30,True,2026-07-17 09:50:00+05:30,1098.476125,1102.0,True,2026-07-17 10:00:00+05:30,2026-07-17 10:05:00+05:30,1097.95075,1102.0,4.049250000000029,1089.85225,2026-07-17 10:10:00+05:30,1102.551,STOP_LOSS,False,0.0,1.0,-6.80075174999996
22,2026-07-17,SELL,2026-07-17 09:40:00+05:30,2026-07-17 09:45:00+05:30,1103.94775,1.952250000000049,1.0,0.75,True,2026-07-17 09:45:00+05:30,1097.5,2026-07-17 09:45:00+05:30,True,2026-07-17 09:50:00+05:30,1098.9641875,1102.0,True,2026-07-17 10:00:00+05:30,2026-07-17 10:05:00+05:30,1097.95075,1102.0,4.049250000000029,1089.85225,2026-07-17 10:10:00+05:30,1102.551,STOP_LOSS,False,0.0,1.0,-6.80075174999996
23,2026-07-20,SELL,2026-07-20 10:10:00+05:30,2026-07-20 10:15:00+05:30,1089.95475,3.0452499999998963,0.5,0.25,True,2026-07-20 12:00:00+05:30,1083.2,2026-07-20 12:20:00+05:30,True,2026-07-20 12:15:00+05:30,1083.9613125,1087.0,True,2026-07-20 13:55:00+05:30,2026-07-20 14:00:00+05:30,1089.2551,1087.0,2.255100000000084,1084.7449,2026-07-20 14:00:00+05:30,1087.5435,STOP_LOSS,False,0.1131213693406388,0.7294133297857947,-0.46519859999991064
23,2026-07-20,SELL,2026-07-20 10:10:00+05:30,2026-07-20 10:15:00+05:30,1089.95475,3.0452499999998963,0.5,0.5,True,2026-07-20 12:00:00+05:30,1083.2,2026-07-20 12:20:00+05:30,True,2026-07-20 12:15:00+05:30,1084.7226249999999,1087.0,True,2026-07-20 13:55:00+05:30,2026-07-20 14:00:00+05:30,1089.2551,1087.0,2.255100000000084,1084.7449,2026-07-20 14:00:00+05:30,1087.5435,STOP_LOSS,False,0.1131213693406388,0.7294133297857947,-0.46519859999991064
23,2026-07-20,SELL,2026-07-20 10:10:00+05:30,2026-07-20 10:15:00+05:30,1089.95475,3.0452499999998963,0.5,0.75,True,2026-07-20 12:00:00+05:30,1083.2,2026-07-20 12:20:00+05:30,True,2026-07-20 12:25:00+05:30,1085.4839375,1087.4,True,2026-07-20 13:55:00+05:30,2026-07-20 14:00:00+05:30,1089.2551,1087.4,1.855099999999993,1085.5449,2026-07-20 14:00:00+05:30,1087.9437,STOP_LOSS,False,0.13751280254438306,0.8866907444342693,-0.8657987999999515
23,2026-07-20,SELL,2026-07-20 10:10:00+05:30,2026-07-20 10:15:00+05:30,1089.95475,3.0452499999998963,0.75,0.25,True,2026-07-20 12:05:00+05:30,1083.2,2026-07-20 12:20:00+05:30,True,2026-07-20 12:15:00+05:30,1083.9613125,1087.0,True,2026-07-20 13:55:00+05:30,2026-07-20 14:00:00+05:30,1089.2551,1087.0,2.255100000000084,1084.7449,2026-07-20 14:00:00+05:30,1087.5435,STOP_LOSS,False,0.1131213693406388,0.7294133297857947,-0.46519859999991064
23,2026-07-20,SELL,2026-07-20 10:10:00+05:30,2026-07-20 10:15:00+05:30,1089.95475,3.0452499999998963,0.75,0.5,True,2026-07-20 12:05:00+05:30,1083.2,2026-07-20 12:20:00+05:30,True,2026-07-20 12:15:00+05:30,1084.7226249999999,1087.0,True,2026-07-20 13:55:00+05:30,2026-07-20 14:00:00+05:30,1089.2551,1087.0,2.255100000000084,1084.7449,2026-07-20 14:00:00+05:30,1087.5435,STOP_LOSS,False,0.1131213693406388,0.7294133297857947,-0.46519859999991064
23,2026-07-20,SELL,2026-07-20 10:10:00+05:30,2026-07-20 10:15:00+05:30,1089.95475,3.0452499999998963,0.75,0.75,True,2026-07-20 12:05:00+05:30,1083.2,2026-07-20 12:20:00+05:30,True,2026-07-20 12:25:00+05:30,1085.4839375,1087.4,True,2026-07-20 13:55:00+05:30,2026-07-20 14:00:00+05:30,1089.2551,1087.4,1.855099999999993,1085.5449,2026-07-20 14:00:00+05:30,1087.9437,STOP_LOSS,False,0.13751280254438306,0.8866907444342693,-0.8657987999999515
23,2026-07-20,SELL,2026-07-20 10:10:00+05:30,2026-07-20 10:15:00+05:30,1089.95475,3.0452499999998963,1.0,0.25,True,2026-07-20 12:10:00+05:30,1083.2,2026-07-20 12:20:00+05:30,True,2026-07-20 12:15:00+05:30,1083.9613125,1087.0,True,2026-07-20 13:55:00+05:30,2026-07-20 14:00:00+05:30,1089.2551,1087.0,2.255100000000084,1084.7449,2026-07-20 14:00:00+05:30,1087.5435,STOP_LOSS,False,0.1131213693406388,0.7294133297857947,-0.46519859999991064
23,2026-07-20,SELL,2026-07-20 10:10:00+05:30,2026-07-20 10:15:00+05:30,1089.95475,3.0452499999998963,1.0,0.5,True,2026-07-20 12:10:00+05:30,1083.2,2026-07-20 12:20:00+05:30,True,2026-07-20 12:15:00+05:30,1084.7226249999999,1087.0,True,2026-07-20 13:55:00+05:30,2026-07-20 14:00:00+05:30,1089.2551,1087.0,2.255100000000084,1084.7449,2026-07-20 14:00:00+05:30,1087.5435,STOP_LOSS,False,0.1131213693406388,0.7294133297857947,-0.46519859999991064
23,2026-07-20,SELL,2026-07-20 10:10:00+05:30,2026-07-20 10:15:00+05:30,1089.95475,3.0452499999998963,1.0,0.75,True,2026-07-20 12:10:00+05:30,1083.2,2026-07-20 12:20:00+05:30,True,2026-07-20 12:25:00+05:30,1085.4839375,1087.4,True,2026-07-20 13:55:00+05:30,2026-07-20 14:00:00+05:30,1089.2551,1087.4,1.855099999999993,1085.5449,2026-07-20 14:00:00+05:30,1087.9437,STOP_LOSS,False,0.13751280254438306,0.8866907444342693,-0.8657987999999515
24,2026-07-20,SELL,2026-07-20 11:40:00+05:30,2026-07-20 11:45:00+05:30,1090.0547,1.8453000000001796,0.5,0.25,True,2026-07-20 11:50:00+05:30,1083.2,2026-07-20 12:20:00+05:30,True,2026-07-20 11:55:00+05:30,1083.661325,1089.2,True,2026-07-20 13:55:00+05:30,2026-07-20 14:00:00+05:30,1089.2551,1089.2,0.05510000000003856,1089.1449,2026-07-20 14:00:00+05:30,1089.7446,AMBIGUOUS_STOP_FIRST,True,4.629764065334038,29.852994555333133,-2.6684996999999075
24,2026-07-20,SELL,2026-07-20 11:40:00+05:30,2026-07-20 11:45:00+05:30,1090.0547,1.8453000000001796,0.5,0.5,True,2026-07-20 11:50:00+05:30,1083.2,2026-07-20 12:20:00+05:30,True,2026-07-20 12:15:00+05:30,1084.1226500000002,1087.0,True,2026-07-20 13:55:00+05:30,2026-07-20 14:00:00+05:30,1089.2551,1087.0,2.255100000000084,1084.7449,2026-07-20 14:00:00+05:30,1087.5435,STOP_LOSS,False,0.1131213693406388,0.7294133297857947,-0.46519859999991064
24,2026-07-20,SELL,2026-07-20 11:40:00+05:30,2026-07-20 11:45:00+05:30,1090.0547,1.8453000000001796,0.5,0.75,True,2026-07-20 11:50:00+05:30,1083.2,2026-07-20 12:20:00+05:30,True,2026-07-20 12:15:00+05:30,1084.5839750000002,1087.0,True,2026-07-20 13:55:00+05:30,2026-07-20 14:00:00+05:30,1089.2551,1087.0,2.255100000000084,1084.7449,2026-07-20 14:00:00+05:30,1087.5435,STOP_LOSS,False,0.1131213693406388,0.7294133297857947,-0.46519859999991064
24,2026-07-20,SELL,2026-07-20 11:40:00+05:30,2026-07-20 11:45:00+05:30,1090.0547,1.8453000000001796,0.75,0.25,True,2026-07-20 11:50:00+05:30,1083.2,2026-07-20 12:20:00+05:30,True,2026-07-20 11:55:00+05:30,1083.661325,1089.2,True,2026-07-20 13:55:00+05:30,2026-07-20 14:00:00+05:30,1089.2551,1089.2,0.05510000000003856,1089.1449,2026-07-20 14:00:00+05:30,1089.7446,AMBIGUOUS_STOP_FIRST,True,4.629764065334038,29.852994555333133,-2.6684996999999075
24,2026-07-20,SELL,2026-07-20 11:40:00+05:30,2026-07-20 11:45:00+05:30,1090.0547,1.8453000000001796,0.75,0.5,True,2026-07-20 11:50:00+05:30,1083.2,2026-07-20 12:20:00+05:30,True,2026-07-20 12:15:00+05:30,1084.1226500000002,1087.0,True,2026-07-20 13:55:00+05:30,2026-07-20 14:00:00+05:30,1089.2551,1087.0,2.255100000000084,1084.7449,2026-07-20 14:00:00+05:30,1087.5435,STOP_LOSS,False,0.1131213693406388,0.7294133297857947,-0.46519859999991064
24,2026-07-20,SELL,2026-07-20 11:40:00+05:30,2026-07-20 11:45:00+05:30,1090.0547,1.8453000000001796,0.75,0.75,True,2026-07-20 11:50:00+05:30,1083.2,2026-07-20 12:20:00+05:30,True,2026-07-20 12:15:00+05:30,1084.5839750000002,1087.0,True,2026-07-20 13:55:00+05:30,2026-07-20 14:00:00+05:30,1089.2551,1087.0,2.255100000000084,1084.7449,2026-07-20 14:00:00+05:30,1087.5435,STOP_LOSS,False,0.1131213693406388,0.7294133297857947,-0.46519859999991064
24,2026-07-20,SELL,2026-07-20 11:40:00+05:30,2026-07-20 11:45:00+05:30,1090.0547,1.8453000000001796,1.0,0.25,True,2026-07-20 12:05:00+05:30,1083.2,2026-07-20 12:20:00+05:30,True,2026-07-20 12:15:00+05:30,1083.661325,1087.0,True,2026-07-20 13:55:00+05:30,2026-07-20 14:00:00+05:30,1089.2551,1087.0,2.255100000000084,1084.7449,2026-07-20 14:00:00+05:30,1087.5435,STOP_LOSS,False,0.1131213693406388,0.7294133297857947,-0.46519859999991064
24,2026-07-20,SELL,2026-07-20 11:40:00+05:30,2026-07-20 11:45:00+05:30,1090.0547,1.8453000000001796,1.0,0.5,True,2026-07-20 12:05:00+05:30,1083.2,2026-07-20 12:20:00+05:30,True,2026-07-20 12:15:00+05:30,1084.1226500000002,1087.0,True,2026-07-20 13:55:00+05:30,2026-07-20 14:00:00+05:30,1089.2551,1087.0,2.255100000000084,1084.7449,2026-07-20 14:00:00+05:30,1087.5435,STOP_LOSS,False,0.1131213693406388,0.7294133297857947,-0.46519859999991064
24,2026-07-20,SELL,2026-07-20 11:40:00+05:30,2026-07-20 11:45:00+05:30,1090.0547,1.8453000000001796,1.0,0.75,True,2026-07-20 12:05:00+05:30,1083.2,2026-07-20 12:20:00+05:30,True,2026-07-20 12:15:00+05:30,1084.5839750000002,1087.0,True,2026-07-20 13:55:00+05:30,2026-07-20 14:00:00+05:30,1089.2551,1087.0,2.255100000000084,1084.7449,2026-07-20 14:00:00+05:30,1087.5435,STOP_LOSS,False,0.1131213693406388,0.7294133297857947,-0.46519859999991064
25,2026-07-20,SELL,2026-07-20 13:50:00+05:30,2026-07-20 13:55:00+05:30,1089.8548,1.845199999999977,0.5,0.25,True,2026-07-20 14:25:00+05:30,1088.6,2026-07-20 14:25:00+05:30,True,2026-07-20 14:30:00+05:30,1089.0612999999998,1090.5,True,2026-07-20 14:55:00+05:30,2026-07-20 15:00:00+05:30,1088.6554,1090.5,1.8445999999999003,1084.9662000000003,2026-07-20 15:25:00+05:30,1088.44395,END_OF_DAY,False,1.7106147674293994,0.2952401604683808,-1.9656493499999872
25,2026-07-20,SELL,2026-07-20 13:50:00+05:30,2026-07-20 13:55:00+05:30,1089.8548,1.845199999999977,0.5,0.5,True,2026-07-20 14:25:00+05:30,1088.6,2026-07-20 14:25:00+05:30,True,2026-07-20 14:30:00+05:30,1089.5225999999998,1090.5,True,2026-07-20 14:55:00+05:30,2026-07-20 15:00:00+05:30,1088.6554,1090.5,1.8445999999999003,1084.9662000000003,2026-07-20 15:25:00+05:30,1088.44395,END_OF_DAY,False,1.7106147674293994,0.2952401604683808,-1.9656493499999872
25,2026-07-20,SELL,2026-07-20 13:50:00+05:30,2026-07-20 13:55:00+05:30,1089.8548,1.845199999999977,0.5,0.75,True,2026-07-20 14:25:00+05:30,1088.6,2026-07-20 14:25:00+05:30,True,2026-07-20 14:30:00+05:30,1089.9839,1090.5,True,2026-07-20 14:55:00+05:30,2026-07-20 15:00:00+05:30,1088.6554,1090.5,1.8445999999999003,1084.9662000000003,2026-07-20 15:25:00+05:30,1088.44395,END_OF_DAY,False,1.7106147674293994,0.2952401604683808,-1.9656493499999872
25,2026-07-20,SELL,2026-07-20 13:50:00+05:30,2026-07-20 13:55:00+05:30,1089.8548,1.845199999999977,0.75,0.25,True,2026-07-20 15:00:00+05:30,1085.5,2026-07-20 15:05:00+05:30,True,2026-07-20 15:10:00+05:30,1085.9613,1087.5,False,,,,,,,,,NO_ENTRY,False,,,
25,2026-07-20,SELL,2026-07-20 13:50:00+05:30,2026-07-20 13:55:00+05:30,1089.8548,1.845199999999977,0.75,0.5,True,2026-07-20 15:00:00+05:30,1085.5,2026-07-20 15:05:00+05:30,True,2026-07-20 15:10:00+05:30,1086.4225999999999,1087.5,False,,,,,,,,,NO_ENTRY,False,,,
25,2026-07-20,SELL,2026-07-20 13:50:00+05:30,2026-07-20 13:55:00+05:30,1089.8548,1.845199999999977,0.75,0.75,True,2026-07-20 15:00:00+05:30,1085.5,2026-07-20 15:05:00+05:30,True,2026-07-20 15:10:00+05:30,1086.8839,1087.5,False,,,,,,,,,NO_ENTRY,False,,,
25,2026-07-20,SELL,2026-07-20 13:50:00+05:30,2026-07-20 13:55:00+05:30,1089.8548,1.845199999999977,1.0,0.25,True,2026-07-20 15:00:00+05:30,1085.5,2026-07-20 15:05:00+05:30,True,2026-07-20 15:10:00+05:30,1085.9613,1087.5,False,,,,,,,,,NO_ENTRY,False,,,
25,2026-07-20,SELL,2026-07-20 13:50:00+05:30,2026-07-20 13:55:00+05:30,1089.8548,1.845199999999977,1.0,0.5,True,2026-07-20 15:00:00+05:30,1085.5,2026-07-20 15:05:00+05:30,True,2026-07-20 15:10:00+05:30,1086.4225999999999,1087.5,False,,,,,,,,,NO_ENTRY,False,,,
25,2026-07-20,SELL,2026-07-20 13:50:00+05:30,2026-07-20 13:55:00+05:30,1089.8548,1.845199999999977,1.0,0.75,True,2026-07-20 15:00:00+05:30,1085.5,2026-07-20 15:05:00+05:30,True,2026-07-20 15:10:00+05:30,1086.8839,1087.5,False,,,,,,,,,NO_ENTRY,False,,,
26,2026-07-21,SELL,2026-07-21 09:45:00+05:30,2026-07-21 09:50:00+05:30,1076.56145,8.338550000000168,0.5,0.25,True,2026-07-21 10:20:00+05:30,1072.1,2026-07-21 10:20:00+05:30,True,2026-07-21 10:25:00+05:30,1074.1846375,1075.0,True,2026-07-21 10:35:00+05:30,2026-07-21 10:40:00+05:30,1072.76335,1075.0,2.236650000000054,1068.2900499999998,2026-07-21 10:50:00+05:30,1068.8241950249999,TARGET,False,2.4873583260678984,0.6423222229674133,1.7975674299750652
26,2026-07-21,SELL,2026-07-21 09:45:00+05:30,2026-07-21 09:50:00+05:30,1076.56145,8.338550000000168,0.5,0.5,True,2026-07-21 10:20:00+05:30,1067.2,2026-07-21 10:50:00+05:30,True,2026-07-21 11:00:00+05:30,1071.369275,1073.7,True,2026-07-21 12:15:00+05:30,2026-07-21 12:20:00+05:30,1073.9627500000001,1073.7,0.2627500000000964,1073.43725,2026-07-21 12:20:00+05:30,1074.23685,STOP_LOSS,False,1.7611798287344322,4.708848715506944,-2.422299599999862
26,2026-07-21,SELL,2026-07-21 09:45:00+05:30,2026-07-21 09:50:00+05:30,1076.56145,8.338550000000168,0.5,0.75,True,2026-07-21 10:20:00+05:30,1067.2,2026-07-21 10:50:00+05:30,True,2026-07-21 11:00:00+05:30,1073.4539125000001,1073.7,True,2026-07-21 12:15:00+05:30,2026-07-21 12:20:00+05:30,1073.9627500000001,1073.7,0.2627500000000964,1073.43725,2026-07-21 12:20:00+05:30,1074.23685,STOP_LOSS,False,1.7611798287344322,4.708848715506944,-2.422299599999862
26,2026-07-21,SELL,2026-07-21 09:45:00+05:30,2026-07-21 09:50:00+05:30,1076.56145,8.338550000000168,0.75,0.25,True,2026-07-21 10:45:00+05:30,1067.2,2026-07-21 10:50:00+05:30,True,2026-07-21 10:55:00+05:30,1069.2846375000001,1069.5,True,2026-07-21 12:15:00+05:30,2026-07-21 12:20:00+05:30,1073.9627500000001,1069.5,4.462750000000142,1065.0372499999999,2026-07-21 12:20:00+05:30,1070.03475,STOP_LOSS,False,0.10369166993448595,0.2772393703433677,1.7840025000001107
26,2026-07-21,SELL,2026-07-21 09:45:00+05:30,2026-07-21 09:50:00+05:30,1076.56145,8.338550000000168,0.75,0.5,True,2026-07-21 10:45:00+05:30,1067.2,2026-07-21 10:50:00+05:30,True,2026-07-21 11:00:00+05:30,1071.369275,1073.7,True,2026-07-21 12:15:00+05:30,2026-07-21 12:20:00+05:30,1073.9627500000001,1073.7,0.2627500000000964,1073.43725,2026-07-21 12:20:00+05:30,1074.23685,STOP_LOSS,False,1.7611798287344322,4.708848715506944,-2.422299599999862
26,2026-07-21,SELL,2026-07-21 09:45:00+05:30,2026-07-21 09:50:00+05:30,1076.56145,8.338550000000168,0.75,0.75,True,2026-07-21 10:45:00+05:30,1067.2,2026-07-21 10:50:00+05:30,True,2026-07-21 11:00:00+05:30,1073.4539125000001,1073.7,True,2026-07-21 12:15:00+05:30,2026-07-21 12:20:00+05:30,1073.9627500000001,1073.7,0.2627500000000964,1073.43725,2026-07-21 12:20:00+05:30,1074.23685,STOP_LOSS,False,1.7611798287344322,4.708848715506944,-2.422299599999862
26,2026-07-21,SELL,2026-07-21 09:45:00+05:30,2026-07-21 09:50:00+05:30,1076.56145,8.338550000000168,1.0,0.25,True,2026-07-21 10:50:00+05:30,1067.2,2026-07-21 10:50:00+05:30,True,2026-07-21 10:55:00+05:30,1069.2846375000001,1069.5,True,2026-07-21 12:15:00+05:30,2026-07-21 12:20:00+05:30,1073.9627500000001,1069.5,4.462750000000142,1065.0372499999999,2026-07-21 12:20:00+05:30,1070.03475,STOP_LOSS,False,0.10369166993448595,0.2772393703433677,1.7840025000001107
26,2026-07-21,SELL,2026-07-21 09:45:00+05:30,2026-07-21 09:50:00+05:30,1076.56145,8.338550000000168,1.0,0.5,True,2026-07-21 10:50:00+05:30,1067.2,2026-07-21 10:50:00+05:30,True,2026-07-21 11:00:00+05:30,1071.369275,1073.7,True,2026-07-21 12:15:00+05:30,2026-07-21 12:20:00+05:30,1073.9627500000001,1073.7,0.2627500000000964,1073.43725,2026-07-21 12:20:00+05:30,1074.23685,STOP_LOSS,False,1.7611798287344322,4.708848715506944,-2.422299599999862
26,2026-07-21,SELL,2026-07-21 09:45:00+05:30,2026-07-21 09:50:00+05:30,1076.56145,8.338550000000168,1.0,0.75,True,2026-07-21 10:50:00+05:30,1067.2,2026-07-21 10:50:00+05:30,True,2026-07-21 11:00:00+05:30,1073.4539125000001,1073.7,True,2026-07-21 12:15:00+05:30,2026-07-21 12:20:00+05:30,1073.9627500000001,1073.7,0.2627500000000964,1073.43725,2026-07-21 12:20:00+05:30,1074.23685,STOP_LOSS,False,1.7611798287344322,4.708848715506944,-2.422299599999862
27,2026-07-22,SELL,2026-07-22 10:20:00+05:30,2026-07-22 10:25:00+05:30,1058.0707,4.229299999999967,0.5,0.25,True,2026-07-22 11:15:00+05:30,1055.0,2026-07-22 11:15:00+05:30,True,2026-07-22 11:20:00+05:30,1056.057325,1060.5,True,2026-07-22 11:50:00+05:30,2026-07-22 11:55:00+05:30,1057.97075,1060.5,2.5292500000000473,1052.9122499999999,2026-07-22 12:30:00+05:30,1053.4387061249997,TARGET,False,2.3606800434910906,0.4069388158545134,2.420634418875227
27,2026-07-22,SELL,2026-07-22 10:20:00+05:30,2026-07-22 10:25:00+05:30,1058.0707,4.229299999999967,0.5,0.5,True,2026-07-22 11:15:00+05:30,1055.0,2026-07-22 11:15:00+05:30,True,2026-07-22 11:20:00+05:30,1057.11465,1060.5,True,2026-07-22 11:50:00+05:30,2026-07-22 11:55:00+05:30,1057.97075,1060.5,2.5292500000000473,1052.9122499999999,2026-07-22 12:30:00+05:30,1053.4387061249997,TARGET,False,2.3606800434910906,0.4069388158545134,2.420634418875227
27,2026-07-22,SELL,2026-07-22 10:20:00+05:30,2026-07-22 10:25:00+05:30,1058.0707,4.229299999999967,0.5,0.75,True,2026-07-22 11:15:00+05:30,1055.0,2026-07-22 11:15:00+05:30,True,2026-07-22 11:20:00+05:30,1058.171975,1060.5,True,2026-07-22 11:50:00+05:30,2026-07-22 11:55:00+05:30,1057.97075,1060.5,2.5292500000000473,1052.9122499999999,2026-07-22 12:30:00+05:30,1053.4387061249997,TARGET,False,2.3606800434910906,0.4069388158545134,2.420634418875227
27,2026-07-22,SELL,2026-07-22 10:20:00+05:30,2026-07-22 10:25:00+05:30,1058.0707,4.229299999999967,0.75,0.25,True,2026-07-22 12:20:00+05:30,1048.3,2026-07-22 12:35:00+05:30,True,2026-07-22 12:40:00+05:30,1049.357325,1050.5,True,2026-07-22 12:55:00+05:30,2026-07-22 13:00:00+05:30,1048.57545,1050.5,1.9245499999999538,1044.7263500000001,2026-07-22 14:50:00+05:30,1051.02525,STOP_LOSS,False,1.2342885349822337,1.2598009924397973,-4.549400699999868
27,2026-07-22,SELL,2026-07-22 10:20:00+05:30,2026-07-22 10:25:00+05:30,1058.0707,4.229299999999967,0.75,0.5,True,2026-07-22 12:20:00+05:30,1048.3,2026-07-22 12:35:00+05:30,True,2026-07-22 12:40:00+05:30,1050.41465,1050.5,True,2026-07-22 12:55:00+05:30,2026-07-22 13:00:00+05:30,1048.57545,1050.5,1.9245499999999538,1044.7263500000001,2026-07-22 14:50:00+05:30,1051.02525,STOP_LOSS,False,1.2342885349822337,1.2598009924397973,-4.549400699999868
27,2026-07-22,SELL,2026-07-22 10:20:00+05:30,2026-07-22 10:25:00+05:30,1058.0707,4.229299999999967,0.75,0.75,True,2026-07-22 12:20:00+05:30,1046.2,2026-07-22 13:10:00+05:30,True,2026-07-22 13:35:00+05:30,1049.371975,1049.9,True,2026-07-22 13:55:00+05:30,2026-07-22 14:00:00+05:30,1047.37605,1049.9,2.5239500000000135,1042.32815,2026-07-22 14:40:00+05:30,1050.42495,STOP_LOSS,False,0.10937221418814436,1.0,-5.146701000000004
27,2026-07-22,SELL,2026-07-22 10:20:00+05:30,2026-07-22 10:25:00+05:30,1058.0707,4.229299999999967,1.0,0.25,True,2026-07-22 12:20:00+05:30,1048.3,2026-07-22 12:35:00+05:30,True,2026-07-22 12:40:00+05:30,1049.357325,1050.5,True,2026-07-22 12:55:00+05:30,2026-07-22 13:00:00+05:30,1048.57545,1050.5,1.9245499999999538,1044.7263500000001,2026-07-22 14:50:00+05:30,1051.02525,STOP_LOSS,False,1.2342885349822337,1.2598009924397973,-4.549400699999868
27,2026-07-22,SELL,2026-07-22 10:20:00+05:30,2026-07-22 10:25:00+05:30,1058.0707,4.229299999999967,1.0,0.5,True,2026-07-22 12:20:00+05:30,1048.3,2026-07-22 12:35:00+05:30,True,2026-07-22 12:40:00+05:30,1050.41465,1050.5,True,2026-07-22 12:55:00+05:30,2026-07-22 13:00:00+05:30,1048.57545,1050.5,1.9245499999999538,1044.7263500000001,2026-07-22 14:50:00+05:30,1051.02525,STOP_LOSS,False,1.2342885349822337,1.2598009924397973,-4.549400699999868
27,2026-07-22,SELL,2026-07-22 10:20:00+05:30,2026-07-22 10:25:00+05:30,1058.0707,4.229299999999967,1.0,0.75,True,2026-07-22 12:20:00+05:30,1046.2,2026-07-22 13:10:00+05:30,True,2026-07-22 13:35:00+05:30,1049.371975,1049.9,True,2026-07-22 13:55:00+05:30,2026-07-22 14:00:00+05:30,1047.37605,1049.9,2.5239500000000135,1042.32815,2026-07-22 14:40:00+05:30,1050.42495,STOP_LOSS,False,0.10937221418814436,1.0,-5.146701000000004
28,2026-07-23,BUY,2026-07-23 11:10:00+05:30,2026-07-23 11:15:00+05:30,1049.1243,5.224299999999857,0.5,0.25,True,2026-07-23 11:55:00+05:30,1057.8,2026-07-23 12:05:00+05:30,True,2026-07-23 12:10:00+05:30,1056.493925,1052.1,True,2026-07-23 13:10:00+05:30,2026-07-23 13:15:00+05:30,1044.62205,1052.1,7.477949999999964,1059.5779499999999,2026-07-23 13:15:00+05:30,1051.57395,STOP_LOSS,False,0.11740517120334577,0.21691105182569453,4.855704000000023
28,2026-07-23,BUY,2026-07-23 11:10:00+05:30,2026-07-23 11:15:00+05:30,1049.1243,5.224299999999857,0.5,0.5,True,2026-07-23 11:55:00+05:30,1057.8,2026-07-23 12:05:00+05:30,True,2026-07-23 12:10:00+05:30,1055.18785,1052.1,True,2026-07-23 13:10:00+05:30,2026-07-23 13:15:00+05:30,1044.62205,1052.1,7.477949999999964,1059.5779499999999,2026-07-23 13:15:00+05:30,1051.57395,STOP_LOSS,False,0.11740517120334577,0.21691105182569453,4.855704000000023
28,2026-07-23,BUY,2026-07-23 11:10:00+05:30,2026-07-23 11:15:00+05:30,1049.1243,5.224299999999857,0.5,0.75,True,2026-07-23 11:55:00+05:30,1057.8,2026-07-23 12:05:00+05:30,True,2026-07-23 12:10:00+05:30,1053.881775,1052.1,True,2026-07-23 13:10:00+05:30,2026-07-23 13:15:00+05:30,1044.62205,1052.1,7.477949999999964,1059.5779499999999,2026-07-23 13:15:00+05:30,1051.57395,STOP_LOSS,False,0.11740517120334577,0.21691105182569453,4.855704000000023
28,2026-07-23,BUY,2026-07-23 11:10:00+05:30,2026-07-23 11:15:00+05:30,1049.1243,5.224299999999857,0.75,0.25,True,2026-07-23 12:00:00+05:30,1057.8,2026-07-23 12:05:00+05:30,True,2026-07-23 12:10:00+05:30,1056.493925,1052.1,True,2026-07-23 13:10:00+05:30,2026-07-23 13:15:00+05:30,1044.62205,1052.1,7.477949999999964,1059.5779499999999,2026-07-23 13:15:00+05:30,1051.57395,STOP_LOSS,False,0.11740517120334577,0.21691105182569453,4.855704000000023
28,2026-07-23,BUY,2026-07-23 11:10:00+05:30,2026-07-23 11:15:00+05:30,1049.1243,5.224299999999857,0.75,0.5,True,2026-07-23 12:00:00+05:30,1057.8,2026-07-23 12:05:00+05:30,True,2026-07-23 12:10:00+05:30,1055.18785,1052.1,True,2026-07-23 13:10:00+05:30,2026-07-23 13:15:00+05:30,1044.62205,1052.1,7.477949999999964,1059.5779499999999,2026-07-23 13:15:00+05:30,1051.57395,STOP_LOSS,False,0.11740517120334577,0.21691105182569453,4.855704000000023
28,2026-07-23,BUY,2026-07-23 11:10:00+05:30,2026-07-23 11:15:00+05:30,1049.1243,5.224299999999857,0.75,0.75,True,2026-07-23 12:00:00+05:30,1057.8,2026-07-23 12:05:00+05:30,True,2026-07-23 12:10:00+05:30,1053.881775,1052.1,True,2026-07-23 13:10:00+05:30,2026-07-23 13:15:00+05:30,1044.62205,1052.1,7.477949999999964,1059.5779499999999,2026-07-23 13:15:00+05:30,1051.57395,STOP_LOSS,False,0.11740517120334577,0.21691105182569453,4.855704000000023
28,2026-07-23,BUY,2026-07-23 11:10:00+05:30,2026-07-23 11:15:00+05:30,1049.1243,5.224299999999857,1.0,0.25,True,2026-07-23 12:00:00+05:30,1057.8,2026-07-23 12:05:00+05:30,True,2026-07-23 12:10:00+05:30,1056.493925,1052.1,True,2026-07-23 13:10:00+05:30,2026-07-23 13:15:00+05:30,1044.62205,1052.1,7.477949999999964,1059.5779499999999,2026-07-23 13:15:00+05:30,1051.57395,STOP_LOSS,False,0.11740517120334577,0.21691105182569453,4.855704000000023
28,2026-07-23,BUY,2026-07-23 11:10:00+05:30,2026-07-23 11:15:00+05:30,1049.1243,5.224299999999857,1.0,0.5,True,2026-07-23 12:00:00+05:30,1057.8,2026-07-23 12:05:00+05:30,True,2026-07-23 12:10:00+05:30,1055.18785,1052.1,True,2026-07-23 13:10:00+05:30,2026-07-23 13:15:00+05:30,1044.62205,1052.1,7.477949999999964,1059.5779499999999,2026-07-23 13:15:00+05:30,1051.57395,STOP_LOSS,False,0.11740517120334577,0.21691105182569453,4.855704000000023
28,2026-07-23,BUY,2026-07-23 11:10:00+05:30,2026-07-23 11:15:00+05:30,1049.1243,5.224299999999857,1.0,0.75,True,2026-07-23 12:00:00+05:30,1057.8,2026-07-23 12:05:00+05:30,True,2026-07-23 12:10:00+05:30,1053.881775,1052.1,True,2026-07-23 13:10:00+05:30,2026-07-23 13:15:00+05:30,1044.62205,1052.1,7.477949999999964,1059.5779499999999,2026-07-23 13:15:00+05:30,1051.57395,STOP_LOSS,False,0.11740517120334577,0.21691105182569453,4.855704000000023
29,2026-07-23,BUY,2026-07-23 11:45:00+05:30,2026-07-23 11:50:00+05:30,1048.62405,2.5240499999999884,0.5,0.25,True,2026-07-23 11:50:00+05:30,1057.8,2026-07-23 12:05:00+05:30,True,2026-07-23 12:10:00+05:30,1057.1689875,1052.1,True,2026-07-23 13:10:00+05:30,2026-07-23 13:15:00+05:30,1044.62205,1052.1,7.477949999999964,1059.5779499999999,2026-07-23 13:15:00+05:30,1051.57395,STOP_LOSS,False,0.11740517120334577,0.21691105182569453,4.855704000000023
29,2026-07-23,BUY,2026-07-23 11:45:00+05:30,2026-07-23 11:50:00+05:30,1048.62405,2.5240499999999884,0.5,0.5,True,2026-07-23 11:50:00+05:30,1057.8,2026-07-23 12:05:00+05:30,True,2026-07-23 12:10:00+05:30,1056.537975,1052.1,True,2026-07-23 13:10:00+05:30,2026-07-23 13:15:00+05:30,1044.62205,1052.1,7.477949999999964,1059.5779499999999,2026-07-23 13:15:00+05:30,1051.57395,STOP_LOSS,False,0.11740517120334577,0.21691105182569453,4.855704000000023
29,2026-07-23,BUY,2026-07-23 11:45:00+05:30,2026-07-23 11:50:00+05:30,1048.62405,2.5240499999999884,0.5,0.75,True,2026-07-23 11:50:00+05:30,1057.8,2026-07-23 12:05:00+05:30,True,2026-07-23 12:10:00+05:30,1055.9069625,1052.1,True,2026-07-23 13:10:00+05:30,2026-07-23 13:15:00+05:30,1044.62205,1052.1,7.477949999999964,1059.5779499999999,2026-07-23 13:15:00+05:30,1051.57395,STOP_LOSS,False,0.11740517120334577,0.21691105182569453,4.855704000000023
29,2026-07-23,BUY,2026-07-23 11:45:00+05:30,2026-07-23 11:50:00+05:30,1048.62405,2.5240499999999884,0.75,0.25,True,2026-07-23 11:50:00+05:30,1057.8,2026-07-23 12:05:00+05:30,True,2026-07-23 12:10:00+05:30,1057.1689875,1052.1,True,2026-07-23 13:10:00+05:30,2026-07-23 13:15:00+05:30,1044.62205,1052.1,7.477949999999964,1059.5779499999999,2026-07-23 13:15:00+05:30,1051.57395,STOP_LOSS,False,0.11740517120334577,0.21691105182569453,4.855704000000023
29,2026-07-23,BUY,2026-07-23 11:45:00+05:30,2026-07-23 11:50:00+05:30,1048.62405,2.5240499999999884,0.75,0.5,True,2026-07-23 11:50:00+05:30,1057.8,2026-07-23 12:05:00+05:30,True,2026-07-23 12:10:00+05:30,1056.537975,1052.1,True,2026-07-23 13:10:00+05:30,2026-07-23 13:15:00+05:30,1044.62205,1052.1,7.477949999999964,1059.5779499999999,2026-07-23 13:15:00+05:30,1051.57395,STOP_LOSS,False,0.11740517120334577,0.21691105182569453,4.855704000000023
29,2026-07-23,BUY,2026-07-23 11:45:00+05:30,2026-07-23 11:50:00+05:30,1048.62405,2.5240499999999884,0.75,0.75,True,2026-07-23 11:50:00+05:30,1057.8,2026-07-23 12:05:00+05:30,True,2026-07-23 12:10:00+05:30,1055.9069625,1052.1,True,2026-07-23 13:10:00+05:30,2026-07-23 13:15:00+05:30,1044.62205,1052.1,7.477949999999964,1059.5779499999999,2026-07-23 13:15:00+05:30,1051.57395,STOP_LOSS,False,0.11740517120334577,0.21691105182569453,4.855704000000023
29,2026-07-23,BUY,2026-07-23 11:45:00+05:30,2026-07-23 11:50:00+05:30,1048.62405,2.5240499999999884,1.0,0.25,True,2026-07-23 11:50:00+05:30,1057.8,2026-07-23 12:05:00+05:30,True,2026-07-23 12:10:00+05:30,1057.1689875,1052.1,True,2026-07-23 13:10:00+05:30,2026-07-23 13:15:00+05:30,1044.62205,1052.1,7.477949999999964,1059.5779499999999,2026-07-23 13:15:00+05:30,1051.57395,STOP_LOSS,False,0.11740517120334577,0.21691105182569453,4.855704000000023
29,2026-07-23,BUY,2026-07-23 11:45:00+05:30,2026-07-23 11:50:00+05:30,1048.62405,2.5240499999999884,1.0,0.5,True,2026-07-23 11:50:00+05:30,1057.8,2026-07-23 12:05:00+05:30,True,2026-07-23 12:10:00+05:30,1056.537975,1052.1,True,2026-07-23 13:10:00+05:30,2026-07-23 13:15:00+05:30,1044.62205,1052.1,7.477949999999964,1059.5779499999999,2026-07-23 13:15:00+05:30,1051.57395,STOP_LOSS,False,0.11740517120334577,0.21691105182569453,4.855704000000023
29,2026-07-23,BUY,2026-07-23 11:45:00+05:30,2026-07-23 11:50:00+05:30,1048.62405,2.5240499999999884,1.0,0.75,True,2026-07-23 11:50:00+05:30,1057.8,2026-07-23 12:05:00+05:30,True,2026-07-23 12:10:00+05:30,1055.9069625,1052.1,True,2026-07-23 13:10:00+05:30,2026-07-23 13:15:00+05:30,1044.62205,1052.1,7.477949999999964,1059.5779499999999,2026-07-23 13:15:00+05:30,1051.57395,STOP_LOSS,False,0.11740517120334577,0.21691105182569453,4.855704000000023
30,2026-07-23,BUY,2026-07-23 14:15:00+05:30,2026-07-23 14:20:00+05:30,1047.82365,2.8236500000000437,0.5,0.25,True,2026-07-23 14:25:00+05:30,1055.7,2026-07-23 14:35:00+05:30,True,2026-07-23 14:40:00+05:30,1054.9940875,1044.8,True,2026-07-23 14:50:00+05:30,2026-07-23 14:55:00+05:30,1046.9232,1044.8,2.123199999999997,1051.1696,2026-07-23 14:55:00+05:30,1044.2776000000001,STOP_LOSS,False,0.7426525998493079,1.1883948756593181,-4.736800799999831
30,2026-07-23,BUY,2026-07-23 14:15:00+05:30,2026-07-23 14:20:00+05:30,1047.82365,2.8236500000000437,0.5,0.5,True,2026-07-23 14:25:00+05:30,1055.7,2026-07-23 14:35:00+05:30,True,2026-07-23 14:40:00+05:30,1054.288175,1044.8,True,2026-07-23 14:50:00+05:30,2026-07-23 14:55:00+05:30,1046.9232,1044.8,2.123199999999997,1051.1696,2026-07-23 14:55:00+05:30,1044.2776000000001,STOP_LOSS,False,0.7426525998493079,1.1883948756593181,-4.736800799999831
30,2026-07-23,BUY,2026-07-23 14:15:00+05:30,2026-07-23 14:20:00+05:30,1047.82365,2.8236500000000437,0.5,0.75,True,2026-07-23 14:25:00+05:30,1055.7,2026-07-23 14:35:00+05:30,True,2026-07-23 14:40:00+05:30,1053.5822625,1044.8,True,2026-07-23 14:50:00+05:30,2026-07-23 14:55:00+05:30,1046.9232,1044.8,2.123199999999997,1051.1696,2026-07-23 14:55:00+05:30,1044.2776000000001,STOP_LOSS,False,0.7426525998493079,1.1883948756593181,-4.736800799999831
30,2026-07-23,BUY,2026-07-23 14:15:00+05:30,2026-07-23 14:20:00+05:30,1047.82365,2.8236500000000437,0.75,0.25,True,2026-07-23 14:30:00+05:30,1055.7,2026-07-23 14:35:00+05:30,True,2026-07-23 14:40:00+05:30,1054.9940875,1044.8,True,2026-07-23 14:50:00+05:30,2026-07-23 14:55:00+05:30,1046.9232,1044.8,2.123199999999997,1051.1696,2026-07-23 14:55:00+05:30,1044.2776000000001,STOP_LOSS,False,0.7426525998493079,1.1883948756593181,-4.736800799999831
30,2026-07-23,BUY,2026-07-23 14:15:00+05:30,2026-07-23 14:20:00+05:30,1047.82365,2.8236500000000437,0.75,0.5,True,2026-07-23 14:30:00+05:30,1055.7,2026-07-23 14:35:00+05:30,True,2026-07-23 14:40:00+05:30,1054.288175,1044.8,True,2026-07-23 14:50:00+05:30,2026-07-23 14:55:00+05:30,1046.9232,1044.8,2.123199999999997,1051.1696,2026-07-23 14:55:00+05:30,1044.2776000000001,STOP_LOSS,False,0.7426525998493079,1.1883948756593181,-4.736800799999831
30,2026-07-23,BUY,2026-07-23 14:15:00+05:30,2026-07-23 14:20:00+05:30,1047.82365,2.8236500000000437,0.75,0.75,True,2026-07-23 14:30:00+05:30,1055.7,2026-07-23 14:35:00+05:30,True,2026-07-23 14:40:00+05:30,1053.5822625,1044.8,True,2026-07-23 14:50:00+05:30,2026-07-23 14:55:00+05:30,1046.9232,1044.8,2.123199999999997,1051.1696,2026-07-23 14:55:00+05:30,1044.2776000000001,STOP_LOSS,False,0.7426525998493079,1.1883948756593181,-4.736800799999831
30,2026-07-23,BUY,2026-07-23 14:15:00+05:30,2026-07-23 14:20:00+05:30,1047.82365,2.8236500000000437,1.0,0.25,True,2026-07-23 14:30:00+05:30,1055.7,2026-07-23 14:35:00+05:30,True,2026-07-23 14:40:00+05:30,1054.9940875,1044.8,True,2026-07-23 14:50:00+05:30,2026-07-23 14:55:00+05:30,1046.9232,1044.8,2.123199999999997,1051.1696,2026-07-23 14:55:00+05:30,1044.2776000000001,STOP_LOSS,False,0.7426525998493079,1.1883948756593181,-4.736800799999831
30,2026-07-23,BUY,2026-07-23 14:15:00+05:30,2026-07-23 14:20:00+05:30,1047.82365,2.8236500000000437,1.0,0.5,True,2026-07-23 14:30:00+05:30,1055.7,2026-07-23 14:35:00+05:30,True,2026-07-23 14:40:00+05:30,1054.288175,1044.8,True,2026-07-23 14:50:00+05:30,2026-07-23 14:55:00+05:30,1046.9232,1044.8,2.123199999999997,1051.1696,2026-07-23 14:55:00+05:30,1044.2776000000001,STOP_LOSS,False,0.7426525998493079,1.1883948756593181,-4.736800799999831
30,2026-07-23,BUY,2026-07-23 14:15:00+05:30,2026-07-23 14:20:00+05:30,1047.82365,2.8236500000000437,1.0,0.75,True,2026-07-23 14:30:00+05:30,1055.7,2026-07-23 14:35:00+05:30,True,2026-07-23 14:40:00+05:30,1053.5822625,1044.8,True,2026-07-23 14:50:00+05:30,2026-07-23 14:55:00+05:30,1046.9232,1044.8,2.123199999999997,1051.1696,2026-07-23 14:55:00+05:30,1044.2776000000001,STOP_LOSS,False,0.7426525998493079,1.1883948756593181,-4.736800799999831
31,2026-07-23,BUY,2026-07-23 15:05:00+05:30,2026-07-23 15:10:00+05:30,1047.6235499999998,3.5235499999998865,0.5,0.25,True,2026-07-23 15:20:00+05:30,1058.5,2026-07-23 15:25:00+05:30,False,,,,False,,,,,,,,,NO_ENTRY,False,,,
31,2026-07-23,BUY,2026-07-23 15:05:00+05:30,2026-07-23 15:10:00+05:30,1047.6235499999998,3.5235499999998865,0.5,0.5,True,2026-07-23 15:20:00+05:30,1058.5,2026-07-23 15:25:00+05:30,False,,,,False,,,,,,,,,NO_ENTRY,False,,,
31,2026-07-23,BUY,2026-07-23 15:05:00+05:30,2026-07-23 15:10:00+05:30,1047.6235499999998,3.5235499999998865,0.5,0.75,True,2026-07-23 15:20:00+05:30,1058.5,2026-07-23 15:25:00+05:30,False,,,,False,,,,,,,,,NO_ENTRY,False,,,
31,2026-07-23,BUY,2026-07-23 15:05:00+05:30,2026-07-23 15:10:00+05:30,1047.6235499999998,3.5235499999998865,0.75,0.25,True,2026-07-23 15:20:00+05:30,1058.5,2026-07-23 15:25:00+05:30,False,,,,False,,,,,,,,,NO_ENTRY,False,,,
31,2026-07-23,BUY,2026-07-23 15:05:00+05:30,2026-07-23 15:10:00+05:30,1047.6235499999998,3.5235499999998865,0.75,0.5,True,2026-07-23 15:20:00+05:30,1058.5,2026-07-23 15:25:00+05:30,False,,,,False,,,,,,,,,NO_ENTRY,False,,,
31,2026-07-23,BUY,2026-07-23 15:05:00+05:30,2026-07-23 15:10:00+05:30,1047.6235499999998,3.5235499999998865,0.75,0.75,True,2026-07-23 15:20:00+05:30,1058.5,2026-07-23 15:25:00+05:30,False,,,,False,,,,,,,,,NO_ENTRY,False,,,
31,2026-07-23,BUY,2026-07-23 15:05:00+05:30,2026-07-23 15:10:00+05:30,1047.6235499999998,3.5235499999998865,1.0,0.25,True,2026-07-23 15:20:00+05:30,1058.5,2026-07-23 15:25:00+05:30,False,,,,False,,,,,,,,,NO_ENTRY,False,,,
31,2026-07-23,BUY,2026-07-23 15:05:00+05:30,2026-07-23 15:10:00+05:30,1047.6235499999998,3.5235499999998865,1.0,0.5,True,2026-07-23 15:20:00+05:30,1058.5,2026-07-23 15:25:00+05:30,False,,,,False,,,,,,,,,NO_ENTRY,False,,,
31,2026-07-23,BUY,2026-07-23 15:05:00+05:30,2026-07-23 15:10:00+05:30,1047.6235499999998,3.5235499999998865,1.0,0.75,True,2026-07-23 15:20:00+05:30,1058.5,2026-07-23 15:25:00+05:30,False,,,,False,,,,,,,,,NO_ENTRY,False,,,
32,2026-07-23,BUY,2026-07-23 15:20:00+05:30,2026-07-23 15:25:00+05:30,1051.22535,5.025349999999889,0.5,0.25,True,2026-07-23 15:25:00+05:30,1058.5,2026-07-23 15:25:00+05:30,False,,,,False,,,,,,,,,NO_ENTRY,False,,,
32,2026-07-23,BUY,2026-07-23 15:20:00+05:30,2026-07-23 15:25:00+05:30,1051.22535,5.025349999999889,0.5,0.5,True,2026-07-23 15:25:00+05:30,1058.5,2026-07-23 15:25:00+05:30,False,,,,False,,,,,,,,,NO_ENTRY,False,,,
32,2026-07-23,BUY,2026-07-23 15:20:00+05:30,2026-07-23 15:25:00+05:30,1051.22535,5.025349999999889,0.5,0.75,True,2026-07-23 15:25:00+05:30,1058.5,2026-07-23 15:25:00+05:30,False,,,,False,,,,,,,,,NO_ENTRY,False,,,
32,2026-07-23,BUY,2026-07-23 15:20:00+05:30,2026-07-23 15:25:00+05:30,1051.22535,5.025349999999889,0.75,0.25,True,2026-07-23 15:25:00+05:30,1058.5,2026-07-23 15:25:00+05:30,False,,,,False,,,,,,,,,NO_ENTRY,False,,,
32,2026-07-23,BUY,2026-07-23 15:20:00+05:30,2026-07-23 15:25:00+05:30,1051.22535,5.025349999999889,0.75,0.5,True,2026-07-23 15:25:00+05:30,1058.5,2026-07-23 15:25:00+05:30,False,,,,False,,,,,,,,,NO_ENTRY,False,,,
32,2026-07-23,BUY,2026-07-23 15:20:00+05:30,2026-07-23 15:25:00+05:30,1051.22535,5.025349999999889,0.75,0.75,True,2026-07-23 15:25:00+05:30,1058.5,2026-07-23 15:25:00+05:30,False,,,,False,,,,,,,,,NO_ENTRY,False,,,
32,2026-07-23,BUY,2026-07-23 15:20:00+05:30,2026-07-23 15:25:00+05:30,1051.22535,5.025349999999889,1.0,0.25,True,2026-07-23 15:25:00+05:30,1058.5,2026-07-23 15:25:00+05:30,False,,,,False,,,,,,,,,NO_ENTRY,False,,,
32,2026-07-23,BUY,2026-07-23 15:20:00+05:30,2026-07-23 15:25:00+05:30,1051.22535,5.025349999999889,1.0,0.5,True,2026-07-23 15:25:00+05:30,1058.5,2026-07-23 15:25:00+05:30,False,,,,False,,,,,,,,,NO_ENTRY,False,,,
32,2026-07-23,BUY,2026-07-23 15:20:00+05:30,2026-07-23 15:25:00+05:30,1051.22535,5.025349999999889,1.0,0.75,True,2026-07-23 15:25:00+05:30,1058.5,2026-07-23 15:25:00+05:30,False,,,,False,,,,,,,,,NO_ENTRY,False,,,
33,2026-07-24,SELL,2026-07-24 10:25:00+05:30,2026-07-24 10:30:00+05:30,1021.98875,4.611249999999927,0.5,0.25,True,2026-07-24 10:30:00+05:30,1019.0,2026-07-24 10:30:00+05:30,True,2026-07-24 10:35:00+05:30,1020.1528125,1024.3,True,2026-07-24 10:50:00+05:30,2026-07-24 10:55:00+05:30,1020.4895,1024.3,3.8104999999999336,1012.8685000000002,2026-07-24 12:20:00+05:30,1024.81215,STOP_LOSS,False,1.729300616717008,1.419892402571884,-6.367951649999954
33,2026-07-24,SELL,2026-07-24 10:25:00+05:30,2026-07-24 10:30:00+05:30,1021.98875,4.611249999999927,0.5,0.5,True,2026-07-24 10:30:00+05:30,1019.0,2026-07-24 10:30:00+05:30,True,2026-07-24 10:35:00+05:30,1021.305625,1024.3,True,2026-07-24 10:50:00+05:30,2026-07-24 10:55:00+05:30,1020.4895,1024.3,3.8104999999999336,1012.8685000000002,2026-07-24 12:20:00+05:30,1024.81215,STOP_LOSS,False,1.729300616717008,1.419892402571884,-6.367951649999954
33,2026-07-24,SELL,2026-07-24 10:25:00+05:30,2026-07-24 10:30:00+05:30,1021.98875,4.611249999999927,0.5,0.75,True,2026-07-24 10:30:00+05:30,1019.0,2026-07-24 10:30:00+05:30,True,2026-07-24 10:35:00+05:30,1022.4584375,1024.3,True,2026-07-24 10:50:00+05:30,2026-07-24 10:55:00+05:30,1020.4895,1024.3,3.8104999999999336,1012.8685000000002,2026-07-24 12:20:00+05:30,1024.81215,STOP_LOSS,False,1.729300616717008,1.419892402571884,-6.367951649999954
33,2026-07-24,SELL,2026-07-24 10:25:00+05:30,2026-07-24 10:30:00+05:30,1021.98875,4.611249999999927,0.75,0.25,True,2026-07-24 11:05:00+05:30,1018.2,2026-07-24 11:05:00+05:30,True,2026-07-24 11:10:00+05:30,1019.3528125,1020.4,True,2026-07-24 11:15:00+05:30,2026-07-24 11:20:00+05:30,1017.99075,1020.4,2.409249999999929,1013.1722500000002,2026-07-24 11:40:00+05:30,1020.9101999999999,STOP_LOSS,False,1.697935042025606,2.203694095672953,-4.95835094999987
33,2026-07-24,SELL,2026-07-24 10:25:00+05:30,2026-07-24 10:30:00+05:30,1021.98875,4.611249999999927,0.75,0.5,True,2026-07-24 11:05:00+05:30,1013.9,2026-07-24 11:30:00+05:30,True,2026-07-24 11:15:00+05:30,1016.2056249999999,1021.0,True,2026-07-24 11:55:00+05:30,2026-07-24 12:00:00+05:30,1019.3900500000001,1021.0,1.6099499999999125,1016.1701500000003,2026-07-24 12:00:00+05:30,1021.5105,STOP_LOSS,False,0.9876393676823624,1.1863411907201906,-4.1613505499998915
33,2026-07-24,SELL,2026-07-24 10:25:00+05:30,2026-07-24 10:30:00+05:30,1021.98875,4.611249999999927,0.75,0.75,True,2026-07-24 11:05:00+05:30,1013.9,2026-07-24 11:30:00+05:30,True,2026-07-24 11:35:00+05:30,1017.3584374999999,1017.9,True,2026-07-24 11:55:00+05:30,2026-07-24 12:00:00+05:30,1019.3900500000001,1017.9,1.4900500000001102,1016.4099499999999,2026-07-24 12:00:00+05:30,1018.4089499999999,STOP_LOSS,False,1.067111841884511,1.2818026240728335,-1.0566989999998033
33,2026-07-24,SELL,2026-07-24 10:25:00+05:30,2026-07-24 10:30:00+05:30,1021.98875,4.611249999999927,1.0,0.25,True,2026-07-24 11:25:00+05:30,1013.9,2026-07-24 11:30:00+05:30,True,2026-07-24 11:35:00+05:30,1015.0528125,1017.9,True,2026-07-24 11:55:00+05:30,2026-07-24 12:00:00+05:30,1019.3900500000001,1017.9,1.4900500000001102,1016.4099499999999,2026-07-24 12:00:00+05:30,1018.4089499999999,STOP_LOSS,False,1.067111841884511,1.2818026240728335,-1.0566989999998033
33,2026-07-24,SELL,2026-07-24 10:25:00+05:30,2026-07-24 10:30:00+05:30,1021.98875,4.611249999999927,1.0,0.5,True,2026-07-24 11:25:00+05:30,1013.9,2026-07-24 11:30:00+05:30,True,2026-07-24 11:35:00+05:30,1016.2056249999999,1017.9,True,2026-07-24 11:55:00+05:30,2026-07-24 12:00:00+05:30,1019.3900500000001,1017.9,1.4900500000001102,1016.4099499999999,2026-07-24 12:00:00+05:30,1018.4089499999999,STOP_LOSS,False,1.067111841884511,1.2818026240728335,-1.0566989999998033
33,2026-07-24,SELL,2026-07-24 10:25:00+05:30,2026-07-24 10:30:00+05:30,1021.98875,4.611249999999927,1.0,0.75,True,2026-07-24 11:25:00+05:30,1013.9,2026-07-24 11:30:00+05:30,True,2026-07-24 11:35:00+05:30,1017.3584374999999,1017.9,True,2026-07-24 11:55:00+05:30,2026-07-24 12:00:00+05:30,1019.3900500000001,1017.9,1.4900500000001102,1016.4099499999999,2026-07-24 12:00:00+05:30,1018.4089499999999,STOP_LOSS,False,1.067111841884511,1.2818026240728335,-1.0566989999998033
34,2026-07-27,BUY,2026-07-27 09:30:00+05:30,2026-07-27 09:35:00+05:30,1075.03725,6.0372500000000855,0.5,0.25,True,2026-07-27 11:00:00+05:30,1080.0,2026-07-27 11:00:00+05:30,True,2026-07-27 11:05:00+05:30,1078.4906875,1075.7,True,2026-07-27 11:25:00+05:30,2026-07-27 11:30:00+05:30,1079.7395999999999,1075.7,4.039599999999837,1087.8187999999996,2026-07-27 15:25:00+05:30,1077.7608500000001,END_OF_DAY,False,0.5595603525102013,0.7029408852361387,-4.136250449999764
34,2026-07-27,BUY,2026-07-27 09:30:00+05:30,2026-07-27 09:35:00+05:30,1075.03725,6.0372500000000855,0.5,0.5,True,2026-07-27 11:00:00+05:30,1080.0,2026-07-27 11:00:00+05:30,True,2026-07-27 11:05:00+05:30,1076.9813749999998,1075.7,True,2026-07-27 11:25:00+05:30,2026-07-27 11:30:00+05:30,1079.7395999999999,1075.7,4.039599999999837,1087.8187999999996,2026-07-27 15:25:00+05:30,1077.7608500000001,END_OF_DAY,False,0.5595603525102013,0.7029408852361387,-4.136250449999764
34,2026-07-27,BUY,2026-07-27 09:30:00+05:30,2026-07-27 09:35:00+05:30,1075.03725,6.0372500000000855,0.5,0.75,True,2026-07-27 11:00:00+05:30,1080.0,2026-07-27 11:00:00+05:30,True,2026-07-27 11:15:00+05:30,1075.4720625,1075.4,True,2026-07-27 11:25:00+05:30,2026-07-27 11:30:00+05:30,1079.7395999999999,1075.4,4.339599999999791,1088.4187999999995,2026-07-27 15:25:00+05:30,1077.7608500000001,END_OF_DAY,False,0.5208775002304882,0.6543460226748843,-4.136250449999764
34,2026-07-27,BUY,2026-07-27 09:30:00+05:30,2026-07-27 09:35:00+05:30,1075.03725,6.0372500000000855,0.75,0.25,True,2026-07-27 11:00:00+05:30,1080.0,2026-07-27 11:00:00+05:30,True,2026-07-27 11:05:00+05:30,1078.4906875,1075.7,True,2026-07-27 11:25:00+05:30,2026-07-27 11:30:00+05:30,1079.7395999999999,1075.7,4.039599999999837,1087.8187999999996,2026-07-27 15:25:00+05:30,1077.7608500000001,END_OF_DAY,False,0.5595603525102013,0.7029408852361387,-4.136250449999764
34,2026-07-27,BUY,2026-07-27 09:30:00+05:30,2026-07-27 09:35:00+05:30,1075.03725,6.0372500000000855,0.75,0.5,True,2026-07-27 11:00:00+05:30,1080.0,2026-07-27 11:00:00+05:30,True,2026-07-27 11:05:00+05:30,1076.9813749999998,1075.7,True,2026-07-27 11:25:00+05:30,2026-07-27 11:30:00+05:30,1079.7395999999999,1075.7,4.039599999999837,1087.8187999999996,2026-07-27 15:25:00+05:30,1077.7608500000001,END_OF_DAY,False,0.5595603525102013,0.7029408852361387,-4.136250449999764
34,2026-07-27,BUY,2026-07-27 09:30:00+05:30,2026-07-27 09:35:00+05:30,1075.03725,6.0372500000000855,0.75,0.75,True,2026-07-27 11:00:00+05:30,1080.0,2026-07-27 11:00:00+05:30,True,2026-07-27 11:15:00+05:30,1075.4720625,1075.4,True,2026-07-27 11:25:00+05:30,2026-07-27 11:30:00+05:30,1079.7395999999999,1075.4,4.339599999999791,1088.4187999999995,2026-07-27 15:25:00+05:30,1077.7608500000001,END_OF_DAY,False,0.5208775002304882,0.6543460226748843,-4.136250449999764
34,2026-07-27,BUY,2026-07-27 09:30:00+05:30,2026-07-27 09:35:00+05:30,1075.03725,6.0372500000000855,1.0,0.25,True,2026-07-27 13:05:00+05:30,1082.0,2026-07-27 13:05:00+05:30,True,2026-07-27 13:10:00+05:30,1080.4906875,1080.0,True,2026-07-27 13:35:00+05:30,2026-07-27 13:40:00+05:30,1080.03975,1080.0,0.03974999999991269,1080.1192499999997,2026-07-27 13:40:00+05:30,1079.46,STOP_LOSS,False,0.0,26.157232704457773,-2.7392497499998765
34,2026-07-27,BUY,2026-07-27 09:30:00+05:30,2026-07-27 09:35:00+05:30,1075.03725,6.0372500000000855,1.0,0.5,True,2026-07-27 13:05:00+05:30,1082.0,2026-07-27 13:05:00+05:30,True,2026-07-27 13:25:00+05:30,1078.9813749999998,1078.3,True,2026-07-27 13:35:00+05:30,2026-07-27 13:40:00+05:30,1080.03975,1078.3,1.7397499999999582,1083.5192499999998,2026-07-27 13:45:00+05:30,1077.7608500000001,STOP_LOSS,False,0.0,1.0,-4.436700599999794
34,2026-07-27,BUY,2026-07-27 09:30:00+05:30,2026-07-27 09:35:00+05:30,1075.03725,6.0372500000000855,1.0,0.75,True,2026-07-27 13:05:00+05:30,1082.0,2026-07-27 13:05:00+05:30,True,2026-07-27 13:30:00+05:30,1077.4720625,1076.9,True,2026-07-27 13:35:00+05:30,2026-07-27 13:40:00+05:30,1080.03975,1076.9,3.1397499999998217,1086.3192499999996,2026-07-27 15:25:00+05:30,1077.7608500000001,END_OF_DAY,False,0.3058364519468562,0.9044509913209741,-4.436700599999794
35,2026-07-28,BUY,2026-07-28 09:30:00+05:30,2026-07-28 09:35:00+05:30,1110.6550499999998,4.955049999999801,0.5,0.25,True,2026-07-28 09:40:00+05:30,1115.8,2026-07-28 09:40:00+05:30,True,2026-07-28 09:45:00+05:30,1114.5612375,1107.0,True,2026-07-28 10:45:00+05:30,2026-07-28 10:50:00+05:30,1109.85465,1107.0,2.8546499999999924,1115.56395,2026-07-28 10:55:00+05:30,1106.4465,STOP_LOSS,False,0.015886360849876064,1.140122256668976,-5.624451149999978
35,2026-07-28,BUY,2026-07-28 09:30:00+05:30,2026-07-28 09:35:00+05:30,1110.6550499999998,4.955049999999801,0.5,0.5,True,2026-07-28 09:40:00+05:30,1115.8,2026-07-28 09:40:00+05:30,True,2026-07-28 09:45:00+05:30,1113.322475,1107.0,True,2026-07-28 10:45:00+05:30,2026-07-28 10:50:00+05:30,1109.85465,1107.0,2.8546499999999924,1115.56395,2026-07-28 10:55:00+05:30,1106.4465,STOP_LOSS,False,0.015886360849876064,1.140122256668976,-5.624451149999978
35,2026-07-28,BUY,2026-07-28 09:30:00+05:30,2026-07-28 09:35:00+05:30,1110.6550499999998,4.955049999999801,0.5,0.75,True,2026-07-28 09:40:00+05:30,1115.8,2026-07-28 09:40:00+05:30,True,2026-07-28 09:45:00+05:30,1112.0837125,1107.0,True,2026-07-28 10:45:00+05:30,2026-07-28 10:50:00+05:30,1109.85465,1107.0,2.8546499999999924,1115.56395,2026-07-28 10:55:00+05:30,1106.4465,STOP_LOSS,False,0.015886360849876064,1.140122256668976,-5.624451149999978
35,2026-07-28,BUY,2026-07-28 09:30:00+05:30,2026-07-28 09:35:00+05:30,1110.6550499999998,4.955049999999801,0.75,0.25,True,2026-07-28 09:40:00+05:30,1115.8,2026-07-28 09:40:00+05:30,True,2026-07-28 09:45:00+05:30,1114.5612375,1107.0,True,2026-07-28 10:45:00+05:30,2026-07-28 10:50:00+05:30,1109.85465,1107.0,2.8546499999999924,1115.56395,2026-07-28 10:55:00+05:30,1106.4465,STOP_LOSS,False,0.015886360849876064,1.140122256668976,-5.624451149999978
35,2026-07-28,BUY,2026-07-28 09:30:00+05:30,2026-07-28 09:35:00+05:30,1110.6550499999998,4.955049999999801,0.75,0.5,True,2026-07-28 09:40:00+05:30,1115.8,2026-07-28 09:40:00+05:30,True,2026-07-28 09:45:00+05:30,1113.322475,1107.0,True,2026-07-28 10:45:00+05:30,2026-07-28 10:50:00+05:30,1109.85465,1107.0,2.8546499999999924,1115.56395,2026-07-28 10:55:00+05:30,1106.4465,STOP_LOSS,False,0.015886360849876064,1.140122256668976,-5.624451149999978
35,2026-07-28,BUY,2026-07-28 09:30:00+05:30,2026-07-28 09:35:00+05:30,1110.6550499999998,4.955049999999801,0.75,0.75,True,2026-07-28 09:40:00+05:30,1115.8,2026-07-28 09:40:00+05:30,True,2026-07-28 09:45:00+05:30,1112.0837125,1107.0,True,2026-07-28 10:45:00+05:30,2026-07-28 10:50:00+05:30,1109.85465,1107.0,2.8546499999999924,1115.56395,2026-07-28 10:55:00+05:30,1106.4465,STOP_LOSS,False,0.015886360849876064,1.140122256668976,-5.624451149999978
35,2026-07-28,BUY,2026-07-28 09:30:00+05:30,2026-07-28 09:35:00+05:30,1110.6550499999998,4.955049999999801,1.0,0.25,True,2026-07-28 09:40:00+05:30,1115.8,2026-07-28 09:40:00+05:30,True,2026-07-28 09:45:00+05:30,1114.5612375,1107.0,True,2026-07-28 10:45:00+05:30,2026-07-28 10:50:00+05:30,1109.85465,1107.0,2.8546499999999924,1115.56395,2026-07-28 10:55:00+05:30,1106.4465,STOP_LOSS,False,0.015886360849876064,1.140122256668976,-5.624451149999978
35,2026-07-28,BUY,2026-07-28 09:30:00+05:30,2026-07-28 09:35:00+05:30,1110.6550499999998,4.955049999999801,1.0,0.5,True,2026-07-28 09:40:00+05:30,1115.8,2026-07-28 09:40:00+05:30,True,2026-07-28 09:45:00+05:30,1113.322475,1107.0,True,2026-07-28 10:45:00+05:30,2026-07-28 10:50:00+05:30,1109.85465,1107.0,2.8546499999999924,1115.56395,2026-07-28 10:55:00+05:30,1106.4465,STOP_LOSS,False,0.015886360849876064,1.140122256668976,-5.624451149999978
35,2026-07-28,BUY,2026-07-28 09:30:00+05:30,2026-07-28 09:35:00+05:30,1110.6550499999998,4.955049999999801,1.0,0.75,True,2026-07-28 09:40:00+05:30,1115.8,2026-07-28 09:40:00+05:30,True,2026-07-28 09:45:00+05:30,1112.0837125,1107.0,True,2026-07-28 10:45:00+05:30,2026-07-28 10:50:00+05:30,1109.85465,1107.0,2.8546499999999924,1115.56395,2026-07-28 10:55:00+05:30,1106.4465,STOP_LOSS,False,0.015886360849876064,1.140122256668976,-5.624451149999978
36,2026-07-28,BUY,2026-07-28 11:45:00+05:30,2026-07-28 11:50:00+05:30,1111.85565,4.855649999999969,0.5,0.25,True,2026-07-28 12:00:00+05:30,1118.5,2026-07-28 12:10:00+05:30,True,2026-07-28 12:15:00+05:30,1117.2860875000001,1114.0,True,2026-07-28 13:50:00+05:30,2026-07-28 13:55:00+05:30,1109.25435,1114.0,4.745650000000069,1118.74565,2026-07-28 13:55:00+05:30,1113.443,STOP_LOSS,False,0.0,0.2853876708142869,1.9659526500000526
36,2026-07-28,BUY,2026-07-28 11:45:00+05:30,2026-07-28 11:50:00+05:30,1111.85565,4.855649999999969,0.5,0.5,True,2026-07-28 12:00:00+05:30,1118.5,2026-07-28 12:10:00+05:30,True,2026-07-28 12:15:00+05:30,1116.072175,1114.0,True,2026-07-28 13:50:00+05:30,2026-07-28 13:55:00+05:30,1109.25435,1114.0,4.745650000000069,1118.74565,2026-07-28 13:55:00+05:30,1113.443,STOP_LOSS,False,0.0,0.2853876708142869,1.9659526500000526
36,2026-07-28,BUY,2026-07-28 11:45:00+05:30,2026-07-28 11:50:00+05:30,1111.85565,4.855649999999969,0.5,0.75,True,2026-07-28 12:00:00+05:30,1118.5,2026-07-28 12:10:00+05:30,True,2026-07-28 12:15:00+05:30,1114.8582625,1114.0,True,2026-07-28 13:50:00+05:30,2026-07-28 13:55:00+05:30,1109.25435,1114.0,4.745650000000069,1118.74565,2026-07-28 13:55:00+05:30,1113.443,STOP_LOSS,False,0.0,0.2853876708142869,1.9659526500000526
36,2026-07-28,BUY,2026-07-28 11:45:00+05:30,2026-07-28 11:50:00+05:30,1111.85565,4.855649999999969,0.75,0.25,True,2026-07-28 12:10:00+05:30,1118.5,2026-07-28 12:10:00+05:30,True,2026-07-28 12:15:00+05:30,1117.2860875000001,1114.0,True,2026-07-28 13:50:00+05:30,2026-07-28 13:55:00+05:30,1109.25435,1114.0,4.745650000000069,1118.74565,2026-07-28 13:55:00+05:30,1113.443,STOP_LOSS,False,0.0,0.2853876708142869,1.9659526500000526
36,2026-07-28,BUY,2026-07-28 11:45:00+05:30,2026-07-28 11:50:00+05:30,1111.85565,4.855649999999969,0.75,0.5,True,2026-07-28 12:10:00+05:30,1118.5,2026-07-28 12:10:00+05:30,True,2026-07-28 12:15:00+05:30,1116.072175,1114.0,True,2026-07-28 13:50:00+05:30,2026-07-28 13:55:00+05:30,1109.25435,1114.0,4.745650000000069,1118.74565,2026-07-28 13:55:00+05:30,1113.443,STOP_LOSS,False,0.0,0.2853876708142869,1.9659526500000526
36,2026-07-28,BUY,2026-07-28 11:45:00+05:30,2026-07-28 11:50:00+05:30,1111.85565,4.855649999999969,0.75,0.75,True,2026-07-28 12:10:00+05:30,1118.5,2026-07-28 12:10:00+05:30,True,2026-07-28 12:15:00+05:30,1114.8582625,1114.0,True,2026-07-28 13:50:00+05:30,2026-07-28 13:55:00+05:30,1109.25435,1114.0,4.745650000000069,1118.74565,2026-07-28 13:55:00+05:30,1113.443,STOP_LOSS,False,0.0,0.2853876708142869,1.9659526500000526
36,2026-07-28,BUY,2026-07-28 11:45:00+05:30,2026-07-28 11:50:00+05:30,1111.85565,4.855649999999969,1.0,0.25,True,2026-07-28 12:10:00+05:30,1118.5,2026-07-28 12:10:00+05:30,True,2026-07-28 12:15:00+05:30,1117.2860875000001,1114.0,True,2026-07-28 13:50:00+05:30,2026-07-28 13:55:00+05:30,1109.25435,1114.0,4.745650000000069,1118.74565,2026-07-28 13:55:00+05:30,1113.443,STOP_LOSS,False,0.0,0.2853876708142869,1.9659526500000526
36,2026-07-28,BUY,2026-07-28 11:45:00+05:30,2026-07-28 11:50:00+05:30,1111.85565,4.855649999999969,1.0,0.5,True,2026-07-28 12:10:00+05:30,1118.5,2026-07-28 12:10:00+05:30,True,2026-07-28 12:15:00+05:30,1116.072175,1114.0,True,2026-07-28 13:50:00+05:30,2026-07-28 13:55:00+05:30,1109.25435,1114.0,4.745650000000069,1118.74565,2026-07-28 13:55:00+05:30,1113.443,STOP_LOSS,False,0.0,0.2853876708142869,1.9659526500000526
36,2026-07-28,BUY,2026-07-28 11:45:00+05:30,2026-07-28 11:50:00+05:30,1111.85565,4.855649999999969,1.0,0.75,True,2026-07-28 12:10:00+05:30,1118.5,2026-07-28 12:10:00+05:30,True,2026-07-28 12:15:00+05:30,1114.8582625,1114.0,True,2026-07-28 13:50:00+05:30,2026-07-28 13:55:00+05:30,1109.25435,1114.0,4.745650000000069,1118.74565,2026-07-28 13:55:00+05:30,1113.443,STOP_LOSS,False,0.0,0.2853876708142869,1.9659526500000526
37,2026-07-29,BUY,2026-07-29 10:20:00+05:30,2026-07-29 10:25:00+05:30,1154.9772,6.977200000000039,0.5,0.25,True,2026-07-29 10:55:00+05:30,1164.5,2026-07-29 11:20:00+05:30,True,2026-07-29 11:05:00+05:30,1162.7557,1157.7,True,2026-07-29 12:00:00+05:30,2026-07-29 12:05:00+05:30,1155.87765,1157.7,1.8223500000001422,1159.5223500000002,2026-07-29 12:05:00+05:30,1157.1211500000002,STOP_LOSS,False,0.01226438390001151,0.9205970313055817,-1.069498799999733
37,2026-07-29,BUY,2026-07-29 10:20:00+05:30,2026-07-29 10:25:00+05:30,1154.9772,6.977200000000039,0.5,0.5,True,2026-07-29 10:55:00+05:30,1164.5,2026-07-29 11:20:00+05:30,True,2026-07-29 11:05:00+05:30,1161.0113999999999,1157.7,True,2026-07-29 12:00:00+05:30,2026-07-29 12:05:00+05:30,1155.87765,1157.7,1.8223500000001422,1159.5223500000002,2026-07-29 12:05:00+05:30,1157.1211500000002,STOP_LOSS,False,0.01226438390001151,0.9205970313055817,-1.069498799999733
37,2026-07-29,BUY,2026-07-29 10:20:00+05:30,2026-07-29 10:25:00+05:30,1154.9772,6.977200000000039,0.5,0.75,True,2026-07-29 10:55:00+05:30,1164.5,2026-07-29 11:20:00+05:30,True,2026-07-29 11:30:00+05:30,1159.2671,1158.1,True,2026-07-29 12:00:00+05:30,2026-07-29 12:05:00+05:30,1155.87765,1158.1,2.222350000000006,1160.32235,2026-07-29 12:05:00+05:30,1157.52095,STOP_LOSS,False,0.01005692172708514,0.7548990933020692,-0.670098599999819
37,2026-07-29,BUY,2026-07-29 10:20:00+05:30,2026-07-29 10:25:00+05:30,1154.9772,6.977200000000039,0.75,0.25,True,2026-07-29 11:00:00+05:30,1164.5,2026-07-29 11:20:00+05:30,True,2026-07-29 11:05:00+05:30,1162.7557,1157.7,True,2026-07-29 12:00:00+05:30,2026-07-29 12:05:00+05:30,1155.87765,1157.7,1.8223500000001422,1159.5223500000002,2026-07-29 12:05:00+05:30,1157.1211500000002,STOP_LOSS,False,0.01226438390001151,0.9205970313055817,-1.069498799999733
37,2026-07-29,BUY,2026-07-29 10:20:00+05:30,2026-07-29 10:25:00+05:30,1154.9772,6.977200000000039,0.75,0.5,True,2026-07-29 11:00:00+05:30,1164.5,2026-07-29 11:20:00+05:30,True,2026-07-29 11:05:00+05:30,1161.0113999999999,1157.7,True,2026-07-29 12:00:00+05:30,2026-07-29 12:05:00+05:30,1155.87765,1157.7,1.8223500000001422,1159.5223500000002,2026-07-29 12:05:00+05:30,1157.1211500000002,STOP_LOSS,False,0.01226438390001151,0.9205970313055817,-1.069498799999733
37,2026-07-29,BUY,2026-07-29 10:20:00+05:30,2026-07-29 10:25:00+05:30,1154.9772,6.977200000000039,0.75,0.75,True,2026-07-29 11:00:00+05:30,1164.5,2026-07-29 11:20:00+05:30,True,2026-07-29 11:30:00+05:30,1159.2671,1158.1,True,2026-07-29 12:00:00+05:30,2026-07-29 12:05:00+05:30,1155.87765,1158.1,2.222350000000006,1160.32235,2026-07-29 12:05:00+05:30,1157.52095,STOP_LOSS,False,0.01005692172708514,0.7548990933020692,-0.670098599999819
37,2026-07-29,BUY,2026-07-29 10:20:00+05:30,2026-07-29 10:25:00+05:30,1154.9772,6.977200000000039,1.0,0.25,True,2026-07-29 11:15:00+05:30,1164.5,2026-07-29 11:20:00+05:30,True,2026-07-29 11:25:00+05:30,1162.7557,1161.3,True,2026-07-29 12:00:00+05:30,2026-07-29 12:05:00+05:30,1155.87765,1161.3,5.422350000000051,1166.72235,2026-07-29 12:05:00+05:30,1160.71935,STOP_LOSS,False,0.00412182909627514,0.3093953728549138,2.5251030000001737
37,2026-07-29,BUY,2026-07-29 10:20:00+05:30,2026-07-29 10:25:00+05:30,1154.9772,6.977200000000039,1.0,0.5,True,2026-07-29 11:15:00+05:30,1164.5,2026-07-29 11:20:00+05:30,True,2026-07-29 11:30:00+05:30,1161.0113999999999,1158.1,True,2026-07-29 12:00:00+05:30,2026-07-29 12:05:00+05:30,1155.87765,1158.1,2.222350000000006,1160.32235,2026-07-29 12:05:00+05:30,1157.52095,STOP_LOSS,False,0.01005692172708514,0.7548990933020692,-0.670098599999819
37,2026-07-29,BUY,2026-07-29 10:20:00+05:30,2026-07-29 10:25:00+05:30,1154.9772,6.977200000000039,1.0,0.75,True,2026-07-29 11:15:00+05:30,1164.5,2026-07-29 11:20:00+05:30,True,2026-07-29 11:30:00+05:30,1159.2671,1158.1,True,2026-07-29 12:00:00+05:30,2026-07-29 12:05:00+05:30,1155.87765,1158.1,2.222350000000006,1160.32235,2026-07-29 12:05:00+05:30,1157.52095,STOP_LOSS,False,0.01005692172708514,0.7548990933020692,-0.670098599999819
38,2026-07-29,BUY,2026-07-29 13:15:00+05:30,2026-07-29 13:20:00+05:30,1153.7766,2.876600000000053,0.5,0.25,True,2026-07-29 13:25:00+05:30,1158.7,2026-07-29 14:20:00+05:30,True,2026-07-29 13:35:00+05:30,1157.98085,1155.0,True,2026-07-29 14:50:00+05:30,2026-07-29 14:55:00+05:30,1154.9772,1155.0,0.022799999999961074,1155.0228,2026-07-29 14:55:00+05:30,1154.4225000000001,AMBIGUOUS_STOP_FIRST,True,36.087719298303526,29.701754386019324,-2.8640996999999118
38,2026-07-29,BUY,2026-07-29 13:15:00+05:30,2026-07-29 13:20:00+05:30,1153.7766,2.876600000000053,0.5,0.5,True,2026-07-29 13:25:00+05:30,1158.7,2026-07-29 14:20:00+05:30,True,2026-07-29 13:35:00+05:30,1157.2617,1155.0,True,2026-07-29 14:50:00+05:30,2026-07-29 14:55:00+05:30,1154.9772,1155.0,0.022799999999961074,1155.0228,2026-07-29 14:55:00+05:30,1154.4225000000001,AMBIGUOUS_STOP_FIRST,True,36.087719298303526,29.701754386019324,-2.8640996999999118
38,2026-07-29,BUY,2026-07-29 13:15:00+05:30,2026-07-29 13:20:00+05:30,1153.7766,2.876600000000053,0.5,0.75,True,2026-07-29 13:25:00+05:30,1158.7,2026-07-29 14:20:00+05:30,True,2026-07-29 13:50:00+05:30,1156.5425500000001,1153.8,True,2026-07-29 14:50:00+05:30,2026-07-29 14:55:00+05:30,1154.9772,1153.8,1.1772000000000844,1157.3316000000002,2026-07-29 15:00:00+05:30,1153.2231,STOP_LOSS,False,0.6989466530749716,1.0,-4.062300300000108
38,2026-07-29,BUY,2026-07-29 13:15:00+05:30,2026-07-29 13:20:00+05:30,1153.7766,2.876600000000053,0.75,0.25,True,2026-07-29 13:25:00+05:30,1158.7,2026-07-29 14:20:00+05:30,True,2026-07-29 13:35:00+05:30,1157.98085,1155.0,True,2026-07-29 14:50:00+05:30,2026-07-29 14:55:00+05:30,1154.9772,1155.0,0.022799999999961074,1155.0228,2026-07-29 14:55:00+05:30,1154.4225000000001,AMBIGUOUS_STOP_FIRST,True,36.087719298303526,29.701754386019324,-2.8640996999999118
38,2026-07-29,BUY,2026-07-29 13:15:00+05:30,2026-07-29 13:20:00+05:30,1153.7766,2.876600000000053,0.75,0.5,True,2026-07-29 13:25:00+05:30,1158.7,2026-07-29 14:20:00+05:30,True,2026-07-29 13:35:00+05:30,1157.2617,1155.0,True,2026-07-29 14:50:00+05:30,2026-07-29 14:55:00+05:30,1154.9772,1155.0,0.022799999999961074,1155.0228,2026-07-29 14:55:00+05:30,1154.4225000000001,AMBIGUOUS_STOP_FIRST,True,36.087719298303526,29.701754386019324,-2.8640996999999118
38,2026-07-29,BUY,2026-07-29 13:15:00+05:30,2026-07-29 13:20:00+05:30,1153.7766,2.876600000000053,0.75,0.75,True,2026-07-29 13:25:00+05:30,1158.7,2026-07-29 14:20:00+05:30,True,2026-07-29 13:50:00+05:30,1156.5425500000001,1153.8,True,2026-07-29 14:50:00+05:30,2026-07-29 14:55:00+05:30,1154.9772,1153.8,1.1772000000000844,1157.3316000000002,2026-07-29 15:00:00+05:30,1153.2231,STOP_LOSS,False,0.6989466530749716,1.0,-4.062300300000108
38,2026-07-29,BUY,2026-07-29 13:15:00+05:30,2026-07-29 13:20:00+05:30,1153.7766,2.876600000000053,1.0,0.25,True,2026-07-29 13:40:00+05:30,1158.7,2026-07-29 14:20:00+05:30,True,2026-07-29 13:50:00+05:30,1157.98085,1153.8,True,2026-07-29 14:50:00+05:30,2026-07-29 14:55:00+05:30,1154.9772,1153.8,1.1772000000000844,1157.3316000000002,2026-07-29 15:00:00+05:30,1153.2231,STOP_LOSS,False,0.6989466530749716,1.0,-4.062300300000108
38,2026-07-29,BUY,2026-07-29 13:15:00+05:30,2026-07-29 13:20:00+05:30,1153.7766,2.876600000000053,1.0,0.5,True,2026-07-29 13:40:00+05:30,1158.7,2026-07-29 14:20:00+05:30,True,2026-07-29 13:50:00+05:30,1157.2617,1153.8,True,2026-07-29 14:50:00+05:30,2026-07-29 14:55:00+05:30,1154.9772,1153.8,1.1772000000000844,1157.3316000000002,2026-07-29 15:00:00+05:30,1153.2231,STOP_LOSS,False,0.6989466530749716,1.0,-4.062300300000108
38,2026-07-29,BUY,2026-07-29 13:15:00+05:30,2026-07-29 13:20:00+05:30,1153.7766,2.876600000000053,1.0,0.75,True,2026-07-29 13:40:00+05:30,1158.7,2026-07-29 14:20:00+05:30,True,2026-07-29 13:50:00+05:30,1156.5425500000001,1153.8,True,2026-07-29 14:50:00+05:30,2026-07-29 14:55:00+05:30,1154.9772,1153.8,1.1772000000000844,1157.3316000000002,2026-07-29 15:00:00+05:30,1153.2231,STOP_LOSS,False,0.6989466530749716,1.0,-4.062300300000108
39,2026-07-30,SELL,2026-07-30 14:05:00+05:30,2026-07-30 14:10:00+05:30,1165.31705,3.982949999999846,0.5,0.25,True,2026-07-30 14:10:00+05:30,1151.3,2026-07-30 14:40:00+05:30,True,2026-07-30 14:45:00+05:30,1152.2957374999999,1154.0,True,2026-07-30 15:10:00+05:30,2026-07-30 15:15:00+05:30,1153.52295,1154.0,0.4770499999999629,1152.56885,2026-07-30 15:15:00+05:30,1154.577,STOP_LOSS,False,1.7250812283828858,5.19243265905074,-3.362149949999961
39,2026-07-30,SELL,2026-07-30 14:05:00+05:30,2026-07-30 14:10:00+05:30,1165.31705,3.982949999999846,0.5,0.5,True,2026-07-30 14:10:00+05:30,1151.3,2026-07-30 14:40:00+05:30,True,2026-07-30 14:45:00+05:30,1153.291475,1154.0,True,2026-07-30 15:10:00+05:30,2026-07-30 15:15:00+05:30,1153.52295,1154.0,0.4770499999999629,1152.56885,2026-07-30 15:15:00+05:30,1154.577,STOP_LOSS,False,1.7250812283828858,5.19243265905074,-3.362149949999961
39,2026-07-30,SELL,2026-07-30 14:05:00+05:30,2026-07-30 14:10:00+05:30,1165.31705,3.982949999999846,0.5,0.75,True,2026-07-30 14:10:00+05:30,1151.3,2026-07-30 14:40:00+05:30,True,2026-07-30 14:55:00+05:30,1154.2872125,1155.0,True,2026-07-30 15:10:00+05:30,2026-07-30 15:15:00+05:30,1153.52295,1155.0,1.477049999999963,1150.56885,2026-07-30 15:15:00+05:30,1155.5774999999999,STOP_LOSS,False,0.5571578484140769,1.6770251514843946,-4.363650449999835
39,2026-07-30,SELL,2026-07-30 14:05:00+05:30,2026-07-30 14:10:00+05:30,1165.31705,3.982949999999846,0.75,0.25,True,2026-07-30 14:15:00+05:30,1151.3,2026-07-30 14:40:00+05:30,True,2026-07-30 14:45:00+05:30,1152.2957374999999,1154.0,True,2026-07-30 15:10:00+05:30,2026-07-30 15:15:00+05:30,1153.52295,1154.0,0.4770499999999629,1152.56885,2026-07-30 15:15:00+05:30,1154.577,STOP_LOSS,False,1.7250812283828858,5.19243265905074,-3.362149949999961
39,2026-07-30,SELL,2026-07-30 14:05:00+05:30,2026-07-30 14:10:00+05:30,1165.31705,3.982949999999846,0.75,0.5,True,2026-07-30 14:15:00+05:30,1151.3,2026-07-30 14:40:00+05:30,True,2026-07-30 14:45:00+05:30,1153.291475,1154.0,True,2026-07-30 15:10:00+05:30,2026-07-30 15:15:00+05:30,1153.52295,1154.0,0.4770499999999629,1152.56885,2026-07-30 15:15:00+05:30,1154.577,STOP_LOSS,False,1.7250812283828858,5.19243265905074,-3.362149949999961
39,2026-07-30,SELL,2026-07-30 14:05:00+05:30,2026-07-30 14:10:00+05:30,1165.31705,3.982949999999846,0.75,0.75,True,2026-07-30 14:15:00+05:30,1151.3,2026-07-30 14:40:00+05:30,True,2026-07-30 14:55:00+05:30,1154.2872125,1155.0,True,2026-07-30 15:10:00+05:30,2026-07-30 15:15:00+05:30,1153.52295,1155.0,1.477049999999963,1150.56885,2026-07-30 15:15:00+05:30,1155.5774999999999,STOP_LOSS,False,0.5571578484140769,1.6770251514843946,-4.363650449999835
39,2026-07-30,SELL,2026-07-30 14:05:00+05:30,2026-07-30 14:10:00+05:30,1165.31705,3.982949999999846,1.0,0.25,True,2026-07-30 14:15:00+05:30,1151.3,2026-07-30 14:40:00+05:30,True,2026-07-30 14:45:00+05:30,1152.2957374999999,1154.0,True,2026-07-30 15:10:00+05:30,2026-07-30 15:15:00+05:30,1153.52295,1154.0,0.4770499999999629,1152.56885,2026-07-30 15:15:00+05:30,1154.577,STOP_LOSS,False,1.7250812283828858,5.19243265905074,-3.362149949999961
39,2026-07-30,SELL,2026-07-30 14:05:00+05:30,2026-07-30 14:10:00+05:30,1165.31705,3.982949999999846,1.0,0.5,True,2026-07-30 14:15:00+05:30,1151.3,2026-07-30 14:40:00+05:30,True,2026-07-30 14:45:00+05:30,1153.291475,1154.0,True,2026-07-30 15:10:00+05:30,2026-07-30 15:15:00+05:30,1153.52295,1154.0,0.4770499999999629,1152.56885,2026-07-30 15:15:00+05:30,1154.577,STOP_LOSS,False,1.7250812283828858,5.19243265905074,-3.362149949999961
39,2026-07-30,SELL,2026-07-30 14:05:00+05:30,2026-07-30 14:10:00+05:30,1165.31705,3.982949999999846,1.0,0.75,True,2026-07-30 14:15:00+05:30,1151.3,2026-07-30 14:40:00+05:30,True,2026-07-30 14:55:00+05:30,1154.2872125,1155.0,True,2026-07-30 15:10:00+05:30,2026-07-30 15:15:00+05:30,1153.52295,1155.0,1.477049999999963,1150.56885,2026-07-30 15:15:00+05:30,1155.5774999999999,STOP_LOSS,False,0.5571578484140769,1.6770251514843946,-4.363650449999835
40,2026-07-31,BUY,2026-07-31 09:40:00+05:30,2026-07-31 09:45:00+05:30,1122.3609,6.260899999999992,0.5,0.25,True,2026-07-31 09:45:00+05:30,1126.8,2026-07-31 10:10:00+05:30,True,2026-07-31 09:50:00+05:30,1125.234775,1121.4,True,2026-07-31 10:20:00+05:30,2026-07-31 10:25:00+05:30,1126.26285,1121.4,4.86284999999998,1135.98855,2026-07-31 11:10:00+05:30,1135.420555725,TARGET,False,2.0846108763379623,0.7737952024019015,6.896022319274914
40,2026-07-31,BUY,2026-07-31 09:40:00+05:30,2026-07-31 09:45:00+05:30,1122.3609,6.260899999999992,0.5,0.5,True,2026-07-31 09:45:00+05:30,1126.8,2026-07-31 10:10:00+05:30,True,2026-07-31 09:50:00+05:30,1123.66955,1121.4,True,2026-07-31 10:20:00+05:30,2026-07-31 10:25:00+05:30,1126.26285,1121.4,4.86284999999998,1135.98855,2026-07-31 11:10:00+05:30,1135.420555725,TARGET,False,2.0846108763379623,0.7737952024019015,6.896022319274914
40,2026-07-31,BUY,2026-07-31 09:40:00+05:30,2026-07-31 09:45:00+05:30,1122.3609,6.260899999999992,0.5,0.75,True,2026-07-31 09:45:00+05:30,1126.8,2026-07-31 10:10:00+05:30,True,2026-07-31 09:50:00+05:30,1122.104325,1121.4,True,2026-07-31 10:20:00+05:30,2026-07-31 10:25:00+05:30,1126.26285,1121.4,4.86284999999998,1135.98855,2026-07-31 11:10:00+05:30,1135.420555725,TARGET,False,2.0846108763379623,0.7737952024019015,6.896022319274914
40,2026-07-31,BUY,2026-07-31 09:40:00+05:30,2026-07-31 09:45:00+05:30,1122.3609,6.260899999999992,0.75,0.25,True,2026-07-31 10:35:00+05:30,1136.4,2026-07-31 11:10:00+05:30,True,2026-07-31 10:50:00+05:30,1134.834775,1128.8,True,2026-07-31 11:25:00+05:30,2026-07-31 11:30:00+05:30,1134.8671499999998,1128.8,6.067149999999856,1147.0014499999995,2026-07-31 14:40:00+05:30,1128.2356,STOP_LOSS,False,0.7306313507990159,1.4285372868645032,-8.894652749999834
40,2026-07-31,BUY,2026-07-31 09:40:00+05:30,2026-07-31 09:45:00+05:30,1122.3609,6.260899999999992,0.75,0.5,True,2026-07-31 10:35:00+05:30,1136.4,2026-07-31 11:10:00+05:30,True,2026-07-31 11:15:00+05:30,1133.26955,1131.2,True,2026-07-31 11:25:00+05:30,2026-07-31 11:30:00+05:30,1134.8671499999998,1131.2,3.667149999999765,1142.2014499999993,2026-07-31 13:35:00+05:30,1130.6344000000001,STOP_LOSS,False,1.2087997491240958,1.218153061641876,-6.498251549999669
40,2026-07-31,BUY,2026-07-31 09:40:00+05:30,2026-07-31 09:45:00+05:30,1122.3609,6.260899999999992,0.75,0.75,True,2026-07-31 10:35:00+05:30,1136.4,2026-07-31 11:10:00+05:30,True,2026-07-31 11:15:00+05:30,1131.7043250000002,1131.2,True,2026-07-31 11:25:00+05:30,2026-07-31 11:30:00+05:30,1134.8671499999998,1131.2,3.667149999999765,1142.2014499999993,2026-07-31 13:35:00+05:30,1130.6344000000001,STOP_LOSS,False,1.2087997491240958,1.218153061641876,-6.498251549999669
40,2026-07-31,BUY,2026-07-31 09:40:00+05:30,2026-07-31 09:45:00+05:30,1122.3609,6.260899999999992,1.0,0.25,True,2026-07-31 10:40:00+05:30,1136.4,2026-07-31 11:10:00+05:30,True,2026-07-31 10:50:00+05:30,1134.834775,1128.8,True,2026-07-31 11:25:00+05:30,2026-07-31 11:30:00+05:30,1134.8671499999998,1128.8,6.067149999999856,1147.0014499999995,2026-07-31 14:40:00+05:30,1128.2356,STOP_LOSS,False,0.7306313507990159,1.4285372868645032,-8.894652749999834
40,2026-07-31,BUY,2026-07-31 09:40:00+05:30,2026-07-31 09:45:00+05:30,1122.3609,6.260899999999992,1.0,0.5,True,2026-07-31 10:40:00+05:30,1136.4,2026-07-31 11:10:00+05:30,True,2026-07-31 11:15:00+05:30,1133.26955,1131.2,True,2026-07-31 11:25:00+05:30,2026-07-31 11:30:00+05:30,1134.8671499999998,1131.2,3.667149999999765,1142.2014499999993,2026-07-31 13:35:00+05:30,1130.6344000000001,STOP_LOSS,False,1.2087997491240958,1.218153061641876,-6.498251549999669
40,2026-07-31,BUY,2026-07-31 09:40:00+05:30,2026-07-31 09:45:00+05:30,1122.3609,6.260899999999992,1.0,0.75,True,2026-07-31 10:40:00+05:30,1136.4,2026-07-31 11:10:00+05:30,True,2026-07-31 11:15:00+05:30,1131.7043250000002,1131.2,True,2026-07-31 11:25:00+05:30,2026-07-31 11:30:00+05:30,1134.8671499999998,1131.2,3.667149999999765,1142.2014499999993,2026-07-31 13:35:00+05:30,1130.6344000000001,STOP_LOSS,False,1.2087997491240958,1.218153061641876,-6.498251549999669
41,2026-07-31,BUY,2026-07-31 14:45:00+05:30,2026-07-31 14:50:00+05:30,1129.7646,2.764599999999973,0.5,0.25,True,2026-07-31 15:05:00+05:30,1132.9,2026-07-31 15:10:00+05:30,True,2026-07-31 15:15:00+05:30,1132.20885,1129.2,False,,,,,,,,,NO_ENTRY,False,,,
41,2026-07-31,BUY,2026-07-31 14:45:00+05:30,2026-07-31 14:50:00+05:30,1129.7646,2.764599999999973,0.5,0.5,True,2026-07-31 15:05:00+05:30,1132.9,2026-07-31 15:10:00+05:30,True,2026-07-31 15:15:00+05:30,1131.5177,1129.2,False,,,,,,,,,NO_ENTRY,False,,,
41,2026-07-31,BUY,2026-07-31 14:45:00+05:30,2026-07-31 14:50:00+05:30,1129.7646,2.764599999999973,0.5,0.75,True,2026-07-31 15:05:00+05:30,1132.9,2026-07-31 15:10:00+05:30,True,2026-07-31 15:15:00+05:30,1130.8265500000002,1129.2,False,,,,,,,,,NO_ENTRY,False,,,
41,2026-07-31,BUY,2026-07-31 14:45:00+05:30,2026-07-31 14:50:00+05:30,1129.7646,2.764599999999973,0.75,0.25,True,2026-07-31 15:10:00+05:30,1132.9,2026-07-31 15:10:00+05:30,True,2026-07-31 15:15:00+05:30,1132.20885,1129.2,False,,,,,,,,,NO_ENTRY,False,,,
41,2026-07-31,BUY,2026-07-31 14:45:00+05:30,2026-07-31 14:50:00+05:30,1129.7646,2.764599999999973,0.75,0.5,True,2026-07-31 15:10:00+05:30,1132.9,2026-07-31 15:10:00+05:30,True,2026-07-31 15:15:00+05:30,1131.5177,1129.2,False,,,,,,,,,NO_ENTRY,False,,,
41,2026-07-31,BUY,2026-07-31 14:45:00+05:30,2026-07-31 14:50:00+05:30,1129.7646,2.764599999999973,0.75,0.75,True,2026-07-31 15:10:00+05:30,1132.9,2026-07-31 15:10:00+05:30,True,2026-07-31 15:15:00+05:30,1130.8265500000002,1129.2,False,,,,,,,,,NO_ENTRY,False,,,
41,2026-07-31,BUY,2026-07-31 14:45:00+05:30,2026-07-31 14:50:00+05:30,1129.7646,2.764599999999973,1.0,0.25,True,2026-07-31 15:10:00+05:30,1132.9,2026-07-31 15:10:00+05:30,True,2026-07-31 15:15:00+05:30,1132.20885,1129.2,False,,,,,,,,,NO_ENTRY,False,,,
41,2026-07-31,BUY,2026-07-31 14:45:00+05:30,2026-07-31 14:50:00+05:30,1129.7646,2.764599999999973,1.0,0.5,True,2026-07-31 15:10:00+05:30,1132.9,2026-07-31 15:10:00+05:30,True,2026-07-31 15:15:00+05:30,1131.5177,1129.2,False,,,,,,,,,NO_ENTRY,False,,,
41,2026-07-31,BUY,2026-07-31 14:45:00+05:30,2026-07-31 14:50:00+05:30,1129.7646,2.764599999999973,1.0,0.75,True,2026-07-31 15:10:00+05:30,1132.9,2026-07-31 15:10:00+05:30,True,2026-07-31 15:15:00+05:30,1130.8265500000002,1129.2,False,,,,,,,,,NO_ENTRY,False,,,
42,2026-07-31,BUY,2026-07-31 14:55:00+05:30,2026-07-31 15:00:00+05:30,1128.06375,1.7637500000000728,0.5,0.25,True,2026-07-31 15:00:00+05:30,1132.9,2026-07-31 15:10:00+05:30,True,2026-07-31 15:15:00+05:30,1132.4590625,1129.2,False,,,,,,,,,NO_ENTRY,False,,,
42,2026-07-31,BUY,2026-07-31 14:55:00+05:30,2026-07-31 15:00:00+05:30,1128.06375,1.7637500000000728,0.5,0.5,True,2026-07-31 15:00:00+05:30,1132.9,2026-07-31 15:10:00+05:30,True,2026-07-31 15:15:00+05:30,1132.018125,1129.2,False,,,,,,,,,NO_ENTRY,False,,,
42,2026-07-31,BUY,2026-07-31 14:55:00+05:30,2026-07-31 15:00:00+05:30,1128.06375,1.7637500000000728,0.5,0.75,True,2026-07-31 15:00:00+05:30,1132.9,2026-07-31 15:10:00+05:30,True,2026-07-31 15:15:00+05:30,1131.5771875,1129.2,False,,,,,,,,,NO_ENTRY,False,,,
42,2026-07-31,BUY,2026-07-31 14:55:00+05:30,2026-07-31 15:00:00+05:30,1128.06375,1.7637500000000728,0.75,0.25,True,2026-07-31 15:00:00+05:30,1132.9,2026-07-31 15:10:00+05:30,True,2026-07-31 15:15:00+05:30,1132.4590625,1129.2,False,,,,,,,,,NO_ENTRY,False,,,
42,2026-07-31,BUY,2026-07-31 14:55:00+05:30,2026-07-31 15:00:00+05:30,1128.06375,1.7637500000000728,0.75,0.5,True,2026-07-31 15:00:00+05:30,1132.9,2026-07-31 15:10:00+05:30,True,2026-07-31 15:15:00+05:30,1132.018125,1129.2,False,,,,,,,,,NO_ENTRY,False,,,
42,2026-07-31,BUY,2026-07-31 14:55:00+05:30,2026-07-31 15:00:00+05:30,1128.06375,1.7637500000000728,0.75,0.75,True,2026-07-31 15:00:00+05:30,1132.9,2026-07-31 15:10:00+05:30,True,2026-07-31 15:15:00+05:30,1131.5771875,1129.2,False,,,,,,,,,NO_ENTRY,False,,,
42,2026-07-31,BUY,2026-07-31 14:55:00+05:30,2026-07-31 15:00:00+05:30,1128.06375,1.7637500000000728,1.0,0.25,True,2026-07-31 15:05:00+05:30,1132.9,2026-07-31 15:10:00+05:30,True,2026-07-31 15:15:00+05:30,1132.4590625,1129.2,False,,,,,,,,,NO_ENTRY,False,,,
42,2026-07-31,BUY,2026-07-31 14:55:00+05:30,2026-07-31 15:00:00+05:30,1128.06375,1.7637500000000728,1.0,0.5,True,2026-07-31 15:05:00+05:30,1132.9,2026-07-31 15:10:00+05:30,True,2026-07-31 15:15:00+05:30,1132.018125,1129.2,False,,,,,,,,,NO_ENTRY,False,,,
42,2026-07-31,BUY,2026-07-31 14:55:00+05:30,2026-07-31 15:00:00+05:30,1128.06375,1.7637500000000728,1.0,0.75,True,2026-07-31 15:05:00+05:30,1132.9,2026-07-31 15:10:00+05:30,True,2026-07-31 15:15:00+05:30,1131.5771875,1129.2,False,,,,,,,,,NO_ENTRY,False,,,
43,2026-08-03,BUY,2026-08-03 10:10:00+05:30,2026-08-03 10:15:00+05:30,1158.67905,7.679049999999961,0.5,0.25,True,2026-08-03 12:05:00+05:30,1166.6,2026-08-03 12:35:00+05:30,True,2026-08-03 12:20:00+05:30,1164.6802375,1162.6,True,2026-08-03 13:15:00+05:30,2026-08-03 13:20:00+05:30,1165.9827,1162.6,3.3827000000001135,1172.7481000000002,2026-08-03 15:05:00+05:30,1172.1617259500003,TARGET,False,2.5770242705530286,0.32006976675433685,3.8408815240503227
43,2026-08-03,BUY,2026-08-03 10:10:00+05:30,2026-08-03 10:15:00+05:30,1158.67905,7.679049999999961,0.5,0.5,True,2026-08-03 12:05:00+05:30,1171.0,2026-08-03 14:10:00+05:30,True,2026-08-03 14:15:00+05:30,1167.1604750000001,1167.1,True,2026-08-03 15:00:00+05:30,2026-08-03 15:05:00+05:30,1171.4854500000001,1167.1,4.385450000000219,1180.2563500000006,2026-08-03 15:10:00+05:30,1170.51445,END_OF_DAY,False,1.1434516412225932,0.3159196889715194,-3.312999900000231
43,2026-08-03,BUY,2026-08-03 10:10:00+05:30,2026-08-03 10:15:00+05:30,1158.67905,7.679049999999961,0.5,0.75,True,2026-08-03 12:05:00+05:30,1176.5,2026-08-03 15:10:00+05:30,False,,1165.2407125,,False,,,,,,,,,NO_ENTRY,False,,,
43,2026-08-03,BUY,2026-08-03 10:10:00+05:30,2026-08-03 10:15:00+05:30,1158.67905,7.679049999999961,0.75,0.25,True,2026-08-03 12:10:00+05:30,1166.6,2026-08-03 12:35:00+05:30,True,2026-08-03 12:20:00+05:30,1164.6802375,1162.6,True,2026-08-03 13:15:00+05:30,2026-08-03 13:20:00+05:30,1165.9827,1162.6,3.3827000000001135,1172.7481000000002,2026-08-03 15:05:00+05:30,1172.1617259500003,TARGET,False,2.5770242705530286,0.32006976675433685,3.8408815240503227
43,2026-08-03,BUY,2026-08-03 10:10:00+05:30,2026-08-03 10:15:00+05:30,1158.67905,7.679049999999961,0.75,0.5,True,2026-08-03 12:10:00+05:30,1171.0,2026-08-03 14:10:00+05:30,True,2026-08-03 14:15:00+05:30,1167.1604750000001,1167.1,True,2026-08-03 15:00:00+05:30,2026-08-03 15:05:00+05:30,1171.4854500000001,1167.1,4.385450000000219,1180.2563500000006,2026-08-03 15:10:00+05:30,1170.51445,END_OF_DAY,False,1.1434516412225932,0.3159196889715194,-3.312999900000231
43,2026-08-03,BUY,2026-08-03 10:10:00+05:30,2026-08-03 10:15:00+05:30,1158.67905,7.679049999999961,0.75,0.75,True,2026-08-03 12:10:00+05:30,1176.5,2026-08-03 15:10:00+05:30,False,,1165.2407125,,False,,,,,,,,,NO_ENTRY,False,,,
43,2026-08-03,BUY,2026-08-03 10:10:00+05:30,2026-08-03 10:15:00+05:30,1158.67905,7.679049999999961,1.0,0.25,True,2026-08-03 12:35:00+05:30,1166.6,2026-08-03 12:35:00+05:30,True,2026-08-03 12:40:00+05:30,1164.6802375,1164.5,True,2026-08-03 13:15:00+05:30,2026-08-03 13:20:00+05:30,1165.9827,1164.5,1.4827000000000226,1168.9481,2026-08-03 13:40:00+05:30,1168.3636259500001,TARGET,False,2.5071153975854634,0.7302218924933669,0.04657962405011862
43,2026-08-03,BUY,2026-08-03 10:10:00+05:30,2026-08-03 10:15:00+05:30,1158.67905,7.679049999999961,1.0,0.5,True,2026-08-03 12:35:00+05:30,1171.0,2026-08-03 14:10:00+05:30,True,2026-08-03 14:15:00+05:30,1167.1604750000001,1167.1,True,2026-08-03 15:00:00+05:30,2026-08-03 15:05:00+05:30,1171.4854500000001,1167.1,4.385450000000219,1180.2563500000006,2026-08-03 15:10:00+05:30,1170.51445,END_OF_DAY,False,1.1434516412225932,0.3159196889715194,-3.312999900000231
43,2026-08-03,BUY,2026-08-03 10:10:00+05:30,2026-08-03 10:15:00+05:30,1158.67905,7.679049999999961,1.0,0.75,True,2026-08-03 12:35:00+05:30,1176.5,2026-08-03 15:10:00+05:30,False,,1165.2407125,,False,,,,,,,,,NO_ENTRY,False,,,
44,2026-08-04,SELL,2026-08-04 09:50:00+05:30,2026-08-04 09:55:00+05:30,1160.4195,2.580500000000029,0.5,0.25,True,2026-08-04 10:00:00+05:30,1157.2,2026-08-04 10:05:00+05:30,True,2026-08-04 10:10:00+05:30,1157.845125,1159.2,True,2026-08-04 10:40:00+05:30,2026-08-04 10:45:00+05:30,1157.3210500000002,1159.2,1.8789499999998043,1153.5631500000006,2026-08-04 11:05:00+05:30,1159.7796,STOP_LOSS,False,0.49019399132507313,1.904760637590262,-4.775650649999832
44,2026-08-04,SELL,2026-08-04 09:50:00+05:30,2026-08-04 09:55:00+05:30,1160.4195,2.580500000000029,0.5,0.5,True,2026-08-04 10:00:00+05:30,1157.2,2026-08-04 10:05:00+05:30,True,2026-08-04 10:10:00+05:30,1158.49025,1159.2,True,2026-08-04 10:40:00+05:30,2026-08-04 10:45:00+05:30,1157.3210500000002,1159.2,1.8789499999998043,1153.5631500000006,2026-08-04 11:05:00+05:30,1159.7796,STOP_LOSS,False,0.49019399132507313,1.904760637590262,-4.775650649999832
44,2026-08-04,SELL,2026-08-04 09:50:00+05:30,2026-08-04 09:55:00+05:30,1160.4195,2.580500000000029,0.5,0.75,True,2026-08-04 10:00:00+05:30,1157.2,2026-08-04 10:05:00+05:30,True,2026-08-04 10:10:00+05:30,1159.135375,1159.2,True,2026-08-04 10:40:00+05:30,2026-08-04 10:45:00+05:30,1157.3210500000002,1159.2,1.8789499999998043,1153.5631500000006,2026-08-04 11:05:00+05:30,1159.7796,STOP_LOSS,False,0.49019399132507313,1.904760637590262,-4.775650649999832
44,2026-08-04,SELL,2026-08-04 09:50:00+05:30,2026-08-04 09:55:00+05:30,1160.4195,2.580500000000029,0.75,0.25,True,2026-08-04 10:00:00+05:30,1157.2,2026-08-04 10:05:00+05:30,True,2026-08-04 10:10:00+05:30,1157.845125,1159.2,True,2026-08-04 10:40:00+05:30,2026-08-04 10:45:00+05:30,1157.3210500000002,1159.2,1.8789499999998043,1153.5631500000006,2026-08-04 11:05:00+05:30,1159.7796,STOP_LOSS,False,0.49019399132507313,1.904760637590262,-4.775650649999832
44,2026-08-04,SELL,2026-08-04 09:50:00+05:30,2026-08-04 09:55:00+05:30,1160.4195,2.580500000000029,0.75,0.5,True,2026-08-04 10:00:00+05:30,1157.2,2026-08-04 10:05:00+05:30,True,2026-08-04 10:10:00+05:30,1158.49025,1159.2,True,2026-08-04 10:40:00+05:30,2026-08-04 10:45:00+05:30,1157.3210500000002,1159.2,1.8789499999998043,1153.5631500000006,2026-08-04 11:05:00+05:30,1159.7796,STOP_LOSS,False,0.49019399132507313,1.904760637590262,-4.775650649999832
44,2026-08-04,SELL,2026-08-04 09:50:00+05:30,2026-08-04 09:55:00+05:30,1160.4195,2.580500000000029,0.75,0.75,True,2026-08-04 10:00:00+05:30,1157.2,2026-08-04 10:05:00+05:30,True,2026-08-04 10:10:00+05:30,1159.135375,1159.2,True,2026-08-04 10:40:00+05:30,2026-08-04 10:45:00+05:30,1157.3210500000002,1159.2,1.8789499999998043,1153.5631500000006,2026-08-04 11:05:00+05:30,1159.7796,STOP_LOSS,False,0.49019399132507313,1.904760637590262,-4.775650649999832
44,2026-08-04,SELL,2026-08-04 09:50:00+05:30,2026-08-04 09:55:00+05:30,1160.4195,2.580500000000029,1.0,0.25,True,2026-08-04 10:00:00+05:30,1157.2,2026-08-04 10:05:00+05:30,True,2026-08-04 10:10:00+05:30,1157.845125,1159.2,True,2026-08-04 10:40:00+05:30,2026-08-04 10:45:00+05:30,1157.3210500000002,1159.2,1.8789499999998043,1153.5631500000006,2026-08-04 11:05:00+05:30,1159.7796,STOP_LOSS,False,0.49019399132507313,1.904760637590262,-4.775650649999832
44,2026-08-04,SELL,2026-08-04 09:50:00+05:30,2026-08-04 09:55:00+05:30,1160.4195,2.580500000000029,1.0,0.5,True,2026-08-04 10:00:00+05:30,1157.2,2026-08-04 10:05:00+05:30,True,2026-08-04 10:10:00+05:30,1158.49025,1159.2,True,2026-08-04 10:40:00+05:30,2026-08-04 10:45:00+05:30,1157.3210500000002,1159.2,1.8789499999998043,1153.5631500000006,2026-08-04 11:05:00+05:30,1159.7796,STOP_LOSS,False,0.49019399132507313,1.904760637590262,-4.775650649999832
44,2026-08-04,SELL,2026-08-04 09:50:00+05:30,2026-08-04 09:55:00+05:30,1160.4195,2.580500000000029,1.0,0.75,True,2026-08-04 10:00:00+05:30,1157.2,2026-08-04 10:05:00+05:30,True,2026-08-04 10:10:00+05:30,1159.135375,1159.2,True,2026-08-04 10:40:00+05:30,2026-08-04 10:45:00+05:30,1157.3210500000002,1159.2,1.8789499999998043,1153.5631500000006,2026-08-04 11:05:00+05:30,1159.7796,STOP_LOSS,False,0.49019399132507313,1.904760637590262,-4.775650649999832
45,2026-08-04,SELL,2026-08-04 11:40:00+05:30,2026-08-04 11:45:00+05:30,1160.4195,2.180499999999938,0.5,0.25,True,2026-08-04 11:45:00+05:30,1153.3,2026-08-04 12:05:00+05:30,True,2026-08-04 12:10:00+05:30,1153.8451249999998,1155.7,True,2026-08-04 13:05:00+05:30,2026-08-04 13:10:00+05:30,1156.92125,1155.7,1.2212500000000546,1154.47875,2026-08-04 13:10:00+05:30,1156.27785,STOP_LOSS,False,0.0,1.5383828045033945,-1.6697990999998438
45,2026-08-04,SELL,2026-08-04 11:40:00+05:30,2026-08-04 11:45:00+05:30,1160.4195,2.180499999999938,0.5,0.5,True,2026-08-04 11:45:00+05:30,1153.3,2026-08-04 12:05:00+05:30,True,2026-08-04 12:10:00+05:30,1154.39025,1155.7,True,2026-08-04 13:05:00+05:30,2026-08-04 13:10:00+05:30,1156.92125,1155.7,1.2212500000000546,1154.47875,2026-08-04 13:10:00+05:30,1156.27785,STOP_LOSS,False,0.0,1.5383828045033945,-1.6697990999998438
45,2026-08-04,SELL,2026-08-04 11:40:00+05:30,2026-08-04 11:45:00+05:30,1160.4195,2.180499999999938,0.5,0.75,True,2026-08-04 11:45:00+05:30,1153.3,2026-08-04 12:05:00+05:30,True,2026-08-04 12:10:00+05:30,1154.935375,1155.7,True,2026-08-04 13:05:00+05:30,2026-08-04 13:10:00+05:30,1156.92125,1155.7,1.2212500000000546,1154.47875,2026-08-04 13:10:00+05:30,1156.27785,STOP_LOSS,False,0.0,1.5383828045033945,-1.6697990999998438
45,2026-08-04,SELL,2026-08-04 11:40:00+05:30,2026-08-04 11:45:00+05:30,1160.4195,2.180499999999938,0.75,0.25,True,2026-08-04 11:45:00+05:30,1153.3,2026-08-04 12:05:00+05:30,True,2026-08-04 12:10:00+05:30,1153.8451249999998,1155.7,True,2026-08-04 13:05:00+05:30,2026-08-04 13:10:00+05:30,1156.92125,1155.7,1.2212500000000546,1154.47875,2026-08-04 13:10:00+05:30,1156.27785,STOP_LOSS,False,0.0,1.5383828045033945,-1.6697990999998438
45,2026-08-04,SELL,2026-08-04 11:40:00+05:30,2026-08-04 11:45:00+05:30,1160.4195,2.180499999999938,0.75,0.5,True,2026-08-04 11:45:00+05:30,1153.3,2026-08-04 12:05:00+05:30,True,2026-08-04 12:10:00+05:30,1154.39025,1155.7,True,2026-08-04 13:05:00+05:30,2026-08-04 13:10:00+05:30,1156.92125,1155.7,1.2212500000000546,1154.47875,2026-08-04 13:10:00+05:30,1156.27785,STOP_LOSS,False,0.0,1.5383828045033945,-1.6697990999998438
45,2026-08-04,SELL,2026-08-04 11:40:00+05:30,2026-08-04 11:45:00+05:30,1160.4195,2.180499999999938,0.75,0.75,True,2026-08-04 11:45:00+05:30,1153.3,2026-08-04 12:05:00+05:30,True,2026-08-04 12:10:00+05:30,1154.935375,1155.7,True,2026-08-04 13:05:00+05:30,2026-08-04 13:10:00+05:30,1156.92125,1155.7,1.2212500000000546,1154.47875,2026-08-04 13:10:00+05:30,1156.27785,STOP_LOSS,False,0.0,1.5383828045033945,-1.6697990999998438
45,2026-08-04,SELL,2026-08-04 11:40:00+05:30,2026-08-04 11:45:00+05:30,1160.4195,2.180499999999938,1.0,0.25,True,2026-08-04 11:50:00+05:30,1153.3,2026-08-04 12:05:00+05:30,True,2026-08-04 12:10:00+05:30,1153.8451249999998,1155.7,True,2026-08-04 13:05:00+05:30,2026-08-04 13:10:00+05:30,1156.92125,1155.7,1.2212500000000546,1154.47875,2026-08-04 13:10:00+05:30,1156.27785,STOP_LOSS,False,0.0,1.5383828045033945,-1.6697990999998438
45,2026-08-04,SELL,2026-08-04 11:40:00+05:30,2026-08-04 11:45:00+05:30,1160.4195,2.180499999999938,1.0,0.5,True,2026-08-04 11:50:00+05:30,1153.3,2026-08-04 12:05:00+05:30,True,2026-08-04 12:10:00+05:30,1154.39025,1155.7,True,2026-08-04 13:05:00+05:30,2026-08-04 13:10:00+05:30,1156.92125,1155.7,1.2212500000000546,1154.47875,2026-08-04 13:10:00+05:30,1156.27785,STOP_LOSS,False,0.0,1.5383828045033945,-1.6697990999998438
45,2026-08-04,SELL,2026-08-04 11:40:00+05:30,2026-08-04 11:45:00+05:30,1160.4195,2.180499999999938,1.0,0.75,True,2026-08-04 11:50:00+05:30,1153.3,2026-08-04 12:05:00+05:30,True,2026-08-04 12:10:00+05:30,1154.935375,1155.7,True,2026-08-04 13:05:00+05:30,2026-08-04 13:10:00+05:30,1156.92125,1155.7,1.2212500000000546,1154.47875,2026-08-04 13:10:00+05:30,1156.27785,STOP_LOSS,False,0.0,1.5383828045033945,-1.6697990999998438
46,2026-08-04,SELL,2026-08-04 13:45:00+05:30,2026-08-04 13:50:00+05:30,1159.12015,1.4798499999999422,0.5,0.25,True,2026-08-04 14:20:00+05:30,1156.5,2026-08-04 15:05:00+05:30,True,2026-08-04 14:25:00+05:30,1156.8699625,1159.8,False,,,,,,,,,NO_ENTRY,False,,,
46,2026-08-04,SELL,2026-08-04 13:45:00+05:30,2026-08-04 13:50:00+05:30,1159.12015,1.4798499999999422,0.5,0.5,True,2026-08-04 14:20:00+05:30,1156.5,2026-08-04 15:05:00+05:30,True,2026-08-04 14:25:00+05:30,1157.2399249999999,1159.8,False,,,,,,,,,NO_ENTRY,False,,,
46,2026-08-04,SELL,2026-08-04 13:45:00+05:30,2026-08-04 13:50:00+05:30,1159.12015,1.4798499999999422,0.5,0.75,True,2026-08-04 14:20:00+05:30,1156.5,2026-08-04 15:05:00+05:30,True,2026-08-04 14:25:00+05:30,1157.6098875,1159.8,False,,,,,,,,,NO_ENTRY,False,,,
46,2026-08-04,SELL,2026-08-04 13:45:00+05:30,2026-08-04 13:50:00+05:30,1159.12015,1.4798499999999422,0.75,0.25,True,2026-08-04 14:20:00+05:30,1156.5,2026-08-04 15:05:00+05:30,True,2026-08-04 14:25:00+05:30,1156.8699625,1159.8,False,,,,,,,,,NO_ENTRY,False,,,
46,2026-08-04,SELL,2026-08-04 13:45:00+05:30,2026-08-04 13:50:00+05:30,1159.12015,1.4798499999999422,0.75,0.5,True,2026-08-04 14:20:00+05:30,1156.5,2026-08-04 15:05:00+05:30,True,2026-08-04 14:25:00+05:30,1157.2399249999999,1159.8,False,,,,,,,,,NO_ENTRY,False,,,
46,2026-08-04,SELL,2026-08-04 13:45:00+05:30,2026-08-04 13:50:00+05:30,1159.12015,1.4798499999999422,0.75,0.75,True,2026-08-04 14:20:00+05:30,1156.5,2026-08-04 15:05:00+05:30,True,2026-08-04 14:25:00+05:30,1157.6098875,1159.8,False,,,,,,,,,NO_ENTRY,False,,,
46,2026-08-04,SELL,2026-08-04 13:45:00+05:30,2026-08-04 13:50:00+05:30,1159.12015,1.4798499999999422,1.0,0.25,True,2026-08-04 15:00:00+05:30,1156.5,2026-08-04 15:05:00+05:30,True,2026-08-04 15:10:00+05:30,1156.8699625,1159.8,False,,,,,,,,,NO_ENTRY,False,,,
46,2026-08-04,SELL,2026-08-04 13:45:00+05:30,2026-08-04 13:50:00+05:30,1159.12015,1.4798499999999422,1.0,0.5,True,2026-08-04 15:00:00+05:30,1156.5,2026-08-04 15:05:00+05:30,True,2026-08-04 15:10:00+05:30,1157.2399249999999,1159.8,False,,,,,,,,,NO_ENTRY,False,,,
46,2026-08-04,SELL,2026-08-04 13:45:00+05:30,2026-08-04 13:50:00+05:30,1159.12015,1.4798499999999422,1.0,0.75,True,2026-08-04 15:00:00+05:30,1156.5,2026-08-04 15:05:00+05:30,True,2026-08-04 15:10:00+05:30,1157.6098875,1159.8,False,,,,,,,,,NO_ENTRY,False,,,
47,2026-08-04,SELL,2026-08-04 14:10:00+05:30,2026-08-04 14:15:00+05:30,1159.0202,1.279800000000023,0.5,0.25,True,2026-08-04 14:20:00+05:30,1156.5,2026-08-04 15:05:00+05:30,True,2026-08-04 14:25:00+05:30,1156.81995,1159.8,False,,,,,,,,,NO_ENTRY,False,,,
47,2026-08-04,SELL,2026-08-04 14:10:00+05:30,2026-08-04 14:15:00+05:30,1159.0202,1.279800000000023,0.5,0.5,True,2026-08-04 14:20:00+05:30,1156.5,2026-08-04 15:05:00+05:30,True,2026-08-04 14:25:00+05:30,1157.1399000000001,1159.8,False,,,,,,,,,NO_ENTRY,False,,,
47,2026-08-04,SELL,2026-08-04 14:10:00+05:30,2026-08-04 14:15:00+05:30,1159.0202,1.279800000000023,0.5,0.75,True,2026-08-04 14:20:00+05:30,1156.5,2026-08-04 15:05:00+05:30,True,2026-08-04 14:25:00+05:30,1157.45985,1159.8,False,,,,,,,,,NO_ENTRY,False,,,
47,2026-08-04,SELL,2026-08-04 14:10:00+05:30,2026-08-04 14:15:00+05:30,1159.0202,1.279800000000023,0.75,0.25,True,2026-08-04 14:20:00+05:30,1156.5,2026-08-04 15:05:00+05:30,True,2026-08-04 14:25:00+05:30,1156.81995,1159.8,False,,,,,,,,,NO_ENTRY,False,,,
47,2026-08-04,SELL,2026-08-04 14:10:00+05:30,2026-08-04 14:15:00+05:30,1159.0202,1.279800000000023,0.75,0.5,True,2026-08-04 14:20:00+05:30,1156.5,2026-08-04 15:05:00+05:30,True,2026-08-04 14:25:00+05:30,1157.1399000000001,1159.8,False,,,,,,,,,NO_ENTRY,False,,,
47,2026-08-04,SELL,2026-08-04 14:10:00+05:30,2026-08-04 14:15:00+05:30,1159.0202,1.279800000000023,0.75,0.75,True,2026-08-04 14:20:00+05:30,1156.5,2026-08-04 15:05:00+05:30,True,2026-08-04 14:25:00+05:30,1157.45985,1159.8,False,,,,,,,,,NO_ENTRY,False,,,
47,2026-08-04,SELL,2026-08-04 14:10:00+05:30,2026-08-04 14:15:00+05:30,1159.0202,1.279800000000023,1.0,0.25,True,2026-08-04 15:00:00+05:30,1156.5,2026-08-04 15:05:00+05:30,True,2026-08-04 15:10:00+05:30,1156.81995,1159.8,False,,,,,,,,,NO_ENTRY,False,,,
47,2026-08-04,SELL,2026-08-04 14:10:00+05:30,2026-08-04 14:15:00+05:30,1159.0202,1.279800000000023,1.0,0.5,True,2026-08-04 15:00:00+05:30,1156.5,2026-08-04 15:05:00+05:30,True,2026-08-04 15:10:00+05:30,1157.1399000000001,1159.8,False,,,,,,,,,NO_ENTRY,False,,,
47,2026-08-04,SELL,2026-08-04 14:10:00+05:30,2026-08-04 14:15:00+05:30,1159.0202,1.279800000000023,1.0,0.75,True,2026-08-04 15:00:00+05:30,1156.5,2026-08-04 15:05:00+05:30,True,2026-08-04 15:10:00+05:30,1157.45985,1159.8,False,,,,,,,,,NO_ENTRY,False,,,
48,2026-08-05,SELL,2026-08-05 09:50:00+05:30,2026-08-05 09:55:00+05:30,1163.6179,4.182099999999991,0.5,0.25,False,,,,False,,,,False,,,,,,,,,NO_ENTRY,False,,,
48,2026-08-05,SELL,2026-08-05 09:50:00+05:30,2026-08-05 09:55:00+05:30,1163.6179,4.182099999999991,0.5,0.5,False,,,,False,,,,False,,,,,,,,,NO_ENTRY,False,,,
48,2026-08-05,SELL,2026-08-05 09:50:00+05:30,2026-08-05 09:55:00+05:30,1163.6179,4.182099999999991,0.5,0.75,False,,,,False,,,,False,,,,,,,,,NO_ENTRY,False,,,
48,2026-08-05,SELL,2026-08-05 09:50:00+05:30,2026-08-05 09:55:00+05:30,1163.6179,4.182099999999991,0.75,0.25,False,,,,False,,,,False,,,,,,,,,NO_ENTRY,False,,,
48,2026-08-05,SELL,2026-08-05 09:50:00+05:30,2026-08-05 09:55:00+05:30,1163.6179,4.182099999999991,0.75,0.5,False,,,,False,,,,False,,,,,,,,,NO_ENTRY,False,,,
48,2026-08-05,SELL,2026-08-05 09:50:00+05:30,2026-08-05 09:55:00+05:30,1163.6179,4.182099999999991,0.75,0.75,False,,,,False,,,,False,,,,,,,,,NO_ENTRY,False,,,
48,2026-08-05,SELL,2026-08-05 09:50:00+05:30,2026-08-05 09:55:00+05:30,1163.6179,4.182099999999991,1.0,0.25,False,,,,False,,,,False,,,,,,,,,NO_ENTRY,False,,,
48,2026-08-05,SELL,2026-08-05 09:50:00+05:30,2026-08-05 09:55:00+05:30,1163.6179,4.182099999999991,1.0,0.5,False,,,,False,,,,False,,,,,,,,,NO_ENTRY,False,,,
48,2026-08-05,SELL,2026-08-05 09:50:00+05:30,2026-08-05 09:55:00+05:30,1163.6179,4.182099999999991,1.0,0.75,False,,,,False,,,,False,,,,,,,,,NO_ENTRY,False,,,
49,2026-08-05,SELL,2026-08-05 13:40:00+05:30,2026-08-05 13:45:00+05:30,1164.5174499999998,2.18255000000022,0.5,0.25,True,2026-08-05 14:40:00+05:30,1162.6,2026-08-05 14:45:00+05:30,True,2026-08-05 14:50:00+05:30,1163.1456375,1165.8,False,,,,,,,,,NO_ENTRY,False,,,
49,2026-08-05,SELL,2026-08-05 13:40:00+05:30,2026-08-05 13:45:00+05:30,1164.5174499999998,2.18255000000022,0.5,0.5,True,2026-08-05 14:40:00+05:30,1162.6,2026-08-05 14:45:00+05:30,True,2026-08-05 14:50:00+05:30,1163.6912750000001,1165.8,False,,,,,,,,,NO_ENTRY,False,,,
49,2026-08-05,SELL,2026-08-05 13:40:00+05:30,2026-08-05 13:45:00+05:30,1164.5174499999998,2.18255000000022,0.5,0.75,True,2026-08-05 14:40:00+05:30,1162.6,2026-08-05 14:45:00+05:30,True,2026-08-05 14:50:00+05:30,1164.2369125,1165.8,False,,,,,,,,,NO_ENTRY,False,,,
49,2026-08-05,SELL,2026-08-05 13:40:00+05:30,2026-08-05 13:45:00+05:30,1164.5174499999998,2.18255000000022,0.75,0.25,True,2026-08-05 14:45:00+05:30,1162.6,2026-08-05 14:45:00+05:30,True,2026-08-05 14:50:00+05:30,1163.1456375,1165.8,False,,,,,,,,,NO_ENTRY,False,,,
49,2026-08-05,SELL,2026-08-05 13:40:00+05:30,2026-08-05 13:45:00+05:30,1164.5174499999998,2.18255000000022,0.75,0.5,True,2026-08-05 14:45:00+05:30,1162.6,2026-08-05 14:45:00+05:30,True,2026-08-05 14:50:00+05:30,1163.6912750000001,1165.8,False,,,,,,,,,NO_ENTRY,False,,,
49,2026-08-05,SELL,2026-08-05 13:40:00+05:30,2026-08-05 13:45:00+05:30,1164.5174499999998,2.18255000000022,0.75,0.75,True,2026-08-05 14:45:00+05:30,1162.6,2026-08-05 14:45:00+05:30,True,2026-08-05 14:50:00+05:30,1164.2369125,1165.8,False,,,,,,,,,NO_ENTRY,False,,,
49,2026-08-05,SELL,2026-08-05 13:40:00+05:30,2026-08-05 13:45:00+05:30,1164.5174499999998,2.18255000000022,1.0,0.25,False,,,,False,,,,False,,,,,,,,,NO_ENTRY,False,,,
49,2026-08-05,SELL,2026-08-05 13:40:00+05:30,2026-08-05 13:45:00+05:30,1164.5174499999998,2.18255000000022,1.0,0.5,False,,,,False,,,,False,,,,,,,,,NO_ENTRY,False,,,
49,2026-08-05,SELL,2026-08-05 13:40:00+05:30,2026-08-05 13:45:00+05:30,1164.5174499999998,2.18255000000022,1.0,0.75,False,,,,False,,,,False,,,,,,,,,NO_ENTRY,False,,,
50,2026-08-06,SELL,2026-08-06 10:05:00+05:30,2026-08-06 10:10:00+05:30,1169.11515,1.1848499999998694,0.5,0.25,True,2026-08-06 10:05:00+05:30,1168.0,2026-08-06 10:25:00+05:30,True,2026-08-06 10:10:00+05:30,1168.2962125,1171.9,True,2026-08-06 10:40:00+05:30,2026-08-06 10:45:00+05:30,1168.4155,1171.9,3.4845000000000255,1161.4465,2026-08-06 11:35:00+05:30,1172.48595,STOP_LOSS,False,0.4636246233319269,1.0,-6.411351449999938
50,2026-08-06,SELL,2026-08-06 10:05:00+05:30,2026-08-06 10:10:00+05:30,1169.11515,1.1848499999998694,0.5,0.5,True,2026-08-06 10:05:00+05:30,1168.0,2026-08-06 10:25:00+05:30,True,2026-08-06 10:10:00+05:30,1168.5924249999998,1171.9,True,2026-08-06 10:40:00+05:30,2026-08-06 10:45:00+05:30,1168.4155,1171.9,3.4845000000000255,1161.4465,2026-08-06 11:35:00+05:30,1172.48595,STOP_LOSS,False,0.4636246233319269,1.0,-6.411351449999938
50,2026-08-06,SELL,2026-08-06 10:05:00+05:30,2026-08-06 10:10:00+05:30,1169.11515,1.1848499999998694,0.5,0.75,True,2026-08-06 10:05:00+05:30,1168.0,2026-08-06 10:25:00+05:30,True,2026-08-06 10:10:00+05:30,1168.8886375,1171.9,True,2026-08-06 10:40:00+05:30,2026-08-06 10:45:00+05:30,1168.4155,1171.9,3.4845000000000255,1161.4465,2026-08-06 11:35:00+05:30,1172.48595,STOP_LOSS,False,0.4636246233319269,1.0,-6.411351449999938
50,2026-08-06,SELL,2026-08-06 10:05:00+05:30,2026-08-06 10:10:00+05:30,1169.11515,1.1848499999998694,0.75,0.25,True,2026-08-06 10:25:00+05:30,1168.0,2026-08-06 10:25:00+05:30,True,2026-08-06 10:30:00+05:30,1168.2962125,1171.3,True,2026-08-06 10:40:00+05:30,2026-08-06 10:45:00+05:30,1168.4155,1171.3,2.884499999999889,1162.6465000000003,2026-08-06 11:30:00+05:30,1171.88565,STOP_LOSS,False,0.5600624024961599,1.1040041601663948,-5.810451149999876
50,2026-08-06,SELL,2026-08-06 10:05:00+05:30,2026-08-06 10:10:00+05:30,1169.11515,1.1848499999998694,0.75,0.5,True,2026-08-06 10:25:00+05:30,1168.0,2026-08-06 10:25:00+05:30,True,2026-08-06 10:30:00+05:30,1168.5924249999998,1171.3,True,2026-08-06 10:40:00+05:30,2026-08-06 10:45:00+05:30,1168.4155,1171.3,2.884499999999889,1162.6465000000003,2026-08-06 11:30:00+05:30,1171.88565,STOP_LOSS,False,0.5600624024961599,1.1040041601663948,-5.810451149999876
50,2026-08-06,SELL,2026-08-06 10:05:00+05:30,2026-08-06 10:10:00+05:30,1169.11515,1.1848499999998694,0.75,0.75,True,2026-08-06 10:25:00+05:30,1168.0,2026-08-06 10:25:00+05:30,True,2026-08-06 10:30:00+05:30,1168.8886375,1171.3,True,2026-08-06 10:40:00+05:30,2026-08-06 10:45:00+05:30,1168.4155,1171.3,2.884499999999889,1162.6465000000003,2026-08-06 11:30:00+05:30,1171.88565,STOP_LOSS,False,0.5600624024961599,1.1040041601663948,-5.810451149999876
50,2026-08-06,SELL,2026-08-06 10:05:00+05:30,2026-08-06 10:10:00+05:30,1169.11515,1.1848499999998694,1.0,0.25,True,2026-08-06 10:50:00+05:30,1166.8,2026-08-06 11:00:00+05:30,True,2026-08-06 11:05:00+05:30,1167.0962124999999,1168.1,True,2026-08-06 11:10:00+05:30,2026-08-06 11:15:00+05:30,1166.8163000000002,1168.1,1.283699999999726,1164.2489000000007,2026-08-06 11:15:00+05:30,1168.6840499999998,STOP_LOSS,False,0.0,1.3115992833217858,-4.20325034999966
50,2026-08-06,SELL,2026-08-06 10:05:00+05:30,2026-08-06 10:10:00+05:30,1169.11515,1.1848499999998694,1.0,0.5,True,2026-08-06 10:50:00+05:30,1166.8,2026-08-06 11:00:00+05:30,True,2026-08-06 11:05:00+05:30,1167.392425,1168.1,True,2026-08-06 11:10:00+05:30,2026-08-06 11:15:00+05:30,1166.8163000000002,1168.1,1.283699999999726,1164.2489000000007,2026-08-06 11:15:00+05:30,1168.6840499999998,STOP_LOSS,False,0.0,1.3115992833217858,-4.20325034999966
50,2026-08-06,SELL,2026-08-06 10:05:00+05:30,2026-08-06 10:10:00+05:30,1169.11515,1.1848499999998694,1.0,0.75,True,2026-08-06 10:50:00+05:30,1166.8,2026-08-06 11:00:00+05:30,True,2026-08-06 11:05:00+05:30,1167.6886375,1168.1,True,2026-08-06 11:10:00+05:30,2026-08-06 11:15:00+05:30,1166.8163000000002,1168.1,1.283699999999726,1164.2489000000007,2026-08-06 11:15:00+05:30,1168.6840499999998,STOP_LOSS,False,0.0,1.3115992833217858,-4.20325034999966
51,2026-08-06,SELL,2026-08-06 10:25:00+05:30,2026-08-06 10:30:00+05:30,1167.91575,3.084250000000111,0.5,0.25,True,2026-08-06 12:55:00+05:30,1166.2,2026-08-06 12:55:00+05:30,True,2026-08-06 13:00:00+05:30,1166.9710625,1170.8,True,2026-08-06 13:05:00+05:30,2026-08-06 13:10:00+05:30,1166.6164,1170.8,4.183599999999842,1158.2492000000004,2026-08-06 15:10:00+05:30,1166.08275,END_OF_DAY,False,0.8644229849890642,0.7131656946170545,-1.799049149999921
51,2026-08-06,SELL,2026-08-06 10:25:00+05:30,2026-08-06 10:30:00+05:30,1167.91575,3.084250000000111,0.5,0.5,True,2026-08-06 12:55:00+05:30,1166.2,2026-08-06 12:55:00+05:30,True,2026-08-06 13:00:00+05:30,1167.7421250000002,1170.8,True,2026-08-06 13:05:00+05:30,2026-08-06 13:10:00+05:30,1166.6164,1170.8,4.183599999999842,1158.2492000000004,2026-08-06 15:10:00+05:30,1166.08275,END_OF_DAY,False,0.8644229849890642,0.7131656946170545,-1.799049149999921
51,2026-08-06,SELL,2026-08-06 10:25:00+05:30,2026-08-06 10:30:00+05:30,1167.91575,3.084250000000111,0.5,0.75,True,2026-08-06 12:55:00+05:30,1166.2,2026-08-06 12:55:00+05:30,True,2026-08-06 13:00:00+05:30,1168.5131875000002,1170.8,True,2026-08-06 13:05:00+05:30,2026-08-06 13:10:00+05:30,1166.6164,1170.8,4.183599999999842,1158.2492000000004,2026-08-06 15:10:00+05:30,1166.08275,END_OF_DAY,False,0.8644229849890642,0.7131656946170545,-1.799049149999921
51,2026-08-06,SELL,2026-08-06 10:25:00+05:30,2026-08-06 10:30:00+05:30,1167.91575,3.084250000000111,0.75,0.25,True,2026-08-06 13:35:00+05:30,1163.9,2026-08-06 13:40:00+05:30,True,2026-08-06 13:45:00+05:30,1164.6710625,1165.3,True,2026-08-06 14:25:00+05:30,2026-08-06 14:30:00+05:30,1165.6169000000002,1165.3,0.31690000000025975,1164.9830999999997,2026-08-06 14:30:00+05:30,1165.8826499999998,STOP_LOSS,False,0.0,5.311139160613319,-2.597249549999571
51,2026-08-06,SELL,2026-08-06 10:25:00+05:30,2026-08-06 10:30:00+05:30,1167.91575,3.084250000000111,0.75,0.5,True,2026-08-06 13:35:00+05:30,1163.9,2026-08-06 13:40:00+05:30,True,2026-08-06 13:50:00+05:30,1165.442125,1166.5,True,2026-08-06 14:25:00+05:30,2026-08-06 14:30:00+05:30,1165.6169000000002,1166.5,0.8830999999997857,1163.8507000000006,2026-08-06 14:30:00+05:30,1167.08325,STOP_LOSS,False,0.0,1.9058996716115373,-3.7990501499996934
51,2026-08-06,SELL,2026-08-06 10:25:00+05:30,2026-08-06 10:30:00+05:30,1167.91575,3.084250000000111,0.75,0.75,True,2026-08-06 13:35:00+05:30,1163.9,2026-08-06 13:40:00+05:30,True,2026-08-06 13:50:00+05:30,1166.2131875000002,1166.5,True,2026-08-06 14:25:00+05:30,2026-08-06 14:30:00+05:30,1165.6169000000002,1166.5,0.8830999999997857,1163.8507000000006,2026-08-06 14:30:00+05:30,1167.08325,STOP_LOSS,False,0.0,1.9058996716115373,-3.7990501499996934
51,2026-08-06,SELL,2026-08-06 10:25:00+05:30,2026-08-06 10:30:00+05:30,1167.91575,3.084250000000111,1.0,0.25,True,2026-08-06 13:40:00+05:30,1163.9,2026-08-06 13:40:00+05:30,True,2026-08-06 13:45:00+05:30,1164.6710625,1165.3,True,2026-08-06 14:25:00+05:30,2026-08-06 14:30:00+05:30,1165.6169000000002,1165.3,0.31690000000025975,1164.9830999999997,2026-08-06 14:30:00+05:30,1165.8826499999998,STOP_LOSS,False,0.0,5.311139160613319,-2.597249549999571
51,2026-08-06,SELL,2026-08-06 10:25:00+05:30,2026-08-06 10:30:00+05:30,1167.91575,3.084250000000111,1.0,0.5,True,2026-08-06 13:40:00+05:30,1163.9,2026-08-06 13:40:00+05:30,True,2026-08-06 13:50:00+05:30,1165.442125,1166.5,True,2026-08-06 14:25:00+05:30,2026-08-06 14:30:00+05:30,1165.6169000000002,1166.5,0.8830999999997857,1163.8507000000006,2026-08-06 14:30:00+05:30,1167.08325,STOP_LOSS,False,0.0,1.9058996716115373,-3.7990501499996934
51,2026-08-06,SELL,2026-08-06 10:25:00+05:30,2026-08-06 10:30:00+05:30,1167.91575,3.084250000000111,1.0,0.75,True,2026-08-06 13:40:00+05:30,1163.9,2026-08-06 13:40:00+05:30,True,2026-08-06 13:50:00+05:30,1166.2131875000002,1166.5,True,2026-08-06 14:25:00+05:30,2026-08-06 14:30:00+05:30,1165.6169000000002,1166.5,0.8830999999997857,1163.8507000000006,2026-08-06 14:30:00+05:30,1167.08325,STOP_LOSS,False,0.0,1.9058996716115373,-3.7990501499996934
52,2026-08-06,SELL,2026-08-06 10:40:00+05:30,2026-08-06 10:45:00+05:30,1168.4155,2.78449999999998,0.5,0.25,True,2026-08-06 10:55:00+05:30,1166.8,2026-08-06 11:00:00+05:30,True,2026-08-06 11:05:00+05:30,1167.496125,1168.1,True,2026-08-06 11:10:00+05:30,2026-08-06 11:15:00+05:30,1166.8163000000002,1168.1,1.283699999999726,1164.2489000000007,2026-08-06 11:15:00+05:30,1168.6840499999998,STOP_LOSS,False,0.0,1.3115992833217858,-4.20325034999966
52,2026-08-06,SELL,2026-08-06 10:40:00+05:30,2026-08-06 10:45:00+05:30,1168.4155,2.78449999999998,0.5,0.5,True,2026-08-06 10:55:00+05:30,1166.8,2026-08-06 11:00:00+05:30,True,2026-08-06 11:10:00+05:30,1168.19225,1168.6,True,2026-08-06 11:40:00+05:30,2026-08-06 11:45:00+05:30,1169.71485,1168.6,1.1148500000001604,1167.4851499999997,2026-08-06 11:45:00+05:30,1169.1843,STOP_LOSS,False,0.3721128402924656,0.7042651477775642,-1.8083491499998248
52,2026-08-06,SELL,2026-08-06 10:40:00+05:30,2026-08-06 10:45:00+05:30,1168.4155,2.78449999999998,0.5,0.75,True,2026-08-06 10:55:00+05:30,1166.8,2026-08-06 11:00:00+05:30,True,2026-08-06 11:25:00+05:30,1168.888375,1170.0,True,2026-08-06 11:40:00+05:30,2026-08-06 11:45:00+05:30,1169.71485,1170.0,0.2851499999999305,1169.1445500000002,2026-08-06 11:45:00+05:30,1170.585,STOP_LOSS,False,1.4548483254435072,2.7534630896023913,-3.2104498499999674
52,2026-08-06,SELL,2026-08-06 10:40:00+05:30,2026-08-06 10:45:00+05:30,1168.4155,2.78449999999998,0.75,0.25,True,2026-08-06 12:55:00+05:30,1166.2,2026-08-06 12:55:00+05:30,True,2026-08-06 13:00:00+05:30,1166.896125,1170.8,True,2026-08-06 13:05:00+05:30,2026-08-06 13:10:00+05:30,1166.6164,1170.8,4.183599999999842,1158.2492000000004,2026-08-06 15:10:00+05:30,1166.08275,END_OF_DAY,False,0.8644229849890642,0.7131656946170545,-1.799049149999921
52,2026-08-06,SELL,2026-08-06 10:40:00+05:30,2026-08-06 10:45:00+05:30,1168.4155,2.78449999999998,0.75,0.5,True,2026-08-06 12:55:00+05:30,1166.2,2026-08-06 12:55:00+05:30,True,2026-08-06 13:00:00+05:30,1167.5922500000001,1170.8,True,2026-08-06 13:05:00+05:30,2026-08-06 13:10:00+05:30,1166.6164,1170.8,4.183599999999842,1158.2492000000004,2026-08-06 15:10:00+05:30,1166.08275,END_OF_DAY,False,0.8644229849890642,0.7131656946170545,-1.799049149999921
52,2026-08-06,SELL,2026-08-06 10:40:00+05:30,2026-08-06 10:45:00+05:30,1168.4155,2.78449999999998,0.75,0.75,True,2026-08-06 12:55:00+05:30,1166.2,2026-08-06 12:55:00+05:30,True,2026-08-06 13:00:00+05:30,1168.288375,1170.8,True,2026-08-06 13:05:00+05:30,2026-08-06 13:10:00+05:30,1166.6164,1170.8,4.183599999999842,1158.2492000000004,2026-08-06 15:10:00+05:30,1166.08275,END_OF_DAY,False,0.8644229849890642,0.7131656946170545,-1.799049149999921
52,2026-08-06,SELL,2026-08-06 10:40:00+05:30,2026-08-06 10:45:00+05:30,1168.4155,2.78449999999998,1.0,0.25,True,2026-08-06 13:35:00+05:30,1163.9,2026-08-06 13:40:00+05:30,True,2026-08-06 13:45:00+05:30,1164.596125,1165.3,True,2026-08-06 14:25:00+05:30,2026-08-06 14:30:00+05:30,1165.6169000000002,1165.3,0.31690000000025975,1164.9830999999997,2026-08-06 14:30:00+05:30,1165.8826499999998,STOP_LOSS,False,0.0,5.311139160613319,-2.597249549999571
52,2026-08-06,SELL,2026-08-06 10:40:00+05:30,2026-08-06 10:45:00+05:30,1168.4155,2.78449999999998,1.0,0.5,True,2026-08-06 13:35:00+05:30,1163.9,2026-08-06 13:40:00+05:30,True,2026-08-06 13:45:00+05:30,1165.29225,1165.3,True,2026-08-06 14:25:00+05:30,2026-08-06 14:30:00+05:30,1165.6169000000002,1165.3,0.31690000000025975,1164.9830999999997,2026-08-06 14:30:00+05:30,1165.8826499999998,STOP_LOSS,False,0.0,5.311139160613319,-2.597249549999571
52,2026-08-06,SELL,2026-08-06 10:40:00+05:30,2026-08-06 10:45:00+05:30,1168.4155,2.78449999999998,1.0,0.75,True,2026-08-06 13:35:00+05:30,1163.9,2026-08-06 13:40:00+05:30,True,2026-08-06 13:50:00+05:30,1165.9883750000001,1166.5,True,2026-08-06 14:25:00+05:30,2026-08-06 14:30:00+05:30,1165.6169000000002,1166.5,0.8830999999997857,1163.8507000000006,2026-08-06 14:30:00+05:30,1167.08325,STOP_LOSS,False,0.0,1.9058996716115373,-3.7990501499996934
53,2026-08-06,SELL,2026-08-06 11:45:00+05:30,2026-08-06 11:50:00+05:30,1169.51495,0.9850500000000012,0.5,0.25,True,2026-08-06 12:20:00+05:30,1166.2,2026-08-06 12:55:00+05:30,True,2026-08-06 12:45:00+05:30,1166.4462625,1169.6,True,2026-08-06 13:05:00+05:30,2026-08-06 13:10:00+05:30,1166.6164,1169.6,2.9835999999997966,1160.6492000000005,2026-08-06 14:15:00+05:30,1170.1847999999998,STOP_LOSS,False,0.9104437592171225,1.0,-5.905201199999656
53,2026-08-06,SELL,2026-08-06 11:45:00+05:30,2026-08-06 11:50:00+05:30,1169.51495,0.9850500000000012,0.5,0.5,True,2026-08-06 12:20:00+05:30,1166.2,2026-08-06 12:55:00+05:30,True,2026-08-06 12:45:00+05:30,1166.6925250000002,1169.6,True,2026-08-06 13:05:00+05:30,2026-08-06 13:10:00+05:30,1166.6164,1169.6,2.9835999999997966,1160.6492000000005,2026-08-06 14:15:00+05:30,1170.1847999999998,STOP_LOSS,False,0.9104437592171225,1.0,-5.905201199999656
53,2026-08-06,SELL,2026-08-06 11:45:00+05:30,2026-08-06 11:50:00+05:30,1169.51495,0.9850500000000012,0.5,0.75,True,2026-08-06 12:20:00+05:30,1166.2,2026-08-06 12:55:00+05:30,True,2026-08-06 12:45:00+05:30,1166.9387875,1169.6,True,2026-08-06 13:05:00+05:30,2026-08-06 13:10:00+05:30,1166.6164,1169.6,2.9835999999997966,1160.6492000000005,2026-08-06 14:15:00+05:30,1170.1847999999998,STOP_LOSS,False,0.9104437592171225,1.0,-5.905201199999656
53,2026-08-06,SELL,2026-08-06 11:45:00+05:30,2026-08-06 11:50:00+05:30,1169.51495,0.9850500000000012,0.75,0.25,True,2026-08-06 12:35:00+05:30,1166.2,2026-08-06 12:55:00+05:30,True,2026-08-06 12:45:00+05:30,1166.4462625,1169.6,True,2026-08-06 13:05:00+05:30,2026-08-06 13:10:00+05:30,1166.6164,1169.6,2.9835999999997966,1160.6492000000005,2026-08-06 14:15:00+05:30,1170.1847999999998,STOP_LOSS,False,0.9104437592171225,1.0,-5.905201199999656
53,2026-08-06,SELL,2026-08-06 11:45:00+05:30,2026-08-06 11:50:00+05:30,1169.51495,0.9850500000000012,0.75,0.5,True,2026-08-06 12:35:00+05:30,1166.2,2026-08-06 12:55:00+05:30,True,2026-08-06 12:45:00+05:30,1166.6925250000002,1169.6,True,2026-08-06 13:05:00+05:30,2026-08-06 13:10:00+05:30,1166.6164,1169.6,2.9835999999997966,1160.6492000000005,2026-08-06 14:15:00+05:30,1170.1847999999998,STOP_LOSS,False,0.9104437592171225,1.0,-5.905201199999656
53,2026-08-06,SELL,2026-08-06 11:45:00+05:30,2026-08-06 11:50:00+05:30,1169.51495,0.9850500000000012,0.75,0.75,True,2026-08-06 12:35:00+05:30,1166.2,2026-08-06 12:55:00+05:30,True,2026-08-06 12:45:00+05:30,1166.9387875,1169.6,True,2026-08-06 13:05:00+05:30,2026-08-06 13:10:00+05:30,1166.6164,1169.6,2.9835999999997966,1160.6492000000005,2026-08-06 14:15:00+05:30,1170.1847999999998,STOP_LOSS,False,0.9104437592171225,1.0,-5.905201199999656
53,2026-08-06,SELL,2026-08-06 11:45:00+05:30,2026-08-06 11:50:00+05:30,1169.51495,0.9850500000000012,1.0,0.25,True,2026-08-06 12:40:00+05:30,1166.2,2026-08-06 12:55:00+05:30,True,2026-08-06 12:45:00+05:30,1166.4462625,1169.6,True,2026-08-06 13:05:00+05:30,2026-08-06 13:10:00+05:30,1166.6164,1169.6,2.9835999999997966,1160.6492000000005,2026-08-06 14:15:00+05:30,1170.1847999999998,STOP_LOSS,False,0.9104437592171225,1.0,-5.905201199999656
53,2026-08-06,SELL,2026-08-06 11:45:00+05:30,2026-08-06 11:50:00+05:30,1169.51495,0.9850500000000012,1.0,0.5,True,2026-08-06 12:40:00+05:30,1166.2,2026-08-06 12:55:00+05:30,True,2026-08-06 12:45:00+05:30,1166.6925250000002,1169.6,True,2026-08-06 13:05:00+05:30,2026-08-06 13:10:00+05:30,1166.6164,1169.6,2.9835999999997966,1160.6492000000005,2026-08-06 14:15:00+05:30,1170.1847999999998,STOP_LOSS,False,0.9104437592171225,1.0,-5.905201199999656
53,2026-08-06,SELL,2026-08-06 11:45:00+05:30,2026-08-06 11:50:00+05:30,1169.51495,0.9850500000000012,1.0,0.75,True,2026-08-06 12:40:00+05:30,1166.2,2026-08-06 12:55:00+05:30,True,2026-08-06 12:45:00+05:30,1166.9387875,1169.6,True,2026-08-06 13:05:00+05:30,2026-08-06 13:10:00+05:30,1166.6164,1169.6,2.9835999999997966,1160.6492000000005,2026-08-06 14:15:00+05:30,1170.1847999999998,STOP_LOSS,False,0.9104437592171225,1.0,-5.905201199999656
54,2026-08-06,SELL,2026-08-06 12:20:00+05:30,2026-08-06 12:25:00+05:30,1169.0151999999998,1.284800000000132,0.5,0.25,True,2026-08-06 12:40:00+05:30,1166.2,2026-08-06 12:55:00+05:30,True,2026-08-06 12:45:00+05:30,1166.5212000000001,1169.6,True,2026-08-06 13:05:00+05:30,2026-08-06 13:10:00+05:30,1166.6164,1169.6,2.9835999999997966,1160.6492000000005,2026-08-06 14:15:00+05:30,1170.1847999999998,STOP_LOSS,False,0.9104437592171225,1.0,-5.905201199999656
54,2026-08-06,SELL,2026-08-06 12:20:00+05:30,2026-08-06 12:25:00+05:30,1169.0151999999998,1.284800000000132,0.5,0.5,True,2026-08-06 12:40:00+05:30,1166.2,2026-08-06 12:55:00+05:30,True,2026-08-06 12:45:00+05:30,1166.8424,1169.6,True,2026-08-06 13:05:00+05:30,2026-08-06 13:10:00+05:30,1166.6164,1169.6,2.9835999999997966,1160.6492000000005,2026-08-06 14:15:00+05:30,1170.1847999999998,STOP_LOSS,False,0.9104437592171225,1.0,-5.905201199999656
54,2026-08-06,SELL,2026-08-06 12:20:00+05:30,2026-08-06 12:25:00+05:30,1169.0151999999998,1.284800000000132,0.5,0.75,True,2026-08-06 12:40:00+05:30,1166.2,2026-08-06 12:55:00+05:30,True,2026-08-06 12:45:00+05:30,1167.1636,1169.6,True,2026-08-06 13:05:00+05:30,2026-08-06 13:10:00+05:30,1166.6164,1169.6,2.9835999999997966,1160.6492000000005,2026-08-06 14:15:00+05:30,1170.1847999999998,STOP_LOSS,False,0.9104437592171225,1.0,-5.905201199999656
54,2026-08-06,SELL,2026-08-06 12:20:00+05:30,2026-08-06 12:25:00+05:30,1169.0151999999998,1.284800000000132,0.75,0.25,True,2026-08-06 12:40:00+05:30,1166.2,2026-08-06 12:55:00+05:30,True,2026-08-06 12:45:00+05:30,1166.5212000000001,1169.6,True,2026-08-06 13:05:00+05:30,2026-08-06 13:10:00+05:30,1166.6164,1169.6,2.9835999999997966,1160.6492000000005,2026-08-06 14:15:00+05:30,1170.1847999999998,STOP_LOSS,False,0.9104437592171225,1.0,-5.905201199999656
54,2026-08-06,SELL,2026-08-06 12:20:00+05:30,2026-08-06 12:25:00+05:30,1169.0151999999998,1.284800000000132,0.75,0.5,True,2026-08-06 12:40:00+05:30,1166.2,2026-08-06 12:55:00+05:30,True,2026-08-06 12:45:00+05:30,1166.8424,1169.6,True,2026-08-06 13:05:00+05:30,2026-08-06 13:10:00+05:30,1166.6164,1169.6,2.9835999999997966,1160.6492000000005,2026-08-06 14:15:00+05:30,1170.1847999999998,STOP_LOSS,False,0.9104437592171225,1.0,-5.905201199999656
54,2026-08-06,SELL,2026-08-06 12:20:00+05:30,2026-08-06 12:25:00+05:30,1169.0151999999998,1.284800000000132,0.75,0.75,True,2026-08-06 12:40:00+05:30,1166.2,2026-08-06 12:55:00+05:30,True,2026-08-06 12:45:00+05:30,1167.1636,1169.6,True,2026-08-06 13:05:00+05:30,2026-08-06 13:10:00+05:30,1166.6164,1169.6,2.9835999999997966,1160.6492000000005,2026-08-06 14:15:00+05:30,1170.1847999999998,STOP_LOSS,False,0.9104437592171225,1.0,-5.905201199999656
54,2026-08-06,SELL,2026-08-06 12:20:00+05:30,2026-08-06 12:25:00+05:30,1169.0151999999998,1.284800000000132,1.0,0.25,True,2026-08-06 12:40:00+05:30,1166.2,2026-08-06 12:55:00+05:30,True,2026-08-06 12:45:00+05:30,1166.5212000000001,1169.6,True,2026-08-06 13:05:00+05:30,2026-08-06 13:10:00+05:30,1166.6164,1169.6,2.9835999999997966,1160.6492000000005,2026-08-06 14:15:00+05:30,1170.1847999999998,STOP_LOSS,False,0.9104437592171225,1.0,-5.905201199999656
54,2026-08-06,SELL,2026-08-06 12:20:00+05:30,2026-08-06 12:25:00+05:30,1169.0151999999998,1.284800000000132,1.0,0.5,True,2026-08-06 12:40:00+05:30,1166.2,2026-08-06 12:55:00+05:30,True,2026-08-06 12:45:00+05:30,1166.8424,1169.6,True,2026-08-06 13:05:00+05:30,2026-08-06 13:10:00+05:30,1166.6164,1169.6,2.9835999999997966,1160.6492000000005,2026-08-06 14:15:00+05:30,1170.1847999999998,STOP_LOSS,False,0.9104437592171225,1.0,-5.905201199999656
54,2026-08-06,SELL,2026-08-06 12:20:00+05:30,2026-08-06 12:25:00+05:30,1169.0151999999998,1.284800000000132,1.0,0.75,True,2026-08-06 12:40:00+05:30,1166.2,2026-08-06 12:55:00+05:30,True,2026-08-06 12:45:00+05:30,1167.1636,1169.6,True,2026-08-06 13:05:00+05:30,2026-08-06 13:10:00+05:30,1166.6164,1169.6,2.9835999999997966,1160.6492000000005,2026-08-06 14:15:00+05:30,1170.1847999999998,STOP_LOSS,False,0.9104437592171225,1.0,-5.905201199999656
55,2026-08-07,BUY,2026-08-07 09:30:00+05:30,2026-08-07 09:35:00+05:30,1180.69005,5.490049999999883,0.5,0.25,False,,,,False,,,,False,,,,,,,,,NO_ENTRY,False,,,
55,2026-08-07,BUY,2026-08-07 09:30:00+05:30,2026-08-07 09:35:00+05:30,1180.69005,5.490049999999883,0.5,0.5,False,,,,False,,,,False,,,,,,,,,NO_ENTRY,False,,,
55,2026-08-07,BUY,2026-08-07 09:30:00+05:30,2026-08-07 09:35:00+05:30,1180.69005,5.490049999999883,0.5,0.75,False,,,,False,,,,False,,,,,,,,,NO_ENTRY,False,,,
55,2026-08-07,BUY,2026-08-07 09:30:00+05:30,2026-08-07 09:35:00+05:30,1180.69005,5.490049999999883,0.75,0.25,False,,,,False,,,,False,,,,,,,,,NO_ENTRY,False,,,
55,2026-08-07,BUY,2026-08-07 09:30:00+05:30,2026-08-07 09:35:00+05:30,1180.69005,5.490049999999883,0.75,0.5,False,,,,False,,,,False,,,,,,,,,NO_ENTRY,False,,,
55,2026-08-07,BUY,2026-08-07 09:30:00+05:30,2026-08-07 09:35:00+05:30,1180.69005,5.490049999999883,0.75,0.75,False,,,,False,,,,False,,,,,,,,,NO_ENTRY,False,,,
55,2026-08-07,BUY,2026-08-07 09:30:00+05:30,2026-08-07 09:35:00+05:30,1180.69005,5.490049999999883,1.0,0.25,False,,,,False,,,,False,,,,,,,,,NO_ENTRY,False,,,
55,2026-08-07,BUY,2026-08-07 09:30:00+05:30,2026-08-07 09:35:00+05:30,1180.69005,5.490049999999883,1.0,0.5,False,,,,False,,,,False,,,,,,,,,NO_ENTRY,False,,,
55,2026-08-07,BUY,2026-08-07 09:30:00+05:30,2026-08-07 09:35:00+05:30,1180.69005,5.490049999999883,1.0,0.75,False,,,,False,,,,False,,,,,,,,,NO_ENTRY,False,,,
56,2026-08-07,BUY,2026-08-07 13:40:00+05:30,2026-08-07 13:45:00+05:30,1179.9897,2.18970000000013,0.5,0.25,False,,,,False,,,,False,,,,,,,,,NO_ENTRY,False,,,
56,2026-08-07,BUY,2026-08-07 13:40:00+05:30,2026-08-07 13:45:00+05:30,1179.9897,2.18970000000013,0.5,0.5,False,,,,False,,,,False,,,,,,,,,NO_ENTRY,False,,,
56,2026-08-07,BUY,2026-08-07 13:40:00+05:30,2026-08-07 13:45:00+05:30,1179.9897,2.18970000000013,0.5,0.75,False,,,,False,,,,False,,,,,,,,,NO_ENTRY,False,,,
56,2026-08-07,BUY,2026-08-07 13:40:00+05:30,2026-08-07 13:45:00+05:30,1179.9897,2.18970000000013,0.75,0.25,False,,,,False,,,,False,,,,,,,,,NO_ENTRY,False,,,
56,2026-08-07,BUY,2026-08-07 13:40:00+05:30,2026-08-07 13:45:00+05:30,1179.9897,2.18970000000013,0.75,0.5,False,,,,False,,,,False,,,,,,,,,NO_ENTRY,False,,,
56,2026-08-07,BUY,2026-08-07 13:40:00+05:30,2026-08-07 13:45:00+05:30,1179.9897,2.18970000000013,0.75,0.75,False,,,,False,,,,False,,,,,,,,,NO_ENTRY,False,,,
56,2026-08-07,BUY,2026-08-07 13:40:00+05:30,2026-08-07 13:45:00+05:30,1179.9897,2.18970000000013,1.0,0.25,False,,,,False,,,,False,,,,,,,,,NO_ENTRY,False,,,
56,2026-08-07,BUY,2026-08-07 13:40:00+05:30,2026-08-07 13:45:00+05:30,1179.9897,2.18970000000013,1.0,0.5,False,,,,False,,,,False,,,,,,,,,NO_ENTRY,False,,,
56,2026-08-07,BUY,2026-08-07 13:40:00+05:30,2026-08-07 13:45:00+05:30,1179.9897,2.18970000000013,1.0,0.75,False,,,,False,,,,False,,,,,,,,,NO_ENTRY,False,,,
57,2026-08-07,BUY,2026-08-07 14:20:00+05:30,2026-08-07 14:25:00+05:30,1178.88915,2.3891499999999724,0.5,0.25,False,,,,False,,,,False,,,,,,,,,NO_ENTRY,False,,,
57,2026-08-07,BUY,2026-08-07 14:20:00+05:30,2026-08-07 14:25:00+05:30,1178.88915,2.3891499999999724,0.5,0.5,False,,,,False,,,,False,,,,,,,,,NO_ENTRY,False,,,
57,2026-08-07,BUY,2026-08-07 14:20:00+05:30,2026-08-07 14:25:00+05:30,1178.88915,2.3891499999999724,0.5,0.75,False,,,,False,,,,False,,,,,,,,,NO_ENTRY,False,,,
57,2026-08-07,BUY,2026-08-07 14:20:00+05:30,2026-08-07 14:25:00+05:30,1178.88915,2.3891499999999724,0.75,0.25,False,,,,False,,,,False,,,,,,,,,NO_ENTRY,False,,,
57,2026-08-07,BUY,2026-08-07 14:20:00+05:30,2026-08-07 14:25:00+05:30,1178.88915,2.3891499999999724,0.75,0.5,False,,,,False,,,,False,,,,,,,,,NO_ENTRY,False,,,
57,2026-08-07,BUY,2026-08-07 14:20:00+05:30,2026-08-07 14:25:00+05:30,1178.88915,2.3891499999999724,0.75,0.75,False,,,,False,,,,False,,,,,,,,,NO_ENTRY,False,,,
57,2026-08-07,BUY,2026-08-07 14:20:00+05:30,2026-08-07 14:25:00+05:30,1178.88915,2.3891499999999724,1.0,0.25,False,,,,False,,,,False,,,,,,,,,NO_ENTRY,False,,,
57,2026-08-07,BUY,2026-08-07 14:20:00+05:30,2026-08-07 14:25:00+05:30,1178.88915,2.3891499999999724,1.0,0.5,False,,,,False,,,,False,,,,,,,,,NO_ENTRY,False,,,
57,2026-08-07,BUY,2026-08-07 14:20:00+05:30,2026-08-07 14:25:00+05:30,1178.88915,2.3891499999999724,1.0,0.75,False,,,,False,,,,False,,,,,,,,,NO_ENTRY,False,,,
58,2026-08-10,BUY,2026-08-10 09:55:00+05:30,2026-08-10 10:00:00+05:30,1189.9947000000002,11.19470000000024,0.5,0.25,False,,,,False,,,,False,,,,,,,,,NO_ENTRY,False,,,
58,2026-08-10,BUY,2026-08-10 09:55:00+05:30,2026-08-10 10:00:00+05:30,1189.9947000000002,11.19470000000024,0.5,0.5,False,,,,False,,,,False,,,,,,,,,NO_ENTRY,False,,,
58,2026-08-10,BUY,2026-08-10 09:55:00+05:30,2026-08-10 10:00:00+05:30,1189.9947000000002,11.19470000000024,0.5,0.75,False,,,,False,,,,False,,,,,,,,,NO_ENTRY,False,,,
58,2026-08-10,BUY,2026-08-10 09:55:00+05:30,2026-08-10 10:00:00+05:30,1189.9947000000002,11.19470000000024,0.75,0.25,False,,,,False,,,,False,,,,,,,,,NO_ENTRY,False,,,
58,2026-08-10,BUY,2026-08-10 09:55:00+05:30,2026-08-10 10:00:00+05:30,1189.9947000000002,11.19470000000024,0.75,0.5,False,,,,False,,,,False,,,,,,,,,NO_ENTRY,False,,,
58,2026-08-10,BUY,2026-08-10 09:55:00+05:30,2026-08-10 10:00:00+05:30,1189.9947000000002,11.19470000000024,0.75,0.75,False,,,,False,,,,False,,,,,,,,,NO_ENTRY,False,,,
58,2026-08-10,BUY,2026-08-10 09:55:00+05:30,2026-08-10 10:00:00+05:30,1189.9947000000002,11.19470000000024,1.0,0.25,False,,,,False,,,,False,,,,,,,,,NO_ENTRY,False,,,
58,2026-08-10,BUY,2026-08-10 09:55:00+05:30,2026-08-10 10:00:00+05:30,1189.9947000000002,11.19470000000024,1.0,0.5,False,,,,False,,,,False,,,,,,,,,NO_ENTRY,False,,,
58,2026-08-10,BUY,2026-08-10 09:55:00+05:30,2026-08-10 10:00:00+05:30,1189.9947000000002,11.19470000000024,1.0,0.75,False,,,,False,,,,False,,,,,,,,,NO_ENTRY,False,,,
59,2026-08-10,BUY,2026-08-10 13:40:00+05:30,2026-08-10 13:45:00+05:30,1186.29285,1.5928499999999983,0.5,0.25,True,2026-08-10 14:25:00+05:30,1187.6,2026-08-10 14:25:00+05:30,True,2026-08-10 14:30:00+05:30,1187.2017875,1184.1,True,2026-08-10 14:55:00+05:30,2026-08-10 15:00:00+05:30,1183.9917,1184.1,0.10829999999987194,1184.2082999999998,2026-08-10 15:00:00+05:30,1183.50795,STOP_LOSS,False,0.0,27.624192059128113,-2.8512496500000997
59,2026-08-10,BUY,2026-08-10 13:40:00+05:30,2026-08-10 13:45:00+05:30,1186.29285,1.5928499999999983,0.5,0.5,True,2026-08-10 14:25:00+05:30,1187.6,2026-08-10 14:25:00+05:30,True,2026-08-10 14:30:00+05:30,1186.803575,1184.1,True,2026-08-10 14:55:00+05:30,2026-08-10 15:00:00+05:30,1183.9917,1184.1,0.10829999999987194,1184.2082999999998,2026-08-10 15:00:00+05:30,1183.50795,STOP_LOSS,False,0.0,27.624192059128113,-2.8512496500000997
59,2026-08-10,BUY,2026-08-10 13:40:00+05:30,2026-08-10 13:45:00+05:30,1186.29285,1.5928499999999983,0.5,0.75,True,2026-08-10 14:25:00+05:30,1187.6,2026-08-10 14:25:00+05:30,True,2026-08-10 14:30:00+05:30,1186.4053625,1184.1,True,2026-08-10 14:55:00+05:30,2026-08-10 15:00:00+05:30,1183.9917,1184.1,0.10829999999987194,1184.2082999999998,2026-08-10 15:00:00+05:30,1183.50795,STOP_LOSS,False,0.0,27.624192059128113,-2.8512496500000997
59,2026-08-10,BUY,2026-08-10 13:40:00+05:30,2026-08-10 13:45:00+05:30,1186.29285,1.5928499999999983,0.75,0.25,True,2026-08-10 14:25:00+05:30,1187.6,2026-08-10 14:25:00+05:30,True,2026-08-10 14:30:00+05:30,1187.2017875,1184.1,True,2026-08-10 14:55:00+05:30,2026-08-10 15:00:00+05:30,1183.9917,1184.1,0.10829999999987194,1184.2082999999998,2026-08-10 15:00:00+05:30,1183.50795,STOP_LOSS,False,0.0,27.624192059128113,-2.8512496500000997
59,2026-08-10,BUY,2026-08-10 13:40:00+05:30,2026-08-10 13:45:00+05:30,1186.29285,1.5928499999999983,0.75,0.5,True,2026-08-10 14:25:00+05:30,1187.6,2026-08-10 14:25:00+05:30,True,2026-08-10 14:30:00+05:30,1186.803575,1184.1,True,2026-08-10 14:55:00+05:30,2026-08-10 15:00:00+05:30,1183.9917,1184.1,0.10829999999987194,1184.2082999999998,2026-08-10 15:00:00+05:30,1183.50795,STOP_LOSS,False,0.0,27.624192059128113,-2.8512496500000997
59,2026-08-10,BUY,2026-08-10 13:40:00+05:30,2026-08-10 13:45:00+05:30,1186.29285,1.5928499999999983,0.75,0.75,True,2026-08-10 14:25:00+05:30,1187.6,2026-08-10 14:25:00+05:30,True,2026-08-10 14:30:00+05:30,1186.4053625,1184.1,True,2026-08-10 14:55:00+05:30,2026-08-10 15:00:00+05:30,1183.9917,1184.1,0.10829999999987194,1184.2082999999998,2026-08-10 15:00:00+05:30,1183.50795,STOP_LOSS,False,0.0,27.624192059128113,-2.8512496500000997
59,2026-08-10,BUY,2026-08-10 13:40:00+05:30,2026-08-10 13:45:00+05:30,1186.29285,1.5928499999999983,1.0,0.25,False,,,,False,,,,False,,,,,,,,,NO_ENTRY,False,,,
59,2026-08-10,BUY,2026-08-10 13:40:00+05:30,2026-08-10 13:45:00+05:30,1186.29285,1.5928499999999983,1.0,0.5,False,,,,False,,,,False,,,,,,,,,NO_ENTRY,False,,,
59,2026-08-10,BUY,2026-08-10 13:40:00+05:30,2026-08-10 13:45:00+05:30,1186.29285,1.5928499999999983,1.0,0.75,False,,,,False,,,,False,,,,,,,,,NO_ENTRY,False,,,
60,2026-08-10,BUY,2026-08-10 14:25:00+05:30,2026-08-10 14:30:00+05:30,1186.29285,3.192850000000135,0.5,0.25,False,,,,False,,,,False,,,,,,,,,NO_ENTRY,False,,,
60,2026-08-10,BUY,2026-08-10 14:25:00+05:30,2026-08-10 14:30:00+05:30,1186.29285,3.192850000000135,0.5,0.5,False,,,,False,,,,False,,,,,,,,,NO_ENTRY,False,,,
60,2026-08-10,BUY,2026-08-10 14:25:00+05:30,2026-08-10 14:30:00+05:30,1186.29285,3.192850000000135,0.5,0.75,False,,,,False,,,,False,,,,,,,,,NO_ENTRY,False,,,
60,2026-08-10,BUY,2026-08-10 14:25:00+05:30,2026-08-10 14:30:00+05:30,1186.29285,3.192850000000135,0.75,0.25,False,,,,False,,,,False,,,,,,,,,NO_ENTRY,False,,,
60,2026-08-10,BUY,2026-08-10 14:25:00+05:30,2026-08-10 14:30:00+05:30,1186.29285,3.192850000000135,0.75,0.5,False,,,,False,,,,False,,,,,,,,,NO_ENTRY,False,,,
60,2026-08-10,BUY,2026-08-10 14:25:00+05:30,2026-08-10 14:30:00+05:30,1186.29285,3.192850000000135,0.75,0.75,False,,,,False,,,,False,,,,,,,,,NO_ENTRY,False,,,
60,2026-08-10,BUY,2026-08-10 14:25:00+05:30,2026-08-10 14:30:00+05:30,1186.29285,3.192850000000135,1.0,0.25,False,,,,False,,,,False,,,,,,,,,NO_ENTRY,False,,,
60,2026-08-10,BUY,2026-08-10 14:25:00+05:30,2026-08-10 14:30:00+05:30,1186.29285,3.192850000000135,1.0,0.5,False,,,,False,,,,False,,,,,,,,,NO_ENTRY,False,,,
60,2026-08-10,BUY,2026-08-10 14:25:00+05:30,2026-08-10 14:30:00+05:30,1186.29285,3.192850000000135,1.0,0.75,False,,,,False,,,,False,,,,,,,,,NO_ENTRY,False,,,
61,2026-08-11,BUY,2026-08-11 09:30:00+05:30,2026-08-11 09:35:00+05:30,1193.7966,4.796600000000126,0.5,0.25,False,,,,False,,,,False,,,,,,,,,NO_ENTRY,False,,,
61,2026-08-11,BUY,2026-08-11 09:30:00+05:30,2026-08-11 09:35:00+05:30,1193.7966,4.796600000000126,0.5,0.5,False,,,,False,,,,False,,,,,,,,,NO_ENTRY,False,,,
61,2026-08-11,BUY,2026-08-11 09:30:00+05:30,2026-08-11 09:35:00+05:30,1193.7966,4.796600000000126,0.5,0.75,False,,,,False,,,,False,,,,,,,,,NO_ENTRY,False,,,
61,2026-08-11,BUY,2026-08-11 09:30:00+05:30,2026-08-11 09:35:00+05:30,1193.7966,4.796600000000126,0.75,0.25,False,,,,False,,,,False,,,,,,,,,NO_ENTRY,False,,,
61,2026-08-11,BUY,2026-08-11 09:30:00+05:30,2026-08-11 09:35:00+05:30,1193.7966,4.796600000000126,0.75,0.5,False,,,,False,,,,False,,,,,,,,,NO_ENTRY,False,,,
61,2026-08-11,BUY,2026-08-11 09:30:00+05:30,2026-08-11 09:35:00+05:30,1193.7966,4.796600000000126,0.75,0.75,False,,,,False,,,,False,,,,,,,,,NO_ENTRY,False,,,
61,2026-08-11,BUY,2026-08-11 09:30:00+05:30,2026-08-11 09:35:00+05:30,1193.7966,4.796600000000126,1.0,0.25,False,,,,False,,,,False,,,,,,,,,NO_ENTRY,False,,,
61,2026-08-11,BUY,2026-08-11 09:30:00+05:30,2026-08-11 09:35:00+05:30,1193.7966,4.796600000000126,1.0,0.5,False,,,,False,,,,False,,,,,,,,,NO_ENTRY,False,,,
61,2026-08-11,BUY,2026-08-11 09:30:00+05:30,2026-08-11 09:35:00+05:30,1193.7966,4.796600000000126,1.0,0.75,False,,,,False,,,,False,,,,,,,,,NO_ENTRY,False,,,
