trade_index,trade_date,direction,signal_time,entry_time,entry_price,risk,original_stop_loss,original_target,original_exit_time,original_exit_reason,initial_move_r,pullback_r,initial_move_reached,initial_move_time,pullback_detected,pullback_time,pullback_price,max_favorable_before_pullback_r,target_after_pullback,target_after_pullback_time,stop_before_pullback,stop_after_pullback,target_before_pullback,valid_pullback_target,valid_pullback_target_without_prior_stop
1,2026-07-01,SELL,2026-07-01 09:35:00+05:30,2026-07-01 09:40:00+05:30,1003.0982,2.501800000000003,1005.6,998.0946,2026-07-01 09:45:00+05:30,STOP_LOSS,0.5,0.25,True,2026-07-01 09:40:00+05:30,True,2026-07-01 09:45:00+05:30,1001.82545,2.3176113198497315,True,2026-07-01 10:20:00+05:30,True,True,False,True,False
1,2026-07-01,SELL,2026-07-01 09:35:00+05:30,2026-07-01 09:40:00+05:30,1003.0982,2.501800000000003,1005.6,998.0946,2026-07-01 09:45:00+05:30,STOP_LOSS,0.5,0.5,True,2026-07-01 09:40:00+05:30,True,2026-07-01 09:45:00+05:30,1002.4509,2.3176113198497315,True,2026-07-01 10:20:00+05:30,True,True,False,True,False
1,2026-07-01,SELL,2026-07-01 09:35:00+05:30,2026-07-01 09:40:00+05:30,1003.0982,2.501800000000003,1005.6,998.0946,2026-07-01 09:45:00+05:30,STOP_LOSS,0.5,0.75,True,2026-07-01 09:40:00+05:30,True,2026-07-01 09:45:00+05:30,1003.07635,2.3176113198497315,True,2026-07-01 10:20:00+05:30,True,True,False,True,False
1,2026-07-01,SELL,2026-07-01 09:35:00+05:30,2026-07-01 09:40:00+05:30,1003.0982,2.501800000000003,1005.6,998.0946,2026-07-01 09:45:00+05:30,STOP_LOSS,0.5,1.0,True,2026-07-01 09:40:00+05:30,True,2026-07-01 09:45:00+05:30,1003.7018,2.3176113198497315,True,2026-07-01 10:20:00+05:30,True,True,False,True,False
1,2026-07-01,SELL,2026-07-01 09:35:00+05:30,2026-07-01 09:40:00+05:30,1003.0982,2.501800000000003,1005.6,998.0946,2026-07-01 09:45:00+05:30,STOP_LOSS,0.75,0.25,True,2026-07-01 09:40:00+05:30,True,2026-07-01 09:45:00+05:30,1001.82545,2.3176113198497315,True,2026-07-01 10:20:00+05:30,True,True,False,True,False
1,2026-07-01,SELL,2026-07-01 09:35:00+05:30,2026-07-01 09:40:00+05:30,1003.0982,2.501800000000003,1005.6,998.0946,2026-07-01 09:45:00+05:30,STOP_LOSS,0.75,0.5,True,2026-07-01 09:40:00+05:30,True,2026-07-01 09:45:00+05:30,1002.4509,2.3176113198497315,True,2026-07-01 10:20:00+05:30,True,True,False,True,False
1,2026-07-01,SELL,2026-07-01 09:35:00+05:30,2026-07-01 09:40:00+05:30,1003.0982,2.501800000000003,1005.6,998.0946,2026-07-01 09:45:00+05:30,STOP_LOSS,0.75,0.75,True,2026-07-01 09:40:00+05:30,True,2026-07-01 09:45:00+05:30,1003.07635,2.3176113198497315,True,2026-07-01 10:20:00+05:30,True,True,False,True,False
1,2026-07-01,SELL,2026-07-01 09:35:00+05:30,2026-07-01 09:40:00+05:30,1003.0982,2.501800000000003,1005.6,998.0946,2026-07-01 09:45:00+05:30,STOP_LOSS,0.75,1.0,True,2026-07-01 09:40:00+05:30,True,2026-07-01 09:45:00+05:30,1003.7018,2.3176113198497315,True,2026-07-01 10:20:00+05:30,True,True,False,True,False
1,2026-07-01,SELL,2026-07-01 09:35:00+05:30,2026-07-01 09:40:00+05:30,1003.0982,2.501800000000003,1005.6,998.0946,2026-07-01 09:45:00+05:30,STOP_LOSS,1.0,0.25,True,2026-07-01 10:00:00+05:30,True,2026-07-01 10:05:00+05:30,999.62545,2.3176113198497315,True,2026-07-01 10:20:00+05:30,True,False,False,True,False
1,2026-07-01,SELL,2026-07-01 09:35:00+05:30,2026-07-01 09:40:00+05:30,1003.0982,2.501800000000003,1005.6,998.0946,2026-07-01 09:45:00+05:30,STOP_LOSS,1.0,0.5,True,2026-07-01 10:00:00+05:30,True,2026-07-01 10:05:00+05:30,1000.2509,2.3176113198497315,True,2026-07-01 10:20:00+05:30,True,False,False,True,False
1,2026-07-01,SELL,2026-07-01 09:35:00+05:30,2026-07-01 09:40:00+05:30,1003.0982,2.501800000000003,1005.6,998.0946,2026-07-01 09:45:00+05:30,STOP_LOSS,1.0,0.75,True,2026-07-01 10:00:00+05:30,True,2026-07-01 10:05:00+05:30,1000.87635,2.3176113198497315,True,2026-07-01 10:20:00+05:30,True,False,False,True,False
1,2026-07-01,SELL,2026-07-01 09:35:00+05:30,2026-07-01 09:40:00+05:30,1003.0982,2.501800000000003,1005.6,998.0946,2026-07-01 09:45:00+05:30,STOP_LOSS,1.0,1.0,True,2026-07-01 10:00:00+05:30,True,2026-07-01 10:15:00+05:30,1001.5018,2.3176113198497315,True,2026-07-01 10:20:00+05:30,True,False,False,True,False
1,2026-07-01,SELL,2026-07-01 09:35:00+05:30,2026-07-01 09:40:00+05:30,1003.0982,2.501800000000003,1005.6,998.0946,2026-07-01 09:45:00+05:30,STOP_LOSS,1.25,0.25,True,2026-07-01 10:00:00+05:30,True,2026-07-01 10:05:00+05:30,999.62545,2.3176113198497315,True,2026-07-01 10:20:00+05:30,True,False,False,True,False
1,2026-07-01,SELL,2026-07-01 09:35:00+05:30,2026-07-01 09:40:00+05:30,1003.0982,2.501800000000003,1005.6,998.0946,2026-07-01 09:45:00+05:30,STOP_LOSS,1.25,0.5,True,2026-07-01 10:00:00+05:30,True,2026-07-01 10:05:00+05:30,1000.2509,2.3176113198497315,True,2026-07-01 10:20:00+05:30,True,False,False,True,False
1,2026-07-01,SELL,2026-07-01 09:35:00+05:30,2026-07-01 09:40:00+05:30,1003.0982,2.501800000000003,1005.6,998.0946,2026-07-01 09:45:00+05:30,STOP_LOSS,1.25,0.75,True,2026-07-01 10:00:00+05:30,True,2026-07-01 10:05:00+05:30,1000.87635,2.3176113198497315,True,2026-07-01 10:20:00+05:30,True,False,False,True,False
1,2026-07-01,SELL,2026-07-01 09:35:00+05:30,2026-07-01 09:40:00+05:30,1003.0982,2.501800000000003,1005.6,998.0946,2026-07-01 09:45:00+05:30,STOP_LOSS,1.25,1.0,True,2026-07-01 10:00:00+05:30,True,2026-07-01 10:15:00+05:30,1001.5018,2.3176113198497315,True,2026-07-01 10:20:00+05:30,True,False,False,True,False
1,2026-07-01,SELL,2026-07-01 09:35:00+05:30,2026-07-01 09:40:00+05:30,1003.0982,2.501800000000003,1005.6,998.0946,2026-07-01 09:45:00+05:30,STOP_LOSS,1.5,0.25,True,2026-07-01 10:05:00+05:30,True,2026-07-01 10:10:00+05:30,999.62545,2.3176113198497315,True,2026-07-01 10:20:00+05:30,True,False,False,True,False
1,2026-07-01,SELL,2026-07-01 09:35:00+05:30,2026-07-01 09:40:00+05:30,1003.0982,2.501800000000003,1005.6,998.0946,2026-07-01 09:45:00+05:30,STOP_LOSS,1.5,0.5,True,2026-07-01 10:05:00+05:30,True,2026-07-01 10:10:00+05:30,1000.2509,2.3176113198497315,True,2026-07-01 10:20:00+05:30,True,False,False,True,False
1,2026-07-01,SELL,2026-07-01 09:35:00+05:30,2026-07-01 09:40:00+05:30,1003.0982,2.501800000000003,1005.6,998.0946,2026-07-01 09:45:00+05:30,STOP_LOSS,1.5,0.75,True,2026-07-01 10:05:00+05:30,True,2026-07-01 10:15:00+05:30,1000.87635,2.3176113198497315,True,2026-07-01 10:20:00+05:30,True,False,False,True,False
1,2026-07-01,SELL,2026-07-01 09:35:00+05:30,2026-07-01 09:40:00+05:30,1003.0982,2.501800000000003,1005.6,998.0946,2026-07-01 09:45:00+05:30,STOP_LOSS,1.5,1.0,True,2026-07-01 10:05:00+05:30,True,2026-07-01 10:15:00+05:30,1001.5018,2.3176113198497315,True,2026-07-01 10:20:00+05:30,True,False,False,True,False
2,2026-07-01,SELL,2026-07-01 09:50:00+05:30,2026-07-01 09:55:00+05:30,1002.4985,3.20150000000001,1005.7,996.0955,2026-07-01 12:10:00+05:30,TARGET,0.5,0.25,True,2026-07-01 10:00:00+05:30,True,2026-07-01 10:05:00+05:30,999.800375,2.6233015773855963,True,2026-07-01 12:10:00+05:30,False,False,False,True,True
2,2026-07-01,SELL,2026-07-01 09:50:00+05:30,2026-07-01 09:55:00+05:30,1002.4985,3.20150000000001,1005.7,996.0955,2026-07-01 12:10:00+05:30,TARGET,0.5,0.5,True,2026-07-01 10:00:00+05:30,True,2026-07-01 10:05:00+05:30,1000.6007500000001,2.6233015773855963,True,2026-07-01 12:10:00+05:30,False,False,False,True,True
2,2026-07-01,SELL,2026-07-01 09:50:00+05:30,2026-07-01 09:55:00+05:30,1002.4985,3.20150000000001,1005.7,996.0955,2026-07-01 12:10:00+05:30,TARGET,0.5,0.75,True,2026-07-01 10:00:00+05:30,True,2026-07-01 10:15:00+05:30,1001.401125,2.6233015773855963,True,2026-07-01 12:10:00+05:30,False,False,False,True,True
2,2026-07-01,SELL,2026-07-01 09:50:00+05:30,2026-07-01 09:55:00+05:30,1002.4985,3.20150000000001,1005.7,996.0955,2026-07-01 12:10:00+05:30,TARGET,0.5,1.0,True,2026-07-01 10:00:00+05:30,True,2026-07-01 10:20:00+05:30,1000.5015,2.6233015773855963,True,2026-07-01 12:10:00+05:30,False,False,False,True,True
2,2026-07-01,SELL,2026-07-01 09:50:00+05:30,2026-07-01 09:55:00+05:30,1002.4985,3.20150000000001,1005.7,996.0955,2026-07-01 12:10:00+05:30,TARGET,0.75,0.25,True,2026-07-01 10:00:00+05:30,True,2026-07-01 10:05:00+05:30,999.800375,2.6233015773855963,True,2026-07-01 12:10:00+05:30,False,False,False,True,True
2,2026-07-01,SELL,2026-07-01 09:50:00+05:30,2026-07-01 09:55:00+05:30,1002.4985,3.20150000000001,1005.7,996.0955,2026-07-01 12:10:00+05:30,TARGET,0.75,0.5,True,2026-07-01 10:00:00+05:30,True,2026-07-01 10:05:00+05:30,1000.6007500000001,2.6233015773855963,True,2026-07-01 12:10:00+05:30,False,False,False,True,True
2,2026-07-01,SELL,2026-07-01 09:50:00+05:30,2026-07-01 09:55:00+05:30,1002.4985,3.20150000000001,1005.7,996.0955,2026-07-01 12:10:00+05:30,TARGET,0.75,0.75,True,2026-07-01 10:00:00+05:30,True,2026-07-01 10:15:00+05:30,1001.401125,2.6233015773855963,True,2026-07-01 12:10:00+05:30,False,False,False,True,True
2,2026-07-01,SELL,2026-07-01 09:50:00+05:30,2026-07-01 09:55:00+05:30,1002.4985,3.20150000000001,1005.7,996.0955,2026-07-01 12:10:00+05:30,TARGET,0.75,1.0,True,2026-07-01 10:00:00+05:30,True,2026-07-01 10:20:00+05:30,1000.5015,2.6233015773855963,True,2026-07-01 12:10:00+05:30,False,False,False,True,True
2,2026-07-01,SELL,2026-07-01 09:50:00+05:30,2026-07-01 09:55:00+05:30,1002.4985,3.20150000000001,1005.7,996.0955,2026-07-01 12:10:00+05:30,TARGET,1.0,0.25,True,2026-07-01 10:05:00+05:30,True,2026-07-01 10:10:00+05:30,999.800375,2.6233015773855963,True,2026-07-01 12:10:00+05:30,False,False,False,True,True
2,2026-07-01,SELL,2026-07-01 09:50:00+05:30,2026-07-01 09:55:00+05:30,1002.4985,3.20150000000001,1005.7,996.0955,2026-07-01 12:10:00+05:30,TARGET,1.0,0.5,True,2026-07-01 10:05:00+05:30,True,2026-07-01 10:15:00+05:30,1000.6007500000001,2.6233015773855963,True,2026-07-01 12:10:00+05:30,False,False,False,True,True
2,2026-07-01,SELL,2026-07-01 09:50:00+05:30,2026-07-01 09:55:00+05:30,1002.4985,3.20150000000001,1005.7,996.0955,2026-07-01 12:10:00+05:30,TARGET,1.0,0.75,True,2026-07-01 10:05:00+05:30,True,2026-07-01 10:15:00+05:30,1001.401125,2.6233015773855963,True,2026-07-01 12:10:00+05:30,False,False,False,True,True
2,2026-07-01,SELL,2026-07-01 09:50:00+05:30,2026-07-01 09:55:00+05:30,1002.4985,3.20150000000001,1005.7,996.0955,2026-07-01 12:10:00+05:30,TARGET,1.0,1.0,True,2026-07-01 10:05:00+05:30,True,2026-07-01 10:20:00+05:30,1000.5015,2.6233015773855963,True,2026-07-01 12:10:00+05:30,False,False,False,True,True
2,2026-07-01,SELL,2026-07-01 09:50:00+05:30,2026-07-01 09:55:00+05:30,1002.4985,3.20150000000001,1005.7,996.0955,2026-07-01 12:10:00+05:30,TARGET,1.25,0.25,True,2026-07-01 10:20:00+05:30,True,2026-07-01 10:25:00+05:30,998.100375,2.6233015773855963,True,2026-07-01 12:10:00+05:30,False,False,False,True,True
2,2026-07-01,SELL,2026-07-01 09:50:00+05:30,2026-07-01 09:55:00+05:30,1002.4985,3.20150000000001,1005.7,996.0955,2026-07-01 12:10:00+05:30,TARGET,1.25,0.5,True,2026-07-01 10:20:00+05:30,True,2026-07-01 10:25:00+05:30,998.90075,2.6233015773855963,True,2026-07-01 12:10:00+05:30,False,False,False,True,True
2,2026-07-01,SELL,2026-07-01 09:50:00+05:30,2026-07-01 09:55:00+05:30,1002.4985,3.20150000000001,1005.7,996.0955,2026-07-01 12:10:00+05:30,TARGET,1.25,0.75,True,2026-07-01 10:20:00+05:30,True,2026-07-01 10:25:00+05:30,999.7011249999999,2.6233015773855963,True,2026-07-01 12:10:00+05:30,False,False,False,True,True
2,2026-07-01,SELL,2026-07-01 09:50:00+05:30,2026-07-01 09:55:00+05:30,1002.4985,3.20150000000001,1005.7,996.0955,2026-07-01 12:10:00+05:30,TARGET,1.25,1.0,True,2026-07-01 10:20:00+05:30,True,2026-07-01 11:00:00+05:30,999.8015,2.6233015773855963,True,2026-07-01 12:10:00+05:30,False,False,False,True,True
2,2026-07-01,SELL,2026-07-01 09:50:00+05:30,2026-07-01 09:55:00+05:30,1002.4985,3.20150000000001,1005.7,996.0955,2026-07-01 12:10:00+05:30,TARGET,1.5,0.25,True,2026-07-01 10:20:00+05:30,True,2026-07-01 10:25:00+05:30,998.100375,2.6233015773855963,True,2026-07-01 12:10:00+05:30,False,False,False,True,True
2,2026-07-01,SELL,2026-07-01 09:50:00+05:30,2026-07-01 09:55:00+05:30,1002.4985,3.20150000000001,1005.7,996.0955,2026-07-01 12:10:00+05:30,TARGET,1.5,0.5,True,2026-07-01 10:20:00+05:30,True,2026-07-01 10:25:00+05:30,998.90075,2.6233015773855963,True,2026-07-01 12:10:00+05:30,False,False,False,True,True
2,2026-07-01,SELL,2026-07-01 09:50:00+05:30,2026-07-01 09:55:00+05:30,1002.4985,3.20150000000001,1005.7,996.0955,2026-07-01 12:10:00+05:30,TARGET,1.5,0.75,True,2026-07-01 10:20:00+05:30,True,2026-07-01 10:25:00+05:30,999.7011249999999,2.6233015773855963,True,2026-07-01 12:10:00+05:30,False,False,False,True,True
2,2026-07-01,SELL,2026-07-01 09:50:00+05:30,2026-07-01 09:55:00+05:30,1002.4985,3.20150000000001,1005.7,996.0955,2026-07-01 12:10:00+05:30,TARGET,1.5,1.0,True,2026-07-01 10:20:00+05:30,True,2026-07-01 11:00:00+05:30,999.8015,2.6233015773855963,True,2026-07-01 12:10:00+05:30,False,False,False,True,True
3,2026-07-02,BUY,2026-07-02 09:35:00+05:30,2026-07-02 09:40:00+05:30,1031.7156,4.015599999999949,1027.7,1039.7468,2026-07-02 11:20:00+05:30,TARGET,0.5,0.25,True,2026-07-02 09:40:00+05:30,True,2026-07-02 09:45:00+05:30,1033.8961000000002,2.212471361689418,True,2026-07-02 11:20:00+05:30,False,False,False,True,True
3,2026-07-02,BUY,2026-07-02 09:35:00+05:30,2026-07-02 09:40:00+05:30,1031.7156,4.015599999999949,1027.7,1039.7468,2026-07-02 11:20:00+05:30,TARGET,0.5,0.5,True,2026-07-02 09:40:00+05:30,True,2026-07-02 09:45:00+05:30,1032.8922000000002,2.212471361689418,True,2026-07-02 11:20:00+05:30,False,False,False,True,True
3,2026-07-02,BUY,2026-07-02 09:35:00+05:30,2026-07-02 09:40:00+05:30,1031.7156,4.015599999999949,1027.7,1039.7468,2026-07-02 11:20:00+05:30,TARGET,0.5,0.75,True,2026-07-02 09:40:00+05:30,True,2026-07-02 09:45:00+05:30,1031.8883,2.212471361689418,True,2026-07-02 11:20:00+05:30,False,False,False,True,True
3,2026-07-02,BUY,2026-07-02 09:35:00+05:30,2026-07-02 09:40:00+05:30,1031.7156,4.015599999999949,1027.7,1039.7468,2026-07-02 11:20:00+05:30,TARGET,0.5,1.0,True,2026-07-02 09:40:00+05:30,True,2026-07-02 09:45:00+05:30,1030.8844000000001,2.212471361689418,True,2026-07-02 11:20:00+05:30,False,False,False,True,True
3,2026-07-02,BUY,2026-07-02 09:35:00+05:30,2026-07-02 09:40:00+05:30,1031.7156,4.015599999999949,1027.7,1039.7468,2026-07-02 11:20:00+05:30,TARGET,0.75,0.25,True,2026-07-02 09:45:00+05:30,True,2026-07-02 09:50:00+05:30,1033.8961000000002,2.212471361689418,True,2026-07-02 11:20:00+05:30,False,False,False,True,True
3,2026-07-02,BUY,2026-07-02 09:35:00+05:30,2026-07-02 09:40:00+05:30,1031.7156,4.015599999999949,1027.7,1039.7468,2026-07-02 11:20:00+05:30,TARGET,0.75,0.5,True,2026-07-02 09:45:00+05:30,True,2026-07-02 09:50:00+05:30,1032.8922000000002,2.212471361689418,True,2026-07-02 11:20:00+05:30,False,False,False,True,True
3,2026-07-02,BUY,2026-07-02 09:35:00+05:30,2026-07-02 09:40:00+05:30,1031.7156,4.015599999999949,1027.7,1039.7468,2026-07-02 11:20:00+05:30,TARGET,0.75,0.75,True,2026-07-02 09:45:00+05:30,True,2026-07-02 09:50:00+05:30,1031.8883,2.212471361689418,True,2026-07-02 11:20:00+05:30,False,False,False,True,True
3,2026-07-02,BUY,2026-07-02 09:35:00+05:30,2026-07-02 09:40:00+05:30,1031.7156,4.015599999999949,1027.7,1039.7468,2026-07-02 11:20:00+05:30,TARGET,0.75,1.0,True,2026-07-02 09:45:00+05:30,True,2026-07-02 09:50:00+05:30,1030.8844000000001,2.212471361689418,True,2026-07-02 11:20:00+05:30,False,False,False,True,True
3,2026-07-02,BUY,2026-07-02 09:35:00+05:30,2026-07-02 09:40:00+05:30,1031.7156,4.015599999999949,1027.7,1039.7468,2026-07-02 11:20:00+05:30,TARGET,1.0,0.25,True,2026-07-02 10:15:00+05:30,True,2026-07-02 10:20:00+05:30,1037.9961,2.212471361689418,True,2026-07-02 11:20:00+05:30,False,False,False,True,True
3,2026-07-02,BUY,2026-07-02 09:35:00+05:30,2026-07-02 09:40:00+05:30,1031.7156,4.015599999999949,1027.7,1039.7468,2026-07-02 11:20:00+05:30,TARGET,1.0,0.5,True,2026-07-02 10:15:00+05:30,True,2026-07-02 10:20:00+05:30,1036.9922000000001,2.212471361689418,True,2026-07-02 11:20:00+05:30,False,False,False,True,True
3,2026-07-02,BUY,2026-07-02 09:35:00+05:30,2026-07-02 09:40:00+05:30,1031.7156,4.015599999999949,1027.7,1039.7468,2026-07-02 11:20:00+05:30,TARGET,1.0,0.75,True,2026-07-02 10:15:00+05:30,True,2026-07-02 10:20:00+05:30,1035.9883,2.212471361689418,True,2026-07-02 11:20:00+05:30,False,False,False,True,True
3,2026-07-02,BUY,2026-07-02 09:35:00+05:30,2026-07-02 09:40:00+05:30,1031.7156,4.015599999999949,1027.7,1039.7468,2026-07-02 11:20:00+05:30,TARGET,1.0,1.0,True,2026-07-02 10:15:00+05:30,True,2026-07-02 10:35:00+05:30,1034.9844,2.212471361689418,True,2026-07-02 11:20:00+05:30,False,False,False,True,True
3,2026-07-02,BUY,2026-07-02 09:35:00+05:30,2026-07-02 09:40:00+05:30,1031.7156,4.015599999999949,1027.7,1039.7468,2026-07-02 11:20:00+05:30,TARGET,1.25,0.25,True,2026-07-02 10:20:00+05:30,True,2026-07-02 10:25:00+05:30,1037.9961,2.212471361689418,True,2026-07-02 11:20:00+05:30,False,False,False,True,True
3,2026-07-02,BUY,2026-07-02 09:35:00+05:30,2026-07-02 09:40:00+05:30,1031.7156,4.015599999999949,1027.7,1039.7468,2026-07-02 11:20:00+05:30,TARGET,1.25,0.5,True,2026-07-02 10:20:00+05:30,True,2026-07-02 10:25:00+05:30,1036.9922000000001,2.212471361689418,True,2026-07-02 11:20:00+05:30,False,False,False,True,True
3,2026-07-02,BUY,2026-07-02 09:35:00+05:30,2026-07-02 09:40:00+05:30,1031.7156,4.015599999999949,1027.7,1039.7468,2026-07-02 11:20:00+05:30,TARGET,1.25,0.75,True,2026-07-02 10:20:00+05:30,True,2026-07-02 10:25:00+05:30,1035.9883,2.212471361689418,True,2026-07-02 11:20:00+05:30,False,False,False,True,True
3,2026-07-02,BUY,2026-07-02 09:35:00+05:30,2026-07-02 09:40:00+05:30,1031.7156,4.015599999999949,1027.7,1039.7468,2026-07-02 11:20:00+05:30,TARGET,1.25,1.0,True,2026-07-02 10:20:00+05:30,True,2026-07-02 10:35:00+05:30,1034.9844,2.212471361689418,True,2026-07-02 11:20:00+05:30,False,False,False,True,True
3,2026-07-02,BUY,2026-07-02 09:35:00+05:30,2026-07-02 09:40:00+05:30,1031.7156,4.015599999999949,1027.7,1039.7468,2026-07-02 11:20:00+05:30,TARGET,1.5,0.25,True,2026-07-02 10:20:00+05:30,True,2026-07-02 10:25:00+05:30,1037.9961,2.212471361689418,True,2026-07-02 11:20:00+05:30,False,False,False,True,True
3,2026-07-02,BUY,2026-07-02 09:35:00+05:30,2026-07-02 09:40:00+05:30,1031.7156,4.015599999999949,1027.7,1039.7468,2026-07-02 11:20:00+05:30,TARGET,1.5,0.5,True,2026-07-02 10:20:00+05:30,True,2026-07-02 10:25:00+05:30,1036.9922000000001,2.212471361689418,True,2026-07-02 11:20:00+05:30,False,False,False,True,True
3,2026-07-02,BUY,2026-07-02 09:35:00+05:30,2026-07-02 09:40:00+05:30,1031.7156,4.015599999999949,1027.7,1039.7468,2026-07-02 11:20:00+05:30,TARGET,1.5,0.75,True,2026-07-02 10:20:00+05:30,True,2026-07-02 10:25:00+05:30,1035.9883,2.212471361689418,True,2026-07-02 11:20:00+05:30,False,False,False,True,True
3,2026-07-02,BUY,2026-07-02 09:35:00+05:30,2026-07-02 09:40:00+05:30,1031.7156,4.015599999999949,1027.7,1039.7468,2026-07-02 11:20:00+05:30,TARGET,1.5,1.0,True,2026-07-02 10:20:00+05:30,True,2026-07-02 10:35:00+05:30,1034.9844,2.212471361689418,True,2026-07-02 11:20:00+05:30,False,False,False,True,True
4,2026-07-03,SELL,2026-07-03 09:30:00+05:30,2026-07-03 09:35:00+05:30,1051.2741,2.925900000000184,1054.2,1045.4222999999995,2026-07-03 09:40:00+05:30,TARGET,0.5,0.25,True,2026-07-03 09:35:00+05:30,True,2026-07-03 09:40:00+05:30,1045.731475,3.1696571994940044,True,2026-07-03 09:45:00+05:30,False,False,True,False,False
4,2026-07-03,SELL,2026-07-03 09:30:00+05:30,2026-07-03 09:35:00+05:30,1051.2741,2.925900000000184,1054.2,1045.4222999999995,2026-07-03 09:40:00+05:30,TARGET,0.5,0.5,True,2026-07-03 09:35:00+05:30,True,2026-07-03 09:40:00+05:30,1046.46295,3.1696571994940044,True,2026-07-03 09:45:00+05:30,False,False,True,False,False
4,2026-07-03,SELL,2026-07-03 09:30:00+05:30,2026-07-03 09:35:00+05:30,1051.2741,2.925900000000184,1054.2,1045.4222999999995,2026-07-03 09:40:00+05:30,TARGET,0.5,0.75,True,2026-07-03 09:35:00+05:30,True,2026-07-03 09:40:00+05:30,1047.1944250000001,3.1696571994940044,True,2026-07-03 09:45:00+05:30,False,False,True,False,False
4,2026-07-03,SELL,2026-07-03 09:30:00+05:30,2026-07-03 09:35:00+05:30,1051.2741,2.925900000000184,1054.2,1045.4222999999995,2026-07-03 09:40:00+05:30,TARGET,0.5,1.0,True,2026-07-03 09:35:00+05:30,True,2026-07-03 09:40:00+05:30,1047.9259000000002,3.1696571994940044,True,2026-07-03 09:45:00+05:30,False,False,True,False,False
4,2026-07-03,SELL,2026-07-03 09:30:00+05:30,2026-07-03 09:35:00+05:30,1051.2741,2.925900000000184,1054.2,1045.4222999999995,2026-07-03 09:40:00+05:30,TARGET,0.75,0.25,True,2026-07-03 09:35:00+05:30,True,2026-07-03 09:40:00+05:30,1045.731475,3.1696571994940044,True,2026-07-03 09:45:00+05:30,False,False,True,False,False
4,2026-07-03,SELL,2026-07-03 09:30:00+05:30,2026-07-03 09:35:00+05:30,1051.2741,2.925900000000184,1054.2,1045.4222999999995,2026-07-03 09:40:00+05:30,TARGET,0.75,0.5,True,2026-07-03 09:35:00+05:30,True,2026-07-03 09:40:00+05:30,1046.46295,3.1696571994940044,True,2026-07-03 09:45:00+05:30,False,False,True,False,False
4,2026-07-03,SELL,2026-07-03 09:30:00+05:30,2026-07-03 09:35:00+05:30,1051.2741,2.925900000000184,1054.2,1045.4222999999995,2026-07-03 09:40:00+05:30,TARGET,0.75,0.75,True,2026-07-03 09:35:00+05:30,True,2026-07-03 09:40:00+05:30,1047.1944250000001,3.1696571994940044,True,2026-07-03 09:45:00+05:30,False,False,True,False,False
4,2026-07-03,SELL,2026-07-03 09:30:00+05:30,2026-07-03 09:35:00+05:30,1051.2741,2.925900000000184,1054.2,1045.4222999999995,2026-07-03 09:40:00+05:30,TARGET,0.75,1.0,True,2026-07-03 09:35:00+05:30,True,2026-07-03 09:40:00+05:30,1047.9259000000002,3.1696571994940044,True,2026-07-03 09:45:00+05:30,False,False,True,False,False
4,2026-07-03,SELL,2026-07-03 09:30:00+05:30,2026-07-03 09:35:00+05:30,1051.2741,2.925900000000184,1054.2,1045.4222999999995,2026-07-03 09:40:00+05:30,TARGET,1.0,0.25,True,2026-07-03 09:40:00+05:30,True,2026-07-03 09:45:00+05:30,1042.731475,3.1696571994940044,True,2026-07-03 09:50:00+05:30,False,False,True,False,False
4,2026-07-03,SELL,2026-07-03 09:30:00+05:30,2026-07-03 09:35:00+05:30,1051.2741,2.925900000000184,1054.2,1045.4222999999995,2026-07-03 09:40:00+05:30,TARGET,1.0,0.5,True,2026-07-03 09:40:00+05:30,True,2026-07-03 09:45:00+05:30,1043.46295,3.1696571994940044,True,2026-07-03 09:50:00+05:30,False,False,True,False,False
4,2026-07-03,SELL,2026-07-03 09:30:00+05:30,2026-07-03 09:35:00+05:30,1051.2741,2.925900000000184,1054.2,1045.4222999999995,2026-07-03 09:40:00+05:30,TARGET,1.0,0.75,True,2026-07-03 09:40:00+05:30,True,2026-07-03 09:45:00+05:30,1044.1944250000001,3.1696571994940044,True,2026-07-03 09:50:00+05:30,False,False,True,False,False
4,2026-07-03,SELL,2026-07-03 09:30:00+05:30,2026-07-03 09:35:00+05:30,1051.2741,2.925900000000184,1054.2,1045.4222999999995,2026-07-03 09:40:00+05:30,TARGET,1.0,1.0,True,2026-07-03 09:40:00+05:30,True,2026-07-03 09:45:00+05:30,1044.9259000000002,3.1696571994940044,True,2026-07-03 09:50:00+05:30,False,False,True,False,False
4,2026-07-03,SELL,2026-07-03 09:30:00+05:30,2026-07-03 09:35:00+05:30,1051.2741,2.925900000000184,1054.2,1045.4222999999995,2026-07-03 09:40:00+05:30,TARGET,1.25,0.25,True,2026-07-03 09:40:00+05:30,True,2026-07-03 09:45:00+05:30,1042.731475,3.1696571994940044,True,2026-07-03 09:50:00+05:30,False,False,True,False,False
4,2026-07-03,SELL,2026-07-03 09:30:00+05:30,2026-07-03 09:35:00+05:30,1051.2741,2.925900000000184,1054.2,1045.4222999999995,2026-07-03 09:40:00+05:30,TARGET,1.25,0.5,True,2026-07-03 09:40:00+05:30,True,2026-07-03 09:45:00+05:30,1043.46295,3.1696571994940044,True,2026-07-03 09:50:00+05:30,False,False,True,False,False
4,2026-07-03,SELL,2026-07-03 09:30:00+05:30,2026-07-03 09:35:00+05:30,1051.2741,2.925900000000184,1054.2,1045.4222999999995,2026-07-03 09:40:00+05:30,TARGET,1.25,0.75,True,2026-07-03 09:40:00+05:30,True,2026-07-03 09:45:00+05:30,1044.1944250000001,3.1696571994940044,True,2026-07-03 09:50:00+05:30,False,False,True,False,False
4,2026-07-03,SELL,2026-07-03 09:30:00+05:30,2026-07-03 09:35:00+05:30,1051.2741,2.925900000000184,1054.2,1045.4222999999995,2026-07-03 09:40:00+05:30,TARGET,1.25,1.0,True,2026-07-03 09:40:00+05:30,True,2026-07-03 09:45:00+05:30,1044.9259000000002,3.1696571994940044,True,2026-07-03 09:50:00+05:30,False,False,True,False,False
4,2026-07-03,SELL,2026-07-03 09:30:00+05:30,2026-07-03 09:35:00+05:30,1051.2741,2.925900000000184,1054.2,1045.4222999999995,2026-07-03 09:40:00+05:30,TARGET,1.5,0.25,True,2026-07-03 09:40:00+05:30,True,2026-07-03 09:45:00+05:30,1042.731475,3.1696571994940044,True,2026-07-03 09:50:00+05:30,False,False,True,False,False
4,2026-07-03,SELL,2026-07-03 09:30:00+05:30,2026-07-03 09:35:00+05:30,1051.2741,2.925900000000184,1054.2,1045.4222999999995,2026-07-03 09:40:00+05:30,TARGET,1.5,0.5,True,2026-07-03 09:40:00+05:30,True,2026-07-03 09:45:00+05:30,1043.46295,3.1696571994940044,True,2026-07-03 09:50:00+05:30,False,False,True,False,False
4,2026-07-03,SELL,2026-07-03 09:30:00+05:30,2026-07-03 09:35:00+05:30,1051.2741,2.925900000000184,1054.2,1045.4222999999995,2026-07-03 09:40:00+05:30,TARGET,1.5,0.75,True,2026-07-03 09:40:00+05:30,True,2026-07-03 09:45:00+05:30,1044.1944250000001,3.1696571994940044,True,2026-07-03 09:50:00+05:30,False,False,True,False,False
4,2026-07-03,SELL,2026-07-03 09:30:00+05:30,2026-07-03 09:35:00+05:30,1051.2741,2.925900000000184,1054.2,1045.4222999999995,2026-07-03 09:40:00+05:30,TARGET,1.5,1.0,True,2026-07-03 09:40:00+05:30,True,2026-07-03 09:45:00+05:30,1044.9259000000002,3.1696571994940044,True,2026-07-03 09:50:00+05:30,False,False,True,False,False
5,2026-07-03,SELL,2026-07-03 11:55:00+05:30,2026-07-03 12:00:00+05:30,1049.97475,3.625249999999824,1053.6,1042.7242500000004,2026-07-03 12:15:00+05:30,STOP_LOSS,0.5,0.25,True,2026-07-03 13:20:00+05:30,True,2026-07-03 13:25:00+05:30,1046.6063125,2.420453761809659,True,2026-07-06 09:15:00+05:30,True,False,False,True,False
5,2026-07-03,SELL,2026-07-03 11:55:00+05:30,2026-07-03 12:00:00+05:30,1049.97475,3.625249999999824,1053.6,1042.7242500000004,2026-07-03 12:15:00+05:30,STOP_LOSS,0.5,0.5,True,2026-07-03 13:20:00+05:30,True,2026-07-03 13:25:00+05:30,1047.512625,2.420453761809659,True,2026-07-06 09:15:00+05:30,True,False,False,True,False
5,2026-07-03,SELL,2026-07-03 11:55:00+05:30,2026-07-03 12:00:00+05:30,1049.97475,3.625249999999824,1053.6,1042.7242500000004,2026-07-03 12:15:00+05:30,STOP_LOSS,0.5,0.75,True,2026-07-03 13:20:00+05:30,True,2026-07-03 14:00:00+05:30,1046.3189374999997,2.420453761809659,True,2026-07-06 09:15:00+05:30,True,False,False,True,False
5,2026-07-03,SELL,2026-07-03 11:55:00+05:30,2026-07-03 12:00:00+05:30,1049.97475,3.625249999999824,1053.6,1042.7242500000004,2026-07-03 12:15:00+05:30,STOP_LOSS,0.5,1.0,True,2026-07-03 13:20:00+05:30,True,2026-07-03 14:05:00+05:30,1047.2252499999997,2.420453761809659,True,2026-07-06 09:15:00+05:30,True,False,False,True,False
5,2026-07-03,SELL,2026-07-03 11:55:00+05:30,2026-07-03 12:00:00+05:30,1049.97475,3.625249999999824,1053.6,1042.7242500000004,2026-07-03 12:15:00+05:30,STOP_LOSS,0.75,0.25,True,2026-07-03 13:20:00+05:30,True,2026-07-03 13:25:00+05:30,1046.6063125,2.420453761809659,True,2026-07-06 09:15:00+05:30,True,False,False,True,False
5,2026-07-03,SELL,2026-07-03 11:55:00+05:30,2026-07-03 12:00:00+05:30,1049.97475,3.625249999999824,1053.6,1042.7242500000004,2026-07-03 12:15:00+05:30,STOP_LOSS,0.75,0.5,True,2026-07-03 13:20:00+05:30,True,2026-07-03 13:25:00+05:30,1047.512625,2.420453761809659,True,2026-07-06 09:15:00+05:30,True,False,False,True,False
5,2026-07-03,SELL,2026-07-03 11:55:00+05:30,2026-07-03 12:00:00+05:30,1049.97475,3.625249999999824,1053.6,1042.7242500000004,2026-07-03 12:15:00+05:30,STOP_LOSS,0.75,0.75,True,2026-07-03 13:20:00+05:30,True,2026-07-03 14:00:00+05:30,1046.3189374999997,2.420453761809659,True,2026-07-06 09:15:00+05:30,True,False,False,True,False
5,2026-07-03,SELL,2026-07-03 11:55:00+05:30,2026-07-03 12:00:00+05:30,1049.97475,3.625249999999824,1053.6,1042.7242500000004,2026-07-03 12:15:00+05:30,STOP_LOSS,0.75,1.0,True,2026-07-03 13:20:00+05:30,True,2026-07-03 14:05:00+05:30,1047.2252499999997,2.420453761809659,True,2026-07-06 09:15:00+05:30,True,False,False,True,False
5,2026-07-03,SELL,2026-07-03 11:55:00+05:30,2026-07-03 12:00:00+05:30,1049.97475,3.625249999999824,1053.6,1042.7242500000004,2026-07-03 12:15:00+05:30,STOP_LOSS,1.0,0.25,True,2026-07-03 13:20:00+05:30,True,2026-07-03 13:25:00+05:30,1046.6063125,2.420453761809659,True,2026-07-06 09:15:00+05:30,True,False,False,True,False
5,2026-07-03,SELL,2026-07-03 11:55:00+05:30,2026-07-03 12:00:00+05:30,1049.97475,3.625249999999824,1053.6,1042.7242500000004,2026-07-03 12:15:00+05:30,STOP_LOSS,1.0,0.5,True,2026-07-03 13:20:00+05:30,True,2026-07-03 13:25:00+05:30,1047.512625,2.420453761809659,True,2026-07-06 09:15:00+05:30,True,False,False,True,False
5,2026-07-03,SELL,2026-07-03 11:55:00+05:30,2026-07-03 12:00:00+05:30,1049.97475,3.625249999999824,1053.6,1042.7242500000004,2026-07-03 12:15:00+05:30,STOP_LOSS,1.0,0.75,True,2026-07-03 13:20:00+05:30,True,2026-07-03 14:00:00+05:30,1046.3189374999997,2.420453761809659,True,2026-07-06 09:15:00+05:30,True,False,False,True,False
5,2026-07-03,SELL,2026-07-03 11:55:00+05:30,2026-07-03 12:00:00+05:30,1049.97475,3.625249999999824,1053.6,1042.7242500000004,2026-07-03 12:15:00+05:30,STOP_LOSS,1.0,1.0,True,2026-07-03 13:20:00+05:30,True,2026-07-03 14:05:00+05:30,1047.2252499999997,2.420453761809659,True,2026-07-06 09:15:00+05:30,True,False,False,True,False
5,2026-07-03,SELL,2026-07-03 11:55:00+05:30,2026-07-03 12:00:00+05:30,1049.97475,3.625249999999824,1053.6,1042.7242500000004,2026-07-03 12:15:00+05:30,STOP_LOSS,1.25,0.25,True,2026-07-03 13:30:00+05:30,True,2026-07-03 13:35:00+05:30,1045.2063125,2.420453761809659,True,2026-07-06 09:15:00+05:30,True,False,False,True,False
5,2026-07-03,SELL,2026-07-03 11:55:00+05:30,2026-07-03 12:00:00+05:30,1049.97475,3.625249999999824,1053.6,1042.7242500000004,2026-07-03 12:15:00+05:30,STOP_LOSS,1.25,0.5,True,2026-07-03 13:30:00+05:30,True,2026-07-03 13:35:00+05:30,1046.112625,2.420453761809659,True,2026-07-06 09:15:00+05:30,True,False,False,True,False
5,2026-07-03,SELL,2026-07-03 11:55:00+05:30,2026-07-03 12:00:00+05:30,1049.97475,3.625249999999824,1053.6,1042.7242500000004,2026-07-03 12:15:00+05:30,STOP_LOSS,1.25,0.75,True,2026-07-03 13:30:00+05:30,True,2026-07-03 14:00:00+05:30,1046.3189374999997,2.420453761809659,True,2026-07-06 09:15:00+05:30,True,False,False,True,False
5,2026-07-03,SELL,2026-07-03 11:55:00+05:30,2026-07-03 12:00:00+05:30,1049.97475,3.625249999999824,1053.6,1042.7242500000004,2026-07-03 12:15:00+05:30,STOP_LOSS,1.25,1.0,True,2026-07-03 13:30:00+05:30,True,2026-07-03 14:05:00+05:30,1047.2252499999997,2.420453761809659,True,2026-07-06 09:15:00+05:30,True,False,False,True,False
5,2026-07-03,SELL,2026-07-03 11:55:00+05:30,2026-07-03 12:00:00+05:30,1049.97475,3.625249999999824,1053.6,1042.7242500000004,2026-07-03 12:15:00+05:30,STOP_LOSS,1.5,0.25,True,2026-07-03 13:35:00+05:30,True,2026-07-03 13:40:00+05:30,1045.2063125,2.420453761809659,True,2026-07-06 09:15:00+05:30,True,False,False,True,False
5,2026-07-03,SELL,2026-07-03 11:55:00+05:30,2026-07-03 12:00:00+05:30,1049.97475,3.625249999999824,1053.6,1042.7242500000004,2026-07-03 12:15:00+05:30,STOP_LOSS,1.5,0.5,True,2026-07-03 13:35:00+05:30,True,2026-07-03 13:40:00+05:30,1046.112625,2.420453761809659,True,2026-07-06 09:15:00+05:30,True,False,False,True,False
5,2026-07-03,SELL,2026-07-03 11:55:00+05:30,2026-07-03 12:00:00+05:30,1049.97475,3.625249999999824,1053.6,1042.7242500000004,2026-07-03 12:15:00+05:30,STOP_LOSS,1.5,0.75,True,2026-07-03 13:35:00+05:30,True,2026-07-03 14:00:00+05:30,1046.3189374999997,2.420453761809659,True,2026-07-06 09:15:00+05:30,True,False,False,True,False
5,2026-07-03,SELL,2026-07-03 11:55:00+05:30,2026-07-03 12:00:00+05:30,1049.97475,3.625249999999824,1053.6,1042.7242500000004,2026-07-03 12:15:00+05:30,STOP_LOSS,1.5,1.0,True,2026-07-03 13:35:00+05:30,True,2026-07-03 14:05:00+05:30,1047.2252499999997,2.420453761809659,True,2026-07-06 09:15:00+05:30,True,False,False,True,False
6,2026-07-03,SELL,2026-07-03 12:40:00+05:30,2026-07-03 12:45:00+05:30,1051.17415,2.325849999999946,1053.5,1046.5224500000002,2026-07-03 13:20:00+05:30,TARGET,0.5,0.25,True,2026-07-03 13:00:00+05:30,True,2026-07-03 13:05:00+05:30,1049.7814625,2.35361265773809,True,2026-07-03 13:20:00+05:30,False,False,False,True,True
6,2026-07-03,SELL,2026-07-03 12:40:00+05:30,2026-07-03 12:45:00+05:30,1051.17415,2.325849999999946,1053.5,1046.5224500000002,2026-07-03 13:20:00+05:30,TARGET,0.5,0.5,True,2026-07-03 13:00:00+05:30,True,2026-07-03 13:05:00+05:30,1050.362925,2.35361265773809,True,2026-07-03 13:20:00+05:30,False,False,False,True,True
6,2026-07-03,SELL,2026-07-03 12:40:00+05:30,2026-07-03 12:45:00+05:30,1051.17415,2.325849999999946,1053.5,1046.5224500000002,2026-07-03 13:20:00+05:30,TARGET,0.5,0.75,True,2026-07-03 13:00:00+05:30,True,2026-07-03 13:10:00+05:30,1050.7443875,2.35361265773809,True,2026-07-03 13:20:00+05:30,False,False,False,True,True
6,2026-07-03,SELL,2026-07-03 12:40:00+05:30,2026-07-03 12:45:00+05:30,1051.17415,2.325849999999946,1053.5,1046.5224500000002,2026-07-03 13:20:00+05:30,TARGET,0.5,1.0,True,2026-07-03 13:00:00+05:30,True,2026-07-03 13:20:00+05:30,1048.02585,2.35361265773809,True,2026-07-03 13:25:00+05:30,False,False,True,False,False
6,2026-07-03,SELL,2026-07-03 12:40:00+05:30,2026-07-03 12:45:00+05:30,1051.17415,2.325849999999946,1053.5,1046.5224500000002,2026-07-03 13:20:00+05:30,TARGET,0.75,0.25,True,2026-07-03 13:05:00+05:30,True,2026-07-03 13:10:00+05:30,1049.5814625,2.35361265773809,True,2026-07-03 13:20:00+05:30,False,False,False,True,True
6,2026-07-03,SELL,2026-07-03 12:40:00+05:30,2026-07-03 12:45:00+05:30,1051.17415,2.325849999999946,1053.5,1046.5224500000002,2026-07-03 13:20:00+05:30,TARGET,0.75,0.5,True,2026-07-03 13:05:00+05:30,True,2026-07-03 13:10:00+05:30,1050.162925,2.35361265773809,True,2026-07-03 13:20:00+05:30,False,False,False,True,True
6,2026-07-03,SELL,2026-07-03 12:40:00+05:30,2026-07-03 12:45:00+05:30,1051.17415,2.325849999999946,1053.5,1046.5224500000002,2026-07-03 13:20:00+05:30,TARGET,0.75,0.75,True,2026-07-03 13:05:00+05:30,True,2026-07-03 13:10:00+05:30,1050.7443875,2.35361265773809,True,2026-07-03 13:20:00+05:30,False,False,False,True,True
6,2026-07-03,SELL,2026-07-03 12:40:00+05:30,2026-07-03 12:45:00+05:30,1051.17415,2.325849999999946,1053.5,1046.5224500000002,2026-07-03 13:20:00+05:30,TARGET,0.75,1.0,True,2026-07-03 13:05:00+05:30,True,2026-07-03 13:20:00+05:30,1048.02585,2.35361265773809,True,2026-07-03 13:25:00+05:30,False,False,True,False,False
6,2026-07-03,SELL,2026-07-03 12:40:00+05:30,2026-07-03 12:45:00+05:30,1051.17415,2.325849999999946,1053.5,1046.5224500000002,2026-07-03 13:20:00+05:30,TARGET,1.0,0.25,True,2026-07-03 13:20:00+05:30,True,2026-07-03 13:25:00+05:30,1046.2814625,2.4825977599587667,True,2026-07-03 13:30:00+05:30,False,False,True,False,False
6,2026-07-03,SELL,2026-07-03 12:40:00+05:30,2026-07-03 12:45:00+05:30,1051.17415,2.325849999999946,1053.5,1046.5224500000002,2026-07-03 13:20:00+05:30,TARGET,1.0,0.5,True,2026-07-03 13:20:00+05:30,True,2026-07-03 13:25:00+05:30,1046.862925,2.4825977599587667,True,2026-07-03 13:30:00+05:30,False,False,True,False,False
6,2026-07-03,SELL,2026-07-03 12:40:00+05:30,2026-07-03 12:45:00+05:30,1051.17415,2.325849999999946,1053.5,1046.5224500000002,2026-07-03 13:20:00+05:30,TARGET,1.0,0.75,True,2026-07-03 13:20:00+05:30,True,2026-07-03 13:25:00+05:30,1047.4443875,2.4825977599587667,True,2026-07-03 13:30:00+05:30,False,False,True,False,False
6,2026-07-03,SELL,2026-07-03 12:40:00+05:30,2026-07-03 12:45:00+05:30,1051.17415,2.325849999999946,1053.5,1046.5224500000002,2026-07-03 13:20:00+05:30,TARGET,1.0,1.0,True,2026-07-03 13:20:00+05:30,True,2026-07-03 14:00:00+05:30,1045.9258499999999,3.2565083732830242,True,2026-07-03 14:05:00+05:30,False,False,True,False,False
6,2026-07-03,SELL,2026-07-03 12:40:00+05:30,2026-07-03 12:45:00+05:30,1051.17415,2.325849999999946,1053.5,1046.5224500000002,2026-07-03 13:20:00+05:30,TARGET,1.25,0.25,True,2026-07-03 13:20:00+05:30,True,2026-07-03 13:25:00+05:30,1046.2814625,2.4825977599587667,True,2026-07-03 13:30:00+05:30,False,False,True,False,False
6,2026-07-03,SELL,2026-07-03 12:40:00+05:30,2026-07-03 12:45:00+05:30,1051.17415,2.325849999999946,1053.5,1046.5224500000002,2026-07-03 13:20:00+05:30,TARGET,1.25,0.5,True,2026-07-03 13:20:00+05:30,True,2026-07-03 13:25:00+05:30,1046.862925,2.4825977599587667,True,2026-07-03 13:30:00+05:30,False,False,True,False,False
6,2026-07-03,SELL,2026-07-03 12:40:00+05:30,2026-07-03 12:45:00+05:30,1051.17415,2.325849999999946,1053.5,1046.5224500000002,2026-07-03 13:20:00+05:30,TARGET,1.25,0.75,True,2026-07-03 13:20:00+05:30,True,2026-07-03 13:25:00+05:30,1047.4443875,2.4825977599587667,True,2026-07-03 13:30:00+05:30,False,False,True,False,False
6,2026-07-03,SELL,2026-07-03 12:40:00+05:30,2026-07-03 12:45:00+05:30,1051.17415,2.325849999999946,1053.5,1046.5224500000002,2026-07-03 13:20:00+05:30,TARGET,1.25,1.0,True,2026-07-03 13:20:00+05:30,True,2026-07-03 14:00:00+05:30,1045.9258499999999,3.2565083732830242,True,2026-07-03 14:05:00+05:30,False,False,True,False,False
6,2026-07-03,SELL,2026-07-03 12:40:00+05:30,2026-07-03 12:45:00+05:30,1051.17415,2.325849999999946,1053.5,1046.5224500000002,2026-07-03 13:20:00+05:30,TARGET,1.5,0.25,True,2026-07-03 13:20:00+05:30,True,2026-07-03 13:25:00+05:30,1046.2814625,2.4825977599587667,True,2026-07-03 13:30:00+05:30,False,False,True,False,False
6,2026-07-03,SELL,2026-07-03 12:40:00+05:30,2026-07-03 12:45:00+05:30,1051.17415,2.325849999999946,1053.5,1046.5224500000002,2026-07-03 13:20:00+05:30,TARGET,1.5,0.5,True,2026-07-03 13:20:00+05:30,True,2026-07-03 13:25:00+05:30,1046.862925,2.4825977599587667,True,2026-07-03 13:30:00+05:30,False,False,True,False,False
6,2026-07-03,SELL,2026-07-03 12:40:00+05:30,2026-07-03 12:45:00+05:30,1051.17415,2.325849999999946,1053.5,1046.5224500000002,2026-07-03 13:20:00+05:30,TARGET,1.5,0.75,True,2026-07-03 13:20:00+05:30,True,2026-07-03 13:25:00+05:30,1047.4443875,2.4825977599587667,True,2026-07-03 13:30:00+05:30,False,False,True,False,False
6,2026-07-03,SELL,2026-07-03 12:40:00+05:30,2026-07-03 12:45:00+05:30,1051.17415,2.325849999999946,1053.5,1046.5224500000002,2026-07-03 13:20:00+05:30,TARGET,1.5,1.0,True,2026-07-03 13:20:00+05:30,True,2026-07-03 14:00:00+05:30,1045.9258499999999,3.2565083732830242,True,2026-07-03 14:05:00+05:30,False,False,True,False,False
7,2026-07-06,SELL,2026-07-06 09:50:00+05:30,2026-07-06 09:55:00+05:30,1040.57945,2.620550000000094,1043.2,1035.3383499999998,2026-07-06 10:05:00+05:30,TARGET,0.5,0.25,True,2026-07-06 09:55:00+05:30,True,2026-07-06 10:00:00+05:30,1036.1551375,2.2817538303027334,True,2026-07-06 10:05:00+05:30,False,False,False,True,True
7,2026-07-06,SELL,2026-07-06 09:50:00+05:30,2026-07-06 09:55:00+05:30,1040.57945,2.620550000000094,1043.2,1035.3383499999998,2026-07-06 10:05:00+05:30,TARGET,0.5,0.5,True,2026-07-06 09:55:00+05:30,True,2026-07-06 10:00:00+05:30,1036.810275,2.2817538303027334,True,2026-07-06 10:05:00+05:30,False,False,False,True,True
7,2026-07-06,SELL,2026-07-06 09:50:00+05:30,2026-07-06 09:55:00+05:30,1040.57945,2.620550000000094,1043.2,1035.3383499999998,2026-07-06 10:05:00+05:30,TARGET,0.5,0.75,True,2026-07-06 09:55:00+05:30,True,2026-07-06 10:00:00+05:30,1037.4654125000002,2.2817538303027334,True,2026-07-06 10:05:00+05:30,False,False,False,True,True
7,2026-07-06,SELL,2026-07-06 09:50:00+05:30,2026-07-06 09:55:00+05:30,1040.57945,2.620550000000094,1043.2,1035.3383499999998,2026-07-06 10:05:00+05:30,TARGET,0.5,1.0,True,2026-07-06 09:55:00+05:30,True,2026-07-06 10:00:00+05:30,1038.12055,2.2817538303027334,True,2026-07-06 10:05:00+05:30,False,False,False,True,True
7,2026-07-06,SELL,2026-07-06 09:50:00+05:30,2026-07-06 09:55:00+05:30,1040.57945,2.620550000000094,1043.2,1035.3383499999998,2026-07-06 10:05:00+05:30,TARGET,0.75,0.25,True,2026-07-06 09:55:00+05:30,True,2026-07-06 10:00:00+05:30,1036.1551375,2.2817538303027334,True,2026-07-06 10:05:00+05:30,False,False,False,True,True
7,2026-07-06,SELL,2026-07-06 09:50:00+05:30,2026-07-06 09:55:00+05:30,1040.57945,2.620550000000094,1043.2,1035.3383499999998,2026-07-06 10:05:00+05:30,TARGET,0.75,0.5,True,2026-07-06 09:55:00+05:30,True,2026-07-06 10:00:00+05:30,1036.810275,2.2817538303027334,True,2026-07-06 10:05:00+05:30,False,False,False,True,True
7,2026-07-06,SELL,2026-07-06 09:50:00+05:30,2026-07-06 09:55:00+05:30,1040.57945,2.620550000000094,1043.2,1035.3383499999998,2026-07-06 10:05:00+05:30,TARGET,0.75,0.75,True,2026-07-06 09:55:00+05:30,True,2026-07-06 10:00:00+05:30,1037.4654125000002,2.2817538303027334,True,2026-07-06 10:05:00+05:30,False,False,False,True,True
7,2026-07-06,SELL,2026-07-06 09:50:00+05:30,2026-07-06 09:55:00+05:30,1040.57945,2.620550000000094,1043.2,1035.3383499999998,2026-07-06 10:05:00+05:30,TARGET,0.75,1.0,True,2026-07-06 09:55:00+05:30,True,2026-07-06 10:00:00+05:30,1038.12055,2.2817538303027334,True,2026-07-06 10:05:00+05:30,False,False,False,True,True
7,2026-07-06,SELL,2026-07-06 09:50:00+05:30,2026-07-06 09:55:00+05:30,1040.57945,2.620550000000094,1043.2,1035.3383499999998,2026-07-06 10:05:00+05:30,TARGET,1.0,0.25,True,2026-07-06 09:55:00+05:30,True,2026-07-06 10:00:00+05:30,1036.1551375,2.2817538303027334,True,2026-07-06 10:05:00+05:30,False,False,False,True,True
7,2026-07-06,SELL,2026-07-06 09:50:00+05:30,2026-07-06 09:55:00+05:30,1040.57945,2.620550000000094,1043.2,1035.3383499999998,2026-07-06 10:05:00+05:30,TARGET,1.0,0.5,True,2026-07-06 09:55:00+05:30,True,2026-07-06 10:00:00+05:30,1036.810275,2.2817538303027334,True,2026-07-06 10:05:00+05:30,False,False,False,True,True
7,2026-07-06,SELL,2026-07-06 09:50:00+05:30,2026-07-06 09:55:00+05:30,1040.57945,2.620550000000094,1043.2,1035.3383499999998,2026-07-06 10:05:00+05:30,TARGET,1.0,0.75,True,2026-07-06 09:55:00+05:30,True,2026-07-06 10:00:00+05:30,1037.4654125000002,2.2817538303027334,True,2026-07-06 10:05:00+05:30,False,False,False,True,True
7,2026-07-06,SELL,2026-07-06 09:50:00+05:30,2026-07-06 09:55:00+05:30,1040.57945,2.620550000000094,1043.2,1035.3383499999998,2026-07-06 10:05:00+05:30,TARGET,1.0,1.0,True,2026-07-06 09:55:00+05:30,True,2026-07-06 10:00:00+05:30,1038.12055,2.2817538303027334,True,2026-07-06 10:05:00+05:30,False,False,False,True,True
7,2026-07-06,SELL,2026-07-06 09:50:00+05:30,2026-07-06 09:55:00+05:30,1040.57945,2.620550000000094,1043.2,1035.3383499999998,2026-07-06 10:05:00+05:30,TARGET,1.25,0.25,True,2026-07-06 10:00:00+05:30,True,2026-07-06 10:05:00+05:30,1035.2551374999998,2.2817538303027334,True,2026-07-06 10:10:00+05:30,False,False,True,False,False
7,2026-07-06,SELL,2026-07-06 09:50:00+05:30,2026-07-06 09:55:00+05:30,1040.57945,2.620550000000094,1043.2,1035.3383499999998,2026-07-06 10:05:00+05:30,TARGET,1.25,0.5,True,2026-07-06 10:00:00+05:30,True,2026-07-06 10:05:00+05:30,1035.910275,2.2817538303027334,True,2026-07-06 10:10:00+05:30,False,False,True,False,False
7,2026-07-06,SELL,2026-07-06 09:50:00+05:30,2026-07-06 09:55:00+05:30,1040.57945,2.620550000000094,1043.2,1035.3383499999998,2026-07-06 10:05:00+05:30,TARGET,1.25,0.75,True,2026-07-06 10:00:00+05:30,True,2026-07-06 10:05:00+05:30,1036.5654125,2.2817538303027334,True,2026-07-06 10:10:00+05:30,False,False,True,False,False
7,2026-07-06,SELL,2026-07-06 09:50:00+05:30,2026-07-06 09:55:00+05:30,1040.57945,2.620550000000094,1043.2,1035.3383499999998,2026-07-06 10:05:00+05:30,TARGET,1.25,1.0,True,2026-07-06 10:00:00+05:30,True,2026-07-06 10:10:00+05:30,1037.22055,2.3962336150807166,True,2026-07-06 10:15:00+05:30,False,False,True,False,False
7,2026-07-06,SELL,2026-07-06 09:50:00+05:30,2026-07-06 09:55:00+05:30,1040.57945,2.620550000000094,1043.2,1035.3383499999998,2026-07-06 10:05:00+05:30,TARGET,1.5,0.25,True,2026-07-06 10:00:00+05:30,True,2026-07-06 10:05:00+05:30,1035.2551374999998,2.2817538303027334,True,2026-07-06 10:10:00+05:30,False,False,True,False,False
7,2026-07-06,SELL,2026-07-06 09:50:00+05:30,2026-07-06 09:55:00+05:30,1040.57945,2.620550000000094,1043.2,1035.3383499999998,2026-07-06 10:05:00+05:30,TARGET,1.5,0.5,True,2026-07-06 10:00:00+05:30,True,2026-07-06 10:05:00+05:30,1035.910275,2.2817538303027334,True,2026-07-06 10:10:00+05:30,False,False,True,False,False
7,2026-07-06,SELL,2026-07-06 09:50:00+05:30,2026-07-06 09:55:00+05:30,1040.57945,2.620550000000094,1043.2,1035.3383499999998,2026-07-06 10:05:00+05:30,TARGET,1.5,0.75,True,2026-07-06 10:00:00+05:30,True,2026-07-06 10:05:00+05:30,1036.5654125,2.2817538303027334,True,2026-07-06 10:10:00+05:30,False,False,True,False,False
7,2026-07-06,SELL,2026-07-06 09:50:00+05:30,2026-07-06 09:55:00+05:30,1040.57945,2.620550000000094,1043.2,1035.3383499999998,2026-07-06 10:05:00+05:30,TARGET,1.5,1.0,True,2026-07-06 10:00:00+05:30,True,2026-07-06 10:10:00+05:30,1037.22055,2.3962336150807166,True,2026-07-06 10:15:00+05:30,False,False,True,False,False
8,2026-07-07,BUY,2026-07-07 09:40:00+05:30,2026-07-07 09:45:00+05:30,1069.23435,6.034349999999904,1063.2,1081.3030499999998,2026-07-07 10:20:00+05:30,TARGET,0.5,0.25,True,2026-07-07 09:45:00+05:30,True,2026-07-07 09:50:00+05:30,1073.2914125,2.2149278712703393,True,2026-07-07 10:20:00+05:30,False,False,False,True,True
8,2026-07-07,BUY,2026-07-07 09:40:00+05:30,2026-07-07 09:45:00+05:30,1069.23435,6.034349999999904,1063.2,1081.3030499999998,2026-07-07 10:20:00+05:30,TARGET,0.5,0.5,True,2026-07-07 09:45:00+05:30,True,2026-07-07 09:50:00+05:30,1071.782825,2.2149278712703393,True,2026-07-07 10:20:00+05:30,False,False,False,True,True
8,2026-07-07,BUY,2026-07-07 09:40:00+05:30,2026-07-07 09:45:00+05:30,1069.23435,6.034349999999904,1063.2,1081.3030499999998,2026-07-07 10:20:00+05:30,TARGET,0.5,0.75,True,2026-07-07 09:45:00+05:30,True,2026-07-07 09:50:00+05:30,1070.2742375,2.2149278712703393,True,2026-07-07 10:20:00+05:30,False,False,False,True,True
8,2026-07-07,BUY,2026-07-07 09:40:00+05:30,2026-07-07 09:45:00+05:30,1069.23435,6.034349999999904,1063.2,1081.3030499999998,2026-07-07 10:20:00+05:30,TARGET,0.5,1.0,True,2026-07-07 09:45:00+05:30,True,2026-07-07 09:50:00+05:30,1068.76565,2.2149278712703393,True,2026-07-07 10:20:00+05:30,False,False,False,True,True
8,2026-07-07,BUY,2026-07-07 09:40:00+05:30,2026-07-07 09:45:00+05:30,1069.23435,6.034349999999904,1063.2,1081.3030499999998,2026-07-07 10:20:00+05:30,TARGET,0.75,0.25,True,2026-07-07 09:45:00+05:30,True,2026-07-07 09:50:00+05:30,1073.2914125,2.2149278712703393,True,2026-07-07 10:20:00+05:30,False,False,False,True,True
8,2026-07-07,BUY,2026-07-07 09:40:00+05:30,2026-07-07 09:45:00+05:30,1069.23435,6.034349999999904,1063.2,1081.3030499999998,2026-07-07 10:20:00+05:30,TARGET,0.75,0.5,True,2026-07-07 09:45:00+05:30,True,2026-07-07 09:50:00+05:30,1071.782825,2.2149278712703393,True,2026-07-07 10:20:00+05:30,False,False,False,True,True
8,2026-07-07,BUY,2026-07-07 09:40:00+05:30,2026-07-07 09:45:00+05:30,1069.23435,6.034349999999904,1063.2,1081.3030499999998,2026-07-07 10:20:00+05:30,TARGET,0.75,0.75,True,2026-07-07 09:45:00+05:30,True,2026-07-07 09:50:00+05:30,1070.2742375,2.2149278712703393,True,2026-07-07 10:20:00+05:30,False,False,False,True,True
8,2026-07-07,BUY,2026-07-07 09:40:00+05:30,2026-07-07 09:45:00+05:30,1069.23435,6.034349999999904,1063.2,1081.3030499999998,2026-07-07 10:20:00+05:30,TARGET,0.75,1.0,True,2026-07-07 09:45:00+05:30,True,2026-07-07 09:50:00+05:30,1068.76565,2.2149278712703393,True,2026-07-07 10:20:00+05:30,False,False,False,True,True
8,2026-07-07,BUY,2026-07-07 09:40:00+05:30,2026-07-07 09:45:00+05:30,1069.23435,6.034349999999904,1063.2,1081.3030499999998,2026-07-07 10:20:00+05:30,TARGET,1.0,0.25,True,2026-07-07 10:10:00+05:30,True,2026-07-07 10:15:00+05:30,1076.3914125000001,2.2149278712703393,True,2026-07-07 10:20:00+05:30,False,False,False,True,True
8,2026-07-07,BUY,2026-07-07 09:40:00+05:30,2026-07-07 09:45:00+05:30,1069.23435,6.034349999999904,1063.2,1081.3030499999998,2026-07-07 10:20:00+05:30,TARGET,1.0,0.5,True,2026-07-07 10:10:00+05:30,True,2026-07-07 10:20:00+05:30,1079.582825,2.662366286344057,True,2026-07-07 11:40:00+05:30,False,False,True,False,False
8,2026-07-07,BUY,2026-07-07 09:40:00+05:30,2026-07-07 09:45:00+05:30,1069.23435,6.034349999999904,1063.2,1081.3030499999998,2026-07-07 10:20:00+05:30,TARGET,1.0,0.75,True,2026-07-07 10:10:00+05:30,True,2026-07-07 10:20:00+05:30,1078.0742375,2.662366286344057,True,2026-07-07 11:40:00+05:30,False,False,True,False,False
8,2026-07-07,BUY,2026-07-07 09:40:00+05:30,2026-07-07 09:45:00+05:30,1069.23435,6.034349999999904,1063.2,1081.3030499999998,2026-07-07 10:20:00+05:30,TARGET,1.0,1.0,True,2026-07-07 10:10:00+05:30,True,2026-07-07 10:20:00+05:30,1076.56565,2.662366286344057,True,2026-07-07 11:40:00+05:30,False,False,True,False,False
8,2026-07-07,BUY,2026-07-07 09:40:00+05:30,2026-07-07 09:45:00+05:30,1069.23435,6.034349999999904,1063.2,1081.3030499999998,2026-07-07 10:20:00+05:30,TARGET,1.25,0.25,True,2026-07-07 10:10:00+05:30,True,2026-07-07 10:15:00+05:30,1076.3914125000001,2.2149278712703393,True,2026-07-07 10:20:00+05:30,False,False,False,True,True
8,2026-07-07,BUY,2026-07-07 09:40:00+05:30,2026-07-07 09:45:00+05:30,1069.23435,6.034349999999904,1063.2,1081.3030499999998,2026-07-07 10:20:00+05:30,TARGET,1.25,0.5,True,2026-07-07 10:10:00+05:30,True,2026-07-07 10:20:00+05:30,1079.582825,2.662366286344057,True,2026-07-07 11:40:00+05:30,False,False,True,False,False
8,2026-07-07,BUY,2026-07-07 09:40:00+05:30,2026-07-07 09:45:00+05:30,1069.23435,6.034349999999904,1063.2,1081.3030499999998,2026-07-07 10:20:00+05:30,TARGET,1.25,0.75,True,2026-07-07 10:10:00+05:30,True,2026-07-07 10:20:00+05:30,1078.0742375,2.662366286344057,True,2026-07-07 11:40:00+05:30,False,False,True,False,False
8,2026-07-07,BUY,2026-07-07 09:40:00+05:30,2026-07-07 09:45:00+05:30,1069.23435,6.034349999999904,1063.2,1081.3030499999998,2026-07-07 10:20:00+05:30,TARGET,1.25,1.0,True,2026-07-07 10:10:00+05:30,True,2026-07-07 10:20:00+05:30,1076.56565,2.662366286344057,True,2026-07-07 11:40:00+05:30,False,False,True,False,False
8,2026-07-07,BUY,2026-07-07 09:40:00+05:30,2026-07-07 09:45:00+05:30,1069.23435,6.034349999999904,1063.2,1081.3030499999998,2026-07-07 10:20:00+05:30,TARGET,1.5,0.25,True,2026-07-07 10:20:00+05:30,True,2026-07-07 10:25:00+05:30,1081.0914125,2.662366286344057,True,2026-07-07 11:40:00+05:30,False,False,True,False,False
8,2026-07-07,BUY,2026-07-07 09:40:00+05:30,2026-07-07 09:45:00+05:30,1069.23435,6.034349999999904,1063.2,1081.3030499999998,2026-07-07 10:20:00+05:30,TARGET,1.5,0.5,True,2026-07-07 10:20:00+05:30,True,2026-07-07 10:25:00+05:30,1079.582825,2.662366286344057,True,2026-07-07 11:40:00+05:30,False,False,True,False,False
8,2026-07-07,BUY,2026-07-07 09:40:00+05:30,2026-07-07 09:45:00+05:30,1069.23435,6.034349999999904,1063.2,1081.3030499999998,2026-07-07 10:20:00+05:30,TARGET,1.5,0.75,True,2026-07-07 10:20:00+05:30,True,2026-07-07 10:25:00+05:30,1078.0742375,2.662366286344057,True,2026-07-07 11:40:00+05:30,False,False,True,False,False
8,2026-07-07,BUY,2026-07-07 09:40:00+05:30,2026-07-07 09:45:00+05:30,1069.23435,6.034349999999904,1063.2,1081.3030499999998,2026-07-07 10:20:00+05:30,TARGET,1.5,1.0,True,2026-07-07 10:20:00+05:30,True,2026-07-07 10:25:00+05:30,1076.56565,2.662366286344057,True,2026-07-07 11:40:00+05:30,False,False,True,False,False
9,2026-07-07,BUY,2026-07-07 10:55:00+05:30,2026-07-07 11:00:00+05:30,1071.7356,2.135600000000068,1069.6,1076.0068,2026-07-07 11:00:00+05:30,TARGET,0.5,0.25,True,2026-07-07 11:00:00+05:30,True,2026-07-07 11:05:00+05:30,1076.2660999999998,2.465068364862266,True,2026-07-07 11:10:00+05:30,False,False,True,False,False
9,2026-07-07,BUY,2026-07-07 10:55:00+05:30,2026-07-07 11:00:00+05:30,1071.7356,2.135600000000068,1069.6,1076.0068,2026-07-07 11:00:00+05:30,TARGET,0.5,0.5,True,2026-07-07 11:00:00+05:30,True,2026-07-07 11:05:00+05:30,1075.7322,2.465068364862266,True,2026-07-07 11:10:00+05:30,False,False,True,False,False
9,2026-07-07,BUY,2026-07-07 10:55:00+05:30,2026-07-07 11:00:00+05:30,1071.7356,2.135600000000068,1069.6,1076.0068,2026-07-07 11:00:00+05:30,TARGET,0.5,0.75,True,2026-07-07 11:00:00+05:30,True,2026-07-07 11:05:00+05:30,1075.1982999999998,2.465068364862266,True,2026-07-07 11:10:00+05:30,False,False,True,False,False
9,2026-07-07,BUY,2026-07-07 10:55:00+05:30,2026-07-07 11:00:00+05:30,1071.7356,2.135600000000068,1069.6,1076.0068,2026-07-07 11:00:00+05:30,TARGET,0.5,1.0,True,2026-07-07 11:00:00+05:30,True,2026-07-07 11:05:00+05:30,1074.6644,2.465068364862266,True,2026-07-07 11:10:00+05:30,False,False,True,False,False
9,2026-07-07,BUY,2026-07-07 10:55:00+05:30,2026-07-07 11:00:00+05:30,1071.7356,2.135600000000068,1069.6,1076.0068,2026-07-07 11:00:00+05:30,TARGET,0.75,0.25,True,2026-07-07 11:00:00+05:30,True,2026-07-07 11:05:00+05:30,1076.2660999999998,2.465068364862266,True,2026-07-07 11:10:00+05:30,False,False,True,False,False
9,2026-07-07,BUY,2026-07-07 10:55:00+05:30,2026-07-07 11:00:00+05:30,1071.7356,2.135600000000068,1069.6,1076.0068,2026-07-07 11:00:00+05:30,TARGET,0.75,0.5,True,2026-07-07 11:00:00+05:30,True,2026-07-07 11:05:00+05:30,1075.7322,2.465068364862266,True,2026-07-07 11:10:00+05:30,False,False,True,False,False
9,2026-07-07,BUY,2026-07-07 10:55:00+05:30,2026-07-07 11:00:00+05:30,1071.7356,2.135600000000068,1069.6,1076.0068,2026-07-07 11:00:00+05:30,TARGET,0.75,0.75,True,2026-07-07 11:00:00+05:30,True,2026-07-07 11:05:00+05:30,1075.1982999999998,2.465068364862266,True,2026-07-07 11:10:00+05:30,False,False,True,False,False
9,2026-07-07,BUY,2026-07-07 10:55:00+05:30,2026-07-07 11:00:00+05:30,1071.7356,2.135600000000068,1069.6,1076.0068,2026-07-07 11:00:00+05:30,TARGET,0.75,1.0,True,2026-07-07 11:00:00+05:30,True,2026-07-07 11:05:00+05:30,1074.6644,2.465068364862266,True,2026-07-07 11:10:00+05:30,False,False,True,False,False
9,2026-07-07,BUY,2026-07-07 10:55:00+05:30,2026-07-07 11:00:00+05:30,1071.7356,2.135600000000068,1069.6,1076.0068,2026-07-07 11:00:00+05:30,TARGET,1.0,0.25,True,2026-07-07 11:00:00+05:30,True,2026-07-07 11:05:00+05:30,1076.2660999999998,2.465068364862266,True,2026-07-07 11:10:00+05:30,False,False,True,False,False
9,2026-07-07,BUY,2026-07-07 10:55:00+05:30,2026-07-07 11:00:00+05:30,1071.7356,2.135600000000068,1069.6,1076.0068,2026-07-07 11:00:00+05:30,TARGET,1.0,0.5,True,2026-07-07 11:00:00+05:30,True,2026-07-07 11:05:00+05:30,1075.7322,2.465068364862266,True,2026-07-07 11:10:00+05:30,False,False,True,False,False
9,2026-07-07,BUY,2026-07-07 10:55:00+05:30,2026-07-07 11:00:00+05:30,1071.7356,2.135600000000068,1069.6,1076.0068,2026-07-07 11:00:00+05:30,TARGET,1.0,0.75,True,2026-07-07 11:00:00+05:30,True,2026-07-07 11:05:00+05:30,1075.1982999999998,2.465068364862266,True,2026-07-07 11:10:00+05:30,False,False,True,False,False
9,2026-07-07,BUY,2026-07-07 10:55:00+05:30,2026-07-07 11:00:00+05:30,1071.7356,2.135600000000068,1069.6,1076.0068,2026-07-07 11:00:00+05:30,TARGET,1.0,1.0,True,2026-07-07 11:00:00+05:30,True,2026-07-07 11:05:00+05:30,1074.6644,2.465068364862266,True,2026-07-07 11:10:00+05:30,False,False,True,False,False
9,2026-07-07,BUY,2026-07-07 10:55:00+05:30,2026-07-07 11:00:00+05:30,1071.7356,2.135600000000068,1069.6,1076.0068,2026-07-07 11:00:00+05:30,TARGET,1.25,0.25,True,2026-07-07 11:00:00+05:30,True,2026-07-07 11:05:00+05:30,1076.2660999999998,2.465068364862266,True,2026-07-07 11:10:00+05:30,False,False,True,False,False
9,2026-07-07,BUY,2026-07-07 10:55:00+05:30,2026-07-07 11:00:00+05:30,1071.7356,2.135600000000068,1069.6,1076.0068,2026-07-07 11:00:00+05:30,TARGET,1.25,0.5,True,2026-07-07 11:00:00+05:30,True,2026-07-07 11:05:00+05:30,1075.7322,2.465068364862266,True,2026-07-07 11:10:00+05:30,False,False,True,False,False
9,2026-07-07,BUY,2026-07-07 10:55:00+05:30,2026-07-07 11:00:00+05:30,1071.7356,2.135600000000068,1069.6,1076.0068,2026-07-07 11:00:00+05:30,TARGET,1.25,0.75,True,2026-07-07 11:00:00+05:30,True,2026-07-07 11:05:00+05:30,1075.1982999999998,2.465068364862266,True,2026-07-07 11:10:00+05:30,False,False,True,False,False
9,2026-07-07,BUY,2026-07-07 10:55:00+05:30,2026-07-07 11:00:00+05:30,1071.7356,2.135600000000068,1069.6,1076.0068,2026-07-07 11:00:00+05:30,TARGET,1.25,1.0,True,2026-07-07 11:00:00+05:30,True,2026-07-07 11:05:00+05:30,1074.6644,2.465068364862266,True,2026-07-07 11:10:00+05:30,False,False,True,False,False
9,2026-07-07,BUY,2026-07-07 10:55:00+05:30,2026-07-07 11:00:00+05:30,1071.7356,2.135600000000068,1069.6,1076.0068,2026-07-07 11:00:00+05:30,TARGET,1.5,0.25,True,2026-07-07 11:00:00+05:30,True,2026-07-07 11:05:00+05:30,1076.2660999999998,2.465068364862266,True,2026-07-07 11:10:00+05:30,False,False,True,False,False
9,2026-07-07,BUY,2026-07-07 10:55:00+05:30,2026-07-07 11:00:00+05:30,1071.7356,2.135600000000068,1069.6,1076.0068,2026-07-07 11:00:00+05:30,TARGET,1.5,0.5,True,2026-07-07 11:00:00+05:30,True,2026-07-07 11:05:00+05:30,1075.7322,2.465068364862266,True,2026-07-07 11:10:00+05:30,False,False,True,False,False
9,2026-07-07,BUY,2026-07-07 10:55:00+05:30,2026-07-07 11:00:00+05:30,1071.7356,2.135600000000068,1069.6,1076.0068,2026-07-07 11:00:00+05:30,TARGET,1.5,0.75,True,2026-07-07 11:00:00+05:30,True,2026-07-07 11:05:00+05:30,1075.1982999999998,2.465068364862266,True,2026-07-07 11:10:00+05:30,False,False,True,False,False
9,2026-07-07,BUY,2026-07-07 10:55:00+05:30,2026-07-07 11:00:00+05:30,1071.7356,2.135600000000068,1069.6,1076.0068,2026-07-07 11:00:00+05:30,TARGET,1.5,1.0,True,2026-07-07 11:00:00+05:30,True,2026-07-07 11:05:00+05:30,1074.6644,2.465068364862266,True,2026-07-07 11:10:00+05:30,False,False,True,False,False
10,2026-07-07,BUY,2026-07-07 14:45:00+05:30,2026-07-07 14:50:00+05:30,1075.7376000000002,2.0376000000001118,1073.7,1079.8128000000004,2026-07-07 14:55:00+05:30,STOP_LOSS,0.5,0.25,True,2026-07-08 09:15:00+05:30,True,2026-07-08 09:20:00+05:30,1079.1906,7.637612877895045,True,2026-07-10 09:15:00+05:30,True,True,False,True,False
10,2026-07-07,BUY,2026-07-07 14:45:00+05:30,2026-07-07 14:50:00+05:30,1075.7376000000002,2.0376000000001118,1073.7,1079.8128000000004,2026-07-07 14:55:00+05:30,STOP_LOSS,0.5,0.5,True,2026-07-08 09:15:00+05:30,True,2026-07-08 09:20:00+05:30,1078.6812,7.637612877895045,True,2026-07-10 09:15:00+05:30,True,True,False,True,False
10,2026-07-07,BUY,2026-07-07 14:45:00+05:30,2026-07-07 14:50:00+05:30,1075.7376000000002,2.0376000000001118,1073.7,1079.8128000000004,2026-07-07 14:55:00+05:30,STOP_LOSS,0.5,0.75,True,2026-07-08 09:15:00+05:30,True,2026-07-08 09:20:00+05:30,1078.1717999999998,7.637612877895045,True,2026-07-10 09:15:00+05:30,True,True,False,True,False
10,2026-07-07,BUY,2026-07-07 14:45:00+05:30,2026-07-07 14:50:00+05:30,1075.7376000000002,2.0376000000001118,1073.7,1079.8128000000004,2026-07-07 14:55:00+05:30,STOP_LOSS,0.5,1.0,True,2026-07-08 09:15:00+05:30,True,2026-07-08 09:20:00+05:30,1077.6624,7.637612877895045,True,2026-07-10 09:15:00+05:30,True,True,False,True,False
10,2026-07-07,BUY,2026-07-07 14:45:00+05:30,2026-07-07 14:50:00+05:30,1075.7376000000002,2.0376000000001118,1073.7,1079.8128000000004,2026-07-07 14:55:00+05:30,STOP_LOSS,0.75,0.25,True,2026-07-08 09:15:00+05:30,True,2026-07-08 09:20:00+05:30,1079.1906,7.637612877895045,True,2026-07-10 09:15:00+05:30,True,True,False,True,False
10,2026-07-07,BUY,2026-07-07 14:45:00+05:30,2026-07-07 14:50:00+05:30,1075.7376000000002,2.0376000000001118,1073.7,1079.8128000000004,2026-07-07 14:55:00+05:30,STOP_LOSS,0.75,0.5,True,2026-07-08 09:15:00+05:30,True,2026-07-08 09:20:00+05:30,1078.6812,7.637612877895045,True,2026-07-10 09:15:00+05:30,True,True,False,True,False
10,2026-07-07,BUY,2026-07-07 14:45:00+05:30,2026-07-07 14:50:00+05:30,1075.7376000000002,2.0376000000001118,1073.7,1079.8128000000004,2026-07-07 14:55:00+05:30,STOP_LOSS,0.75,0.75,True,2026-07-08 09:15:00+05:30,True,2026-07-08 09:20:00+05:30,1078.1717999999998,7.637612877895045,True,2026-07-10 09:15:00+05:30,True,True,False,True,False
10,2026-07-07,BUY,2026-07-07 14:45:00+05:30,2026-07-07 14:50:00+05:30,1075.7376000000002,2.0376000000001118,1073.7,1079.8128000000004,2026-07-07 14:55:00+05:30,STOP_LOSS,0.75,1.0,True,2026-07-08 09:15:00+05:30,True,2026-07-08 09:20:00+05:30,1077.6624,7.637612877895045,True,2026-07-10 09:15:00+05:30,True,True,False,True,False
10,2026-07-07,BUY,2026-07-07 14:45:00+05:30,2026-07-07 14:50:00+05:30,1075.7376000000002,2.0376000000001118,1073.7,1079.8128000000004,2026-07-07 14:55:00+05:30,STOP_LOSS,1.0,0.25,True,2026-07-08 09:15:00+05:30,True,2026-07-08 09:20:00+05:30,1079.1906,7.637612877895045,True,2026-07-10 09:15:00+05:30,True,True,False,True,False
10,2026-07-07,BUY,2026-07-07 14:45:00+05:30,2026-07-07 14:50:00+05:30,1075.7376000000002,2.0376000000001118,1073.7,1079.8128000000004,2026-07-07 14:55:00+05:30,STOP_LOSS,1.0,0.5,True,2026-07-08 09:15:00+05:30,True,2026-07-08 09:20:00+05:30,1078.6812,7.637612877895045,True,2026-07-10 09:15:00+05:30,True,True,False,True,False
10,2026-07-07,BUY,2026-07-07 14:45:00+05:30,2026-07-07 14:50:00+05:30,1075.7376000000002,2.0376000000001118,1073.7,1079.8128000000004,2026-07-07 14:55:00+05:30,STOP_LOSS,1.0,0.75,True,2026-07-08 09:15:00+05:30,True,2026-07-08 09:20:00+05:30,1078.1717999999998,7.637612877895045,True,2026-07-10 09:15:00+05:30,True,True,False,True,False
10,2026-07-07,BUY,2026-07-07 14:45:00+05:30,2026-07-07 14:50:00+05:30,1075.7376000000002,2.0376000000001118,1073.7,1079.8128000000004,2026-07-07 14:55:00+05:30,STOP_LOSS,1.0,1.0,True,2026-07-08 09:15:00+05:30,True,2026-07-08 09:20:00+05:30,1077.6624,7.637612877895045,True,2026-07-10 09:15:00+05:30,True,True,False,True,False
10,2026-07-07,BUY,2026-07-07 14:45:00+05:30,2026-07-07 14:50:00+05:30,1075.7376000000002,2.0376000000001118,1073.7,1079.8128000000004,2026-07-07 14:55:00+05:30,STOP_LOSS,1.25,0.25,True,2026-07-08 09:15:00+05:30,True,2026-07-08 09:20:00+05:30,1079.1906,7.637612877895045,True,2026-07-10 09:15:00+05:30,True,True,False,True,False
10,2026-07-07,BUY,2026-07-07 14:45:00+05:30,2026-07-07 14:50:00+05:30,1075.7376000000002,2.0376000000001118,1073.7,1079.8128000000004,2026-07-07 14:55:00+05:30,STOP_LOSS,1.25,0.5,True,2026-07-08 09:15:00+05:30,True,2026-07-08 09:20:00+05:30,1078.6812,7.637612877895045,True,2026-07-10 09:15:00+05:30,True,True,False,True,False
10,2026-07-07,BUY,2026-07-07 14:45:00+05:30,2026-07-07 14:50:00+05:30,1075.7376000000002,2.0376000000001118,1073.7,1079.8128000000004,2026-07-07 14:55:00+05:30,STOP_LOSS,1.25,0.75,True,2026-07-08 09:15:00+05:30,True,2026-07-08 09:20:00+05:30,1078.1717999999998,7.637612877895045,True,2026-07-10 09:15:00+05:30,True,True,False,True,False
10,2026-07-07,BUY,2026-07-07 14:45:00+05:30,2026-07-07 14:50:00+05:30,1075.7376000000002,2.0376000000001118,1073.7,1079.8128000000004,2026-07-07 14:55:00+05:30,STOP_LOSS,1.25,1.0,True,2026-07-08 09:15:00+05:30,True,2026-07-08 09:20:00+05:30,1077.6624,7.637612877895045,True,2026-07-10 09:15:00+05:30,True,True,False,True,False
10,2026-07-07,BUY,2026-07-07 14:45:00+05:30,2026-07-07 14:50:00+05:30,1075.7376000000002,2.0376000000001118,1073.7,1079.8128000000004,2026-07-07 14:55:00+05:30,STOP_LOSS,1.5,0.25,True,2026-07-08 09:15:00+05:30,True,2026-07-08 09:20:00+05:30,1079.1906,7.637612877895045,True,2026-07-10 09:15:00+05:30,True,True,False,True,False
10,2026-07-07,BUY,2026-07-07 14:45:00+05:30,2026-07-07 14:50:00+05:30,1075.7376000000002,2.0376000000001118,1073.7,1079.8128000000004,2026-07-07 14:55:00+05:30,STOP_LOSS,1.5,0.5,True,2026-07-08 09:15:00+05:30,True,2026-07-08 09:20:00+05:30,1078.6812,7.637612877895045,True,2026-07-10 09:15:00+05:30,True,True,False,True,False
10,2026-07-07,BUY,2026-07-07 14:45:00+05:30,2026-07-07 14:50:00+05:30,1075.7376000000002,2.0376000000001118,1073.7,1079.8128000000004,2026-07-07 14:55:00+05:30,STOP_LOSS,1.5,0.75,True,2026-07-08 09:15:00+05:30,True,2026-07-08 09:20:00+05:30,1078.1717999999998,7.637612877895045,True,2026-07-10 09:15:00+05:30,True,True,False,True,False
10,2026-07-07,BUY,2026-07-07 14:45:00+05:30,2026-07-07 14:50:00+05:30,1075.7376000000002,2.0376000000001118,1073.7,1079.8128000000004,2026-07-07 14:55:00+05:30,STOP_LOSS,1.5,1.0,True,2026-07-08 09:15:00+05:30,True,2026-07-08 09:20:00+05:30,1077.6624,7.637612877895045,True,2026-07-10 09:15:00+05:30,True,True,False,True,False
11,2026-07-10,SELL,2026-07-10 09:30:00+05:30,2026-07-10 09:35:00+05:30,1065.16715,6.632849999999962,1071.8,1051.90145,2026-07-10 09:45:00+05:30,STOP_LOSS,0.5,0.25,True,2026-07-13 09:15:00+05:30,True,2026-07-13 09:20:00+05:30,1058.7582125,2.542971724070367,True,2026-07-22 12:35:00+05:30,True,True,False,True,False
11,2026-07-10,SELL,2026-07-10 09:30:00+05:30,2026-07-10 09:35:00+05:30,1065.16715,6.632849999999962,1071.8,1051.90145,2026-07-10 09:45:00+05:30,STOP_LOSS,0.5,0.5,True,2026-07-13 09:15:00+05:30,True,2026-07-13 09:20:00+05:30,1060.416425,2.542971724070367,True,2026-07-22 12:35:00+05:30,True,True,False,True,False
11,2026-07-10,SELL,2026-07-10 09:30:00+05:30,2026-07-10 09:35:00+05:30,1065.16715,6.632849999999962,1071.8,1051.90145,2026-07-10 09:45:00+05:30,STOP_LOSS,0.5,0.75,True,2026-07-13 09:15:00+05:30,True,2026-07-13 09:20:00+05:30,1062.0746374999999,2.542971724070367,True,2026-07-22 12:35:00+05:30,True,True,False,True,False
11,2026-07-10,SELL,2026-07-10 09:30:00+05:30,2026-07-10 09:35:00+05:30,1065.16715,6.632849999999962,1071.8,1051.90145,2026-07-10 09:45:00+05:30,STOP_LOSS,0.5,1.0,True,2026-07-13 09:15:00+05:30,True,2026-07-13 09:20:00+05:30,1063.7328499999999,2.542971724070367,True,2026-07-22 12:35:00+05:30,True,True,False,True,False
11,2026-07-10,SELL,2026-07-10 09:30:00+05:30,2026-07-10 09:35:00+05:30,1065.16715,6.632849999999962,1071.8,1051.90145,2026-07-10 09:45:00+05:30,STOP_LOSS,0.75,0.25,True,2026-07-13 09:15:00+05:30,True,2026-07-13 09:20:00+05:30,1058.7582125,2.542971724070367,True,2026-07-22 12:35:00+05:30,True,True,False,True,False
11,2026-07-10,SELL,2026-07-10 09:30:00+05:30,2026-07-10 09:35:00+05:30,1065.16715,6.632849999999962,1071.8,1051.90145,2026-07-10 09:45:00+05:30,STOP_LOSS,0.75,0.5,True,2026-07-13 09:15:00+05:30,True,2026-07-13 09:20:00+05:30,1060.416425,2.542971724070367,True,2026-07-22 12:35:00+05:30,True,True,False,True,False
11,2026-07-10,SELL,2026-07-10 09:30:00+05:30,2026-07-10 09:35:00+05:30,1065.16715,6.632849999999962,1071.8,1051.90145,2026-07-10 09:45:00+05:30,STOP_LOSS,0.75,0.75,True,2026-07-13 09:15:00+05:30,True,2026-07-13 09:20:00+05:30,1062.0746374999999,2.542971724070367,True,2026-07-22 12:35:00+05:30,True,True,False,True,False
11,2026-07-10,SELL,2026-07-10 09:30:00+05:30,2026-07-10 09:35:00+05:30,1065.16715,6.632849999999962,1071.8,1051.90145,2026-07-10 09:45:00+05:30,STOP_LOSS,0.75,1.0,True,2026-07-13 09:15:00+05:30,True,2026-07-13 09:20:00+05:30,1063.7328499999999,2.542971724070367,True,2026-07-22 12:35:00+05:30,True,True,False,True,False
11,2026-07-10,SELL,2026-07-10 09:30:00+05:30,2026-07-10 09:35:00+05:30,1065.16715,6.632849999999962,1071.8,1051.90145,2026-07-10 09:45:00+05:30,STOP_LOSS,1.0,0.25,True,2026-07-13 09:15:00+05:30,True,2026-07-13 09:20:00+05:30,1058.7582125,2.542971724070367,True,2026-07-22 12:35:00+05:30,True,True,False,True,False
11,2026-07-10,SELL,2026-07-10 09:30:00+05:30,2026-07-10 09:35:00+05:30,1065.16715,6.632849999999962,1071.8,1051.90145,2026-07-10 09:45:00+05:30,STOP_LOSS,1.0,0.5,True,2026-07-13 09:15:00+05:30,True,2026-07-13 09:20:00+05:30,1060.416425,2.542971724070367,True,2026-07-22 12:35:00+05:30,True,True,False,True,False
11,2026-07-10,SELL,2026-07-10 09:30:00+05:30,2026-07-10 09:35:00+05:30,1065.16715,6.632849999999962,1071.8,1051.90145,2026-07-10 09:45:00+05:30,STOP_LOSS,1.0,0.75,True,2026-07-13 09:15:00+05:30,True,2026-07-13 09:20:00+05:30,1062.0746374999999,2.542971724070367,True,2026-07-22 12:35:00+05:30,True,True,False,True,False
11,2026-07-10,SELL,2026-07-10 09:30:00+05:30,2026-07-10 09:35:00+05:30,1065.16715,6.632849999999962,1071.8,1051.90145,2026-07-10 09:45:00+05:30,STOP_LOSS,1.0,1.0,True,2026-07-13 09:15:00+05:30,True,2026-07-13 09:20:00+05:30,1063.7328499999999,2.542971724070367,True,2026-07-22 12:35:00+05:30,True,True,False,True,False
11,2026-07-10,SELL,2026-07-10 09:30:00+05:30,2026-07-10 09:35:00+05:30,1065.16715,6.632849999999962,1071.8,1051.90145,2026-07-10 09:45:00+05:30,STOP_LOSS,1.25,0.25,True,2026-07-22 10:25:00+05:30,True,2026-07-22 10:30:00+05:30,1057.6582125,2.542971724070367,True,2026-07-22 12:35:00+05:30,True,False,False,True,False
11,2026-07-10,SELL,2026-07-10 09:30:00+05:30,2026-07-10 09:35:00+05:30,1065.16715,6.632849999999962,1071.8,1051.90145,2026-07-10 09:45:00+05:30,STOP_LOSS,1.25,0.5,True,2026-07-22 10:25:00+05:30,True,2026-07-22 10:30:00+05:30,1059.316425,2.542971724070367,True,2026-07-22 12:35:00+05:30,True,False,False,True,False
11,2026-07-10,SELL,2026-07-10 09:30:00+05:30,2026-07-10 09:35:00+05:30,1065.16715,6.632849999999962,1071.8,1051.90145,2026-07-10 09:45:00+05:30,STOP_LOSS,1.25,0.75,True,2026-07-22 10:25:00+05:30,True,2026-07-22 11:00:00+05:30,1060.9746375,2.542971724070367,True,2026-07-22 12:35:00+05:30,True,False,False,True,False
11,2026-07-10,SELL,2026-07-10 09:30:00+05:30,2026-07-10 09:35:00+05:30,1065.16715,6.632849999999962,1071.8,1051.90145,2026-07-10 09:45:00+05:30,STOP_LOSS,1.25,1.0,True,2026-07-22 10:25:00+05:30,True,2026-07-22 11:25:00+05:30,1061.63285,2.542971724070367,True,2026-07-22 12:35:00+05:30,True,False,False,True,False
11,2026-07-10,SELL,2026-07-10 09:30:00+05:30,2026-07-10 09:35:00+05:30,1065.16715,6.632849999999962,1071.8,1051.90145,2026-07-10 09:45:00+05:30,STOP_LOSS,1.5,0.25,True,2026-07-22 11:15:00+05:30,True,2026-07-22 11:20:00+05:30,1056.6582125,2.542971724070367,True,2026-07-22 12:35:00+05:30,True,False,False,True,False
11,2026-07-10,SELL,2026-07-10 09:30:00+05:30,2026-07-10 09:35:00+05:30,1065.16715,6.632849999999962,1071.8,1051.90145,2026-07-10 09:45:00+05:30,STOP_LOSS,1.5,0.5,True,2026-07-22 11:15:00+05:30,True,2026-07-22 11:20:00+05:30,1058.316425,2.542971724070367,True,2026-07-22 12:35:00+05:30,True,False,False,True,False
11,2026-07-10,SELL,2026-07-10 09:30:00+05:30,2026-07-10 09:35:00+05:30,1065.16715,6.632849999999962,1071.8,1051.90145,2026-07-10 09:45:00+05:30,STOP_LOSS,1.5,0.75,True,2026-07-22 11:15:00+05:30,True,2026-07-22 11:20:00+05:30,1059.9746375,2.542971724070367,True,2026-07-22 12:35:00+05:30,True,False,False,True,False
11,2026-07-10,SELL,2026-07-10 09:30:00+05:30,2026-07-10 09:35:00+05:30,1065.16715,6.632849999999962,1071.8,1051.90145,2026-07-10 09:45:00+05:30,STOP_LOSS,1.5,1.0,True,2026-07-22 11:15:00+05:30,True,2026-07-22 11:25:00+05:30,1061.63285,2.542971724070367,True,2026-07-22 12:35:00+05:30,True,False,False,True,False
12,2026-07-10,SELL,2026-07-10 09:50:00+05:30,2026-07-10 09:55:00+05:30,1068.16565,2.734349999999949,1070.9,1062.6969500000002,2026-07-10 10:15:00+05:30,STOP_LOSS,0.5,0.25,True,2026-07-10 09:55:00+05:30,True,2026-07-10 10:00:00+05:30,1066.6835875,4.046903285972978,True,2026-07-13 09:15:00+05:30,False,True,False,True,False
12,2026-07-10,SELL,2026-07-10 09:50:00+05:30,2026-07-10 09:55:00+05:30,1068.16565,2.734349999999949,1070.9,1062.6969500000002,2026-07-10 10:15:00+05:30,STOP_LOSS,0.5,0.5,True,2026-07-10 09:55:00+05:30,True,2026-07-10 10:00:00+05:30,1067.3671749999999,4.046903285972978,True,2026-07-13 09:15:00+05:30,False,True,False,True,False
12,2026-07-10,SELL,2026-07-10 09:50:00+05:30,2026-07-10 09:55:00+05:30,1068.16565,2.734349999999949,1070.9,1062.6969500000002,2026-07-10 10:15:00+05:30,STOP_LOSS,0.5,0.75,True,2026-07-10 09:55:00+05:30,True,2026-07-10 10:00:00+05:30,1068.0507625,4.046903285972978,True,2026-07-13 09:15:00+05:30,False,True,False,True,False
12,2026-07-10,SELL,2026-07-10 09:50:00+05:30,2026-07-10 09:55:00+05:30,1068.16565,2.734349999999949,1070.9,1062.6969500000002,2026-07-10 10:15:00+05:30,STOP_LOSS,0.5,1.0,True,2026-07-10 09:55:00+05:30,True,2026-07-10 10:00:00+05:30,1068.73435,4.046903285972978,True,2026-07-13 09:15:00+05:30,False,True,False,True,False
12,2026-07-10,SELL,2026-07-10 09:50:00+05:30,2026-07-10 09:55:00+05:30,1068.16565,2.734349999999949,1070.9,1062.6969500000002,2026-07-10 10:15:00+05:30,STOP_LOSS,0.75,0.25,True,2026-07-10 09:55:00+05:30,True,2026-07-10 10:00:00+05:30,1066.6835875,4.046903285972978,True,2026-07-13 09:15:00+05:30,False,True,False,True,False
12,2026-07-10,SELL,2026-07-10 09:50:00+05:30,2026-07-10 09:55:00+05:30,1068.16565,2.734349999999949,1070.9,1062.6969500000002,2026-07-10 10:15:00+05:30,STOP_LOSS,0.75,0.5,True,2026-07-10 09:55:00+05:30,True,2026-07-10 10:00:00+05:30,1067.3671749999999,4.046903285972978,True,2026-07-13 09:15:00+05:30,False,True,False,True,False
12,2026-07-10,SELL,2026-07-10 09:50:00+05:30,2026-07-10 09:55:00+05:30,1068.16565,2.734349999999949,1070.9,1062.6969500000002,2026-07-10 10:15:00+05:30,STOP_LOSS,0.75,0.75,True,2026-07-10 09:55:00+05:30,True,2026-07-10 10:00:00+05:30,1068.0507625,4.046903285972978,True,2026-07-13 09:15:00+05:30,False,True,False,True,False
12,2026-07-10,SELL,2026-07-10 09:50:00+05:30,2026-07-10 09:55:00+05:30,1068.16565,2.734349999999949,1070.9,1062.6969500000002,2026-07-10 10:15:00+05:30,STOP_LOSS,0.75,1.0,True,2026-07-10 09:55:00+05:30,True,2026-07-10 10:00:00+05:30,1068.73435,4.046903285972978,True,2026-07-13 09:15:00+05:30,False,True,False,True,False
12,2026-07-10,SELL,2026-07-10 09:50:00+05:30,2026-07-10 09:55:00+05:30,1068.16565,2.734349999999949,1070.9,1062.6969500000002,2026-07-10 10:15:00+05:30,STOP_LOSS,1.0,0.25,True,2026-07-13 09:15:00+05:30,True,2026-07-13 09:20:00+05:30,1057.7835874999998,4.046903285972978,True,2026-07-13 09:25:00+05:30,True,False,True,False,False
12,2026-07-10,SELL,2026-07-10 09:50:00+05:30,2026-07-10 09:55:00+05:30,1068.16565,2.734349999999949,1070.9,1062.6969500000002,2026-07-10 10:15:00+05:30,STOP_LOSS,1.0,0.5,True,2026-07-13 09:15:00+05:30,True,2026-07-13 09:20:00+05:30,1058.4671749999998,4.046903285972978,True,2026-07-13 09:25:00+05:30,True,False,True,False,False
12,2026-07-10,SELL,2026-07-10 09:50:00+05:30,2026-07-10 09:55:00+05:30,1068.16565,2.734349999999949,1070.9,1062.6969500000002,2026-07-10 10:15:00+05:30,STOP_LOSS,1.0,0.75,True,2026-07-13 09:15:00+05:30,True,2026-07-13 09:20:00+05:30,1059.1507625,4.046903285972978,True,2026-07-13 09:25:00+05:30,True,False,True,False,False
12,2026-07-10,SELL,2026-07-10 09:50:00+05:30,2026-07-10 09:55:00+05:30,1068.16565,2.734349999999949,1070.9,1062.6969500000002,2026-07-10 10:15:00+05:30,STOP_LOSS,1.0,1.0,True,2026-07-13 09:15:00+05:30,True,2026-07-13 09:20:00+05:30,1059.8343499999999,4.046903285972978,True,2026-07-13 09:25:00+05:30,True,False,True,False,False
12,2026-07-10,SELL,2026-07-10 09:50:00+05:30,2026-07-10 09:55:00+05:30,1068.16565,2.734349999999949,1070.9,1062.6969500000002,2026-07-10 10:15:00+05:30,STOP_LOSS,1.25,0.25,True,2026-07-13 09:15:00+05:30,True,2026-07-13 09:20:00+05:30,1057.7835874999998,4.046903285972978,True,2026-07-13 09:25:00+05:30,True,False,True,False,False
12,2026-07-10,SELL,2026-07-10 09:50:00+05:30,2026-07-10 09:55:00+05:30,1068.16565,2.734349999999949,1070.9,1062.6969500000002,2026-07-10 10:15:00+05:30,STOP_LOSS,1.25,0.5,True,2026-07-13 09:15:00+05:30,True,2026-07-13 09:20:00+05:30,1058.4671749999998,4.046903285972978,True,2026-07-13 09:25:00+05:30,True,False,True,False,False
12,2026-07-10,SELL,2026-07-10 09:50:00+05:30,2026-07-10 09:55:00+05:30,1068.16565,2.734349999999949,1070.9,1062.6969500000002,2026-07-10 10:15:00+05:30,STOP_LOSS,1.25,0.75,True,2026-07-13 09:15:00+05:30,True,2026-07-13 09:20:00+05:30,1059.1507625,4.046903285972978,True,2026-07-13 09:25:00+05:30,True,False,True,False,False
12,2026-07-10,SELL,2026-07-10 09:50:00+05:30,2026-07-10 09:55:00+05:30,1068.16565,2.734349999999949,1070.9,1062.6969500000002,2026-07-10 10:15:00+05:30,STOP_LOSS,1.25,1.0,True,2026-07-13 09:15:00+05:30,True,2026-07-13 09:20:00+05:30,1059.8343499999999,4.046903285972978,True,2026-07-13 09:25:00+05:30,True,False,True,False,False
12,2026-07-10,SELL,2026-07-10 09:50:00+05:30,2026-07-10 09:55:00+05:30,1068.16565,2.734349999999949,1070.9,1062.6969500000002,2026-07-10 10:15:00+05:30,STOP_LOSS,1.5,0.25,True,2026-07-13 09:15:00+05:30,True,2026-07-13 09:20:00+05:30,1057.7835874999998,4.046903285972978,True,2026-07-13 09:25:00+05:30,True,False,True,False,False
12,2026-07-10,SELL,2026-07-10 09:50:00+05:30,2026-07-10 09:55:00+05:30,1068.16565,2.734349999999949,1070.9,1062.6969500000002,2026-07-10 10:15:00+05:30,STOP_LOSS,1.5,0.5,True,2026-07-13 09:15:00+05:30,True,2026-07-13 09:20:00+05:30,1058.4671749999998,4.046903285972978,True,2026-07-13 09:25:00+05:30,True,False,True,False,False
12,2026-07-10,SELL,2026-07-10 09:50:00+05:30,2026-07-10 09:55:00+05:30,1068.16565,2.734349999999949,1070.9,1062.6969500000002,2026-07-10 10:15:00+05:30,STOP_LOSS,1.5,0.75,True,2026-07-13 09:15:00+05:30,True,2026-07-13 09:20:00+05:30,1059.1507625,4.046903285972978,True,2026-07-13 09:25:00+05:30,True,False,True,False,False
12,2026-07-10,SELL,2026-07-10 09:50:00+05:30,2026-07-10 09:55:00+05:30,1068.16565,2.734349999999949,1070.9,1062.6969500000002,2026-07-10 10:15:00+05:30,STOP_LOSS,1.5,1.0,True,2026-07-13 09:15:00+05:30,True,2026-07-13 09:20:00+05:30,1059.8343499999999,4.046903285972978,True,2026-07-13 09:25:00+05:30,True,False,True,False,False
13,2026-07-10,SELL,2026-07-10 10:20:00+05:30,2026-07-10 10:25:00+05:30,1067.76585,2.534149999999954,1070.3,1062.69755,2026-07-10 10:25:00+05:30,STOP_LOSS,0.5,0.25,True,2026-07-10 10:30:00+05:30,True,2026-07-10 10:35:00+05:30,1067.0335375,4.208847147958994,True,2026-07-13 09:15:00+05:30,True,True,False,True,False
13,2026-07-10,SELL,2026-07-10 10:20:00+05:30,2026-07-10 10:25:00+05:30,1067.76585,2.534149999999954,1070.3,1062.69755,2026-07-10 10:25:00+05:30,STOP_LOSS,0.5,0.5,True,2026-07-10 10:30:00+05:30,True,2026-07-10 10:35:00+05:30,1067.667075,4.208847147958994,True,2026-07-13 09:15:00+05:30,True,True,False,True,False
13,2026-07-10,SELL,2026-07-10 10:20:00+05:30,2026-07-10 10:25:00+05:30,1067.76585,2.534149999999954,1070.3,1062.69755,2026-07-10 10:25:00+05:30,STOP_LOSS,0.5,0.75,True,2026-07-10 10:30:00+05:30,True,2026-07-10 10:40:00+05:30,1068.3006125000002,4.208847147958994,True,2026-07-13 09:15:00+05:30,True,True,False,True,False
13,2026-07-10,SELL,2026-07-10 10:20:00+05:30,2026-07-10 10:25:00+05:30,1067.76585,2.534149999999954,1070.3,1062.69755,2026-07-10 10:25:00+05:30,STOP_LOSS,0.5,1.0,True,2026-07-10 10:30:00+05:30,True,2026-07-10 10:40:00+05:30,1068.93415,4.208847147958994,True,2026-07-13 09:15:00+05:30,True,True,False,True,False
13,2026-07-10,SELL,2026-07-10 10:20:00+05:30,2026-07-10 10:25:00+05:30,1067.76585,2.534149999999954,1070.3,1062.69755,2026-07-10 10:25:00+05:30,STOP_LOSS,0.75,0.25,True,2026-07-10 15:00:00+05:30,True,2026-07-10 15:05:00+05:30,1066.1335374999999,4.208847147958994,True,2026-07-13 09:15:00+05:30,True,False,False,True,False
13,2026-07-10,SELL,2026-07-10 10:20:00+05:30,2026-07-10 10:25:00+05:30,1067.76585,2.534149999999954,1070.3,1062.69755,2026-07-10 10:25:00+05:30,STOP_LOSS,0.75,0.5,True,2026-07-10 15:00:00+05:30,True,2026-07-10 15:05:00+05:30,1066.767075,4.208847147958994,True,2026-07-13 09:15:00+05:30,True,False,False,True,False
13,2026-07-10,SELL,2026-07-10 10:20:00+05:30,2026-07-10 10:25:00+05:30,1067.76585,2.534149999999954,1070.3,1062.69755,2026-07-10 10:25:00+05:30,STOP_LOSS,0.75,0.75,True,2026-07-10 15:00:00+05:30,True,2026-07-10 15:05:00+05:30,1067.4006125,4.208847147958994,True,2026-07-13 09:15:00+05:30,True,False,False,True,False
13,2026-07-10,SELL,2026-07-10 10:20:00+05:30,2026-07-10 10:25:00+05:30,1067.76585,2.534149999999954,1070.3,1062.69755,2026-07-10 10:25:00+05:30,STOP_LOSS,0.75,1.0,True,2026-07-10 15:00:00+05:30,True,2026-07-10 15:05:00+05:30,1068.03415,4.208847147958994,True,2026-07-13 09:15:00+05:30,True,False,False,True,False
13,2026-07-10,SELL,2026-07-10 10:20:00+05:30,2026-07-10 10:25:00+05:30,1067.76585,2.534149999999954,1070.3,1062.69755,2026-07-10 10:25:00+05:30,STOP_LOSS,1.0,0.25,True,2026-07-13 09:15:00+05:30,True,2026-07-13 09:20:00+05:30,1057.7335374999998,4.208847147958994,True,2026-07-13 09:25:00+05:30,True,False,True,False,False
13,2026-07-10,SELL,2026-07-10 10:20:00+05:30,2026-07-10 10:25:00+05:30,1067.76585,2.534149999999954,1070.3,1062.69755,2026-07-10 10:25:00+05:30,STOP_LOSS,1.0,0.5,True,2026-07-13 09:15:00+05:30,True,2026-07-13 09:20:00+05:30,1058.3670749999999,4.208847147958994,True,2026-07-13 09:25:00+05:30,True,False,True,False,False
13,2026-07-10,SELL,2026-07-10 10:20:00+05:30,2026-07-10 10:25:00+05:30,1067.76585,2.534149999999954,1070.3,1062.69755,2026-07-10 10:25:00+05:30,STOP_LOSS,1.0,0.75,True,2026-07-13 09:15:00+05:30,True,2026-07-13 09:20:00+05:30,1059.0006125,4.208847147958994,True,2026-07-13 09:25:00+05:30,True,False,True,False,False
13,2026-07-10,SELL,2026-07-10 10:20:00+05:30,2026-07-10 10:25:00+05:30,1067.76585,2.534149999999954,1070.3,1062.69755,2026-07-10 10:25:00+05:30,STOP_LOSS,1.0,1.0,True,2026-07-13 09:15:00+05:30,True,2026-07-13 09:20:00+05:30,1059.6341499999999,4.208847147958994,True,2026-07-13 09:25:00+05:30,True,False,True,False,False
13,2026-07-10,SELL,2026-07-10 10:20:00+05:30,2026-07-10 10:25:00+05:30,1067.76585,2.534149999999954,1070.3,1062.69755,2026-07-10 10:25:00+05:30,STOP_LOSS,1.25,0.25,True,2026-07-13 09:15:00+05:30,True,2026-07-13 09:20:00+05:30,1057.7335374999998,4.208847147958994,True,2026-07-13 09:25:00+05:30,True,False,True,False,False
13,2026-07-10,SELL,2026-07-10 10:20:00+05:30,2026-07-10 10:25:00+05:30,1067.76585,2.534149999999954,1070.3,1062.69755,2026-07-10 10:25:00+05:30,STOP_LOSS,1.25,0.5,True,2026-07-13 09:15:00+05:30,True,2026-07-13 09:20:00+05:30,1058.3670749999999,4.208847147958994,True,2026-07-13 09:25:00+05:30,True,False,True,False,False
13,2026-07-10,SELL,2026-07-10 10:20:00+05:30,2026-07-10 10:25:00+05:30,1067.76585,2.534149999999954,1070.3,1062.69755,2026-07-10 10:25:00+05:30,STOP_LOSS,1.25,0.75,True,2026-07-13 09:15:00+05:30,True,2026-07-13 09:20:00+05:30,1059.0006125,4.208847147958994,True,2026-07-13 09:25:00+05:30,True,False,True,False,False
13,2026-07-10,SELL,2026-07-10 10:20:00+05:30,2026-07-10 10:25:00+05:30,1067.76585,2.534149999999954,1070.3,1062.69755,2026-07-10 10:25:00+05:30,STOP_LOSS,1.25,1.0,True,2026-07-13 09:15:00+05:30,True,2026-07-13 09:20:00+05:30,1059.6341499999999,4.208847147958994,True,2026-07-13 09:25:00+05:30,True,False,True,False,False
13,2026-07-10,SELL,2026-07-10 10:20:00+05:30,2026-07-10 10:25:00+05:30,1067.76585,2.534149999999954,1070.3,1062.69755,2026-07-10 10:25:00+05:30,STOP_LOSS,1.5,0.25,True,2026-07-13 09:15:00+05:30,True,2026-07-13 09:20:00+05:30,1057.7335374999998,4.208847147958994,True,2026-07-13 09:25:00+05:30,True,False,True,False,False
13,2026-07-10,SELL,2026-07-10 10:20:00+05:30,2026-07-10 10:25:00+05:30,1067.76585,2.534149999999954,1070.3,1062.69755,2026-07-10 10:25:00+05:30,STOP_LOSS,1.5,0.5,True,2026-07-13 09:15:00+05:30,True,2026-07-13 09:20:00+05:30,1058.3670749999999,4.208847147958994,True,2026-07-13 09:25:00+05:30,True,False,True,False,False
13,2026-07-10,SELL,2026-07-10 10:20:00+05:30,2026-07-10 10:25:00+05:30,1067.76585,2.534149999999954,1070.3,1062.69755,2026-07-10 10:25:00+05:30,STOP_LOSS,1.5,0.75,True,2026-07-13 09:15:00+05:30,True,2026-07-13 09:20:00+05:30,1059.0006125,4.208847147958994,True,2026-07-13 09:25:00+05:30,True,False,True,False,False
13,2026-07-10,SELL,2026-07-10 10:20:00+05:30,2026-07-10 10:25:00+05:30,1067.76585,2.534149999999954,1070.3,1062.69755,2026-07-10 10:25:00+05:30,STOP_LOSS,1.5,1.0,True,2026-07-13 09:15:00+05:30,True,2026-07-13 09:20:00+05:30,1059.6341499999999,4.208847147958994,True,2026-07-13 09:25:00+05:30,True,False,True,False,False
14,2026-07-10,SELL,2026-07-10 10:30:00+05:30,2026-07-10 10:35:00+05:30,1066.96625,3.433750000000145,1070.4,1060.0987499999997,2026-07-10 10:40:00+05:30,STOP_LOSS,0.5,0.25,True,2026-07-13 09:15:00+05:30,True,2026-07-13 09:20:00+05:30,1057.9584375,2.8733163451036385,True,2026-07-13 09:25:00+05:30,True,False,True,False,False
14,2026-07-10,SELL,2026-07-10 10:30:00+05:30,2026-07-10 10:35:00+05:30,1066.96625,3.433750000000145,1070.4,1060.0987499999997,2026-07-10 10:40:00+05:30,STOP_LOSS,0.5,0.5,True,2026-07-13 09:15:00+05:30,True,2026-07-13 09:20:00+05:30,1058.816875,2.8733163451036385,True,2026-07-13 09:25:00+05:30,True,False,True,False,False
14,2026-07-10,SELL,2026-07-10 10:30:00+05:30,2026-07-10 10:35:00+05:30,1066.96625,3.433750000000145,1070.4,1060.0987499999997,2026-07-10 10:40:00+05:30,STOP_LOSS,0.5,0.75,True,2026-07-13 09:15:00+05:30,True,2026-07-13 09:20:00+05:30,1059.6753125,2.8733163451036385,True,2026-07-13 09:25:00+05:30,True,False,True,False,False
14,2026-07-10,SELL,2026-07-10 10:30:00+05:30,2026-07-10 10:35:00+05:30,1066.96625,3.433750000000145,1070.4,1060.0987499999997,2026-07-10 10:40:00+05:30,STOP_LOSS,0.5,1.0,True,2026-07-13 09:15:00+05:30,True,2026-07-13 09:20:00+05:30,1060.53375,2.8733163451036385,True,2026-07-13 09:25:00+05:30,True,False,True,False,False
14,2026-07-10,SELL,2026-07-10 10:30:00+05:30,2026-07-10 10:35:00+05:30,1066.96625,3.433750000000145,1070.4,1060.0987499999997,2026-07-10 10:40:00+05:30,STOP_LOSS,0.75,0.25,True,2026-07-13 09:15:00+05:30,True,2026-07-13 09:20:00+05:30,1057.9584375,2.8733163451036385,True,2026-07-13 09:25:00+05:30,True,False,True,False,False
14,2026-07-10,SELL,2026-07-10 10:30:00+05:30,2026-07-10 10:35:00+05:30,1066.96625,3.433750000000145,1070.4,1060.0987499999997,2026-07-10 10:40:00+05:30,STOP_LOSS,0.75,0.5,True,2026-07-13 09:15:00+05:30,True,2026-07-13 09:20:00+05:30,1058.816875,2.8733163451036385,True,2026-07-13 09:25:00+05:30,True,False,True,False,False
14,2026-07-10,SELL,2026-07-10 10:30:00+05:30,2026-07-10 10:35:00+05:30,1066.96625,3.433750000000145,1070.4,1060.0987499999997,2026-07-10 10:40:00+05:30,STOP_LOSS,0.75,0.75,True,2026-07-13 09:15:00+05:30,True,2026-07-13 09:20:00+05:30,1059.6753125,2.8733163451036385,True,2026-07-13 09:25:00+05:30,True,False,True,False,False
14,2026-07-10,SELL,2026-07-10 10:30:00+05:30,2026-07-10 10:35:00+05:30,1066.96625,3.433750000000145,1070.4,1060.0987499999997,2026-07-10 10:40:00+05:30,STOP_LOSS,0.75,1.0,True,2026-07-13 09:15:00+05:30,True,2026-07-13 09:20:00+05:30,1060.53375,2.8733163451036385,True,2026-07-13 09:25:00+05:30,True,False,True,False,False
14,2026-07-10,SELL,2026-07-10 10:30:00+05:30,2026-07-10 10:35:00+05:30,1066.96625,3.433750000000145,1070.4,1060.0987499999997,2026-07-10 10:40:00+05:30,STOP_LOSS,1.0,0.25,True,2026-07-13 09:15:00+05:30,True,2026-07-13 09:20:00+05:30,1057.9584375,2.8733163451036385,True,2026-07-13 09:25:00+05:30,True,False,True,False,False
14,2026-07-10,SELL,2026-07-10 10:30:00+05:30,2026-07-10 10:35:00+05:30,1066.96625,3.433750000000145,1070.4,1060.0987499999997,2026-07-10 10:40:00+05:30,STOP_LOSS,1.0,0.5,True,2026-07-13 09:15:00+05:30,True,2026-07-13 09:20:00+05:30,1058.816875,2.8733163451036385,True,2026-07-13 09:25:00+05:30,True,False,True,False,False
14,2026-07-10,SELL,2026-07-10 10:30:00+05:30,2026-07-10 10:35:00+05:30,1066.96625,3.433750000000145,1070.4,1060.0987499999997,2026-07-10 10:40:00+05:30,STOP_LOSS,1.0,0.75,True,2026-07-13 09:15:00+05:30,True,2026-07-13 09:20:00+05:30,1059.6753125,2.8733163451036385,True,2026-07-13 09:25:00+05:30,True,False,True,False,False
14,2026-07-10,SELL,2026-07-10 10:30:00+05:30,2026-07-10 10:35:00+05:30,1066.96625,3.433750000000145,1070.4,1060.0987499999997,2026-07-10 10:40:00+05:30,STOP_LOSS,1.0,1.0,True,2026-07-13 09:15:00+05:30,True,2026-07-13 09:20:00+05:30,1060.53375,2.8733163451036385,True,2026-07-13 09:25:00+05:30,True,False,True,False,False
14,2026-07-10,SELL,2026-07-10 10:30:00+05:30,2026-07-10 10:35:00+05:30,1066.96625,3.433750000000145,1070.4,1060.0987499999997,2026-07-10 10:40:00+05:30,STOP_LOSS,1.25,0.25,True,2026-07-13 09:15:00+05:30,True,2026-07-13 09:20:00+05:30,1057.9584375,2.8733163451036385,True,2026-07-13 09:25:00+05:30,True,False,True,False,False
14,2026-07-10,SELL,2026-07-10 10:30:00+05:30,2026-07-10 10:35:00+05:30,1066.96625,3.433750000000145,1070.4,1060.0987499999997,2026-07-10 10:40:00+05:30,STOP_LOSS,1.25,0.5,True,2026-07-13 09:15:00+05:30,True,2026-07-13 09:20:00+05:30,1058.816875,2.8733163451036385,True,2026-07-13 09:25:00+05:30,True,False,True,False,False
14,2026-07-10,SELL,2026-07-10 10:30:00+05:30,2026-07-10 10:35:00+05:30,1066.96625,3.433750000000145,1070.4,1060.0987499999997,2026-07-10 10:40:00+05:30,STOP_LOSS,1.25,0.75,True,2026-07-13 09:15:00+05:30,True,2026-07-13 09:20:00+05:30,1059.6753125,2.8733163451036385,True,2026-07-13 09:25:00+05:30,True,False,True,False,False
14,2026-07-10,SELL,2026-07-10 10:30:00+05:30,2026-07-10 10:35:00+05:30,1066.96625,3.433750000000145,1070.4,1060.0987499999997,2026-07-10 10:40:00+05:30,STOP_LOSS,1.25,1.0,True,2026-07-13 09:15:00+05:30,True,2026-07-13 09:20:00+05:30,1060.53375,2.8733163451036385,True,2026-07-13 09:25:00+05:30,True,False,True,False,False
14,2026-07-10,SELL,2026-07-10 10:30:00+05:30,2026-07-10 10:35:00+05:30,1066.96625,3.433750000000145,1070.4,1060.0987499999997,2026-07-10 10:40:00+05:30,STOP_LOSS,1.5,0.25,True,2026-07-13 09:15:00+05:30,True,2026-07-13 09:20:00+05:30,1057.9584375,2.8733163451036385,True,2026-07-13 09:25:00+05:30,True,False,True,False,False
14,2026-07-10,SELL,2026-07-10 10:30:00+05:30,2026-07-10 10:35:00+05:30,1066.96625,3.433750000000145,1070.4,1060.0987499999997,2026-07-10 10:40:00+05:30,STOP_LOSS,1.5,0.5,True,2026-07-13 09:15:00+05:30,True,2026-07-13 09:20:00+05:30,1058.816875,2.8733163451036385,True,2026-07-13 09:25:00+05:30,True,False,True,False,False
14,2026-07-10,SELL,2026-07-10 10:30:00+05:30,2026-07-10 10:35:00+05:30,1066.96625,3.433750000000145,1070.4,1060.0987499999997,2026-07-10 10:40:00+05:30,STOP_LOSS,1.5,0.75,True,2026-07-13 09:15:00+05:30,True,2026-07-13 09:20:00+05:30,1059.6753125,2.8733163451036385,True,2026-07-13 09:25:00+05:30,True,False,True,False,False
14,2026-07-10,SELL,2026-07-10 10:30:00+05:30,2026-07-10 10:35:00+05:30,1066.96625,3.433750000000145,1070.4,1060.0987499999997,2026-07-10 10:40:00+05:30,STOP_LOSS,1.5,1.0,True,2026-07-13 09:15:00+05:30,True,2026-07-13 09:20:00+05:30,1060.53375,2.8733163451036385,True,2026-07-13 09:25:00+05:30,True,False,True,False,False
15,2026-07-10,SELL,2026-07-10 11:50:00+05:30,2026-07-10 11:55:00+05:30,1067.36605,6.333949999999959,1073.7,1054.6981500000002,2026-07-10 13:10:00+05:30,STOP_LOSS,0.5,0.25,True,2026-07-13 09:15:00+05:30,True,2026-07-13 09:20:00+05:30,1058.6834875,2.189163160429144,True,2026-07-22 12:20:00+05:30,True,True,False,True,False
15,2026-07-10,SELL,2026-07-10 11:50:00+05:30,2026-07-10 11:55:00+05:30,1067.36605,6.333949999999959,1073.7,1054.6981500000002,2026-07-10 13:10:00+05:30,STOP_LOSS,0.5,0.5,True,2026-07-13 09:15:00+05:30,True,2026-07-13 09:20:00+05:30,1060.266975,2.189163160429144,True,2026-07-22 12:20:00+05:30,True,True,False,True,False
15,2026-07-10,SELL,2026-07-10 11:50:00+05:30,2026-07-10 11:55:00+05:30,1067.36605,6.333949999999959,1073.7,1054.6981500000002,2026-07-10 13:10:00+05:30,STOP_LOSS,0.5,0.75,True,2026-07-13 09:15:00+05:30,True,2026-07-13 09:20:00+05:30,1061.8504624999998,2.189163160429144,True,2026-07-22 12:20:00+05:30,True,True,False,True,False
15,2026-07-10,SELL,2026-07-10 11:50:00+05:30,2026-07-10 11:55:00+05:30,1067.36605,6.333949999999959,1073.7,1054.6981500000002,2026-07-10 13:10:00+05:30,STOP_LOSS,0.5,1.0,True,2026-07-13 09:15:00+05:30,True,2026-07-13 09:20:00+05:30,1063.4339499999999,2.189163160429144,True,2026-07-22 12:20:00+05:30,True,True,False,True,False
15,2026-07-10,SELL,2026-07-10 11:50:00+05:30,2026-07-10 11:55:00+05:30,1067.36605,6.333949999999959,1073.7,1054.6981500000002,2026-07-10 13:10:00+05:30,STOP_LOSS,0.75,0.25,True,2026-07-13 09:15:00+05:30,True,2026-07-13 09:20:00+05:30,1058.6834875,2.189163160429144,True,2026-07-22 12:20:00+05:30,True,True,False,True,False
15,2026-07-10,SELL,2026-07-10 11:50:00+05:30,2026-07-10 11:55:00+05:30,1067.36605,6.333949999999959,1073.7,1054.6981500000002,2026-07-10 13:10:00+05:30,STOP_LOSS,0.75,0.5,True,2026-07-13 09:15:00+05:30,True,2026-07-13 09:20:00+05:30,1060.266975,2.189163160429144,True,2026-07-22 12:20:00+05:30,True,True,False,True,False
15,2026-07-10,SELL,2026-07-10 11:50:00+05:30,2026-07-10 11:55:00+05:30,1067.36605,6.333949999999959,1073.7,1054.6981500000002,2026-07-10 13:10:00+05:30,STOP_LOSS,0.75,0.75,True,2026-07-13 09:15:00+05:30,True,2026-07-13 09:20:00+05:30,1061.8504624999998,2.189163160429144,True,2026-07-22 12:20:00+05:30,True,True,False,True,False
15,2026-07-10,SELL,2026-07-10 11:50:00+05:30,2026-07-10 11:55:00+05:30,1067.36605,6.333949999999959,1073.7,1054.6981500000002,2026-07-10 13:10:00+05:30,STOP_LOSS,0.75,1.0,True,2026-07-13 09:15:00+05:30,True,2026-07-13 09:20:00+05:30,1063.4339499999999,2.189163160429144,True,2026-07-22 12:20:00+05:30,True,True,False,True,False
15,2026-07-10,SELL,2026-07-10 11:50:00+05:30,2026-07-10 11:55:00+05:30,1067.36605,6.333949999999959,1073.7,1054.6981500000002,2026-07-10 13:10:00+05:30,STOP_LOSS,1.0,0.25,True,2026-07-13 09:15:00+05:30,True,2026-07-13 09:20:00+05:30,1058.6834875,2.189163160429144,True,2026-07-22 12:20:00+05:30,True,True,False,True,False
15,2026-07-10,SELL,2026-07-10 11:50:00+05:30,2026-07-10 11:55:00+05:30,1067.36605,6.333949999999959,1073.7,1054.6981500000002,2026-07-10 13:10:00+05:30,STOP_LOSS,1.0,0.5,True,2026-07-13 09:15:00+05:30,True,2026-07-13 09:20:00+05:30,1060.266975,2.189163160429144,True,2026-07-22 12:20:00+05:30,True,True,False,True,False
15,2026-07-10,SELL,2026-07-10 11:50:00+05:30,2026-07-10 11:55:00+05:30,1067.36605,6.333949999999959,1073.7,1054.6981500000002,2026-07-10 13:10:00+05:30,STOP_LOSS,1.0,0.75,True,2026-07-13 09:15:00+05:30,True,2026-07-13 09:20:00+05:30,1061.8504624999998,2.189163160429144,True,2026-07-22 12:20:00+05:30,True,True,False,True,False
15,2026-07-10,SELL,2026-07-10 11:50:00+05:30,2026-07-10 11:55:00+05:30,1067.36605,6.333949999999959,1073.7,1054.6981500000002,2026-07-10 13:10:00+05:30,STOP_LOSS,1.0,1.0,True,2026-07-13 09:15:00+05:30,True,2026-07-13 09:20:00+05:30,1063.4339499999999,2.189163160429144,True,2026-07-22 12:20:00+05:30,True,True,False,True,False
15,2026-07-10,SELL,2026-07-10 11:50:00+05:30,2026-07-10 11:55:00+05:30,1067.36605,6.333949999999959,1073.7,1054.6981500000002,2026-07-10 13:10:00+05:30,STOP_LOSS,1.25,0.25,True,2026-07-13 09:15:00+05:30,True,2026-07-13 09:20:00+05:30,1058.6834875,2.189163160429144,True,2026-07-22 12:20:00+05:30,True,True,False,True,False
15,2026-07-10,SELL,2026-07-10 11:50:00+05:30,2026-07-10 11:55:00+05:30,1067.36605,6.333949999999959,1073.7,1054.6981500000002,2026-07-10 13:10:00+05:30,STOP_LOSS,1.25,0.5,True,2026-07-13 09:15:00+05:30,True,2026-07-13 09:20:00+05:30,1060.266975,2.189163160429144,True,2026-07-22 12:20:00+05:30,True,True,False,True,False
15,2026-07-10,SELL,2026-07-10 11:50:00+05:30,2026-07-10 11:55:00+05:30,1067.36605,6.333949999999959,1073.7,1054.6981500000002,2026-07-10 13:10:00+05:30,STOP_LOSS,1.25,0.75,True,2026-07-13 09:15:00+05:30,True,2026-07-13 09:20:00+05:30,1061.8504624999998,2.189163160429144,True,2026-07-22 12:20:00+05:30,True,True,False,True,False
15,2026-07-10,SELL,2026-07-10 11:50:00+05:30,2026-07-10 11:55:00+05:30,1067.36605,6.333949999999959,1073.7,1054.6981500000002,2026-07-10 13:10:00+05:30,STOP_LOSS,1.25,1.0,True,2026-07-13 09:15:00+05:30,True,2026-07-13 09:20:00+05:30,1063.4339499999999,2.189163160429144,True,2026-07-22 12:20:00+05:30,True,True,False,True,False
15,2026-07-10,SELL,2026-07-10 11:50:00+05:30,2026-07-10 11:55:00+05:30,1067.36605,6.333949999999959,1073.7,1054.6981500000002,2026-07-10 13:10:00+05:30,STOP_LOSS,1.5,0.25,True,2026-07-13 09:15:00+05:30,True,2026-07-13 09:20:00+05:30,1058.6834875,2.189163160429144,True,2026-07-22 12:20:00+05:30,True,True,False,True,False
15,2026-07-10,SELL,2026-07-10 11:50:00+05:30,2026-07-10 11:55:00+05:30,1067.36605,6.333949999999959,1073.7,1054.6981500000002,2026-07-10 13:10:00+05:30,STOP_LOSS,1.5,0.5,True,2026-07-13 09:15:00+05:30,True,2026-07-13 09:20:00+05:30,1060.266975,2.189163160429144,True,2026-07-22 12:20:00+05:30,True,True,False,True,False
15,2026-07-10,SELL,2026-07-10 11:50:00+05:30,2026-07-10 11:55:00+05:30,1067.36605,6.333949999999959,1073.7,1054.6981500000002,2026-07-10 13:10:00+05:30,STOP_LOSS,1.5,0.75,True,2026-07-13 09:15:00+05:30,True,2026-07-13 09:20:00+05:30,1061.8504624999998,2.189163160429144,True,2026-07-22 12:20:00+05:30,True,True,False,True,False
15,2026-07-10,SELL,2026-07-10 11:50:00+05:30,2026-07-10 11:55:00+05:30,1067.36605,6.333949999999959,1073.7,1054.6981500000002,2026-07-10 13:10:00+05:30,STOP_LOSS,1.5,1.0,True,2026-07-13 09:15:00+05:30,True,2026-07-13 09:20:00+05:30,1063.4339499999999,2.189163160429144,True,2026-07-22 12:20:00+05:30,True,True,False,True,False
16,2026-07-10,SELL,2026-07-10 14:45:00+05:30,2026-07-10 14:50:00+05:30,1067.96575,1.3342499999998836,1069.3,1065.2972500000003,2026-07-10 15:05:00+05:30,STOP_LOSS,0.5,0.25,True,2026-07-10 14:50:00+05:30,True,2026-07-10 14:55:00+05:30,1067.2335625,8.14371369683426,True,2026-07-13 09:15:00+05:30,False,True,False,True,False
16,2026-07-10,SELL,2026-07-10 14:45:00+05:30,2026-07-10 14:50:00+05:30,1067.96575,1.3342499999998836,1069.3,1065.2972500000003,2026-07-10 15:05:00+05:30,STOP_LOSS,0.5,0.5,True,2026-07-10 14:50:00+05:30,True,2026-07-10 14:55:00+05:30,1067.567125,8.14371369683426,True,2026-07-13 09:15:00+05:30,False,True,False,True,False
16,2026-07-10,SELL,2026-07-10 14:45:00+05:30,2026-07-10 14:50:00+05:30,1067.96575,1.3342499999998836,1069.3,1065.2972500000003,2026-07-10 15:05:00+05:30,STOP_LOSS,0.5,0.75,True,2026-07-10 14:50:00+05:30,True,2026-07-10 14:55:00+05:30,1067.9006875,8.14371369683426,True,2026-07-13 09:15:00+05:30,False,True,False,True,False
16,2026-07-10,SELL,2026-07-10 14:45:00+05:30,2026-07-10 14:50:00+05:30,1067.96575,1.3342499999998836,1069.3,1065.2972500000003,2026-07-10 15:05:00+05:30,STOP_LOSS,0.5,1.0,True,2026-07-10 14:50:00+05:30,True,2026-07-10 14:55:00+05:30,1068.23425,8.14371369683426,True,2026-07-13 09:15:00+05:30,False,True,False,True,False
16,2026-07-10,SELL,2026-07-10 14:45:00+05:30,2026-07-10 14:50:00+05:30,1067.96575,1.3342499999998836,1069.3,1065.2972500000003,2026-07-10 15:05:00+05:30,STOP_LOSS,0.75,0.25,True,2026-07-10 14:55:00+05:30,True,2026-07-10 15:00:00+05:30,1065.8335625,8.14371369683426,True,2026-07-13 09:15:00+05:30,False,True,False,True,False
16,2026-07-10,SELL,2026-07-10 14:45:00+05:30,2026-07-10 14:50:00+05:30,1067.96575,1.3342499999998836,1069.3,1065.2972500000003,2026-07-10 15:05:00+05:30,STOP_LOSS,0.75,0.5,True,2026-07-10 14:55:00+05:30,True,2026-07-10 15:00:00+05:30,1066.167125,8.14371369683426,True,2026-07-13 09:15:00+05:30,False,True,False,True,False
16,2026-07-10,SELL,2026-07-10 14:45:00+05:30,2026-07-10 14:50:00+05:30,1067.96575,1.3342499999998836,1069.3,1065.2972500000003,2026-07-10 15:05:00+05:30,STOP_LOSS,0.75,0.75,True,2026-07-10 14:55:00+05:30,True,2026-07-10 15:00:00+05:30,1066.5006875,8.14371369683426,True,2026-07-13 09:15:00+05:30,False,True,False,True,False
16,2026-07-10,SELL,2026-07-10 14:45:00+05:30,2026-07-10 14:50:00+05:30,1067.96575,1.3342499999998836,1069.3,1065.2972500000003,2026-07-10 15:05:00+05:30,STOP_LOSS,0.75,1.0,True,2026-07-10 14:55:00+05:30,True,2026-07-10 15:00:00+05:30,1066.8342499999999,8.14371369683426,True,2026-07-13 09:15:00+05:30,False,True,False,True,False
16,2026-07-10,SELL,2026-07-10 14:45:00+05:30,2026-07-10 14:50:00+05:30,1067.96575,1.3342499999998836,1069.3,1065.2972500000003,2026-07-10 15:05:00+05:30,STOP_LOSS,1.0,0.25,True,2026-07-10 15:00:00+05:30,True,2026-07-10 15:05:00+05:30,1065.8335625,8.14371369683426,True,2026-07-13 09:15:00+05:30,False,True,False,True,False
16,2026-07-10,SELL,2026-07-10 14:45:00+05:30,2026-07-10 14:50:00+05:30,1067.96575,1.3342499999998836,1069.3,1065.2972500000003,2026-07-10 15:05:00+05:30,STOP_LOSS,1.0,0.5,True,2026-07-10 15:00:00+05:30,True,2026-07-10 15:05:00+05:30,1066.167125,8.14371369683426,True,2026-07-13 09:15:00+05:30,False,True,False,True,False
16,2026-07-10,SELL,2026-07-10 14:45:00+05:30,2026-07-10 14:50:00+05:30,1067.96575,1.3342499999998836,1069.3,1065.2972500000003,2026-07-10 15:05:00+05:30,STOP_LOSS,1.0,0.75,True,2026-07-10 15:00:00+05:30,True,2026-07-10 15:05:00+05:30,1066.5006875,8.14371369683426,True,2026-07-13 09:15:00+05:30,False,True,False,True,False
16,2026-07-10,SELL,2026-07-10 14:45:00+05:30,2026-07-10 14:50:00+05:30,1067.96575,1.3342499999998836,1069.3,1065.2972500000003,2026-07-10 15:05:00+05:30,STOP_LOSS,1.0,1.0,True,2026-07-10 15:00:00+05:30,True,2026-07-10 15:05:00+05:30,1066.8342499999999,8.14371369683426,True,2026-07-13 09:15:00+05:30,False,True,False,True,False
16,2026-07-10,SELL,2026-07-10 14:45:00+05:30,2026-07-10 14:50:00+05:30,1067.96575,1.3342499999998836,1069.3,1065.2972500000003,2026-07-10 15:05:00+05:30,STOP_LOSS,1.25,0.25,True,2026-07-10 15:00:00+05:30,True,2026-07-10 15:05:00+05:30,1065.8335625,8.14371369683426,True,2026-07-13 09:15:00+05:30,False,True,False,True,False
16,2026-07-10,SELL,2026-07-10 14:45:00+05:30,2026-07-10 14:50:00+05:30,1067.96575,1.3342499999998836,1069.3,1065.2972500000003,2026-07-10 15:05:00+05:30,STOP_LOSS,1.25,0.5,True,2026-07-10 15:00:00+05:30,True,2026-07-10 15:05:00+05:30,1066.167125,8.14371369683426,True,2026-07-13 09:15:00+05:30,False,True,False,True,False
16,2026-07-10,SELL,2026-07-10 14:45:00+05:30,2026-07-10 14:50:00+05:30,1067.96575,1.3342499999998836,1069.3,1065.2972500000003,2026-07-10 15:05:00+05:30,STOP_LOSS,1.25,0.75,True,2026-07-10 15:00:00+05:30,True,2026-07-10 15:05:00+05:30,1066.5006875,8.14371369683426,True,2026-07-13 09:15:00+05:30,False,True,False,True,False
16,2026-07-10,SELL,2026-07-10 14:45:00+05:30,2026-07-10 14:50:00+05:30,1067.96575,1.3342499999998836,1069.3,1065.2972500000003,2026-07-10 15:05:00+05:30,STOP_LOSS,1.25,1.0,True,2026-07-10 15:00:00+05:30,True,2026-07-10 15:05:00+05:30,1066.8342499999999,8.14371369683426,True,2026-07-13 09:15:00+05:30,False,True,False,True,False
16,2026-07-10,SELL,2026-07-10 14:45:00+05:30,2026-07-10 14:50:00+05:30,1067.96575,1.3342499999998836,1069.3,1065.2972500000003,2026-07-10 15:05:00+05:30,STOP_LOSS,1.5,0.25,True,2026-07-10 15:00:00+05:30,True,2026-07-10 15:05:00+05:30,1065.8335625,8.14371369683426,True,2026-07-13 09:15:00+05:30,False,True,False,True,False
16,2026-07-10,SELL,2026-07-10 14:45:00+05:30,2026-07-10 14:50:00+05:30,1067.96575,1.3342499999998836,1069.3,1065.2972500000003,2026-07-10 15:05:00+05:30,STOP_LOSS,1.5,0.5,True,2026-07-10 15:00:00+05:30,True,2026-07-10 15:05:00+05:30,1066.167125,8.14371369683426,True,2026-07-13 09:15:00+05:30,False,True,False,True,False
16,2026-07-10,SELL,2026-07-10 14:45:00+05:30,2026-07-10 14:50:00+05:30,1067.96575,1.3342499999998836,1069.3,1065.2972500000003,2026-07-10 15:05:00+05:30,STOP_LOSS,1.5,0.75,True,2026-07-10 15:00:00+05:30,True,2026-07-10 15:05:00+05:30,1066.5006875,8.14371369683426,True,2026-07-13 09:15:00+05:30,False,True,False,True,False
16,2026-07-10,SELL,2026-07-10 14:45:00+05:30,2026-07-10 14:50:00+05:30,1067.96575,1.3342499999998836,1069.3,1065.2972500000003,2026-07-10 15:05:00+05:30,STOP_LOSS,1.5,1.0,True,2026-07-10 15:00:00+05:30,True,2026-07-10 15:05:00+05:30,1066.8342499999999,8.14371369683426,True,2026-07-13 09:15:00+05:30,False,True,False,True,False
17,2026-07-13,BUY,2026-07-13 10:40:00+05:30,2026-07-13 10:45:00+05:30,1075.5375,5.037499999999909,1070.5,1085.6124999999995,2026-07-13 11:10:00+05:30,TARGET,0.5,0.25,True,2026-07-13 10:45:00+05:30,True,2026-07-13 10:50:00+05:30,1080.740625,2.05707196029784,True,2026-07-13 11:10:00+05:30,False,False,False,True,True
17,2026-07-13,BUY,2026-07-13 10:40:00+05:30,2026-07-13 10:45:00+05:30,1075.5375,5.037499999999909,1070.5,1085.6124999999995,2026-07-13 11:10:00+05:30,TARGET,0.5,0.5,True,2026-07-13 10:45:00+05:30,True,2026-07-13 10:50:00+05:30,1079.48125,2.05707196029784,True,2026-07-13 11:10:00+05:30,False,False,False,True,True
17,2026-07-13,BUY,2026-07-13 10:40:00+05:30,2026-07-13 10:45:00+05:30,1075.5375,5.037499999999909,1070.5,1085.6124999999995,2026-07-13 11:10:00+05:30,TARGET,0.5,0.75,True,2026-07-13 10:45:00+05:30,True,2026-07-13 10:50:00+05:30,1078.2218750000002,2.05707196029784,True,2026-07-13 11:10:00+05:30,False,False,False,True,True
17,2026-07-13,BUY,2026-07-13 10:40:00+05:30,2026-07-13 10:45:00+05:30,1075.5375,5.037499999999909,1070.5,1085.6124999999995,2026-07-13 11:10:00+05:30,TARGET,0.5,1.0,True,2026-07-13 10:45:00+05:30,True,2026-07-13 11:10:00+05:30,1080.8625000000002,2.4143920595534207,True,2026-07-13 11:20:00+05:30,False,False,True,False,False
17,2026-07-13,BUY,2026-07-13 10:40:00+05:30,2026-07-13 10:45:00+05:30,1075.5375,5.037499999999909,1070.5,1085.6124999999995,2026-07-13 11:10:00+05:30,TARGET,0.75,0.25,True,2026-07-13 10:45:00+05:30,True,2026-07-13 10:50:00+05:30,1080.740625,2.05707196029784,True,2026-07-13 11:10:00+05:30,False,False,False,True,True
17,2026-07-13,BUY,2026-07-13 10:40:00+05:30,2026-07-13 10:45:00+05:30,1075.5375,5.037499999999909,1070.5,1085.6124999999995,2026-07-13 11:10:00+05:30,TARGET,0.75,0.5,True,2026-07-13 10:45:00+05:30,True,2026-07-13 10:50:00+05:30,1079.48125,2.05707196029784,True,2026-07-13 11:10:00+05:30,False,False,False,True,True
17,2026-07-13,BUY,2026-07-13 10:40:00+05:30,2026-07-13 10:45:00+05:30,1075.5375,5.037499999999909,1070.5,1085.6124999999995,2026-07-13 11:10:00+05:30,TARGET,0.75,0.75,True,2026-07-13 10:45:00+05:30,True,2026-07-13 10:50:00+05:30,1078.2218750000002,2.05707196029784,True,2026-07-13 11:10:00+05:30,False,False,False,True,True
17,2026-07-13,BUY,2026-07-13 10:40:00+05:30,2026-07-13 10:45:00+05:30,1075.5375,5.037499999999909,1070.5,1085.6124999999995,2026-07-13 11:10:00+05:30,TARGET,0.75,1.0,True,2026-07-13 10:45:00+05:30,True,2026-07-13 11:10:00+05:30,1080.8625000000002,2.4143920595534207,True,2026-07-13 11:20:00+05:30,False,False,True,False,False
17,2026-07-13,BUY,2026-07-13 10:40:00+05:30,2026-07-13 10:45:00+05:30,1075.5375,5.037499999999909,1070.5,1085.6124999999995,2026-07-13 11:10:00+05:30,TARGET,1.0,0.25,True,2026-07-13 10:45:00+05:30,True,2026-07-13 10:50:00+05:30,1080.740625,2.05707196029784,True,2026-07-13 11:10:00+05:30,False,False,False,True,True
17,2026-07-13,BUY,2026-07-13 10:40:00+05:30,2026-07-13 10:45:00+05:30,1075.5375,5.037499999999909,1070.5,1085.6124999999995,2026-07-13 11:10:00+05:30,TARGET,1.0,0.5,True,2026-07-13 10:45:00+05:30,True,2026-07-13 10:50:00+05:30,1079.48125,2.05707196029784,True,2026-07-13 11:10:00+05:30,False,False,False,True,True
17,2026-07-13,BUY,2026-07-13 10:40:00+05:30,2026-07-13 10:45:00+05:30,1075.5375,5.037499999999909,1070.5,1085.6124999999995,2026-07-13 11:10:00+05:30,TARGET,1.0,0.75,True,2026-07-13 10:45:00+05:30,True,2026-07-13 10:50:00+05:30,1078.2218750000002,2.05707196029784,True,2026-07-13 11:10:00+05:30,False,False,False,True,True
17,2026-07-13,BUY,2026-07-13 10:40:00+05:30,2026-07-13 10:45:00+05:30,1075.5375,5.037499999999909,1070.5,1085.6124999999995,2026-07-13 11:10:00+05:30,TARGET,1.0,1.0,True,2026-07-13 10:45:00+05:30,True,2026-07-13 11:10:00+05:30,1080.8625000000002,2.4143920595534207,True,2026-07-13 11:20:00+05:30,False,False,True,False,False
17,2026-07-13,BUY,2026-07-13 10:40:00+05:30,2026-07-13 10:45:00+05:30,1075.5375,5.037499999999909,1070.5,1085.6124999999995,2026-07-13 11:10:00+05:30,TARGET,1.25,0.25,True,2026-07-13 10:50:00+05:30,True,2026-07-13 10:55:00+05:30,1080.740625,2.05707196029784,True,2026-07-13 11:10:00+05:30,False,False,False,True,True
17,2026-07-13,BUY,2026-07-13 10:40:00+05:30,2026-07-13 10:45:00+05:30,1075.5375,5.037499999999909,1070.5,1085.6124999999995,2026-07-13 11:10:00+05:30,TARGET,1.25,0.5,True,2026-07-13 10:50:00+05:30,True,2026-07-13 10:55:00+05:30,1079.48125,2.05707196029784,True,2026-07-13 11:10:00+05:30,False,False,False,True,True
17,2026-07-13,BUY,2026-07-13 10:40:00+05:30,2026-07-13 10:45:00+05:30,1075.5375,5.037499999999909,1070.5,1085.6124999999995,2026-07-13 11:10:00+05:30,TARGET,1.25,0.75,True,2026-07-13 10:50:00+05:30,True,2026-07-13 11:05:00+05:30,1078.2218750000002,2.05707196029784,True,2026-07-13 11:10:00+05:30,False,False,False,True,True
17,2026-07-13,BUY,2026-07-13 10:40:00+05:30,2026-07-13 10:45:00+05:30,1075.5375,5.037499999999909,1070.5,1085.6124999999995,2026-07-13 11:10:00+05:30,TARGET,1.25,1.0,True,2026-07-13 10:50:00+05:30,True,2026-07-13 11:10:00+05:30,1080.8625000000002,2.4143920595534207,True,2026-07-13 11:20:00+05:30,False,False,True,False,False
17,2026-07-13,BUY,2026-07-13 10:40:00+05:30,2026-07-13 10:45:00+05:30,1075.5375,5.037499999999909,1070.5,1085.6124999999995,2026-07-13 11:10:00+05:30,TARGET,1.5,0.25,True,2026-07-13 11:10:00+05:30,True,2026-07-13 11:15:00+05:30,1084.640625,2.4143920595534207,True,2026-07-13 11:20:00+05:30,False,False,True,False,False
17,2026-07-13,BUY,2026-07-13 10:40:00+05:30,2026-07-13 10:45:00+05:30,1075.5375,5.037499999999909,1070.5,1085.6124999999995,2026-07-13 11:10:00+05:30,TARGET,1.5,0.5,True,2026-07-13 11:10:00+05:30,True,2026-07-13 11:15:00+05:30,1083.3812500000001,2.4143920595534207,True,2026-07-13 11:20:00+05:30,False,False,True,False,False
17,2026-07-13,BUY,2026-07-13 10:40:00+05:30,2026-07-13 10:45:00+05:30,1075.5375,5.037499999999909,1070.5,1085.6124999999995,2026-07-13 11:10:00+05:30,TARGET,1.5,0.75,True,2026-07-13 11:10:00+05:30,True,2026-07-13 11:15:00+05:30,1082.1218750000003,2.4143920595534207,True,2026-07-13 11:20:00+05:30,False,False,True,False,False
17,2026-07-13,BUY,2026-07-13 10:40:00+05:30,2026-07-13 10:45:00+05:30,1075.5375,5.037499999999909,1070.5,1085.6124999999995,2026-07-13 11:10:00+05:30,TARGET,1.5,1.0,True,2026-07-13 11:10:00+05:30,True,2026-07-13 11:25:00+05:30,1082.6625000000001,2.4143920595534207,True,2026-07-13 11:30:00+05:30,False,False,True,False,False
18,2026-07-14,SELL,2026-07-14 09:30:00+05:30,2026-07-14 09:35:00+05:30,1101.74885,4.951150000000098,1106.7,1091.8465499999998,2026-07-14 10:15:00+05:30,TARGET,0.5,0.25,True,2026-07-14 09:35:00+05:30,True,2026-07-14 09:40:00+05:30,1099.2377875,2.029599184027893,True,2026-07-14 10:15:00+05:30,False,False,False,True,True
18,2026-07-14,SELL,2026-07-14 09:30:00+05:30,2026-07-14 09:35:00+05:30,1101.74885,4.951150000000098,1106.7,1091.8465499999998,2026-07-14 10:15:00+05:30,TARGET,0.5,0.5,True,2026-07-14 09:35:00+05:30,True,2026-07-14 09:40:00+05:30,1100.475575,2.029599184027893,True,2026-07-14 10:15:00+05:30,False,False,False,True,True
18,2026-07-14,SELL,2026-07-14 09:30:00+05:30,2026-07-14 09:35:00+05:30,1101.74885,4.951150000000098,1106.7,1091.8465499999998,2026-07-14 10:15:00+05:30,TARGET,0.5,0.75,True,2026-07-14 09:35:00+05:30,True,2026-07-14 10:15:00+05:30,1095.4133625000002,2.1507831513890365,True,2026-07-14 12:35:00+05:30,False,True,True,False,False
18,2026-07-14,SELL,2026-07-14 09:30:00+05:30,2026-07-14 09:35:00+05:30,1101.74885,4.951150000000098,1106.7,1091.8465499999998,2026-07-14 10:15:00+05:30,TARGET,0.5,1.0,True,2026-07-14 09:35:00+05:30,True,2026-07-14 10:25:00+05:30,1096.6511500000001,2.1507831513890365,True,2026-07-14 12:35:00+05:30,False,True,True,False,False
18,2026-07-14,SELL,2026-07-14 09:30:00+05:30,2026-07-14 09:35:00+05:30,1101.74885,4.951150000000098,1106.7,1091.8465499999998,2026-07-14 10:15:00+05:30,TARGET,0.75,0.25,True,2026-07-14 09:35:00+05:30,True,2026-07-14 09:40:00+05:30,1099.2377875,2.029599184027893,True,2026-07-14 10:15:00+05:30,False,False,False,True,True
18,2026-07-14,SELL,2026-07-14 09:30:00+05:30,2026-07-14 09:35:00+05:30,1101.74885,4.951150000000098,1106.7,1091.8465499999998,2026-07-14 10:15:00+05:30,TARGET,0.75,0.5,True,2026-07-14 09:35:00+05:30,True,2026-07-14 09:40:00+05:30,1100.475575,2.029599184027893,True,2026-07-14 10:15:00+05:30,False,False,False,True,True
18,2026-07-14,SELL,2026-07-14 09:30:00+05:30,2026-07-14 09:35:00+05:30,1101.74885,4.951150000000098,1106.7,1091.8465499999998,2026-07-14 10:15:00+05:30,TARGET,0.75,0.75,True,2026-07-14 09:35:00+05:30,True,2026-07-14 10:15:00+05:30,1095.4133625000002,2.1507831513890365,True,2026-07-14 12:35:00+05:30,False,True,True,False,False
18,2026-07-14,SELL,2026-07-14 09:30:00+05:30,2026-07-14 09:35:00+05:30,1101.74885,4.951150000000098,1106.7,1091.8465499999998,2026-07-14 10:15:00+05:30,TARGET,0.75,1.0,True,2026-07-14 09:35:00+05:30,True,2026-07-14 10:25:00+05:30,1096.6511500000001,2.1507831513890365,True,2026-07-14 12:35:00+05:30,False,True,True,False,False
18,2026-07-14,SELL,2026-07-14 09:30:00+05:30,2026-07-14 09:35:00+05:30,1101.74885,4.951150000000098,1106.7,1091.8465499999998,2026-07-14 10:15:00+05:30,TARGET,1.0,0.25,True,2026-07-14 09:55:00+05:30,True,2026-07-14 10:00:00+05:30,1095.2377875,2.029599184027893,True,2026-07-14 10:15:00+05:30,False,False,False,True,True
18,2026-07-14,SELL,2026-07-14 09:30:00+05:30,2026-07-14 09:35:00+05:30,1101.74885,4.951150000000098,1106.7,1091.8465499999998,2026-07-14 10:15:00+05:30,TARGET,1.0,0.5,True,2026-07-14 09:55:00+05:30,True,2026-07-14 10:00:00+05:30,1096.475575,2.029599184027893,True,2026-07-14 10:15:00+05:30,False,False,False,True,True
18,2026-07-14,SELL,2026-07-14 09:30:00+05:30,2026-07-14 09:35:00+05:30,1101.74885,4.951150000000098,1106.7,1091.8465499999998,2026-07-14 10:15:00+05:30,TARGET,1.0,0.75,True,2026-07-14 09:55:00+05:30,True,2026-07-14 10:15:00+05:30,1095.4133625000002,2.1507831513890365,True,2026-07-14 12:35:00+05:30,False,True,True,False,False
18,2026-07-14,SELL,2026-07-14 09:30:00+05:30,2026-07-14 09:35:00+05:30,1101.74885,4.951150000000098,1106.7,1091.8465499999998,2026-07-14 10:15:00+05:30,TARGET,1.0,1.0,True,2026-07-14 09:55:00+05:30,True,2026-07-14 10:25:00+05:30,1096.6511500000001,2.1507831513890365,True,2026-07-14 12:35:00+05:30,False,True,True,False,False
18,2026-07-14,SELL,2026-07-14 09:30:00+05:30,2026-07-14 09:35:00+05:30,1101.74885,4.951150000000098,1106.7,1091.8465499999998,2026-07-14 10:15:00+05:30,TARGET,1.25,0.25,True,2026-07-14 09:55:00+05:30,True,2026-07-14 10:00:00+05:30,1095.2377875,2.029599184027893,True,2026-07-14 10:15:00+05:30,False,False,False,True,True
18,2026-07-14,SELL,2026-07-14 09:30:00+05:30,2026-07-14 09:35:00+05:30,1101.74885,4.951150000000098,1106.7,1091.8465499999998,2026-07-14 10:15:00+05:30,TARGET,1.25,0.5,True,2026-07-14 09:55:00+05:30,True,2026-07-14 10:00:00+05:30,1096.475575,2.029599184027893,True,2026-07-14 10:15:00+05:30,False,False,False,True,True
18,2026-07-14,SELL,2026-07-14 09:30:00+05:30,2026-07-14 09:35:00+05:30,1101.74885,4.951150000000098,1106.7,1091.8465499999998,2026-07-14 10:15:00+05:30,TARGET,1.25,0.75,True,2026-07-14 09:55:00+05:30,True,2026-07-14 10:15:00+05:30,1095.4133625000002,2.1507831513890365,True,2026-07-14 12:35:00+05:30,False,True,True,False,False
18,2026-07-14,SELL,2026-07-14 09:30:00+05:30,2026-07-14 09:35:00+05:30,1101.74885,4.951150000000098,1106.7,1091.8465499999998,2026-07-14 10:15:00+05:30,TARGET,1.25,1.0,True,2026-07-14 09:55:00+05:30,True,2026-07-14 10:25:00+05:30,1096.6511500000001,2.1507831513890365,True,2026-07-14 12:35:00+05:30,False,True,True,False,False
18,2026-07-14,SELL,2026-07-14 09:30:00+05:30,2026-07-14 09:35:00+05:30,1101.74885,4.951150000000098,1106.7,1091.8465499999998,2026-07-14 10:15:00+05:30,TARGET,1.5,0.25,True,2026-07-14 10:00:00+05:30,True,2026-07-14 10:05:00+05:30,1095.0377875,2.029599184027893,True,2026-07-14 10:15:00+05:30,False,False,False,True,True
18,2026-07-14,SELL,2026-07-14 09:30:00+05:30,2026-07-14 09:35:00+05:30,1101.74885,4.951150000000098,1106.7,1091.8465499999998,2026-07-14 10:15:00+05:30,TARGET,1.5,0.5,True,2026-07-14 10:00:00+05:30,True,2026-07-14 10:10:00+05:30,1096.2755750000001,2.029599184027893,True,2026-07-14 10:15:00+05:30,False,False,False,True,True
18,2026-07-14,SELL,2026-07-14 09:30:00+05:30,2026-07-14 09:35:00+05:30,1101.74885,4.951150000000098,1106.7,1091.8465499999998,2026-07-14 10:15:00+05:30,TARGET,1.5,0.75,True,2026-07-14 10:00:00+05:30,True,2026-07-14 10:15:00+05:30,1095.4133625000002,2.1507831513890365,True,2026-07-14 12:35:00+05:30,False,True,True,False,False
18,2026-07-14,SELL,2026-07-14 09:30:00+05:30,2026-07-14 09:35:00+05:30,1101.74885,4.951150000000098,1106.7,1091.8465499999998,2026-07-14 10:15:00+05:30,TARGET,1.5,1.0,True,2026-07-14 10:00:00+05:30,True,2026-07-14 10:25:00+05:30,1096.6511500000001,2.1507831513890365,True,2026-07-14 12:35:00+05:30,False,True,True,False,False
19,2026-07-14,SELL,2026-07-14 10:40:00+05:30,2026-07-14 10:45:00+05:30,1099.6499,5.350099999999884,1105.0,1088.9497000000003,2026-07-14 13:55:00+05:30,STOP_LOSS,0.5,0.25,True,2026-07-14 10:45:00+05:30,True,2026-07-14 10:50:00+05:30,1097.837525,4.588680585409715,True,2026-07-15 09:15:00+05:30,False,False,False,True,True
19,2026-07-14,SELL,2026-07-14 10:40:00+05:30,2026-07-14 10:45:00+05:30,1099.6499,5.350099999999884,1105.0,1088.9497000000003,2026-07-14 13:55:00+05:30,STOP_LOSS,0.5,0.5,True,2026-07-14 10:45:00+05:30,True,2026-07-14 10:50:00+05:30,1099.1750499999998,4.588680585409715,True,2026-07-15 09:15:00+05:30,False,False,False,True,True
19,2026-07-14,SELL,2026-07-14 10:40:00+05:30,2026-07-14 10:45:00+05:30,1099.6499,5.350099999999884,1105.0,1088.9497000000003,2026-07-14 13:55:00+05:30,STOP_LOSS,0.5,0.75,True,2026-07-14 10:45:00+05:30,True,2026-07-14 10:55:00+05:30,1100.512575,4.588680585409715,True,2026-07-15 09:15:00+05:30,False,False,False,True,True
19,2026-07-14,SELL,2026-07-14 10:40:00+05:30,2026-07-14 10:45:00+05:30,1099.6499,5.350099999999884,1105.0,1088.9497000000003,2026-07-14 13:55:00+05:30,STOP_LOSS,0.5,1.0,True,2026-07-14 10:45:00+05:30,True,2026-07-14 11:00:00+05:30,1101.8500999999999,4.588680585409715,True,2026-07-15 09:15:00+05:30,False,False,False,True,True
19,2026-07-14,SELL,2026-07-14 10:40:00+05:30,2026-07-14 10:45:00+05:30,1099.6499,5.350099999999884,1105.0,1088.9497000000003,2026-07-14 13:55:00+05:30,STOP_LOSS,0.75,0.25,True,2026-07-14 12:05:00+05:30,True,2026-07-14 12:10:00+05:30,1094.737525,4.588680585409715,True,2026-07-15 09:15:00+05:30,False,False,False,True,True
19,2026-07-14,SELL,2026-07-14 10:40:00+05:30,2026-07-14 10:45:00+05:30,1099.6499,5.350099999999884,1105.0,1088.9497000000003,2026-07-14 13:55:00+05:30,STOP_LOSS,0.75,0.5,True,2026-07-14 12:05:00+05:30,True,2026-07-14 12:20:00+05:30,1095.87505,4.588680585409715,True,2026-07-15 09:15:00+05:30,False,False,False,True,True
19,2026-07-14,SELL,2026-07-14 10:40:00+05:30,2026-07-14 10:45:00+05:30,1099.6499,5.350099999999884,1105.0,1088.9497000000003,2026-07-14 13:55:00+05:30,STOP_LOSS,0.75,0.75,True,2026-07-14 12:05:00+05:30,True,2026-07-14 12:55:00+05:30,1095.1125749999999,4.588680585409715,True,2026-07-15 09:15:00+05:30,False,False,False,True,True
19,2026-07-14,SELL,2026-07-14 10:40:00+05:30,2026-07-14 10:45:00+05:30,1099.6499,5.350099999999884,1105.0,1088.9497000000003,2026-07-14 13:55:00+05:30,STOP_LOSS,0.75,1.0,True,2026-07-14 12:05:00+05:30,True,2026-07-14 13:55:00+05:30,1095.3500999999999,4.588680585409715,True,2026-07-15 09:15:00+05:30,False,False,False,True,True
19,2026-07-14,SELL,2026-07-14 10:40:00+05:30,2026-07-14 10:45:00+05:30,1099.6499,5.350099999999884,1105.0,1088.9497000000003,2026-07-14 13:55:00+05:30,STOP_LOSS,1.0,0.25,True,2026-07-14 12:05:00+05:30,True,2026-07-14 12:10:00+05:30,1094.737525,4.588680585409715,True,2026-07-15 09:15:00+05:30,False,False,False,True,True
19,2026-07-14,SELL,2026-07-14 10:40:00+05:30,2026-07-14 10:45:00+05:30,1099.6499,5.350099999999884,1105.0,1088.9497000000003,2026-07-14 13:55:00+05:30,STOP_LOSS,1.0,0.5,True,2026-07-14 12:05:00+05:30,True,2026-07-14 12:20:00+05:30,1095.87505,4.588680585409715,True,2026-07-15 09:15:00+05:30,False,False,False,True,True
19,2026-07-14,SELL,2026-07-14 10:40:00+05:30,2026-07-14 10:45:00+05:30,1099.6499,5.350099999999884,1105.0,1088.9497000000003,2026-07-14 13:55:00+05:30,STOP_LOSS,1.0,0.75,True,2026-07-14 12:05:00+05:30,True,2026-07-14 12:55:00+05:30,1095.1125749999999,4.588680585409715,True,2026-07-15 09:15:00+05:30,False,False,False,True,True
19,2026-07-14,SELL,2026-07-14 10:40:00+05:30,2026-07-14 10:45:00+05:30,1099.6499,5.350099999999884,1105.0,1088.9497000000003,2026-07-14 13:55:00+05:30,STOP_LOSS,1.0,1.0,True,2026-07-14 12:05:00+05:30,True,2026-07-14 13:55:00+05:30,1095.3500999999999,4.588680585409715,True,2026-07-15 09:15:00+05:30,False,False,False,True,True
19,2026-07-14,SELL,2026-07-14 10:40:00+05:30,2026-07-14 10:45:00+05:30,1099.6499,5.350099999999884,1105.0,1088.9497000000003,2026-07-14 13:55:00+05:30,STOP_LOSS,1.25,0.25,True,2026-07-14 12:35:00+05:30,True,2026-07-14 12:40:00+05:30,1092.4375249999998,4.588680585409715,True,2026-07-15 09:15:00+05:30,False,False,False,True,True
19,2026-07-14,SELL,2026-07-14 10:40:00+05:30,2026-07-14 10:45:00+05:30,1099.6499,5.350099999999884,1105.0,1088.9497000000003,2026-07-14 13:55:00+05:30,STOP_LOSS,1.25,0.5,True,2026-07-14 12:35:00+05:30,True,2026-07-14 12:40:00+05:30,1093.7750499999997,4.588680585409715,True,2026-07-15 09:15:00+05:30,False,False,False,True,True
19,2026-07-14,SELL,2026-07-14 10:40:00+05:30,2026-07-14 10:45:00+05:30,1099.6499,5.350099999999884,1105.0,1088.9497000000003,2026-07-14 13:55:00+05:30,STOP_LOSS,1.25,0.75,True,2026-07-14 12:35:00+05:30,True,2026-07-14 12:55:00+05:30,1095.1125749999999,4.588680585409715,True,2026-07-15 09:15:00+05:30,False,False,False,True,True
19,2026-07-14,SELL,2026-07-14 10:40:00+05:30,2026-07-14 10:45:00+05:30,1099.6499,5.350099999999884,1105.0,1088.9497000000003,2026-07-14 13:55:00+05:30,STOP_LOSS,1.25,1.0,True,2026-07-14 12:35:00+05:30,True,2026-07-14 13:55:00+05:30,1095.3500999999999,4.588680585409715,True,2026-07-15 09:15:00+05:30,False,False,False,True,True
19,2026-07-14,SELL,2026-07-14 10:40:00+05:30,2026-07-14 10:45:00+05:30,1099.6499,5.350099999999884,1105.0,1088.9497000000003,2026-07-14 13:55:00+05:30,STOP_LOSS,1.5,0.25,True,2026-07-14 12:35:00+05:30,True,2026-07-14 12:40:00+05:30,1092.4375249999998,4.588680585409715,True,2026-07-15 09:15:00+05:30,False,False,False,True,True
19,2026-07-14,SELL,2026-07-14 10:40:00+05:30,2026-07-14 10:45:00+05:30,1099.6499,5.350099999999884,1105.0,1088.9497000000003,2026-07-14 13:55:00+05:30,STOP_LOSS,1.5,0.5,True,2026-07-14 12:35:00+05:30,True,2026-07-14 12:40:00+05:30,1093.7750499999997,4.588680585409715,True,2026-07-15 09:15:00+05:30,False,False,False,True,True
19,2026-07-14,SELL,2026-07-14 10:40:00+05:30,2026-07-14 10:45:00+05:30,1099.6499,5.350099999999884,1105.0,1088.9497000000003,2026-07-14 13:55:00+05:30,STOP_LOSS,1.5,0.75,True,2026-07-14 12:35:00+05:30,True,2026-07-14 12:55:00+05:30,1095.1125749999999,4.588680585409715,True,2026-07-15 09:15:00+05:30,False,False,False,True,True
19,2026-07-14,SELL,2026-07-14 10:40:00+05:30,2026-07-14 10:45:00+05:30,1099.6499,5.350099999999884,1105.0,1088.9497000000003,2026-07-14 13:55:00+05:30,STOP_LOSS,1.5,1.0,True,2026-07-14 12:35:00+05:30,True,2026-07-14 13:55:00+05:30,1095.3500999999999,4.588680585409715,True,2026-07-15 09:15:00+05:30,False,False,False,True,True
20,2026-07-16,SELL,2026-07-16 15:20:00+05:30,2026-07-16 15:25:00+05:30,1080.0597,1.5402999999998883,1081.6,1076.9791000000002,2026-07-16 15:25:00+05:30,STOP_LOSS,0.5,0.25,True,2026-07-16 15:25:00+05:30,True,2026-07-17 09:15:00+05:30,1078.285075,2.440888138674504,True,2026-07-21 09:45:00+05:30,True,True,False,True,False
20,2026-07-16,SELL,2026-07-16 15:20:00+05:30,2026-07-16 15:25:00+05:30,1080.0597,1.5402999999998883,1081.6,1076.9791000000002,2026-07-16 15:25:00+05:30,STOP_LOSS,0.5,0.5,True,2026-07-16 15:25:00+05:30,True,2026-07-17 09:15:00+05:30,1078.67015,2.440888138674504,True,2026-07-21 09:45:00+05:30,True,True,False,True,False
20,2026-07-16,SELL,2026-07-16 15:20:00+05:30,2026-07-16 15:25:00+05:30,1080.0597,1.5402999999998883,1081.6,1076.9791000000002,2026-07-16 15:25:00+05:30,STOP_LOSS,0.5,0.75,True,2026-07-16 15:25:00+05:30,True,2026-07-17 09:15:00+05:30,1079.055225,2.440888138674504,True,2026-07-21 09:45:00+05:30,True,True,False,True,False
20,2026-07-16,SELL,2026-07-16 15:20:00+05:30,2026-07-16 15:25:00+05:30,1080.0597,1.5402999999998883,1081.6,1076.9791000000002,2026-07-16 15:25:00+05:30,STOP_LOSS,0.5,1.0,True,2026-07-16 15:25:00+05:30,True,2026-07-17 09:15:00+05:30,1079.4403,2.440888138674504,True,2026-07-21 09:45:00+05:30,True,True,False,True,False
20,2026-07-16,SELL,2026-07-16 15:20:00+05:30,2026-07-16 15:25:00+05:30,1080.0597,1.5402999999998883,1081.6,1076.9791000000002,2026-07-16 15:25:00+05:30,STOP_LOSS,0.75,0.25,True,2026-07-16 15:25:00+05:30,True,2026-07-17 09:15:00+05:30,1078.285075,2.440888138674504,True,2026-07-21 09:45:00+05:30,True,True,False,True,False
20,2026-07-16,SELL,2026-07-16 15:20:00+05:30,2026-07-16 15:25:00+05:30,1080.0597,1.5402999999998883,1081.6,1076.9791000000002,2026-07-16 15:25:00+05:30,STOP_LOSS,0.75,0.5,True,2026-07-16 15:25:00+05:30,True,2026-07-17 09:15:00+05:30,1078.67015,2.440888138674504,True,2026-07-21 09:45:00+05:30,True,True,False,True,False
20,2026-07-16,SELL,2026-07-16 15:20:00+05:30,2026-07-16 15:25:00+05:30,1080.0597,1.5402999999998883,1081.6,1076.9791000000002,2026-07-16 15:25:00+05:30,STOP_LOSS,0.75,0.75,True,2026-07-16 15:25:00+05:30,True,2026-07-17 09:15:00+05:30,1079.055225,2.440888138674504,True,2026-07-21 09:45:00+05:30,True,True,False,True,False
20,2026-07-16,SELL,2026-07-16 15:20:00+05:30,2026-07-16 15:25:00+05:30,1080.0597,1.5402999999998883,1081.6,1076.9791000000002,2026-07-16 15:25:00+05:30,STOP_LOSS,0.75,1.0,True,2026-07-16 15:25:00+05:30,True,2026-07-17 09:15:00+05:30,1079.4403,2.440888138674504,True,2026-07-21 09:45:00+05:30,True,True,False,True,False
20,2026-07-16,SELL,2026-07-16 15:20:00+05:30,2026-07-16 15:25:00+05:30,1080.0597,1.5402999999998883,1081.6,1076.9791000000002,2026-07-16 15:25:00+05:30,STOP_LOSS,1.0,0.25,True,2026-07-16 15:25:00+05:30,True,2026-07-17 09:15:00+05:30,1078.285075,2.440888138674504,True,2026-07-21 09:45:00+05:30,True,True,False,True,False
20,2026-07-16,SELL,2026-07-16 15:20:00+05:30,2026-07-16 15:25:00+05:30,1080.0597,1.5402999999998883,1081.6,1076.9791000000002,2026-07-16 15:25:00+05:30,STOP_LOSS,1.0,0.5,True,2026-07-16 15:25:00+05:30,True,2026-07-17 09:15:00+05:30,1078.67015,2.440888138674504,True,2026-07-21 09:45:00+05:30,True,True,False,True,False
20,2026-07-16,SELL,2026-07-16 15:20:00+05:30,2026-07-16 15:25:00+05:30,1080.0597,1.5402999999998883,1081.6,1076.9791000000002,2026-07-16 15:25:00+05:30,STOP_LOSS,1.0,0.75,True,2026-07-16 15:25:00+05:30,True,2026-07-17 09:15:00+05:30,1079.055225,2.440888138674504,True,2026-07-21 09:45:00+05:30,True,True,False,True,False
20,2026-07-16,SELL,2026-07-16 15:20:00+05:30,2026-07-16 15:25:00+05:30,1080.0597,1.5402999999998883,1081.6,1076.9791000000002,2026-07-16 15:25:00+05:30,STOP_LOSS,1.0,1.0,True,2026-07-16 15:25:00+05:30,True,2026-07-17 09:15:00+05:30,1079.4403,2.440888138674504,True,2026-07-21 09:45:00+05:30,True,True,False,True,False
20,2026-07-16,SELL,2026-07-16 15:20:00+05:30,2026-07-16 15:25:00+05:30,1080.0597,1.5402999999998883,1081.6,1076.9791000000002,2026-07-16 15:25:00+05:30,STOP_LOSS,1.25,0.25,True,2026-07-16 15:25:00+05:30,True,2026-07-17 09:15:00+05:30,1078.285075,2.440888138674504,True,2026-07-21 09:45:00+05:30,True,True,False,True,False
20,2026-07-16,SELL,2026-07-16 15:20:00+05:30,2026-07-16 15:25:00+05:30,1080.0597,1.5402999999998883,1081.6,1076.9791000000002,2026-07-16 15:25:00+05:30,STOP_LOSS,1.25,0.5,True,2026-07-16 15:25:00+05:30,True,2026-07-17 09:15:00+05:30,1078.67015,2.440888138674504,True,2026-07-21 09:45:00+05:30,True,True,False,True,False
20,2026-07-16,SELL,2026-07-16 15:20:00+05:30,2026-07-16 15:25:00+05:30,1080.0597,1.5402999999998883,1081.6,1076.9791000000002,2026-07-16 15:25:00+05:30,STOP_LOSS,1.25,0.75,True,2026-07-16 15:25:00+05:30,True,2026-07-17 09:15:00+05:30,1079.055225,2.440888138674504,True,2026-07-21 09:45:00+05:30,True,True,False,True,False
20,2026-07-16,SELL,2026-07-16 15:20:00+05:30,2026-07-16 15:25:00+05:30,1080.0597,1.5402999999998883,1081.6,1076.9791000000002,2026-07-16 15:25:00+05:30,STOP_LOSS,1.25,1.0,True,2026-07-16 15:25:00+05:30,True,2026-07-17 09:15:00+05:30,1079.4403,2.440888138674504,True,2026-07-21 09:45:00+05:30,True,True,False,True,False
20,2026-07-16,SELL,2026-07-16 15:20:00+05:30,2026-07-16 15:25:00+05:30,1080.0597,1.5402999999998883,1081.6,1076.9791000000002,2026-07-16 15:25:00+05:30,STOP_LOSS,1.5,0.25,True,2026-07-21 09:45:00+05:30,True,2026-07-21 09:50:00+05:30,1076.6850749999999,5.1676296825298245,True,2026-07-21 10:20:00+05:30,True,False,True,False,False
20,2026-07-16,SELL,2026-07-16 15:20:00+05:30,2026-07-16 15:25:00+05:30,1080.0597,1.5402999999998883,1081.6,1076.9791000000002,2026-07-16 15:25:00+05:30,STOP_LOSS,1.5,0.5,True,2026-07-21 09:45:00+05:30,True,2026-07-21 09:50:00+05:30,1077.07015,5.1676296825298245,True,2026-07-21 10:20:00+05:30,True,False,True,False,False
20,2026-07-16,SELL,2026-07-16 15:20:00+05:30,2026-07-16 15:25:00+05:30,1080.0597,1.5402999999998883,1081.6,1076.9791000000002,2026-07-16 15:25:00+05:30,STOP_LOSS,1.5,0.75,True,2026-07-21 09:45:00+05:30,True,2026-07-21 09:50:00+05:30,1077.455225,5.1676296825298245,True,2026-07-21 10:20:00+05:30,True,False,True,False,False
20,2026-07-16,SELL,2026-07-16 15:20:00+05:30,2026-07-16 15:25:00+05:30,1080.0597,1.5402999999998883,1081.6,1076.9791000000002,2026-07-16 15:25:00+05:30,STOP_LOSS,1.5,1.0,True,2026-07-21 09:45:00+05:30,True,2026-07-21 09:50:00+05:30,1077.8402999999998,5.1676296825298245,True,2026-07-21 10:20:00+05:30,True,False,True,False,False
21,2026-07-17,SELL,2026-07-17 09:30:00+05:30,2026-07-17 09:35:00+05:30,1101.449,3.65099999999984,1105.1,1094.1470000000004,2026-07-17 09:35:00+05:30,STOP_LOSS,0.5,0.25,True,2026-07-17 09:45:00+05:30,True,2026-07-17 09:50:00+05:30,1098.41275,2.0402629416599276,True,2026-07-17 14:25:00+05:30,True,False,False,True,False
21,2026-07-17,SELL,2026-07-17 09:30:00+05:30,2026-07-17 09:35:00+05:30,1101.449,3.65099999999984,1105.1,1094.1470000000004,2026-07-17 09:35:00+05:30,STOP_LOSS,0.5,0.5,True,2026-07-17 09:45:00+05:30,True,2026-07-17 09:50:00+05:30,1099.3255,2.0402629416599276,True,2026-07-17 14:25:00+05:30,True,False,False,True,False
21,2026-07-17,SELL,2026-07-17 09:30:00+05:30,2026-07-17 09:35:00+05:30,1101.449,3.65099999999984,1105.1,1094.1470000000004,2026-07-17 09:35:00+05:30,STOP_LOSS,0.5,0.75,True,2026-07-17 09:45:00+05:30,True,2026-07-17 09:50:00+05:30,1100.2382499999999,2.0402629416599276,True,2026-07-17 14:25:00+05:30,True,False,False,True,False
21,2026-07-17,SELL,2026-07-17 09:30:00+05:30,2026-07-17 09:35:00+05:30,1101.449,3.65099999999984,1105.1,1094.1470000000004,2026-07-17 09:35:00+05:30,STOP_LOSS,0.5,1.0,True,2026-07-17 09:45:00+05:30,True,2026-07-17 09:50:00+05:30,1101.1509999999998,2.0402629416599276,True,2026-07-17 14:25:00+05:30,True,False,False,True,False
21,2026-07-17,SELL,2026-07-17 09:30:00+05:30,2026-07-17 09:35:00+05:30,1101.449,3.65099999999984,1105.1,1094.1470000000004,2026-07-17 09:35:00+05:30,STOP_LOSS,0.75,0.25,True,2026-07-17 09:45:00+05:30,True,2026-07-17 09:50:00+05:30,1098.41275,2.0402629416599276,True,2026-07-17 14:25:00+05:30,True,False,False,True,False
21,2026-07-17,SELL,2026-07-17 09:30:00+05:30,2026-07-17 09:35:00+05:30,1101.449,3.65099999999984,1105.1,1094.1470000000004,2026-07-17 09:35:00+05:30,STOP_LOSS,0.75,0.5,True,2026-07-17 09:45:00+05:30,True,2026-07-17 09:50:00+05:30,1099.3255,2.0402629416599276,True,2026-07-17 14:25:00+05:30,True,False,False,True,False
21,2026-07-17,SELL,2026-07-17 09:30:00+05:30,2026-07-17 09:35:00+05:30,1101.449,3.65099999999984,1105.1,1094.1470000000004,2026-07-17 09:35:00+05:30,STOP_LOSS,0.75,0.75,True,2026-07-17 09:45:00+05:30,True,2026-07-17 09:50:00+05:30,1100.2382499999999,2.0402629416599276,True,2026-07-17 14:25:00+05:30,True,False,False,True,False
21,2026-07-17,SELL,2026-07-17 09:30:00+05:30,2026-07-17 09:35:00+05:30,1101.449,3.65099999999984,1105.1,1094.1470000000004,2026-07-17 09:35:00+05:30,STOP_LOSS,0.75,1.0,True,2026-07-17 09:45:00+05:30,True,2026-07-17 09:50:00+05:30,1101.1509999999998,2.0402629416599276,True,2026-07-17 14:25:00+05:30,True,False,False,True,False
21,2026-07-17,SELL,2026-07-17 09:30:00+05:30,2026-07-17 09:35:00+05:30,1101.449,3.65099999999984,1105.1,1094.1470000000004,2026-07-17 09:35:00+05:30,STOP_LOSS,1.0,0.25,True,2026-07-17 09:45:00+05:30,True,2026-07-17 09:50:00+05:30,1098.41275,2.0402629416599276,True,2026-07-17 14:25:00+05:30,True,False,False,True,False
21,2026-07-17,SELL,2026-07-17 09:30:00+05:30,2026-07-17 09:35:00+05:30,1101.449,3.65099999999984,1105.1,1094.1470000000004,2026-07-17 09:35:00+05:30,STOP_LOSS,1.0,0.5,True,2026-07-17 09:45:00+05:30,True,2026-07-17 09:50:00+05:30,1099.3255,2.0402629416599276,True,2026-07-17 14:25:00+05:30,True,False,False,True,False
21,2026-07-17,SELL,2026-07-17 09:30:00+05:30,2026-07-17 09:35:00+05:30,1101.449,3.65099999999984,1105.1,1094.1470000000004,2026-07-17 09:35:00+05:30,STOP_LOSS,1.0,0.75,True,2026-07-17 09:45:00+05:30,True,2026-07-17 09:50:00+05:30,1100.2382499999999,2.0402629416599276,True,2026-07-17 14:25:00+05:30,True,False,False,True,False
21,2026-07-17,SELL,2026-07-17 09:30:00+05:30,2026-07-17 09:35:00+05:30,1101.449,3.65099999999984,1105.1,1094.1470000000004,2026-07-17 09:35:00+05:30,STOP_LOSS,1.0,1.0,True,2026-07-17 09:45:00+05:30,True,2026-07-17 09:50:00+05:30,1101.1509999999998,2.0402629416599276,True,2026-07-17 14:25:00+05:30,True,False,False,True,False
21,2026-07-17,SELL,2026-07-17 09:30:00+05:30,2026-07-17 09:35:00+05:30,1101.449,3.65099999999984,1105.1,1094.1470000000004,2026-07-17 09:35:00+05:30,STOP_LOSS,1.25,0.25,True,2026-07-17 10:25:00+05:30,True,2026-07-17 10:30:00+05:30,1097.41275,2.0402629416599276,True,2026-07-17 14:25:00+05:30,True,False,False,True,False
21,2026-07-17,SELL,2026-07-17 09:30:00+05:30,2026-07-17 09:35:00+05:30,1101.449,3.65099999999984,1105.1,1094.1470000000004,2026-07-17 09:35:00+05:30,STOP_LOSS,1.25,0.5,True,2026-07-17 10:25:00+05:30,True,2026-07-17 10:30:00+05:30,1098.3255,2.0402629416599276,True,2026-07-17 14:25:00+05:30,True,False,False,True,False
21,2026-07-17,SELL,2026-07-17 09:30:00+05:30,2026-07-17 09:35:00+05:30,1101.449,3.65099999999984,1105.1,1094.1470000000004,2026-07-17 09:35:00+05:30,STOP_LOSS,1.25,0.75,True,2026-07-17 10:25:00+05:30,True,2026-07-17 10:30:00+05:30,1099.2382499999999,2.0402629416599276,True,2026-07-17 14:25:00+05:30,True,False,False,True,False
21,2026-07-17,SELL,2026-07-17 09:30:00+05:30,2026-07-17 09:35:00+05:30,1101.449,3.65099999999984,1105.1,1094.1470000000004,2026-07-17 09:35:00+05:30,STOP_LOSS,1.25,1.0,True,2026-07-17 10:25:00+05:30,True,2026-07-17 10:30:00+05:30,1100.1509999999998,2.0402629416599276,True,2026-07-17 14:25:00+05:30,True,False,False,True,False
21,2026-07-17,SELL,2026-07-17 09:30:00+05:30,2026-07-17 09:35:00+05:30,1101.449,3.65099999999984,1105.1,1094.1470000000004,2026-07-17 09:35:00+05:30,STOP_LOSS,1.5,0.25,True,2026-07-17 11:10:00+05:30,True,2026-07-17 11:15:00+05:30,1096.0127499999999,2.0402629416599276,True,2026-07-17 14:25:00+05:30,True,False,False,True,False
21,2026-07-17,SELL,2026-07-17 09:30:00+05:30,2026-07-17 09:35:00+05:30,1101.449,3.65099999999984,1105.1,1094.1470000000004,2026-07-17 09:35:00+05:30,STOP_LOSS,1.5,0.5,True,2026-07-17 11:10:00+05:30,True,2026-07-17 11:15:00+05:30,1096.9254999999998,2.0402629416599276,True,2026-07-17 14:25:00+05:30,True,False,False,True,False
21,2026-07-17,SELL,2026-07-17 09:30:00+05:30,2026-07-17 09:35:00+05:30,1101.449,3.65099999999984,1105.1,1094.1470000000004,2026-07-17 09:35:00+05:30,STOP_LOSS,1.5,0.75,True,2026-07-17 11:10:00+05:30,True,2026-07-17 11:15:00+05:30,1097.8382499999998,2.0402629416599276,True,2026-07-17 14:25:00+05:30,True,False,False,True,False
21,2026-07-17,SELL,2026-07-17 09:30:00+05:30,2026-07-17 09:35:00+05:30,1101.449,3.65099999999984,1105.1,1094.1470000000004,2026-07-17 09:35:00+05:30,STOP_LOSS,1.5,1.0,True,2026-07-17 11:10:00+05:30,True,2026-07-17 11:20:00+05:30,1098.7509999999997,2.0402629416599276,True,2026-07-17 14:25:00+05:30,True,False,False,True,False
22,2026-07-17,SELL,2026-07-17 09:40:00+05:30,2026-07-17 09:45:00+05:30,1103.94775,1.952250000000049,1105.9,1100.04325,2026-07-17 09:45:00+05:30,TARGET,0.5,0.25,True,2026-07-17 09:45:00+05:30,True,2026-07-17 09:50:00+05:30,1097.9880625,3.3027276219745834,True,2026-07-17 09:55:00+05:30,False,False,True,False,False
22,2026-07-17,SELL,2026-07-17 09:40:00+05:30,2026-07-17 09:45:00+05:30,1103.94775,1.952250000000049,1105.9,1100.04325,2026-07-17 09:45:00+05:30,TARGET,0.5,0.5,True,2026-07-17 09:45:00+05:30,True,2026-07-17 09:50:00+05:30,1098.476125,3.3027276219745834,True,2026-07-17 09:55:00+05:30,False,False,True,False,False
22,2026-07-17,SELL,2026-07-17 09:40:00+05:30,2026-07-17 09:45:00+05:30,1103.94775,1.952250000000049,1105.9,1100.04325,2026-07-17 09:45:00+05:30,TARGET,0.5,0.75,True,2026-07-17 09:45:00+05:30,True,2026-07-17 09:50:00+05:30,1098.9641875,3.3027276219745834,True,2026-07-17 09:55:00+05:30,False,False,True,False,False
22,2026-07-17,SELL,2026-07-17 09:40:00+05:30,2026-07-17 09:45:00+05:30,1103.94775,1.952250000000049,1105.9,1100.04325,2026-07-17 09:45:00+05:30,TARGET,0.5,1.0,True,2026-07-17 09:45:00+05:30,True,2026-07-17 09:50:00+05:30,1099.45225,3.3027276219745834,True,2026-07-17 09:55:00+05:30,False,False,True,False,False
22,2026-07-17,SELL,2026-07-17 09:40:00+05:30,2026-07-17 09:45:00+05:30,1103.94775,1.952250000000049,1105.9,1100.04325,2026-07-17 09:45:00+05:30,TARGET,0.75,0.25,True,2026-07-17 09:45:00+05:30,True,2026-07-17 09:50:00+05:30,1097.9880625,3.3027276219745834,True,2026-07-17 09:55:00+05:30,False,False,True,False,False
22,2026-07-17,SELL,2026-07-17 09:40:00+05:30,2026-07-17 09:45:00+05:30,1103.94775,1.952250000000049,1105.9,1100.04325,2026-07-17 09:45:00+05:30,TARGET,0.75,0.5,True,2026-07-17 09:45:00+05:30,True,2026-07-17 09:50:00+05:30,1098.476125,3.3027276219745834,True,2026-07-17 09:55:00+05:30,False,False,True,False,False
22,2026-07-17,SELL,2026-07-17 09:40:00+05:30,2026-07-17 09:45:00+05:30,1103.94775,1.952250000000049,1105.9,1100.04325,2026-07-17 09:45:00+05:30,TARGET,0.75,0.75,True,2026-07-17 09:45:00+05:30,True,2026-07-17 09:50:00+05:30,1098.9641875,3.3027276219745834,True,2026-07-17 09:55:00+05:30,False,False,True,False,False
22,2026-07-17,SELL,2026-07-17 09:40:00+05:30,2026-07-17 09:45:00+05:30,1103.94775,1.952250000000049,1105.9,1100.04325,2026-07-17 09:45:00+05:30,TARGET,0.75,1.0,True,2026-07-17 09:45:00+05:30,True,2026-07-17 09:50:00+05:30,1099.45225,3.3027276219745834,True,2026-07-17 09:55:00+05:30,False,False,True,False,False
22,2026-07-17,SELL,2026-07-17 09:40:00+05:30,2026-07-17 09:45:00+05:30,1103.94775,1.952250000000049,1105.9,1100.04325,2026-07-17 09:45:00+05:30,TARGET,1.0,0.25,True,2026-07-17 09:45:00+05:30,True,2026-07-17 09:50:00+05:30,1097.9880625,3.3027276219745834,True,2026-07-17 09:55:00+05:30,False,False,True,False,False
22,2026-07-17,SELL,2026-07-17 09:40:00+05:30,2026-07-17 09:45:00+05:30,1103.94775,1.952250000000049,1105.9,1100.04325,2026-07-17 09:45:00+05:30,TARGET,1.0,0.5,True,2026-07-17 09:45:00+05:30,True,2026-07-17 09:50:00+05:30,1098.476125,3.3027276219745834,True,2026-07-17 09:55:00+05:30,False,False,True,False,False
22,2026-07-17,SELL,2026-07-17 09:40:00+05:30,2026-07-17 09:45:00+05:30,1103.94775,1.952250000000049,1105.9,1100.04325,2026-07-17 09:45:00+05:30,TARGET,1.0,0.75,True,2026-07-17 09:45:00+05:30,True,2026-07-17 09:50:00+05:30,1098.9641875,3.3027276219745834,True,2026-07-17 09:55:00+05:30,False,False,True,False,False
22,2026-07-17,SELL,2026-07-17 09:40:00+05:30,2026-07-17 09:45:00+05:30,1103.94775,1.952250000000049,1105.9,1100.04325,2026-07-17 09:45:00+05:30,TARGET,1.0,1.0,True,2026-07-17 09:45:00+05:30,True,2026-07-17 09:50:00+05:30,1099.45225,3.3027276219745834,True,2026-07-17 09:55:00+05:30,False,False,True,False,False
22,2026-07-17,SELL,2026-07-17 09:40:00+05:30,2026-07-17 09:45:00+05:30,1103.94775,1.952250000000049,1105.9,1100.04325,2026-07-17 09:45:00+05:30,TARGET,1.25,0.25,True,2026-07-17 09:45:00+05:30,True,2026-07-17 09:50:00+05:30,1097.9880625,3.3027276219745834,True,2026-07-17 09:55:00+05:30,False,False,True,False,False
22,2026-07-17,SELL,2026-07-17 09:40:00+05:30,2026-07-17 09:45:00+05:30,1103.94775,1.952250000000049,1105.9,1100.04325,2026-07-17 09:45:00+05:30,TARGET,1.25,0.5,True,2026-07-17 09:45:00+05:30,True,2026-07-17 09:50:00+05:30,1098.476125,3.3027276219745834,True,2026-07-17 09:55:00+05:30,False,False,True,False,False
22,2026-07-17,SELL,2026-07-17 09:40:00+05:30,2026-07-17 09:45:00+05:30,1103.94775,1.952250000000049,1105.9,1100.04325,2026-07-17 09:45:00+05:30,TARGET,1.25,0.75,True,2026-07-17 09:45:00+05:30,True,2026-07-17 09:50:00+05:30,1098.9641875,3.3027276219745834,True,2026-07-17 09:55:00+05:30,False,False,True,False,False
22,2026-07-17,SELL,2026-07-17 09:40:00+05:30,2026-07-17 09:45:00+05:30,1103.94775,1.952250000000049,1105.9,1100.04325,2026-07-17 09:45:00+05:30,TARGET,1.25,1.0,True,2026-07-17 09:45:00+05:30,True,2026-07-17 09:50:00+05:30,1099.45225,3.3027276219745834,True,2026-07-17 09:55:00+05:30,False,False,True,False,False
22,2026-07-17,SELL,2026-07-17 09:40:00+05:30,2026-07-17 09:45:00+05:30,1103.94775,1.952250000000049,1105.9,1100.04325,2026-07-17 09:45:00+05:30,TARGET,1.5,0.25,True,2026-07-17 09:45:00+05:30,True,2026-07-17 09:50:00+05:30,1097.9880625,3.3027276219745834,True,2026-07-17 09:55:00+05:30,False,False,True,False,False
22,2026-07-17,SELL,2026-07-17 09:40:00+05:30,2026-07-17 09:45:00+05:30,1103.94775,1.952250000000049,1105.9,1100.04325,2026-07-17 09:45:00+05:30,TARGET,1.5,0.5,True,2026-07-17 09:45:00+05:30,True,2026-07-17 09:50:00+05:30,1098.476125,3.3027276219745834,True,2026-07-17 09:55:00+05:30,False,False,True,False,False
22,2026-07-17,SELL,2026-07-17 09:40:00+05:30,2026-07-17 09:45:00+05:30,1103.94775,1.952250000000049,1105.9,1100.04325,2026-07-17 09:45:00+05:30,TARGET,1.5,0.75,True,2026-07-17 09:45:00+05:30,True,2026-07-17 09:50:00+05:30,1098.9641875,3.3027276219745834,True,2026-07-17 09:55:00+05:30,False,False,True,False,False
22,2026-07-17,SELL,2026-07-17 09:40:00+05:30,2026-07-17 09:45:00+05:30,1103.94775,1.952250000000049,1105.9,1100.04325,2026-07-17 09:45:00+05:30,TARGET,1.5,1.0,True,2026-07-17 09:45:00+05:30,True,2026-07-17 09:50:00+05:30,1099.45225,3.3027276219745834,True,2026-07-17 09:55:00+05:30,False,False,True,False,False
23,2026-07-20,SELL,2026-07-20 10:10:00+05:30,2026-07-20 10:15:00+05:30,1089.95475,3.0452499999998963,1093.0,1083.8642500000003,2026-07-20 10:20:00+05:30,STOP_LOSS,0.5,0.25,True,2026-07-20 12:00:00+05:30,True,2026-07-20 12:05:00+05:30,1088.3613125,2.218126590592,True,2026-07-20 12:20:00+05:30,True,False,False,True,False
23,2026-07-20,SELL,2026-07-20 10:10:00+05:30,2026-07-20 10:15:00+05:30,1089.95475,3.0452499999998963,1093.0,1083.8642500000003,2026-07-20 10:20:00+05:30,STOP_LOSS,0.5,0.5,True,2026-07-20 12:00:00+05:30,True,2026-07-20 12:05:00+05:30,1089.122625,2.218126590592,True,2026-07-20 12:20:00+05:30,True,False,False,True,False
23,2026-07-20,SELL,2026-07-20 10:10:00+05:30,2026-07-20 10:15:00+05:30,1089.95475,3.0452499999998963,1093.0,1083.8642500000003,2026-07-20 10:20:00+05:30,STOP_LOSS,0.5,0.75,True,2026-07-20 12:00:00+05:30,True,2026-07-20 12:05:00+05:30,1089.8839374999998,2.218126590592,True,2026-07-20 12:20:00+05:30,True,False,False,True,False
23,2026-07-20,SELL,2026-07-20 10:10:00+05:30,2026-07-20 10:15:00+05:30,1089.95475,3.0452499999998963,1093.0,1083.8642500000003,2026-07-20 10:20:00+05:30,STOP_LOSS,0.5,1.0,True,2026-07-20 12:00:00+05:30,True,2026-07-20 12:10:00+05:30,1088.3452499999999,2.218126590592,True,2026-07-20 12:20:00+05:30,True,False,False,True,False
23,2026-07-20,SELL,2026-07-20 10:10:00+05:30,2026-07-20 10:15:00+05:30,1089.95475,3.0452499999998963,1093.0,1083.8642500000003,2026-07-20 10:20:00+05:30,STOP_LOSS,0.75,0.25,True,2026-07-20 12:05:00+05:30,True,2026-07-20 12:10:00+05:30,1086.0613125,2.218126590592,True,2026-07-20 12:20:00+05:30,True,False,False,True,False
23,2026-07-20,SELL,2026-07-20 10:10:00+05:30,2026-07-20 10:15:00+05:30,1089.95475,3.0452499999998963,1093.0,1083.8642500000003,2026-07-20 10:20:00+05:30,STOP_LOSS,0.75,0.5,True,2026-07-20 12:05:00+05:30,True,2026-07-20 12:10:00+05:30,1086.8226249999998,2.218126590592,True,2026-07-20 12:20:00+05:30,True,False,False,True,False
23,2026-07-20,SELL,2026-07-20 10:10:00+05:30,2026-07-20 10:15:00+05:30,1089.95475,3.0452499999998963,1093.0,1083.8642500000003,2026-07-20 10:20:00+05:30,STOP_LOSS,0.75,0.75,True,2026-07-20 12:05:00+05:30,True,2026-07-20 12:10:00+05:30,1087.5839374999998,2.218126590592,True,2026-07-20 12:20:00+05:30,True,False,False,True,False
23,2026-07-20,SELL,2026-07-20 10:10:00+05:30,2026-07-20 10:15:00+05:30,1089.95475,3.0452499999998963,1093.0,1083.8642500000003,2026-07-20 10:20:00+05:30,STOP_LOSS,0.75,1.0,True,2026-07-20 12:05:00+05:30,True,2026-07-20 12:10:00+05:30,1088.3452499999999,2.218126590592,True,2026-07-20 12:20:00+05:30,True,False,False,True,False
23,2026-07-20,SELL,2026-07-20 10:10:00+05:30,2026-07-20 10:15:00+05:30,1089.95475,3.0452499999998963,1093.0,1083.8642500000003,2026-07-20 10:20:00+05:30,STOP_LOSS,1.0,0.25,True,2026-07-20 12:10:00+05:30,True,2026-07-20 12:15:00+05:30,1086.0613125,2.218126590592,True,2026-07-20 12:20:00+05:30,True,False,False,True,False
23,2026-07-20,SELL,2026-07-20 10:10:00+05:30,2026-07-20 10:15:00+05:30,1089.95475,3.0452499999998963,1093.0,1083.8642500000003,2026-07-20 10:20:00+05:30,STOP_LOSS,1.0,0.5,True,2026-07-20 12:10:00+05:30,True,2026-07-20 12:15:00+05:30,1086.8226249999998,2.218126590592,True,2026-07-20 12:20:00+05:30,True,False,False,True,False
23,2026-07-20,SELL,2026-07-20 10:10:00+05:30,2026-07-20 10:15:00+05:30,1089.95475,3.0452499999998963,1093.0,1083.8642500000003,2026-07-20 10:20:00+05:30,STOP_LOSS,1.0,0.75,True,2026-07-20 12:10:00+05:30,True,2026-07-20 12:20:00+05:30,1085.4839375,3.9257039651918597,True,2026-07-21 09:15:00+05:30,True,False,True,False,False
23,2026-07-20,SELL,2026-07-20 10:10:00+05:30,2026-07-20 10:15:00+05:30,1089.95475,3.0452499999998963,1093.0,1083.8642500000003,2026-07-20 10:20:00+05:30,STOP_LOSS,1.0,1.0,True,2026-07-20 12:10:00+05:30,True,2026-07-20 12:25:00+05:30,1086.24525,3.9257039651918597,True,2026-07-21 09:15:00+05:30,True,False,True,False,False
23,2026-07-20,SELL,2026-07-20 10:10:00+05:30,2026-07-20 10:15:00+05:30,1089.95475,3.0452499999998963,1093.0,1083.8642500000003,2026-07-20 10:20:00+05:30,STOP_LOSS,1.25,0.25,True,2026-07-20 12:10:00+05:30,True,2026-07-20 12:15:00+05:30,1086.0613125,2.218126590592,True,2026-07-20 12:20:00+05:30,True,False,False,True,False
23,2026-07-20,SELL,2026-07-20 10:10:00+05:30,2026-07-20 10:15:00+05:30,1089.95475,3.0452499999998963,1093.0,1083.8642500000003,2026-07-20 10:20:00+05:30,STOP_LOSS,1.25,0.5,True,2026-07-20 12:10:00+05:30,True,2026-07-20 12:15:00+05:30,1086.8226249999998,2.218126590592,True,2026-07-20 12:20:00+05:30,True,False,False,True,False
23,2026-07-20,SELL,2026-07-20 10:10:00+05:30,2026-07-20 10:15:00+05:30,1089.95475,3.0452499999998963,1093.0,1083.8642500000003,2026-07-20 10:20:00+05:30,STOP_LOSS,1.25,0.75,True,2026-07-20 12:10:00+05:30,True,2026-07-20 12:20:00+05:30,1085.4839375,3.9257039651918597,True,2026-07-21 09:15:00+05:30,True,False,True,False,False
23,2026-07-20,SELL,2026-07-20 10:10:00+05:30,2026-07-20 10:15:00+05:30,1089.95475,3.0452499999998963,1093.0,1083.8642500000003,2026-07-20 10:20:00+05:30,STOP_LOSS,1.25,1.0,True,2026-07-20 12:10:00+05:30,True,2026-07-20 12:25:00+05:30,1086.24525,3.9257039651918597,True,2026-07-21 09:15:00+05:30,True,False,True,False,False
23,2026-07-20,SELL,2026-07-20 10:10:00+05:30,2026-07-20 10:15:00+05:30,1089.95475,3.0452499999998963,1093.0,1083.8642500000003,2026-07-20 10:20:00+05:30,STOP_LOSS,1.5,0.25,True,2026-07-20 12:10:00+05:30,True,2026-07-20 12:15:00+05:30,1086.0613125,2.218126590592,True,2026-07-20 12:20:00+05:30,True,False,False,True,False
23,2026-07-20,SELL,2026-07-20 10:10:00+05:30,2026-07-20 10:15:00+05:30,1089.95475,3.0452499999998963,1093.0,1083.8642500000003,2026-07-20 10:20:00+05:30,STOP_LOSS,1.5,0.5,True,2026-07-20 12:10:00+05:30,True,2026-07-20 12:15:00+05:30,1086.8226249999998,2.218126590592,True,2026-07-20 12:20:00+05:30,True,False,False,True,False
23,2026-07-20,SELL,2026-07-20 10:10:00+05:30,2026-07-20 10:15:00+05:30,1089.95475,3.0452499999998963,1093.0,1083.8642500000003,2026-07-20 10:20:00+05:30,STOP_LOSS,1.5,0.75,True,2026-07-20 12:10:00+05:30,True,2026-07-20 12:20:00+05:30,1085.4839375,3.9257039651918597,True,2026-07-21 09:15:00+05:30,True,False,True,False,False
23,2026-07-20,SELL,2026-07-20 10:10:00+05:30,2026-07-20 10:15:00+05:30,1089.95475,3.0452499999998963,1093.0,1083.8642500000003,2026-07-20 10:20:00+05:30,STOP_LOSS,1.5,1.0,True,2026-07-20 12:10:00+05:30,True,2026-07-20 12:25:00+05:30,1086.24525,3.9257039651918597,True,2026-07-21 09:15:00+05:30,True,False,True,False,False
24,2026-07-20,SELL,2026-07-20 11:40:00+05:30,2026-07-20 11:45:00+05:30,1090.0547,1.8453000000001796,1091.9,1086.3640999999996,2026-07-20 12:10:00+05:30,TARGET,0.5,0.25,True,2026-07-20 11:50:00+05:30,True,2026-07-20 11:55:00+05:30,1088.961325,2.576654202568414,True,2026-07-20 12:10:00+05:30,False,False,False,True,True
24,2026-07-20,SELL,2026-07-20 11:40:00+05:30,2026-07-20 11:45:00+05:30,1090.0547,1.8453000000001796,1091.9,1086.3640999999996,2026-07-20 12:10:00+05:30,TARGET,0.5,0.5,True,2026-07-20 11:50:00+05:30,True,2026-07-20 12:00:00+05:30,1089.2226500000002,2.576654202568414,True,2026-07-20 12:10:00+05:30,False,False,False,True,True
24,2026-07-20,SELL,2026-07-20 11:40:00+05:30,2026-07-20 11:45:00+05:30,1090.0547,1.8453000000001796,1091.9,1086.3640999999996,2026-07-20 12:10:00+05:30,TARGET,0.5,0.75,True,2026-07-20 11:50:00+05:30,True,2026-07-20 12:00:00+05:30,1089.6839750000001,2.576654202568414,True,2026-07-20 12:10:00+05:30,False,False,False,True,True
24,2026-07-20,SELL,2026-07-20 11:40:00+05:30,2026-07-20 11:45:00+05:30,1090.0547,1.8453000000001796,1091.9,1086.3640999999996,2026-07-20 12:10:00+05:30,TARGET,0.5,1.0,True,2026-07-20 11:50:00+05:30,True,2026-07-20 12:05:00+05:30,1089.4453,2.576654202568414,True,2026-07-20 12:10:00+05:30,False,False,False,True,True
24,2026-07-20,SELL,2026-07-20 11:40:00+05:30,2026-07-20 11:45:00+05:30,1090.0547,1.8453000000001796,1091.9,1086.3640999999996,2026-07-20 12:10:00+05:30,TARGET,0.75,0.25,True,2026-07-20 11:50:00+05:30,True,2026-07-20 11:55:00+05:30,1088.961325,2.576654202568414,True,2026-07-20 12:10:00+05:30,False,False,False,True,True
24,2026-07-20,SELL,2026-07-20 11:40:00+05:30,2026-07-20 11:45:00+05:30,1090.0547,1.8453000000001796,1091.9,1086.3640999999996,2026-07-20 12:10:00+05:30,TARGET,0.75,0.5,True,2026-07-20 11:50:00+05:30,True,2026-07-20 12:00:00+05:30,1089.2226500000002,2.576654202568414,True,2026-07-20 12:10:00+05:30,False,False,False,True,True
24,2026-07-20,SELL,2026-07-20 11:40:00+05:30,2026-07-20 11:45:00+05:30,1090.0547,1.8453000000001796,1091.9,1086.3640999999996,2026-07-20 12:10:00+05:30,TARGET,0.75,0.75,True,2026-07-20 11:50:00+05:30,True,2026-07-20 12:00:00+05:30,1089.6839750000001,2.576654202568414,True,2026-07-20 12:10:00+05:30,False,False,False,True,True
24,2026-07-20,SELL,2026-07-20 11:40:00+05:30,2026-07-20 11:45:00+05:30,1090.0547,1.8453000000001796,1091.9,1086.3640999999996,2026-07-20 12:10:00+05:30,TARGET,0.75,1.0,True,2026-07-20 11:50:00+05:30,True,2026-07-20 12:05:00+05:30,1089.4453,2.576654202568414,True,2026-07-20 12:10:00+05:30,False,False,False,True,True
24,2026-07-20,SELL,2026-07-20 11:40:00+05:30,2026-07-20 11:45:00+05:30,1090.0547,1.8453000000001796,1091.9,1086.3640999999996,2026-07-20 12:10:00+05:30,TARGET,1.0,0.25,True,2026-07-20 12:05:00+05:30,True,2026-07-20 12:10:00+05:30,1085.761325,2.576654202568414,True,2026-07-20 12:15:00+05:30,False,False,True,False,False
24,2026-07-20,SELL,2026-07-20 11:40:00+05:30,2026-07-20 11:45:00+05:30,1090.0547,1.8453000000001796,1091.9,1086.3640999999996,2026-07-20 12:10:00+05:30,TARGET,1.0,0.5,True,2026-07-20 12:05:00+05:30,True,2026-07-20 12:10:00+05:30,1086.2226500000002,2.576654202568414,True,2026-07-20 12:15:00+05:30,False,False,True,False,False
24,2026-07-20,SELL,2026-07-20 11:40:00+05:30,2026-07-20 11:45:00+05:30,1090.0547,1.8453000000001796,1091.9,1086.3640999999996,2026-07-20 12:10:00+05:30,TARGET,1.0,0.75,True,2026-07-20 12:05:00+05:30,True,2026-07-20 12:10:00+05:30,1086.6839750000001,2.576654202568414,True,2026-07-20 12:15:00+05:30,False,False,True,False,False
24,2026-07-20,SELL,2026-07-20 11:40:00+05:30,2026-07-20 11:45:00+05:30,1090.0547,1.8453000000001796,1091.9,1086.3640999999996,2026-07-20 12:10:00+05:30,TARGET,1.0,1.0,True,2026-07-20 12:05:00+05:30,True,2026-07-20 12:10:00+05:30,1087.1453000000001,2.576654202568414,True,2026-07-20 12:15:00+05:30,False,False,True,False,False
24,2026-07-20,SELL,2026-07-20 11:40:00+05:30,2026-07-20 11:45:00+05:30,1090.0547,1.8453000000001796,1091.9,1086.3640999999996,2026-07-20 12:10:00+05:30,TARGET,1.25,0.25,True,2026-07-20 12:05:00+05:30,True,2026-07-20 12:10:00+05:30,1085.761325,2.576654202568414,True,2026-07-20 12:15:00+05:30,False,False,True,False,False
24,2026-07-20,SELL,2026-07-20 11:40:00+05:30,2026-07-20 11:45:00+05:30,1090.0547,1.8453000000001796,1091.9,1086.3640999999996,2026-07-20 12:10:00+05:30,TARGET,1.25,0.5,True,2026-07-20 12:05:00+05:30,True,2026-07-20 12:10:00+05:30,1086.2226500000002,2.576654202568414,True,2026-07-20 12:15:00+05:30,False,False,True,False,False
24,2026-07-20,SELL,2026-07-20 11:40:00+05:30,2026-07-20 11:45:00+05:30,1090.0547,1.8453000000001796,1091.9,1086.3640999999996,2026-07-20 12:10:00+05:30,TARGET,1.25,0.75,True,2026-07-20 12:05:00+05:30,True,2026-07-20 12:10:00+05:30,1086.6839750000001,2.576654202568414,True,2026-07-20 12:15:00+05:30,False,False,True,False,False
24,2026-07-20,SELL,2026-07-20 11:40:00+05:30,2026-07-20 11:45:00+05:30,1090.0547,1.8453000000001796,1091.9,1086.3640999999996,2026-07-20 12:10:00+05:30,TARGET,1.25,1.0,True,2026-07-20 12:05:00+05:30,True,2026-07-20 12:10:00+05:30,1087.1453000000001,2.576654202568414,True,2026-07-20 12:15:00+05:30,False,False,True,False,False
24,2026-07-20,SELL,2026-07-20 11:40:00+05:30,2026-07-20 11:45:00+05:30,1090.0547,1.8453000000001796,1091.9,1086.3640999999996,2026-07-20 12:10:00+05:30,TARGET,1.5,0.25,True,2026-07-20 12:10:00+05:30,True,2026-07-20 12:15:00+05:30,1085.761325,3.7146805397492,True,2026-07-20 12:20:00+05:30,False,False,True,False,False
24,2026-07-20,SELL,2026-07-20 11:40:00+05:30,2026-07-20 11:45:00+05:30,1090.0547,1.8453000000001796,1091.9,1086.3640999999996,2026-07-20 12:10:00+05:30,TARGET,1.5,0.5,True,2026-07-20 12:10:00+05:30,True,2026-07-20 12:15:00+05:30,1086.2226500000002,3.7146805397492,True,2026-07-20 12:20:00+05:30,False,False,True,False,False
24,2026-07-20,SELL,2026-07-20 11:40:00+05:30,2026-07-20 11:45:00+05:30,1090.0547,1.8453000000001796,1091.9,1086.3640999999996,2026-07-20 12:10:00+05:30,TARGET,1.5,0.75,True,2026-07-20 12:10:00+05:30,True,2026-07-20 12:15:00+05:30,1086.6839750000001,3.7146805397492,True,2026-07-20 12:20:00+05:30,False,False,True,False,False
24,2026-07-20,SELL,2026-07-20 11:40:00+05:30,2026-07-20 11:45:00+05:30,1090.0547,1.8453000000001796,1091.9,1086.3640999999996,2026-07-20 12:10:00+05:30,TARGET,1.5,1.0,True,2026-07-20 12:10:00+05:30,True,2026-07-20 12:20:00+05:30,1085.0453000000002,3.7146805397492,True,2026-07-20 12:25:00+05:30,False,False,True,False,False
25,2026-07-20,SELL,2026-07-20 13:50:00+05:30,2026-07-20 13:55:00+05:30,1089.8548,1.845199999999977,1091.7,1086.1644,2026-07-20 15:05:00+05:30,TARGET,0.5,0.25,True,2026-07-20 14:25:00+05:30,True,2026-07-20 14:30:00+05:30,1089.0612999999998,2.3600693691741395,True,2026-07-20 15:05:00+05:30,False,False,False,True,True
25,2026-07-20,SELL,2026-07-20 13:50:00+05:30,2026-07-20 13:55:00+05:30,1089.8548,1.845199999999977,1091.7,1086.1644,2026-07-20 15:05:00+05:30,TARGET,0.5,0.5,True,2026-07-20 14:25:00+05:30,True,2026-07-20 14:30:00+05:30,1089.5225999999998,2.3600693691741395,True,2026-07-20 15:05:00+05:30,False,False,False,True,True
25,2026-07-20,SELL,2026-07-20 13:50:00+05:30,2026-07-20 13:55:00+05:30,1089.8548,1.845199999999977,1091.7,1086.1644,2026-07-20 15:05:00+05:30,TARGET,0.5,0.75,True,2026-07-20 14:25:00+05:30,True,2026-07-20 14:30:00+05:30,1089.9839,2.3600693691741395,True,2026-07-20 15:05:00+05:30,False,False,False,True,True
25,2026-07-20,SELL,2026-07-20 13:50:00+05:30,2026-07-20 13:55:00+05:30,1089.8548,1.845199999999977,1091.7,1086.1644,2026-07-20 15:05:00+05:30,TARGET,0.5,1.0,True,2026-07-20 14:25:00+05:30,True,2026-07-20 14:30:00+05:30,1090.4451999999999,2.3600693691741395,True,2026-07-20 15:05:00+05:30,False,False,False,True,True
25,2026-07-20,SELL,2026-07-20 13:50:00+05:30,2026-07-20 13:55:00+05:30,1089.8548,1.845199999999977,1091.7,1086.1644,2026-07-20 15:05:00+05:30,TARGET,0.75,0.25,True,2026-07-20 15:00:00+05:30,True,2026-07-20 15:05:00+05:30,1085.9613,2.3600693691741395,True,2026-07-20 15:10:00+05:30,False,False,True,False,False
25,2026-07-20,SELL,2026-07-20 13:50:00+05:30,2026-07-20 13:55:00+05:30,1089.8548,1.845199999999977,1091.7,1086.1644,2026-07-20 15:05:00+05:30,TARGET,0.75,0.5,True,2026-07-20 15:00:00+05:30,True,2026-07-20 15:05:00+05:30,1086.4225999999999,2.3600693691741395,True,2026-07-20 15:10:00+05:30,False,False,True,False,False
25,2026-07-20,SELL,2026-07-20 13:50:00+05:30,2026-07-20 13:55:00+05:30,1089.8548,1.845199999999977,1091.7,1086.1644,2026-07-20 15:05:00+05:30,TARGET,0.75,0.75,True,2026-07-20 15:00:00+05:30,True,2026-07-20 15:05:00+05:30,1086.8839,2.3600693691741395,True,2026-07-20 15:10:00+05:30,False,False,True,False,False
25,2026-07-20,SELL,2026-07-20 13:50:00+05:30,2026-07-20 13:55:00+05:30,1089.8548,1.845199999999977,1091.7,1086.1644,2026-07-20 15:05:00+05:30,TARGET,0.75,1.0,True,2026-07-20 15:00:00+05:30,True,2026-07-20 15:05:00+05:30,1087.3452,2.3600693691741395,True,2026-07-20 15:10:00+05:30,False,False,True,False,False
25,2026-07-20,SELL,2026-07-20 13:50:00+05:30,2026-07-20 13:55:00+05:30,1089.8548,1.845199999999977,1091.7,1086.1644,2026-07-20 15:05:00+05:30,TARGET,1.0,0.25,True,2026-07-20 15:00:00+05:30,True,2026-07-20 15:05:00+05:30,1085.9613,2.3600693691741395,True,2026-07-20 15:10:00+05:30,False,False,True,False,False
25,2026-07-20,SELL,2026-07-20 13:50:00+05:30,2026-07-20 13:55:00+05:30,1089.8548,1.845199999999977,1091.7,1086.1644,2026-07-20 15:05:00+05:30,TARGET,1.0,0.5,True,2026-07-20 15:00:00+05:30,True,2026-07-20 15:05:00+05:30,1086.4225999999999,2.3600693691741395,True,2026-07-20 15:10:00+05:30,False,False,True,False,False
25,2026-07-20,SELL,2026-07-20 13:50:00+05:30,2026-07-20 13:55:00+05:30,1089.8548,1.845199999999977,1091.7,1086.1644,2026-07-20 15:05:00+05:30,TARGET,1.0,0.75,True,2026-07-20 15:00:00+05:30,True,2026-07-20 15:05:00+05:30,1086.8839,2.3600693691741395,True,2026-07-20 15:10:00+05:30,False,False,True,False,False
25,2026-07-20,SELL,2026-07-20 13:50:00+05:30,2026-07-20 13:55:00+05:30,1089.8548,1.845199999999977,1091.7,1086.1644,2026-07-20 15:05:00+05:30,TARGET,1.0,1.0,True,2026-07-20 15:00:00+05:30,True,2026-07-20 15:05:00+05:30,1087.3452,2.3600693691741395,True,2026-07-20 15:10:00+05:30,False,False,True,False,False
25,2026-07-20,SELL,2026-07-20 13:50:00+05:30,2026-07-20 13:55:00+05:30,1089.8548,1.845199999999977,1091.7,1086.1644,2026-07-20 15:05:00+05:30,TARGET,1.25,0.25,True,2026-07-20 15:00:00+05:30,True,2026-07-20 15:05:00+05:30,1085.9613,2.3600693691741395,True,2026-07-20 15:10:00+05:30,False,False,True,False,False
25,2026-07-20,SELL,2026-07-20 13:50:00+05:30,2026-07-20 13:55:00+05:30,1089.8548,1.845199999999977,1091.7,1086.1644,2026-07-20 15:05:00+05:30,TARGET,1.25,0.5,True,2026-07-20 15:00:00+05:30,True,2026-07-20 15:05:00+05:30,1086.4225999999999,2.3600693691741395,True,2026-07-20 15:10:00+05:30,False,False,True,False,False
25,2026-07-20,SELL,2026-07-20 13:50:00+05:30,2026-07-20 13:55:00+05:30,1089.8548,1.845199999999977,1091.7,1086.1644,2026-07-20 15:05:00+05:30,TARGET,1.25,0.75,True,2026-07-20 15:00:00+05:30,True,2026-07-20 15:05:00+05:30,1086.8839,2.3600693691741395,True,2026-07-20 15:10:00+05:30,False,False,True,False,False
25,2026-07-20,SELL,2026-07-20 13:50:00+05:30,2026-07-20 13:55:00+05:30,1089.8548,1.845199999999977,1091.7,1086.1644,2026-07-20 15:05:00+05:30,TARGET,1.25,1.0,True,2026-07-20 15:00:00+05:30,True,2026-07-20 15:05:00+05:30,1087.3452,2.3600693691741395,True,2026-07-20 15:10:00+05:30,False,False,True,False,False
25,2026-07-20,SELL,2026-07-20 13:50:00+05:30,2026-07-20 13:55:00+05:30,1089.8548,1.845199999999977,1091.7,1086.1644,2026-07-20 15:05:00+05:30,TARGET,1.5,0.25,True,2026-07-20 15:00:00+05:30,True,2026-07-20 15:05:00+05:30,1085.9613,2.3600693691741395,True,2026-07-20 15:10:00+05:30,False,False,True,False,False
25,2026-07-20,SELL,2026-07-20 13:50:00+05:30,2026-07-20 13:55:00+05:30,1089.8548,1.845199999999977,1091.7,1086.1644,2026-07-20 15:05:00+05:30,TARGET,1.5,0.5,True,2026-07-20 15:00:00+05:30,True,2026-07-20 15:05:00+05:30,1086.4225999999999,2.3600693691741395,True,2026-07-20 15:10:00+05:30,False,False,True,False,False
25,2026-07-20,SELL,2026-07-20 13:50:00+05:30,2026-07-20 13:55:00+05:30,1089.8548,1.845199999999977,1091.7,1086.1644,2026-07-20 15:05:00+05:30,TARGET,1.5,0.75,True,2026-07-20 15:00:00+05:30,True,2026-07-20 15:05:00+05:30,1086.8839,2.3600693691741395,True,2026-07-20 15:10:00+05:30,False,False,True,False,False
25,2026-07-20,SELL,2026-07-20 13:50:00+05:30,2026-07-20 13:55:00+05:30,1089.8548,1.845199999999977,1091.7,1086.1644,2026-07-20 15:05:00+05:30,TARGET,1.5,1.0,True,2026-07-20 15:00:00+05:30,True,2026-07-20 15:05:00+05:30,1087.3452,2.3600693691741395,True,2026-07-20 15:10:00+05:30,False,False,True,False,False
26,2026-07-21,SELL,2026-07-21 09:45:00+05:30,2026-07-21 09:50:00+05:30,1076.56145,8.338550000000168,1084.9,1059.8843499999996,2026-07-21 11:10:00+05:30,STOP_LOSS,0.5,0.25,True,2026-07-21 10:20:00+05:30,True,2026-07-21 10:25:00+05:30,1074.1846375,2.201995550785149,True,2026-07-22 09:15:00+05:30,False,False,False,True,True
26,2026-07-21,SELL,2026-07-21 09:45:00+05:30,2026-07-21 09:50:00+05:30,1076.56145,8.338550000000168,1084.9,1059.8843499999996,2026-07-21 11:10:00+05:30,STOP_LOSS,0.5,0.5,True,2026-07-21 10:20:00+05:30,True,2026-07-21 11:00:00+05:30,1071.369275,2.201995550785149,True,2026-07-22 09:15:00+05:30,False,False,False,True,True
26,2026-07-21,SELL,2026-07-21 09:45:00+05:30,2026-07-21 09:50:00+05:30,1076.56145,8.338550000000168,1084.9,1059.8843499999996,2026-07-21 11:10:00+05:30,STOP_LOSS,0.5,0.75,True,2026-07-21 10:20:00+05:30,True,2026-07-21 11:00:00+05:30,1073.4539125000001,2.201995550785149,True,2026-07-22 09:15:00+05:30,False,False,False,True,True
26,2026-07-21,SELL,2026-07-21 09:45:00+05:30,2026-07-21 09:50:00+05:30,1076.56145,8.338550000000168,1084.9,1059.8843499999996,2026-07-21 11:10:00+05:30,STOP_LOSS,0.5,1.0,True,2026-07-21 10:20:00+05:30,True,2026-07-21 11:10:00+05:30,1075.5385500000002,2.201995550785149,True,2026-07-22 09:15:00+05:30,False,False,False,True,True
26,2026-07-21,SELL,2026-07-21 09:45:00+05:30,2026-07-21 09:50:00+05:30,1076.56145,8.338550000000168,1084.9,1059.8843499999996,2026-07-21 11:10:00+05:30,STOP_LOSS,0.75,0.25,True,2026-07-21 10:45:00+05:30,True,2026-07-21 10:50:00+05:30,1069.2846375000001,2.201995550785149,True,2026-07-22 09:15:00+05:30,False,False,False,True,True
26,2026-07-21,SELL,2026-07-21 09:45:00+05:30,2026-07-21 09:50:00+05:30,1076.56145,8.338550000000168,1084.9,1059.8843499999996,2026-07-21 11:10:00+05:30,STOP_LOSS,0.75,0.5,True,2026-07-21 10:45:00+05:30,True,2026-07-21 11:00:00+05:30,1071.369275,2.201995550785149,True,2026-07-22 09:15:00+05:30,False,False,False,True,True
26,2026-07-21,SELL,2026-07-21 09:45:00+05:30,2026-07-21 09:50:00+05:30,1076.56145,8.338550000000168,1084.9,1059.8843499999996,2026-07-21 11:10:00+05:30,STOP_LOSS,0.75,0.75,True,2026-07-21 10:45:00+05:30,True,2026-07-21 11:00:00+05:30,1073.4539125000001,2.201995550785149,True,2026-07-22 09:15:00+05:30,False,False,False,True,True
26,2026-07-21,SELL,2026-07-21 09:45:00+05:30,2026-07-21 09:50:00+05:30,1076.56145,8.338550000000168,1084.9,1059.8843499999996,2026-07-21 11:10:00+05:30,STOP_LOSS,0.75,1.0,True,2026-07-21 10:45:00+05:30,True,2026-07-21 11:10:00+05:30,1075.5385500000002,2.201995550785149,True,2026-07-22 09:15:00+05:30,False,False,False,True,True
26,2026-07-21,SELL,2026-07-21 09:45:00+05:30,2026-07-21 09:50:00+05:30,1076.56145,8.338550000000168,1084.9,1059.8843499999996,2026-07-21 11:10:00+05:30,STOP_LOSS,1.0,0.25,True,2026-07-21 10:50:00+05:30,True,2026-07-21 10:55:00+05:30,1069.2846375000001,2.201995550785149,True,2026-07-22 09:15:00+05:30,False,False,False,True,True
26,2026-07-21,SELL,2026-07-21 09:45:00+05:30,2026-07-21 09:50:00+05:30,1076.56145,8.338550000000168,1084.9,1059.8843499999996,2026-07-21 11:10:00+05:30,STOP_LOSS,1.0,0.5,True,2026-07-21 10:50:00+05:30,True,2026-07-21 11:00:00+05:30,1071.369275,2.201995550785149,True,2026-07-22 09:15:00+05:30,False,False,False,True,True
26,2026-07-21,SELL,2026-07-21 09:45:00+05:30,2026-07-21 09:50:00+05:30,1076.56145,8.338550000000168,1084.9,1059.8843499999996,2026-07-21 11:10:00+05:30,STOP_LOSS,1.0,0.75,True,2026-07-21 10:50:00+05:30,True,2026-07-21 11:00:00+05:30,1073.4539125000001,2.201995550785149,True,2026-07-22 09:15:00+05:30,False,False,False,True,True
26,2026-07-21,SELL,2026-07-21 09:45:00+05:30,2026-07-21 09:50:00+05:30,1076.56145,8.338550000000168,1084.9,1059.8843499999996,2026-07-21 11:10:00+05:30,STOP_LOSS,1.0,1.0,True,2026-07-21 10:50:00+05:30,True,2026-07-21 11:10:00+05:30,1075.5385500000002,2.201995550785149,True,2026-07-22 09:15:00+05:30,False,False,False,True,True
26,2026-07-21,SELL,2026-07-21 09:45:00+05:30,2026-07-21 09:50:00+05:30,1076.56145,8.338550000000168,1084.9,1059.8843499999996,2026-07-21 11:10:00+05:30,STOP_LOSS,1.25,0.25,True,2026-07-22 09:15:00+05:30,True,2026-07-22 09:20:00+05:30,1060.2846375000001,2.2139880434847354,True,2026-07-22 10:20:00+05:30,False,False,True,False,False
26,2026-07-21,SELL,2026-07-21 09:45:00+05:30,2026-07-21 09:50:00+05:30,1076.56145,8.338550000000168,1084.9,1059.8843499999996,2026-07-21 11:10:00+05:30,STOP_LOSS,1.25,0.5,True,2026-07-22 09:15:00+05:30,True,2026-07-22 09:20:00+05:30,1062.369275,2.2139880434847354,True,2026-07-22 10:20:00+05:30,False,False,True,False,False
26,2026-07-21,SELL,2026-07-21 09:45:00+05:30,2026-07-21 09:50:00+05:30,1076.56145,8.338550000000168,1084.9,1059.8843499999996,2026-07-21 11:10:00+05:30,STOP_LOSS,1.25,0.75,True,2026-07-22 09:15:00+05:30,True,2026-07-22 09:20:00+05:30,1064.4539125000001,2.2139880434847354,True,2026-07-22 10:20:00+05:30,False,False,True,False,False
26,2026-07-21,SELL,2026-07-21 09:45:00+05:30,2026-07-21 09:50:00+05:30,1076.56145,8.338550000000168,1084.9,1059.8843499999996,2026-07-21 11:10:00+05:30,STOP_LOSS,1.25,1.0,True,2026-07-22 09:15:00+05:30,True,2026-07-22 09:25:00+05:30,1066.5385500000002,2.2139880434847354,True,2026-07-22 10:20:00+05:30,False,False,True,False,False
26,2026-07-21,SELL,2026-07-21 09:45:00+05:30,2026-07-21 09:50:00+05:30,1076.56145,8.338550000000168,1084.9,1059.8843499999996,2026-07-21 11:10:00+05:30,STOP_LOSS,1.5,0.25,True,2026-07-22 09:15:00+05:30,True,2026-07-22 09:20:00+05:30,1060.2846375000001,2.2139880434847354,True,2026-07-22 10:20:00+05:30,False,False,True,False,False
26,2026-07-21,SELL,2026-07-21 09:45:00+05:30,2026-07-21 09:50:00+05:30,1076.56145,8.338550000000168,1084.9,1059.8843499999996,2026-07-21 11:10:00+05:30,STOP_LOSS,1.5,0.5,True,2026-07-22 09:15:00+05:30,True,2026-07-22 09:20:00+05:30,1062.369275,2.2139880434847354,True,2026-07-22 10:20:00+05:30,False,False,True,False,False
26,2026-07-21,SELL,2026-07-21 09:45:00+05:30,2026-07-21 09:50:00+05:30,1076.56145,8.338550000000168,1084.9,1059.8843499999996,2026-07-21 11:10:00+05:30,STOP_LOSS,1.5,0.75,True,2026-07-22 09:15:00+05:30,True,2026-07-22 09:20:00+05:30,1064.4539125000001,2.2139880434847354,True,2026-07-22 10:20:00+05:30,False,False,True,False,False
26,2026-07-21,SELL,2026-07-21 09:45:00+05:30,2026-07-21 09:50:00+05:30,1076.56145,8.338550000000168,1084.9,1059.8843499999996,2026-07-21 11:10:00+05:30,STOP_LOSS,1.5,1.0,True,2026-07-22 09:15:00+05:30,True,2026-07-22 09:25:00+05:30,1066.5385500000002,2.2139880434847354,True,2026-07-22 10:20:00+05:30,False,False,True,False,False
27,2026-07-22,SELL,2026-07-22 10:20:00+05:30,2026-07-22 10:25:00+05:30,1058.0707,4.229299999999967,1062.3,1049.6121,2026-07-22 12:35:00+05:30,TARGET,0.5,0.25,True,2026-07-22 11:15:00+05:30,True,2026-07-22 11:20:00+05:30,1056.057325,2.310240465325257,True,2026-07-22 12:35:00+05:30,False,False,False,True,True
27,2026-07-22,SELL,2026-07-22 10:20:00+05:30,2026-07-22 10:25:00+05:30,1058.0707,4.229299999999967,1062.3,1049.6121,2026-07-22 12:35:00+05:30,TARGET,0.5,0.5,True,2026-07-22 11:15:00+05:30,True,2026-07-22 11:20:00+05:30,1057.11465,2.310240465325257,True,2026-07-22 12:35:00+05:30,False,False,False,True,True
27,2026-07-22,SELL,2026-07-22 10:20:00+05:30,2026-07-22 10:25:00+05:30,1058.0707,4.229299999999967,1062.3,1049.6121,2026-07-22 12:35:00+05:30,TARGET,0.5,0.75,True,2026-07-22 11:15:00+05:30,True,2026-07-22 11:20:00+05:30,1058.171975,2.310240465325257,True,2026-07-22 12:35:00+05:30,False,False,False,True,True
27,2026-07-22,SELL,2026-07-22 10:20:00+05:30,2026-07-22 10:25:00+05:30,1058.0707,4.229299999999967,1062.3,1049.6121,2026-07-22 12:35:00+05:30,TARGET,0.5,1.0,True,2026-07-22 11:15:00+05:30,True,2026-07-22 11:20:00+05:30,1059.2293,2.310240465325257,True,2026-07-22 12:35:00+05:30,False,False,False,True,True
27,2026-07-22,SELL,2026-07-22 10:20:00+05:30,2026-07-22 10:25:00+05:30,1058.0707,4.229299999999967,1062.3,1049.6121,2026-07-22 12:35:00+05:30,TARGET,0.75,0.25,True,2026-07-22 12:20:00+05:30,True,2026-07-22 12:25:00+05:30,1054.457325,2.310240465325257,True,2026-07-22 12:35:00+05:30,False,False,False,True,True
27,2026-07-22,SELL,2026-07-22 10:20:00+05:30,2026-07-22 10:25:00+05:30,1058.0707,4.229299999999967,1062.3,1049.6121,2026-07-22 12:35:00+05:30,TARGET,0.75,0.5,True,2026-07-22 12:20:00+05:30,True,2026-07-22 12:35:00+05:30,1050.41465,2.310240465325257,True,2026-07-22 12:40:00+05:30,False,False,True,False,False
27,2026-07-22,SELL,2026-07-22 10:20:00+05:30,2026-07-22 10:25:00+05:30,1058.0707,4.229299999999967,1062.3,1049.6121,2026-07-22 12:35:00+05:30,TARGET,0.75,0.75,True,2026-07-22 12:20:00+05:30,True,2026-07-22 12:35:00+05:30,1051.471975,2.310240465325257,True,2026-07-22 12:40:00+05:30,False,False,True,False,False
27,2026-07-22,SELL,2026-07-22 10:20:00+05:30,2026-07-22 10:25:00+05:30,1058.0707,4.229299999999967,1062.3,1049.6121,2026-07-22 12:35:00+05:30,TARGET,0.75,1.0,True,2026-07-22 12:20:00+05:30,True,2026-07-22 12:35:00+05:30,1052.5293,2.310240465325257,True,2026-07-22 12:40:00+05:30,False,False,True,False,False
27,2026-07-22,SELL,2026-07-22 10:20:00+05:30,2026-07-22 10:25:00+05:30,1058.0707,4.229299999999967,1062.3,1049.6121,2026-07-22 12:35:00+05:30,TARGET,1.0,0.25,True,2026-07-22 12:20:00+05:30,True,2026-07-22 12:25:00+05:30,1054.457325,2.310240465325257,True,2026-07-22 12:35:00+05:30,False,False,False,True,True
27,2026-07-22,SELL,2026-07-22 10:20:00+05:30,2026-07-22 10:25:00+05:30,1058.0707,4.229299999999967,1062.3,1049.6121,2026-07-22 12:35:00+05:30,TARGET,1.0,0.5,True,2026-07-22 12:20:00+05:30,True,2026-07-22 12:35:00+05:30,1050.41465,2.310240465325257,True,2026-07-22 12:40:00+05:30,False,False,True,False,False
27,2026-07-22,SELL,2026-07-22 10:20:00+05:30,2026-07-22 10:25:00+05:30,1058.0707,4.229299999999967,1062.3,1049.6121,2026-07-22 12:35:00+05:30,TARGET,1.0,0.75,True,2026-07-22 12:20:00+05:30,True,2026-07-22 12:35:00+05:30,1051.471975,2.310240465325257,True,2026-07-22 12:40:00+05:30,False,False,True,False,False
27,2026-07-22,SELL,2026-07-22 10:20:00+05:30,2026-07-22 10:25:00+05:30,1058.0707,4.229299999999967,1062.3,1049.6121,2026-07-22 12:35:00+05:30,TARGET,1.0,1.0,True,2026-07-22 12:20:00+05:30,True,2026-07-22 12:35:00+05:30,1052.5293,2.310240465325257,True,2026-07-22 12:40:00+05:30,False,False,True,False,False
27,2026-07-22,SELL,2026-07-22 10:20:00+05:30,2026-07-22 10:25:00+05:30,1058.0707,4.229299999999967,1062.3,1049.6121,2026-07-22 12:35:00+05:30,TARGET,1.25,0.25,True,2026-07-22 12:30:00+05:30,True,2026-07-22 12:35:00+05:30,1049.357325,2.310240465325257,True,2026-07-22 12:40:00+05:30,False,False,True,False,False
27,2026-07-22,SELL,2026-07-22 10:20:00+05:30,2026-07-22 10:25:00+05:30,1058.0707,4.229299999999967,1062.3,1049.6121,2026-07-22 12:35:00+05:30,TARGET,1.25,0.5,True,2026-07-22 12:30:00+05:30,True,2026-07-22 12:35:00+05:30,1050.41465,2.310240465325257,True,2026-07-22 12:40:00+05:30,False,False,True,False,False
27,2026-07-22,SELL,2026-07-22 10:20:00+05:30,2026-07-22 10:25:00+05:30,1058.0707,4.229299999999967,1062.3,1049.6121,2026-07-22 12:35:00+05:30,TARGET,1.25,0.75,True,2026-07-22 12:30:00+05:30,True,2026-07-22 12:35:00+05:30,1051.471975,2.310240465325257,True,2026-07-22 12:40:00+05:30,False,False,True,False,False
27,2026-07-22,SELL,2026-07-22 10:20:00+05:30,2026-07-22 10:25:00+05:30,1058.0707,4.229299999999967,1062.3,1049.6121,2026-07-22 12:35:00+05:30,TARGET,1.25,1.0,True,2026-07-22 12:30:00+05:30,True,2026-07-22 12:35:00+05:30,1052.5293,2.310240465325257,True,2026-07-22 12:40:00+05:30,False,False,True,False,False
27,2026-07-22,SELL,2026-07-22 10:20:00+05:30,2026-07-22 10:25:00+05:30,1058.0707,4.229299999999967,1062.3,1049.6121,2026-07-22 12:35:00+05:30,TARGET,1.5,0.25,True,2026-07-22 12:35:00+05:30,True,2026-07-22 12:40:00+05:30,1049.357325,2.310240465325257,True,2026-07-22 12:45:00+05:30,False,False,True,False,False
27,2026-07-22,SELL,2026-07-22 10:20:00+05:30,2026-07-22 10:25:00+05:30,1058.0707,4.229299999999967,1062.3,1049.6121,2026-07-22 12:35:00+05:30,TARGET,1.5,0.5,True,2026-07-22 12:35:00+05:30,True,2026-07-22 12:40:00+05:30,1050.41465,2.310240465325257,True,2026-07-22 12:45:00+05:30,False,False,True,False,False
27,2026-07-22,SELL,2026-07-22 10:20:00+05:30,2026-07-22 10:25:00+05:30,1058.0707,4.229299999999967,1062.3,1049.6121,2026-07-22 12:35:00+05:30,TARGET,1.5,0.75,True,2026-07-22 12:35:00+05:30,True,2026-07-22 13:35:00+05:30,1049.371975,2.806776535124024,True,2026-07-22 13:40:00+05:30,False,False,True,False,False
27,2026-07-22,SELL,2026-07-22 10:20:00+05:30,2026-07-22 10:25:00+05:30,1058.0707,4.229299999999967,1062.3,1049.6121,2026-07-22 12:35:00+05:30,TARGET,1.5,1.0,True,2026-07-22 12:35:00+05:30,True,2026-07-22 14:50:00+05:30,1050.4293,2.806776535124024,True,2026-07-22 15:25:00+05:30,False,False,True,False,False
28,2026-07-23,BUY,2026-07-23 11:10:00+05:30,2026-07-23 11:15:00+05:30,1049.1243,5.224299999999857,1043.9,1059.5728999999997,2026-07-23 11:25:00+05:30,STOP_LOSS,0.5,0.25,True,2026-07-23 11:55:00+05:30,True,2026-07-23 12:00:00+05:30,1053.5939250000001,3.115383879180098,True,2026-07-27 09:15:00+05:30,True,True,False,True,False
28,2026-07-23,BUY,2026-07-23 11:10:00+05:30,2026-07-23 11:15:00+05:30,1049.1243,5.224299999999857,1043.9,1059.5728999999997,2026-07-23 11:25:00+05:30,STOP_LOSS,0.5,0.5,True,2026-07-23 11:55:00+05:30,True,2026-07-23 12:00:00+05:30,1052.2878500000002,3.115383879180098,True,2026-07-27 09:15:00+05:30,True,True,False,True,False
28,2026-07-23,BUY,2026-07-23 11:10:00+05:30,2026-07-23 11:15:00+05:30,1049.1243,5.224299999999857,1043.9,1059.5728999999997,2026-07-23 11:25:00+05:30,STOP_LOSS,0.5,0.75,True,2026-07-23 11:55:00+05:30,True,2026-07-23 12:05:00+05:30,1053.881775,3.115383879180098,True,2026-07-27 09:15:00+05:30,True,True,False,True,False
28,2026-07-23,BUY,2026-07-23 11:10:00+05:30,2026-07-23 11:15:00+05:30,1049.1243,5.224299999999857,1043.9,1059.5728999999997,2026-07-23 11:25:00+05:30,STOP_LOSS,0.5,1.0,True,2026-07-23 11:55:00+05:30,True,2026-07-23 12:10:00+05:30,1052.5757,3.115383879180098,True,2026-07-27 09:15:00+05:30,True,True,False,True,False
28,2026-07-23,BUY,2026-07-23 11:10:00+05:30,2026-07-23 11:15:00+05:30,1049.1243,5.224299999999857,1043.9,1059.5728999999997,2026-07-23 11:25:00+05:30,STOP_LOSS,0.75,0.25,True,2026-07-23 12:00:00+05:30,True,2026-07-23 12:05:00+05:30,1056.493925,3.115383879180098,True,2026-07-27 09:15:00+05:30,True,True,False,True,False
28,2026-07-23,BUY,2026-07-23 11:10:00+05:30,2026-07-23 11:15:00+05:30,1049.1243,5.224299999999857,1043.9,1059.5728999999997,2026-07-23 11:25:00+05:30,STOP_LOSS,0.75,0.5,True,2026-07-23 12:00:00+05:30,True,2026-07-23 12:05:00+05:30,1055.18785,3.115383879180098,True,2026-07-27 09:15:00+05:30,True,True,False,True,False
28,2026-07-23,BUY,2026-07-23 11:10:00+05:30,2026-07-23 11:15:00+05:30,1049.1243,5.224299999999857,1043.9,1059.5728999999997,2026-07-23 11:25:00+05:30,STOP_LOSS,0.75,0.75,True,2026-07-23 12:00:00+05:30,True,2026-07-23 12:05:00+05:30,1053.881775,3.115383879180098,True,2026-07-27 09:15:00+05:30,True,True,False,True,False
28,2026-07-23,BUY,2026-07-23 11:10:00+05:30,2026-07-23 11:15:00+05:30,1049.1243,5.224299999999857,1043.9,1059.5728999999997,2026-07-23 11:25:00+05:30,STOP_LOSS,0.75,1.0,True,2026-07-23 12:00:00+05:30,True,2026-07-23 12:10:00+05:30,1052.5757,3.115383879180098,True,2026-07-27 09:15:00+05:30,True,True,False,True,False
28,2026-07-23,BUY,2026-07-23 11:10:00+05:30,2026-07-23 11:15:00+05:30,1049.1243,5.224299999999857,1043.9,1059.5728999999997,2026-07-23 11:25:00+05:30,STOP_LOSS,1.0,0.25,True,2026-07-23 12:00:00+05:30,True,2026-07-23 12:05:00+05:30,1056.493925,3.115383879180098,True,2026-07-27 09:15:00+05:30,True,True,False,True,False
28,2026-07-23,BUY,2026-07-23 11:10:00+05:30,2026-07-23 11:15:00+05:30,1049.1243,5.224299999999857,1043.9,1059.5728999999997,2026-07-23 11:25:00+05:30,STOP_LOSS,1.0,0.5,True,2026-07-23 12:00:00+05:30,True,2026-07-23 12:05:00+05:30,1055.18785,3.115383879180098,True,2026-07-27 09:15:00+05:30,True,True,False,True,False
28,2026-07-23,BUY,2026-07-23 11:10:00+05:30,2026-07-23 11:15:00+05:30,1049.1243,5.224299999999857,1043.9,1059.5728999999997,2026-07-23 11:25:00+05:30,STOP_LOSS,1.0,0.75,True,2026-07-23 12:00:00+05:30,True,2026-07-23 12:05:00+05:30,1053.881775,3.115383879180098,True,2026-07-27 09:15:00+05:30,True,True,False,True,False
28,2026-07-23,BUY,2026-07-23 11:10:00+05:30,2026-07-23 11:15:00+05:30,1049.1243,5.224299999999857,1043.9,1059.5728999999997,2026-07-23 11:25:00+05:30,STOP_LOSS,1.0,1.0,True,2026-07-23 12:00:00+05:30,True,2026-07-23 12:10:00+05:30,1052.5757,3.115383879180098,True,2026-07-27 09:15:00+05:30,True,True,False,True,False
28,2026-07-23,BUY,2026-07-23 11:10:00+05:30,2026-07-23 11:15:00+05:30,1049.1243,5.224299999999857,1043.9,1059.5728999999997,2026-07-23 11:25:00+05:30,STOP_LOSS,1.25,0.25,True,2026-07-23 12:05:00+05:30,True,2026-07-23 12:10:00+05:30,1056.493925,3.115383879180098,True,2026-07-27 09:15:00+05:30,True,True,False,True,False
28,2026-07-23,BUY,2026-07-23 11:10:00+05:30,2026-07-23 11:15:00+05:30,1049.1243,5.224299999999857,1043.9,1059.5728999999997,2026-07-23 11:25:00+05:30,STOP_LOSS,1.25,0.5,True,2026-07-23 12:05:00+05:30,True,2026-07-23 12:10:00+05:30,1055.18785,3.115383879180098,True,2026-07-27 09:15:00+05:30,True,True,False,True,False
28,2026-07-23,BUY,2026-07-23 11:10:00+05:30,2026-07-23 11:15:00+05:30,1049.1243,5.224299999999857,1043.9,1059.5728999999997,2026-07-23 11:25:00+05:30,STOP_LOSS,1.25,0.75,True,2026-07-23 12:05:00+05:30,True,2026-07-23 12:10:00+05:30,1053.881775,3.115383879180098,True,2026-07-27 09:15:00+05:30,True,True,False,True,False
28,2026-07-23,BUY,2026-07-23 11:10:00+05:30,2026-07-23 11:15:00+05:30,1049.1243,5.224299999999857,1043.9,1059.5728999999997,2026-07-23 11:25:00+05:30,STOP_LOSS,1.25,1.0,True,2026-07-23 12:05:00+05:30,True,2026-07-23 12:10:00+05:30,1052.5757,3.115383879180098,True,2026-07-27 09:15:00+05:30,True,True,False,True,False
28,2026-07-23,BUY,2026-07-23 11:10:00+05:30,2026-07-23 11:15:00+05:30,1049.1243,5.224299999999857,1043.9,1059.5728999999997,2026-07-23 11:25:00+05:30,STOP_LOSS,1.5,0.25,True,2026-07-23 12:05:00+05:30,True,2026-07-23 12:10:00+05:30,1056.493925,3.115383879180098,True,2026-07-27 09:15:00+05:30,True,True,False,True,False
28,2026-07-23,BUY,2026-07-23 11:10:00+05:30,2026-07-23 11:15:00+05:30,1049.1243,5.224299999999857,1043.9,1059.5728999999997,2026-07-23 11:25:00+05:30,STOP_LOSS,1.5,0.5,True,2026-07-23 12:05:00+05:30,True,2026-07-23 12:10:00+05:30,1055.18785,3.115383879180098,True,2026-07-27 09:15:00+05:30,True,True,False,True,False
28,2026-07-23,BUY,2026-07-23 11:10:00+05:30,2026-07-23 11:15:00+05:30,1049.1243,5.224299999999857,1043.9,1059.5728999999997,2026-07-23 11:25:00+05:30,STOP_LOSS,1.5,0.75,True,2026-07-23 12:05:00+05:30,True,2026-07-23 12:10:00+05:30,1053.881775,3.115383879180098,True,2026-07-27 09:15:00+05:30,True,True,False,True,False
28,2026-07-23,BUY,2026-07-23 11:10:00+05:30,2026-07-23 11:15:00+05:30,1049.1243,5.224299999999857,1043.9,1059.5728999999997,2026-07-23 11:25:00+05:30,STOP_LOSS,1.5,1.0,True,2026-07-23 12:05:00+05:30,True,2026-07-23 12:10:00+05:30,1052.5757,3.115383879180098,True,2026-07-27 09:15:00+05:30,True,True,False,True,False
29,2026-07-23,BUY,2026-07-23 11:45:00+05:30,2026-07-23 11:50:00+05:30,1048.62405,2.5240499999999884,1046.1,1053.67215,2026-07-23 12:00:00+05:30,TARGET,0.5,0.25,True,2026-07-23 11:50:00+05:30,True,2026-07-23 11:55:00+05:30,1052.0689875,2.4864602523722676,True,2026-07-23 12:00:00+05:30,False,False,False,True,True
29,2026-07-23,BUY,2026-07-23 11:45:00+05:30,2026-07-23 11:50:00+05:30,1048.62405,2.5240499999999884,1046.1,1053.67215,2026-07-23 12:00:00+05:30,TARGET,0.5,0.5,True,2026-07-23 11:50:00+05:30,True,2026-07-23 11:55:00+05:30,1051.437975,2.4864602523722676,True,2026-07-23 12:00:00+05:30,False,False,False,True,True
29,2026-07-23,BUY,2026-07-23 11:45:00+05:30,2026-07-23 11:50:00+05:30,1048.62405,2.5240499999999884,1046.1,1053.67215,2026-07-23 12:00:00+05:30,TARGET,0.5,0.75,True,2026-07-23 11:50:00+05:30,True,2026-07-23 11:55:00+05:30,1050.8069625,2.4864602523722676,True,2026-07-23 12:00:00+05:30,False,False,False,True,True
29,2026-07-23,BUY,2026-07-23 11:45:00+05:30,2026-07-23 11:50:00+05:30,1048.62405,2.5240499999999884,1046.1,1053.67215,2026-07-23 12:00:00+05:30,TARGET,0.5,1.0,True,2026-07-23 11:50:00+05:30,True,2026-07-23 11:55:00+05:30,1050.17595,2.4864602523722676,True,2026-07-23 12:00:00+05:30,False,False,False,True,True
29,2026-07-23,BUY,2026-07-23 11:45:00+05:30,2026-07-23 11:50:00+05:30,1048.62405,2.5240499999999884,1046.1,1053.67215,2026-07-23 12:00:00+05:30,TARGET,0.75,0.25,True,2026-07-23 11:50:00+05:30,True,2026-07-23 11:55:00+05:30,1052.0689875,2.4864602523722676,True,2026-07-23 12:00:00+05:30,False,False,False,True,True
29,2026-07-23,BUY,2026-07-23 11:45:00+05:30,2026-07-23 11:50:00+05:30,1048.62405,2.5240499999999884,1046.1,1053.67215,2026-07-23 12:00:00+05:30,TARGET,0.75,0.5,True,2026-07-23 11:50:00+05:30,True,2026-07-23 11:55:00+05:30,1051.437975,2.4864602523722676,True,2026-07-23 12:00:00+05:30,False,False,False,True,True
29,2026-07-23,BUY,2026-07-23 11:45:00+05:30,2026-07-23 11:50:00+05:30,1048.62405,2.5240499999999884,1046.1,1053.67215,2026-07-23 12:00:00+05:30,TARGET,0.75,0.75,True,2026-07-23 11:50:00+05:30,True,2026-07-23 11:55:00+05:30,1050.8069625,2.4864602523722676,True,2026-07-23 12:00:00+05:30,False,False,False,True,True
29,2026-07-23,BUY,2026-07-23 11:45:00+05:30,2026-07-23 11:50:00+05:30,1048.62405,2.5240499999999884,1046.1,1053.67215,2026-07-23 12:00:00+05:30,TARGET,0.75,1.0,True,2026-07-23 11:50:00+05:30,True,2026-07-23 11:55:00+05:30,1050.17595,2.4864602523722676,True,2026-07-23 12:00:00+05:30,False,False,False,True,True
29,2026-07-23,BUY,2026-07-23 11:45:00+05:30,2026-07-23 11:50:00+05:30,1048.62405,2.5240499999999884,1046.1,1053.67215,2026-07-23 12:00:00+05:30,TARGET,1.0,0.25,True,2026-07-23 11:50:00+05:30,True,2026-07-23 11:55:00+05:30,1052.0689875,2.4864602523722676,True,2026-07-23 12:00:00+05:30,False,False,False,True,True
29,2026-07-23,BUY,2026-07-23 11:45:00+05:30,2026-07-23 11:50:00+05:30,1048.62405,2.5240499999999884,1046.1,1053.67215,2026-07-23 12:00:00+05:30,TARGET,1.0,0.5,True,2026-07-23 11:50:00+05:30,True,2026-07-23 11:55:00+05:30,1051.437975,2.4864602523722676,True,2026-07-23 12:00:00+05:30,False,False,False,True,True
29,2026-07-23,BUY,2026-07-23 11:45:00+05:30,2026-07-23 11:50:00+05:30,1048.62405,2.5240499999999884,1046.1,1053.67215,2026-07-23 12:00:00+05:30,TARGET,1.0,0.75,True,2026-07-23 11:50:00+05:30,True,2026-07-23 11:55:00+05:30,1050.8069625,2.4864602523722676,True,2026-07-23 12:00:00+05:30,False,False,False,True,True
29,2026-07-23,BUY,2026-07-23 11:45:00+05:30,2026-07-23 11:50:00+05:30,1048.62405,2.5240499999999884,1046.1,1053.67215,2026-07-23 12:00:00+05:30,TARGET,1.0,1.0,True,2026-07-23 11:50:00+05:30,True,2026-07-23 11:55:00+05:30,1050.17595,2.4864602523722676,True,2026-07-23 12:00:00+05:30,False,False,False,True,True
29,2026-07-23,BUY,2026-07-23 11:45:00+05:30,2026-07-23 11:50:00+05:30,1048.62405,2.5240499999999884,1046.1,1053.67215,2026-07-23 12:00:00+05:30,TARGET,1.25,0.25,True,2026-07-23 11:55:00+05:30,True,2026-07-23 12:00:00+05:30,1054.2689875,3.6354073809948693,True,2026-07-23 12:05:00+05:30,False,False,True,False,False
29,2026-07-23,BUY,2026-07-23 11:45:00+05:30,2026-07-23 11:50:00+05:30,1048.62405,2.5240499999999884,1046.1,1053.67215,2026-07-23 12:00:00+05:30,TARGET,1.25,0.5,True,2026-07-23 11:55:00+05:30,True,2026-07-23 12:00:00+05:30,1053.637975,3.6354073809948693,True,2026-07-23 12:05:00+05:30,False,False,True,False,False
29,2026-07-23,BUY,2026-07-23 11:45:00+05:30,2026-07-23 11:50:00+05:30,1048.62405,2.5240499999999884,1046.1,1053.67215,2026-07-23 12:00:00+05:30,TARGET,1.25,0.75,True,2026-07-23 11:55:00+05:30,True,2026-07-23 12:00:00+05:30,1053.0069625,3.6354073809948693,True,2026-07-23 12:05:00+05:30,False,False,True,False,False
29,2026-07-23,BUY,2026-07-23 11:45:00+05:30,2026-07-23 11:50:00+05:30,1048.62405,2.5240499999999884,1046.1,1053.67215,2026-07-23 12:00:00+05:30,TARGET,1.25,1.0,True,2026-07-23 11:55:00+05:30,True,2026-07-23 12:00:00+05:30,1052.37595,3.6354073809948693,True,2026-07-23 12:05:00+05:30,False,False,True,False,False
29,2026-07-23,BUY,2026-07-23 11:45:00+05:30,2026-07-23 11:50:00+05:30,1048.62405,2.5240499999999884,1046.1,1053.67215,2026-07-23 12:00:00+05:30,TARGET,1.5,0.25,True,2026-07-23 11:55:00+05:30,True,2026-07-23 12:00:00+05:30,1054.2689875,3.6354073809948693,True,2026-07-23 12:05:00+05:30,False,False,True,False,False
29,2026-07-23,BUY,2026-07-23 11:45:00+05:30,2026-07-23 11:50:00+05:30,1048.62405,2.5240499999999884,1046.1,1053.67215,2026-07-23 12:00:00+05:30,TARGET,1.5,0.5,True,2026-07-23 11:55:00+05:30,True,2026-07-23 12:00:00+05:30,1053.637975,3.6354073809948693,True,2026-07-23 12:05:00+05:30,False,False,True,False,False
29,2026-07-23,BUY,2026-07-23 11:45:00+05:30,2026-07-23 11:50:00+05:30,1048.62405,2.5240499999999884,1046.1,1053.67215,2026-07-23 12:00:00+05:30,TARGET,1.5,0.75,True,2026-07-23 11:55:00+05:30,True,2026-07-23 12:00:00+05:30,1053.0069625,3.6354073809948693,True,2026-07-23 12:05:00+05:30,False,False,True,False,False
29,2026-07-23,BUY,2026-07-23 11:45:00+05:30,2026-07-23 11:50:00+05:30,1048.62405,2.5240499999999884,1046.1,1053.67215,2026-07-23 12:00:00+05:30,TARGET,1.5,1.0,True,2026-07-23 11:55:00+05:30,True,2026-07-23 12:00:00+05:30,1052.37595,3.6354073809948693,True,2026-07-23 12:05:00+05:30,False,False,True,False,False
30,2026-07-23,BUY,2026-07-23 14:15:00+05:30,2026-07-23 14:20:00+05:30,1047.82365,2.8236500000000437,1045.0,1053.47095,2026-07-23 14:30:00+05:30,TARGET,0.5,0.25,True,2026-07-23 14:25:00+05:30,True,2026-07-23 14:30:00+05:30,1054.2940875,2.7894214934570076,True,2026-07-23 14:35:00+05:30,False,False,True,False,False
30,2026-07-23,BUY,2026-07-23 14:15:00+05:30,2026-07-23 14:20:00+05:30,1047.82365,2.8236500000000437,1045.0,1053.47095,2026-07-23 14:30:00+05:30,TARGET,0.5,0.5,True,2026-07-23 14:25:00+05:30,True,2026-07-23 14:30:00+05:30,1053.5881749999999,2.7894214934570076,True,2026-07-23 14:35:00+05:30,False,False,True,False,False
30,2026-07-23,BUY,2026-07-23 14:15:00+05:30,2026-07-23 14:20:00+05:30,1047.82365,2.8236500000000437,1045.0,1053.47095,2026-07-23 14:30:00+05:30,TARGET,0.5,0.75,True,2026-07-23 14:25:00+05:30,True,2026-07-23 14:30:00+05:30,1052.8822625,2.7894214934570076,True,2026-07-23 14:35:00+05:30,False,False,True,False,False
30,2026-07-23,BUY,2026-07-23 14:15:00+05:30,2026-07-23 14:20:00+05:30,1047.82365,2.8236500000000437,1045.0,1053.47095,2026-07-23 14:30:00+05:30,TARGET,0.5,1.0,True,2026-07-23 14:25:00+05:30,True,2026-07-23 14:30:00+05:30,1052.17635,2.7894214934570076,True,2026-07-23 14:35:00+05:30,False,False,True,False,False
30,2026-07-23,BUY,2026-07-23 14:15:00+05:30,2026-07-23 14:20:00+05:30,1047.82365,2.8236500000000437,1045.0,1053.47095,2026-07-23 14:30:00+05:30,TARGET,0.75,0.25,True,2026-07-23 14:30:00+05:30,True,2026-07-23 14:35:00+05:30,1054.9940875,3.781045809501812,True,2026-07-23 15:25:00+05:30,False,True,True,False,False
30,2026-07-23,BUY,2026-07-23 14:15:00+05:30,2026-07-23 14:20:00+05:30,1047.82365,2.8236500000000437,1045.0,1053.47095,2026-07-23 14:30:00+05:30,TARGET,0.75,0.5,True,2026-07-23 14:30:00+05:30,True,2026-07-23 14:35:00+05:30,1054.288175,3.781045809501812,True,2026-07-23 15:25:00+05:30,False,True,True,False,False
30,2026-07-23,BUY,2026-07-23 14:15:00+05:30,2026-07-23 14:20:00+05:30,1047.82365,2.8236500000000437,1045.0,1053.47095,2026-07-23 14:30:00+05:30,TARGET,0.75,0.75,True,2026-07-23 14:30:00+05:30,True,2026-07-23 14:35:00+05:30,1053.5822625,3.781045809501812,True,2026-07-23 15:25:00+05:30,False,True,True,False,False
30,2026-07-23,BUY,2026-07-23 14:15:00+05:30,2026-07-23 14:20:00+05:30,1047.82365,2.8236500000000437,1045.0,1053.47095,2026-07-23 14:30:00+05:30,TARGET,0.75,1.0,True,2026-07-23 14:30:00+05:30,True,2026-07-23 14:35:00+05:30,1052.87635,3.781045809501812,True,2026-07-23 15:25:00+05:30,False,True,True,False,False
30,2026-07-23,BUY,2026-07-23 14:15:00+05:30,2026-07-23 14:20:00+05:30,1047.82365,2.8236500000000437,1045.0,1053.47095,2026-07-23 14:30:00+05:30,TARGET,1.0,0.25,True,2026-07-23 14:30:00+05:30,True,2026-07-23 14:35:00+05:30,1054.9940875,3.781045809501812,True,2026-07-23 15:25:00+05:30,False,True,True,False,False
30,2026-07-23,BUY,2026-07-23 14:15:00+05:30,2026-07-23 14:20:00+05:30,1047.82365,2.8236500000000437,1045.0,1053.47095,2026-07-23 14:30:00+05:30,TARGET,1.0,0.5,True,2026-07-23 14:30:00+05:30,True,2026-07-23 14:35:00+05:30,1054.288175,3.781045809501812,True,2026-07-23 15:25:00+05:30,False,True,True,False,False
30,2026-07-23,BUY,2026-07-23 14:15:00+05:30,2026-07-23 14:20:00+05:30,1047.82365,2.8236500000000437,1045.0,1053.47095,2026-07-23 14:30:00+05:30,TARGET,1.0,0.75,True,2026-07-23 14:30:00+05:30,True,2026-07-23 14:35:00+05:30,1053.5822625,3.781045809501812,True,2026-07-23 15:25:00+05:30,False,True,True,False,False
30,2026-07-23,BUY,2026-07-23 14:15:00+05:30,2026-07-23 14:20:00+05:30,1047.82365,2.8236500000000437,1045.0,1053.47095,2026-07-23 14:30:00+05:30,TARGET,1.0,1.0,True,2026-07-23 14:30:00+05:30,True,2026-07-23 14:35:00+05:30,1052.87635,3.781045809501812,True,2026-07-23 15:25:00+05:30,False,True,True,False,False
30,2026-07-23,BUY,2026-07-23 14:15:00+05:30,2026-07-23 14:20:00+05:30,1047.82365,2.8236500000000437,1045.0,1053.47095,2026-07-23 14:30:00+05:30,TARGET,1.25,0.25,True,2026-07-23 14:30:00+05:30,True,2026-07-23 14:35:00+05:30,1054.9940875,3.781045809501812,True,2026-07-23 15:25:00+05:30,False,True,True,False,False
30,2026-07-23,BUY,2026-07-23 14:15:00+05:30,2026-07-23 14:20:00+05:30,1047.82365,2.8236500000000437,1045.0,1053.47095,2026-07-23 14:30:00+05:30,TARGET,1.25,0.5,True,2026-07-23 14:30:00+05:30,True,2026-07-23 14:35:00+05:30,1054.288175,3.781045809501812,True,2026-07-23 15:25:00+05:30,False,True,True,False,False
30,2026-07-23,BUY,2026-07-23 14:15:00+05:30,2026-07-23 14:20:00+05:30,1047.82365,2.8236500000000437,1045.0,1053.47095,2026-07-23 14:30:00+05:30,TARGET,1.25,0.75,True,2026-07-23 14:30:00+05:30,True,2026-07-23 14:35:00+05:30,1053.5822625,3.781045809501812,True,2026-07-23 15:25:00+05:30,False,True,True,False,False
30,2026-07-23,BUY,2026-07-23 14:15:00+05:30,2026-07-23 14:20:00+05:30,1047.82365,2.8236500000000437,1045.0,1053.47095,2026-07-23 14:30:00+05:30,TARGET,1.25,1.0,True,2026-07-23 14:30:00+05:30,True,2026-07-23 14:35:00+05:30,1052.87635,3.781045809501812,True,2026-07-23 15:25:00+05:30,False,True,True,False,False
30,2026-07-23,BUY,2026-07-23 14:15:00+05:30,2026-07-23 14:20:00+05:30,1047.82365,2.8236500000000437,1045.0,1053.47095,2026-07-23 14:30:00+05:30,TARGET,1.5,0.25,True,2026-07-23 14:30:00+05:30,True,2026-07-23 14:35:00+05:30,1054.9940875,3.781045809501812,True,2026-07-23 15:25:00+05:30,False,True,True,False,False
30,2026-07-23,BUY,2026-07-23 14:15:00+05:30,2026-07-23 14:20:00+05:30,1047.82365,2.8236500000000437,1045.0,1053.47095,2026-07-23 14:30:00+05:30,TARGET,1.5,0.5,True,2026-07-23 14:30:00+05:30,True,2026-07-23 14:35:00+05:30,1054.288175,3.781045809501812,True,2026-07-23 15:25:00+05:30,False,True,True,False,False
30,2026-07-23,BUY,2026-07-23 14:15:00+05:30,2026-07-23 14:20:00+05:30,1047.82365,2.8236500000000437,1045.0,1053.47095,2026-07-23 14:30:00+05:30,TARGET,1.5,0.75,True,2026-07-23 14:30:00+05:30,True,2026-07-23 14:35:00+05:30,1053.5822625,3.781045809501812,True,2026-07-23 15:25:00+05:30,False,True,True,False,False
30,2026-07-23,BUY,2026-07-23 14:15:00+05:30,2026-07-23 14:20:00+05:30,1047.82365,2.8236500000000437,1045.0,1053.47095,2026-07-23 14:30:00+05:30,TARGET,1.5,1.0,True,2026-07-23 14:30:00+05:30,True,2026-07-23 14:35:00+05:30,1052.87635,3.781045809501812,True,2026-07-23 15:25:00+05:30,False,True,True,False,False
31,2026-07-23,BUY,2026-07-23 15:05:00+05:30,2026-07-23 15:10:00+05:30,1047.6235499999998,3.5235499999998865,1044.1,1054.6706499999996,2026-07-23 15:10:00+05:30,STOP_LOSS,0.5,0.25,True,2026-07-23 15:20:00+05:30,True,2026-07-23 15:25:00+05:30,1057.6191125,5.045039803607404,True,2026-07-27 09:15:00+05:30,True,True,True,False,False
31,2026-07-23,BUY,2026-07-23 15:05:00+05:30,2026-07-23 15:10:00+05:30,1047.6235499999998,3.5235499999998865,1044.1,1054.6706499999996,2026-07-23 15:10:00+05:30,STOP_LOSS,0.5,0.5,True,2026-07-23 15:20:00+05:30,True,2026-07-23 15:25:00+05:30,1056.738225,5.045039803607404,True,2026-07-27 09:15:00+05:30,True,True,True,False,False
31,2026-07-23,BUY,2026-07-23 15:05:00+05:30,2026-07-23 15:10:00+05:30,1047.6235499999998,3.5235499999998865,1044.1,1054.6706499999996,2026-07-23 15:10:00+05:30,STOP_LOSS,0.5,0.75,True,2026-07-23 15:20:00+05:30,True,2026-07-23 15:25:00+05:30,1055.8573375,5.045039803607404,True,2026-07-27 09:15:00+05:30,True,True,True,False,False
31,2026-07-23,BUY,2026-07-23 15:05:00+05:30,2026-07-23 15:10:00+05:30,1047.6235499999998,3.5235499999998865,1044.1,1054.6706499999996,2026-07-23 15:10:00+05:30,STOP_LOSS,0.5,1.0,True,2026-07-23 15:20:00+05:30,True,2026-07-23 15:25:00+05:30,1054.97645,5.045039803607404,True,2026-07-27 09:15:00+05:30,True,True,True,False,False
31,2026-07-23,BUY,2026-07-23 15:05:00+05:30,2026-07-23 15:10:00+05:30,1047.6235499999998,3.5235499999998865,1044.1,1054.6706499999996,2026-07-23 15:10:00+05:30,STOP_LOSS,0.75,0.25,True,2026-07-23 15:20:00+05:30,True,2026-07-23 15:25:00+05:30,1057.6191125,5.045039803607404,True,2026-07-27 09:15:00+05:30,True,True,True,False,False
31,2026-07-23,BUY,2026-07-23 15:05:00+05:30,2026-07-23 15:10:00+05:30,1047.6235499999998,3.5235499999998865,1044.1,1054.6706499999996,2026-07-23 15:10:00+05:30,STOP_LOSS,0.75,0.5,True,2026-07-23 15:20:00+05:30,True,2026-07-23 15:25:00+05:30,1056.738225,5.045039803607404,True,2026-07-27 09:15:00+05:30,True,True,True,False,False
31,2026-07-23,BUY,2026-07-23 15:05:00+05:30,2026-07-23 15:10:00+05:30,1047.6235499999998,3.5235499999998865,1044.1,1054.6706499999996,2026-07-23 15:10:00+05:30,STOP_LOSS,0.75,0.75,True,2026-07-23 15:20:00+05:30,True,2026-07-23 15:25:00+05:30,1055.8573375,5.045039803607404,True,2026-07-27 09:15:00+05:30,True,True,True,False,False
31,2026-07-23,BUY,2026-07-23 15:05:00+05:30,2026-07-23 15:10:00+05:30,1047.6235499999998,3.5235499999998865,1044.1,1054.6706499999996,2026-07-23 15:10:00+05:30,STOP_LOSS,0.75,1.0,True,2026-07-23 15:20:00+05:30,True,2026-07-23 15:25:00+05:30,1054.97645,5.045039803607404,True,2026-07-27 09:15:00+05:30,True,True,True,False,False
31,2026-07-23,BUY,2026-07-23 15:05:00+05:30,2026-07-23 15:10:00+05:30,1047.6235499999998,3.5235499999998865,1044.1,1054.6706499999996,2026-07-23 15:10:00+05:30,STOP_LOSS,1.0,0.25,True,2026-07-23 15:20:00+05:30,True,2026-07-23 15:25:00+05:30,1057.6191125,5.045039803607404,True,2026-07-27 09:15:00+05:30,True,True,True,False,False
31,2026-07-23,BUY,2026-07-23 15:05:00+05:30,2026-07-23 15:10:00+05:30,1047.6235499999998,3.5235499999998865,1044.1,1054.6706499999996,2026-07-23 15:10:00+05:30,STOP_LOSS,1.0,0.5,True,2026-07-23 15:20:00+05:30,True,2026-07-23 15:25:00+05:30,1056.738225,5.045039803607404,True,2026-07-27 09:15:00+05:30,True,True,True,False,False
31,2026-07-23,BUY,2026-07-23 15:05:00+05:30,2026-07-23 15:10:00+05:30,1047.6235499999998,3.5235499999998865,1044.1,1054.6706499999996,2026-07-23 15:10:00+05:30,STOP_LOSS,1.0,0.75,True,2026-07-23 15:20:00+05:30,True,2026-07-23 15:25:00+05:30,1055.8573375,5.045039803607404,True,2026-07-27 09:15:00+05:30,True,True,True,False,False
31,2026-07-23,BUY,2026-07-23 15:05:00+05:30,2026-07-23 15:10:00+05:30,1047.6235499999998,3.5235499999998865,1044.1,1054.6706499999996,2026-07-23 15:10:00+05:30,STOP_LOSS,1.0,1.0,True,2026-07-23 15:20:00+05:30,True,2026-07-23 15:25:00+05:30,1054.97645,5.045039803607404,True,2026-07-27 09:15:00+05:30,True,True,True,False,False
31,2026-07-23,BUY,2026-07-23 15:05:00+05:30,2026-07-23 15:10:00+05:30,1047.6235499999998,3.5235499999998865,1044.1,1054.6706499999996,2026-07-23 15:10:00+05:30,STOP_LOSS,1.25,0.25,True,2026-07-23 15:25:00+05:30,True,2026-07-24 09:15:00+05:30,1057.6191125,5.045039803607404,True,2026-07-27 09:15:00+05:30,True,True,True,False,False
31,2026-07-23,BUY,2026-07-23 15:05:00+05:30,2026-07-23 15:10:00+05:30,1047.6235499999998,3.5235499999998865,1044.1,1054.6706499999996,2026-07-23 15:10:00+05:30,STOP_LOSS,1.25,0.5,True,2026-07-23 15:25:00+05:30,True,2026-07-24 09:15:00+05:30,1056.738225,5.045039803607404,True,2026-07-27 09:15:00+05:30,True,True,True,False,False
31,2026-07-23,BUY,2026-07-23 15:05:00+05:30,2026-07-23 15:10:00+05:30,1047.6235499999998,3.5235499999998865,1044.1,1054.6706499999996,2026-07-23 15:10:00+05:30,STOP_LOSS,1.25,0.75,True,2026-07-23 15:25:00+05:30,True,2026-07-24 09:15:00+05:30,1055.8573375,5.045039803607404,True,2026-07-27 09:15:00+05:30,True,True,True,False,False
31,2026-07-23,BUY,2026-07-23 15:05:00+05:30,2026-07-23 15:10:00+05:30,1047.6235499999998,3.5235499999998865,1044.1,1054.6706499999996,2026-07-23 15:10:00+05:30,STOP_LOSS,1.25,1.0,True,2026-07-23 15:25:00+05:30,True,2026-07-24 09:15:00+05:30,1054.97645,5.045039803607404,True,2026-07-27 09:15:00+05:30,True,True,True,False,False
31,2026-07-23,BUY,2026-07-23 15:05:00+05:30,2026-07-23 15:10:00+05:30,1047.6235499999998,3.5235499999998865,1044.1,1054.6706499999996,2026-07-23 15:10:00+05:30,STOP_LOSS,1.5,0.25,True,2026-07-23 15:25:00+05:30,True,2026-07-24 09:15:00+05:30,1057.6191125,5.045039803607404,True,2026-07-27 09:15:00+05:30,True,True,True,False,False
31,2026-07-23,BUY,2026-07-23 15:05:00+05:30,2026-07-23 15:10:00+05:30,1047.6235499999998,3.5235499999998865,1044.1,1054.6706499999996,2026-07-23 15:10:00+05:30,STOP_LOSS,1.5,0.5,True,2026-07-23 15:25:00+05:30,True,2026-07-24 09:15:00+05:30,1056.738225,5.045039803607404,True,2026-07-27 09:15:00+05:30,True,True,True,False,False
31,2026-07-23,BUY,2026-07-23 15:05:00+05:30,2026-07-23 15:10:00+05:30,1047.6235499999998,3.5235499999998865,1044.1,1054.6706499999996,2026-07-23 15:10:00+05:30,STOP_LOSS,1.5,0.75,True,2026-07-23 15:25:00+05:30,True,2026-07-24 09:15:00+05:30,1055.8573375,5.045039803607404,True,2026-07-27 09:15:00+05:30,True,True,True,False,False
31,2026-07-23,BUY,2026-07-23 15:05:00+05:30,2026-07-23 15:10:00+05:30,1047.6235499999998,3.5235499999998865,1044.1,1054.6706499999996,2026-07-23 15:10:00+05:30,STOP_LOSS,1.5,1.0,True,2026-07-23 15:25:00+05:30,True,2026-07-24 09:15:00+05:30,1054.97645,5.045039803607404,True,2026-07-27 09:15:00+05:30,True,True,True,False,False
32,2026-07-23,BUY,2026-07-23 15:20:00+05:30,2026-07-23 15:25:00+05:30,1051.22535,5.025349999999889,1046.2,1061.2760499999995,2026-07-23 15:25:00+05:30,END_OF_DAY,0.5,0.25,True,2026-07-23 15:25:00+05:30,True,2026-07-24 09:15:00+05:30,1057.2436625,2.820629408896986,True,2026-07-27 09:15:00+05:30,True,True,False,True,False
32,2026-07-23,BUY,2026-07-23 15:20:00+05:30,2026-07-23 15:25:00+05:30,1051.22535,5.025349999999889,1046.2,1061.2760499999995,2026-07-23 15:25:00+05:30,END_OF_DAY,0.5,0.5,True,2026-07-23 15:25:00+05:30,True,2026-07-24 09:15:00+05:30,1055.987325,2.820629408896986,True,2026-07-27 09:15:00+05:30,True,True,False,True,False
32,2026-07-23,BUY,2026-07-23 15:20:00+05:30,2026-07-23 15:25:00+05:30,1051.22535,5.025349999999889,1046.2,1061.2760499999995,2026-07-23 15:25:00+05:30,END_OF_DAY,0.5,0.75,True,2026-07-23 15:25:00+05:30,True,2026-07-24 09:15:00+05:30,1054.7309875,2.820629408896986,True,2026-07-27 09:15:00+05:30,True,True,False,True,False
32,2026-07-23,BUY,2026-07-23 15:20:00+05:30,2026-07-23 15:25:00+05:30,1051.22535,5.025349999999889,1046.2,1061.2760499999995,2026-07-23 15:25:00+05:30,END_OF_DAY,0.5,1.0,True,2026-07-23 15:25:00+05:30,True,2026-07-24 09:15:00+05:30,1053.47465,2.820629408896986,True,2026-07-27 09:15:00+05:30,True,True,False,True,False
32,2026-07-23,BUY,2026-07-23 15:20:00+05:30,2026-07-23 15:25:00+05:30,1051.22535,5.025349999999889,1046.2,1061.2760499999995,2026-07-23 15:25:00+05:30,END_OF_DAY,0.75,0.25,True,2026-07-23 15:25:00+05:30,True,2026-07-24 09:15:00+05:30,1057.2436625,2.820629408896986,True,2026-07-27 09:15:00+05:30,True,True,False,True,False
32,2026-07-23,BUY,2026-07-23 15:20:00+05:30,2026-07-23 15:25:00+05:30,1051.22535,5.025349999999889,1046.2,1061.2760499999995,2026-07-23 15:25:00+05:30,END_OF_DAY,0.75,0.5,True,2026-07-23 15:25:00+05:30,True,2026-07-24 09:15:00+05:30,1055.987325,2.820629408896986,True,2026-07-27 09:15:00+05:30,True,True,False,True,False
32,2026-07-23,BUY,2026-07-23 15:20:00+05:30,2026-07-23 15:25:00+05:30,1051.22535,5.025349999999889,1046.2,1061.2760499999995,2026-07-23 15:25:00+05:30,END_OF_DAY,0.75,0.75,True,2026-07-23 15:25:00+05:30,True,2026-07-24 09:15:00+05:30,1054.7309875,2.820629408896986,True,2026-07-27 09:15:00+05:30,True,True,False,True,False
32,2026-07-23,BUY,2026-07-23 15:20:00+05:30,2026-07-23 15:25:00+05:30,1051.22535,5.025349999999889,1046.2,1061.2760499999995,2026-07-23 15:25:00+05:30,END_OF_DAY,0.75,1.0,True,2026-07-23 15:25:00+05:30,True,2026-07-24 09:15:00+05:30,1053.47465,2.820629408896986,True,2026-07-27 09:15:00+05:30,True,True,False,True,False
32,2026-07-23,BUY,2026-07-23 15:20:00+05:30,2026-07-23 15:25:00+05:30,1051.22535,5.025349999999889,1046.2,1061.2760499999995,2026-07-23 15:25:00+05:30,END_OF_DAY,1.0,0.25,True,2026-07-23 15:25:00+05:30,True,2026-07-24 09:15:00+05:30,1057.2436625,2.820629408896986,True,2026-07-27 09:15:00+05:30,True,True,False,True,False
32,2026-07-23,BUY,2026-07-23 15:20:00+05:30,2026-07-23 15:25:00+05:30,1051.22535,5.025349999999889,1046.2,1061.2760499999995,2026-07-23 15:25:00+05:30,END_OF_DAY,1.0,0.5,True,2026-07-23 15:25:00+05:30,True,2026-07-24 09:15:00+05:30,1055.987325,2.820629408896986,True,2026-07-27 09:15:00+05:30,True,True,False,True,False
32,2026-07-23,BUY,2026-07-23 15:20:00+05:30,2026-07-23 15:25:00+05:30,1051.22535,5.025349999999889,1046.2,1061.2760499999995,2026-07-23 15:25:00+05:30,END_OF_DAY,1.0,0.75,True,2026-07-23 15:25:00+05:30,True,2026-07-24 09:15:00+05:30,1054.7309875,2.820629408896986,True,2026-07-27 09:15:00+05:30,True,True,False,True,False
32,2026-07-23,BUY,2026-07-23 15:20:00+05:30,2026-07-23 15:25:00+05:30,1051.22535,5.025349999999889,1046.2,1061.2760499999995,2026-07-23 15:25:00+05:30,END_OF_DAY,1.0,1.0,True,2026-07-23 15:25:00+05:30,True,2026-07-24 09:15:00+05:30,1053.47465,2.820629408896986,True,2026-07-27 09:15:00+05:30,True,True,False,True,False
32,2026-07-23,BUY,2026-07-23 15:20:00+05:30,2026-07-23 15:25:00+05:30,1051.22535,5.025349999999889,1046.2,1061.2760499999995,2026-07-23 15:25:00+05:30,END_OF_DAY,1.25,0.25,True,2026-07-23 15:25:00+05:30,True,2026-07-24 09:15:00+05:30,1057.2436625,2.820629408896986,True,2026-07-27 09:15:00+05:30,True,True,False,True,False
32,2026-07-23,BUY,2026-07-23 15:20:00+05:30,2026-07-23 15:25:00+05:30,1051.22535,5.025349999999889,1046.2,1061.2760499999995,2026-07-23 15:25:00+05:30,END_OF_DAY,1.25,0.5,True,2026-07-23 15:25:00+05:30,True,2026-07-24 09:15:00+05:30,1055.987325,2.820629408896986,True,2026-07-27 09:15:00+05:30,True,True,False,True,False
32,2026-07-23,BUY,2026-07-23 15:20:00+05:30,2026-07-23 15:25:00+05:30,1051.22535,5.025349999999889,1046.2,1061.2760499999995,2026-07-23 15:25:00+05:30,END_OF_DAY,1.25,0.75,True,2026-07-23 15:25:00+05:30,True,2026-07-24 09:15:00+05:30,1054.7309875,2.820629408896986,True,2026-07-27 09:15:00+05:30,True,True,False,True,False
32,2026-07-23,BUY,2026-07-23 15:20:00+05:30,2026-07-23 15:25:00+05:30,1051.22535,5.025349999999889,1046.2,1061.2760499999995,2026-07-23 15:25:00+05:30,END_OF_DAY,1.25,1.0,True,2026-07-23 15:25:00+05:30,True,2026-07-24 09:15:00+05:30,1053.47465,2.820629408896986,True,2026-07-27 09:15:00+05:30,True,True,False,True,False
32,2026-07-23,BUY,2026-07-23 15:20:00+05:30,2026-07-23 15:25:00+05:30,1051.22535,5.025349999999889,1046.2,1061.2760499999995,2026-07-23 15:25:00+05:30,END_OF_DAY,1.5,0.25,True,2026-07-27 09:15:00+05:30,True,2026-07-27 09:20:00+05:30,1065.1436625000001,4.1339707682053035,True,2026-07-27 09:25:00+05:30,True,False,True,False,False
32,2026-07-23,BUY,2026-07-23 15:20:00+05:30,2026-07-23 15:25:00+05:30,1051.22535,5.025349999999889,1046.2,1061.2760499999995,2026-07-23 15:25:00+05:30,END_OF_DAY,1.5,0.5,True,2026-07-27 09:15:00+05:30,True,2026-07-27 09:20:00+05:30,1063.8873250000001,4.1339707682053035,True,2026-07-27 09:25:00+05:30,True,False,True,False,False
32,2026-07-23,BUY,2026-07-23 15:20:00+05:30,2026-07-23 15:25:00+05:30,1051.22535,5.025349999999889,1046.2,1061.2760499999995,2026-07-23 15:25:00+05:30,END_OF_DAY,1.5,0.75,True,2026-07-27 09:15:00+05:30,True,2026-07-27 09:20:00+05:30,1062.6309875000002,4.1339707682053035,True,2026-07-27 09:25:00+05:30,True,False,True,False,False
32,2026-07-23,BUY,2026-07-23 15:20:00+05:30,2026-07-23 15:25:00+05:30,1051.22535,5.025349999999889,1046.2,1061.2760499999995,2026-07-23 15:25:00+05:30,END_OF_DAY,1.5,1.0,True,2026-07-27 09:15:00+05:30,True,2026-07-27 09:20:00+05:30,1061.3746500000002,4.1339707682053035,True,2026-07-27 09:25:00+05:30,True,False,True,False,False
33,2026-07-24,SELL,2026-07-24 10:25:00+05:30,2026-07-24 10:30:00+05:30,1021.98875,4.611249999999927,1026.6,1012.76625,2026-07-24 11:40:00+05:30,STOP_LOSS,0.5,0.25,True,2026-07-24 10:30:00+05:30,True,2026-07-24 10:35:00+05:30,1020.1528125,1.7541339116291965,False,,False,True,False,False,False
33,2026-07-24,SELL,2026-07-24 10:25:00+05:30,2026-07-24 10:30:00+05:30,1021.98875,4.611249999999927,1026.6,1012.76625,2026-07-24 11:40:00+05:30,STOP_LOSS,0.5,0.5,True,2026-07-24 10:30:00+05:30,True,2026-07-24 10:35:00+05:30,1021.305625,1.7541339116291965,False,,False,True,False,False,False
33,2026-07-24,SELL,2026-07-24 10:25:00+05:30,2026-07-24 10:30:00+05:30,1021.98875,4.611249999999927,1026.6,1012.76625,2026-07-24 11:40:00+05:30,STOP_LOSS,0.5,0.75,True,2026-07-24 10:30:00+05:30,True,2026-07-24 10:35:00+05:30,1022.4584375,1.7541339116291965,False,,False,True,False,False,False
33,2026-07-24,SELL,2026-07-24 10:25:00+05:30,2026-07-24 10:30:00+05:30,1021.98875,4.611249999999927,1026.6,1012.76625,2026-07-24 11:40:00+05:30,STOP_LOSS,0.5,1.0,True,2026-07-24 10:30:00+05:30,True,2026-07-24 10:35:00+05:30,1023.6112499999999,1.7541339116291965,False,,False,True,False,False,False
33,2026-07-24,SELL,2026-07-24 10:25:00+05:30,2026-07-24 10:30:00+05:30,1021.98875,4.611249999999927,1026.6,1012.76625,2026-07-24 11:40:00+05:30,STOP_LOSS,0.75,0.25,True,2026-07-24 11:05:00+05:30,True,2026-07-24 11:10:00+05:30,1019.3528125,1.7541339116291965,False,,False,True,False,False,False
33,2026-07-24,SELL,2026-07-24 10:25:00+05:30,2026-07-24 10:30:00+05:30,1021.98875,4.611249999999927,1026.6,1012.76625,2026-07-24 11:40:00+05:30,STOP_LOSS,0.75,0.5,True,2026-07-24 11:05:00+05:30,True,2026-07-24 11:15:00+05:30,1020.505625,1.7541339116291965,False,,False,True,False,False,False
33,2026-07-24,SELL,2026-07-24 10:25:00+05:30,2026-07-24 10:30:00+05:30,1021.98875,4.611249999999927,1026.6,1012.76625,2026-07-24 11:40:00+05:30,STOP_LOSS,0.75,0.75,True,2026-07-24 11:05:00+05:30,True,2026-07-24 11:30:00+05:30,1017.3584374999999,1.7541339116291965,False,,False,True,False,False,False
33,2026-07-24,SELL,2026-07-24 10:25:00+05:30,2026-07-24 10:30:00+05:30,1021.98875,4.611249999999927,1026.6,1012.76625,2026-07-24 11:40:00+05:30,STOP_LOSS,0.75,1.0,True,2026-07-24 11:05:00+05:30,True,2026-07-24 11:40:00+05:30,1018.5112499999999,1.7541339116291965,False,,False,True,False,False,False
33,2026-07-24,SELL,2026-07-24 10:25:00+05:30,2026-07-24 10:30:00+05:30,1021.98875,4.611249999999927,1026.6,1012.76625,2026-07-24 11:40:00+05:30,STOP_LOSS,1.0,0.25,True,2026-07-24 11:25:00+05:30,True,2026-07-24 11:30:00+05:30,1015.0528125,1.7541339116291965,False,,False,True,False,False,False
33,2026-07-24,SELL,2026-07-24 10:25:00+05:30,2026-07-24 10:30:00+05:30,1021.98875,4.611249999999927,1026.6,1012.76625,2026-07-24 11:40:00+05:30,STOP_LOSS,1.0,0.5,True,2026-07-24 11:25:00+05:30,True,2026-07-24 11:30:00+05:30,1016.2056249999999,1.7541339116291965,False,,False,True,False,False,False
33,2026-07-24,SELL,2026-07-24 10:25:00+05:30,2026-07-24 10:30:00+05:30,1021.98875,4.611249999999927,1026.6,1012.76625,2026-07-24 11:40:00+05:30,STOP_LOSS,1.0,0.75,True,2026-07-24 11:25:00+05:30,True,2026-07-24 11:30:00+05:30,1017.3584374999999,1.7541339116291965,False,,False,True,False,False,False
33,2026-07-24,SELL,2026-07-24 10:25:00+05:30,2026-07-24 10:30:00+05:30,1021.98875,4.611249999999927,1026.6,1012.76625,2026-07-24 11:40:00+05:30,STOP_LOSS,1.0,1.0,True,2026-07-24 11:25:00+05:30,True,2026-07-24 11:40:00+05:30,1018.5112499999999,1.7541339116291965,False,,False,True,False,False,False
33,2026-07-24,SELL,2026-07-24 10:25:00+05:30,2026-07-24 10:30:00+05:30,1021.98875,4.611249999999927,1026.6,1012.76625,2026-07-24 11:40:00+05:30,STOP_LOSS,1.25,0.25,True,2026-07-24 11:25:00+05:30,True,2026-07-24 11:30:00+05:30,1015.0528125,1.7541339116291965,False,,False,True,False,False,False
33,2026-07-24,SELL,2026-07-24 10:25:00+05:30,2026-07-24 10:30:00+05:30,1021.98875,4.611249999999927,1026.6,1012.76625,2026-07-24 11:40:00+05:30,STOP_LOSS,1.25,0.5,True,2026-07-24 11:25:00+05:30,True,2026-07-24 11:30:00+05:30,1016.2056249999999,1.7541339116291965,False,,False,True,False,False,False
33,2026-07-24,SELL,2026-07-24 10:25:00+05:30,2026-07-24 10:30:00+05:30,1021.98875,4.611249999999927,1026.6,1012.76625,2026-07-24 11:40:00+05:30,STOP_LOSS,1.25,0.75,True,2026-07-24 11:25:00+05:30,True,2026-07-24 11:30:00+05:30,1017.3584374999999,1.7541339116291965,False,,False,True,False,False,False
33,2026-07-24,SELL,2026-07-24 10:25:00+05:30,2026-07-24 10:30:00+05:30,1021.98875,4.611249999999927,1026.6,1012.76625,2026-07-24 11:40:00+05:30,STOP_LOSS,1.25,1.0,True,2026-07-24 11:25:00+05:30,True,2026-07-24 11:40:00+05:30,1018.5112499999999,1.7541339116291965,False,,False,True,False,False,False
33,2026-07-24,SELL,2026-07-24 10:25:00+05:30,2026-07-24 10:30:00+05:30,1021.98875,4.611249999999927,1026.6,1012.76625,2026-07-24 11:40:00+05:30,STOP_LOSS,1.5,0.25,True,2026-07-24 11:30:00+05:30,True,2026-07-24 11:35:00+05:30,1015.0528125,1.7541339116291965,False,,False,True,False,False,False
33,2026-07-24,SELL,2026-07-24 10:25:00+05:30,2026-07-24 10:30:00+05:30,1021.98875,4.611249999999927,1026.6,1012.76625,2026-07-24 11:40:00+05:30,STOP_LOSS,1.5,0.5,True,2026-07-24 11:30:00+05:30,True,2026-07-24 11:35:00+05:30,1016.2056249999999,1.7541339116291965,False,,False,True,False,False,False
33,2026-07-24,SELL,2026-07-24 10:25:00+05:30,2026-07-24 10:30:00+05:30,1021.98875,4.611249999999927,1026.6,1012.76625,2026-07-24 11:40:00+05:30,STOP_LOSS,1.5,0.75,True,2026-07-24 11:30:00+05:30,True,2026-07-24 11:35:00+05:30,1017.3584374999999,1.7541339116291965,False,,False,True,False,False,False
33,2026-07-24,SELL,2026-07-24 10:25:00+05:30,2026-07-24 10:30:00+05:30,1021.98875,4.611249999999927,1026.6,1012.76625,2026-07-24 11:40:00+05:30,STOP_LOSS,1.5,1.0,True,2026-07-24 11:30:00+05:30,True,2026-07-24 11:40:00+05:30,1018.5112499999999,1.7541339116291965,False,,False,True,False,False,False
34,2026-07-27,BUY,2026-07-27 09:30:00+05:30,2026-07-27 09:35:00+05:30,1075.03725,6.0372500000000855,1069.0,1087.1117500000005,2026-07-27 13:30:00+05:30,STOP_LOSS,0.5,0.25,True,2026-07-27 11:00:00+05:30,True,2026-07-27 11:05:00+05:30,1078.4906875,5.7911714770797005,True,2026-07-28 09:15:00+05:30,False,False,False,True,True
34,2026-07-27,BUY,2026-07-27 09:30:00+05:30,2026-07-27 09:35:00+05:30,1075.03725,6.0372500000000855,1069.0,1087.1117500000005,2026-07-27 13:30:00+05:30,STOP_LOSS,0.5,0.5,True,2026-07-27 11:00:00+05:30,True,2026-07-27 11:05:00+05:30,1076.9813749999998,5.7911714770797005,True,2026-07-28 09:15:00+05:30,False,False,False,True,True
34,2026-07-27,BUY,2026-07-27 09:30:00+05:30,2026-07-27 09:35:00+05:30,1075.03725,6.0372500000000855,1069.0,1087.1117500000005,2026-07-27 13:30:00+05:30,STOP_LOSS,0.5,0.75,True,2026-07-27 11:00:00+05:30,True,2026-07-27 11:15:00+05:30,1075.4720625,5.7911714770797005,True,2026-07-28 09:15:00+05:30,False,False,False,True,True
34,2026-07-27,BUY,2026-07-27 09:30:00+05:30,2026-07-27 09:35:00+05:30,1075.03725,6.0372500000000855,1069.0,1087.1117500000005,2026-07-27 13:30:00+05:30,STOP_LOSS,0.5,1.0,True,2026-07-27 11:00:00+05:30,True,2026-07-28 09:15:00+05:30,1103.96275,5.7911714770797005,True,2026-07-28 09:20:00+05:30,False,False,True,False,False
34,2026-07-27,BUY,2026-07-27 09:30:00+05:30,2026-07-27 09:35:00+05:30,1075.03725,6.0372500000000855,1069.0,1087.1117500000005,2026-07-27 13:30:00+05:30,STOP_LOSS,0.75,0.25,True,2026-07-27 11:00:00+05:30,True,2026-07-27 11:05:00+05:30,1078.4906875,5.7911714770797005,True,2026-07-28 09:15:00+05:30,False,False,False,True,True
34,2026-07-27,BUY,2026-07-27 09:30:00+05:30,2026-07-27 09:35:00+05:30,1075.03725,6.0372500000000855,1069.0,1087.1117500000005,2026-07-27 13:30:00+05:30,STOP_LOSS,0.75,0.5,True,2026-07-27 11:00:00+05:30,True,2026-07-27 11:05:00+05:30,1076.9813749999998,5.7911714770797005,True,2026-07-28 09:15:00+05:30,False,False,False,True,True
34,2026-07-27,BUY,2026-07-27 09:30:00+05:30,2026-07-27 09:35:00+05:30,1075.03725,6.0372500000000855,1069.0,1087.1117500000005,2026-07-27 13:30:00+05:30,STOP_LOSS,0.75,0.75,True,2026-07-27 11:00:00+05:30,True,2026-07-27 11:15:00+05:30,1075.4720625,5.7911714770797005,True,2026-07-28 09:15:00+05:30,False,False,False,True,True
34,2026-07-27,BUY,2026-07-27 09:30:00+05:30,2026-07-27 09:35:00+05:30,1075.03725,6.0372500000000855,1069.0,1087.1117500000005,2026-07-27 13:30:00+05:30,STOP_LOSS,0.75,1.0,True,2026-07-27 11:00:00+05:30,True,2026-07-28 09:15:00+05:30,1103.96275,5.7911714770797005,True,2026-07-28 09:20:00+05:30,False,False,True,False,False
34,2026-07-27,BUY,2026-07-27 09:30:00+05:30,2026-07-27 09:35:00+05:30,1075.03725,6.0372500000000855,1069.0,1087.1117500000005,2026-07-27 13:30:00+05:30,STOP_LOSS,1.0,0.25,True,2026-07-27 13:05:00+05:30,True,2026-07-27 13:10:00+05:30,1080.4906875,5.7911714770797005,True,2026-07-28 09:15:00+05:30,False,False,False,True,True
34,2026-07-27,BUY,2026-07-27 09:30:00+05:30,2026-07-27 09:35:00+05:30,1075.03725,6.0372500000000855,1069.0,1087.1117500000005,2026-07-27 13:30:00+05:30,STOP_LOSS,1.0,0.5,True,2026-07-27 13:05:00+05:30,True,2026-07-27 13:25:00+05:30,1078.9813749999998,5.7911714770797005,True,2026-07-28 09:15:00+05:30,False,False,False,True,True
34,2026-07-27,BUY,2026-07-27 09:30:00+05:30,2026-07-27 09:35:00+05:30,1075.03725,6.0372500000000855,1069.0,1087.1117500000005,2026-07-27 13:30:00+05:30,STOP_LOSS,1.0,0.75,True,2026-07-27 13:05:00+05:30,True,2026-07-27 13:30:00+05:30,1077.4720625,5.7911714770797005,True,2026-07-28 09:15:00+05:30,False,False,False,True,True
34,2026-07-27,BUY,2026-07-27 09:30:00+05:30,2026-07-27 09:35:00+05:30,1075.03725,6.0372500000000855,1069.0,1087.1117500000005,2026-07-27 13:30:00+05:30,STOP_LOSS,1.0,1.0,True,2026-07-27 13:05:00+05:30,True,2026-07-28 09:15:00+05:30,1103.96275,5.7911714770797005,True,2026-07-28 09:20:00+05:30,False,False,True,False,False
34,2026-07-27,BUY,2026-07-27 09:30:00+05:30,2026-07-27 09:35:00+05:30,1075.03725,6.0372500000000855,1069.0,1087.1117500000005,2026-07-27 13:30:00+05:30,STOP_LOSS,1.25,0.25,True,2026-07-28 09:15:00+05:30,True,2026-07-28 09:20:00+05:30,1108.4906875,5.7911714770797005,True,2026-07-28 09:25:00+05:30,False,False,True,False,False
34,2026-07-27,BUY,2026-07-27 09:30:00+05:30,2026-07-27 09:35:00+05:30,1075.03725,6.0372500000000855,1069.0,1087.1117500000005,2026-07-27 13:30:00+05:30,STOP_LOSS,1.25,0.5,True,2026-07-28 09:15:00+05:30,True,2026-07-28 09:20:00+05:30,1106.9813749999998,5.7911714770797005,True,2026-07-28 09:25:00+05:30,False,False,True,False,False
34,2026-07-27,BUY,2026-07-27 09:30:00+05:30,2026-07-27 09:35:00+05:30,1075.03725,6.0372500000000855,1069.0,1087.1117500000005,2026-07-27 13:30:00+05:30,STOP_LOSS,1.25,0.75,True,2026-07-28 09:15:00+05:30,True,2026-07-28 09:20:00+05:30,1105.4720625,5.7911714770797005,True,2026-07-28 09:25:00+05:30,False,False,True,False,False
34,2026-07-27,BUY,2026-07-27 09:30:00+05:30,2026-07-27 09:35:00+05:30,1075.03725,6.0372500000000855,1069.0,1087.1117500000005,2026-07-27 13:30:00+05:30,STOP_LOSS,1.25,1.0,True,2026-07-28 09:15:00+05:30,True,2026-07-28 09:45:00+05:30,1109.7627499999999,6.751873783593406,True,2026-07-28 09:50:00+05:30,False,False,True,False,False
34,2026-07-27,BUY,2026-07-27 09:30:00+05:30,2026-07-27 09:35:00+05:30,1075.03725,6.0372500000000855,1069.0,1087.1117500000005,2026-07-27 13:30:00+05:30,STOP_LOSS,1.5,0.25,True,2026-07-28 09:15:00+05:30,True,2026-07-28 09:20:00+05:30,1108.4906875,5.7911714770797005,True,2026-07-28 09:25:00+05:30,False,False,True,False,False
34,2026-07-27,BUY,2026-07-27 09:30:00+05:30,2026-07-27 09:35:00+05:30,1075.03725,6.0372500000000855,1069.0,1087.1117500000005,2026-07-27 13:30:00+05:30,STOP_LOSS,1.5,0.5,True,2026-07-28 09:15:00+05:30,True,2026-07-28 09:20:00+05:30,1106.9813749999998,5.7911714770797005,True,2026-07-28 09:25:00+05:30,False,False,True,False,False
34,2026-07-27,BUY,2026-07-27 09:30:00+05:30,2026-07-27 09:35:00+05:30,1075.03725,6.0372500000000855,1069.0,1087.1117500000005,2026-07-27 13:30:00+05:30,STOP_LOSS,1.5,0.75,True,2026-07-28 09:15:00+05:30,True,2026-07-28 09:20:00+05:30,1105.4720625,5.7911714770797005,True,2026-07-28 09:25:00+05:30,False,False,True,False,False
34,2026-07-27,BUY,2026-07-27 09:30:00+05:30,2026-07-27 09:35:00+05:30,1075.03725,6.0372500000000855,1069.0,1087.1117500000005,2026-07-27 13:30:00+05:30,STOP_LOSS,1.5,1.0,True,2026-07-28 09:15:00+05:30,True,2026-07-28 09:45:00+05:30,1109.7627499999999,6.751873783593406,True,2026-07-28 09:50:00+05:30,False,False,True,False,False
35,2026-07-28,BUY,2026-07-28 09:30:00+05:30,2026-07-28 09:35:00+05:30,1110.6550499999998,4.955049999999801,1105.7,1120.5651499999994,2026-07-28 11:15:00+05:30,STOP_LOSS,0.5,0.25,True,2026-07-28 09:40:00+05:30,True,2026-07-28 09:45:00+05:30,1114.5612375,8.344002583223542,True,2026-07-29 09:15:00+05:30,False,True,False,True,False
35,2026-07-28,BUY,2026-07-28 09:30:00+05:30,2026-07-28 09:35:00+05:30,1110.6550499999998,4.955049999999801,1105.7,1120.5651499999994,2026-07-28 11:15:00+05:30,STOP_LOSS,0.5,0.5,True,2026-07-28 09:40:00+05:30,True,2026-07-28 09:45:00+05:30,1113.322475,8.344002583223542,True,2026-07-29 09:15:00+05:30,False,True,False,True,False
35,2026-07-28,BUY,2026-07-28 09:30:00+05:30,2026-07-28 09:35:00+05:30,1110.6550499999998,4.955049999999801,1105.7,1120.5651499999994,2026-07-28 11:15:00+05:30,STOP_LOSS,0.5,0.75,True,2026-07-28 09:40:00+05:30,True,2026-07-28 09:45:00+05:30,1112.0837125,8.344002583223542,True,2026-07-29 09:15:00+05:30,False,True,False,True,False
35,2026-07-28,BUY,2026-07-28 09:30:00+05:30,2026-07-28 09:35:00+05:30,1110.6550499999998,4.955049999999801,1105.7,1120.5651499999994,2026-07-28 11:15:00+05:30,STOP_LOSS,0.5,1.0,True,2026-07-28 09:40:00+05:30,True,2026-07-28 09:45:00+05:30,1110.8449500000002,8.344002583223542,True,2026-07-29 09:15:00+05:30,False,True,False,True,False
35,2026-07-28,BUY,2026-07-28 09:30:00+05:30,2026-07-28 09:35:00+05:30,1110.6550499999998,4.955049999999801,1105.7,1120.5651499999994,2026-07-28 11:15:00+05:30,STOP_LOSS,0.75,0.25,True,2026-07-28 09:40:00+05:30,True,2026-07-28 09:45:00+05:30,1114.5612375,8.344002583223542,True,2026-07-29 09:15:00+05:30,False,True,False,True,False
35,2026-07-28,BUY,2026-07-28 09:30:00+05:30,2026-07-28 09:35:00+05:30,1110.6550499999998,4.955049999999801,1105.7,1120.5651499999994,2026-07-28 11:15:00+05:30,STOP_LOSS,0.75,0.5,True,2026-07-28 09:40:00+05:30,True,2026-07-28 09:45:00+05:30,1113.322475,8.344002583223542,True,2026-07-29 09:15:00+05:30,False,True,False,True,False
35,2026-07-28,BUY,2026-07-28 09:30:00+05:30,2026-07-28 09:35:00+05:30,1110.6550499999998,4.955049999999801,1105.7,1120.5651499999994,2026-07-28 11:15:00+05:30,STOP_LOSS,0.75,0.75,True,2026-07-28 09:40:00+05:30,True,2026-07-28 09:45:00+05:30,1112.0837125,8.344002583223542,True,2026-07-29 09:15:00+05:30,False,True,False,True,False
35,2026-07-28,BUY,2026-07-28 09:30:00+05:30,2026-07-28 09:35:00+05:30,1110.6550499999998,4.955049999999801,1105.7,1120.5651499999994,2026-07-28 11:15:00+05:30,STOP_LOSS,0.75,1.0,True,2026-07-28 09:40:00+05:30,True,2026-07-28 09:45:00+05:30,1110.8449500000002,8.344002583223542,True,2026-07-29 09:15:00+05:30,False,True,False,True,False
35,2026-07-28,BUY,2026-07-28 09:30:00+05:30,2026-07-28 09:35:00+05:30,1110.6550499999998,4.955049999999801,1105.7,1120.5651499999994,2026-07-28 11:15:00+05:30,STOP_LOSS,1.0,0.25,True,2026-07-28 09:40:00+05:30,True,2026-07-28 09:45:00+05:30,1114.5612375,8.344002583223542,True,2026-07-29 09:15:00+05:30,False,True,False,True,False
35,2026-07-28,BUY,2026-07-28 09:30:00+05:30,2026-07-28 09:35:00+05:30,1110.6550499999998,4.955049999999801,1105.7,1120.5651499999994,2026-07-28 11:15:00+05:30,STOP_LOSS,1.0,0.5,True,2026-07-28 09:40:00+05:30,True,2026-07-28 09:45:00+05:30,1113.322475,8.344002583223542,True,2026-07-29 09:15:00+05:30,False,True,False,True,False
35,2026-07-28,BUY,2026-07-28 09:30:00+05:30,2026-07-28 09:35:00+05:30,1110.6550499999998,4.955049999999801,1105.7,1120.5651499999994,2026-07-28 11:15:00+05:30,STOP_LOSS,1.0,0.75,True,2026-07-28 09:40:00+05:30,True,2026-07-28 09:45:00+05:30,1112.0837125,8.344002583223542,True,2026-07-29 09:15:00+05:30,False,True,False,True,False
35,2026-07-28,BUY,2026-07-28 09:30:00+05:30,2026-07-28 09:35:00+05:30,1110.6550499999998,4.955049999999801,1105.7,1120.5651499999994,2026-07-28 11:15:00+05:30,STOP_LOSS,1.0,1.0,True,2026-07-28 09:40:00+05:30,True,2026-07-28 09:45:00+05:30,1110.8449500000002,8.344002583223542,True,2026-07-29 09:15:00+05:30,False,True,False,True,False
35,2026-07-28,BUY,2026-07-28 09:30:00+05:30,2026-07-28 09:35:00+05:30,1110.6550499999998,4.955049999999801,1105.7,1120.5651499999994,2026-07-28 11:15:00+05:30,STOP_LOSS,1.25,0.25,True,2026-07-28 12:10:00+05:30,True,2026-07-28 12:15:00+05:30,1117.2612375,8.344002583223542,True,2026-07-29 09:15:00+05:30,True,True,False,True,False
35,2026-07-28,BUY,2026-07-28 09:30:00+05:30,2026-07-28 09:35:00+05:30,1110.6550499999998,4.955049999999801,1105.7,1120.5651499999994,2026-07-28 11:15:00+05:30,STOP_LOSS,1.25,0.5,True,2026-07-28 12:10:00+05:30,True,2026-07-28 12:15:00+05:30,1116.0224750000002,8.344002583223542,True,2026-07-29 09:15:00+05:30,True,True,False,True,False
35,2026-07-28,BUY,2026-07-28 09:30:00+05:30,2026-07-28 09:35:00+05:30,1110.6550499999998,4.955049999999801,1105.7,1120.5651499999994,2026-07-28 11:15:00+05:30,STOP_LOSS,1.25,0.75,True,2026-07-28 12:10:00+05:30,True,2026-07-28 12:15:00+05:30,1114.7837125,8.344002583223542,True,2026-07-29 09:15:00+05:30,True,True,False,True,False
35,2026-07-28,BUY,2026-07-28 09:30:00+05:30,2026-07-28 09:35:00+05:30,1110.6550499999998,4.955049999999801,1105.7,1120.5651499999994,2026-07-28 11:15:00+05:30,STOP_LOSS,1.25,1.0,True,2026-07-28 12:10:00+05:30,True,2026-07-28 12:20:00+05:30,1113.5449500000002,8.344002583223542,True,2026-07-29 09:15:00+05:30,True,True,False,True,False
35,2026-07-28,BUY,2026-07-28 09:30:00+05:30,2026-07-28 09:35:00+05:30,1110.6550499999998,4.955049999999801,1105.7,1120.5651499999994,2026-07-28 11:15:00+05:30,STOP_LOSS,1.5,0.25,True,2026-07-28 12:10:00+05:30,True,2026-07-28 12:15:00+05:30,1117.2612375,8.344002583223542,True,2026-07-29 09:15:00+05:30,True,True,False,True,False
35,2026-07-28,BUY,2026-07-28 09:30:00+05:30,2026-07-28 09:35:00+05:30,1110.6550499999998,4.955049999999801,1105.7,1120.5651499999994,2026-07-28 11:15:00+05:30,STOP_LOSS,1.5,0.5,True,2026-07-28 12:10:00+05:30,True,2026-07-28 12:15:00+05:30,1116.0224750000002,8.344002583223542,True,2026-07-29 09:15:00+05:30,True,True,False,True,False
35,2026-07-28,BUY,2026-07-28 09:30:00+05:30,2026-07-28 09:35:00+05:30,1110.6550499999998,4.955049999999801,1105.7,1120.5651499999994,2026-07-28 11:15:00+05:30,STOP_LOSS,1.5,0.75,True,2026-07-28 12:10:00+05:30,True,2026-07-28 12:15:00+05:30,1114.7837125,8.344002583223542,True,2026-07-29 09:15:00+05:30,True,True,False,True,False
35,2026-07-28,BUY,2026-07-28 09:30:00+05:30,2026-07-28 09:35:00+05:30,1110.6550499999998,4.955049999999801,1105.7,1120.5651499999994,2026-07-28 11:15:00+05:30,STOP_LOSS,1.5,1.0,True,2026-07-28 12:10:00+05:30,True,2026-07-28 12:20:00+05:30,1113.5449500000002,8.344002583223542,True,2026-07-29 09:15:00+05:30,True,True,False,True,False
36,2026-07-28,BUY,2026-07-28 11:45:00+05:30,2026-07-28 11:50:00+05:30,1111.85565,4.855649999999969,1107.0,1121.56695,2026-07-28 12:30:00+05:30,STOP_LOSS,0.5,0.25,True,2026-07-28 12:00:00+05:30,True,2026-07-28 12:05:00+05:30,1113.3860875,8.26755429242229,True,2026-07-29 09:15:00+05:30,False,True,False,True,False
36,2026-07-28,BUY,2026-07-28 11:45:00+05:30,2026-07-28 11:50:00+05:30,1111.85565,4.855649999999969,1107.0,1121.56695,2026-07-28 12:30:00+05:30,STOP_LOSS,0.5,0.5,True,2026-07-28 12:00:00+05:30,True,2026-07-28 12:10:00+05:30,1116.072175,8.26755429242229,True,2026-07-29 09:15:00+05:30,False,True,False,True,False
36,2026-07-28,BUY,2026-07-28 11:45:00+05:30,2026-07-28 11:50:00+05:30,1111.85565,4.855649999999969,1107.0,1121.56695,2026-07-28 12:30:00+05:30,STOP_LOSS,0.5,0.75,True,2026-07-28 12:00:00+05:30,True,2026-07-28 12:10:00+05:30,1114.8582625,8.26755429242229,True,2026-07-29 09:15:00+05:30,False,True,False,True,False
36,2026-07-28,BUY,2026-07-28 11:45:00+05:30,2026-07-28 11:50:00+05:30,1111.85565,4.855649999999969,1107.0,1121.56695,2026-07-28 12:30:00+05:30,STOP_LOSS,0.5,1.0,True,2026-07-28 12:00:00+05:30,True,2026-07-28 12:20:00+05:30,1113.64435,8.26755429242229,True,2026-07-29 09:15:00+05:30,False,True,False,True,False
36,2026-07-28,BUY,2026-07-28 11:45:00+05:30,2026-07-28 11:50:00+05:30,1111.85565,4.855649999999969,1107.0,1121.56695,2026-07-28 12:30:00+05:30,STOP_LOSS,0.75,0.25,True,2026-07-28 12:10:00+05:30,True,2026-07-28 12:15:00+05:30,1117.2860875000001,8.26755429242229,True,2026-07-29 09:15:00+05:30,False,True,False,True,False
36,2026-07-28,BUY,2026-07-28 11:45:00+05:30,2026-07-28 11:50:00+05:30,1111.85565,4.855649999999969,1107.0,1121.56695,2026-07-28 12:30:00+05:30,STOP_LOSS,0.75,0.5,True,2026-07-28 12:10:00+05:30,True,2026-07-28 12:15:00+05:30,1116.072175,8.26755429242229,True,2026-07-29 09:15:00+05:30,False,True,False,True,False
36,2026-07-28,BUY,2026-07-28 11:45:00+05:30,2026-07-28 11:50:00+05:30,1111.85565,4.855649999999969,1107.0,1121.56695,2026-07-28 12:30:00+05:30,STOP_LOSS,0.75,0.75,True,2026-07-28 12:10:00+05:30,True,2026-07-28 12:15:00+05:30,1114.8582625,8.26755429242229,True,2026-07-29 09:15:00+05:30,False,True,False,True,False
36,2026-07-28,BUY,2026-07-28 11:45:00+05:30,2026-07-28 11:50:00+05:30,1111.85565,4.855649999999969,1107.0,1121.56695,2026-07-28 12:30:00+05:30,STOP_LOSS,0.75,1.0,True,2026-07-28 12:10:00+05:30,True,2026-07-28 12:20:00+05:30,1113.64435,8.26755429242229,True,2026-07-29 09:15:00+05:30,False,True,False,True,False
36,2026-07-28,BUY,2026-07-28 11:45:00+05:30,2026-07-28 11:50:00+05:30,1111.85565,4.855649999999969,1107.0,1121.56695,2026-07-28 12:30:00+05:30,STOP_LOSS,1.0,0.25,True,2026-07-28 12:10:00+05:30,True,2026-07-28 12:15:00+05:30,1117.2860875000001,8.26755429242229,True,2026-07-29 09:15:00+05:30,False,True,False,True,False
36,2026-07-28,BUY,2026-07-28 11:45:00+05:30,2026-07-28 11:50:00+05:30,1111.85565,4.855649999999969,1107.0,1121.56695,2026-07-28 12:30:00+05:30,STOP_LOSS,1.0,0.5,True,2026-07-28 12:10:00+05:30,True,2026-07-28 12:15:00+05:30,1116.072175,8.26755429242229,True,2026-07-29 09:15:00+05:30,False,True,False,True,False
36,2026-07-28,BUY,2026-07-28 11:45:00+05:30,2026-07-28 11:50:00+05:30,1111.85565,4.855649999999969,1107.0,1121.56695,2026-07-28 12:30:00+05:30,STOP_LOSS,1.0,0.75,True,2026-07-28 12:10:00+05:30,True,2026-07-28 12:15:00+05:30,1114.8582625,8.26755429242229,True,2026-07-29 09:15:00+05:30,False,True,False,True,False
36,2026-07-28,BUY,2026-07-28 11:45:00+05:30,2026-07-28 11:50:00+05:30,1111.85565,4.855649999999969,1107.0,1121.56695,2026-07-28 12:30:00+05:30,STOP_LOSS,1.0,1.0,True,2026-07-28 12:10:00+05:30,True,2026-07-28 12:20:00+05:30,1113.64435,8.26755429242229,True,2026-07-29 09:15:00+05:30,False,True,False,True,False
36,2026-07-28,BUY,2026-07-28 11:45:00+05:30,2026-07-28 11:50:00+05:30,1111.85565,4.855649999999969,1107.0,1121.56695,2026-07-28 12:30:00+05:30,STOP_LOSS,1.25,0.25,True,2026-07-28 12:10:00+05:30,True,2026-07-28 12:15:00+05:30,1117.2860875000001,8.26755429242229,True,2026-07-29 09:15:00+05:30,False,True,False,True,False
36,2026-07-28,BUY,2026-07-28 11:45:00+05:30,2026-07-28 11:50:00+05:30,1111.85565,4.855649999999969,1107.0,1121.56695,2026-07-28 12:30:00+05:30,STOP_LOSS,1.25,0.5,True,2026-07-28 12:10:00+05:30,True,2026-07-28 12:15:00+05:30,1116.072175,8.26755429242229,True,2026-07-29 09:15:00+05:30,False,True,False,True,False
36,2026-07-28,BUY,2026-07-28 11:45:00+05:30,2026-07-28 11:50:00+05:30,1111.85565,4.855649999999969,1107.0,1121.56695,2026-07-28 12:30:00+05:30,STOP_LOSS,1.25,0.75,True,2026-07-28 12:10:00+05:30,True,2026-07-28 12:15:00+05:30,1114.8582625,8.26755429242229,True,2026-07-29 09:15:00+05:30,False,True,False,True,False
36,2026-07-28,BUY,2026-07-28 11:45:00+05:30,2026-07-28 11:50:00+05:30,1111.85565,4.855649999999969,1107.0,1121.56695,2026-07-28 12:30:00+05:30,STOP_LOSS,1.25,1.0,True,2026-07-28 12:10:00+05:30,True,2026-07-28 12:20:00+05:30,1113.64435,8.26755429242229,True,2026-07-29 09:15:00+05:30,False,True,False,True,False
36,2026-07-28,BUY,2026-07-28 11:45:00+05:30,2026-07-28 11:50:00+05:30,1111.85565,4.855649999999969,1107.0,1121.56695,2026-07-28 12:30:00+05:30,STOP_LOSS,1.5,0.25,True,2026-07-29 09:15:00+05:30,True,2026-07-29 09:20:00+05:30,1150.7860875000001,8.26755429242229,True,2026-07-29 09:25:00+05:30,True,False,True,False,False
36,2026-07-28,BUY,2026-07-28 11:45:00+05:30,2026-07-28 11:50:00+05:30,1111.85565,4.855649999999969,1107.0,1121.56695,2026-07-28 12:30:00+05:30,STOP_LOSS,1.5,0.5,True,2026-07-29 09:15:00+05:30,True,2026-07-29 09:20:00+05:30,1149.572175,8.26755429242229,True,2026-07-29 09:25:00+05:30,True,False,True,False,False
36,2026-07-28,BUY,2026-07-28 11:45:00+05:30,2026-07-28 11:50:00+05:30,1111.85565,4.855649999999969,1107.0,1121.56695,2026-07-28 12:30:00+05:30,STOP_LOSS,1.5,0.75,True,2026-07-29 09:15:00+05:30,True,2026-07-29 09:20:00+05:30,1148.3582625,8.26755429242229,True,2026-07-29 09:25:00+05:30,True,False,True,False,False
36,2026-07-28,BUY,2026-07-28 11:45:00+05:30,2026-07-28 11:50:00+05:30,1111.85565,4.855649999999969,1107.0,1121.56695,2026-07-28 12:30:00+05:30,STOP_LOSS,1.5,1.0,True,2026-07-29 09:15:00+05:30,True,2026-07-29 09:20:00+05:30,1147.14435,8.26755429242229,True,2026-07-29 09:25:00+05:30,True,False,True,False,False
37,2026-07-29,BUY,2026-07-29 10:20:00+05:30,2026-07-29 10:25:00+05:30,1154.9772,6.977200000000039,1148.0,1168.9316,2026-07-29 11:50:00+05:30,STOP_LOSS,0.5,0.25,True,2026-07-29 10:55:00+05:30,True,2026-07-29 11:00:00+05:30,1159.6557,4.3746488562746935,True,2026-07-30 09:15:00+05:30,False,False,False,True,True
37,2026-07-29,BUY,2026-07-29 10:20:00+05:30,2026-07-29 10:25:00+05:30,1154.9772,6.977200000000039,1148.0,1168.9316,2026-07-29 11:50:00+05:30,STOP_LOSS,0.5,0.5,True,2026-07-29 10:55:00+05:30,True,2026-07-29 11:00:00+05:30,1157.9114,4.3746488562746935,True,2026-07-30 09:15:00+05:30,False,False,False,True,True
37,2026-07-29,BUY,2026-07-29 10:20:00+05:30,2026-07-29 10:25:00+05:30,1154.9772,6.977200000000039,1148.0,1168.9316,2026-07-29 11:50:00+05:30,STOP_LOSS,0.5,0.75,True,2026-07-29 10:55:00+05:30,True,2026-07-29 11:00:00+05:30,1156.1671000000001,4.3746488562746935,True,2026-07-30 09:15:00+05:30,False,False,False,True,True
37,2026-07-29,BUY,2026-07-29 10:20:00+05:30,2026-07-29 10:25:00+05:30,1154.9772,6.977200000000039,1148.0,1168.9316,2026-07-29 11:50:00+05:30,STOP_LOSS,0.5,1.0,True,2026-07-29 10:55:00+05:30,True,2026-07-29 11:35:00+05:30,1157.5228,4.3746488562746935,True,2026-07-30 09:15:00+05:30,False,False,False,True,True
37,2026-07-29,BUY,2026-07-29 10:20:00+05:30,2026-07-29 10:25:00+05:30,1154.9772,6.977200000000039,1148.0,1168.9316,2026-07-29 11:50:00+05:30,STOP_LOSS,0.75,0.25,True,2026-07-29 11:00:00+05:30,True,2026-07-29 11:05:00+05:30,1159.6557,4.3746488562746935,True,2026-07-30 09:15:00+05:30,False,False,False,True,True
37,2026-07-29,BUY,2026-07-29 10:20:00+05:30,2026-07-29 10:25:00+05:30,1154.9772,6.977200000000039,1148.0,1168.9316,2026-07-29 11:50:00+05:30,STOP_LOSS,0.75,0.5,True,2026-07-29 11:00:00+05:30,True,2026-07-29 11:05:00+05:30,1157.9114,4.3746488562746935,True,2026-07-30 09:15:00+05:30,False,False,False,True,True
37,2026-07-29,BUY,2026-07-29 10:20:00+05:30,2026-07-29 10:25:00+05:30,1154.9772,6.977200000000039,1148.0,1168.9316,2026-07-29 11:50:00+05:30,STOP_LOSS,0.75,0.75,True,2026-07-29 11:00:00+05:30,True,2026-07-29 11:30:00+05:30,1159.2671,4.3746488562746935,True,2026-07-30 09:15:00+05:30,False,False,False,True,True
37,2026-07-29,BUY,2026-07-29 10:20:00+05:30,2026-07-29 10:25:00+05:30,1154.9772,6.977200000000039,1148.0,1168.9316,2026-07-29 11:50:00+05:30,STOP_LOSS,0.75,1.0,True,2026-07-29 11:00:00+05:30,True,2026-07-29 11:35:00+05:30,1157.5228,4.3746488562746935,True,2026-07-30 09:15:00+05:30,False,False,False,True,True
37,2026-07-29,BUY,2026-07-29 10:20:00+05:30,2026-07-29 10:25:00+05:30,1154.9772,6.977200000000039,1148.0,1168.9316,2026-07-29 11:50:00+05:30,STOP_LOSS,1.0,0.25,True,2026-07-29 11:15:00+05:30,True,2026-07-29 11:20:00+05:30,1162.7557,4.3746488562746935,True,2026-07-30 09:15:00+05:30,False,False,False,True,True
37,2026-07-29,BUY,2026-07-29 10:20:00+05:30,2026-07-29 10:25:00+05:30,1154.9772,6.977200000000039,1148.0,1168.9316,2026-07-29 11:50:00+05:30,STOP_LOSS,1.0,0.5,True,2026-07-29 11:15:00+05:30,True,2026-07-29 11:30:00+05:30,1161.0113999999999,4.3746488562746935,True,2026-07-30 09:15:00+05:30,False,False,False,True,True
37,2026-07-29,BUY,2026-07-29 10:20:00+05:30,2026-07-29 10:25:00+05:30,1154.9772,6.977200000000039,1148.0,1168.9316,2026-07-29 11:50:00+05:30,STOP_LOSS,1.0,0.75,True,2026-07-29 11:15:00+05:30,True,2026-07-29 11:30:00+05:30,1159.2671,4.3746488562746935,True,2026-07-30 09:15:00+05:30,False,False,False,True,True
37,2026-07-29,BUY,2026-07-29 10:20:00+05:30,2026-07-29 10:25:00+05:30,1154.9772,6.977200000000039,1148.0,1168.9316,2026-07-29 11:50:00+05:30,STOP_LOSS,1.0,1.0,True,2026-07-29 11:15:00+05:30,True,2026-07-29 11:35:00+05:30,1157.5228,4.3746488562746935,True,2026-07-30 09:15:00+05:30,False,False,False,True,True
37,2026-07-29,BUY,2026-07-29 10:20:00+05:30,2026-07-29 10:25:00+05:30,1154.9772,6.977200000000039,1148.0,1168.9316,2026-07-29 11:50:00+05:30,STOP_LOSS,1.25,0.25,True,2026-07-29 11:20:00+05:30,True,2026-07-29 11:25:00+05:30,1162.7557,4.3746488562746935,True,2026-07-30 09:15:00+05:30,False,False,False,True,True
37,2026-07-29,BUY,2026-07-29 10:20:00+05:30,2026-07-29 10:25:00+05:30,1154.9772,6.977200000000039,1148.0,1168.9316,2026-07-29 11:50:00+05:30,STOP_LOSS,1.25,0.5,True,2026-07-29 11:20:00+05:30,True,2026-07-29 11:30:00+05:30,1161.0113999999999,4.3746488562746935,True,2026-07-30 09:15:00+05:30,False,False,False,True,True
37,2026-07-29,BUY,2026-07-29 10:20:00+05:30,2026-07-29 10:25:00+05:30,1154.9772,6.977200000000039,1148.0,1168.9316,2026-07-29 11:50:00+05:30,STOP_LOSS,1.25,0.75,True,2026-07-29 11:20:00+05:30,True,2026-07-29 11:30:00+05:30,1159.2671,4.3746488562746935,True,2026-07-30 09:15:00+05:30,False,False,False,True,True
37,2026-07-29,BUY,2026-07-29 10:20:00+05:30,2026-07-29 10:25:00+05:30,1154.9772,6.977200000000039,1148.0,1168.9316,2026-07-29 11:50:00+05:30,STOP_LOSS,1.25,1.0,True,2026-07-29 11:20:00+05:30,True,2026-07-29 11:35:00+05:30,1157.5228,4.3746488562746935,True,2026-07-30 09:15:00+05:30,False,False,False,True,True
37,2026-07-29,BUY,2026-07-29 10:20:00+05:30,2026-07-29 10:25:00+05:30,1154.9772,6.977200000000039,1148.0,1168.9316,2026-07-29 11:50:00+05:30,STOP_LOSS,1.5,0.25,True,2026-07-30 09:15:00+05:30,True,2026-07-30 09:20:00+05:30,1184.5557,4.489308031875214,True,2026-07-30 09:25:00+05:30,False,False,True,False,False
37,2026-07-29,BUY,2026-07-29 10:20:00+05:30,2026-07-29 10:25:00+05:30,1154.9772,6.977200000000039,1148.0,1168.9316,2026-07-29 11:50:00+05:30,STOP_LOSS,1.5,0.5,True,2026-07-30 09:15:00+05:30,True,2026-07-30 09:20:00+05:30,1182.8114,4.489308031875214,True,2026-07-30 09:25:00+05:30,False,False,True,False,False
37,2026-07-29,BUY,2026-07-29 10:20:00+05:30,2026-07-29 10:25:00+05:30,1154.9772,6.977200000000039,1148.0,1168.9316,2026-07-29 11:50:00+05:30,STOP_LOSS,1.5,0.75,True,2026-07-30 09:15:00+05:30,True,2026-07-30 09:20:00+05:30,1181.0671,4.489308031875214,True,2026-07-30 09:25:00+05:30,False,False,True,False,False
37,2026-07-29,BUY,2026-07-29 10:20:00+05:30,2026-07-29 10:25:00+05:30,1154.9772,6.977200000000039,1148.0,1168.9316,2026-07-29 11:50:00+05:30,STOP_LOSS,1.5,1.0,True,2026-07-30 09:15:00+05:30,True,2026-07-30 09:30:00+05:30,1179.3228,4.489308031875214,True,2026-07-30 09:35:00+05:30,False,False,True,False,False
38,2026-07-29,BUY,2026-07-29 13:15:00+05:30,2026-07-29 13:20:00+05:30,1153.7766,2.876600000000053,1150.9,1159.5298000000005,2026-07-29 14:40:00+05:30,STOP_LOSS,0.5,0.25,True,2026-07-29 13:25:00+05:30,True,2026-07-29 13:30:00+05:30,1155.88085,11.02808871584492,True,2026-07-30 09:15:00+05:30,False,False,False,True,True
38,2026-07-29,BUY,2026-07-29 13:15:00+05:30,2026-07-29 13:20:00+05:30,1153.7766,2.876600000000053,1150.9,1159.5298000000005,2026-07-29 14:40:00+05:30,STOP_LOSS,0.5,0.5,True,2026-07-29 13:25:00+05:30,True,2026-07-29 13:30:00+05:30,1155.1616999999999,11.02808871584492,True,2026-07-30 09:15:00+05:30,False,False,False,True,True
38,2026-07-29,BUY,2026-07-29 13:15:00+05:30,2026-07-29 13:20:00+05:30,1153.7766,2.876600000000053,1150.9,1159.5298000000005,2026-07-29 14:40:00+05:30,STOP_LOSS,0.5,0.75,True,2026-07-29 13:25:00+05:30,True,2026-07-29 13:30:00+05:30,1154.4425499999998,11.02808871584492,True,2026-07-30 09:15:00+05:30,False,False,False,True,True
38,2026-07-29,BUY,2026-07-29 13:15:00+05:30,2026-07-29 13:20:00+05:30,1153.7766,2.876600000000053,1150.9,1159.5298000000005,2026-07-29 14:40:00+05:30,STOP_LOSS,0.5,1.0,True,2026-07-29 13:25:00+05:30,True,2026-07-29 13:30:00+05:30,1153.7233999999999,11.02808871584492,True,2026-07-30 09:15:00+05:30,False,False,False,True,True
38,2026-07-29,BUY,2026-07-29 13:15:00+05:30,2026-07-29 13:20:00+05:30,1153.7766,2.876600000000053,1150.9,1159.5298000000005,2026-07-29 14:40:00+05:30,STOP_LOSS,0.75,0.25,True,2026-07-29 13:25:00+05:30,True,2026-07-29 13:30:00+05:30,1155.88085,11.02808871584492,True,2026-07-30 09:15:00+05:30,False,False,False,True,True
38,2026-07-29,BUY,2026-07-29 13:15:00+05:30,2026-07-29 13:20:00+05:30,1153.7766,2.876600000000053,1150.9,1159.5298000000005,2026-07-29 14:40:00+05:30,STOP_LOSS,0.75,0.5,True,2026-07-29 13:25:00+05:30,True,2026-07-29 13:30:00+05:30,1155.1616999999999,11.02808871584492,True,2026-07-30 09:15:00+05:30,False,False,False,True,True
38,2026-07-29,BUY,2026-07-29 13:15:00+05:30,2026-07-29 13:20:00+05:30,1153.7766,2.876600000000053,1150.9,1159.5298000000005,2026-07-29 14:40:00+05:30,STOP_LOSS,0.75,0.75,True,2026-07-29 13:25:00+05:30,True,2026-07-29 13:30:00+05:30,1154.4425499999998,11.02808871584492,True,2026-07-30 09:15:00+05:30,False,False,False,True,True
38,2026-07-29,BUY,2026-07-29 13:15:00+05:30,2026-07-29 13:20:00+05:30,1153.7766,2.876600000000053,1150.9,1159.5298000000005,2026-07-29 14:40:00+05:30,STOP_LOSS,0.75,1.0,True,2026-07-29 13:25:00+05:30,True,2026-07-29 13:30:00+05:30,1153.7233999999999,11.02808871584492,True,2026-07-30 09:15:00+05:30,False,False,False,True,True
38,2026-07-29,BUY,2026-07-29 13:15:00+05:30,2026-07-29 13:20:00+05:30,1153.7766,2.876600000000053,1150.9,1159.5298000000005,2026-07-29 14:40:00+05:30,STOP_LOSS,1.0,0.25,True,2026-07-29 13:40:00+05:30,True,2026-07-29 13:45:00+05:30,1156.88085,11.02808871584492,True,2026-07-30 09:15:00+05:30,False,False,False,True,True
38,2026-07-29,BUY,2026-07-29 13:15:00+05:30,2026-07-29 13:20:00+05:30,1153.7766,2.876600000000053,1150.9,1159.5298000000005,2026-07-29 14:40:00+05:30,STOP_LOSS,1.0,0.5,True,2026-07-29 13:40:00+05:30,True,2026-07-29 13:45:00+05:30,1156.1616999999999,11.02808871584492,True,2026-07-30 09:15:00+05:30,False,False,False,True,True
38,2026-07-29,BUY,2026-07-29 13:15:00+05:30,2026-07-29 13:20:00+05:30,1153.7766,2.876600000000053,1150.9,1159.5298000000005,2026-07-29 14:40:00+05:30,STOP_LOSS,1.0,0.75,True,2026-07-29 13:40:00+05:30,True,2026-07-29 13:45:00+05:30,1155.4425499999998,11.02808871584492,True,2026-07-30 09:15:00+05:30,False,False,False,True,True
38,2026-07-29,BUY,2026-07-29 13:15:00+05:30,2026-07-29 13:20:00+05:30,1153.7766,2.876600000000053,1150.9,1159.5298000000005,2026-07-29 14:40:00+05:30,STOP_LOSS,1.0,1.0,True,2026-07-29 13:40:00+05:30,True,2026-07-29 13:50:00+05:30,1154.7233999999999,11.02808871584492,True,2026-07-30 09:15:00+05:30,False,False,False,True,True
38,2026-07-29,BUY,2026-07-29 13:15:00+05:30,2026-07-29 13:20:00+05:30,1153.7766,2.876600000000053,1150.9,1159.5298000000005,2026-07-29 14:40:00+05:30,STOP_LOSS,1.25,0.25,True,2026-07-29 13:40:00+05:30,True,2026-07-29 13:45:00+05:30,1156.88085,11.02808871584492,True,2026-07-30 09:15:00+05:30,False,False,False,True,True
38,2026-07-29,BUY,2026-07-29 13:15:00+05:30,2026-07-29 13:20:00+05:30,1153.7766,2.876600000000053,1150.9,1159.5298000000005,2026-07-29 14:40:00+05:30,STOP_LOSS,1.25,0.5,True,2026-07-29 13:40:00+05:30,True,2026-07-29 13:45:00+05:30,1156.1616999999999,11.02808871584492,True,2026-07-30 09:15:00+05:30,False,False,False,True,True
38,2026-07-29,BUY,2026-07-29 13:15:00+05:30,2026-07-29 13:20:00+05:30,1153.7766,2.876600000000053,1150.9,1159.5298000000005,2026-07-29 14:40:00+05:30,STOP_LOSS,1.25,0.75,True,2026-07-29 13:40:00+05:30,True,2026-07-29 13:45:00+05:30,1155.4425499999998,11.02808871584492,True,2026-07-30 09:15:00+05:30,False,False,False,True,True
38,2026-07-29,BUY,2026-07-29 13:15:00+05:30,2026-07-29 13:20:00+05:30,1153.7766,2.876600000000053,1150.9,1159.5298000000005,2026-07-29 14:40:00+05:30,STOP_LOSS,1.25,1.0,True,2026-07-29 13:40:00+05:30,True,2026-07-29 13:50:00+05:30,1154.7233999999999,11.02808871584492,True,2026-07-30 09:15:00+05:30,False,False,False,True,True
38,2026-07-29,BUY,2026-07-29 13:15:00+05:30,2026-07-29 13:20:00+05:30,1153.7766,2.876600000000053,1150.9,1159.5298000000005,2026-07-29 14:40:00+05:30,STOP_LOSS,1.5,0.25,True,2026-07-29 13:55:00+05:30,True,2026-07-29 14:00:00+05:30,1157.78085,11.02808871584492,True,2026-07-30 09:15:00+05:30,False,False,False,True,True
38,2026-07-29,BUY,2026-07-29 13:15:00+05:30,2026-07-29 13:20:00+05:30,1153.7766,2.876600000000053,1150.9,1159.5298000000005,2026-07-29 14:40:00+05:30,STOP_LOSS,1.5,0.5,True,2026-07-29 13:55:00+05:30,True,2026-07-29 14:00:00+05:30,1157.0617,11.02808871584492,True,2026-07-30 09:15:00+05:30,False,False,False,True,True
38,2026-07-29,BUY,2026-07-29 13:15:00+05:30,2026-07-29 13:20:00+05:30,1153.7766,2.876600000000053,1150.9,1159.5298000000005,2026-07-29 14:40:00+05:30,STOP_LOSS,1.5,0.75,True,2026-07-29 13:55:00+05:30,True,2026-07-29 14:00:00+05:30,1156.3425499999998,11.02808871584492,True,2026-07-30 09:15:00+05:30,False,False,False,True,True
38,2026-07-29,BUY,2026-07-29 13:15:00+05:30,2026-07-29 13:20:00+05:30,1153.7766,2.876600000000053,1150.9,1159.5298000000005,2026-07-29 14:40:00+05:30,STOP_LOSS,1.5,1.0,True,2026-07-29 13:55:00+05:30,True,2026-07-29 14:35:00+05:30,1155.8234,11.02808871584492,True,2026-07-30 09:15:00+05:30,False,False,False,True,True
39,2026-07-30,SELL,2026-07-30 14:05:00+05:30,2026-07-30 14:10:00+05:30,1165.31705,3.982949999999846,1169.3,1157.3511500000004,2026-07-30 14:35:00+05:30,TARGET,0.5,0.25,True,2026-07-30 14:10:00+05:30,True,2026-07-30 14:15:00+05:30,1160.0957374999998,2.063056277382472,True,2026-07-30 14:35:00+05:30,False,False,False,True,True
39,2026-07-30,SELL,2026-07-30 14:05:00+05:30,2026-07-30 14:10:00+05:30,1165.31705,3.982949999999846,1169.3,1157.3511500000004,2026-07-30 14:35:00+05:30,TARGET,0.5,0.5,True,2026-07-30 14:10:00+05:30,True,2026-07-30 14:15:00+05:30,1161.0914749999997,2.063056277382472,True,2026-07-30 14:35:00+05:30,False,False,False,True,True
39,2026-07-30,SELL,2026-07-30 14:05:00+05:30,2026-07-30 14:10:00+05:30,1165.31705,3.982949999999846,1169.3,1157.3511500000004,2026-07-30 14:35:00+05:30,TARGET,0.5,0.75,True,2026-07-30 14:10:00+05:30,True,2026-07-30 14:15:00+05:30,1162.0872124999999,2.063056277382472,True,2026-07-30 14:35:00+05:30,False,False,False,True,True
39,2026-07-30,SELL,2026-07-30 14:05:00+05:30,2026-07-30 14:10:00+05:30,1165.31705,3.982949999999846,1169.3,1157.3511500000004,2026-07-30 14:35:00+05:30,TARGET,0.5,1.0,True,2026-07-30 14:10:00+05:30,True,2026-07-30 14:40:00+05:30,1155.2829499999998,3.519263360072483,True,2026-07-30 14:45:00+05:30,False,False,True,False,False
39,2026-07-30,SELL,2026-07-30 14:05:00+05:30,2026-07-30 14:10:00+05:30,1165.31705,3.982949999999846,1169.3,1157.3511500000004,2026-07-30 14:35:00+05:30,TARGET,0.75,0.25,True,2026-07-30 14:15:00+05:30,True,2026-07-30 14:20:00+05:30,1159.9957375,2.063056277382472,True,2026-07-30 14:35:00+05:30,False,False,False,True,True
39,2026-07-30,SELL,2026-07-30 14:05:00+05:30,2026-07-30 14:10:00+05:30,1165.31705,3.982949999999846,1169.3,1157.3511500000004,2026-07-30 14:35:00+05:30,TARGET,0.75,0.5,True,2026-07-30 14:15:00+05:30,True,2026-07-30 14:30:00+05:30,1159.791475,2.063056277382472,True,2026-07-30 14:35:00+05:30,False,False,False,True,True
39,2026-07-30,SELL,2026-07-30 14:05:00+05:30,2026-07-30 14:10:00+05:30,1165.31705,3.982949999999846,1169.3,1157.3511500000004,2026-07-30 14:35:00+05:30,TARGET,0.75,0.75,True,2026-07-30 14:15:00+05:30,True,2026-07-30 14:40:00+05:30,1154.2872125,3.519263360072483,True,2026-07-30 14:45:00+05:30,False,False,True,False,False
39,2026-07-30,SELL,2026-07-30 14:05:00+05:30,2026-07-30 14:10:00+05:30,1165.31705,3.982949999999846,1169.3,1157.3511500000004,2026-07-30 14:35:00+05:30,TARGET,0.75,1.0,True,2026-07-30 14:15:00+05:30,True,2026-07-30 14:40:00+05:30,1155.2829499999998,3.519263360072483,True,2026-07-30 14:45:00+05:30,False,False,True,False,False
39,2026-07-30,SELL,2026-07-30 14:05:00+05:30,2026-07-30 14:10:00+05:30,1165.31705,3.982949999999846,1169.3,1157.3511500000004,2026-07-30 14:35:00+05:30,TARGET,1.0,0.25,True,2026-07-30 14:15:00+05:30,True,2026-07-30 14:20:00+05:30,1159.9957375,2.063056277382472,True,2026-07-30 14:35:00+05:30,False,False,False,True,True
39,2026-07-30,SELL,2026-07-30 14:05:00+05:30,2026-07-30 14:10:00+05:30,1165.31705,3.982949999999846,1169.3,1157.3511500000004,2026-07-30 14:35:00+05:30,TARGET,1.0,0.5,True,2026-07-30 14:15:00+05:30,True,2026-07-30 14:30:00+05:30,1159.791475,2.063056277382472,True,2026-07-30 14:35:00+05:30,False,False,False,True,True
39,2026-07-30,SELL,2026-07-30 14:05:00+05:30,2026-07-30 14:10:00+05:30,1165.31705,3.982949999999846,1169.3,1157.3511500000004,2026-07-30 14:35:00+05:30,TARGET,1.0,0.75,True,2026-07-30 14:15:00+05:30,True,2026-07-30 14:40:00+05:30,1154.2872125,3.519263360072483,True,2026-07-30 14:45:00+05:30,False,False,True,False,False
39,2026-07-30,SELL,2026-07-30 14:05:00+05:30,2026-07-30 14:10:00+05:30,1165.31705,3.982949999999846,1169.3,1157.3511500000004,2026-07-30 14:35:00+05:30,TARGET,1.0,1.0,True,2026-07-30 14:15:00+05:30,True,2026-07-30 14:40:00+05:30,1155.2829499999998,3.519263360072483,True,2026-07-30 14:45:00+05:30,False,False,True,False,False
39,2026-07-30,SELL,2026-07-30 14:05:00+05:30,2026-07-30 14:10:00+05:30,1165.31705,3.982949999999846,1169.3,1157.3511500000004,2026-07-30 14:35:00+05:30,TARGET,1.25,0.25,True,2026-07-30 14:15:00+05:30,True,2026-07-30 14:20:00+05:30,1159.9957375,2.063056277382472,True,2026-07-30 14:35:00+05:30,False,False,False,True,True
39,2026-07-30,SELL,2026-07-30 14:05:00+05:30,2026-07-30 14:10:00+05:30,1165.31705,3.982949999999846,1169.3,1157.3511500000004,2026-07-30 14:35:00+05:30,TARGET,1.25,0.5,True,2026-07-30 14:15:00+05:30,True,2026-07-30 14:30:00+05:30,1159.791475,2.063056277382472,True,2026-07-30 14:35:00+05:30,False,False,False,True,True
39,2026-07-30,SELL,2026-07-30 14:05:00+05:30,2026-07-30 14:10:00+05:30,1165.31705,3.982949999999846,1169.3,1157.3511500000004,2026-07-30 14:35:00+05:30,TARGET,1.25,0.75,True,2026-07-30 14:15:00+05:30,True,2026-07-30 14:40:00+05:30,1154.2872125,3.519263360072483,True,2026-07-30 14:45:00+05:30,False,False,True,False,False
39,2026-07-30,SELL,2026-07-30 14:05:00+05:30,2026-07-30 14:10:00+05:30,1165.31705,3.982949999999846,1169.3,1157.3511500000004,2026-07-30 14:35:00+05:30,TARGET,1.25,1.0,True,2026-07-30 14:15:00+05:30,True,2026-07-30 14:40:00+05:30,1155.2829499999998,3.519263360072483,True,2026-07-30 14:45:00+05:30,False,False,True,False,False
39,2026-07-30,SELL,2026-07-30 14:05:00+05:30,2026-07-30 14:10:00+05:30,1165.31705,3.982949999999846,1169.3,1157.3511500000004,2026-07-30 14:35:00+05:30,TARGET,1.5,0.25,True,2026-07-30 14:15:00+05:30,True,2026-07-30 14:20:00+05:30,1159.9957375,2.063056277382472,True,2026-07-30 14:35:00+05:30,False,False,False,True,True
39,2026-07-30,SELL,2026-07-30 14:05:00+05:30,2026-07-30 14:10:00+05:30,1165.31705,3.982949999999846,1169.3,1157.3511500000004,2026-07-30 14:35:00+05:30,TARGET,1.5,0.5,True,2026-07-30 14:15:00+05:30,True,2026-07-30 14:30:00+05:30,1159.791475,2.063056277382472,True,2026-07-30 14:35:00+05:30,False,False,False,True,True
39,2026-07-30,SELL,2026-07-30 14:05:00+05:30,2026-07-30 14:10:00+05:30,1165.31705,3.982949999999846,1169.3,1157.3511500000004,2026-07-30 14:35:00+05:30,TARGET,1.5,0.75,True,2026-07-30 14:15:00+05:30,True,2026-07-30 14:40:00+05:30,1154.2872125,3.519263360072483,True,2026-07-30 14:45:00+05:30,False,False,True,False,False
39,2026-07-30,SELL,2026-07-30 14:05:00+05:30,2026-07-30 14:10:00+05:30,1165.31705,3.982949999999846,1169.3,1157.3511500000004,2026-07-30 14:35:00+05:30,TARGET,1.5,1.0,True,2026-07-30 14:15:00+05:30,True,2026-07-30 14:40:00+05:30,1155.2829499999998,3.519263360072483,True,2026-07-30 14:45:00+05:30,False,False,True,False,False
40,2026-07-31,BUY,2026-07-31 09:40:00+05:30,2026-07-31 09:45:00+05:30,1122.3609,6.260899999999992,1116.1,1134.8827,2026-07-31 11:10:00+05:30,TARGET,0.5,0.25,True,2026-07-31 09:45:00+05:30,True,2026-07-31 09:50:00+05:30,1125.0347749999999,2.2423453497101384,True,2026-07-31 11:10:00+05:30,False,False,False,True,True
40,2026-07-31,BUY,2026-07-31 09:40:00+05:30,2026-07-31 09:45:00+05:30,1122.3609,6.260899999999992,1116.1,1134.8827,2026-07-31 11:10:00+05:30,TARGET,0.5,0.5,True,2026-07-31 09:45:00+05:30,True,2026-07-31 09:50:00+05:30,1123.4695499999998,2.2423453497101384,True,2026-07-31 11:10:00+05:30,False,False,False,True,True
40,2026-07-31,BUY,2026-07-31 09:40:00+05:30,2026-07-31 09:45:00+05:30,1122.3609,6.260899999999992,1116.1,1134.8827,2026-07-31 11:10:00+05:30,TARGET,0.5,0.75,True,2026-07-31 09:45:00+05:30,True,2026-07-31 09:50:00+05:30,1121.904325,2.2423453497101384,True,2026-07-31 11:10:00+05:30,False,False,False,True,True
40,2026-07-31,BUY,2026-07-31 09:40:00+05:30,2026-07-31 09:45:00+05:30,1122.3609,6.260899999999992,1116.1,1134.8827,2026-07-31 11:10:00+05:30,TARGET,0.5,1.0,True,2026-07-31 09:45:00+05:30,True,2026-07-31 13:25:00+05:30,1133.0391,4.6062227475283395,True,2026-08-03 09:15:00+05:30,False,False,True,False,False
40,2026-07-31,BUY,2026-07-31 09:40:00+05:30,2026-07-31 09:45:00+05:30,1122.3609,6.260899999999992,1116.1,1134.8827,2026-07-31 11:10:00+05:30,TARGET,0.75,0.25,True,2026-07-31 10:35:00+05:30,True,2026-07-31 10:40:00+05:30,1128.334775,2.2423453497101384,True,2026-07-31 11:10:00+05:30,False,False,False,True,True
40,2026-07-31,BUY,2026-07-31 09:40:00+05:30,2026-07-31 09:45:00+05:30,1122.3609,6.260899999999992,1116.1,1134.8827,2026-07-31 11:10:00+05:30,TARGET,0.75,0.5,True,2026-07-31 10:35:00+05:30,True,2026-07-31 11:10:00+05:30,1133.26955,2.2423453497101384,True,2026-07-31 11:30:00+05:30,False,False,True,False,False
40,2026-07-31,BUY,2026-07-31 09:40:00+05:30,2026-07-31 09:45:00+05:30,1122.3609,6.260899999999992,1116.1,1134.8827,2026-07-31 11:10:00+05:30,TARGET,0.75,0.75,True,2026-07-31 10:35:00+05:30,True,2026-07-31 11:15:00+05:30,1131.7043250000002,2.2423453497101384,True,2026-07-31 11:30:00+05:30,False,False,True,False,False
40,2026-07-31,BUY,2026-07-31 09:40:00+05:30,2026-07-31 09:45:00+05:30,1122.3609,6.260899999999992,1116.1,1134.8827,2026-07-31 11:10:00+05:30,TARGET,0.75,1.0,True,2026-07-31 10:35:00+05:30,True,2026-07-31 13:25:00+05:30,1133.0391,4.6062227475283395,True,2026-08-03 09:15:00+05:30,False,False,True,False,False
40,2026-07-31,BUY,2026-07-31 09:40:00+05:30,2026-07-31 09:45:00+05:30,1122.3609,6.260899999999992,1116.1,1134.8827,2026-07-31 11:10:00+05:30,TARGET,1.0,0.25,True,2026-07-31 10:40:00+05:30,True,2026-07-31 10:45:00+05:30,1129.134775,2.2423453497101384,True,2026-07-31 11:10:00+05:30,False,False,False,True,True
40,2026-07-31,BUY,2026-07-31 09:40:00+05:30,2026-07-31 09:45:00+05:30,1122.3609,6.260899999999992,1116.1,1134.8827,2026-07-31 11:10:00+05:30,TARGET,1.0,0.5,True,2026-07-31 10:40:00+05:30,True,2026-07-31 11:10:00+05:30,1133.26955,2.2423453497101384,True,2026-07-31 11:30:00+05:30,False,False,True,False,False
40,2026-07-31,BUY,2026-07-31 09:40:00+05:30,2026-07-31 09:45:00+05:30,1122.3609,6.260899999999992,1116.1,1134.8827,2026-07-31 11:10:00+05:30,TARGET,1.0,0.75,True,2026-07-31 10:40:00+05:30,True,2026-07-31 11:15:00+05:30,1131.7043250000002,2.2423453497101384,True,2026-07-31 11:30:00+05:30,False,False,True,False,False
40,2026-07-31,BUY,2026-07-31 09:40:00+05:30,2026-07-31 09:45:00+05:30,1122.3609,6.260899999999992,1116.1,1134.8827,2026-07-31 11:10:00+05:30,TARGET,1.0,1.0,True,2026-07-31 10:40:00+05:30,True,2026-07-31 13:25:00+05:30,1133.0391,4.6062227475283395,True,2026-08-03 09:15:00+05:30,False,False,True,False,False
40,2026-07-31,BUY,2026-07-31 09:40:00+05:30,2026-07-31 09:45:00+05:30,1122.3609,6.260899999999992,1116.1,1134.8827,2026-07-31 11:10:00+05:30,TARGET,1.25,0.25,True,2026-07-31 10:45:00+05:30,True,2026-07-31 10:50:00+05:30,1129.134775,2.2423453497101384,True,2026-07-31 11:10:00+05:30,False,False,False,True,True
40,2026-07-31,BUY,2026-07-31 09:40:00+05:30,2026-07-31 09:45:00+05:30,1122.3609,6.260899999999992,1116.1,1134.8827,2026-07-31 11:10:00+05:30,TARGET,1.25,0.5,True,2026-07-31 10:45:00+05:30,True,2026-07-31 11:10:00+05:30,1133.26955,2.2423453497101384,True,2026-07-31 11:30:00+05:30,False,False,True,False,False
40,2026-07-31,BUY,2026-07-31 09:40:00+05:30,2026-07-31 09:45:00+05:30,1122.3609,6.260899999999992,1116.1,1134.8827,2026-07-31 11:10:00+05:30,TARGET,1.25,0.75,True,2026-07-31 10:45:00+05:30,True,2026-07-31 11:15:00+05:30,1131.7043250000002,2.2423453497101384,True,2026-07-31 11:30:00+05:30,False,False,True,False,False
40,2026-07-31,BUY,2026-07-31 09:40:00+05:30,2026-07-31 09:45:00+05:30,1122.3609,6.260899999999992,1116.1,1134.8827,2026-07-31 11:10:00+05:30,TARGET,1.25,1.0,True,2026-07-31 10:45:00+05:30,True,2026-07-31 13:25:00+05:30,1133.0391,4.6062227475283395,True,2026-08-03 09:15:00+05:30,False,False,True,False,False
40,2026-07-31,BUY,2026-07-31 09:40:00+05:30,2026-07-31 09:45:00+05:30,1122.3609,6.260899999999992,1116.1,1134.8827,2026-07-31 11:10:00+05:30,TARGET,1.5,0.25,True,2026-07-31 10:55:00+05:30,True,2026-07-31 11:05:00+05:30,1133.134775,2.2423453497101384,True,2026-07-31 11:10:00+05:30,False,False,False,True,True
40,2026-07-31,BUY,2026-07-31 09:40:00+05:30,2026-07-31 09:45:00+05:30,1122.3609,6.260899999999992,1116.1,1134.8827,2026-07-31 11:10:00+05:30,TARGET,1.5,0.5,True,2026-07-31 10:55:00+05:30,True,2026-07-31 11:10:00+05:30,1133.26955,2.2423453497101384,True,2026-07-31 11:30:00+05:30,False,False,True,False,False
40,2026-07-31,BUY,2026-07-31 09:40:00+05:30,2026-07-31 09:45:00+05:30,1122.3609,6.260899999999992,1116.1,1134.8827,2026-07-31 11:10:00+05:30,TARGET,1.5,0.75,True,2026-07-31 10:55:00+05:30,True,2026-07-31 11:15:00+05:30,1131.7043250000002,2.2423453497101384,True,2026-07-31 11:30:00+05:30,False,False,True,False,False
40,2026-07-31,BUY,2026-07-31 09:40:00+05:30,2026-07-31 09:45:00+05:30,1122.3609,6.260899999999992,1116.1,1134.8827,2026-07-31 11:10:00+05:30,TARGET,1.5,1.0,True,2026-07-31 10:55:00+05:30,True,2026-07-31 13:25:00+05:30,1133.0391,4.6062227475283395,True,2026-08-03 09:15:00+05:30,False,False,True,False,False
41,2026-07-31,BUY,2026-07-31 14:45:00+05:30,2026-07-31 14:50:00+05:30,1129.7646,2.764599999999973,1127.0,1135.2938,2026-07-31 14:50:00+05:30,STOP_LOSS,0.5,0.25,True,2026-07-31 15:05:00+05:30,True,2026-07-31 15:10:00+05:30,1132.20885,7.753526730811069,True,2026-08-03 09:15:00+05:30,True,False,False,True,False
41,2026-07-31,BUY,2026-07-31 14:45:00+05:30,2026-07-31 14:50:00+05:30,1129.7646,2.764599999999973,1127.0,1135.2938,2026-07-31 14:50:00+05:30,STOP_LOSS,0.5,0.5,True,2026-07-31 15:05:00+05:30,True,2026-07-31 15:10:00+05:30,1131.5177,7.753526730811069,True,2026-08-03 09:15:00+05:30,True,False,False,True,False
41,2026-07-31,BUY,2026-07-31 14:45:00+05:30,2026-07-31 14:50:00+05:30,1129.7646,2.764599999999973,1127.0,1135.2938,2026-07-31 14:50:00+05:30,STOP_LOSS,0.5,0.75,True,2026-07-31 15:05:00+05:30,True,2026-07-31 15:10:00+05:30,1130.8265500000002,7.753526730811069,True,2026-08-03 09:15:00+05:30,True,False,False,True,False
41,2026-07-31,BUY,2026-07-31 14:45:00+05:30,2026-07-31 14:50:00+05:30,1129.7646,2.764599999999973,1127.0,1135.2938,2026-07-31 14:50:00+05:30,STOP_LOSS,0.5,1.0,True,2026-07-31 15:05:00+05:30,True,2026-07-31 15:10:00+05:30,1130.1354000000001,7.753526730811069,True,2026-08-03 09:15:00+05:30,True,False,False,True,False
41,2026-07-31,BUY,2026-07-31 14:45:00+05:30,2026-07-31 14:50:00+05:30,1129.7646,2.764599999999973,1127.0,1135.2938,2026-07-31 14:50:00+05:30,STOP_LOSS,0.75,0.25,True,2026-07-31 15:10:00+05:30,True,2026-07-31 15:15:00+05:30,1132.20885,7.753526730811069,True,2026-08-03 09:15:00+05:30,True,False,False,True,False
41,2026-07-31,BUY,2026-07-31 14:45:00+05:30,2026-07-31 14:50:00+05:30,1129.7646,2.764599999999973,1127.0,1135.2938,2026-07-31 14:50:00+05:30,STOP_LOSS,0.75,0.5,True,2026-07-31 15:10:00+05:30,True,2026-07-31 15:15:00+05:30,1131.5177,7.753526730811069,True,2026-08-03 09:15:00+05:30,True,False,False,True,False
41,2026-07-31,BUY,2026-07-31 14:45:00+05:30,2026-07-31 14:50:00+05:30,1129.7646,2.764599999999973,1127.0,1135.2938,2026-07-31 14:50:00+05:30,STOP_LOSS,0.75,0.75,True,2026-07-31 15:10:00+05:30,True,2026-07-31 15:15:00+05:30,1130.8265500000002,7.753526730811069,True,2026-08-03 09:15:00+05:30,True,False,False,True,False
41,2026-07-31,BUY,2026-07-31 14:45:00+05:30,2026-07-31 14:50:00+05:30,1129.7646,2.764599999999973,1127.0,1135.2938,2026-07-31 14:50:00+05:30,STOP_LOSS,0.75,1.0,True,2026-07-31 15:10:00+05:30,True,2026-07-31 15:15:00+05:30,1130.1354000000001,7.753526730811069,True,2026-08-03 09:15:00+05:30,True,False,False,True,False
41,2026-07-31,BUY,2026-07-31 14:45:00+05:30,2026-07-31 14:50:00+05:30,1129.7646,2.764599999999973,1127.0,1135.2938,2026-07-31 14:50:00+05:30,STOP_LOSS,1.0,0.25,True,2026-07-31 15:10:00+05:30,True,2026-07-31 15:15:00+05:30,1132.20885,7.753526730811069,True,2026-08-03 09:15:00+05:30,True,False,False,True,False
41,2026-07-31,BUY,2026-07-31 14:45:00+05:30,2026-07-31 14:50:00+05:30,1129.7646,2.764599999999973,1127.0,1135.2938,2026-07-31 14:50:00+05:30,STOP_LOSS,1.0,0.5,True,2026-07-31 15:10:00+05:30,True,2026-07-31 15:15:00+05:30,1131.5177,7.753526730811069,True,2026-08-03 09:15:00+05:30,True,False,False,True,False
41,2026-07-31,BUY,2026-07-31 14:45:00+05:30,2026-07-31 14:50:00+05:30,1129.7646,2.764599999999973,1127.0,1135.2938,2026-07-31 14:50:00+05:30,STOP_LOSS,1.0,0.75,True,2026-07-31 15:10:00+05:30,True,2026-07-31 15:15:00+05:30,1130.8265500000002,7.753526730811069,True,2026-08-03 09:15:00+05:30,True,False,False,True,False
41,2026-07-31,BUY,2026-07-31 14:45:00+05:30,2026-07-31 14:50:00+05:30,1129.7646,2.764599999999973,1127.0,1135.2938,2026-07-31 14:50:00+05:30,STOP_LOSS,1.0,1.0,True,2026-07-31 15:10:00+05:30,True,2026-07-31 15:15:00+05:30,1130.1354000000001,7.753526730811069,True,2026-08-03 09:15:00+05:30,True,False,False,True,False
41,2026-07-31,BUY,2026-07-31 14:45:00+05:30,2026-07-31 14:50:00+05:30,1129.7646,2.764599999999973,1127.0,1135.2938,2026-07-31 14:50:00+05:30,STOP_LOSS,1.25,0.25,True,2026-08-03 09:15:00+05:30,True,2026-08-03 09:20:00+05:30,1150.5088500000002,7.753526730811069,True,2026-08-03 09:25:00+05:30,True,False,True,False,False
41,2026-07-31,BUY,2026-07-31 14:45:00+05:30,2026-07-31 14:50:00+05:30,1129.7646,2.764599999999973,1127.0,1135.2938,2026-07-31 14:50:00+05:30,STOP_LOSS,1.25,0.5,True,2026-08-03 09:15:00+05:30,True,2026-08-03 09:20:00+05:30,1149.8177,7.753526730811069,True,2026-08-03 09:25:00+05:30,True,False,True,False,False
41,2026-07-31,BUY,2026-07-31 14:45:00+05:30,2026-07-31 14:50:00+05:30,1129.7646,2.764599999999973,1127.0,1135.2938,2026-07-31 14:50:00+05:30,STOP_LOSS,1.25,0.75,True,2026-08-03 09:15:00+05:30,True,2026-08-03 09:20:00+05:30,1149.12655,7.753526730811069,True,2026-08-03 09:25:00+05:30,True,False,True,False,False
41,2026-07-31,BUY,2026-07-31 14:45:00+05:30,2026-07-31 14:50:00+05:30,1129.7646,2.764599999999973,1127.0,1135.2938,2026-07-31 14:50:00+05:30,STOP_LOSS,1.25,1.0,True,2026-08-03 09:15:00+05:30,True,2026-08-03 09:20:00+05:30,1148.4354,7.753526730811069,True,2026-08-03 09:25:00+05:30,True,False,True,False,False
41,2026-07-31,BUY,2026-07-31 14:45:00+05:30,2026-07-31 14:50:00+05:30,1129.7646,2.764599999999973,1127.0,1135.2938,2026-07-31 14:50:00+05:30,STOP_LOSS,1.5,0.25,True,2026-08-03 09:15:00+05:30,True,2026-08-03 09:20:00+05:30,1150.5088500000002,7.753526730811069,True,2026-08-03 09:25:00+05:30,True,False,True,False,False
41,2026-07-31,BUY,2026-07-31 14:45:00+05:30,2026-07-31 14:50:00+05:30,1129.7646,2.764599999999973,1127.0,1135.2938,2026-07-31 14:50:00+05:30,STOP_LOSS,1.5,0.5,True,2026-08-03 09:15:00+05:30,True,2026-08-03 09:20:00+05:30,1149.8177,7.753526730811069,True,2026-08-03 09:25:00+05:30,True,False,True,False,False
41,2026-07-31,BUY,2026-07-31 14:45:00+05:30,2026-07-31 14:50:00+05:30,1129.7646,2.764599999999973,1127.0,1135.2938,2026-07-31 14:50:00+05:30,STOP_LOSS,1.5,0.75,True,2026-08-03 09:15:00+05:30,True,2026-08-03 09:20:00+05:30,1149.12655,7.753526730811069,True,2026-08-03 09:25:00+05:30,True,False,True,False,False
41,2026-07-31,BUY,2026-07-31 14:45:00+05:30,2026-07-31 14:50:00+05:30,1129.7646,2.764599999999973,1127.0,1135.2938,2026-07-31 14:50:00+05:30,STOP_LOSS,1.5,1.0,True,2026-08-03 09:15:00+05:30,True,2026-08-03 09:20:00+05:30,1148.4354,7.753526730811069,True,2026-08-03 09:25:00+05:30,True,False,True,False,False
42,2026-07-31,BUY,2026-07-31 14:55:00+05:30,2026-07-31 15:00:00+05:30,1128.06375,1.7637500000000728,1126.3,1131.5912500000002,2026-07-31 15:05:00+05:30,TARGET,0.5,0.25,True,2026-07-31 15:00:00+05:30,True,2026-07-31 15:05:00+05:30,1131.1590625,2.7420269312543524,True,2026-07-31 15:10:00+05:30,False,False,True,False,False
42,2026-07-31,BUY,2026-07-31 14:55:00+05:30,2026-07-31 15:00:00+05:30,1128.06375,1.7637500000000728,1126.3,1131.5912500000002,2026-07-31 15:05:00+05:30,TARGET,0.5,0.5,True,2026-07-31 15:00:00+05:30,True,2026-07-31 15:05:00+05:30,1130.7181249999999,2.7420269312543524,True,2026-07-31 15:10:00+05:30,False,False,True,False,False
42,2026-07-31,BUY,2026-07-31 14:55:00+05:30,2026-07-31 15:00:00+05:30,1128.06375,1.7637500000000728,1126.3,1131.5912500000002,2026-07-31 15:05:00+05:30,TARGET,0.5,0.75,True,2026-07-31 15:00:00+05:30,True,2026-07-31 15:05:00+05:30,1130.2771874999999,2.7420269312543524,True,2026-07-31 15:10:00+05:30,False,False,True,False,False
42,2026-07-31,BUY,2026-07-31 14:55:00+05:30,2026-07-31 15:00:00+05:30,1128.06375,1.7637500000000728,1126.3,1131.5912500000002,2026-07-31 15:05:00+05:30,TARGET,0.5,1.0,True,2026-07-31 15:00:00+05:30,True,2026-07-31 15:05:00+05:30,1129.8362499999998,2.7420269312543524,True,2026-07-31 15:10:00+05:30,False,False,True,False,False
42,2026-07-31,BUY,2026-07-31 14:55:00+05:30,2026-07-31 15:00:00+05:30,1128.06375,1.7637500000000728,1126.3,1131.5912500000002,2026-07-31 15:05:00+05:30,TARGET,0.75,0.25,True,2026-07-31 15:00:00+05:30,True,2026-07-31 15:05:00+05:30,1131.1590625,2.7420269312543524,True,2026-07-31 15:10:00+05:30,False,False,True,False,False
42,2026-07-31,BUY,2026-07-31 14:55:00+05:30,2026-07-31 15:00:00+05:30,1128.06375,1.7637500000000728,1126.3,1131.5912500000002,2026-07-31 15:05:00+05:30,TARGET,0.75,0.5,True,2026-07-31 15:00:00+05:30,True,2026-07-31 15:05:00+05:30,1130.7181249999999,2.7420269312543524,True,2026-07-31 15:10:00+05:30,False,False,True,False,False
42,2026-07-31,BUY,2026-07-31 14:55:00+05:30,2026-07-31 15:00:00+05:30,1128.06375,1.7637500000000728,1126.3,1131.5912500000002,2026-07-31 15:05:00+05:30,TARGET,0.75,0.75,True,2026-07-31 15:00:00+05:30,True,2026-07-31 15:05:00+05:30,1130.2771874999999,2.7420269312543524,True,2026-07-31 15:10:00+05:30,False,False,True,False,False
42,2026-07-31,BUY,2026-07-31 14:55:00+05:30,2026-07-31 15:00:00+05:30,1128.06375,1.7637500000000728,1126.3,1131.5912500000002,2026-07-31 15:05:00+05:30,TARGET,0.75,1.0,True,2026-07-31 15:00:00+05:30,True,2026-07-31 15:05:00+05:30,1129.8362499999998,2.7420269312543524,True,2026-07-31 15:10:00+05:30,False,False,True,False,False
42,2026-07-31,BUY,2026-07-31 14:55:00+05:30,2026-07-31 15:00:00+05:30,1128.06375,1.7637500000000728,1126.3,1131.5912500000002,2026-07-31 15:05:00+05:30,TARGET,1.0,0.25,True,2026-07-31 15:05:00+05:30,True,2026-07-31 15:10:00+05:30,1132.4590625,2.7420269312543524,True,2026-07-31 15:25:00+05:30,False,False,True,False,False
42,2026-07-31,BUY,2026-07-31 14:55:00+05:30,2026-07-31 15:00:00+05:30,1128.06375,1.7637500000000728,1126.3,1131.5912500000002,2026-07-31 15:05:00+05:30,TARGET,1.0,0.5,True,2026-07-31 15:05:00+05:30,True,2026-07-31 15:10:00+05:30,1132.018125,2.7420269312543524,True,2026-07-31 15:25:00+05:30,False,False,True,False,False
42,2026-07-31,BUY,2026-07-31 14:55:00+05:30,2026-07-31 15:00:00+05:30,1128.06375,1.7637500000000728,1126.3,1131.5912500000002,2026-07-31 15:05:00+05:30,TARGET,1.0,0.75,True,2026-07-31 15:05:00+05:30,True,2026-07-31 15:10:00+05:30,1131.5771875,2.7420269312543524,True,2026-07-31 15:25:00+05:30,False,False,True,False,False
42,2026-07-31,BUY,2026-07-31 14:55:00+05:30,2026-07-31 15:00:00+05:30,1128.06375,1.7637500000000728,1126.3,1131.5912500000002,2026-07-31 15:05:00+05:30,TARGET,1.0,1.0,True,2026-07-31 15:05:00+05:30,True,2026-07-31 15:10:00+05:30,1131.13625,2.7420269312543524,True,2026-07-31 15:25:00+05:30,False,False,True,False,False
42,2026-07-31,BUY,2026-07-31 14:55:00+05:30,2026-07-31 15:00:00+05:30,1128.06375,1.7637500000000728,1126.3,1131.5912500000002,2026-07-31 15:05:00+05:30,TARGET,1.25,0.25,True,2026-07-31 15:05:00+05:30,True,2026-07-31 15:10:00+05:30,1132.4590625,2.7420269312543524,True,2026-07-31 15:25:00+05:30,False,False,True,False,False
42,2026-07-31,BUY,2026-07-31 14:55:00+05:30,2026-07-31 15:00:00+05:30,1128.06375,1.7637500000000728,1126.3,1131.5912500000002,2026-07-31 15:05:00+05:30,TARGET,1.25,0.5,True,2026-07-31 15:05:00+05:30,True,2026-07-31 15:10:00+05:30,1132.018125,2.7420269312543524,True,2026-07-31 15:25:00+05:30,False,False,True,False,False
42,2026-07-31,BUY,2026-07-31 14:55:00+05:30,2026-07-31 15:00:00+05:30,1128.06375,1.7637500000000728,1126.3,1131.5912500000002,2026-07-31 15:05:00+05:30,TARGET,1.25,0.75,True,2026-07-31 15:05:00+05:30,True,2026-07-31 15:10:00+05:30,1131.5771875,2.7420269312543524,True,2026-07-31 15:25:00+05:30,False,False,True,False,False
42,2026-07-31,BUY,2026-07-31 14:55:00+05:30,2026-07-31 15:00:00+05:30,1128.06375,1.7637500000000728,1126.3,1131.5912500000002,2026-07-31 15:05:00+05:30,TARGET,1.25,1.0,True,2026-07-31 15:05:00+05:30,True,2026-07-31 15:10:00+05:30,1131.13625,2.7420269312543524,True,2026-07-31 15:25:00+05:30,False,False,True,False,False
42,2026-07-31,BUY,2026-07-31 14:55:00+05:30,2026-07-31 15:00:00+05:30,1128.06375,1.7637500000000728,1126.3,1131.5912500000002,2026-07-31 15:05:00+05:30,TARGET,1.5,0.25,True,2026-07-31 15:05:00+05:30,True,2026-07-31 15:10:00+05:30,1132.4590625,2.7420269312543524,True,2026-07-31 15:25:00+05:30,False,False,True,False,False
42,2026-07-31,BUY,2026-07-31 14:55:00+05:30,2026-07-31 15:00:00+05:30,1128.06375,1.7637500000000728,1126.3,1131.5912500000002,2026-07-31 15:05:00+05:30,TARGET,1.5,0.5,True,2026-07-31 15:05:00+05:30,True,2026-07-31 15:10:00+05:30,1132.018125,2.7420269312543524,True,2026-07-31 15:25:00+05:30,False,False,True,False,False
42,2026-07-31,BUY,2026-07-31 14:55:00+05:30,2026-07-31 15:00:00+05:30,1128.06375,1.7637500000000728,1126.3,1131.5912500000002,2026-07-31 15:05:00+05:30,TARGET,1.5,0.75,True,2026-07-31 15:05:00+05:30,True,2026-07-31 15:10:00+05:30,1131.5771875,2.7420269312543524,True,2026-07-31 15:25:00+05:30,False,False,True,False,False
42,2026-07-31,BUY,2026-07-31 14:55:00+05:30,2026-07-31 15:00:00+05:30,1128.06375,1.7637500000000728,1126.3,1131.5912500000002,2026-07-31 15:05:00+05:30,TARGET,1.5,1.0,True,2026-07-31 15:05:00+05:30,True,2026-07-31 15:10:00+05:30,1131.13625,2.7420269312543524,True,2026-07-31 15:25:00+05:30,False,False,True,False,False
43,2026-08-03,BUY,2026-08-03 10:10:00+05:30,2026-08-03 10:15:00+05:30,1158.67905,7.679049999999961,1151.0,1174.03715,2026-08-03 14:15:00+05:30,STOP_LOSS,0.5,0.25,True,2026-08-03 12:05:00+05:30,True,2026-08-03 12:10:00+05:30,1162.6802375,2.086319271264045,True,2026-08-03 15:05:00+05:30,False,False,False,True,True
43,2026-08-03,BUY,2026-08-03 10:10:00+05:30,2026-08-03 10:15:00+05:30,1158.67905,7.679049999999961,1151.0,1174.03715,2026-08-03 14:15:00+05:30,STOP_LOSS,0.5,0.5,True,2026-08-03 12:05:00+05:30,True,2026-08-03 14:15:00+05:30,1167.1604750000001,2.086319271264045,True,2026-08-03 15:05:00+05:30,False,False,False,True,True
43,2026-08-03,BUY,2026-08-03 10:10:00+05:30,2026-08-03 10:15:00+05:30,1158.67905,7.679049999999961,1151.0,1174.03715,2026-08-03 14:15:00+05:30,STOP_LOSS,0.5,0.75,True,2026-08-03 12:05:00+05:30,True,2026-08-04 09:15:00+05:30,1170.7407125,2.4509477083754025,True,2026-08-05 09:15:00+05:30,False,False,True,False,False
43,2026-08-03,BUY,2026-08-03 10:10:00+05:30,2026-08-03 10:15:00+05:30,1158.67905,7.679049999999961,1151.0,1174.03715,2026-08-03 14:15:00+05:30,STOP_LOSS,0.5,1.0,True,2026-08-03 12:05:00+05:30,True,2026-08-04 09:15:00+05:30,1168.82095,2.4509477083754025,True,2026-08-05 09:15:00+05:30,False,False,True,False,False
43,2026-08-03,BUY,2026-08-03 10:10:00+05:30,2026-08-03 10:15:00+05:30,1158.67905,7.679049999999961,1151.0,1174.03715,2026-08-03 14:15:00+05:30,STOP_LOSS,0.75,0.25,True,2026-08-03 12:10:00+05:30,True,2026-08-03 12:20:00+05:30,1162.6802375,2.086319271264045,True,2026-08-03 15:05:00+05:30,False,False,False,True,True
43,2026-08-03,BUY,2026-08-03 10:10:00+05:30,2026-08-03 10:15:00+05:30,1158.67905,7.679049999999961,1151.0,1174.03715,2026-08-03 14:15:00+05:30,STOP_LOSS,0.75,0.5,True,2026-08-03 12:10:00+05:30,True,2026-08-03 14:15:00+05:30,1167.1604750000001,2.086319271264045,True,2026-08-03 15:05:00+05:30,False,False,False,True,True
43,2026-08-03,BUY,2026-08-03 10:10:00+05:30,2026-08-03 10:15:00+05:30,1158.67905,7.679049999999961,1151.0,1174.03715,2026-08-03 14:15:00+05:30,STOP_LOSS,0.75,0.75,True,2026-08-03 12:10:00+05:30,True,2026-08-04 09:15:00+05:30,1170.7407125,2.4509477083754025,True,2026-08-05 09:15:00+05:30,False,False,True,False,False
43,2026-08-03,BUY,2026-08-03 10:10:00+05:30,2026-08-03 10:15:00+05:30,1158.67905,7.679049999999961,1151.0,1174.03715,2026-08-03 14:15:00+05:30,STOP_LOSS,0.75,1.0,True,2026-08-03 12:10:00+05:30,True,2026-08-04 09:15:00+05:30,1168.82095,2.4509477083754025,True,2026-08-05 09:15:00+05:30,False,False,True,False,False
43,2026-08-03,BUY,2026-08-03 10:10:00+05:30,2026-08-03 10:15:00+05:30,1158.67905,7.679049999999961,1151.0,1174.03715,2026-08-03 14:15:00+05:30,STOP_LOSS,1.0,0.25,True,2026-08-03 12:35:00+05:30,True,2026-08-03 12:40:00+05:30,1164.6802375,2.086319271264045,True,2026-08-03 15:05:00+05:30,False,False,False,True,True
43,2026-08-03,BUY,2026-08-03 10:10:00+05:30,2026-08-03 10:15:00+05:30,1158.67905,7.679049999999961,1151.0,1174.03715,2026-08-03 14:15:00+05:30,STOP_LOSS,1.0,0.5,True,2026-08-03 12:35:00+05:30,True,2026-08-03 14:15:00+05:30,1167.1604750000001,2.086319271264045,True,2026-08-03 15:05:00+05:30,False,False,False,True,True
43,2026-08-03,BUY,2026-08-03 10:10:00+05:30,2026-08-03 10:15:00+05:30,1158.67905,7.679049999999961,1151.0,1174.03715,2026-08-03 14:15:00+05:30,STOP_LOSS,1.0,0.75,True,2026-08-03 12:35:00+05:30,True,2026-08-04 09:15:00+05:30,1170.7407125,2.4509477083754025,True,2026-08-05 09:15:00+05:30,False,False,True,False,False
43,2026-08-03,BUY,2026-08-03 10:10:00+05:30,2026-08-03 10:15:00+05:30,1158.67905,7.679049999999961,1151.0,1174.03715,2026-08-03 14:15:00+05:30,STOP_LOSS,1.0,1.0,True,2026-08-03 12:35:00+05:30,True,2026-08-04 09:15:00+05:30,1168.82095,2.4509477083754025,True,2026-08-05 09:15:00+05:30,False,False,True,False,False
43,2026-08-03,BUY,2026-08-03 10:10:00+05:30,2026-08-03 10:15:00+05:30,1158.67905,7.679049999999961,1151.0,1174.03715,2026-08-03 14:15:00+05:30,STOP_LOSS,1.25,0.25,True,2026-08-03 13:40:00+05:30,True,2026-08-03 13:50:00+05:30,1167.8802375,2.086319271264045,True,2026-08-03 15:05:00+05:30,False,False,False,True,True
43,2026-08-03,BUY,2026-08-03 10:10:00+05:30,2026-08-03 10:15:00+05:30,1158.67905,7.679049999999961,1151.0,1174.03715,2026-08-03 14:15:00+05:30,STOP_LOSS,1.25,0.5,True,2026-08-03 13:40:00+05:30,True,2026-08-03 14:15:00+05:30,1167.1604750000001,2.086319271264045,True,2026-08-03 15:05:00+05:30,False,False,False,True,True
43,2026-08-03,BUY,2026-08-03 10:10:00+05:30,2026-08-03 10:15:00+05:30,1158.67905,7.679049999999961,1151.0,1174.03715,2026-08-03 14:15:00+05:30,STOP_LOSS,1.25,0.75,True,2026-08-03 13:40:00+05:30,True,2026-08-04 09:15:00+05:30,1170.7407125,2.4509477083754025,True,2026-08-05 09:15:00+05:30,False,False,True,False,False
43,2026-08-03,BUY,2026-08-03 10:10:00+05:30,2026-08-03 10:15:00+05:30,1158.67905,7.679049999999961,1151.0,1174.03715,2026-08-03 14:15:00+05:30,STOP_LOSS,1.25,1.0,True,2026-08-03 13:40:00+05:30,True,2026-08-04 09:15:00+05:30,1168.82095,2.4509477083754025,True,2026-08-05 09:15:00+05:30,False,False,True,False,False
43,2026-08-03,BUY,2026-08-03 10:10:00+05:30,2026-08-03 10:15:00+05:30,1158.67905,7.679049999999961,1151.0,1174.03715,2026-08-03 14:15:00+05:30,STOP_LOSS,1.5,0.25,True,2026-08-03 14:10:00+05:30,True,2026-08-03 14:15:00+05:30,1169.0802375,2.086319271264045,True,2026-08-03 15:05:00+05:30,False,False,False,True,True
43,2026-08-03,BUY,2026-08-03 10:10:00+05:30,2026-08-03 10:15:00+05:30,1158.67905,7.679049999999961,1151.0,1174.03715,2026-08-03 14:15:00+05:30,STOP_LOSS,1.5,0.5,True,2026-08-03 14:10:00+05:30,True,2026-08-03 14:15:00+05:30,1167.1604750000001,2.086319271264045,True,2026-08-03 15:05:00+05:30,False,False,False,True,True
43,2026-08-03,BUY,2026-08-03 10:10:00+05:30,2026-08-03 10:15:00+05:30,1158.67905,7.679049999999961,1151.0,1174.03715,2026-08-03 14:15:00+05:30,STOP_LOSS,1.5,0.75,True,2026-08-03 14:10:00+05:30,True,2026-08-04 09:15:00+05:30,1170.7407125,2.4509477083754025,True,2026-08-05 09:15:00+05:30,False,False,True,False,False
43,2026-08-03,BUY,2026-08-03 10:10:00+05:30,2026-08-03 10:15:00+05:30,1158.67905,7.679049999999961,1151.0,1174.03715,2026-08-03 14:15:00+05:30,STOP_LOSS,1.5,1.0,True,2026-08-03 14:10:00+05:30,True,2026-08-04 09:15:00+05:30,1168.82095,2.4509477083754025,True,2026-08-05 09:15:00+05:30,False,False,True,False,False
44,2026-08-04,SELL,2026-08-04 09:50:00+05:30,2026-08-04 09:55:00+05:30,1160.4195,2.580500000000029,1163.0,1155.2585,2026-08-04 11:05:00+05:30,STOP_LOSS,0.5,0.25,True,2026-08-04 10:00:00+05:30,True,2026-08-04 10:05:00+05:30,1157.845125,2.7589614415810644,True,2026-08-04 12:05:00+05:30,False,False,False,True,True
44,2026-08-04,SELL,2026-08-04 09:50:00+05:30,2026-08-04 09:55:00+05:30,1160.4195,2.580500000000029,1163.0,1155.2585,2026-08-04 11:05:00+05:30,STOP_LOSS,0.5,0.5,True,2026-08-04 10:00:00+05:30,True,2026-08-04 10:05:00+05:30,1158.49025,2.7589614415810644,True,2026-08-04 12:05:00+05:30,False,False,False,True,True
44,2026-08-04,SELL,2026-08-04 09:50:00+05:30,2026-08-04 09:55:00+05:30,1160.4195,2.580500000000029,1163.0,1155.2585,2026-08-04 11:05:00+05:30,STOP_LOSS,0.5,0.75,True,2026-08-04 10:00:00+05:30,True,2026-08-04 10:05:00+05:30,1159.135375,2.7589614415810644,True,2026-08-04 12:05:00+05:30,False,False,False,True,True
44,2026-08-04,SELL,2026-08-04 09:50:00+05:30,2026-08-04 09:55:00+05:30,1160.4195,2.580500000000029,1163.0,1155.2585,2026-08-04 11:05:00+05:30,STOP_LOSS,0.5,1.0,True,2026-08-04 10:00:00+05:30,True,2026-08-04 11:00:00+05:30,1158.9805000000001,2.7589614415810644,True,2026-08-04 12:05:00+05:30,False,False,False,True,True
44,2026-08-04,SELL,2026-08-04 09:50:00+05:30,2026-08-04 09:55:00+05:30,1160.4195,2.580500000000029,1163.0,1155.2585,2026-08-04 11:05:00+05:30,STOP_LOSS,0.75,0.25,True,2026-08-04 10:00:00+05:30,True,2026-08-04 10:05:00+05:30,1157.845125,2.7589614415810644,True,2026-08-04 12:05:00+05:30,False,False,False,True,True
44,2026-08-04,SELL,2026-08-04 09:50:00+05:30,2026-08-04 09:55:00+05:30,1160.4195,2.580500000000029,1163.0,1155.2585,2026-08-04 11:05:00+05:30,STOP_LOSS,0.75,0.5,True,2026-08-04 10:00:00+05:30,True,2026-08-04 10:05:00+05:30,1158.49025,2.7589614415810644,True,2026-08-04 12:05:00+05:30,False,False,False,True,True
44,2026-08-04,SELL,2026-08-04 09:50:00+05:30,2026-08-04 09:55:00+05:30,1160.4195,2.580500000000029,1163.0,1155.2585,2026-08-04 11:05:00+05:30,STOP_LOSS,0.75,0.75,True,2026-08-04 10:00:00+05:30,True,2026-08-04 10:05:00+05:30,1159.135375,2.7589614415810644,True,2026-08-04 12:05:00+05:30,False,False,False,True,True
44,2026-08-04,SELL,2026-08-04 09:50:00+05:30,2026-08-04 09:55:00+05:30,1160.4195,2.580500000000029,1163.0,1155.2585,2026-08-04 11:05:00+05:30,STOP_LOSS,0.75,1.0,True,2026-08-04 10:00:00+05:30,True,2026-08-04 11:00:00+05:30,1158.9805000000001,2.7589614415810644,True,2026-08-04 12:05:00+05:30,False,False,False,True,True
44,2026-08-04,SELL,2026-08-04 09:50:00+05:30,2026-08-04 09:55:00+05:30,1160.4195,2.580500000000029,1163.0,1155.2585,2026-08-04 11:05:00+05:30,STOP_LOSS,1.0,0.25,True,2026-08-04 10:00:00+05:30,True,2026-08-04 10:05:00+05:30,1157.845125,2.7589614415810644,True,2026-08-04 12:05:00+05:30,False,False,False,True,True
44,2026-08-04,SELL,2026-08-04 09:50:00+05:30,2026-08-04 09:55:00+05:30,1160.4195,2.580500000000029,1163.0,1155.2585,2026-08-04 11:05:00+05:30,STOP_LOSS,1.0,0.5,True,2026-08-04 10:00:00+05:30,True,2026-08-04 10:05:00+05:30,1158.49025,2.7589614415810644,True,2026-08-04 12:05:00+05:30,False,False,False,True,True
44,2026-08-04,SELL,2026-08-04 09:50:00+05:30,2026-08-04 09:55:00+05:30,1160.4195,2.580500000000029,1163.0,1155.2585,2026-08-04 11:05:00+05:30,STOP_LOSS,1.0,0.75,True,2026-08-04 10:00:00+05:30,True,2026-08-04 10:05:00+05:30,1159.135375,2.7589614415810644,True,2026-08-04 12:05:00+05:30,False,False,False,True,True
44,2026-08-04,SELL,2026-08-04 09:50:00+05:30,2026-08-04 09:55:00+05:30,1160.4195,2.580500000000029,1163.0,1155.2585,2026-08-04 11:05:00+05:30,STOP_LOSS,1.0,1.0,True,2026-08-04 10:00:00+05:30,True,2026-08-04 11:00:00+05:30,1158.9805000000001,2.7589614415810644,True,2026-08-04 12:05:00+05:30,False,False,False,True,True
44,2026-08-04,SELL,2026-08-04 09:50:00+05:30,2026-08-04 09:55:00+05:30,1160.4195,2.580500000000029,1163.0,1155.2585,2026-08-04 11:05:00+05:30,STOP_LOSS,1.25,0.25,True,2026-08-04 10:45:00+05:30,True,2026-08-04 10:50:00+05:30,1157.045125,2.7589614415810644,True,2026-08-04 12:05:00+05:30,False,False,False,True,True
44,2026-08-04,SELL,2026-08-04 09:50:00+05:30,2026-08-04 09:55:00+05:30,1160.4195,2.580500000000029,1163.0,1155.2585,2026-08-04 11:05:00+05:30,STOP_LOSS,1.25,0.5,True,2026-08-04 10:45:00+05:30,True,2026-08-04 10:50:00+05:30,1157.69025,2.7589614415810644,True,2026-08-04 12:05:00+05:30,False,False,False,True,True
44,2026-08-04,SELL,2026-08-04 09:50:00+05:30,2026-08-04 09:55:00+05:30,1160.4195,2.580500000000029,1163.0,1155.2585,2026-08-04 11:05:00+05:30,STOP_LOSS,1.25,0.75,True,2026-08-04 10:45:00+05:30,True,2026-08-04 10:50:00+05:30,1158.335375,2.7589614415810644,True,2026-08-04 12:05:00+05:30,False,False,False,True,True
44,2026-08-04,SELL,2026-08-04 09:50:00+05:30,2026-08-04 09:55:00+05:30,1160.4195,2.580500000000029,1163.0,1155.2585,2026-08-04 11:05:00+05:30,STOP_LOSS,1.25,1.0,True,2026-08-04 10:45:00+05:30,True,2026-08-04 11:00:00+05:30,1158.9805000000001,2.7589614415810644,True,2026-08-04 12:05:00+05:30,False,False,False,True,True
44,2026-08-04,SELL,2026-08-04 09:50:00+05:30,2026-08-04 09:55:00+05:30,1160.4195,2.580500000000029,1163.0,1155.2585,2026-08-04 11:05:00+05:30,STOP_LOSS,1.5,0.25,True,2026-08-04 10:45:00+05:30,True,2026-08-04 10:50:00+05:30,1157.045125,2.7589614415810644,True,2026-08-04 12:05:00+05:30,False,False,False,True,True
44,2026-08-04,SELL,2026-08-04 09:50:00+05:30,2026-08-04 09:55:00+05:30,1160.4195,2.580500000000029,1163.0,1155.2585,2026-08-04 11:05:00+05:30,STOP_LOSS,1.5,0.5,True,2026-08-04 10:45:00+05:30,True,2026-08-04 10:50:00+05:30,1157.69025,2.7589614415810644,True,2026-08-04 12:05:00+05:30,False,False,False,True,True
44,2026-08-04,SELL,2026-08-04 09:50:00+05:30,2026-08-04 09:55:00+05:30,1160.4195,2.580500000000029,1163.0,1155.2585,2026-08-04 11:05:00+05:30,STOP_LOSS,1.5,0.75,True,2026-08-04 10:45:00+05:30,True,2026-08-04 10:50:00+05:30,1158.335375,2.7589614415810644,True,2026-08-04 12:05:00+05:30,False,False,False,True,True
44,2026-08-04,SELL,2026-08-04 09:50:00+05:30,2026-08-04 09:55:00+05:30,1160.4195,2.580500000000029,1163.0,1155.2585,2026-08-04 11:05:00+05:30,STOP_LOSS,1.5,1.0,True,2026-08-04 10:45:00+05:30,True,2026-08-04 11:00:00+05:30,1158.9805000000001,2.7589614415810644,True,2026-08-04 12:05:00+05:30,False,False,False,True,True
45,2026-08-04,SELL,2026-08-04 11:40:00+05:30,2026-08-04 11:45:00+05:30,1160.4195,2.180499999999938,1162.6,1156.0585,2026-08-04 12:00:00+05:30,TARGET,0.5,0.25,True,2026-08-04 11:45:00+05:30,True,2026-08-04 11:50:00+05:30,1158.645125,2.1185507911030257,True,2026-08-04 12:00:00+05:30,False,False,False,True,True
45,2026-08-04,SELL,2026-08-04 11:40:00+05:30,2026-08-04 11:45:00+05:30,1160.4195,2.180499999999938,1162.6,1156.0585,2026-08-04 12:00:00+05:30,TARGET,0.5,0.5,True,2026-08-04 11:45:00+05:30,True,2026-08-04 11:50:00+05:30,1159.1902499999999,2.1185507911030257,True,2026-08-04 12:00:00+05:30,False,False,False,True,True
45,2026-08-04,SELL,2026-08-04 11:40:00+05:30,2026-08-04 11:45:00+05:30,1160.4195,2.180499999999938,1162.6,1156.0585,2026-08-04 12:00:00+05:30,TARGET,0.5,0.75,True,2026-08-04 11:45:00+05:30,True,2026-08-04 11:55:00+05:30,1158.835375,2.1185507911030257,True,2026-08-04 12:00:00+05:30,False,False,False,True,True
45,2026-08-04,SELL,2026-08-04 11:40:00+05:30,2026-08-04 11:45:00+05:30,1160.4195,2.180499999999938,1162.6,1156.0585,2026-08-04 12:00:00+05:30,TARGET,0.5,1.0,True,2026-08-04 11:45:00+05:30,True,2026-08-04 12:00:00+05:30,1157.9805,3.2650768172438513,True,2026-08-04 12:05:00+05:30,False,False,True,False,False
45,2026-08-04,SELL,2026-08-04 11:40:00+05:30,2026-08-04 11:45:00+05:30,1160.4195,2.180499999999938,1162.6,1156.0585,2026-08-04 12:00:00+05:30,TARGET,0.75,0.25,True,2026-08-04 11:45:00+05:30,True,2026-08-04 11:50:00+05:30,1158.645125,2.1185507911030257,True,2026-08-04 12:00:00+05:30,False,False,False,True,True
45,2026-08-04,SELL,2026-08-04 11:40:00+05:30,2026-08-04 11:45:00+05:30,1160.4195,2.180499999999938,1162.6,1156.0585,2026-08-04 12:00:00+05:30,TARGET,0.75,0.5,True,2026-08-04 11:45:00+05:30,True,2026-08-04 11:50:00+05:30,1159.1902499999999,2.1185507911030257,True,2026-08-04 12:00:00+05:30,False,False,False,True,True
45,2026-08-04,SELL,2026-08-04 11:40:00+05:30,2026-08-04 11:45:00+05:30,1160.4195,2.180499999999938,1162.6,1156.0585,2026-08-04 12:00:00+05:30,TARGET,0.75,0.75,True,2026-08-04 11:45:00+05:30,True,2026-08-04 11:55:00+05:30,1158.835375,2.1185507911030257,True,2026-08-04 12:00:00+05:30,False,False,False,True,True
45,2026-08-04,SELL,2026-08-04 11:40:00+05:30,2026-08-04 11:45:00+05:30,1160.4195,2.180499999999938,1162.6,1156.0585,2026-08-04 12:00:00+05:30,TARGET,0.75,1.0,True,2026-08-04 11:45:00+05:30,True,2026-08-04 12:00:00+05:30,1157.9805,3.2650768172438513,True,2026-08-04 12:05:00+05:30,False,False,True,False,False
45,2026-08-04,SELL,2026-08-04 11:40:00+05:30,2026-08-04 11:45:00+05:30,1160.4195,2.180499999999938,1162.6,1156.0585,2026-08-04 12:00:00+05:30,TARGET,1.0,0.25,True,2026-08-04 11:50:00+05:30,True,2026-08-04 11:55:00+05:30,1157.745125,2.1185507911030257,True,2026-08-04 12:00:00+05:30,False,False,False,True,True
45,2026-08-04,SELL,2026-08-04 11:40:00+05:30,2026-08-04 11:45:00+05:30,1160.4195,2.180499999999938,1162.6,1156.0585,2026-08-04 12:00:00+05:30,TARGET,1.0,0.5,True,2026-08-04 11:50:00+05:30,True,2026-08-04 11:55:00+05:30,1158.29025,2.1185507911030257,True,2026-08-04 12:00:00+05:30,False,False,False,True,True
45,2026-08-04,SELL,2026-08-04 11:40:00+05:30,2026-08-04 11:45:00+05:30,1160.4195,2.180499999999938,1162.6,1156.0585,2026-08-04 12:00:00+05:30,TARGET,1.0,0.75,True,2026-08-04 11:50:00+05:30,True,2026-08-04 11:55:00+05:30,1158.835375,2.1185507911030257,True,2026-08-04 12:00:00+05:30,False,False,False,True,True
45,2026-08-04,SELL,2026-08-04 11:40:00+05:30,2026-08-04 11:45:00+05:30,1160.4195,2.180499999999938,1162.6,1156.0585,2026-08-04 12:00:00+05:30,TARGET,1.0,1.0,True,2026-08-04 11:50:00+05:30,True,2026-08-04 12:00:00+05:30,1157.9805,3.2650768172438513,True,2026-08-04 12:05:00+05:30,False,False,True,False,False
45,2026-08-04,SELL,2026-08-04 11:40:00+05:30,2026-08-04 11:45:00+05:30,1160.4195,2.180499999999938,1162.6,1156.0585,2026-08-04 12:00:00+05:30,TARGET,1.25,0.25,True,2026-08-04 11:55:00+05:30,True,2026-08-04 12:00:00+05:30,1156.3451249999998,3.2650768172438513,True,2026-08-04 12:05:00+05:30,False,False,True,False,False
45,2026-08-04,SELL,2026-08-04 11:40:00+05:30,2026-08-04 11:45:00+05:30,1160.4195,2.180499999999938,1162.6,1156.0585,2026-08-04 12:00:00+05:30,TARGET,1.25,0.5,True,2026-08-04 11:55:00+05:30,True,2026-08-04 12:00:00+05:30,1156.89025,3.2650768172438513,True,2026-08-04 12:05:00+05:30,False,False,True,False,False
45,2026-08-04,SELL,2026-08-04 11:40:00+05:30,2026-08-04 11:45:00+05:30,1160.4195,2.180499999999938,1162.6,1156.0585,2026-08-04 12:00:00+05:30,TARGET,1.25,0.75,True,2026-08-04 11:55:00+05:30,True,2026-08-04 12:00:00+05:30,1157.435375,3.2650768172438513,True,2026-08-04 12:05:00+05:30,False,False,True,False,False
45,2026-08-04,SELL,2026-08-04 11:40:00+05:30,2026-08-04 11:45:00+05:30,1160.4195,2.180499999999938,1162.6,1156.0585,2026-08-04 12:00:00+05:30,TARGET,1.25,1.0,True,2026-08-04 11:55:00+05:30,True,2026-08-04 12:00:00+05:30,1157.9805,3.2650768172438513,True,2026-08-04 12:05:00+05:30,False,False,True,False,False
45,2026-08-04,SELL,2026-08-04 11:40:00+05:30,2026-08-04 11:45:00+05:30,1160.4195,2.180499999999938,1162.6,1156.0585,2026-08-04 12:00:00+05:30,TARGET,1.5,0.25,True,2026-08-04 12:00:00+05:30,True,2026-08-04 12:05:00+05:30,1153.8451249999998,3.2650768172438513,True,2026-08-04 12:10:00+05:30,False,False,True,False,False
45,2026-08-04,SELL,2026-08-04 11:40:00+05:30,2026-08-04 11:45:00+05:30,1160.4195,2.180499999999938,1162.6,1156.0585,2026-08-04 12:00:00+05:30,TARGET,1.5,0.5,True,2026-08-04 12:00:00+05:30,True,2026-08-04 12:05:00+05:30,1154.39025,3.2650768172438513,True,2026-08-04 12:10:00+05:30,False,False,True,False,False
45,2026-08-04,SELL,2026-08-04 11:40:00+05:30,2026-08-04 11:45:00+05:30,1160.4195,2.180499999999938,1162.6,1156.0585,2026-08-04 12:00:00+05:30,TARGET,1.5,0.75,True,2026-08-04 12:00:00+05:30,True,2026-08-04 12:05:00+05:30,1154.935375,3.2650768172438513,True,2026-08-04 12:10:00+05:30,False,False,True,False,False
45,2026-08-04,SELL,2026-08-04 11:40:00+05:30,2026-08-04 11:45:00+05:30,1160.4195,2.180499999999938,1162.6,1156.0585,2026-08-04 12:00:00+05:30,TARGET,1.5,1.0,True,2026-08-04 12:00:00+05:30,True,2026-08-04 12:05:00+05:30,1155.4805,3.2650768172438513,True,2026-08-04 12:10:00+05:30,False,False,True,False,False
46,2026-08-04,SELL,2026-08-04 13:45:00+05:30,2026-08-04 13:50:00+05:30,1159.12015,1.4798499999999422,1160.6,1156.16045,2026-08-04 14:05:00+05:30,STOP_LOSS,0.5,0.25,True,2026-08-04 14:20:00+05:30,True,2026-08-04 14:25:00+05:30,1158.3699625,2.378720816299081,True,2026-08-07 09:15:00+05:30,True,True,False,True,False
46,2026-08-04,SELL,2026-08-04 13:45:00+05:30,2026-08-04 13:50:00+05:30,1159.12015,1.4798499999999422,1160.6,1156.16045,2026-08-04 14:05:00+05:30,STOP_LOSS,0.5,0.5,True,2026-08-04 14:20:00+05:30,True,2026-08-04 14:25:00+05:30,1158.7399249999999,2.378720816299081,True,2026-08-07 09:15:00+05:30,True,True,False,True,False
46,2026-08-04,SELL,2026-08-04 13:45:00+05:30,2026-08-04 13:50:00+05:30,1159.12015,1.4798499999999422,1160.6,1156.16045,2026-08-04 14:05:00+05:30,STOP_LOSS,0.5,0.75,True,2026-08-04 14:20:00+05:30,True,2026-08-04 14:25:00+05:30,1159.1098875,2.378720816299081,True,2026-08-07 09:15:00+05:30,True,True,False,True,False
46,2026-08-04,SELL,2026-08-04 13:45:00+05:30,2026-08-04 13:50:00+05:30,1159.12015,1.4798499999999422,1160.6,1156.16045,2026-08-04 14:05:00+05:30,STOP_LOSS,0.5,1.0,True,2026-08-04 14:20:00+05:30,True,2026-08-04 14:25:00+05:30,1159.47985,2.378720816299081,True,2026-08-07 09:15:00+05:30,True,True,False,True,False
46,2026-08-04,SELL,2026-08-04 13:45:00+05:30,2026-08-04 13:50:00+05:30,1159.12015,1.4798499999999422,1160.6,1156.16045,2026-08-04 14:05:00+05:30,STOP_LOSS,0.75,0.25,True,2026-08-04 14:20:00+05:30,True,2026-08-04 14:25:00+05:30,1158.3699625,2.378720816299081,True,2026-08-07 09:15:00+05:30,True,True,False,True,False
46,2026-08-04,SELL,2026-08-04 13:45:00+05:30,2026-08-04 13:50:00+05:30,1159.12015,1.4798499999999422,1160.6,1156.16045,2026-08-04 14:05:00+05:30,STOP_LOSS,0.75,0.5,True,2026-08-04 14:20:00+05:30,True,2026-08-04 14:25:00+05:30,1158.7399249999999,2.378720816299081,True,2026-08-07 09:15:00+05:30,True,True,False,True,False
46,2026-08-04,SELL,2026-08-04 13:45:00+05:30,2026-08-04 13:50:00+05:30,1159.12015,1.4798499999999422,1160.6,1156.16045,2026-08-04 14:05:00+05:30,STOP_LOSS,0.75,0.75,True,2026-08-04 14:20:00+05:30,True,2026-08-04 14:25:00+05:30,1159.1098875,2.378720816299081,True,2026-08-07 09:15:00+05:30,True,True,False,True,False
46,2026-08-04,SELL,2026-08-04 13:45:00+05:30,2026-08-04 13:50:00+05:30,1159.12015,1.4798499999999422,1160.6,1156.16045,2026-08-04 14:05:00+05:30,STOP_LOSS,0.75,1.0,True,2026-08-04 14:20:00+05:30,True,2026-08-04 14:25:00+05:30,1159.47985,2.378720816299081,True,2026-08-07 09:15:00+05:30,True,True,False,True,False
46,2026-08-04,SELL,2026-08-04 13:45:00+05:30,2026-08-04 13:50:00+05:30,1159.12015,1.4798499999999422,1160.6,1156.16045,2026-08-04 14:05:00+05:30,STOP_LOSS,1.0,0.25,True,2026-08-04 15:00:00+05:30,True,2026-08-04 15:05:00+05:30,1156.8699625,2.378720816299081,True,2026-08-07 09:15:00+05:30,True,True,False,True,False
46,2026-08-04,SELL,2026-08-04 13:45:00+05:30,2026-08-04 13:50:00+05:30,1159.12015,1.4798499999999422,1160.6,1156.16045,2026-08-04 14:05:00+05:30,STOP_LOSS,1.0,0.5,True,2026-08-04 15:00:00+05:30,True,2026-08-04 15:05:00+05:30,1157.2399249999999,2.378720816299081,True,2026-08-07 09:15:00+05:30,True,True,False,True,False
46,2026-08-04,SELL,2026-08-04 13:45:00+05:30,2026-08-04 13:50:00+05:30,1159.12015,1.4798499999999422,1160.6,1156.16045,2026-08-04 14:05:00+05:30,STOP_LOSS,1.0,0.75,True,2026-08-04 15:00:00+05:30,True,2026-08-04 15:05:00+05:30,1157.6098875,2.378720816299081,True,2026-08-07 09:15:00+05:30,True,True,False,True,False
46,2026-08-04,SELL,2026-08-04 13:45:00+05:30,2026-08-04 13:50:00+05:30,1159.12015,1.4798499999999422,1160.6,1156.16045,2026-08-04 14:05:00+05:30,STOP_LOSS,1.0,1.0,True,2026-08-04 15:00:00+05:30,True,2026-08-04 15:05:00+05:30,1157.97985,2.378720816299081,True,2026-08-07 09:15:00+05:30,True,True,False,True,False
46,2026-08-04,SELL,2026-08-04 13:45:00+05:30,2026-08-04 13:50:00+05:30,1159.12015,1.4798499999999422,1160.6,1156.16045,2026-08-04 14:05:00+05:30,STOP_LOSS,1.25,0.25,True,2026-08-04 15:00:00+05:30,True,2026-08-04 15:05:00+05:30,1156.8699625,2.378720816299081,True,2026-08-07 09:15:00+05:30,True,True,False,True,False
46,2026-08-04,SELL,2026-08-04 13:45:00+05:30,2026-08-04 13:50:00+05:30,1159.12015,1.4798499999999422,1160.6,1156.16045,2026-08-04 14:05:00+05:30,STOP_LOSS,1.25,0.5,True,2026-08-04 15:00:00+05:30,True,2026-08-04 15:05:00+05:30,1157.2399249999999,2.378720816299081,True,2026-08-07 09:15:00+05:30,True,True,False,True,False
46,2026-08-04,SELL,2026-08-04 13:45:00+05:30,2026-08-04 13:50:00+05:30,1159.12015,1.4798499999999422,1160.6,1156.16045,2026-08-04 14:05:00+05:30,STOP_LOSS,1.25,0.75,True,2026-08-04 15:00:00+05:30,True,2026-08-04 15:05:00+05:30,1157.6098875,2.378720816299081,True,2026-08-07 09:15:00+05:30,True,True,False,True,False
46,2026-08-04,SELL,2026-08-04 13:45:00+05:30,2026-08-04 13:50:00+05:30,1159.12015,1.4798499999999422,1160.6,1156.16045,2026-08-04 14:05:00+05:30,STOP_LOSS,1.25,1.0,True,2026-08-04 15:00:00+05:30,True,2026-08-04 15:05:00+05:30,1157.97985,2.378720816299081,True,2026-08-07 09:15:00+05:30,True,True,False,True,False
46,2026-08-04,SELL,2026-08-04 13:45:00+05:30,2026-08-04 13:50:00+05:30,1159.12015,1.4798499999999422,1160.6,1156.16045,2026-08-04 14:05:00+05:30,STOP_LOSS,1.5,0.25,True,2026-08-04 15:05:00+05:30,True,2026-08-04 15:10:00+05:30,1156.8699625,2.378720816299081,True,2026-08-07 09:15:00+05:30,True,True,False,True,False
46,2026-08-04,SELL,2026-08-04 13:45:00+05:30,2026-08-04 13:50:00+05:30,1159.12015,1.4798499999999422,1160.6,1156.16045,2026-08-04 14:05:00+05:30,STOP_LOSS,1.5,0.5,True,2026-08-04 15:05:00+05:30,True,2026-08-04 15:10:00+05:30,1157.2399249999999,2.378720816299081,True,2026-08-07 09:15:00+05:30,True,True,False,True,False
46,2026-08-04,SELL,2026-08-04 13:45:00+05:30,2026-08-04 13:50:00+05:30,1159.12015,1.4798499999999422,1160.6,1156.16045,2026-08-04 14:05:00+05:30,STOP_LOSS,1.5,0.75,True,2026-08-04 15:05:00+05:30,True,2026-08-04 15:10:00+05:30,1157.6098875,2.378720816299081,True,2026-08-07 09:15:00+05:30,True,True,False,True,False
46,2026-08-04,SELL,2026-08-04 13:45:00+05:30,2026-08-04 13:50:00+05:30,1159.12015,1.4798499999999422,1160.6,1156.16045,2026-08-04 14:05:00+05:30,STOP_LOSS,1.5,1.0,True,2026-08-04 15:05:00+05:30,True,2026-08-04 15:10:00+05:30,1157.97985,2.378720816299081,True,2026-08-07 09:15:00+05:30,True,True,False,True,False
47,2026-08-04,SELL,2026-08-04 14:10:00+05:30,2026-08-04 14:15:00+05:30,1159.0202,1.279800000000023,1160.3,1156.4606,2026-08-04 14:30:00+05:30,STOP_LOSS,0.5,0.25,True,2026-08-04 14:20:00+05:30,True,2026-08-04 14:25:00+05:30,1158.31995,2.672448820128115,True,2026-08-07 09:15:00+05:30,False,True,False,True,False
47,2026-08-04,SELL,2026-08-04 14:10:00+05:30,2026-08-04 14:15:00+05:30,1159.0202,1.279800000000023,1160.3,1156.4606,2026-08-04 14:30:00+05:30,STOP_LOSS,0.5,0.5,True,2026-08-04 14:20:00+05:30,True,2026-08-04 14:25:00+05:30,1158.6399000000001,2.672448820128115,True,2026-08-07 09:15:00+05:30,False,True,False,True,False
47,2026-08-04,SELL,2026-08-04 14:10:00+05:30,2026-08-04 14:15:00+05:30,1159.0202,1.279800000000023,1160.3,1156.4606,2026-08-04 14:30:00+05:30,STOP_LOSS,0.5,0.75,True,2026-08-04 14:20:00+05:30,True,2026-08-04 14:25:00+05:30,1158.95985,2.672448820128115,True,2026-08-07 09:15:00+05:30,False,True,False,True,False
47,2026-08-04,SELL,2026-08-04 14:10:00+05:30,2026-08-04 14:15:00+05:30,1159.0202,1.279800000000023,1160.3,1156.4606,2026-08-04 14:30:00+05:30,STOP_LOSS,0.5,1.0,True,2026-08-04 14:20:00+05:30,True,2026-08-04 14:25:00+05:30,1159.2798,2.672448820128115,True,2026-08-07 09:15:00+05:30,False,True,False,True,False
47,2026-08-04,SELL,2026-08-04 14:10:00+05:30,2026-08-04 14:15:00+05:30,1159.0202,1.279800000000023,1160.3,1156.4606,2026-08-04 14:30:00+05:30,STOP_LOSS,0.75,0.25,True,2026-08-04 14:20:00+05:30,True,2026-08-04 14:25:00+05:30,1158.31995,2.672448820128115,True,2026-08-07 09:15:00+05:30,False,True,False,True,False
47,2026-08-04,SELL,2026-08-04 14:10:00+05:30,2026-08-04 14:15:00+05:30,1159.0202,1.279800000000023,1160.3,1156.4606,2026-08-04 14:30:00+05:30,STOP_LOSS,0.75,0.5,True,2026-08-04 14:20:00+05:30,True,2026-08-04 14:25:00+05:30,1158.6399000000001,2.672448820128115,True,2026-08-07 09:15:00+05:30,False,True,False,True,False
47,2026-08-04,SELL,2026-08-04 14:10:00+05:30,2026-08-04 14:15:00+05:30,1159.0202,1.279800000000023,1160.3,1156.4606,2026-08-04 14:30:00+05:30,STOP_LOSS,0.75,0.75,True,2026-08-04 14:20:00+05:30,True,2026-08-04 14:25:00+05:30,1158.95985,2.672448820128115,True,2026-08-07 09:15:00+05:30,False,True,False,True,False
47,2026-08-04,SELL,2026-08-04 14:10:00+05:30,2026-08-04 14:15:00+05:30,1159.0202,1.279800000000023,1160.3,1156.4606,2026-08-04 14:30:00+05:30,STOP_LOSS,0.75,1.0,True,2026-08-04 14:20:00+05:30,True,2026-08-04 14:25:00+05:30,1159.2798,2.672448820128115,True,2026-08-07 09:15:00+05:30,False,True,False,True,False
47,2026-08-04,SELL,2026-08-04 14:10:00+05:30,2026-08-04 14:15:00+05:30,1159.0202,1.279800000000023,1160.3,1156.4606,2026-08-04 14:30:00+05:30,STOP_LOSS,1.0,0.25,True,2026-08-04 15:00:00+05:30,True,2026-08-04 15:05:00+05:30,1156.81995,2.672448820128115,True,2026-08-07 09:15:00+05:30,True,True,False,True,False
47,2026-08-04,SELL,2026-08-04 14:10:00+05:30,2026-08-04 14:15:00+05:30,1159.0202,1.279800000000023,1160.3,1156.4606,2026-08-04 14:30:00+05:30,STOP_LOSS,1.0,0.5,True,2026-08-04 15:00:00+05:30,True,2026-08-04 15:05:00+05:30,1157.1399000000001,2.672448820128115,True,2026-08-07 09:15:00+05:30,True,True,False,True,False
47,2026-08-04,SELL,2026-08-04 14:10:00+05:30,2026-08-04 14:15:00+05:30,1159.0202,1.279800000000023,1160.3,1156.4606,2026-08-04 14:30:00+05:30,STOP_LOSS,1.0,0.75,True,2026-08-04 15:00:00+05:30,True,2026-08-04 15:05:00+05:30,1157.45985,2.672448820128115,True,2026-08-07 09:15:00+05:30,True,True,False,True,False
47,2026-08-04,SELL,2026-08-04 14:10:00+05:30,2026-08-04 14:15:00+05:30,1159.0202,1.279800000000023,1160.3,1156.4606,2026-08-04 14:30:00+05:30,STOP_LOSS,1.0,1.0,True,2026-08-04 15:00:00+05:30,True,2026-08-04 15:05:00+05:30,1157.7798,2.672448820128115,True,2026-08-07 09:15:00+05:30,True,True,False,True,False
47,2026-08-04,SELL,2026-08-04 14:10:00+05:30,2026-08-04 14:15:00+05:30,1159.0202,1.279800000000023,1160.3,1156.4606,2026-08-04 14:30:00+05:30,STOP_LOSS,1.25,0.25,True,2026-08-04 15:00:00+05:30,True,2026-08-04 15:05:00+05:30,1156.81995,2.672448820128115,True,2026-08-07 09:15:00+05:30,True,True,False,True,False
47,2026-08-04,SELL,2026-08-04 14:10:00+05:30,2026-08-04 14:15:00+05:30,1159.0202,1.279800000000023,1160.3,1156.4606,2026-08-04 14:30:00+05:30,STOP_LOSS,1.25,0.5,True,2026-08-04 15:00:00+05:30,True,2026-08-04 15:05:00+05:30,1157.1399000000001,2.672448820128115,True,2026-08-07 09:15:00+05:30,True,True,False,True,False
47,2026-08-04,SELL,2026-08-04 14:10:00+05:30,2026-08-04 14:15:00+05:30,1159.0202,1.279800000000023,1160.3,1156.4606,2026-08-04 14:30:00+05:30,STOP_LOSS,1.25,0.75,True,2026-08-04 15:00:00+05:30,True,2026-08-04 15:05:00+05:30,1157.45985,2.672448820128115,True,2026-08-07 09:15:00+05:30,True,True,False,True,False
47,2026-08-04,SELL,2026-08-04 14:10:00+05:30,2026-08-04 14:15:00+05:30,1159.0202,1.279800000000023,1160.3,1156.4606,2026-08-04 14:30:00+05:30,STOP_LOSS,1.25,1.0,True,2026-08-04 15:00:00+05:30,True,2026-08-04 15:05:00+05:30,1157.7798,2.672448820128115,True,2026-08-07 09:15:00+05:30,True,True,False,True,False
47,2026-08-04,SELL,2026-08-04 14:10:00+05:30,2026-08-04 14:15:00+05:30,1159.0202,1.279800000000023,1160.3,1156.4606,2026-08-04 14:30:00+05:30,STOP_LOSS,1.5,0.25,True,2026-08-04 15:00:00+05:30,True,2026-08-04 15:05:00+05:30,1156.81995,2.672448820128115,True,2026-08-07 09:15:00+05:30,True,True,False,True,False
47,2026-08-04,SELL,2026-08-04 14:10:00+05:30,2026-08-04 14:15:00+05:30,1159.0202,1.279800000000023,1160.3,1156.4606,2026-08-04 14:30:00+05:30,STOP_LOSS,1.5,0.5,True,2026-08-04 15:00:00+05:30,True,2026-08-04 15:05:00+05:30,1157.1399000000001,2.672448820128115,True,2026-08-07 09:15:00+05:30,True,True,False,True,False
47,2026-08-04,SELL,2026-08-04 14:10:00+05:30,2026-08-04 14:15:00+05:30,1159.0202,1.279800000000023,1160.3,1156.4606,2026-08-04 14:30:00+05:30,STOP_LOSS,1.5,0.75,True,2026-08-04 15:00:00+05:30,True,2026-08-04 15:05:00+05:30,1157.45985,2.672448820128115,True,2026-08-07 09:15:00+05:30,True,True,False,True,False
47,2026-08-04,SELL,2026-08-04 14:10:00+05:30,2026-08-04 14:15:00+05:30,1159.0202,1.279800000000023,1160.3,1156.4606,2026-08-04 14:30:00+05:30,STOP_LOSS,1.5,1.0,True,2026-08-04 15:00:00+05:30,True,2026-08-04 15:05:00+05:30,1157.7798,2.672448820128115,True,2026-08-07 09:15:00+05:30,True,True,False,True,False
48,2026-08-05,SELL,2026-08-05 09:50:00+05:30,2026-08-05 09:55:00+05:30,1163.6179,4.182099999999991,1167.8,1155.2537,2026-08-05 10:20:00+05:30,STOP_LOSS,0.5,0.25,True,2026-08-07 09:15:00+05:30,True,2026-08-07 09:20:00+05:30,1156.645525,1.9171947107912461,False,,True,True,False,False,False
48,2026-08-05,SELL,2026-08-05 09:50:00+05:30,2026-08-05 09:55:00+05:30,1163.6179,4.182099999999991,1167.8,1155.2537,2026-08-05 10:20:00+05:30,STOP_LOSS,0.5,0.5,True,2026-08-07 09:15:00+05:30,True,2026-08-07 09:20:00+05:30,1157.69105,1.9171947107912461,False,,True,True,False,False,False
48,2026-08-05,SELL,2026-08-05 09:50:00+05:30,2026-08-05 09:55:00+05:30,1163.6179,4.182099999999991,1167.8,1155.2537,2026-08-05 10:20:00+05:30,STOP_LOSS,0.5,0.75,True,2026-08-07 09:15:00+05:30,True,2026-08-07 09:20:00+05:30,1158.736575,1.9171947107912461,False,,True,True,False,False,False
48,2026-08-05,SELL,2026-08-05 09:50:00+05:30,2026-08-05 09:55:00+05:30,1163.6179,4.182099999999991,1167.8,1155.2537,2026-08-05 10:20:00+05:30,STOP_LOSS,0.5,1.0,True,2026-08-07 09:15:00+05:30,True,2026-08-07 09:20:00+05:30,1159.7821,1.9171947107912461,False,,True,True,False,False,False
48,2026-08-05,SELL,2026-08-05 09:50:00+05:30,2026-08-05 09:55:00+05:30,1163.6179,4.182099999999991,1167.8,1155.2537,2026-08-05 10:20:00+05:30,STOP_LOSS,0.75,0.25,True,2026-08-07 09:15:00+05:30,True,2026-08-07 09:20:00+05:30,1156.645525,1.9171947107912461,False,,True,True,False,False,False
48,2026-08-05,SELL,2026-08-05 09:50:00+05:30,2026-08-05 09:55:00+05:30,1163.6179,4.182099999999991,1167.8,1155.2537,2026-08-05 10:20:00+05:30,STOP_LOSS,0.75,0.5,True,2026-08-07 09:15:00+05:30,True,2026-08-07 09:20:00+05:30,1157.69105,1.9171947107912461,False,,True,True,False,False,False
48,2026-08-05,SELL,2026-08-05 09:50:00+05:30,2026-08-05 09:55:00+05:30,1163.6179,4.182099999999991,1167.8,1155.2537,2026-08-05 10:20:00+05:30,STOP_LOSS,0.75,0.75,True,2026-08-07 09:15:00+05:30,True,2026-08-07 09:20:00+05:30,1158.736575,1.9171947107912461,False,,True,True,False,False,False
48,2026-08-05,SELL,2026-08-05 09:50:00+05:30,2026-08-05 09:55:00+05:30,1163.6179,4.182099999999991,1167.8,1155.2537,2026-08-05 10:20:00+05:30,STOP_LOSS,0.75,1.0,True,2026-08-07 09:15:00+05:30,True,2026-08-07 09:20:00+05:30,1159.7821,1.9171947107912461,False,,True,True,False,False,False
48,2026-08-05,SELL,2026-08-05 09:50:00+05:30,2026-08-05 09:55:00+05:30,1163.6179,4.182099999999991,1167.8,1155.2537,2026-08-05 10:20:00+05:30,STOP_LOSS,1.0,0.25,True,2026-08-07 09:15:00+05:30,True,2026-08-07 09:20:00+05:30,1156.645525,1.9171947107912461,False,,True,True,False,False,False
48,2026-08-05,SELL,2026-08-05 09:50:00+05:30,2026-08-05 09:55:00+05:30,1163.6179,4.182099999999991,1167.8,1155.2537,2026-08-05 10:20:00+05:30,STOP_LOSS,1.0,0.5,True,2026-08-07 09:15:00+05:30,True,2026-08-07 09:20:00+05:30,1157.69105,1.9171947107912461,False,,True,True,False,False,False
48,2026-08-05,SELL,2026-08-05 09:50:00+05:30,2026-08-05 09:55:00+05:30,1163.6179,4.182099999999991,1167.8,1155.2537,2026-08-05 10:20:00+05:30,STOP_LOSS,1.0,0.75,True,2026-08-07 09:15:00+05:30,True,2026-08-07 09:20:00+05:30,1158.736575,1.9171947107912461,False,,True,True,False,False,False
48,2026-08-05,SELL,2026-08-05 09:50:00+05:30,2026-08-05 09:55:00+05:30,1163.6179,4.182099999999991,1167.8,1155.2537,2026-08-05 10:20:00+05:30,STOP_LOSS,1.0,1.0,True,2026-08-07 09:15:00+05:30,True,2026-08-07 09:20:00+05:30,1159.7821,1.9171947107912461,False,,True,True,False,False,False
48,2026-08-05,SELL,2026-08-05 09:50:00+05:30,2026-08-05 09:55:00+05:30,1163.6179,4.182099999999991,1167.8,1155.2537,2026-08-05 10:20:00+05:30,STOP_LOSS,1.25,0.25,True,2026-08-07 09:15:00+05:30,True,2026-08-07 09:20:00+05:30,1156.645525,1.9171947107912461,False,,True,True,False,False,False
48,2026-08-05,SELL,2026-08-05 09:50:00+05:30,2026-08-05 09:55:00+05:30,1163.6179,4.182099999999991,1167.8,1155.2537,2026-08-05 10:20:00+05:30,STOP_LOSS,1.25,0.5,True,2026-08-07 09:15:00+05:30,True,2026-08-07 09:20:00+05:30,1157.69105,1.9171947107912461,False,,True,True,False,False,False
48,2026-08-05,SELL,2026-08-05 09:50:00+05:30,2026-08-05 09:55:00+05:30,1163.6179,4.182099999999991,1167.8,1155.2537,2026-08-05 10:20:00+05:30,STOP_LOSS,1.25,0.75,True,2026-08-07 09:15:00+05:30,True,2026-08-07 09:20:00+05:30,1158.736575,1.9171947107912461,False,,True,True,False,False,False
48,2026-08-05,SELL,2026-08-05 09:50:00+05:30,2026-08-05 09:55:00+05:30,1163.6179,4.182099999999991,1167.8,1155.2537,2026-08-05 10:20:00+05:30,STOP_LOSS,1.25,1.0,True,2026-08-07 09:15:00+05:30,True,2026-08-07 09:20:00+05:30,1159.7821,1.9171947107912461,False,,True,True,False,False,False
48,2026-08-05,SELL,2026-08-05 09:50:00+05:30,2026-08-05 09:55:00+05:30,1163.6179,4.182099999999991,1167.8,1155.2537,2026-08-05 10:20:00+05:30,STOP_LOSS,1.5,0.25,True,2026-08-07 09:15:00+05:30,True,2026-08-07 09:20:00+05:30,1156.645525,1.9171947107912461,False,,True,True,False,False,False
48,2026-08-05,SELL,2026-08-05 09:50:00+05:30,2026-08-05 09:55:00+05:30,1163.6179,4.182099999999991,1167.8,1155.2537,2026-08-05 10:20:00+05:30,STOP_LOSS,1.5,0.5,True,2026-08-07 09:15:00+05:30,True,2026-08-07 09:20:00+05:30,1157.69105,1.9171947107912461,False,,True,True,False,False,False
48,2026-08-05,SELL,2026-08-05 09:50:00+05:30,2026-08-05 09:55:00+05:30,1163.6179,4.182099999999991,1167.8,1155.2537,2026-08-05 10:20:00+05:30,STOP_LOSS,1.5,0.75,True,2026-08-07 09:15:00+05:30,True,2026-08-07 09:20:00+05:30,1158.736575,1.9171947107912461,False,,True,True,False,False,False
48,2026-08-05,SELL,2026-08-05 09:50:00+05:30,2026-08-05 09:55:00+05:30,1163.6179,4.182099999999991,1167.8,1155.2537,2026-08-05 10:20:00+05:30,STOP_LOSS,1.5,1.0,True,2026-08-07 09:15:00+05:30,True,2026-08-07 09:20:00+05:30,1159.7821,1.9171947107912461,False,,True,True,False,False,False
49,2026-08-05,SELL,2026-08-05 13:40:00+05:30,2026-08-05 13:45:00+05:30,1164.5174499999998,2.18255000000022,1166.7,1160.1523499999994,2026-08-05 14:35:00+05:30,STOP_LOSS,0.5,0.25,True,2026-08-05 14:40:00+05:30,True,2026-08-05 14:45:00+05:30,1163.1456375,4.0857941398817985,True,2026-08-07 09:15:00+05:30,True,True,False,True,False
49,2026-08-05,SELL,2026-08-05 13:40:00+05:30,2026-08-05 13:45:00+05:30,1164.5174499999998,2.18255000000022,1166.7,1160.1523499999994,2026-08-05 14:35:00+05:30,STOP_LOSS,0.5,0.5,True,2026-08-05 14:40:00+05:30,True,2026-08-05 14:45:00+05:30,1163.6912750000001,4.0857941398817985,True,2026-08-07 09:15:00+05:30,True,True,False,True,False
49,2026-08-05,SELL,2026-08-05 13:40:00+05:30,2026-08-05 13:45:00+05:30,1164.5174499999998,2.18255000000022,1166.7,1160.1523499999994,2026-08-05 14:35:00+05:30,STOP_LOSS,0.5,0.75,True,2026-08-05 14:40:00+05:30,True,2026-08-05 14:45:00+05:30,1164.2369125,4.0857941398817985,True,2026-08-07 09:15:00+05:30,True,True,False,True,False
49,2026-08-05,SELL,2026-08-05 13:40:00+05:30,2026-08-05 13:45:00+05:30,1164.5174499999998,2.18255000000022,1166.7,1160.1523499999994,2026-08-05 14:35:00+05:30,STOP_LOSS,0.5,1.0,True,2026-08-05 14:40:00+05:30,True,2026-08-05 14:45:00+05:30,1164.7825500000001,4.0857941398817985,True,2026-08-07 09:15:00+05:30,True,True,False,True,False
49,2026-08-05,SELL,2026-08-05 13:40:00+05:30,2026-08-05 13:45:00+05:30,1164.5174499999998,2.18255000000022,1166.7,1160.1523499999994,2026-08-05 14:35:00+05:30,STOP_LOSS,0.75,0.25,True,2026-08-05 14:45:00+05:30,True,2026-08-05 14:50:00+05:30,1163.1456375,4.0857941398817985,True,2026-08-07 09:15:00+05:30,True,True,False,True,False
49,2026-08-05,SELL,2026-08-05 13:40:00+05:30,2026-08-05 13:45:00+05:30,1164.5174499999998,2.18255000000022,1166.7,1160.1523499999994,2026-08-05 14:35:00+05:30,STOP_LOSS,0.75,0.5,True,2026-08-05 14:45:00+05:30,True,2026-08-05 14:50:00+05:30,1163.6912750000001,4.0857941398817985,True,2026-08-07 09:15:00+05:30,True,True,False,True,False
49,2026-08-05,SELL,2026-08-05 13:40:00+05:30,2026-08-05 13:45:00+05:30,1164.5174499999998,2.18255000000022,1166.7,1160.1523499999994,2026-08-05 14:35:00+05:30,STOP_LOSS,0.75,0.75,True,2026-08-05 14:45:00+05:30,True,2026-08-05 14:50:00+05:30,1164.2369125,4.0857941398817985,True,2026-08-07 09:15:00+05:30,True,True,False,True,False
49,2026-08-05,SELL,2026-08-05 13:40:00+05:30,2026-08-05 13:45:00+05:30,1164.5174499999998,2.18255000000022,1166.7,1160.1523499999994,2026-08-05 14:35:00+05:30,STOP_LOSS,0.75,1.0,True,2026-08-05 14:45:00+05:30,True,2026-08-05 14:50:00+05:30,1164.7825500000001,4.0857941398817985,True,2026-08-07 09:15:00+05:30,True,True,False,True,False
49,2026-08-05,SELL,2026-08-05 13:40:00+05:30,2026-08-05 13:45:00+05:30,1164.5174499999998,2.18255000000022,1166.7,1160.1523499999994,2026-08-05 14:35:00+05:30,STOP_LOSS,1.0,0.25,True,2026-08-07 09:15:00+05:30,True,2026-08-07 09:20:00+05:30,1156.1456375,4.0857941398817985,False,,True,True,True,False,False
49,2026-08-05,SELL,2026-08-05 13:40:00+05:30,2026-08-05 13:45:00+05:30,1164.5174499999998,2.18255000000022,1166.7,1160.1523499999994,2026-08-05 14:35:00+05:30,STOP_LOSS,1.0,0.5,True,2026-08-07 09:15:00+05:30,True,2026-08-07 09:20:00+05:30,1156.6912750000001,4.0857941398817985,False,,True,True,True,False,False
49,2026-08-05,SELL,2026-08-05 13:40:00+05:30,2026-08-05 13:45:00+05:30,1164.5174499999998,2.18255000000022,1166.7,1160.1523499999994,2026-08-05 14:35:00+05:30,STOP_LOSS,1.0,0.75,True,2026-08-07 09:15:00+05:30,True,2026-08-07 09:20:00+05:30,1157.2369125,4.0857941398817985,False,,True,True,True,False,False
49,2026-08-05,SELL,2026-08-05 13:40:00+05:30,2026-08-05 13:45:00+05:30,1164.5174499999998,2.18255000000022,1166.7,1160.1523499999994,2026-08-05 14:35:00+05:30,STOP_LOSS,1.0,1.0,True,2026-08-07 09:15:00+05:30,True,2026-08-07 09:20:00+05:30,1157.7825500000001,4.0857941398817985,False,,True,True,True,False,False
49,2026-08-05,SELL,2026-08-05 13:40:00+05:30,2026-08-05 13:45:00+05:30,1164.5174499999998,2.18255000000022,1166.7,1160.1523499999994,2026-08-05 14:35:00+05:30,STOP_LOSS,1.25,0.25,True,2026-08-07 09:15:00+05:30,True,2026-08-07 09:20:00+05:30,1156.1456375,4.0857941398817985,False,,True,True,True,False,False
49,2026-08-05,SELL,2026-08-05 13:40:00+05:30,2026-08-05 13:45:00+05:30,1164.5174499999998,2.18255000000022,1166.7,1160.1523499999994,2026-08-05 14:35:00+05:30,STOP_LOSS,1.25,0.5,True,2026-08-07 09:15:00+05:30,True,2026-08-07 09:20:00+05:30,1156.6912750000001,4.0857941398817985,False,,True,True,True,False,False
49,2026-08-05,SELL,2026-08-05 13:40:00+05:30,2026-08-05 13:45:00+05:30,1164.5174499999998,2.18255000000022,1166.7,1160.1523499999994,2026-08-05 14:35:00+05:30,STOP_LOSS,1.25,0.75,True,2026-08-07 09:15:00+05:30,True,2026-08-07 09:20:00+05:30,1157.2369125,4.0857941398817985,False,,True,True,True,False,False
49,2026-08-05,SELL,2026-08-05 13:40:00+05:30,2026-08-05 13:45:00+05:30,1164.5174499999998,2.18255000000022,1166.7,1160.1523499999994,2026-08-05 14:35:00+05:30,STOP_LOSS,1.25,1.0,True,2026-08-07 09:15:00+05:30,True,2026-08-07 09:20:00+05:30,1157.7825500000001,4.0857941398817985,False,,True,True,True,False,False
49,2026-08-05,SELL,2026-08-05 13:40:00+05:30,2026-08-05 13:45:00+05:30,1164.5174499999998,2.18255000000022,1166.7,1160.1523499999994,2026-08-05 14:35:00+05:30,STOP_LOSS,1.5,0.25,True,2026-08-07 09:15:00+05:30,True,2026-08-07 09:20:00+05:30,1156.1456375,4.0857941398817985,False,,True,True,True,False,False
49,2026-08-05,SELL,2026-08-05 13:40:00+05:30,2026-08-05 13:45:00+05:30,1164.5174499999998,2.18255000000022,1166.7,1160.1523499999994,2026-08-05 14:35:00+05:30,STOP_LOSS,1.5,0.5,True,2026-08-07 09:15:00+05:30,True,2026-08-07 09:20:00+05:30,1156.6912750000001,4.0857941398817985,False,,True,True,True,False,False
49,2026-08-05,SELL,2026-08-05 13:40:00+05:30,2026-08-05 13:45:00+05:30,1164.5174499999998,2.18255000000022,1166.7,1160.1523499999994,2026-08-05 14:35:00+05:30,STOP_LOSS,1.5,0.75,True,2026-08-07 09:15:00+05:30,True,2026-08-07 09:20:00+05:30,1157.2369125,4.0857941398817985,False,,True,True,True,False,False
49,2026-08-05,SELL,2026-08-05 13:40:00+05:30,2026-08-05 13:45:00+05:30,1164.5174499999998,2.18255000000022,1166.7,1160.1523499999994,2026-08-05 14:35:00+05:30,STOP_LOSS,1.5,1.0,True,2026-08-07 09:15:00+05:30,True,2026-08-07 09:20:00+05:30,1157.7825500000001,4.0857941398817985,False,,True,True,True,False,False
50,2026-08-06,SELL,2026-08-06 10:05:00+05:30,2026-08-06 10:10:00+05:30,1169.11515,1.1848499999998694,1170.3,1166.7454500000003,2026-08-06 10:10:00+05:30,STOP_LOSS,0.5,0.25,True,2026-08-06 10:25:00+05:30,True,2026-08-06 10:30:00+05:30,1168.2962125,2.4603536312616456,True,2026-08-06 12:55:00+05:30,True,True,False,True,False
50,2026-08-06,SELL,2026-08-06 10:05:00+05:30,2026-08-06 10:10:00+05:30,1169.11515,1.1848499999998694,1170.3,1166.7454500000003,2026-08-06 10:10:00+05:30,STOP_LOSS,0.5,0.5,True,2026-08-06 10:25:00+05:30,True,2026-08-06 10:30:00+05:30,1168.5924249999998,2.4603536312616456,True,2026-08-06 12:55:00+05:30,True,True,False,True,False
50,2026-08-06,SELL,2026-08-06 10:05:00+05:30,2026-08-06 10:10:00+05:30,1169.11515,1.1848499999998694,1170.3,1166.7454500000003,2026-08-06 10:10:00+05:30,STOP_LOSS,0.5,0.75,True,2026-08-06 10:25:00+05:30,True,2026-08-06 10:30:00+05:30,1168.8886375,2.4603536312616456,True,2026-08-06 12:55:00+05:30,True,True,False,True,False
50,2026-08-06,SELL,2026-08-06 10:05:00+05:30,2026-08-06 10:10:00+05:30,1169.11515,1.1848499999998694,1170.3,1166.7454500000003,2026-08-06 10:10:00+05:30,STOP_LOSS,0.5,1.0,True,2026-08-06 10:25:00+05:30,True,2026-08-06 10:30:00+05:30,1169.1848499999999,2.4603536312616456,True,2026-08-06 12:55:00+05:30,True,True,False,True,False
50,2026-08-06,SELL,2026-08-06 10:05:00+05:30,2026-08-06 10:10:00+05:30,1169.11515,1.1848499999998694,1170.3,1166.7454500000003,2026-08-06 10:10:00+05:30,STOP_LOSS,0.75,0.25,True,2026-08-06 10:25:00+05:30,True,2026-08-06 10:30:00+05:30,1168.2962125,2.4603536312616456,True,2026-08-06 12:55:00+05:30,True,True,False,True,False
50,2026-08-06,SELL,2026-08-06 10:05:00+05:30,2026-08-06 10:10:00+05:30,1169.11515,1.1848499999998694,1170.3,1166.7454500000003,2026-08-06 10:10:00+05:30,STOP_LOSS,0.75,0.5,True,2026-08-06 10:25:00+05:30,True,2026-08-06 10:30:00+05:30,1168.5924249999998,2.4603536312616456,True,2026-08-06 12:55:00+05:30,True,True,False,True,False
50,2026-08-06,SELL,2026-08-06 10:05:00+05:30,2026-08-06 10:10:00+05:30,1169.11515,1.1848499999998694,1170.3,1166.7454500000003,2026-08-06 10:10:00+05:30,STOP_LOSS,0.75,0.75,True,2026-08-06 10:25:00+05:30,True,2026-08-06 10:30:00+05:30,1168.8886375,2.4603536312616456,True,2026-08-06 12:55:00+05:30,True,True,False,True,False
50,2026-08-06,SELL,2026-08-06 10:05:00+05:30,2026-08-06 10:10:00+05:30,1169.11515,1.1848499999998694,1170.3,1166.7454500000003,2026-08-06 10:10:00+05:30,STOP_LOSS,0.75,1.0,True,2026-08-06 10:25:00+05:30,True,2026-08-06 10:30:00+05:30,1169.1848499999999,2.4603536312616456,True,2026-08-06 12:55:00+05:30,True,True,False,True,False
50,2026-08-06,SELL,2026-08-06 10:05:00+05:30,2026-08-06 10:10:00+05:30,1169.11515,1.1848499999998694,1170.3,1166.7454500000003,2026-08-06 10:10:00+05:30,STOP_LOSS,1.0,0.25,True,2026-08-06 10:50:00+05:30,True,2026-08-06 10:55:00+05:30,1167.2962125,2.4603536312616456,True,2026-08-06 12:55:00+05:30,True,True,False,True,False
50,2026-08-06,SELL,2026-08-06 10:05:00+05:30,2026-08-06 10:10:00+05:30,1169.11515,1.1848499999998694,1170.3,1166.7454500000003,2026-08-06 10:10:00+05:30,STOP_LOSS,1.0,0.5,True,2026-08-06 10:50:00+05:30,True,2026-08-06 10:55:00+05:30,1167.5924249999998,2.4603536312616456,True,2026-08-06 12:55:00+05:30,True,True,False,True,False
50,2026-08-06,SELL,2026-08-06 10:05:00+05:30,2026-08-06 10:10:00+05:30,1169.11515,1.1848499999998694,1170.3,1166.7454500000003,2026-08-06 10:10:00+05:30,STOP_LOSS,1.0,0.75,True,2026-08-06 10:50:00+05:30,True,2026-08-06 10:55:00+05:30,1167.8886375,2.4603536312616456,True,2026-08-06 12:55:00+05:30,True,True,False,True,False
50,2026-08-06,SELL,2026-08-06 10:05:00+05:30,2026-08-06 10:10:00+05:30,1169.11515,1.1848499999998694,1170.3,1166.7454500000003,2026-08-06 10:10:00+05:30,STOP_LOSS,1.0,1.0,True,2026-08-06 10:50:00+05:30,True,2026-08-06 10:55:00+05:30,1168.1848499999999,2.4603536312616456,True,2026-08-06 12:55:00+05:30,True,True,False,True,False
50,2026-08-06,SELL,2026-08-06 10:05:00+05:30,2026-08-06 10:10:00+05:30,1169.11515,1.1848499999998694,1170.3,1166.7454500000003,2026-08-06 10:10:00+05:30,STOP_LOSS,1.25,0.25,True,2026-08-06 10:50:00+05:30,True,2026-08-06 10:55:00+05:30,1167.2962125,2.4603536312616456,True,2026-08-06 12:55:00+05:30,True,True,False,True,False
50,2026-08-06,SELL,2026-08-06 10:05:00+05:30,2026-08-06 10:10:00+05:30,1169.11515,1.1848499999998694,1170.3,1166.7454500000003,2026-08-06 10:10:00+05:30,STOP_LOSS,1.25,0.5,True,2026-08-06 10:50:00+05:30,True,2026-08-06 10:55:00+05:30,1167.5924249999998,2.4603536312616456,True,2026-08-06 12:55:00+05:30,True,True,False,True,False
50,2026-08-06,SELL,2026-08-06 10:05:00+05:30,2026-08-06 10:10:00+05:30,1169.11515,1.1848499999998694,1170.3,1166.7454500000003,2026-08-06 10:10:00+05:30,STOP_LOSS,1.25,0.75,True,2026-08-06 10:50:00+05:30,True,2026-08-06 10:55:00+05:30,1167.8886375,2.4603536312616456,True,2026-08-06 12:55:00+05:30,True,True,False,True,False
50,2026-08-06,SELL,2026-08-06 10:05:00+05:30,2026-08-06 10:10:00+05:30,1169.11515,1.1848499999998694,1170.3,1166.7454500000003,2026-08-06 10:10:00+05:30,STOP_LOSS,1.25,1.0,True,2026-08-06 10:50:00+05:30,True,2026-08-06 10:55:00+05:30,1168.1848499999999,2.4603536312616456,True,2026-08-06 12:55:00+05:30,True,True,False,True,False
50,2026-08-06,SELL,2026-08-06 10:05:00+05:30,2026-08-06 10:10:00+05:30,1169.11515,1.1848499999998694,1170.3,1166.7454500000003,2026-08-06 10:10:00+05:30,STOP_LOSS,1.5,0.25,True,2026-08-06 10:50:00+05:30,True,2026-08-06 10:55:00+05:30,1167.2962125,2.4603536312616456,True,2026-08-06 12:55:00+05:30,True,True,False,True,False
50,2026-08-06,SELL,2026-08-06 10:05:00+05:30,2026-08-06 10:10:00+05:30,1169.11515,1.1848499999998694,1170.3,1166.7454500000003,2026-08-06 10:10:00+05:30,STOP_LOSS,1.5,0.5,True,2026-08-06 10:50:00+05:30,True,2026-08-06 10:55:00+05:30,1167.5924249999998,2.4603536312616456,True,2026-08-06 12:55:00+05:30,True,True,False,True,False
50,2026-08-06,SELL,2026-08-06 10:05:00+05:30,2026-08-06 10:10:00+05:30,1169.11515,1.1848499999998694,1170.3,1166.7454500000003,2026-08-06 10:10:00+05:30,STOP_LOSS,1.5,0.75,True,2026-08-06 10:50:00+05:30,True,2026-08-06 10:55:00+05:30,1167.8886375,2.4603536312616456,True,2026-08-06 12:55:00+05:30,True,True,False,True,False
50,2026-08-06,SELL,2026-08-06 10:05:00+05:30,2026-08-06 10:10:00+05:30,1169.11515,1.1848499999998694,1170.3,1166.7454500000003,2026-08-06 10:10:00+05:30,STOP_LOSS,1.5,1.0,True,2026-08-06 10:50:00+05:30,True,2026-08-06 10:55:00+05:30,1168.1848499999999,2.4603536312616456,True,2026-08-06 12:55:00+05:30,True,True,False,True,False
51,2026-08-06,SELL,2026-08-06 10:25:00+05:30,2026-08-06 10:30:00+05:30,1167.91575,3.084250000000111,1171.0,1161.7472499999997,2026-08-06 10:30:00+05:30,STOP_LOSS,0.5,0.25,True,2026-08-06 12:55:00+05:30,True,2026-08-06 13:00:00+05:30,1166.9710625,3.993110156439827,True,2026-08-07 09:15:00+05:30,True,False,False,True,False
51,2026-08-06,SELL,2026-08-06 10:25:00+05:30,2026-08-06 10:30:00+05:30,1167.91575,3.084250000000111,1171.0,1161.7472499999997,2026-08-06 10:30:00+05:30,STOP_LOSS,0.5,0.5,True,2026-08-06 12:55:00+05:30,True,2026-08-06 13:00:00+05:30,1167.7421250000002,3.993110156439827,True,2026-08-07 09:15:00+05:30,True,False,False,True,False
51,2026-08-06,SELL,2026-08-06 10:25:00+05:30,2026-08-06 10:30:00+05:30,1167.91575,3.084250000000111,1171.0,1161.7472499999997,2026-08-06 10:30:00+05:30,STOP_LOSS,0.5,0.75,True,2026-08-06 12:55:00+05:30,True,2026-08-06 13:00:00+05:30,1168.5131875000002,3.993110156439827,True,2026-08-07 09:15:00+05:30,True,False,False,True,False
51,2026-08-06,SELL,2026-08-06 10:25:00+05:30,2026-08-06 10:30:00+05:30,1167.91575,3.084250000000111,1171.0,1161.7472499999997,2026-08-06 10:30:00+05:30,STOP_LOSS,0.5,1.0,True,2026-08-06 12:55:00+05:30,True,2026-08-06 13:00:00+05:30,1169.2842500000002,3.993110156439827,True,2026-08-07 09:15:00+05:30,True,False,False,True,False
51,2026-08-06,SELL,2026-08-06 10:25:00+05:30,2026-08-06 10:30:00+05:30,1167.91575,3.084250000000111,1171.0,1161.7472499999997,2026-08-06 10:30:00+05:30,STOP_LOSS,0.75,0.25,True,2026-08-06 13:35:00+05:30,True,2026-08-06 13:40:00+05:30,1164.6710625,3.993110156439827,True,2026-08-07 09:15:00+05:30,True,False,False,True,False
51,2026-08-06,SELL,2026-08-06 10:25:00+05:30,2026-08-06 10:30:00+05:30,1167.91575,3.084250000000111,1171.0,1161.7472499999997,2026-08-06 10:30:00+05:30,STOP_LOSS,0.75,0.5,True,2026-08-06 13:35:00+05:30,True,2026-08-06 13:40:00+05:30,1165.442125,3.993110156439827,True,2026-08-07 09:15:00+05:30,True,False,False,True,False
51,2026-08-06,SELL,2026-08-06 10:25:00+05:30,2026-08-06 10:30:00+05:30,1167.91575,3.084250000000111,1171.0,1161.7472499999997,2026-08-06 10:30:00+05:30,STOP_LOSS,0.75,0.75,True,2026-08-06 13:35:00+05:30,True,2026-08-06 13:50:00+05:30,1166.2131875000002,3.993110156439827,True,2026-08-07 09:15:00+05:30,True,False,False,True,False
51,2026-08-06,SELL,2026-08-06 10:25:00+05:30,2026-08-06 10:30:00+05:30,1167.91575,3.084250000000111,1171.0,1161.7472499999997,2026-08-06 10:30:00+05:30,STOP_LOSS,0.75,1.0,True,2026-08-06 13:35:00+05:30,True,2026-08-06 13:55:00+05:30,1166.9842500000002,3.993110156439827,True,2026-08-07 09:15:00+05:30,True,False,False,True,False
51,2026-08-06,SELL,2026-08-06 10:25:00+05:30,2026-08-06 10:30:00+05:30,1167.91575,3.084250000000111,1171.0,1161.7472499999997,2026-08-06 10:30:00+05:30,STOP_LOSS,1.0,0.25,True,2026-08-06 13:40:00+05:30,True,2026-08-06 13:45:00+05:30,1164.6710625,3.993110156439827,True,2026-08-07 09:15:00+05:30,True,False,False,True,False
51,2026-08-06,SELL,2026-08-06 10:25:00+05:30,2026-08-06 10:30:00+05:30,1167.91575,3.084250000000111,1171.0,1161.7472499999997,2026-08-06 10:30:00+05:30,STOP_LOSS,1.0,0.5,True,2026-08-06 13:40:00+05:30,True,2026-08-06 13:50:00+05:30,1165.442125,3.993110156439827,True,2026-08-07 09:15:00+05:30,True,False,False,True,False
51,2026-08-06,SELL,2026-08-06 10:25:00+05:30,2026-08-06 10:30:00+05:30,1167.91575,3.084250000000111,1171.0,1161.7472499999997,2026-08-06 10:30:00+05:30,STOP_LOSS,1.0,0.75,True,2026-08-06 13:40:00+05:30,True,2026-08-06 13:50:00+05:30,1166.2131875000002,3.993110156439827,True,2026-08-07 09:15:00+05:30,True,False,False,True,False
51,2026-08-06,SELL,2026-08-06 10:25:00+05:30,2026-08-06 10:30:00+05:30,1167.91575,3.084250000000111,1171.0,1161.7472499999997,2026-08-06 10:30:00+05:30,STOP_LOSS,1.0,1.0,True,2026-08-06 13:40:00+05:30,True,2026-08-06 13:55:00+05:30,1166.9842500000002,3.993110156439827,True,2026-08-07 09:15:00+05:30,True,False,False,True,False
51,2026-08-06,SELL,2026-08-06 10:25:00+05:30,2026-08-06 10:30:00+05:30,1167.91575,3.084250000000111,1171.0,1161.7472499999997,2026-08-06 10:30:00+05:30,STOP_LOSS,1.25,0.25,True,2026-08-06 13:40:00+05:30,True,2026-08-06 13:45:00+05:30,1164.6710625,3.993110156439827,True,2026-08-07 09:15:00+05:30,True,False,False,True,False
51,2026-08-06,SELL,2026-08-06 10:25:00+05:30,2026-08-06 10:30:00+05:30,1167.91575,3.084250000000111,1171.0,1161.7472499999997,2026-08-06 10:30:00+05:30,STOP_LOSS,1.25,0.5,True,2026-08-06 13:40:00+05:30,True,2026-08-06 13:50:00+05:30,1165.442125,3.993110156439827,True,2026-08-07 09:15:00+05:30,True,False,False,True,False
51,2026-08-06,SELL,2026-08-06 10:25:00+05:30,2026-08-06 10:30:00+05:30,1167.91575,3.084250000000111,1171.0,1161.7472499999997,2026-08-06 10:30:00+05:30,STOP_LOSS,1.25,0.75,True,2026-08-06 13:40:00+05:30,True,2026-08-06 13:50:00+05:30,1166.2131875000002,3.993110156439827,True,2026-08-07 09:15:00+05:30,True,False,False,True,False
51,2026-08-06,SELL,2026-08-06 10:25:00+05:30,2026-08-06 10:30:00+05:30,1167.91575,3.084250000000111,1171.0,1161.7472499999997,2026-08-06 10:30:00+05:30,STOP_LOSS,1.25,1.0,True,2026-08-06 13:40:00+05:30,True,2026-08-06 13:55:00+05:30,1166.9842500000002,3.993110156439827,True,2026-08-07 09:15:00+05:30,True,False,False,True,False
51,2026-08-06,SELL,2026-08-06 10:25:00+05:30,2026-08-06 10:30:00+05:30,1167.91575,3.084250000000111,1171.0,1161.7472499999997,2026-08-06 10:30:00+05:30,STOP_LOSS,1.5,0.25,True,2026-08-06 15:05:00+05:30,True,2026-08-06 15:10:00+05:30,1163.7710625,3.993110156439827,True,2026-08-07 09:15:00+05:30,True,False,False,True,False
51,2026-08-06,SELL,2026-08-06 10:25:00+05:30,2026-08-06 10:30:00+05:30,1167.91575,3.084250000000111,1171.0,1161.7472499999997,2026-08-06 10:30:00+05:30,STOP_LOSS,1.5,0.5,True,2026-08-06 15:05:00+05:30,True,2026-08-06 15:10:00+05:30,1164.542125,3.993110156439827,True,2026-08-07 09:15:00+05:30,True,False,False,True,False
51,2026-08-06,SELL,2026-08-06 10:25:00+05:30,2026-08-06 10:30:00+05:30,1167.91575,3.084250000000111,1171.0,1161.7472499999997,2026-08-06 10:30:00+05:30,STOP_LOSS,1.5,0.75,True,2026-08-06 15:05:00+05:30,True,2026-08-06 15:10:00+05:30,1165.3131875000001,3.993110156439827,True,2026-08-07 09:15:00+05:30,True,False,False,True,False
51,2026-08-06,SELL,2026-08-06 10:25:00+05:30,2026-08-06 10:30:00+05:30,1167.91575,3.084250000000111,1171.0,1161.7472499999997,2026-08-06 10:30:00+05:30,STOP_LOSS,1.5,1.0,True,2026-08-06 15:05:00+05:30,True,2026-08-07 09:15:00+05:30,1158.68425,3.993110156439827,False,,True,True,True,False,False
52,2026-08-06,SELL,2026-08-06 10:40:00+05:30,2026-08-06 10:45:00+05:30,1168.4155,2.78449999999998,1171.2,1162.8465,2026-08-06 11:30:00+05:30,STOP_LOSS,0.5,0.25,True,2026-08-06 10:55:00+05:30,True,2026-08-06 11:00:00+05:30,1167.496125,4.602442090141946,True,2026-08-07 09:15:00+05:30,False,True,False,True,False
52,2026-08-06,SELL,2026-08-06 10:40:00+05:30,2026-08-06 10:45:00+05:30,1168.4155,2.78449999999998,1171.2,1162.8465,2026-08-06 11:30:00+05:30,STOP_LOSS,0.5,0.5,True,2026-08-06 10:55:00+05:30,True,2026-08-06 11:10:00+05:30,1168.19225,4.602442090141946,True,2026-08-07 09:15:00+05:30,False,True,False,True,False
52,2026-08-06,SELL,2026-08-06 10:40:00+05:30,2026-08-06 10:45:00+05:30,1168.4155,2.78449999999998,1171.2,1162.8465,2026-08-06 11:30:00+05:30,STOP_LOSS,0.5,0.75,True,2026-08-06 10:55:00+05:30,True,2026-08-06 11:25:00+05:30,1168.888375,4.602442090141946,True,2026-08-07 09:15:00+05:30,False,True,False,True,False
52,2026-08-06,SELL,2026-08-06 10:40:00+05:30,2026-08-06 10:45:00+05:30,1168.4155,2.78449999999998,1171.2,1162.8465,2026-08-06 11:30:00+05:30,STOP_LOSS,0.5,1.0,True,2026-08-06 10:55:00+05:30,True,2026-08-06 11:25:00+05:30,1169.5845,4.602442090141946,True,2026-08-07 09:15:00+05:30,False,True,False,True,False
52,2026-08-06,SELL,2026-08-06 10:40:00+05:30,2026-08-06 10:45:00+05:30,1168.4155,2.78449999999998,1171.2,1162.8465,2026-08-06 11:30:00+05:30,STOP_LOSS,0.75,0.25,True,2026-08-06 12:55:00+05:30,True,2026-08-06 13:00:00+05:30,1166.896125,4.602442090141946,True,2026-08-07 09:15:00+05:30,True,False,False,True,False
52,2026-08-06,SELL,2026-08-06 10:40:00+05:30,2026-08-06 10:45:00+05:30,1168.4155,2.78449999999998,1171.2,1162.8465,2026-08-06 11:30:00+05:30,STOP_LOSS,0.75,0.5,True,2026-08-06 12:55:00+05:30,True,2026-08-06 13:00:00+05:30,1167.5922500000001,4.602442090141946,True,2026-08-07 09:15:00+05:30,True,False,False,True,False
52,2026-08-06,SELL,2026-08-06 10:40:00+05:30,2026-08-06 10:45:00+05:30,1168.4155,2.78449999999998,1171.2,1162.8465,2026-08-06 11:30:00+05:30,STOP_LOSS,0.75,0.75,True,2026-08-06 12:55:00+05:30,True,2026-08-06 13:00:00+05:30,1168.288375,4.602442090141946,True,2026-08-07 09:15:00+05:30,True,False,False,True,False
52,2026-08-06,SELL,2026-08-06 10:40:00+05:30,2026-08-06 10:45:00+05:30,1168.4155,2.78449999999998,1171.2,1162.8465,2026-08-06 11:30:00+05:30,STOP_LOSS,0.75,1.0,True,2026-08-06 12:55:00+05:30,True,2026-08-06 13:00:00+05:30,1168.9845,4.602442090141946,True,2026-08-07 09:15:00+05:30,True,False,False,True,False
52,2026-08-06,SELL,2026-08-06 10:40:00+05:30,2026-08-06 10:45:00+05:30,1168.4155,2.78449999999998,1171.2,1162.8465,2026-08-06 11:30:00+05:30,STOP_LOSS,1.0,0.25,True,2026-08-06 13:35:00+05:30,True,2026-08-06 13:40:00+05:30,1164.596125,4.602442090141946,True,2026-08-07 09:15:00+05:30,True,False,False,True,False
52,2026-08-06,SELL,2026-08-06 10:40:00+05:30,2026-08-06 10:45:00+05:30,1168.4155,2.78449999999998,1171.2,1162.8465,2026-08-06 11:30:00+05:30,STOP_LOSS,1.0,0.5,True,2026-08-06 13:35:00+05:30,True,2026-08-06 13:40:00+05:30,1165.29225,4.602442090141946,True,2026-08-07 09:15:00+05:30,True,False,False,True,False
52,2026-08-06,SELL,2026-08-06 10:40:00+05:30,2026-08-06 10:45:00+05:30,1168.4155,2.78449999999998,1171.2,1162.8465,2026-08-06 11:30:00+05:30,STOP_LOSS,1.0,0.75,True,2026-08-06 13:35:00+05:30,True,2026-08-06 13:50:00+05:30,1165.9883750000001,4.602442090141946,True,2026-08-07 09:15:00+05:30,True,False,False,True,False
52,2026-08-06,SELL,2026-08-06 10:40:00+05:30,2026-08-06 10:45:00+05:30,1168.4155,2.78449999999998,1171.2,1162.8465,2026-08-06 11:30:00+05:30,STOP_LOSS,1.0,1.0,True,2026-08-06 13:35:00+05:30,True,2026-08-06 13:55:00+05:30,1166.6845,4.602442090141946,True,2026-08-07 09:15:00+05:30,True,False,False,True,False
52,2026-08-06,SELL,2026-08-06 10:40:00+05:30,2026-08-06 10:45:00+05:30,1168.4155,2.78449999999998,1171.2,1162.8465,2026-08-06 11:30:00+05:30,STOP_LOSS,1.25,0.25,True,2026-08-06 13:40:00+05:30,True,2026-08-06 13:45:00+05:30,1164.596125,4.602442090141946,True,2026-08-07 09:15:00+05:30,True,False,False,True,False
52,2026-08-06,SELL,2026-08-06 10:40:00+05:30,2026-08-06 10:45:00+05:30,1168.4155,2.78449999999998,1171.2,1162.8465,2026-08-06 11:30:00+05:30,STOP_LOSS,1.25,0.5,True,2026-08-06 13:40:00+05:30,True,2026-08-06 13:45:00+05:30,1165.29225,4.602442090141946,True,2026-08-07 09:15:00+05:30,True,False,False,True,False
52,2026-08-06,SELL,2026-08-06 10:40:00+05:30,2026-08-06 10:45:00+05:30,1168.4155,2.78449999999998,1171.2,1162.8465,2026-08-06 11:30:00+05:30,STOP_LOSS,1.25,0.75,True,2026-08-06 13:40:00+05:30,True,2026-08-06 13:50:00+05:30,1165.9883750000001,4.602442090141946,True,2026-08-07 09:15:00+05:30,True,False,False,True,False
52,2026-08-06,SELL,2026-08-06 10:40:00+05:30,2026-08-06 10:45:00+05:30,1168.4155,2.78449999999998,1171.2,1162.8465,2026-08-06 11:30:00+05:30,STOP_LOSS,1.25,1.0,True,2026-08-06 13:40:00+05:30,True,2026-08-06 13:55:00+05:30,1166.6845,4.602442090141946,True,2026-08-07 09:15:00+05:30,True,False,False,True,False
52,2026-08-06,SELL,2026-08-06 10:40:00+05:30,2026-08-06 10:45:00+05:30,1168.4155,2.78449999999998,1171.2,1162.8465,2026-08-06 11:30:00+05:30,STOP_LOSS,1.5,0.25,True,2026-08-06 13:40:00+05:30,True,2026-08-06 13:45:00+05:30,1164.596125,4.602442090141946,True,2026-08-07 09:15:00+05:30,True,False,False,True,False
52,2026-08-06,SELL,2026-08-06 10:40:00+05:30,2026-08-06 10:45:00+05:30,1168.4155,2.78449999999998,1171.2,1162.8465,2026-08-06 11:30:00+05:30,STOP_LOSS,1.5,0.5,True,2026-08-06 13:40:00+05:30,True,2026-08-06 13:45:00+05:30,1165.29225,4.602442090141946,True,2026-08-07 09:15:00+05:30,True,False,False,True,False
52,2026-08-06,SELL,2026-08-06 10:40:00+05:30,2026-08-06 10:45:00+05:30,1168.4155,2.78449999999998,1171.2,1162.8465,2026-08-06 11:30:00+05:30,STOP_LOSS,1.5,0.75,True,2026-08-06 13:40:00+05:30,True,2026-08-06 13:50:00+05:30,1165.9883750000001,4.602442090141946,True,2026-08-07 09:15:00+05:30,True,False,False,True,False
52,2026-08-06,SELL,2026-08-06 10:40:00+05:30,2026-08-06 10:45:00+05:30,1168.4155,2.78449999999998,1171.2,1162.8465,2026-08-06 11:30:00+05:30,STOP_LOSS,1.5,1.0,True,2026-08-06 13:40:00+05:30,True,2026-08-06 13:55:00+05:30,1166.6845,4.602442090141946,True,2026-08-07 09:15:00+05:30,True,False,False,True,False
53,2026-08-06,SELL,2026-08-06 11:45:00+05:30,2026-08-06 11:50:00+05:30,1169.51495,0.9850500000000012,1170.5,1167.54485,2026-08-06 11:50:00+05:30,STOP_LOSS,0.5,0.25,True,2026-08-06 12:20:00+05:30,True,2026-08-06 12:25:00+05:30,1169.1462625000001,2.1470483731789303,True,2026-08-06 12:40:00+05:30,True,False,False,True,False
53,2026-08-06,SELL,2026-08-06 11:45:00+05:30,2026-08-06 11:50:00+05:30,1169.51495,0.9850500000000012,1170.5,1167.54485,2026-08-06 11:50:00+05:30,STOP_LOSS,0.5,0.5,True,2026-08-06 12:20:00+05:30,True,2026-08-06 12:25:00+05:30,1169.3925250000002,2.1470483731789303,True,2026-08-06 12:40:00+05:30,True,False,False,True,False
53,2026-08-06,SELL,2026-08-06 11:45:00+05:30,2026-08-06 11:50:00+05:30,1169.51495,0.9850500000000012,1170.5,1167.54485,2026-08-06 11:50:00+05:30,STOP_LOSS,0.5,0.75,True,2026-08-06 12:20:00+05:30,True,2026-08-06 12:25:00+05:30,1169.6387875,2.1470483731789303,True,2026-08-06 12:40:00+05:30,True,False,False,True,False
53,2026-08-06,SELL,2026-08-06 11:45:00+05:30,2026-08-06 11:50:00+05:30,1169.51495,0.9850500000000012,1170.5,1167.54485,2026-08-06 11:50:00+05:30,STOP_LOSS,0.5,1.0,True,2026-08-06 12:20:00+05:30,True,2026-08-06 12:25:00+05:30,1169.88505,2.1470483731789303,True,2026-08-06 12:40:00+05:30,True,False,False,True,False
53,2026-08-06,SELL,2026-08-06 11:45:00+05:30,2026-08-06 11:50:00+05:30,1169.51495,0.9850500000000012,1170.5,1167.54485,2026-08-06 11:50:00+05:30,STOP_LOSS,0.75,0.25,True,2026-08-06 12:35:00+05:30,True,2026-08-06 12:40:00+05:30,1167.6462625000001,3.3652606466676303,True,2026-08-06 12:55:00+05:30,True,False,True,False,False
53,2026-08-06,SELL,2026-08-06 11:45:00+05:30,2026-08-06 11:50:00+05:30,1169.51495,0.9850500000000012,1170.5,1167.54485,2026-08-06 11:50:00+05:30,STOP_LOSS,0.75,0.5,True,2026-08-06 12:35:00+05:30,True,2026-08-06 12:40:00+05:30,1167.8925250000002,3.3652606466676303,True,2026-08-06 12:55:00+05:30,True,False,True,False,False
53,2026-08-06,SELL,2026-08-06 11:45:00+05:30,2026-08-06 11:50:00+05:30,1169.51495,0.9850500000000012,1170.5,1167.54485,2026-08-06 11:50:00+05:30,STOP_LOSS,0.75,0.75,True,2026-08-06 12:35:00+05:30,True,2026-08-06 12:40:00+05:30,1168.1387875,3.3652606466676303,True,2026-08-06 12:55:00+05:30,True,False,True,False,False
53,2026-08-06,SELL,2026-08-06 11:45:00+05:30,2026-08-06 11:50:00+05:30,1169.51495,0.9850500000000012,1170.5,1167.54485,2026-08-06 11:50:00+05:30,STOP_LOSS,0.75,1.0,True,2026-08-06 12:35:00+05:30,True,2026-08-06 12:40:00+05:30,1168.38505,3.3652606466676303,True,2026-08-06 12:55:00+05:30,True,False,True,False,False
53,2026-08-06,SELL,2026-08-06 11:45:00+05:30,2026-08-06 11:50:00+05:30,1169.51495,0.9850500000000012,1170.5,1167.54485,2026-08-06 11:50:00+05:30,STOP_LOSS,1.0,0.25,True,2026-08-06 12:40:00+05:30,True,2026-08-06 12:45:00+05:30,1167.6462625000001,3.3652606466676303,True,2026-08-06 12:55:00+05:30,True,False,True,False,False
53,2026-08-06,SELL,2026-08-06 11:45:00+05:30,2026-08-06 11:50:00+05:30,1169.51495,0.9850500000000012,1170.5,1167.54485,2026-08-06 11:50:00+05:30,STOP_LOSS,1.0,0.5,True,2026-08-06 12:40:00+05:30,True,2026-08-06 12:45:00+05:30,1167.8925250000002,3.3652606466676303,True,2026-08-06 12:55:00+05:30,True,False,True,False,False
53,2026-08-06,SELL,2026-08-06 11:45:00+05:30,2026-08-06 11:50:00+05:30,1169.51495,0.9850500000000012,1170.5,1167.54485,2026-08-06 11:50:00+05:30,STOP_LOSS,1.0,0.75,True,2026-08-06 12:40:00+05:30,True,2026-08-06 12:45:00+05:30,1168.1387875,3.3652606466676303,True,2026-08-06 12:55:00+05:30,True,False,True,False,False
53,2026-08-06,SELL,2026-08-06 11:45:00+05:30,2026-08-06 11:50:00+05:30,1169.51495,0.9850500000000012,1170.5,1167.54485,2026-08-06 11:50:00+05:30,STOP_LOSS,1.0,1.0,True,2026-08-06 12:40:00+05:30,True,2026-08-06 12:45:00+05:30,1168.38505,3.3652606466676303,True,2026-08-06 12:55:00+05:30,True,False,True,False,False
53,2026-08-06,SELL,2026-08-06 11:45:00+05:30,2026-08-06 11:50:00+05:30,1169.51495,0.9850500000000012,1170.5,1167.54485,2026-08-06 11:50:00+05:30,STOP_LOSS,1.25,0.25,True,2026-08-06 12:40:00+05:30,True,2026-08-06 12:45:00+05:30,1167.6462625000001,3.3652606466676303,True,2026-08-06 12:55:00+05:30,True,False,True,False,False
53,2026-08-06,SELL,2026-08-06 11:45:00+05:30,2026-08-06 11:50:00+05:30,1169.51495,0.9850500000000012,1170.5,1167.54485,2026-08-06 11:50:00+05:30,STOP_LOSS,1.25,0.5,True,2026-08-06 12:40:00+05:30,True,2026-08-06 12:45:00+05:30,1167.8925250000002,3.3652606466676303,True,2026-08-06 12:55:00+05:30,True,False,True,False,False
53,2026-08-06,SELL,2026-08-06 11:45:00+05:30,2026-08-06 11:50:00+05:30,1169.51495,0.9850500000000012,1170.5,1167.54485,2026-08-06 11:50:00+05:30,STOP_LOSS,1.25,0.75,True,2026-08-06 12:40:00+05:30,True,2026-08-06 12:45:00+05:30,1168.1387875,3.3652606466676303,True,2026-08-06 12:55:00+05:30,True,False,True,False,False
53,2026-08-06,SELL,2026-08-06 11:45:00+05:30,2026-08-06 11:50:00+05:30,1169.51495,0.9850500000000012,1170.5,1167.54485,2026-08-06 11:50:00+05:30,STOP_LOSS,1.25,1.0,True,2026-08-06 12:40:00+05:30,True,2026-08-06 12:45:00+05:30,1168.38505,3.3652606466676303,True,2026-08-06 12:55:00+05:30,True,False,True,False,False
53,2026-08-06,SELL,2026-08-06 11:45:00+05:30,2026-08-06 11:50:00+05:30,1169.51495,0.9850500000000012,1170.5,1167.54485,2026-08-06 11:50:00+05:30,STOP_LOSS,1.5,0.25,True,2026-08-06 12:40:00+05:30,True,2026-08-06 12:45:00+05:30,1167.6462625000001,3.3652606466676303,True,2026-08-06 12:55:00+05:30,True,False,True,False,False
53,2026-08-06,SELL,2026-08-06 11:45:00+05:30,2026-08-06 11:50:00+05:30,1169.51495,0.9850500000000012,1170.5,1167.54485,2026-08-06 11:50:00+05:30,STOP_LOSS,1.5,0.5,True,2026-08-06 12:40:00+05:30,True,2026-08-06 12:45:00+05:30,1167.8925250000002,3.3652606466676303,True,2026-08-06 12:55:00+05:30,True,False,True,False,False
53,2026-08-06,SELL,2026-08-06 11:45:00+05:30,2026-08-06 11:50:00+05:30,1169.51495,0.9850500000000012,1170.5,1167.54485,2026-08-06 11:50:00+05:30,STOP_LOSS,1.5,0.75,True,2026-08-06 12:40:00+05:30,True,2026-08-06 12:45:00+05:30,1168.1387875,3.3652606466676303,True,2026-08-06 12:55:00+05:30,True,False,True,False,False
53,2026-08-06,SELL,2026-08-06 11:45:00+05:30,2026-08-06 11:50:00+05:30,1169.51495,0.9850500000000012,1170.5,1167.54485,2026-08-06 11:50:00+05:30,STOP_LOSS,1.5,1.0,True,2026-08-06 12:40:00+05:30,True,2026-08-06 12:45:00+05:30,1168.38505,3.3652606466676303,True,2026-08-06 12:55:00+05:30,True,False,True,False,False
54,2026-08-06,SELL,2026-08-06 12:20:00+05:30,2026-08-06 12:25:00+05:30,1169.0151999999998,1.284800000000132,1170.3,1166.4455999999996,2026-08-06 12:30:00+05:30,STOP_LOSS,0.5,0.25,True,2026-08-06 12:40:00+05:30,True,2026-08-06 12:45:00+05:30,1167.7212000000002,2.191158156911183,True,2026-08-06 12:55:00+05:30,True,False,False,True,False
54,2026-08-06,SELL,2026-08-06 12:20:00+05:30,2026-08-06 12:25:00+05:30,1169.0151999999998,1.284800000000132,1170.3,1166.4455999999996,2026-08-06 12:30:00+05:30,STOP_LOSS,0.5,0.5,True,2026-08-06 12:40:00+05:30,True,2026-08-06 12:45:00+05:30,1168.0424000000003,2.191158156911183,True,2026-08-06 12:55:00+05:30,True,False,False,True,False
54,2026-08-06,SELL,2026-08-06 12:20:00+05:30,2026-08-06 12:25:00+05:30,1169.0151999999998,1.284800000000132,1170.3,1166.4455999999996,2026-08-06 12:30:00+05:30,STOP_LOSS,0.5,0.75,True,2026-08-06 12:40:00+05:30,True,2026-08-06 12:45:00+05:30,1168.3636000000001,2.191158156911183,True,2026-08-06 12:55:00+05:30,True,False,False,True,False
54,2026-08-06,SELL,2026-08-06 12:20:00+05:30,2026-08-06 12:25:00+05:30,1169.0151999999998,1.284800000000132,1170.3,1166.4455999999996,2026-08-06 12:30:00+05:30,STOP_LOSS,0.5,1.0,True,2026-08-06 12:40:00+05:30,True,2026-08-06 12:45:00+05:30,1168.6848000000002,2.191158156911183,True,2026-08-06 12:55:00+05:30,True,False,False,True,False
54,2026-08-06,SELL,2026-08-06 12:20:00+05:30,2026-08-06 12:25:00+05:30,1169.0151999999998,1.284800000000132,1170.3,1166.4455999999996,2026-08-06 12:30:00+05:30,STOP_LOSS,0.75,0.25,True,2026-08-06 12:40:00+05:30,True,2026-08-06 12:45:00+05:30,1167.7212000000002,2.191158156911183,True,2026-08-06 12:55:00+05:30,True,False,False,True,False
54,2026-08-06,SELL,2026-08-06 12:20:00+05:30,2026-08-06 12:25:00+05:30,1169.0151999999998,1.284800000000132,1170.3,1166.4455999999996,2026-08-06 12:30:00+05:30,STOP_LOSS,0.75,0.5,True,2026-08-06 12:40:00+05:30,True,2026-08-06 12:45:00+05:30,1168.0424000000003,2.191158156911183,True,2026-08-06 12:55:00+05:30,True,False,False,True,False
54,2026-08-06,SELL,2026-08-06 12:20:00+05:30,2026-08-06 12:25:00+05:30,1169.0151999999998,1.284800000000132,1170.3,1166.4455999999996,2026-08-06 12:30:00+05:30,STOP_LOSS,0.75,0.75,True,2026-08-06 12:40:00+05:30,True,2026-08-06 12:45:00+05:30,1168.3636000000001,2.191158156911183,True,2026-08-06 12:55:00+05:30,True,False,False,True,False
54,2026-08-06,SELL,2026-08-06 12:20:00+05:30,2026-08-06 12:25:00+05:30,1169.0151999999998,1.284800000000132,1170.3,1166.4455999999996,2026-08-06 12:30:00+05:30,STOP_LOSS,0.75,1.0,True,2026-08-06 12:40:00+05:30,True,2026-08-06 12:45:00+05:30,1168.6848000000002,2.191158156911183,True,2026-08-06 12:55:00+05:30,True,False,False,True,False
54,2026-08-06,SELL,2026-08-06 12:20:00+05:30,2026-08-06 12:25:00+05:30,1169.0151999999998,1.284800000000132,1170.3,1166.4455999999996,2026-08-06 12:30:00+05:30,STOP_LOSS,1.0,0.25,True,2026-08-06 12:40:00+05:30,True,2026-08-06 12:45:00+05:30,1167.7212000000002,2.191158156911183,True,2026-08-06 12:55:00+05:30,True,False,False,True,False
54,2026-08-06,SELL,2026-08-06 12:20:00+05:30,2026-08-06 12:25:00+05:30,1169.0151999999998,1.284800000000132,1170.3,1166.4455999999996,2026-08-06 12:30:00+05:30,STOP_LOSS,1.0,0.5,True,2026-08-06 12:40:00+05:30,True,2026-08-06 12:45:00+05:30,1168.0424000000003,2.191158156911183,True,2026-08-06 12:55:00+05:30,True,False,False,True,False
54,2026-08-06,SELL,2026-08-06 12:20:00+05:30,2026-08-06 12:25:00+05:30,1169.0151999999998,1.284800000000132,1170.3,1166.4455999999996,2026-08-06 12:30:00+05:30,STOP_LOSS,1.0,0.75,True,2026-08-06 12:40:00+05:30,True,2026-08-06 12:45:00+05:30,1168.3636000000001,2.191158156911183,True,2026-08-06 12:55:00+05:30,True,False,False,True,False
54,2026-08-06,SELL,2026-08-06 12:20:00+05:30,2026-08-06 12:25:00+05:30,1169.0151999999998,1.284800000000132,1170.3,1166.4455999999996,2026-08-06 12:30:00+05:30,STOP_LOSS,1.0,1.0,True,2026-08-06 12:40:00+05:30,True,2026-08-06 12:45:00+05:30,1168.6848000000002,2.191158156911183,True,2026-08-06 12:55:00+05:30,True,False,False,True,False
54,2026-08-06,SELL,2026-08-06 12:20:00+05:30,2026-08-06 12:25:00+05:30,1169.0151999999998,1.284800000000132,1170.3,1166.4455999999996,2026-08-06 12:30:00+05:30,STOP_LOSS,1.25,0.25,True,2026-08-06 12:40:00+05:30,True,2026-08-06 12:45:00+05:30,1167.7212000000002,2.191158156911183,True,2026-08-06 12:55:00+05:30,True,False,False,True,False
54,2026-08-06,SELL,2026-08-06 12:20:00+05:30,2026-08-06 12:25:00+05:30,1169.0151999999998,1.284800000000132,1170.3,1166.4455999999996,2026-08-06 12:30:00+05:30,STOP_LOSS,1.25,0.5,True,2026-08-06 12:40:00+05:30,True,2026-08-06 12:45:00+05:30,1168.0424000000003,2.191158156911183,True,2026-08-06 12:55:00+05:30,True,False,False,True,False
54,2026-08-06,SELL,2026-08-06 12:20:00+05:30,2026-08-06 12:25:00+05:30,1169.0151999999998,1.284800000000132,1170.3,1166.4455999999996,2026-08-06 12:30:00+05:30,STOP_LOSS,1.25,0.75,True,2026-08-06 12:40:00+05:30,True,2026-08-06 12:45:00+05:30,1168.3636000000001,2.191158156911183,True,2026-08-06 12:55:00+05:30,True,False,False,True,False
54,2026-08-06,SELL,2026-08-06 12:20:00+05:30,2026-08-06 12:25:00+05:30,1169.0151999999998,1.284800000000132,1170.3,1166.4455999999996,2026-08-06 12:30:00+05:30,STOP_LOSS,1.25,1.0,True,2026-08-06 12:40:00+05:30,True,2026-08-06 12:45:00+05:30,1168.6848000000002,2.191158156911183,True,2026-08-06 12:55:00+05:30,True,False,False,True,False
54,2026-08-06,SELL,2026-08-06 12:20:00+05:30,2026-08-06 12:25:00+05:30,1169.0151999999998,1.284800000000132,1170.3,1166.4455999999996,2026-08-06 12:30:00+05:30,STOP_LOSS,1.5,0.25,True,2026-08-06 12:55:00+05:30,True,2026-08-06 13:00:00+05:30,1166.5212000000001,2.191158156911183,True,2026-08-06 13:05:00+05:30,True,False,True,False,False
54,2026-08-06,SELL,2026-08-06 12:20:00+05:30,2026-08-06 12:25:00+05:30,1169.0151999999998,1.284800000000132,1170.3,1166.4455999999996,2026-08-06 12:30:00+05:30,STOP_LOSS,1.5,0.5,True,2026-08-06 12:55:00+05:30,True,2026-08-06 13:00:00+05:30,1166.8424,2.191158156911183,True,2026-08-06 13:05:00+05:30,True,False,True,False,False
54,2026-08-06,SELL,2026-08-06 12:20:00+05:30,2026-08-06 12:25:00+05:30,1169.0151999999998,1.284800000000132,1170.3,1166.4455999999996,2026-08-06 12:30:00+05:30,STOP_LOSS,1.5,0.75,True,2026-08-06 12:55:00+05:30,True,2026-08-06 13:00:00+05:30,1167.1636,2.191158156911183,True,2026-08-06 13:05:00+05:30,True,False,True,False,False
54,2026-08-06,SELL,2026-08-06 12:20:00+05:30,2026-08-06 12:25:00+05:30,1169.0151999999998,1.284800000000132,1170.3,1166.4455999999996,2026-08-06 12:30:00+05:30,STOP_LOSS,1.5,1.0,True,2026-08-06 12:55:00+05:30,True,2026-08-06 13:00:00+05:30,1167.4848000000002,2.191158156911183,True,2026-08-06 13:05:00+05:30,True,False,True,False,False
55,2026-08-07,BUY,2026-08-07 09:30:00+05:30,2026-08-07 09:35:00+05:30,1180.69005,5.490049999999883,1175.2,1191.6701499999997,2026-08-07 10:10:00+05:30,STOP_LOSS,0.5,0.25,True,2026-08-10 09:15:00+05:30,True,2026-08-10 09:20:00+05:30,1183.6274875,2.6065245307420475,True,2026-08-10 10:20:00+05:30,True,False,False,True,False
55,2026-08-07,BUY,2026-08-07 09:30:00+05:30,2026-08-07 09:35:00+05:30,1180.69005,5.490049999999883,1175.2,1191.6701499999997,2026-08-07 10:10:00+05:30,STOP_LOSS,0.5,0.5,True,2026-08-10 09:15:00+05:30,True,2026-08-10 09:20:00+05:30,1182.254975,2.6065245307420475,True,2026-08-10 10:20:00+05:30,True,False,False,True,False
55,2026-08-07,BUY,2026-08-07 09:30:00+05:30,2026-08-07 09:35:00+05:30,1180.69005,5.490049999999883,1175.2,1191.6701499999997,2026-08-07 10:10:00+05:30,STOP_LOSS,0.5,0.75,True,2026-08-10 09:15:00+05:30,True,2026-08-10 09:20:00+05:30,1180.8824625000002,2.6065245307420475,True,2026-08-10 10:20:00+05:30,True,False,False,True,False
55,2026-08-07,BUY,2026-08-07 09:30:00+05:30,2026-08-07 09:35:00+05:30,1180.69005,5.490049999999883,1175.2,1191.6701499999997,2026-08-07 10:10:00+05:30,STOP_LOSS,0.5,1.0,True,2026-08-10 09:15:00+05:30,True,2026-08-10 09:20:00+05:30,1179.5099500000001,2.6065245307420475,True,2026-08-10 10:20:00+05:30,True,False,False,True,False
55,2026-08-07,BUY,2026-08-07 09:30:00+05:30,2026-08-07 09:35:00+05:30,1180.69005,5.490049999999883,1175.2,1191.6701499999997,2026-08-07 10:10:00+05:30,STOP_LOSS,0.75,0.25,True,2026-08-10 09:15:00+05:30,True,2026-08-10 09:20:00+05:30,1183.6274875,2.6065245307420475,True,2026-08-10 10:20:00+05:30,True,False,False,True,False
55,2026-08-07,BUY,2026-08-07 09:30:00+05:30,2026-08-07 09:35:00+05:30,1180.69005,5.490049999999883,1175.2,1191.6701499999997,2026-08-07 10:10:00+05:30,STOP_LOSS,0.75,0.5,True,2026-08-10 09:15:00+05:30,True,2026-08-10 09:20:00+05:30,1182.254975,2.6065245307420475,True,2026-08-10 10:20:00+05:30,True,False,False,True,False
55,2026-08-07,BUY,2026-08-07 09:30:00+05:30,2026-08-07 09:35:00+05:30,1180.69005,5.490049999999883,1175.2,1191.6701499999997,2026-08-07 10:10:00+05:30,STOP_LOSS,0.75,0.75,True,2026-08-10 09:15:00+05:30,True,2026-08-10 09:20:00+05:30,1180.8824625000002,2.6065245307420475,True,2026-08-10 10:20:00+05:30,True,False,False,True,False
55,2026-08-07,BUY,2026-08-07 09:30:00+05:30,2026-08-07 09:35:00+05:30,1180.69005,5.490049999999883,1175.2,1191.6701499999997,2026-08-07 10:10:00+05:30,STOP_LOSS,0.75,1.0,True,2026-08-10 09:15:00+05:30,True,2026-08-10 09:20:00+05:30,1179.5099500000001,2.6065245307420475,True,2026-08-10 10:20:00+05:30,True,False,False,True,False
55,2026-08-07,BUY,2026-08-07 09:30:00+05:30,2026-08-07 09:35:00+05:30,1180.69005,5.490049999999883,1175.2,1191.6701499999997,2026-08-07 10:10:00+05:30,STOP_LOSS,1.0,0.25,True,2026-08-10 09:55:00+05:30,True,2026-08-10 10:00:00+05:30,1189.5274875,2.6065245307420475,True,2026-08-10 10:20:00+05:30,True,False,False,True,False
55,2026-08-07,BUY,2026-08-07 09:30:00+05:30,2026-08-07 09:35:00+05:30,1180.69005,5.490049999999883,1175.2,1191.6701499999997,2026-08-07 10:10:00+05:30,STOP_LOSS,1.0,0.5,True,2026-08-10 09:55:00+05:30,True,2026-08-10 10:00:00+05:30,1188.1549750000001,2.6065245307420475,True,2026-08-10 10:20:00+05:30,True,False,False,True,False
55,2026-08-07,BUY,2026-08-07 09:30:00+05:30,2026-08-07 09:35:00+05:30,1180.69005,5.490049999999883,1175.2,1191.6701499999997,2026-08-07 10:10:00+05:30,STOP_LOSS,1.0,0.75,True,2026-08-10 09:55:00+05:30,True,2026-08-10 10:00:00+05:30,1186.7824625000003,2.6065245307420475,True,2026-08-10 10:20:00+05:30,True,False,False,True,False
55,2026-08-07,BUY,2026-08-07 09:30:00+05:30,2026-08-07 09:35:00+05:30,1180.69005,5.490049999999883,1175.2,1191.6701499999997,2026-08-07 10:10:00+05:30,STOP_LOSS,1.0,1.0,True,2026-08-10 09:55:00+05:30,True,2026-08-10 10:00:00+05:30,1185.4099500000002,2.6065245307420475,True,2026-08-10 10:20:00+05:30,True,False,False,True,False
55,2026-08-07,BUY,2026-08-07 09:30:00+05:30,2026-08-07 09:35:00+05:30,1180.69005,5.490049999999883,1175.2,1191.6701499999997,2026-08-07 10:10:00+05:30,STOP_LOSS,1.25,0.25,True,2026-08-10 09:55:00+05:30,True,2026-08-10 10:00:00+05:30,1189.5274875,2.6065245307420475,True,2026-08-10 10:20:00+05:30,True,False,False,True,False
55,2026-08-07,BUY,2026-08-07 09:30:00+05:30,2026-08-07 09:35:00+05:30,1180.69005,5.490049999999883,1175.2,1191.6701499999997,2026-08-07 10:10:00+05:30,STOP_LOSS,1.25,0.5,True,2026-08-10 09:55:00+05:30,True,2026-08-10 10:00:00+05:30,1188.1549750000001,2.6065245307420475,True,2026-08-10 10:20:00+05:30,True,False,False,True,False
55,2026-08-07,BUY,2026-08-07 09:30:00+05:30,2026-08-07 09:35:00+05:30,1180.69005,5.490049999999883,1175.2,1191.6701499999997,2026-08-07 10:10:00+05:30,STOP_LOSS,1.25,0.75,True,2026-08-10 09:55:00+05:30,True,2026-08-10 10:00:00+05:30,1186.7824625000003,2.6065245307420475,True,2026-08-10 10:20:00+05:30,True,False,False,True,False
55,2026-08-07,BUY,2026-08-07 09:30:00+05:30,2026-08-07 09:35:00+05:30,1180.69005,5.490049999999883,1175.2,1191.6701499999997,2026-08-07 10:10:00+05:30,STOP_LOSS,1.25,1.0,True,2026-08-10 09:55:00+05:30,True,2026-08-10 10:00:00+05:30,1185.4099500000002,2.6065245307420475,True,2026-08-10 10:20:00+05:30,True,False,False,True,False
55,2026-08-07,BUY,2026-08-07 09:30:00+05:30,2026-08-07 09:35:00+05:30,1180.69005,5.490049999999883,1175.2,1191.6701499999997,2026-08-07 10:10:00+05:30,STOP_LOSS,1.5,0.25,True,2026-08-10 09:55:00+05:30,True,2026-08-10 10:00:00+05:30,1189.5274875,2.6065245307420475,True,2026-08-10 10:20:00+05:30,True,False,False,True,False
55,2026-08-07,BUY,2026-08-07 09:30:00+05:30,2026-08-07 09:35:00+05:30,1180.69005,5.490049999999883,1175.2,1191.6701499999997,2026-08-07 10:10:00+05:30,STOP_LOSS,1.5,0.5,True,2026-08-10 09:55:00+05:30,True,2026-08-10 10:00:00+05:30,1188.1549750000001,2.6065245307420475,True,2026-08-10 10:20:00+05:30,True,False,False,True,False
55,2026-08-07,BUY,2026-08-07 09:30:00+05:30,2026-08-07 09:35:00+05:30,1180.69005,5.490049999999883,1175.2,1191.6701499999997,2026-08-07 10:10:00+05:30,STOP_LOSS,1.5,0.75,True,2026-08-10 09:55:00+05:30,True,2026-08-10 10:00:00+05:30,1186.7824625000003,2.6065245307420475,True,2026-08-10 10:20:00+05:30,True,False,False,True,False
55,2026-08-07,BUY,2026-08-07 09:30:00+05:30,2026-08-07 09:35:00+05:30,1180.69005,5.490049999999883,1175.2,1191.6701499999997,2026-08-07 10:10:00+05:30,STOP_LOSS,1.5,1.0,True,2026-08-10 09:55:00+05:30,True,2026-08-10 10:00:00+05:30,1185.4099500000002,2.6065245307420475,True,2026-08-10 10:20:00+05:30,True,False,False,True,False
56,2026-08-07,BUY,2026-08-07 13:40:00+05:30,2026-08-07 13:45:00+05:30,1179.9897,2.18970000000013,1177.8,1184.3691000000003,2026-08-07 13:45:00+05:30,STOP_LOSS,0.5,0.25,True,2026-08-10 09:15:00+05:30,True,2026-08-10 09:20:00+05:30,1184.452575,4.982554687856491,True,2026-08-10 09:55:00+05:30,True,True,True,False,False
56,2026-08-07,BUY,2026-08-07 13:40:00+05:30,2026-08-07 13:45:00+05:30,1179.9897,2.18970000000013,1177.8,1184.3691000000003,2026-08-07 13:45:00+05:30,STOP_LOSS,0.5,0.5,True,2026-08-10 09:15:00+05:30,True,2026-08-10 09:20:00+05:30,1183.90515,4.982554687856491,True,2026-08-10 09:55:00+05:30,True,True,True,False,False
56,2026-08-07,BUY,2026-08-07 13:40:00+05:30,2026-08-07 13:45:00+05:30,1179.9897,2.18970000000013,1177.8,1184.3691000000003,2026-08-07 13:45:00+05:30,STOP_LOSS,0.5,0.75,True,2026-08-10 09:15:00+05:30,True,2026-08-10 09:20:00+05:30,1183.3577249999998,4.982554687856491,True,2026-08-10 09:55:00+05:30,True,True,True,False,False
56,2026-08-07,BUY,2026-08-07 13:40:00+05:30,2026-08-07 13:45:00+05:30,1179.9897,2.18970000000013,1177.8,1184.3691000000003,2026-08-07 13:45:00+05:30,STOP_LOSS,0.5,1.0,True,2026-08-10 09:15:00+05:30,True,2026-08-10 09:20:00+05:30,1182.8102999999999,4.982554687856491,True,2026-08-10 09:55:00+05:30,True,True,True,False,False
56,2026-08-07,BUY,2026-08-07 13:40:00+05:30,2026-08-07 13:45:00+05:30,1179.9897,2.18970000000013,1177.8,1184.3691000000003,2026-08-07 13:45:00+05:30,STOP_LOSS,0.75,0.25,True,2026-08-10 09:15:00+05:30,True,2026-08-10 09:20:00+05:30,1184.452575,4.982554687856491,True,2026-08-10 09:55:00+05:30,True,True,True,False,False
56,2026-08-07,BUY,2026-08-07 13:40:00+05:30,2026-08-07 13:45:00+05:30,1179.9897,2.18970000000013,1177.8,1184.3691000000003,2026-08-07 13:45:00+05:30,STOP_LOSS,0.75,0.5,True,2026-08-10 09:15:00+05:30,True,2026-08-10 09:20:00+05:30,1183.90515,4.982554687856491,True,2026-08-10 09:55:00+05:30,True,True,True,False,False
56,2026-08-07,BUY,2026-08-07 13:40:00+05:30,2026-08-07 13:45:00+05:30,1179.9897,2.18970000000013,1177.8,1184.3691000000003,2026-08-07 13:45:00+05:30,STOP_LOSS,0.75,0.75,True,2026-08-10 09:15:00+05:30,True,2026-08-10 09:20:00+05:30,1183.3577249999998,4.982554687856491,True,2026-08-10 09:55:00+05:30,True,True,True,False,False
56,2026-08-07,BUY,2026-08-07 13:40:00+05:30,2026-08-07 13:45:00+05:30,1179.9897,2.18970000000013,1177.8,1184.3691000000003,2026-08-07 13:45:00+05:30,STOP_LOSS,0.75,1.0,True,2026-08-10 09:15:00+05:30,True,2026-08-10 09:20:00+05:30,1182.8102999999999,4.982554687856491,True,2026-08-10 09:55:00+05:30,True,True,True,False,False
56,2026-08-07,BUY,2026-08-07 13:40:00+05:30,2026-08-07 13:45:00+05:30,1179.9897,2.18970000000013,1177.8,1184.3691000000003,2026-08-07 13:45:00+05:30,STOP_LOSS,1.0,0.25,True,2026-08-10 09:15:00+05:30,True,2026-08-10 09:20:00+05:30,1184.452575,4.982554687856491,True,2026-08-10 09:55:00+05:30,True,True,True,False,False
56,2026-08-07,BUY,2026-08-07 13:40:00+05:30,2026-08-07 13:45:00+05:30,1179.9897,2.18970000000013,1177.8,1184.3691000000003,2026-08-07 13:45:00+05:30,STOP_LOSS,1.0,0.5,True,2026-08-10 09:15:00+05:30,True,2026-08-10 09:20:00+05:30,1183.90515,4.982554687856491,True,2026-08-10 09:55:00+05:30,True,True,True,False,False
56,2026-08-07,BUY,2026-08-07 13:40:00+05:30,2026-08-07 13:45:00+05:30,1179.9897,2.18970000000013,1177.8,1184.3691000000003,2026-08-07 13:45:00+05:30,STOP_LOSS,1.0,0.75,True,2026-08-10 09:15:00+05:30,True,2026-08-10 09:20:00+05:30,1183.3577249999998,4.982554687856491,True,2026-08-10 09:55:00+05:30,True,True,True,False,False
56,2026-08-07,BUY,2026-08-07 13:40:00+05:30,2026-08-07 13:45:00+05:30,1179.9897,2.18970000000013,1177.8,1184.3691000000003,2026-08-07 13:45:00+05:30,STOP_LOSS,1.0,1.0,True,2026-08-10 09:15:00+05:30,True,2026-08-10 09:20:00+05:30,1182.8102999999999,4.982554687856491,True,2026-08-10 09:55:00+05:30,True,True,True,False,False
56,2026-08-07,BUY,2026-08-07 13:40:00+05:30,2026-08-07 13:45:00+05:30,1179.9897,2.18970000000013,1177.8,1184.3691000000003,2026-08-07 13:45:00+05:30,STOP_LOSS,1.25,0.25,True,2026-08-10 09:15:00+05:30,True,2026-08-10 09:20:00+05:30,1184.452575,4.982554687856491,True,2026-08-10 09:55:00+05:30,True,True,True,False,False
56,2026-08-07,BUY,2026-08-07 13:40:00+05:30,2026-08-07 13:45:00+05:30,1179.9897,2.18970000000013,1177.8,1184.3691000000003,2026-08-07 13:45:00+05:30,STOP_LOSS,1.25,0.5,True,2026-08-10 09:15:00+05:30,True,2026-08-10 09:20:00+05:30,1183.90515,4.982554687856491,True,2026-08-10 09:55:00+05:30,True,True,True,False,False
56,2026-08-07,BUY,2026-08-07 13:40:00+05:30,2026-08-07 13:45:00+05:30,1179.9897,2.18970000000013,1177.8,1184.3691000000003,2026-08-07 13:45:00+05:30,STOP_LOSS,1.25,0.75,True,2026-08-10 09:15:00+05:30,True,2026-08-10 09:20:00+05:30,1183.3577249999998,4.982554687856491,True,2026-08-10 09:55:00+05:30,True,True,True,False,False
56,2026-08-07,BUY,2026-08-07 13:40:00+05:30,2026-08-07 13:45:00+05:30,1179.9897,2.18970000000013,1177.8,1184.3691000000003,2026-08-07 13:45:00+05:30,STOP_LOSS,1.25,1.0,True,2026-08-10 09:15:00+05:30,True,2026-08-10 09:20:00+05:30,1182.8102999999999,4.982554687856491,True,2026-08-10 09:55:00+05:30,True,True,True,False,False
56,2026-08-07,BUY,2026-08-07 13:40:00+05:30,2026-08-07 13:45:00+05:30,1179.9897,2.18970000000013,1177.8,1184.3691000000003,2026-08-07 13:45:00+05:30,STOP_LOSS,1.5,0.25,True,2026-08-10 09:15:00+05:30,True,2026-08-10 09:20:00+05:30,1184.452575,4.982554687856491,True,2026-08-10 09:55:00+05:30,True,True,True,False,False
56,2026-08-07,BUY,2026-08-07 13:40:00+05:30,2026-08-07 13:45:00+05:30,1179.9897,2.18970000000013,1177.8,1184.3691000000003,2026-08-07 13:45:00+05:30,STOP_LOSS,1.5,0.5,True,2026-08-10 09:15:00+05:30,True,2026-08-10 09:20:00+05:30,1183.90515,4.982554687856491,True,2026-08-10 09:55:00+05:30,True,True,True,False,False
56,2026-08-07,BUY,2026-08-07 13:40:00+05:30,2026-08-07 13:45:00+05:30,1179.9897,2.18970000000013,1177.8,1184.3691000000003,2026-08-07 13:45:00+05:30,STOP_LOSS,1.5,0.75,True,2026-08-10 09:15:00+05:30,True,2026-08-10 09:20:00+05:30,1183.3577249999998,4.982554687856491,True,2026-08-10 09:55:00+05:30,True,True,True,False,False
56,2026-08-07,BUY,2026-08-07 13:40:00+05:30,2026-08-07 13:45:00+05:30,1179.9897,2.18970000000013,1177.8,1184.3691000000003,2026-08-07 13:45:00+05:30,STOP_LOSS,1.5,1.0,True,2026-08-10 09:15:00+05:30,True,2026-08-10 09:20:00+05:30,1182.8102999999999,4.982554687856491,True,2026-08-10 09:55:00+05:30,True,True,True,False,False
57,2026-08-07,BUY,2026-08-07 14:20:00+05:30,2026-08-07 14:25:00+05:30,1178.88915,2.3891499999999724,1176.5,1183.66745,2026-08-07 14:50:00+05:30,STOP_LOSS,0.5,0.25,True,2026-08-10 09:15:00+05:30,True,2026-08-10 09:20:00+05:30,1184.4027125,5.027248184500872,True,2026-08-10 09:55:00+05:30,True,True,True,False,False
57,2026-08-07,BUY,2026-08-07 14:20:00+05:30,2026-08-07 14:25:00+05:30,1178.88915,2.3891499999999724,1176.5,1183.66745,2026-08-07 14:50:00+05:30,STOP_LOSS,0.5,0.5,True,2026-08-10 09:15:00+05:30,True,2026-08-10 09:20:00+05:30,1183.805425,5.027248184500872,True,2026-08-10 09:55:00+05:30,True,True,True,False,False
57,2026-08-07,BUY,2026-08-07 14:20:00+05:30,2026-08-07 14:25:00+05:30,1178.88915,2.3891499999999724,1176.5,1183.66745,2026-08-07 14:50:00+05:30,STOP_LOSS,0.5,0.75,True,2026-08-10 09:15:00+05:30,True,2026-08-10 09:20:00+05:30,1183.2081375,5.027248184500872,True,2026-08-10 09:55:00+05:30,True,True,True,False,False
57,2026-08-07,BUY,2026-08-07 14:20:00+05:30,2026-08-07 14:25:00+05:30,1178.88915,2.3891499999999724,1176.5,1183.66745,2026-08-07 14:50:00+05:30,STOP_LOSS,0.5,1.0,True,2026-08-10 09:15:00+05:30,True,2026-08-10 09:20:00+05:30,1182.61085,5.027248184500872,True,2026-08-10 09:55:00+05:30,True,True,True,False,False
57,2026-08-07,BUY,2026-08-07 14:20:00+05:30,2026-08-07 14:25:00+05:30,1178.88915,2.3891499999999724,1176.5,1183.66745,2026-08-07 14:50:00+05:30,STOP_LOSS,0.75,0.25,True,2026-08-10 09:15:00+05:30,True,2026-08-10 09:20:00+05:30,1184.4027125,5.027248184500872,True,2026-08-10 09:55:00+05:30,True,True,True,False,False
57,2026-08-07,BUY,2026-08-07 14:20:00+05:30,2026-08-07 14:25:00+05:30,1178.88915,2.3891499999999724,1176.5,1183.66745,2026-08-07 14:50:00+05:30,STOP_LOSS,0.75,0.5,True,2026-08-10 09:15:00+05:30,True,2026-08-10 09:20:00+05:30,1183.805425,5.027248184500872,True,2026-08-10 09:55:00+05:30,True,True,True,False,False
57,2026-08-07,BUY,2026-08-07 14:20:00+05:30,2026-08-07 14:25:00+05:30,1178.88915,2.3891499999999724,1176.5,1183.66745,2026-08-07 14:50:00+05:30,STOP_LOSS,0.75,0.75,True,2026-08-10 09:15:00+05:30,True,2026-08-10 09:20:00+05:30,1183.2081375,5.027248184500872,True,2026-08-10 09:55:00+05:30,True,True,True,False,False
57,2026-08-07,BUY,2026-08-07 14:20:00+05:30,2026-08-07 14:25:00+05:30,1178.88915,2.3891499999999724,1176.5,1183.66745,2026-08-07 14:50:00+05:30,STOP_LOSS,0.75,1.0,True,2026-08-10 09:15:00+05:30,True,2026-08-10 09:20:00+05:30,1182.61085,5.027248184500872,True,2026-08-10 09:55:00+05:30,True,True,True,False,False
57,2026-08-07,BUY,2026-08-07 14:20:00+05:30,2026-08-07 14:25:00+05:30,1178.88915,2.3891499999999724,1176.5,1183.66745,2026-08-07 14:50:00+05:30,STOP_LOSS,1.0,0.25,True,2026-08-10 09:15:00+05:30,True,2026-08-10 09:20:00+05:30,1184.4027125,5.027248184500872,True,2026-08-10 09:55:00+05:30,True,True,True,False,False
57,2026-08-07,BUY,2026-08-07 14:20:00+05:30,2026-08-07 14:25:00+05:30,1178.88915,2.3891499999999724,1176.5,1183.66745,2026-08-07 14:50:00+05:30,STOP_LOSS,1.0,0.5,True,2026-08-10 09:15:00+05:30,True,2026-08-10 09:20:00+05:30,1183.805425,5.027248184500872,True,2026-08-10 09:55:00+05:30,True,True,True,False,False
57,2026-08-07,BUY,2026-08-07 14:20:00+05:30,2026-08-07 14:25:00+05:30,1178.88915,2.3891499999999724,1176.5,1183.66745,2026-08-07 14:50:00+05:30,STOP_LOSS,1.0,0.75,True,2026-08-10 09:15:00+05:30,True,2026-08-10 09:20:00+05:30,1183.2081375,5.027248184500872,True,2026-08-10 09:55:00+05:30,True,True,True,False,False
57,2026-08-07,BUY,2026-08-07 14:20:00+05:30,2026-08-07 14:25:00+05:30,1178.88915,2.3891499999999724,1176.5,1183.66745,2026-08-07 14:50:00+05:30,STOP_LOSS,1.0,1.0,True,2026-08-10 09:15:00+05:30,True,2026-08-10 09:20:00+05:30,1182.61085,5.027248184500872,True,2026-08-10 09:55:00+05:30,True,True,True,False,False
57,2026-08-07,BUY,2026-08-07 14:20:00+05:30,2026-08-07 14:25:00+05:30,1178.88915,2.3891499999999724,1176.5,1183.66745,2026-08-07 14:50:00+05:30,STOP_LOSS,1.25,0.25,True,2026-08-10 09:15:00+05:30,True,2026-08-10 09:20:00+05:30,1184.4027125,5.027248184500872,True,2026-08-10 09:55:00+05:30,True,True,True,False,False
57,2026-08-07,BUY,2026-08-07 14:20:00+05:30,2026-08-07 14:25:00+05:30,1178.88915,2.3891499999999724,1176.5,1183.66745,2026-08-07 14:50:00+05:30,STOP_LOSS,1.25,0.5,True,2026-08-10 09:15:00+05:30,True,2026-08-10 09:20:00+05:30,1183.805425,5.027248184500872,True,2026-08-10 09:55:00+05:30,True,True,True,False,False
57,2026-08-07,BUY,2026-08-07 14:20:00+05:30,2026-08-07 14:25:00+05:30,1178.88915,2.3891499999999724,1176.5,1183.66745,2026-08-07 14:50:00+05:30,STOP_LOSS,1.25,0.75,True,2026-08-10 09:15:00+05:30,True,2026-08-10 09:20:00+05:30,1183.2081375,5.027248184500872,True,2026-08-10 09:55:00+05:30,True,True,True,False,False
57,2026-08-07,BUY,2026-08-07 14:20:00+05:30,2026-08-07 14:25:00+05:30,1178.88915,2.3891499999999724,1176.5,1183.66745,2026-08-07 14:50:00+05:30,STOP_LOSS,1.25,1.0,True,2026-08-10 09:15:00+05:30,True,2026-08-10 09:20:00+05:30,1182.61085,5.027248184500872,True,2026-08-10 09:55:00+05:30,True,True,True,False,False
57,2026-08-07,BUY,2026-08-07 14:20:00+05:30,2026-08-07 14:25:00+05:30,1178.88915,2.3891499999999724,1176.5,1183.66745,2026-08-07 14:50:00+05:30,STOP_LOSS,1.5,0.25,True,2026-08-10 09:15:00+05:30,True,2026-08-10 09:20:00+05:30,1184.4027125,5.027248184500872,True,2026-08-10 09:55:00+05:30,True,True,True,False,False
57,2026-08-07,BUY,2026-08-07 14:20:00+05:30,2026-08-07 14:25:00+05:30,1178.88915,2.3891499999999724,1176.5,1183.66745,2026-08-07 14:50:00+05:30,STOP_LOSS,1.5,0.5,True,2026-08-10 09:15:00+05:30,True,2026-08-10 09:20:00+05:30,1183.805425,5.027248184500872,True,2026-08-10 09:55:00+05:30,True,True,True,False,False
57,2026-08-07,BUY,2026-08-07 14:20:00+05:30,2026-08-07 14:25:00+05:30,1178.88915,2.3891499999999724,1176.5,1183.66745,2026-08-07 14:50:00+05:30,STOP_LOSS,1.5,0.75,True,2026-08-10 09:15:00+05:30,True,2026-08-10 09:20:00+05:30,1183.2081375,5.027248184500872,True,2026-08-10 09:55:00+05:30,True,True,True,False,False
57,2026-08-07,BUY,2026-08-07 14:20:00+05:30,2026-08-07 14:25:00+05:30,1178.88915,2.3891499999999724,1176.5,1183.66745,2026-08-07 14:50:00+05:30,STOP_LOSS,1.5,1.0,True,2026-08-10 09:15:00+05:30,True,2026-08-10 09:20:00+05:30,1182.61085,5.027248184500872,True,2026-08-10 09:55:00+05:30,True,True,True,False,False
58,2026-08-10,BUY,2026-08-10 09:55:00+05:30,2026-08-10 10:00:00+05:30,1189.9947000000002,11.19470000000024,1178.8,1212.384100000001,2026-08-10 11:50:00+05:30,STOP_LOSS,0.5,0.25,False,,False,,,0.0,False,,False,False,False,False,False
58,2026-08-10,BUY,2026-08-10 09:55:00+05:30,2026-08-10 10:00:00+05:30,1189.9947000000002,11.19470000000024,1178.8,1212.384100000001,2026-08-10 11:50:00+05:30,STOP_LOSS,0.5,0.5,False,,False,,,0.0,False,,False,False,False,False,False
58,2026-08-10,BUY,2026-08-10 09:55:00+05:30,2026-08-10 10:00:00+05:30,1189.9947000000002,11.19470000000024,1178.8,1212.384100000001,2026-08-10 11:50:00+05:30,STOP_LOSS,0.5,0.75,False,,False,,,0.0,False,,False,False,False,False,False
58,2026-08-10,BUY,2026-08-10 09:55:00+05:30,2026-08-10 10:00:00+05:30,1189.9947000000002,11.19470000000024,1178.8,1212.384100000001,2026-08-10 11:50:00+05:30,STOP_LOSS,0.5,1.0,False,,False,,,0.0,False,,False,False,False,False,False
58,2026-08-10,BUY,2026-08-10 09:55:00+05:30,2026-08-10 10:00:00+05:30,1189.9947000000002,11.19470000000024,1178.8,1212.384100000001,2026-08-10 11:50:00+05:30,STOP_LOSS,0.75,0.25,False,,False,,,0.0,False,,False,False,False,False,False
58,2026-08-10,BUY,2026-08-10 09:55:00+05:30,2026-08-10 10:00:00+05:30,1189.9947000000002,11.19470000000024,1178.8,1212.384100000001,2026-08-10 11:50:00+05:30,STOP_LOSS,0.75,0.5,False,,False,,,0.0,False,,False,False,False,False,False
58,2026-08-10,BUY,2026-08-10 09:55:00+05:30,2026-08-10 10:00:00+05:30,1189.9947000000002,11.19470000000024,1178.8,1212.384100000001,2026-08-10 11:50:00+05:30,STOP_LOSS,0.75,0.75,False,,False,,,0.0,False,,False,False,False,False,False
58,2026-08-10,BUY,2026-08-10 09:55:00+05:30,2026-08-10 10:00:00+05:30,1189.9947000000002,11.19470000000024,1178.8,1212.384100000001,2026-08-10 11:50:00+05:30,STOP_LOSS,0.75,1.0,False,,False,,,0.0,False,,False,False,False,False,False
58,2026-08-10,BUY,2026-08-10 09:55:00+05:30,2026-08-10 10:00:00+05:30,1189.9947000000002,11.19470000000024,1178.8,1212.384100000001,2026-08-10 11:50:00+05:30,STOP_LOSS,1.0,0.25,False,,False,,,0.0,False,,False,False,False,False,False
58,2026-08-10,BUY,2026-08-10 09:55:00+05:30,2026-08-10 10:00:00+05:30,1189.9947000000002,11.19470000000024,1178.8,1212.384100000001,2026-08-10 11:50:00+05:30,STOP_LOSS,1.0,0.5,False,,False,,,0.0,False,,False,False,False,False,False
58,2026-08-10,BUY,2026-08-10 09:55:00+05:30,2026-08-10 10:00:00+05:30,1189.9947000000002,11.19470000000024,1178.8,1212.384100000001,2026-08-10 11:50:00+05:30,STOP_LOSS,1.0,0.75,False,,False,,,0.0,False,,False,False,False,False,False
58,2026-08-10,BUY,2026-08-10 09:55:00+05:30,2026-08-10 10:00:00+05:30,1189.9947000000002,11.19470000000024,1178.8,1212.384100000001,2026-08-10 11:50:00+05:30,STOP_LOSS,1.0,1.0,False,,False,,,0.0,False,,False,False,False,False,False
58,2026-08-10,BUY,2026-08-10 09:55:00+05:30,2026-08-10 10:00:00+05:30,1189.9947000000002,11.19470000000024,1178.8,1212.384100000001,2026-08-10 11:50:00+05:30,STOP_LOSS,1.25,0.25,False,,False,,,0.0,False,,False,False,False,False,False
58,2026-08-10,BUY,2026-08-10 09:55:00+05:30,2026-08-10 10:00:00+05:30,1189.9947000000002,11.19470000000024,1178.8,1212.384100000001,2026-08-10 11:50:00+05:30,STOP_LOSS,1.25,0.5,False,,False,,,0.0,False,,False,False,False,False,False
58,2026-08-10,BUY,2026-08-10 09:55:00+05:30,2026-08-10 10:00:00+05:30,1189.9947000000002,11.19470000000024,1178.8,1212.384100000001,2026-08-10 11:50:00+05:30,STOP_LOSS,1.25,0.75,False,,False,,,0.0,False,,False,False,False,False,False
58,2026-08-10,BUY,2026-08-10 09:55:00+05:30,2026-08-10 10:00:00+05:30,1189.9947000000002,11.19470000000024,1178.8,1212.384100000001,2026-08-10 11:50:00+05:30,STOP_LOSS,1.25,1.0,False,,False,,,0.0,False,,False,False,False,False,False
58,2026-08-10,BUY,2026-08-10 09:55:00+05:30,2026-08-10 10:00:00+05:30,1189.9947000000002,11.19470000000024,1178.8,1212.384100000001,2026-08-10 11:50:00+05:30,STOP_LOSS,1.5,0.25,False,,False,,,0.0,False,,False,False,False,False,False
58,2026-08-10,BUY,2026-08-10 09:55:00+05:30,2026-08-10 10:00:00+05:30,1189.9947000000002,11.19470000000024,1178.8,1212.384100000001,2026-08-10 11:50:00+05:30,STOP_LOSS,1.5,0.5,False,,False,,,0.0,False,,False,False,False,False,False
58,2026-08-10,BUY,2026-08-10 09:55:00+05:30,2026-08-10 10:00:00+05:30,1189.9947000000002,11.19470000000024,1178.8,1212.384100000001,2026-08-10 11:50:00+05:30,STOP_LOSS,1.5,0.75,False,,False,,,0.0,False,,False,False,False,False,False
58,2026-08-10,BUY,2026-08-10 09:55:00+05:30,2026-08-10 10:00:00+05:30,1189.9947000000002,11.19470000000024,1178.8,1212.384100000001,2026-08-10 11:50:00+05:30,STOP_LOSS,1.5,1.0,False,,False,,,0.0,False,,False,False,False,False,False
59,2026-08-10,BUY,2026-08-10 13:40:00+05:30,2026-08-10 13:45:00+05:30,1186.29285,1.5928499999999983,1184.7,1189.47855,2026-08-10 13:50:00+05:30,STOP_LOSS,0.5,0.25,True,2026-08-10 14:25:00+05:30,True,2026-08-10 14:30:00+05:30,1187.2017875,3.9596634962487816,True,2026-08-11 09:15:00+05:30,True,True,False,True,False
59,2026-08-10,BUY,2026-08-10 13:40:00+05:30,2026-08-10 13:45:00+05:30,1186.29285,1.5928499999999983,1184.7,1189.47855,2026-08-10 13:50:00+05:30,STOP_LOSS,0.5,0.5,True,2026-08-10 14:25:00+05:30,True,2026-08-10 14:30:00+05:30,1186.803575,3.9596634962487816,True,2026-08-11 09:15:00+05:30,True,True,False,True,False
59,2026-08-10,BUY,2026-08-10 13:40:00+05:30,2026-08-10 13:45:00+05:30,1186.29285,1.5928499999999983,1184.7,1189.47855,2026-08-10 13:50:00+05:30,STOP_LOSS,0.5,0.75,True,2026-08-10 14:25:00+05:30,True,2026-08-10 14:30:00+05:30,1186.4053625,3.9596634962487816,True,2026-08-11 09:15:00+05:30,True,True,False,True,False
59,2026-08-10,BUY,2026-08-10 13:40:00+05:30,2026-08-10 13:45:00+05:30,1186.29285,1.5928499999999983,1184.7,1189.47855,2026-08-10 13:50:00+05:30,STOP_LOSS,0.5,1.0,True,2026-08-10 14:25:00+05:30,True,2026-08-10 14:30:00+05:30,1186.00715,3.9596634962487816,True,2026-08-11 09:15:00+05:30,True,True,False,True,False
59,2026-08-10,BUY,2026-08-10 13:40:00+05:30,2026-08-10 13:45:00+05:30,1186.29285,1.5928499999999983,1184.7,1189.47855,2026-08-10 13:50:00+05:30,STOP_LOSS,0.75,0.25,True,2026-08-10 14:25:00+05:30,True,2026-08-10 14:30:00+05:30,1187.2017875,3.9596634962487816,True,2026-08-11 09:15:00+05:30,True,True,False,True,False
59,2026-08-10,BUY,2026-08-10 13:40:00+05:30,2026-08-10 13:45:00+05:30,1186.29285,1.5928499999999983,1184.7,1189.47855,2026-08-10 13:50:00+05:30,STOP_LOSS,0.75,0.5,True,2026-08-10 14:25:00+05:30,True,2026-08-10 14:30:00+05:30,1186.803575,3.9596634962487816,True,2026-08-11 09:15:00+05:30,True,True,False,True,False
59,2026-08-10,BUY,2026-08-10 13:40:00+05:30,2026-08-10 13:45:00+05:30,1186.29285,1.5928499999999983,1184.7,1189.47855,2026-08-10 13:50:00+05:30,STOP_LOSS,0.75,0.75,True,2026-08-10 14:25:00+05:30,True,2026-08-10 14:30:00+05:30,1186.4053625,3.9596634962487816,True,2026-08-11 09:15:00+05:30,True,True,False,True,False
59,2026-08-10,BUY,2026-08-10 13:40:00+05:30,2026-08-10 13:45:00+05:30,1186.29285,1.5928499999999983,1184.7,1189.47855,2026-08-10 13:50:00+05:30,STOP_LOSS,0.75,1.0,True,2026-08-10 14:25:00+05:30,True,2026-08-10 14:30:00+05:30,1186.00715,3.9596634962487816,True,2026-08-11 09:15:00+05:30,True,True,False,True,False
59,2026-08-10,BUY,2026-08-10 13:40:00+05:30,2026-08-10 13:45:00+05:30,1186.29285,1.5928499999999983,1184.7,1189.47855,2026-08-10 13:50:00+05:30,STOP_LOSS,1.0,0.25,True,2026-08-11 09:15:00+05:30,True,2026-08-11 09:20:00+05:30,1192.2017875,3.9596634962487816,True,2026-08-11 09:25:00+05:30,True,False,True,False,False
59,2026-08-10,BUY,2026-08-10 13:40:00+05:30,2026-08-10 13:45:00+05:30,1186.29285,1.5928499999999983,1184.7,1189.47855,2026-08-10 13:50:00+05:30,STOP_LOSS,1.0,0.5,True,2026-08-11 09:15:00+05:30,True,2026-08-11 09:20:00+05:30,1191.803575,3.9596634962487816,True,2026-08-11 09:25:00+05:30,True,False,True,False,False
59,2026-08-10,BUY,2026-08-10 13:40:00+05:30,2026-08-10 13:45:00+05:30,1186.29285,1.5928499999999983,1184.7,1189.47855,2026-08-10 13:50:00+05:30,STOP_LOSS,1.0,0.75,True,2026-08-11 09:15:00+05:30,True,2026-08-11 09:20:00+05:30,1191.4053625,3.9596634962487816,True,2026-08-11 09:25:00+05:30,True,False,True,False,False
59,2026-08-10,BUY,2026-08-10 13:40:00+05:30,2026-08-10 13:45:00+05:30,1186.29285,1.5928499999999983,1184.7,1189.47855,2026-08-10 13:50:00+05:30,STOP_LOSS,1.0,1.0,True,2026-08-11 09:15:00+05:30,True,2026-08-11 09:20:00+05:30,1191.00715,3.9596634962487816,True,2026-08-11 09:25:00+05:30,True,False,True,False,False
59,2026-08-10,BUY,2026-08-10 13:40:00+05:30,2026-08-10 13:45:00+05:30,1186.29285,1.5928499999999983,1184.7,1189.47855,2026-08-10 13:50:00+05:30,STOP_LOSS,1.25,0.25,True,2026-08-11 09:15:00+05:30,True,2026-08-11 09:20:00+05:30,1192.2017875,3.9596634962487816,True,2026-08-11 09:25:00+05:30,True,False,True,False,False
59,2026-08-10,BUY,2026-08-10 13:40:00+05:30,2026-08-10 13:45:00+05:30,1186.29285,1.5928499999999983,1184.7,1189.47855,2026-08-10 13:50:00+05:30,STOP_LOSS,1.25,0.5,True,2026-08-11 09:15:00+05:30,True,2026-08-11 09:20:00+05:30,1191.803575,3.9596634962487816,True,2026-08-11 09:25:00+05:30,True,False,True,False,False
59,2026-08-10,BUY,2026-08-10 13:40:00+05:30,2026-08-10 13:45:00+05:30,1186.29285,1.5928499999999983,1184.7,1189.47855,2026-08-10 13:50:00+05:30,STOP_LOSS,1.25,0.75,True,2026-08-11 09:15:00+05:30,True,2026-08-11 09:20:00+05:30,1191.4053625,3.9596634962487816,True,2026-08-11 09:25:00+05:30,True,False,True,False,False
59,2026-08-10,BUY,2026-08-10 13:40:00+05:30,2026-08-10 13:45:00+05:30,1186.29285,1.5928499999999983,1184.7,1189.47855,2026-08-10 13:50:00+05:30,STOP_LOSS,1.25,1.0,True,2026-08-11 09:15:00+05:30,True,2026-08-11 09:20:00+05:30,1191.00715,3.9596634962487816,True,2026-08-11 09:25:00+05:30,True,False,True,False,False
59,2026-08-10,BUY,2026-08-10 13:40:00+05:30,2026-08-10 13:45:00+05:30,1186.29285,1.5928499999999983,1184.7,1189.47855,2026-08-10 13:50:00+05:30,STOP_LOSS,1.5,0.25,True,2026-08-11 09:15:00+05:30,True,2026-08-11 09:20:00+05:30,1192.2017875,3.9596634962487816,True,2026-08-11 09:25:00+05:30,True,False,True,False,False
59,2026-08-10,BUY,2026-08-10 13:40:00+05:30,2026-08-10 13:45:00+05:30,1186.29285,1.5928499999999983,1184.7,1189.47855,2026-08-10 13:50:00+05:30,STOP_LOSS,1.5,0.5,True,2026-08-11 09:15:00+05:30,True,2026-08-11 09:20:00+05:30,1191.803575,3.9596634962487816,True,2026-08-11 09:25:00+05:30,True,False,True,False,False
59,2026-08-10,BUY,2026-08-10 13:40:00+05:30,2026-08-10 13:45:00+05:30,1186.29285,1.5928499999999983,1184.7,1189.47855,2026-08-10 13:50:00+05:30,STOP_LOSS,1.5,0.75,True,2026-08-11 09:15:00+05:30,True,2026-08-11 09:20:00+05:30,1191.4053625,3.9596634962487816,True,2026-08-11 09:25:00+05:30,True,False,True,False,False
59,2026-08-10,BUY,2026-08-10 13:40:00+05:30,2026-08-10 13:45:00+05:30,1186.29285,1.5928499999999983,1184.7,1189.47855,2026-08-10 13:50:00+05:30,STOP_LOSS,1.5,1.0,True,2026-08-11 09:15:00+05:30,True,2026-08-11 09:20:00+05:30,1191.00715,3.9596634962487816,True,2026-08-11 09:25:00+05:30,True,False,True,False,False
60,2026-08-10,BUY,2026-08-10 14:25:00+05:30,2026-08-10 14:30:00+05:30,1186.29285,3.192850000000135,1183.1,1192.6785500000003,2026-08-10 14:40:00+05:30,STOP_LOSS,0.5,0.25,True,2026-08-11 09:15:00+05:30,True,2026-08-11 09:20:00+05:30,1191.8017874999998,2.257277980487543,True,2026-08-11 09:30:00+05:30,True,False,False,True,False
60,2026-08-10,BUY,2026-08-10 14:25:00+05:30,2026-08-10 14:30:00+05:30,1186.29285,3.192850000000135,1183.1,1192.6785500000003,2026-08-10 14:40:00+05:30,STOP_LOSS,0.5,0.5,True,2026-08-11 09:15:00+05:30,True,2026-08-11 09:20:00+05:30,1191.0035749999997,2.257277980487543,True,2026-08-11 09:30:00+05:30,True,False,False,True,False
60,2026-08-10,BUY,2026-08-10 14:25:00+05:30,2026-08-10 14:30:00+05:30,1186.29285,3.192850000000135,1183.1,1192.6785500000003,2026-08-10 14:40:00+05:30,STOP_LOSS,0.5,0.75,True,2026-08-11 09:15:00+05:30,True,2026-08-11 09:20:00+05:30,1190.2053624999999,2.257277980487543,True,2026-08-11 09:30:00+05:30,True,False,False,True,False
60,2026-08-10,BUY,2026-08-10 14:25:00+05:30,2026-08-10 14:30:00+05:30,1186.29285,3.192850000000135,1183.1,1192.6785500000003,2026-08-10 14:40:00+05:30,STOP_LOSS,0.5,1.0,True,2026-08-11 09:15:00+05:30,True,2026-08-11 09:20:00+05:30,1189.4071499999998,2.257277980487543,True,2026-08-11 09:30:00+05:30,True,False,False,True,False
60,2026-08-10,BUY,2026-08-10 14:25:00+05:30,2026-08-10 14:30:00+05:30,1186.29285,3.192850000000135,1183.1,1192.6785500000003,2026-08-10 14:40:00+05:30,STOP_LOSS,0.75,0.25,True,2026-08-11 09:15:00+05:30,True,2026-08-11 09:20:00+05:30,1191.8017874999998,2.257277980487543,True,2026-08-11 09:30:00+05:30,True,False,False,True,False
60,2026-08-10,BUY,2026-08-10 14:25:00+05:30,2026-08-10 14:30:00+05:30,1186.29285,3.192850000000135,1183.1,1192.6785500000003,2026-08-10 14:40:00+05:30,STOP_LOSS,0.75,0.5,True,2026-08-11 09:15:00+05:30,True,2026-08-11 09:20:00+05:30,1191.0035749999997,2.257277980487543,True,2026-08-11 09:30:00+05:30,True,False,False,True,False
60,2026-08-10,BUY,2026-08-10 14:25:00+05:30,2026-08-10 14:30:00+05:30,1186.29285,3.192850000000135,1183.1,1192.6785500000003,2026-08-10 14:40:00+05:30,STOP_LOSS,0.75,0.75,True,2026-08-11 09:15:00+05:30,True,2026-08-11 09:20:00+05:30,1190.2053624999999,2.257277980487543,True,2026-08-11 09:30:00+05:30,True,False,False,True,False
60,2026-08-10,BUY,2026-08-10 14:25:00+05:30,2026-08-10 14:30:00+05:30,1186.29285,3.192850000000135,1183.1,1192.6785500000003,2026-08-10 14:40:00+05:30,STOP_LOSS,0.75,1.0,True,2026-08-11 09:15:00+05:30,True,2026-08-11 09:20:00+05:30,1189.4071499999998,2.257277980487543,True,2026-08-11 09:30:00+05:30,True,False,False,True,False
60,2026-08-10,BUY,2026-08-10 14:25:00+05:30,2026-08-10 14:30:00+05:30,1186.29285,3.192850000000135,1183.1,1192.6785500000003,2026-08-10 14:40:00+05:30,STOP_LOSS,1.0,0.25,True,2026-08-11 09:15:00+05:30,True,2026-08-11 09:20:00+05:30,1191.8017874999998,2.257277980487543,True,2026-08-11 09:30:00+05:30,True,False,False,True,False
60,2026-08-10,BUY,2026-08-10 14:25:00+05:30,2026-08-10 14:30:00+05:30,1186.29285,3.192850000000135,1183.1,1192.6785500000003,2026-08-10 14:40:00+05:30,STOP_LOSS,1.0,0.5,True,2026-08-11 09:15:00+05:30,True,2026-08-11 09:20:00+05:30,1191.0035749999997,2.257277980487543,True,2026-08-11 09:30:00+05:30,True,False,False,True,False
60,2026-08-10,BUY,2026-08-10 14:25:00+05:30,2026-08-10 14:30:00+05:30,1186.29285,3.192850000000135,1183.1,1192.6785500000003,2026-08-10 14:40:00+05:30,STOP_LOSS,1.0,0.75,True,2026-08-11 09:15:00+05:30,True,2026-08-11 09:20:00+05:30,1190.2053624999999,2.257277980487543,True,2026-08-11 09:30:00+05:30,True,False,False,True,False
60,2026-08-10,BUY,2026-08-10 14:25:00+05:30,2026-08-10 14:30:00+05:30,1186.29285,3.192850000000135,1183.1,1192.6785500000003,2026-08-10 14:40:00+05:30,STOP_LOSS,1.0,1.0,True,2026-08-11 09:15:00+05:30,True,2026-08-11 09:20:00+05:30,1189.4071499999998,2.257277980487543,True,2026-08-11 09:30:00+05:30,True,False,False,True,False
60,2026-08-10,BUY,2026-08-10 14:25:00+05:30,2026-08-10 14:30:00+05:30,1186.29285,3.192850000000135,1183.1,1192.6785500000003,2026-08-10 14:40:00+05:30,STOP_LOSS,1.25,0.25,True,2026-08-11 09:15:00+05:30,True,2026-08-11 09:20:00+05:30,1191.8017874999998,2.257277980487543,True,2026-08-11 09:30:00+05:30,True,False,False,True,False
60,2026-08-10,BUY,2026-08-10 14:25:00+05:30,2026-08-10 14:30:00+05:30,1186.29285,3.192850000000135,1183.1,1192.6785500000003,2026-08-10 14:40:00+05:30,STOP_LOSS,1.25,0.5,True,2026-08-11 09:15:00+05:30,True,2026-08-11 09:20:00+05:30,1191.0035749999997,2.257277980487543,True,2026-08-11 09:30:00+05:30,True,False,False,True,False
60,2026-08-10,BUY,2026-08-10 14:25:00+05:30,2026-08-10 14:30:00+05:30,1186.29285,3.192850000000135,1183.1,1192.6785500000003,2026-08-10 14:40:00+05:30,STOP_LOSS,1.25,0.75,True,2026-08-11 09:15:00+05:30,True,2026-08-11 09:20:00+05:30,1190.2053624999999,2.257277980487543,True,2026-08-11 09:30:00+05:30,True,False,False,True,False
60,2026-08-10,BUY,2026-08-10 14:25:00+05:30,2026-08-10 14:30:00+05:30,1186.29285,3.192850000000135,1183.1,1192.6785500000003,2026-08-10 14:40:00+05:30,STOP_LOSS,1.25,1.0,True,2026-08-11 09:15:00+05:30,True,2026-08-11 09:20:00+05:30,1189.4071499999998,2.257277980487543,True,2026-08-11 09:30:00+05:30,True,False,False,True,False
60,2026-08-10,BUY,2026-08-10 14:25:00+05:30,2026-08-10 14:30:00+05:30,1186.29285,3.192850000000135,1183.1,1192.6785500000003,2026-08-10 14:40:00+05:30,STOP_LOSS,1.5,0.25,True,2026-08-11 09:15:00+05:30,True,2026-08-11 09:20:00+05:30,1191.8017874999998,2.257277980487543,True,2026-08-11 09:30:00+05:30,True,False,False,True,False
60,2026-08-10,BUY,2026-08-10 14:25:00+05:30,2026-08-10 14:30:00+05:30,1186.29285,3.192850000000135,1183.1,1192.6785500000003,2026-08-10 14:40:00+05:30,STOP_LOSS,1.5,0.5,True,2026-08-11 09:15:00+05:30,True,2026-08-11 09:20:00+05:30,1191.0035749999997,2.257277980487543,True,2026-08-11 09:30:00+05:30,True,False,False,True,False
60,2026-08-10,BUY,2026-08-10 14:25:00+05:30,2026-08-10 14:30:00+05:30,1186.29285,3.192850000000135,1183.1,1192.6785500000003,2026-08-10 14:40:00+05:30,STOP_LOSS,1.5,0.75,True,2026-08-11 09:15:00+05:30,True,2026-08-11 09:20:00+05:30,1190.2053624999999,2.257277980487543,True,2026-08-11 09:30:00+05:30,True,False,False,True,False
60,2026-08-10,BUY,2026-08-10 14:25:00+05:30,2026-08-10 14:30:00+05:30,1186.29285,3.192850000000135,1183.1,1192.6785500000003,2026-08-10 14:40:00+05:30,STOP_LOSS,1.5,1.0,True,2026-08-11 09:15:00+05:30,True,2026-08-11 09:20:00+05:30,1189.4071499999998,2.257277980487543,True,2026-08-11 09:30:00+05:30,True,False,False,True,False
61,2026-08-11,BUY,2026-08-11 09:30:00+05:30,2026-08-11 09:35:00+05:30,1193.7966,4.796600000000126,1189.0,1203.3898000000004,2026-08-11 09:40:00+05:30,STOP_LOSS,0.5,0.25,False,,False,,,0.0,False,,False,False,False,False,False
61,2026-08-11,BUY,2026-08-11 09:30:00+05:30,2026-08-11 09:35:00+05:30,1193.7966,4.796600000000126,1189.0,1203.3898000000004,2026-08-11 09:40:00+05:30,STOP_LOSS,0.5,0.5,False,,False,,,0.0,False,,False,False,False,False,False
61,2026-08-11,BUY,2026-08-11 09:30:00+05:30,2026-08-11 09:35:00+05:30,1193.7966,4.796600000000126,1189.0,1203.3898000000004,2026-08-11 09:40:00+05:30,STOP_LOSS,0.5,0.75,False,,False,,,0.0,False,,False,False,False,False,False
61,2026-08-11,BUY,2026-08-11 09:30:00+05:30,2026-08-11 09:35:00+05:30,1193.7966,4.796600000000126,1189.0,1203.3898000000004,2026-08-11 09:40:00+05:30,STOP_LOSS,0.5,1.0,False,,False,,,0.0,False,,False,False,False,False,False
61,2026-08-11,BUY,2026-08-11 09:30:00+05:30,2026-08-11 09:35:00+05:30,1193.7966,4.796600000000126,1189.0,1203.3898000000004,2026-08-11 09:40:00+05:30,STOP_LOSS,0.75,0.25,False,,False,,,0.0,False,,False,False,False,False,False
61,2026-08-11,BUY,2026-08-11 09:30:00+05:30,2026-08-11 09:35:00+05:30,1193.7966,4.796600000000126,1189.0,1203.3898000000004,2026-08-11 09:40:00+05:30,STOP_LOSS,0.75,0.5,False,,False,,,0.0,False,,False,False,False,False,False
61,2026-08-11,BUY,2026-08-11 09:30:00+05:30,2026-08-11 09:35:00+05:30,1193.7966,4.796600000000126,1189.0,1203.3898000000004,2026-08-11 09:40:00+05:30,STOP_LOSS,0.75,0.75,False,,False,,,0.0,False,,False,False,False,False,False
61,2026-08-11,BUY,2026-08-11 09:30:00+05:30,2026-08-11 09:35:00+05:30,1193.7966,4.796600000000126,1189.0,1203.3898000000004,2026-08-11 09:40:00+05:30,STOP_LOSS,0.75,1.0,False,,False,,,0.0,False,,False,False,False,False,False
61,2026-08-11,BUY,2026-08-11 09:30:00+05:30,2026-08-11 09:35:00+05:30,1193.7966,4.796600000000126,1189.0,1203.3898000000004,2026-08-11 09:40:00+05:30,STOP_LOSS,1.0,0.25,False,,False,,,0.0,False,,False,False,False,False,False
61,2026-08-11,BUY,2026-08-11 09:30:00+05:30,2026-08-11 09:35:00+05:30,1193.7966,4.796600000000126,1189.0,1203.3898000000004,2026-08-11 09:40:00+05:30,STOP_LOSS,1.0,0.5,False,,False,,,0.0,False,,False,False,False,False,False
61,2026-08-11,BUY,2026-08-11 09:30:00+05:30,2026-08-11 09:35:00+05:30,1193.7966,4.796600000000126,1189.0,1203.3898000000004,2026-08-11 09:40:00+05:30,STOP_LOSS,1.0,0.75,False,,False,,,0.0,False,,False,False,False,False,False
61,2026-08-11,BUY,2026-08-11 09:30:00+05:30,2026-08-11 09:35:00+05:30,1193.7966,4.796600000000126,1189.0,1203.3898000000004,2026-08-11 09:40:00+05:30,STOP_LOSS,1.0,1.0,False,,False,,,0.0,False,,False,False,False,False,False
61,2026-08-11,BUY,2026-08-11 09:30:00+05:30,2026-08-11 09:35:00+05:30,1193.7966,4.796600000000126,1189.0,1203.3898000000004,2026-08-11 09:40:00+05:30,STOP_LOSS,1.25,0.25,False,,False,,,0.0,False,,False,False,False,False,False
61,2026-08-11,BUY,2026-08-11 09:30:00+05:30,2026-08-11 09:35:00+05:30,1193.7966,4.796600000000126,1189.0,1203.3898000000004,2026-08-11 09:40:00+05:30,STOP_LOSS,1.25,0.5,False,,False,,,0.0,False,,False,False,False,False,False
61,2026-08-11,BUY,2026-08-11 09:30:00+05:30,2026-08-11 09:35:00+05:30,1193.7966,4.796600000000126,1189.0,1203.3898000000004,2026-08-11 09:40:00+05:30,STOP_LOSS,1.25,0.75,False,,False,,,0.0,False,,False,False,False,False,False
61,2026-08-11,BUY,2026-08-11 09:30:00+05:30,2026-08-11 09:35:00+05:30,1193.7966,4.796600000000126,1189.0,1203.3898000000004,2026-08-11 09:40:00+05:30,STOP_LOSS,1.25,1.0,False,,False,,,0.0,False,,False,False,False,False,False
61,2026-08-11,BUY,2026-08-11 09:30:00+05:30,2026-08-11 09:35:00+05:30,1193.7966,4.796600000000126,1189.0,1203.3898000000004,2026-08-11 09:40:00+05:30,STOP_LOSS,1.5,0.25,False,,False,,,0.0,False,,False,False,False,False,False
61,2026-08-11,BUY,2026-08-11 09:30:00+05:30,2026-08-11 09:35:00+05:30,1193.7966,4.796600000000126,1189.0,1203.3898000000004,2026-08-11 09:40:00+05:30,STOP_LOSS,1.5,0.5,False,,False,,,0.0,False,,False,False,False,False,False
61,2026-08-11,BUY,2026-08-11 09:30:00+05:30,2026-08-11 09:35:00+05:30,1193.7966,4.796600000000126,1189.0,1203.3898000000004,2026-08-11 09:40:00+05:30,STOP_LOSS,1.5,0.75,False,,False,,,0.0,False,,False,False,False,False,False
61,2026-08-11,BUY,2026-08-11 09:30:00+05:30,2026-08-11 09:35:00+05:30,1193.7966,4.796600000000126,1189.0,1203.3898000000004,2026-08-11 09:40:00+05:30,STOP_LOSS,1.5,1.0,False,,False,,,0.0,False,,False,False,False,False,False
