trade_index,trade_date,direction,signal_time,entry_time,entry_price,risk,stop_loss,target,original_exit_time,original_exit_reason,initial_move_r,pullback_r,initial_move_reached,initial_move_time,initial_extreme_price,initial_extreme_r,pullback_detected,pullback_time,pullback_price,pullback_depth_r,target_after_pullback,target_after_pullback_time,target_before_pullback,stop_before_pullback,stop_after_pullback,valid_pullback_target,clean_pullback_target
1,2026-07-01,SELL,2026-07-01 09:35:00+05:30,2026-07-01 09:40:00+05:30,1003.0982,2.501800000000003,1005.6,998.0946,2026-07-01 09:45:00+05:30,STOP_LOSS,0.5,0.25,True,2026-07-01 09:40:00+05:30,1001.2,0.758733711727545,True,2026-07-01 09:45:00+05:30,1001.82545,0.25,False,,False,False,False,False,False
1,2026-07-01,SELL,2026-07-01 09:35:00+05:30,2026-07-01 09:40:00+05:30,1003.0982,2.501800000000003,1005.6,998.0946,2026-07-01 09:45:00+05:30,STOP_LOSS,0.5,0.5,True,2026-07-01 09:40:00+05:30,1001.2,0.758733711727545,True,2026-07-01 09:45:00+05:30,1002.4509,0.5,False,,False,False,False,False,False
1,2026-07-01,SELL,2026-07-01 09:35:00+05:30,2026-07-01 09:40:00+05:30,1003.0982,2.501800000000003,1005.6,998.0946,2026-07-01 09:45:00+05:30,STOP_LOSS,0.5,0.75,True,2026-07-01 09:40:00+05:30,1001.2,0.758733711727545,True,2026-07-01 09:45:00+05:30,1003.07635,0.75,False,,False,False,False,False,False
1,2026-07-01,SELL,2026-07-01 09:35:00+05:30,2026-07-01 09:40:00+05:30,1003.0982,2.501800000000003,1005.6,998.0946,2026-07-01 09:45:00+05:30,STOP_LOSS,0.5,1.0,True,2026-07-01 09:40:00+05:30,1001.2,0.758733711727545,True,2026-07-01 09:45:00+05:30,1003.7018,1.0,False,,False,False,False,False,False
1,2026-07-01,SELL,2026-07-01 09:35:00+05:30,2026-07-01 09:40:00+05:30,1003.0982,2.501800000000003,1005.6,998.0946,2026-07-01 09:45:00+05:30,STOP_LOSS,0.75,0.25,True,2026-07-01 09:40:00+05:30,1001.2,0.758733711727545,True,2026-07-01 09:45:00+05:30,1001.82545,0.25,False,,False,False,False,False,False
1,2026-07-01,SELL,2026-07-01 09:35:00+05:30,2026-07-01 09:40:00+05:30,1003.0982,2.501800000000003,1005.6,998.0946,2026-07-01 09:45:00+05:30,STOP_LOSS,0.75,0.5,True,2026-07-01 09:40:00+05:30,1001.2,0.758733711727545,True,2026-07-01 09:45:00+05:30,1002.4509,0.5,False,,False,False,False,False,False
1,2026-07-01,SELL,2026-07-01 09:35:00+05:30,2026-07-01 09:40:00+05:30,1003.0982,2.501800000000003,1005.6,998.0946,2026-07-01 09:45:00+05:30,STOP_LOSS,0.75,0.75,True,2026-07-01 09:40:00+05:30,1001.2,0.758733711727545,True,2026-07-01 09:45:00+05:30,1003.07635,0.75,False,,False,False,False,False,False
1,2026-07-01,SELL,2026-07-01 09:35:00+05:30,2026-07-01 09:40:00+05:30,1003.0982,2.501800000000003,1005.6,998.0946,2026-07-01 09:45:00+05:30,STOP_LOSS,0.75,1.0,True,2026-07-01 09:40:00+05:30,1001.2,0.758733711727545,True,2026-07-01 09:45:00+05:30,1003.7018,1.0,False,,False,False,False,False,False
1,2026-07-01,SELL,2026-07-01 09:35:00+05:30,2026-07-01 09:40:00+05:30,1003.0982,2.501800000000003,1005.6,998.0946,2026-07-01 09:45:00+05:30,STOP_LOSS,1.0,0.25,False,,,,False,,,,False,,False,False,False,False,False
1,2026-07-01,SELL,2026-07-01 09:35:00+05:30,2026-07-01 09:40:00+05:30,1003.0982,2.501800000000003,1005.6,998.0946,2026-07-01 09:45:00+05:30,STOP_LOSS,1.0,0.5,False,,,,False,,,,False,,False,False,False,False,False
1,2026-07-01,SELL,2026-07-01 09:35:00+05:30,2026-07-01 09:40:00+05:30,1003.0982,2.501800000000003,1005.6,998.0946,2026-07-01 09:45:00+05:30,STOP_LOSS,1.0,0.75,False,,,,False,,,,False,,False,False,False,False,False
1,2026-07-01,SELL,2026-07-01 09:35:00+05:30,2026-07-01 09:40:00+05:30,1003.0982,2.501800000000003,1005.6,998.0946,2026-07-01 09:45:00+05:30,STOP_LOSS,1.0,1.0,False,,,,False,,,,False,,False,False,False,False,False
1,2026-07-01,SELL,2026-07-01 09:35:00+05:30,2026-07-01 09:40:00+05:30,1003.0982,2.501800000000003,1005.6,998.0946,2026-07-01 09:45:00+05:30,STOP_LOSS,1.25,0.25,False,,,,False,,,,False,,False,False,False,False,False
1,2026-07-01,SELL,2026-07-01 09:35:00+05:30,2026-07-01 09:40:00+05:30,1003.0982,2.501800000000003,1005.6,998.0946,2026-07-01 09:45:00+05:30,STOP_LOSS,1.25,0.5,False,,,,False,,,,False,,False,False,False,False,False
1,2026-07-01,SELL,2026-07-01 09:35:00+05:30,2026-07-01 09:40:00+05:30,1003.0982,2.501800000000003,1005.6,998.0946,2026-07-01 09:45:00+05:30,STOP_LOSS,1.25,0.75,False,,,,False,,,,False,,False,False,False,False,False
1,2026-07-01,SELL,2026-07-01 09:35:00+05:30,2026-07-01 09:40:00+05:30,1003.0982,2.501800000000003,1005.6,998.0946,2026-07-01 09:45:00+05:30,STOP_LOSS,1.25,1.0,False,,,,False,,,,False,,False,False,False,False,False
1,2026-07-01,SELL,2026-07-01 09:35:00+05:30,2026-07-01 09:40:00+05:30,1003.0982,2.501800000000003,1005.6,998.0946,2026-07-01 09:45:00+05:30,STOP_LOSS,1.5,0.25,False,,,,False,,,,False,,False,False,False,False,False
1,2026-07-01,SELL,2026-07-01 09:35:00+05:30,2026-07-01 09:40:00+05:30,1003.0982,2.501800000000003,1005.6,998.0946,2026-07-01 09:45:00+05:30,STOP_LOSS,1.5,0.5,False,,,,False,,,,False,,False,False,False,False,False
1,2026-07-01,SELL,2026-07-01 09:35:00+05:30,2026-07-01 09:40:00+05:30,1003.0982,2.501800000000003,1005.6,998.0946,2026-07-01 09:45:00+05:30,STOP_LOSS,1.5,0.75,False,,,,False,,,,False,,False,False,False,False,False
1,2026-07-01,SELL,2026-07-01 09:35:00+05:30,2026-07-01 09:40:00+05:30,1003.0982,2.501800000000003,1005.6,998.0946,2026-07-01 09:45:00+05:30,STOP_LOSS,1.5,1.0,False,,,,False,,,,False,,False,False,False,False,False
2,2026-07-01,SELL,2026-07-01 09:50:00+05:30,2026-07-01 09:55:00+05:30,1002.4985,3.20150000000001,1005.7,996.0955,2026-07-01 12:10:00+05:30,TARGET,0.5,0.25,True,2026-07-01 10:00:00+05:30,994.1,2.6233015773855963,True,2026-07-01 10:10:00+05:30,999.800375,0.25,False,,False,False,False,False,False
2,2026-07-01,SELL,2026-07-01 09:50:00+05:30,2026-07-01 09:55:00+05:30,1002.4985,3.20150000000001,1005.7,996.0955,2026-07-01 12:10:00+05:30,TARGET,0.5,0.5,True,2026-07-01 10:00:00+05:30,994.1,2.6233015773855963,True,2026-07-01 10:15:00+05:30,1000.6007500000001,0.5,False,,False,False,False,False,False
2,2026-07-01,SELL,2026-07-01 09:50:00+05:30,2026-07-01 09:55:00+05:30,1002.4985,3.20150000000001,1005.7,996.0955,2026-07-01 12:10:00+05:30,TARGET,0.5,0.75,True,2026-07-01 10:00:00+05:30,994.1,2.6233015773855963,True,2026-07-01 10:15:00+05:30,1001.401125,0.75,False,,False,False,False,False,False
2,2026-07-01,SELL,2026-07-01 09:50:00+05:30,2026-07-01 09:55:00+05:30,1002.4985,3.20150000000001,1005.7,996.0955,2026-07-01 12:10:00+05:30,TARGET,0.5,1.0,True,2026-07-01 10:00:00+05:30,994.1,2.6233015773855963,True,2026-07-01 11:00:00+05:30,999.8015,1.0,False,,False,False,False,False,False
2,2026-07-01,SELL,2026-07-01 09:50:00+05:30,2026-07-01 09:55:00+05:30,1002.4985,3.20150000000001,1005.7,996.0955,2026-07-01 12:10:00+05:30,TARGET,0.75,0.25,True,2026-07-01 10:00:00+05:30,994.1,2.6233015773855963,True,2026-07-01 10:10:00+05:30,999.800375,0.25,False,,False,False,False,False,False
2,2026-07-01,SELL,2026-07-01 09:50:00+05:30,2026-07-01 09:55:00+05:30,1002.4985,3.20150000000001,1005.7,996.0955,2026-07-01 12:10:00+05:30,TARGET,0.75,0.5,True,2026-07-01 10:00:00+05:30,994.1,2.6233015773855963,True,2026-07-01 10:15:00+05:30,1000.6007500000001,0.5,False,,False,False,False,False,False
2,2026-07-01,SELL,2026-07-01 09:50:00+05:30,2026-07-01 09:55:00+05:30,1002.4985,3.20150000000001,1005.7,996.0955,2026-07-01 12:10:00+05:30,TARGET,0.75,0.75,True,2026-07-01 10:00:00+05:30,994.1,2.6233015773855963,True,2026-07-01 10:15:00+05:30,1001.401125,0.75,False,,False,False,False,False,False
2,2026-07-01,SELL,2026-07-01 09:50:00+05:30,2026-07-01 09:55:00+05:30,1002.4985,3.20150000000001,1005.7,996.0955,2026-07-01 12:10:00+05:30,TARGET,0.75,1.0,True,2026-07-01 10:00:00+05:30,994.1,2.6233015773855963,True,2026-07-01 11:00:00+05:30,999.8015,1.0,False,,False,False,False,False,False
2,2026-07-01,SELL,2026-07-01 09:50:00+05:30,2026-07-01 09:55:00+05:30,1002.4985,3.20150000000001,1005.7,996.0955,2026-07-01 12:10:00+05:30,TARGET,1.0,0.25,True,2026-07-01 10:05:00+05:30,994.1,2.6233015773855963,True,2026-07-01 10:10:00+05:30,999.800375,0.25,False,,False,False,False,False,False
2,2026-07-01,SELL,2026-07-01 09:50:00+05:30,2026-07-01 09:55:00+05:30,1002.4985,3.20150000000001,1005.7,996.0955,2026-07-01 12:10:00+05:30,TARGET,1.0,0.5,True,2026-07-01 10:05:00+05:30,994.1,2.6233015773855963,True,2026-07-01 10:15:00+05:30,1000.6007500000001,0.5,False,,False,False,False,False,False
2,2026-07-01,SELL,2026-07-01 09:50:00+05:30,2026-07-01 09:55:00+05:30,1002.4985,3.20150000000001,1005.7,996.0955,2026-07-01 12:10:00+05:30,TARGET,1.0,0.75,True,2026-07-01 10:05:00+05:30,994.1,2.6233015773855963,True,2026-07-01 10:15:00+05:30,1001.401125,0.75,False,,False,False,False,False,False
2,2026-07-01,SELL,2026-07-01 09:50:00+05:30,2026-07-01 09:55:00+05:30,1002.4985,3.20150000000001,1005.7,996.0955,2026-07-01 12:10:00+05:30,TARGET,1.0,1.0,True,2026-07-01 10:05:00+05:30,994.1,2.6233015773855963,True,2026-07-01 11:00:00+05:30,999.8015,1.0,False,,False,False,False,False,False
2,2026-07-01,SELL,2026-07-01 09:50:00+05:30,2026-07-01 09:55:00+05:30,1002.4985,3.20150000000001,1005.7,996.0955,2026-07-01 12:10:00+05:30,TARGET,1.25,0.25,True,2026-07-01 10:20:00+05:30,994.1,2.6233015773855963,True,2026-07-01 10:25:00+05:30,998.100375,0.25,False,,False,False,False,False,False
2,2026-07-01,SELL,2026-07-01 09:50:00+05:30,2026-07-01 09:55:00+05:30,1002.4985,3.20150000000001,1005.7,996.0955,2026-07-01 12:10:00+05:30,TARGET,1.25,0.5,True,2026-07-01 10:20:00+05:30,994.1,2.6233015773855963,True,2026-07-01 10:25:00+05:30,998.90075,0.5,False,,False,False,False,False,False
2,2026-07-01,SELL,2026-07-01 09:50:00+05:30,2026-07-01 09:55:00+05:30,1002.4985,3.20150000000001,1005.7,996.0955,2026-07-01 12:10:00+05:30,TARGET,1.25,0.75,True,2026-07-01 10:20:00+05:30,994.1,2.6233015773855963,True,2026-07-01 10:25:00+05:30,999.7011249999999,0.75,False,,False,False,False,False,False
2,2026-07-01,SELL,2026-07-01 09:50:00+05:30,2026-07-01 09:55:00+05:30,1002.4985,3.20150000000001,1005.7,996.0955,2026-07-01 12:10:00+05:30,TARGET,1.25,1.0,True,2026-07-01 10:20:00+05:30,994.1,2.6233015773855963,True,2026-07-01 11:00:00+05:30,999.8015,1.0,False,,False,False,False,False,False
2,2026-07-01,SELL,2026-07-01 09:50:00+05:30,2026-07-01 09:55:00+05:30,1002.4985,3.20150000000001,1005.7,996.0955,2026-07-01 12:10:00+05:30,TARGET,1.5,0.25,True,2026-07-01 10:20:00+05:30,994.1,2.6233015773855963,True,2026-07-01 10:25:00+05:30,998.100375,0.25,False,,False,False,False,False,False
2,2026-07-01,SELL,2026-07-01 09:50:00+05:30,2026-07-01 09:55:00+05:30,1002.4985,3.20150000000001,1005.7,996.0955,2026-07-01 12:10:00+05:30,TARGET,1.5,0.5,True,2026-07-01 10:20:00+05:30,994.1,2.6233015773855963,True,2026-07-01 10:25:00+05:30,998.90075,0.5,False,,False,False,False,False,False
2,2026-07-01,SELL,2026-07-01 09:50:00+05:30,2026-07-01 09:55:00+05:30,1002.4985,3.20150000000001,1005.7,996.0955,2026-07-01 12:10:00+05:30,TARGET,1.5,0.75,True,2026-07-01 10:20:00+05:30,994.1,2.6233015773855963,True,2026-07-01 10:25:00+05:30,999.7011249999999,0.75,False,,False,False,False,False,False
2,2026-07-01,SELL,2026-07-01 09:50:00+05:30,2026-07-01 09:55:00+05:30,1002.4985,3.20150000000001,1005.7,996.0955,2026-07-01 12:10:00+05:30,TARGET,1.5,1.0,True,2026-07-01 10:20:00+05:30,994.1,2.6233015773855963,True,2026-07-01 11:00:00+05:30,999.8015,1.0,False,,False,False,False,False,False
3,2026-07-02,BUY,2026-07-02 09:35:00+05:30,2026-07-02 09:40:00+05:30,1031.7156,4.015599999999949,1027.7,1039.7468,2026-07-02 11:20:00+05:30,TARGET,0.5,0.25,True,2026-07-02 09:40:00+05:30,1040.6,2.212471361689418,True,2026-07-02 09:50:00+05:30,1033.8961000000002,0.25,False,,False,False,False,False,False
3,2026-07-02,BUY,2026-07-02 09:35:00+05:30,2026-07-02 09:40:00+05:30,1031.7156,4.015599999999949,1027.7,1039.7468,2026-07-02 11:20:00+05:30,TARGET,0.5,0.5,True,2026-07-02 09:40:00+05:30,1040.6,2.212471361689418,True,2026-07-02 09:50:00+05:30,1032.8922000000002,0.5,False,,False,False,False,False,False
3,2026-07-02,BUY,2026-07-02 09:35:00+05:30,2026-07-02 09:40:00+05:30,1031.7156,4.015599999999949,1027.7,1039.7468,2026-07-02 11:20:00+05:30,TARGET,0.5,0.75,True,2026-07-02 09:40:00+05:30,1040.6,2.212471361689418,True,2026-07-02 09:50:00+05:30,1031.8883,0.75,False,,False,False,False,False,False
3,2026-07-02,BUY,2026-07-02 09:35:00+05:30,2026-07-02 09:40:00+05:30,1031.7156,4.015599999999949,1027.7,1039.7468,2026-07-02 11:20:00+05:30,TARGET,0.5,1.0,True,2026-07-02 09:40:00+05:30,1040.6,2.212471361689418,True,2026-07-02 09:50:00+05:30,1030.8844000000001,1.0,False,,False,False,False,False,False
3,2026-07-02,BUY,2026-07-02 09:35:00+05:30,2026-07-02 09:40:00+05:30,1031.7156,4.015599999999949,1027.7,1039.7468,2026-07-02 11:20:00+05:30,TARGET,0.75,0.25,True,2026-07-02 09:45:00+05:30,1040.6,2.212471361689418,True,2026-07-02 09:50:00+05:30,1033.8961000000002,0.25,False,,False,False,False,False,False
3,2026-07-02,BUY,2026-07-02 09:35:00+05:30,2026-07-02 09:40:00+05:30,1031.7156,4.015599999999949,1027.7,1039.7468,2026-07-02 11:20:00+05:30,TARGET,0.75,0.5,True,2026-07-02 09:45:00+05:30,1040.6,2.212471361689418,True,2026-07-02 09:50:00+05:30,1032.8922000000002,0.5,False,,False,False,False,False,False
3,2026-07-02,BUY,2026-07-02 09:35:00+05:30,2026-07-02 09:40:00+05:30,1031.7156,4.015599999999949,1027.7,1039.7468,2026-07-02 11:20:00+05:30,TARGET,0.75,0.75,True,2026-07-02 09:45:00+05:30,1040.6,2.212471361689418,True,2026-07-02 09:50:00+05:30,1031.8883,0.75,False,,False,False,False,False,False
3,2026-07-02,BUY,2026-07-02 09:35:00+05:30,2026-07-02 09:40:00+05:30,1031.7156,4.015599999999949,1027.7,1039.7468,2026-07-02 11:20:00+05:30,TARGET,0.75,1.0,True,2026-07-02 09:45:00+05:30,1040.6,2.212471361689418,True,2026-07-02 09:50:00+05:30,1030.8844000000001,1.0,False,,False,False,False,False,False
3,2026-07-02,BUY,2026-07-02 09:35:00+05:30,2026-07-02 09:40:00+05:30,1031.7156,4.015599999999949,1027.7,1039.7468,2026-07-02 11:20:00+05:30,TARGET,1.0,0.25,True,2026-07-02 10:15:00+05:30,1040.6,2.212471361689418,True,2026-07-02 10:25:00+05:30,1037.9961,0.25,False,,False,False,False,False,False
3,2026-07-02,BUY,2026-07-02 09:35:00+05:30,2026-07-02 09:40:00+05:30,1031.7156,4.015599999999949,1027.7,1039.7468,2026-07-02 11:20:00+05:30,TARGET,1.0,0.5,True,2026-07-02 10:15:00+05:30,1040.6,2.212471361689418,True,2026-07-02 10:25:00+05:30,1036.9922000000001,0.5,False,,False,False,False,False,False
3,2026-07-02,BUY,2026-07-02 09:35:00+05:30,2026-07-02 09:40:00+05:30,1031.7156,4.015599999999949,1027.7,1039.7468,2026-07-02 11:20:00+05:30,TARGET,1.0,0.75,True,2026-07-02 10:15:00+05:30,1040.6,2.212471361689418,True,2026-07-02 10:25:00+05:30,1035.9883,0.75,False,,False,False,False,False,False
3,2026-07-02,BUY,2026-07-02 09:35:00+05:30,2026-07-02 09:40:00+05:30,1031.7156,4.015599999999949,1027.7,1039.7468,2026-07-02 11:20:00+05:30,TARGET,1.0,1.0,True,2026-07-02 10:15:00+05:30,1040.6,2.212471361689418,True,2026-07-02 10:35:00+05:30,1034.9844,1.0,False,,False,False,False,False,False
3,2026-07-02,BUY,2026-07-02 09:35:00+05:30,2026-07-02 09:40:00+05:30,1031.7156,4.015599999999949,1027.7,1039.7468,2026-07-02 11:20:00+05:30,TARGET,1.25,0.25,True,2026-07-02 10:20:00+05:30,1040.6,2.212471361689418,True,2026-07-02 10:25:00+05:30,1037.9961,0.25,False,,False,False,False,False,False
3,2026-07-02,BUY,2026-07-02 09:35:00+05:30,2026-07-02 09:40:00+05:30,1031.7156,4.015599999999949,1027.7,1039.7468,2026-07-02 11:20:00+05:30,TARGET,1.25,0.5,True,2026-07-02 10:20:00+05:30,1040.6,2.212471361689418,True,2026-07-02 10:25:00+05:30,1036.9922000000001,0.5,False,,False,False,False,False,False
3,2026-07-02,BUY,2026-07-02 09:35:00+05:30,2026-07-02 09:40:00+05:30,1031.7156,4.015599999999949,1027.7,1039.7468,2026-07-02 11:20:00+05:30,TARGET,1.25,0.75,True,2026-07-02 10:20:00+05:30,1040.6,2.212471361689418,True,2026-07-02 10:25:00+05:30,1035.9883,0.75,False,,False,False,False,False,False
3,2026-07-02,BUY,2026-07-02 09:35:00+05:30,2026-07-02 09:40:00+05:30,1031.7156,4.015599999999949,1027.7,1039.7468,2026-07-02 11:20:00+05:30,TARGET,1.25,1.0,True,2026-07-02 10:20:00+05:30,1040.6,2.212471361689418,True,2026-07-02 10:35:00+05:30,1034.9844,1.0,False,,False,False,False,False,False
3,2026-07-02,BUY,2026-07-02 09:35:00+05:30,2026-07-02 09:40:00+05:30,1031.7156,4.015599999999949,1027.7,1039.7468,2026-07-02 11:20:00+05:30,TARGET,1.5,0.25,True,2026-07-02 10:20:00+05:30,1040.6,2.212471361689418,True,2026-07-02 10:25:00+05:30,1037.9961,0.25,False,,False,False,False,False,False
3,2026-07-02,BUY,2026-07-02 09:35:00+05:30,2026-07-02 09:40:00+05:30,1031.7156,4.015599999999949,1027.7,1039.7468,2026-07-02 11:20:00+05:30,TARGET,1.5,0.5,True,2026-07-02 10:20:00+05:30,1040.6,2.212471361689418,True,2026-07-02 10:25:00+05:30,1036.9922000000001,0.5,False,,False,False,False,False,False
3,2026-07-02,BUY,2026-07-02 09:35:00+05:30,2026-07-02 09:40:00+05:30,1031.7156,4.015599999999949,1027.7,1039.7468,2026-07-02 11:20:00+05:30,TARGET,1.5,0.75,True,2026-07-02 10:20:00+05:30,1040.6,2.212471361689418,True,2026-07-02 10:25:00+05:30,1035.9883,0.75,False,,False,False,False,False,False
3,2026-07-02,BUY,2026-07-02 09:35:00+05:30,2026-07-02 09:40:00+05:30,1031.7156,4.015599999999949,1027.7,1039.7468,2026-07-02 11:20:00+05:30,TARGET,1.5,1.0,True,2026-07-02 10:20:00+05:30,1040.6,2.212471361689418,True,2026-07-02 10:35:00+05:30,1034.9844,1.0,False,,False,False,False,False,False
4,2026-07-03,SELL,2026-07-03 09:30:00+05:30,2026-07-03 09:35:00+05:30,1051.2741,2.925900000000184,1054.2,1045.4222999999995,2026-07-03 09:40:00+05:30,TARGET,0.5,0.25,True,2026-07-03 09:35:00+05:30,1045.0,2.144331658634846,False,,,,False,,False,False,False,False,False
4,2026-07-03,SELL,2026-07-03 09:30:00+05:30,2026-07-03 09:35:00+05:30,1051.2741,2.925900000000184,1054.2,1045.4222999999995,2026-07-03 09:40:00+05:30,TARGET,0.5,0.5,True,2026-07-03 09:35:00+05:30,1045.0,2.144331658634846,False,,,,False,,False,False,False,False,False
4,2026-07-03,SELL,2026-07-03 09:30:00+05:30,2026-07-03 09:35:00+05:30,1051.2741,2.925900000000184,1054.2,1045.4222999999995,2026-07-03 09:40:00+05:30,TARGET,0.5,0.75,True,2026-07-03 09:35:00+05:30,1045.0,2.144331658634846,False,,,,False,,False,False,False,False,False
4,2026-07-03,SELL,2026-07-03 09:30:00+05:30,2026-07-03 09:35:00+05:30,1051.2741,2.925900000000184,1054.2,1045.4222999999995,2026-07-03 09:40:00+05:30,TARGET,0.5,1.0,True,2026-07-03 09:35:00+05:30,1045.0,2.144331658634846,False,,,,False,,False,False,False,False,False
4,2026-07-03,SELL,2026-07-03 09:30:00+05:30,2026-07-03 09:35:00+05:30,1051.2741,2.925900000000184,1054.2,1045.4222999999995,2026-07-03 09:40:00+05:30,TARGET,0.75,0.25,True,2026-07-03 09:35:00+05:30,1045.0,2.144331658634846,False,,,,False,,False,False,False,False,False
4,2026-07-03,SELL,2026-07-03 09:30:00+05:30,2026-07-03 09:35:00+05:30,1051.2741,2.925900000000184,1054.2,1045.4222999999995,2026-07-03 09:40:00+05:30,TARGET,0.75,0.5,True,2026-07-03 09:35:00+05:30,1045.0,2.144331658634846,False,,,,False,,False,False,False,False,False
4,2026-07-03,SELL,2026-07-03 09:30:00+05:30,2026-07-03 09:35:00+05:30,1051.2741,2.925900000000184,1054.2,1045.4222999999995,2026-07-03 09:40:00+05:30,TARGET,0.75,0.75,True,2026-07-03 09:35:00+05:30,1045.0,2.144331658634846,False,,,,False,,False,False,False,False,False
4,2026-07-03,SELL,2026-07-03 09:30:00+05:30,2026-07-03 09:35:00+05:30,1051.2741,2.925900000000184,1054.2,1045.4222999999995,2026-07-03 09:40:00+05:30,TARGET,0.75,1.0,True,2026-07-03 09:35:00+05:30,1045.0,2.144331658634846,False,,,,False,,False,False,False,False,False
4,2026-07-03,SELL,2026-07-03 09:30:00+05:30,2026-07-03 09:35:00+05:30,1051.2741,2.925900000000184,1054.2,1045.4222999999995,2026-07-03 09:40:00+05:30,TARGET,1.0,0.25,True,2026-07-03 09:40:00+05:30,1045.0,2.144331658634846,False,,,,False,,False,False,False,False,False
4,2026-07-03,SELL,2026-07-03 09:30:00+05:30,2026-07-03 09:35:00+05:30,1051.2741,2.925900000000184,1054.2,1045.4222999999995,2026-07-03 09:40:00+05:30,TARGET,1.0,0.5,True,2026-07-03 09:40:00+05:30,1045.0,2.144331658634846,False,,,,False,,False,False,False,False,False
4,2026-07-03,SELL,2026-07-03 09:30:00+05:30,2026-07-03 09:35:00+05:30,1051.2741,2.925900000000184,1054.2,1045.4222999999995,2026-07-03 09:40:00+05:30,TARGET,1.0,0.75,True,2026-07-03 09:40:00+05:30,1045.0,2.144331658634846,False,,,,False,,False,False,False,False,False
4,2026-07-03,SELL,2026-07-03 09:30:00+05:30,2026-07-03 09:35:00+05:30,1051.2741,2.925900000000184,1054.2,1045.4222999999995,2026-07-03 09:40:00+05:30,TARGET,1.0,1.0,True,2026-07-03 09:40:00+05:30,1045.0,2.144331658634846,False,,,,False,,False,False,False,False,False
4,2026-07-03,SELL,2026-07-03 09:30:00+05:30,2026-07-03 09:35:00+05:30,1051.2741,2.925900000000184,1054.2,1045.4222999999995,2026-07-03 09:40:00+05:30,TARGET,1.25,0.25,True,2026-07-03 09:40:00+05:30,1045.0,2.144331658634846,False,,,,False,,False,False,False,False,False
4,2026-07-03,SELL,2026-07-03 09:30:00+05:30,2026-07-03 09:35:00+05:30,1051.2741,2.925900000000184,1054.2,1045.4222999999995,2026-07-03 09:40:00+05:30,TARGET,1.25,0.5,True,2026-07-03 09:40:00+05:30,1045.0,2.144331658634846,False,,,,False,,False,False,False,False,False
4,2026-07-03,SELL,2026-07-03 09:30:00+05:30,2026-07-03 09:35:00+05:30,1051.2741,2.925900000000184,1054.2,1045.4222999999995,2026-07-03 09:40:00+05:30,TARGET,1.25,0.75,True,2026-07-03 09:40:00+05:30,1045.0,2.144331658634846,False,,,,False,,False,False,False,False,False
4,2026-07-03,SELL,2026-07-03 09:30:00+05:30,2026-07-03 09:35:00+05:30,1051.2741,2.925900000000184,1054.2,1045.4222999999995,2026-07-03 09:40:00+05:30,TARGET,1.25,1.0,True,2026-07-03 09:40:00+05:30,1045.0,2.144331658634846,False,,,,False,,False,False,False,False,False
4,2026-07-03,SELL,2026-07-03 09:30:00+05:30,2026-07-03 09:35:00+05:30,1051.2741,2.925900000000184,1054.2,1045.4222999999995,2026-07-03 09:40:00+05:30,TARGET,1.5,0.25,True,2026-07-03 09:40:00+05:30,1045.0,2.144331658634846,False,,,,False,,False,False,False,False,False
4,2026-07-03,SELL,2026-07-03 09:30:00+05:30,2026-07-03 09:35:00+05:30,1051.2741,2.925900000000184,1054.2,1045.4222999999995,2026-07-03 09:40:00+05:30,TARGET,1.5,0.5,True,2026-07-03 09:40:00+05:30,1045.0,2.144331658634846,False,,,,False,,False,False,False,False,False
4,2026-07-03,SELL,2026-07-03 09:30:00+05:30,2026-07-03 09:35:00+05:30,1051.2741,2.925900000000184,1054.2,1045.4222999999995,2026-07-03 09:40:00+05:30,TARGET,1.5,0.75,True,2026-07-03 09:40:00+05:30,1045.0,2.144331658634846,False,,,,False,,False,False,False,False,False
4,2026-07-03,SELL,2026-07-03 09:30:00+05:30,2026-07-03 09:35:00+05:30,1051.2741,2.925900000000184,1054.2,1045.4222999999995,2026-07-03 09:40:00+05:30,TARGET,1.5,1.0,True,2026-07-03 09:40:00+05:30,1045.0,2.144331658634846,False,,,,False,,False,False,False,False,False
5,2026-07-03,SELL,2026-07-03 11:55:00+05:30,2026-07-03 12:00:00+05:30,1049.97475,3.625249999999824,1053.6,1042.7242500000004,2026-07-03 12:15:00+05:30,STOP_LOSS,0.5,0.25,False,,,,False,,,,False,,False,False,False,False,False
5,2026-07-03,SELL,2026-07-03 11:55:00+05:30,2026-07-03 12:00:00+05:30,1049.97475,3.625249999999824,1053.6,1042.7242500000004,2026-07-03 12:15:00+05:30,STOP_LOSS,0.5,0.5,False,,,,False,,,,False,,False,False,False,False,False
5,2026-07-03,SELL,2026-07-03 11:55:00+05:30,2026-07-03 12:00:00+05:30,1049.97475,3.625249999999824,1053.6,1042.7242500000004,2026-07-03 12:15:00+05:30,STOP_LOSS,0.5,0.75,False,,,,False,,,,False,,False,False,False,False,False
5,2026-07-03,SELL,2026-07-03 11:55:00+05:30,2026-07-03 12:00:00+05:30,1049.97475,3.625249999999824,1053.6,1042.7242500000004,2026-07-03 12:15:00+05:30,STOP_LOSS,0.5,1.0,False,,,,False,,,,False,,False,False,False,False,False
5,2026-07-03,SELL,2026-07-03 11:55:00+05:30,2026-07-03 12:00:00+05:30,1049.97475,3.625249999999824,1053.6,1042.7242500000004,2026-07-03 12:15:00+05:30,STOP_LOSS,0.75,0.25,False,,,,False,,,,False,,False,False,False,False,False
5,2026-07-03,SELL,2026-07-03 11:55:00+05:30,2026-07-03 12:00:00+05:30,1049.97475,3.625249999999824,1053.6,1042.7242500000004,2026-07-03 12:15:00+05:30,STOP_LOSS,0.75,0.5,False,,,,False,,,,False,,False,False,False,False,False
5,2026-07-03,SELL,2026-07-03 11:55:00+05:30,2026-07-03 12:00:00+05:30,1049.97475,3.625249999999824,1053.6,1042.7242500000004,2026-07-03 12:15:00+05:30,STOP_LOSS,0.75,0.75,False,,,,False,,,,False,,False,False,False,False,False
5,2026-07-03,SELL,2026-07-03 11:55:00+05:30,2026-07-03 12:00:00+05:30,1049.97475,3.625249999999824,1053.6,1042.7242500000004,2026-07-03 12:15:00+05:30,STOP_LOSS,0.75,1.0,False,,,,False,,,,False,,False,False,False,False,False
5,2026-07-03,SELL,2026-07-03 11:55:00+05:30,2026-07-03 12:00:00+05:30,1049.97475,3.625249999999824,1053.6,1042.7242500000004,2026-07-03 12:15:00+05:30,STOP_LOSS,1.0,0.25,False,,,,False,,,,False,,False,False,False,False,False
5,2026-07-03,SELL,2026-07-03 11:55:00+05:30,2026-07-03 12:00:00+05:30,1049.97475,3.625249999999824,1053.6,1042.7242500000004,2026-07-03 12:15:00+05:30,STOP_LOSS,1.0,0.5,False,,,,False,,,,False,,False,False,False,False,False
5,2026-07-03,SELL,2026-07-03 11:55:00+05:30,2026-07-03 12:00:00+05:30,1049.97475,3.625249999999824,1053.6,1042.7242500000004,2026-07-03 12:15:00+05:30,STOP_LOSS,1.0,0.75,False,,,,False,,,,False,,False,False,False,False,False
5,2026-07-03,SELL,2026-07-03 11:55:00+05:30,2026-07-03 12:00:00+05:30,1049.97475,3.625249999999824,1053.6,1042.7242500000004,2026-07-03 12:15:00+05:30,STOP_LOSS,1.0,1.0,False,,,,False,,,,False,,False,False,False,False,False
5,2026-07-03,SELL,2026-07-03 11:55:00+05:30,2026-07-03 12:00:00+05:30,1049.97475,3.625249999999824,1053.6,1042.7242500000004,2026-07-03 12:15:00+05:30,STOP_LOSS,1.25,0.25,False,,,,False,,,,False,,False,False,False,False,False
5,2026-07-03,SELL,2026-07-03 11:55:00+05:30,2026-07-03 12:00:00+05:30,1049.97475,3.625249999999824,1053.6,1042.7242500000004,2026-07-03 12:15:00+05:30,STOP_LOSS,1.25,0.5,False,,,,False,,,,False,,False,False,False,False,False
5,2026-07-03,SELL,2026-07-03 11:55:00+05:30,2026-07-03 12:00:00+05:30,1049.97475,3.625249999999824,1053.6,1042.7242500000004,2026-07-03 12:15:00+05:30,STOP_LOSS,1.25,0.75,False,,,,False,,,,False,,False,False,False,False,False
5,2026-07-03,SELL,2026-07-03 11:55:00+05:30,2026-07-03 12:00:00+05:30,1049.97475,3.625249999999824,1053.6,1042.7242500000004,2026-07-03 12:15:00+05:30,STOP_LOSS,1.25,1.0,False,,,,False,,,,False,,False,False,False,False,False
5,2026-07-03,SELL,2026-07-03 11:55:00+05:30,2026-07-03 12:00:00+05:30,1049.97475,3.625249999999824,1053.6,1042.7242500000004,2026-07-03 12:15:00+05:30,STOP_LOSS,1.5,0.25,False,,,,False,,,,False,,False,False,False,False,False
5,2026-07-03,SELL,2026-07-03 11:55:00+05:30,2026-07-03 12:00:00+05:30,1049.97475,3.625249999999824,1053.6,1042.7242500000004,2026-07-03 12:15:00+05:30,STOP_LOSS,1.5,0.5,False,,,,False,,,,False,,False,False,False,False,False
5,2026-07-03,SELL,2026-07-03 11:55:00+05:30,2026-07-03 12:00:00+05:30,1049.97475,3.625249999999824,1053.6,1042.7242500000004,2026-07-03 12:15:00+05:30,STOP_LOSS,1.5,0.75,False,,,,False,,,,False,,False,False,False,False,False
5,2026-07-03,SELL,2026-07-03 11:55:00+05:30,2026-07-03 12:00:00+05:30,1049.97475,3.625249999999824,1053.6,1042.7242500000004,2026-07-03 12:15:00+05:30,STOP_LOSS,1.5,1.0,False,,,,False,,,,False,,False,False,False,False,False
6,2026-07-03,SELL,2026-07-03 12:40:00+05:30,2026-07-03 12:45:00+05:30,1051.17415,2.325849999999946,1053.5,1046.5224500000002,2026-07-03 13:20:00+05:30,TARGET,0.5,0.25,True,2026-07-03 13:00:00+05:30,1045.7,2.35361265773809,True,2026-07-03 13:15:00+05:30,1049.5814625,0.25,False,,False,False,False,False,False
6,2026-07-03,SELL,2026-07-03 12:40:00+05:30,2026-07-03 12:45:00+05:30,1051.17415,2.325849999999946,1053.5,1046.5224500000002,2026-07-03 13:20:00+05:30,TARGET,0.5,0.5,True,2026-07-03 13:00:00+05:30,1045.7,2.35361265773809,True,2026-07-03 13:15:00+05:30,1050.162925,0.5,False,,False,False,False,False,False
6,2026-07-03,SELL,2026-07-03 12:40:00+05:30,2026-07-03 12:45:00+05:30,1051.17415,2.325849999999946,1053.5,1046.5224500000002,2026-07-03 13:20:00+05:30,TARGET,0.5,0.75,True,2026-07-03 13:00:00+05:30,1045.7,2.35361265773809,True,2026-07-03 13:15:00+05:30,1050.7443875,0.75,False,,False,False,False,False,False
6,2026-07-03,SELL,2026-07-03 12:40:00+05:30,2026-07-03 12:45:00+05:30,1051.17415,2.325849999999946,1053.5,1046.5224500000002,2026-07-03 13:20:00+05:30,TARGET,0.5,1.0,True,2026-07-03 13:00:00+05:30,1045.7,2.35361265773809,False,,,,False,,False,False,False,False,False
6,2026-07-03,SELL,2026-07-03 12:40:00+05:30,2026-07-03 12:45:00+05:30,1051.17415,2.325849999999946,1053.5,1046.5224500000002,2026-07-03 13:20:00+05:30,TARGET,0.75,0.25,True,2026-07-03 13:05:00+05:30,1045.7,2.35361265773809,True,2026-07-03 13:15:00+05:30,1049.5814625,0.25,False,,False,False,False,False,False
6,2026-07-03,SELL,2026-07-03 12:40:00+05:30,2026-07-03 12:45:00+05:30,1051.17415,2.325849999999946,1053.5,1046.5224500000002,2026-07-03 13:20:00+05:30,TARGET,0.75,0.5,True,2026-07-03 13:05:00+05:30,1045.7,2.35361265773809,True,2026-07-03 13:15:00+05:30,1050.162925,0.5,False,,False,False,False,False,False
6,2026-07-03,SELL,2026-07-03 12:40:00+05:30,2026-07-03 12:45:00+05:30,1051.17415,2.325849999999946,1053.5,1046.5224500000002,2026-07-03 13:20:00+05:30,TARGET,0.75,0.75,True,2026-07-03 13:05:00+05:30,1045.7,2.35361265773809,True,2026-07-03 13:15:00+05:30,1050.7443875,0.75,False,,False,False,False,False,False
6,2026-07-03,SELL,2026-07-03 12:40:00+05:30,2026-07-03 12:45:00+05:30,1051.17415,2.325849999999946,1053.5,1046.5224500000002,2026-07-03 13:20:00+05:30,TARGET,0.75,1.0,True,2026-07-03 13:05:00+05:30,1045.7,2.35361265773809,False,,,,False,,False,False,False,False,False
6,2026-07-03,SELL,2026-07-03 12:40:00+05:30,2026-07-03 12:45:00+05:30,1051.17415,2.325849999999946,1053.5,1046.5224500000002,2026-07-03 13:20:00+05:30,TARGET,1.0,0.25,True,2026-07-03 13:20:00+05:30,1045.7,2.35361265773809,False,,,,False,,False,False,False,False,False
6,2026-07-03,SELL,2026-07-03 12:40:00+05:30,2026-07-03 12:45:00+05:30,1051.17415,2.325849999999946,1053.5,1046.5224500000002,2026-07-03 13:20:00+05:30,TARGET,1.0,0.5,True,2026-07-03 13:20:00+05:30,1045.7,2.35361265773809,False,,,,False,,False,False,False,False,False
6,2026-07-03,SELL,2026-07-03 12:40:00+05:30,2026-07-03 12:45:00+05:30,1051.17415,2.325849999999946,1053.5,1046.5224500000002,2026-07-03 13:20:00+05:30,TARGET,1.0,0.75,True,2026-07-03 13:20:00+05:30,1045.7,2.35361265773809,False,,,,False,,False,False,False,False,False
6,2026-07-03,SELL,2026-07-03 12:40:00+05:30,2026-07-03 12:45:00+05:30,1051.17415,2.325849999999946,1053.5,1046.5224500000002,2026-07-03 13:20:00+05:30,TARGET,1.0,1.0,True,2026-07-03 13:20:00+05:30,1045.7,2.35361265773809,False,,,,False,,False,False,False,False,False
6,2026-07-03,SELL,2026-07-03 12:40:00+05:30,2026-07-03 12:45:00+05:30,1051.17415,2.325849999999946,1053.5,1046.5224500000002,2026-07-03 13:20:00+05:30,TARGET,1.25,0.25,True,2026-07-03 13:20:00+05:30,1045.7,2.35361265773809,False,,,,False,,False,False,False,False,False
6,2026-07-03,SELL,2026-07-03 12:40:00+05:30,2026-07-03 12:45:00+05:30,1051.17415,2.325849999999946,1053.5,1046.5224500000002,2026-07-03 13:20:00+05:30,TARGET,1.25,0.5,True,2026-07-03 13:20:00+05:30,1045.7,2.35361265773809,False,,,,False,,False,False,False,False,False
6,2026-07-03,SELL,2026-07-03 12:40:00+05:30,2026-07-03 12:45:00+05:30,1051.17415,2.325849999999946,1053.5,1046.5224500000002,2026-07-03 13:20:00+05:30,TARGET,1.25,0.75,True,2026-07-03 13:20:00+05:30,1045.7,2.35361265773809,False,,,,False,,False,False,False,False,False
6,2026-07-03,SELL,2026-07-03 12:40:00+05:30,2026-07-03 12:45:00+05:30,1051.17415,2.325849999999946,1053.5,1046.5224500000002,2026-07-03 13:20:00+05:30,TARGET,1.25,1.0,True,2026-07-03 13:20:00+05:30,1045.7,2.35361265773809,False,,,,False,,False,False,False,False,False
6,2026-07-03,SELL,2026-07-03 12:40:00+05:30,2026-07-03 12:45:00+05:30,1051.17415,2.325849999999946,1053.5,1046.5224500000002,2026-07-03 13:20:00+05:30,TARGET,1.5,0.25,True,2026-07-03 13:20:00+05:30,1045.7,2.35361265773809,False,,,,False,,False,False,False,False,False
6,2026-07-03,SELL,2026-07-03 12:40:00+05:30,2026-07-03 12:45:00+05:30,1051.17415,2.325849999999946,1053.5,1046.5224500000002,2026-07-03 13:20:00+05:30,TARGET,1.5,0.5,True,2026-07-03 13:20:00+05:30,1045.7,2.35361265773809,False,,,,False,,False,False,False,False,False
6,2026-07-03,SELL,2026-07-03 12:40:00+05:30,2026-07-03 12:45:00+05:30,1051.17415,2.325849999999946,1053.5,1046.5224500000002,2026-07-03 13:20:00+05:30,TARGET,1.5,0.75,True,2026-07-03 13:20:00+05:30,1045.7,2.35361265773809,False,,,,False,,False,False,False,False,False
6,2026-07-03,SELL,2026-07-03 12:40:00+05:30,2026-07-03 12:45:00+05:30,1051.17415,2.325849999999946,1053.5,1046.5224500000002,2026-07-03 13:20:00+05:30,TARGET,1.5,1.0,True,2026-07-03 13:20:00+05:30,1045.7,2.35361265773809,False,,,,False,,False,False,False,False,False
7,2026-07-06,SELL,2026-07-06 09:50:00+05:30,2026-07-06 09:55:00+05:30,1040.57945,2.620550000000094,1043.2,1035.3383499999998,2026-07-06 10:05:00+05:30,TARGET,0.5,0.25,True,2026-07-06 09:55:00+05:30,1034.6,2.2817538303027334,False,,,,False,,False,False,False,False,False
7,2026-07-06,SELL,2026-07-06 09:50:00+05:30,2026-07-06 09:55:00+05:30,1040.57945,2.620550000000094,1043.2,1035.3383499999998,2026-07-06 10:05:00+05:30,TARGET,0.5,0.5,True,2026-07-06 09:55:00+05:30,1034.6,2.2817538303027334,False,,,,False,,False,False,False,False,False
7,2026-07-06,SELL,2026-07-06 09:50:00+05:30,2026-07-06 09:55:00+05:30,1040.57945,2.620550000000094,1043.2,1035.3383499999998,2026-07-06 10:05:00+05:30,TARGET,0.5,0.75,True,2026-07-06 09:55:00+05:30,1034.6,2.2817538303027334,False,,,,False,,False,False,False,False,False
7,2026-07-06,SELL,2026-07-06 09:50:00+05:30,2026-07-06 09:55:00+05:30,1040.57945,2.620550000000094,1043.2,1035.3383499999998,2026-07-06 10:05:00+05:30,TARGET,0.5,1.0,True,2026-07-06 09:55:00+05:30,1034.6,2.2817538303027334,False,,,,False,,False,False,False,False,False
7,2026-07-06,SELL,2026-07-06 09:50:00+05:30,2026-07-06 09:55:00+05:30,1040.57945,2.620550000000094,1043.2,1035.3383499999998,2026-07-06 10:05:00+05:30,TARGET,0.75,0.25,True,2026-07-06 09:55:00+05:30,1034.6,2.2817538303027334,False,,,,False,,False,False,False,False,False
7,2026-07-06,SELL,2026-07-06 09:50:00+05:30,2026-07-06 09:55:00+05:30,1040.57945,2.620550000000094,1043.2,1035.3383499999998,2026-07-06 10:05:00+05:30,TARGET,0.75,0.5,True,2026-07-06 09:55:00+05:30,1034.6,2.2817538303027334,False,,,,False,,False,False,False,False,False
7,2026-07-06,SELL,2026-07-06 09:50:00+05:30,2026-07-06 09:55:00+05:30,1040.57945,2.620550000000094,1043.2,1035.3383499999998,2026-07-06 10:05:00+05:30,TARGET,0.75,0.75,True,2026-07-06 09:55:00+05:30,1034.6,2.2817538303027334,False,,,,False,,False,False,False,False,False
7,2026-07-06,SELL,2026-07-06 09:50:00+05:30,2026-07-06 09:55:00+05:30,1040.57945,2.620550000000094,1043.2,1035.3383499999998,2026-07-06 10:05:00+05:30,TARGET,0.75,1.0,True,2026-07-06 09:55:00+05:30,1034.6,2.2817538303027334,False,,,,False,,False,False,False,False,False
7,2026-07-06,SELL,2026-07-06 09:50:00+05:30,2026-07-06 09:55:00+05:30,1040.57945,2.620550000000094,1043.2,1035.3383499999998,2026-07-06 10:05:00+05:30,TARGET,1.0,0.25,True,2026-07-06 09:55:00+05:30,1034.6,2.2817538303027334,False,,,,False,,False,False,False,False,False
7,2026-07-06,SELL,2026-07-06 09:50:00+05:30,2026-07-06 09:55:00+05:30,1040.57945,2.620550000000094,1043.2,1035.3383499999998,2026-07-06 10:05:00+05:30,TARGET,1.0,0.5,True,2026-07-06 09:55:00+05:30,1034.6,2.2817538303027334,False,,,,False,,False,False,False,False,False
7,2026-07-06,SELL,2026-07-06 09:50:00+05:30,2026-07-06 09:55:00+05:30,1040.57945,2.620550000000094,1043.2,1035.3383499999998,2026-07-06 10:05:00+05:30,TARGET,1.0,0.75,True,2026-07-06 09:55:00+05:30,1034.6,2.2817538303027334,False,,,,False,,False,False,False,False,False
7,2026-07-06,SELL,2026-07-06 09:50:00+05:30,2026-07-06 09:55:00+05:30,1040.57945,2.620550000000094,1043.2,1035.3383499999998,2026-07-06 10:05:00+05:30,TARGET,1.0,1.0,True,2026-07-06 09:55:00+05:30,1034.6,2.2817538303027334,False,,,,False,,False,False,False,False,False
7,2026-07-06,SELL,2026-07-06 09:50:00+05:30,2026-07-06 09:55:00+05:30,1040.57945,2.620550000000094,1043.2,1035.3383499999998,2026-07-06 10:05:00+05:30,TARGET,1.25,0.25,True,2026-07-06 10:00:00+05:30,1034.6,2.2817538303027334,False,,,,False,,False,False,False,False,False
7,2026-07-06,SELL,2026-07-06 09:50:00+05:30,2026-07-06 09:55:00+05:30,1040.57945,2.620550000000094,1043.2,1035.3383499999998,2026-07-06 10:05:00+05:30,TARGET,1.25,0.5,True,2026-07-06 10:00:00+05:30,1034.6,2.2817538303027334,False,,,,False,,False,False,False,False,False
7,2026-07-06,SELL,2026-07-06 09:50:00+05:30,2026-07-06 09:55:00+05:30,1040.57945,2.620550000000094,1043.2,1035.3383499999998,2026-07-06 10:05:00+05:30,TARGET,1.25,0.75,True,2026-07-06 10:00:00+05:30,1034.6,2.2817538303027334,False,,,,False,,False,False,False,False,False
7,2026-07-06,SELL,2026-07-06 09:50:00+05:30,2026-07-06 09:55:00+05:30,1040.57945,2.620550000000094,1043.2,1035.3383499999998,2026-07-06 10:05:00+05:30,TARGET,1.25,1.0,True,2026-07-06 10:00:00+05:30,1034.6,2.2817538303027334,False,,,,False,,False,False,False,False,False
7,2026-07-06,SELL,2026-07-06 09:50:00+05:30,2026-07-06 09:55:00+05:30,1040.57945,2.620550000000094,1043.2,1035.3383499999998,2026-07-06 10:05:00+05:30,TARGET,1.5,0.25,True,2026-07-06 10:00:00+05:30,1034.6,2.2817538303027334,False,,,,False,,False,False,False,False,False
7,2026-07-06,SELL,2026-07-06 09:50:00+05:30,2026-07-06 09:55:00+05:30,1040.57945,2.620550000000094,1043.2,1035.3383499999998,2026-07-06 10:05:00+05:30,TARGET,1.5,0.5,True,2026-07-06 10:00:00+05:30,1034.6,2.2817538303027334,False,,,,False,,False,False,False,False,False
7,2026-07-06,SELL,2026-07-06 09:50:00+05:30,2026-07-06 09:55:00+05:30,1040.57945,2.620550000000094,1043.2,1035.3383499999998,2026-07-06 10:05:00+05:30,TARGET,1.5,0.75,True,2026-07-06 10:00:00+05:30,1034.6,2.2817538303027334,False,,,,False,,False,False,False,False,False
7,2026-07-06,SELL,2026-07-06 09:50:00+05:30,2026-07-06 09:55:00+05:30,1040.57945,2.620550000000094,1043.2,1035.3383499999998,2026-07-06 10:05:00+05:30,TARGET,1.5,1.0,True,2026-07-06 10:00:00+05:30,1034.6,2.2817538303027334,False,,,,False,,False,False,False,False,False
8,2026-07-07,BUY,2026-07-07 09:40:00+05:30,2026-07-07 09:45:00+05:30,1069.23435,6.034349999999904,1063.2,1081.3030499999998,2026-07-07 10:20:00+05:30,TARGET,0.5,0.25,True,2026-07-07 09:45:00+05:30,1082.6,2.2149278712703393,True,2026-07-07 09:50:00+05:30,1073.2914125,0.25,False,,False,False,False,False,False
8,2026-07-07,BUY,2026-07-07 09:40:00+05:30,2026-07-07 09:45:00+05:30,1069.23435,6.034349999999904,1063.2,1081.3030499999998,2026-07-07 10:20:00+05:30,TARGET,0.5,0.5,True,2026-07-07 09:45:00+05:30,1082.6,2.2149278712703393,True,2026-07-07 09:50:00+05:30,1071.782825,0.5,False,,False,False,False,False,False
8,2026-07-07,BUY,2026-07-07 09:40:00+05:30,2026-07-07 09:45:00+05:30,1069.23435,6.034349999999904,1063.2,1081.3030499999998,2026-07-07 10:20:00+05:30,TARGET,0.5,0.75,True,2026-07-07 09:45:00+05:30,1082.6,2.2149278712703393,True,2026-07-07 09:50:00+05:30,1070.2742375,0.75,False,,False,False,False,False,False
8,2026-07-07,BUY,2026-07-07 09:40:00+05:30,2026-07-07 09:45:00+05:30,1069.23435,6.034349999999904,1063.2,1081.3030499999998,2026-07-07 10:20:00+05:30,TARGET,0.5,1.0,True,2026-07-07 09:45:00+05:30,1082.6,2.2149278712703393,True,2026-07-07 09:50:00+05:30,1068.76565,1.0,False,,False,False,False,False,False
8,2026-07-07,BUY,2026-07-07 09:40:00+05:30,2026-07-07 09:45:00+05:30,1069.23435,6.034349999999904,1063.2,1081.3030499999998,2026-07-07 10:20:00+05:30,TARGET,0.75,0.25,True,2026-07-07 09:45:00+05:30,1082.6,2.2149278712703393,True,2026-07-07 09:50:00+05:30,1073.2914125,0.25,False,,False,False,False,False,False
8,2026-07-07,BUY,2026-07-07 09:40:00+05:30,2026-07-07 09:45:00+05:30,1069.23435,6.034349999999904,1063.2,1081.3030499999998,2026-07-07 10:20:00+05:30,TARGET,0.75,0.5,True,2026-07-07 09:45:00+05:30,1082.6,2.2149278712703393,True,2026-07-07 09:50:00+05:30,1071.782825,0.5,False,,False,False,False,False,False
8,2026-07-07,BUY,2026-07-07 09:40:00+05:30,2026-07-07 09:45:00+05:30,1069.23435,6.034349999999904,1063.2,1081.3030499999998,2026-07-07 10:20:00+05:30,TARGET,0.75,0.75,True,2026-07-07 09:45:00+05:30,1082.6,2.2149278712703393,True,2026-07-07 09:50:00+05:30,1070.2742375,0.75,False,,False,False,False,False,False
8,2026-07-07,BUY,2026-07-07 09:40:00+05:30,2026-07-07 09:45:00+05:30,1069.23435,6.034349999999904,1063.2,1081.3030499999998,2026-07-07 10:20:00+05:30,TARGET,0.75,1.0,True,2026-07-07 09:45:00+05:30,1082.6,2.2149278712703393,True,2026-07-07 09:50:00+05:30,1068.76565,1.0,False,,False,False,False,False,False
8,2026-07-07,BUY,2026-07-07 09:40:00+05:30,2026-07-07 09:45:00+05:30,1069.23435,6.034349999999904,1063.2,1081.3030499999998,2026-07-07 10:20:00+05:30,TARGET,1.0,0.25,True,2026-07-07 10:10:00+05:30,1082.6,2.2149278712703393,True,2026-07-07 10:15:00+05:30,1076.3914125000001,0.25,False,,False,False,False,False,False
8,2026-07-07,BUY,2026-07-07 09:40:00+05:30,2026-07-07 09:45:00+05:30,1069.23435,6.034349999999904,1063.2,1081.3030499999998,2026-07-07 10:20:00+05:30,TARGET,1.0,0.5,True,2026-07-07 10:10:00+05:30,1082.6,2.2149278712703393,False,,,,False,,False,False,False,False,False
8,2026-07-07,BUY,2026-07-07 09:40:00+05:30,2026-07-07 09:45:00+05:30,1069.23435,6.034349999999904,1063.2,1081.3030499999998,2026-07-07 10:20:00+05:30,TARGET,1.0,0.75,True,2026-07-07 10:10:00+05:30,1082.6,2.2149278712703393,False,,,,False,,False,False,False,False,False
8,2026-07-07,BUY,2026-07-07 09:40:00+05:30,2026-07-07 09:45:00+05:30,1069.23435,6.034349999999904,1063.2,1081.3030499999998,2026-07-07 10:20:00+05:30,TARGET,1.0,1.0,True,2026-07-07 10:10:00+05:30,1082.6,2.2149278712703393,False,,,,False,,False,False,False,False,False
8,2026-07-07,BUY,2026-07-07 09:40:00+05:30,2026-07-07 09:45:00+05:30,1069.23435,6.034349999999904,1063.2,1081.3030499999998,2026-07-07 10:20:00+05:30,TARGET,1.25,0.25,True,2026-07-07 10:10:00+05:30,1082.6,2.2149278712703393,True,2026-07-07 10:15:00+05:30,1076.3914125000001,0.25,False,,False,False,False,False,False
8,2026-07-07,BUY,2026-07-07 09:40:00+05:30,2026-07-07 09:45:00+05:30,1069.23435,6.034349999999904,1063.2,1081.3030499999998,2026-07-07 10:20:00+05:30,TARGET,1.25,0.5,True,2026-07-07 10:10:00+05:30,1082.6,2.2149278712703393,False,,,,False,,False,False,False,False,False
8,2026-07-07,BUY,2026-07-07 09:40:00+05:30,2026-07-07 09:45:00+05:30,1069.23435,6.034349999999904,1063.2,1081.3030499999998,2026-07-07 10:20:00+05:30,TARGET,1.25,0.75,True,2026-07-07 10:10:00+05:30,1082.6,2.2149278712703393,False,,,,False,,False,False,False,False,False
8,2026-07-07,BUY,2026-07-07 09:40:00+05:30,2026-07-07 09:45:00+05:30,1069.23435,6.034349999999904,1063.2,1081.3030499999998,2026-07-07 10:20:00+05:30,TARGET,1.25,1.0,True,2026-07-07 10:10:00+05:30,1082.6,2.2149278712703393,False,,,,False,,False,False,False,False,False
8,2026-07-07,BUY,2026-07-07 09:40:00+05:30,2026-07-07 09:45:00+05:30,1069.23435,6.034349999999904,1063.2,1081.3030499999998,2026-07-07 10:20:00+05:30,TARGET,1.5,0.25,True,2026-07-07 10:20:00+05:30,1082.6,2.2149278712703393,False,,,,False,,False,False,False,False,False
8,2026-07-07,BUY,2026-07-07 09:40:00+05:30,2026-07-07 09:45:00+05:30,1069.23435,6.034349999999904,1063.2,1081.3030499999998,2026-07-07 10:20:00+05:30,TARGET,1.5,0.5,True,2026-07-07 10:20:00+05:30,1082.6,2.2149278712703393,False,,,,False,,False,False,False,False,False
8,2026-07-07,BUY,2026-07-07 09:40:00+05:30,2026-07-07 09:45:00+05:30,1069.23435,6.034349999999904,1063.2,1081.3030499999998,2026-07-07 10:20:00+05:30,TARGET,1.5,0.75,True,2026-07-07 10:20:00+05:30,1082.6,2.2149278712703393,False,,,,False,,False,False,False,False,False
8,2026-07-07,BUY,2026-07-07 09:40:00+05:30,2026-07-07 09:45:00+05:30,1069.23435,6.034349999999904,1063.2,1081.3030499999998,2026-07-07 10:20:00+05:30,TARGET,1.5,1.0,True,2026-07-07 10:20:00+05:30,1082.6,2.2149278712703393,False,,,,False,,False,False,False,False,False
9,2026-07-07,BUY,2026-07-07 10:55:00+05:30,2026-07-07 11:00:00+05:30,1071.7356,2.135600000000068,1069.6,1076.0068,2026-07-07 11:00:00+05:30,TARGET,0.5,0.25,True,2026-07-07 11:00:00+05:30,1076.8,2.3714178685146172,False,,,,False,,False,False,False,False,False
9,2026-07-07,BUY,2026-07-07 10:55:00+05:30,2026-07-07 11:00:00+05:30,1071.7356,2.135600000000068,1069.6,1076.0068,2026-07-07 11:00:00+05:30,TARGET,0.5,0.5,True,2026-07-07 11:00:00+05:30,1076.8,2.3714178685146172,False,,,,False,,False,False,False,False,False
9,2026-07-07,BUY,2026-07-07 10:55:00+05:30,2026-07-07 11:00:00+05:30,1071.7356,2.135600000000068,1069.6,1076.0068,2026-07-07 11:00:00+05:30,TARGET,0.5,0.75,True,2026-07-07 11:00:00+05:30,1076.8,2.3714178685146172,False,,,,False,,False,False,False,False,False
9,2026-07-07,BUY,2026-07-07 10:55:00+05:30,2026-07-07 11:00:00+05:30,1071.7356,2.135600000000068,1069.6,1076.0068,2026-07-07 11:00:00+05:30,TARGET,0.5,1.0,True,2026-07-07 11:00:00+05:30,1076.8,2.3714178685146172,False,,,,False,,False,False,False,False,False
9,2026-07-07,BUY,2026-07-07 10:55:00+05:30,2026-07-07 11:00:00+05:30,1071.7356,2.135600000000068,1069.6,1076.0068,2026-07-07 11:00:00+05:30,TARGET,0.75,0.25,True,2026-07-07 11:00:00+05:30,1076.8,2.3714178685146172,False,,,,False,,False,False,False,False,False
9,2026-07-07,BUY,2026-07-07 10:55:00+05:30,2026-07-07 11:00:00+05:30,1071.7356,2.135600000000068,1069.6,1076.0068,2026-07-07 11:00:00+05:30,TARGET,0.75,0.5,True,2026-07-07 11:00:00+05:30,1076.8,2.3714178685146172,False,,,,False,,False,False,False,False,False
9,2026-07-07,BUY,2026-07-07 10:55:00+05:30,2026-07-07 11:00:00+05:30,1071.7356,2.135600000000068,1069.6,1076.0068,2026-07-07 11:00:00+05:30,TARGET,0.75,0.75,True,2026-07-07 11:00:00+05:30,1076.8,2.3714178685146172,False,,,,False,,False,False,False,False,False
9,2026-07-07,BUY,2026-07-07 10:55:00+05:30,2026-07-07 11:00:00+05:30,1071.7356,2.135600000000068,1069.6,1076.0068,2026-07-07 11:00:00+05:30,TARGET,0.75,1.0,True,2026-07-07 11:00:00+05:30,1076.8,2.3714178685146172,False,,,,False,,False,False,False,False,False
9,2026-07-07,BUY,2026-07-07 10:55:00+05:30,2026-07-07 11:00:00+05:30,1071.7356,2.135600000000068,1069.6,1076.0068,2026-07-07 11:00:00+05:30,TARGET,1.0,0.25,True,2026-07-07 11:00:00+05:30,1076.8,2.3714178685146172,False,,,,False,,False,False,False,False,False
9,2026-07-07,BUY,2026-07-07 10:55:00+05:30,2026-07-07 11:00:00+05:30,1071.7356,2.135600000000068,1069.6,1076.0068,2026-07-07 11:00:00+05:30,TARGET,1.0,0.5,True,2026-07-07 11:00:00+05:30,1076.8,2.3714178685146172,False,,,,False,,False,False,False,False,False
9,2026-07-07,BUY,2026-07-07 10:55:00+05:30,2026-07-07 11:00:00+05:30,1071.7356,2.135600000000068,1069.6,1076.0068,2026-07-07 11:00:00+05:30,TARGET,1.0,0.75,True,2026-07-07 11:00:00+05:30,1076.8,2.3714178685146172,False,,,,False,,False,False,False,False,False
9,2026-07-07,BUY,2026-07-07 10:55:00+05:30,2026-07-07 11:00:00+05:30,1071.7356,2.135600000000068,1069.6,1076.0068,2026-07-07 11:00:00+05:30,TARGET,1.0,1.0,True,2026-07-07 11:00:00+05:30,1076.8,2.3714178685146172,False,,,,False,,False,False,False,False,False
9,2026-07-07,BUY,2026-07-07 10:55:00+05:30,2026-07-07 11:00:00+05:30,1071.7356,2.135600000000068,1069.6,1076.0068,2026-07-07 11:00:00+05:30,TARGET,1.25,0.25,True,2026-07-07 11:00:00+05:30,1076.8,2.3714178685146172,False,,,,False,,False,False,False,False,False
9,2026-07-07,BUY,2026-07-07 10:55:00+05:30,2026-07-07 11:00:00+05:30,1071.7356,2.135600000000068,1069.6,1076.0068,2026-07-07 11:00:00+05:30,TARGET,1.25,0.5,True,2026-07-07 11:00:00+05:30,1076.8,2.3714178685146172,False,,,,False,,False,False,False,False,False
9,2026-07-07,BUY,2026-07-07 10:55:00+05:30,2026-07-07 11:00:00+05:30,1071.7356,2.135600000000068,1069.6,1076.0068,2026-07-07 11:00:00+05:30,TARGET,1.25,0.75,True,2026-07-07 11:00:00+05:30,1076.8,2.3714178685146172,False,,,,False,,False,False,False,False,False
9,2026-07-07,BUY,2026-07-07 10:55:00+05:30,2026-07-07 11:00:00+05:30,1071.7356,2.135600000000068,1069.6,1076.0068,2026-07-07 11:00:00+05:30,TARGET,1.25,1.0,True,2026-07-07 11:00:00+05:30,1076.8,2.3714178685146172,False,,,,False,,False,False,False,False,False
9,2026-07-07,BUY,2026-07-07 10:55:00+05:30,2026-07-07 11:00:00+05:30,1071.7356,2.135600000000068,1069.6,1076.0068,2026-07-07 11:00:00+05:30,TARGET,1.5,0.25,True,2026-07-07 11:00:00+05:30,1076.8,2.3714178685146172,False,,,,False,,False,False,False,False,False
9,2026-07-07,BUY,2026-07-07 10:55:00+05:30,2026-07-07 11:00:00+05:30,1071.7356,2.135600000000068,1069.6,1076.0068,2026-07-07 11:00:00+05:30,TARGET,1.5,0.5,True,2026-07-07 11:00:00+05:30,1076.8,2.3714178685146172,False,,,,False,,False,False,False,False,False
9,2026-07-07,BUY,2026-07-07 10:55:00+05:30,2026-07-07 11:00:00+05:30,1071.7356,2.135600000000068,1069.6,1076.0068,2026-07-07 11:00:00+05:30,TARGET,1.5,0.75,True,2026-07-07 11:00:00+05:30,1076.8,2.3714178685146172,False,,,,False,,False,False,False,False,False
9,2026-07-07,BUY,2026-07-07 10:55:00+05:30,2026-07-07 11:00:00+05:30,1071.7356,2.135600000000068,1069.6,1076.0068,2026-07-07 11:00:00+05:30,TARGET,1.5,1.0,True,2026-07-07 11:00:00+05:30,1076.8,2.3714178685146172,False,,,,False,,False,False,False,False,False
10,2026-07-07,BUY,2026-07-07 14:45:00+05:30,2026-07-07 14:50:00+05:30,1075.7376000000002,2.0376000000001118,1073.7,1079.8128000000004,2026-07-07 14:55:00+05:30,STOP_LOSS,0.5,0.25,False,,,,False,,,,False,,False,False,False,False,False
10,2026-07-07,BUY,2026-07-07 14:45:00+05:30,2026-07-07 14:50:00+05:30,1075.7376000000002,2.0376000000001118,1073.7,1079.8128000000004,2026-07-07 14:55:00+05:30,STOP_LOSS,0.5,0.5,False,,,,False,,,,False,,False,False,False,False,False
10,2026-07-07,BUY,2026-07-07 14:45:00+05:30,2026-07-07 14:50:00+05:30,1075.7376000000002,2.0376000000001118,1073.7,1079.8128000000004,2026-07-07 14:55:00+05:30,STOP_LOSS,0.5,0.75,False,,,,False,,,,False,,False,False,False,False,False
10,2026-07-07,BUY,2026-07-07 14:45:00+05:30,2026-07-07 14:50:00+05:30,1075.7376000000002,2.0376000000001118,1073.7,1079.8128000000004,2026-07-07 14:55:00+05:30,STOP_LOSS,0.5,1.0,False,,,,False,,,,False,,False,False,False,False,False
10,2026-07-07,BUY,2026-07-07 14:45:00+05:30,2026-07-07 14:50:00+05:30,1075.7376000000002,2.0376000000001118,1073.7,1079.8128000000004,2026-07-07 14:55:00+05:30,STOP_LOSS,0.75,0.25,False,,,,False,,,,False,,False,False,False,False,False
10,2026-07-07,BUY,2026-07-07 14:45:00+05:30,2026-07-07 14:50:00+05:30,1075.7376000000002,2.0376000000001118,1073.7,1079.8128000000004,2026-07-07 14:55:00+05:30,STOP_LOSS,0.75,0.5,False,,,,False,,,,False,,False,False,False,False,False
10,2026-07-07,BUY,2026-07-07 14:45:00+05:30,2026-07-07 14:50:00+05:30,1075.7376000000002,2.0376000000001118,1073.7,1079.8128000000004,2026-07-07 14:55:00+05:30,STOP_LOSS,0.75,0.75,False,,,,False,,,,False,,False,False,False,False,False
10,2026-07-07,BUY,2026-07-07 14:45:00+05:30,2026-07-07 14:50:00+05:30,1075.7376000000002,2.0376000000001118,1073.7,1079.8128000000004,2026-07-07 14:55:00+05:30,STOP_LOSS,0.75,1.0,False,,,,False,,,,False,,False,False,False,False,False
10,2026-07-07,BUY,2026-07-07 14:45:00+05:30,2026-07-07 14:50:00+05:30,1075.7376000000002,2.0376000000001118,1073.7,1079.8128000000004,2026-07-07 14:55:00+05:30,STOP_LOSS,1.0,0.25,False,,,,False,,,,False,,False,False,False,False,False
10,2026-07-07,BUY,2026-07-07 14:45:00+05:30,2026-07-07 14:50:00+05:30,1075.7376000000002,2.0376000000001118,1073.7,1079.8128000000004,2026-07-07 14:55:00+05:30,STOP_LOSS,1.0,0.5,False,,,,False,,,,False,,False,False,False,False,False
10,2026-07-07,BUY,2026-07-07 14:45:00+05:30,2026-07-07 14:50:00+05:30,1075.7376000000002,2.0376000000001118,1073.7,1079.8128000000004,2026-07-07 14:55:00+05:30,STOP_LOSS,1.0,0.75,False,,,,False,,,,False,,False,False,False,False,False
10,2026-07-07,BUY,2026-07-07 14:45:00+05:30,2026-07-07 14:50:00+05:30,1075.7376000000002,2.0376000000001118,1073.7,1079.8128000000004,2026-07-07 14:55:00+05:30,STOP_LOSS,1.0,1.0,False,,,,False,,,,False,,False,False,False,False,False
10,2026-07-07,BUY,2026-07-07 14:45:00+05:30,2026-07-07 14:50:00+05:30,1075.7376000000002,2.0376000000001118,1073.7,1079.8128000000004,2026-07-07 14:55:00+05:30,STOP_LOSS,1.25,0.25,False,,,,False,,,,False,,False,False,False,False,False
10,2026-07-07,BUY,2026-07-07 14:45:00+05:30,2026-07-07 14:50:00+05:30,1075.7376000000002,2.0376000000001118,1073.7,1079.8128000000004,2026-07-07 14:55:00+05:30,STOP_LOSS,1.25,0.5,False,,,,False,,,,False,,False,False,False,False,False
10,2026-07-07,BUY,2026-07-07 14:45:00+05:30,2026-07-07 14:50:00+05:30,1075.7376000000002,2.0376000000001118,1073.7,1079.8128000000004,2026-07-07 14:55:00+05:30,STOP_LOSS,1.25,0.75,False,,,,False,,,,False,,False,False,False,False,False
10,2026-07-07,BUY,2026-07-07 14:45:00+05:30,2026-07-07 14:50:00+05:30,1075.7376000000002,2.0376000000001118,1073.7,1079.8128000000004,2026-07-07 14:55:00+05:30,STOP_LOSS,1.25,1.0,False,,,,False,,,,False,,False,False,False,False,False
10,2026-07-07,BUY,2026-07-07 14:45:00+05:30,2026-07-07 14:50:00+05:30,1075.7376000000002,2.0376000000001118,1073.7,1079.8128000000004,2026-07-07 14:55:00+05:30,STOP_LOSS,1.5,0.25,False,,,,False,,,,False,,False,False,False,False,False
10,2026-07-07,BUY,2026-07-07 14:45:00+05:30,2026-07-07 14:50:00+05:30,1075.7376000000002,2.0376000000001118,1073.7,1079.8128000000004,2026-07-07 14:55:00+05:30,STOP_LOSS,1.5,0.5,False,,,,False,,,,False,,False,False,False,False,False
10,2026-07-07,BUY,2026-07-07 14:45:00+05:30,2026-07-07 14:50:00+05:30,1075.7376000000002,2.0376000000001118,1073.7,1079.8128000000004,2026-07-07 14:55:00+05:30,STOP_LOSS,1.5,0.75,False,,,,False,,,,False,,False,False,False,False,False
10,2026-07-07,BUY,2026-07-07 14:45:00+05:30,2026-07-07 14:50:00+05:30,1075.7376000000002,2.0376000000001118,1073.7,1079.8128000000004,2026-07-07 14:55:00+05:30,STOP_LOSS,1.5,1.0,False,,,,False,,,,False,,False,False,False,False,False
11,2026-07-10,SELL,2026-07-10 09:30:00+05:30,2026-07-10 09:35:00+05:30,1065.16715,6.632849999999962,1071.8,1051.90145,2026-07-10 09:45:00+05:30,STOP_LOSS,0.5,0.25,False,,,,False,,,,False,,False,False,False,False,False
11,2026-07-10,SELL,2026-07-10 09:30:00+05:30,2026-07-10 09:35:00+05:30,1065.16715,6.632849999999962,1071.8,1051.90145,2026-07-10 09:45:00+05:30,STOP_LOSS,0.5,0.5,False,,,,False,,,,False,,False,False,False,False,False
11,2026-07-10,SELL,2026-07-10 09:30:00+05:30,2026-07-10 09:35:00+05:30,1065.16715,6.632849999999962,1071.8,1051.90145,2026-07-10 09:45:00+05:30,STOP_LOSS,0.5,0.75,False,,,,False,,,,False,,False,False,False,False,False
11,2026-07-10,SELL,2026-07-10 09:30:00+05:30,2026-07-10 09:35:00+05:30,1065.16715,6.632849999999962,1071.8,1051.90145,2026-07-10 09:45:00+05:30,STOP_LOSS,0.5,1.0,False,,,,False,,,,False,,False,False,False,False,False
11,2026-07-10,SELL,2026-07-10 09:30:00+05:30,2026-07-10 09:35:00+05:30,1065.16715,6.632849999999962,1071.8,1051.90145,2026-07-10 09:45:00+05:30,STOP_LOSS,0.75,0.25,False,,,,False,,,,False,,False,False,False,False,False
11,2026-07-10,SELL,2026-07-10 09:30:00+05:30,2026-07-10 09:35:00+05:30,1065.16715,6.632849999999962,1071.8,1051.90145,2026-07-10 09:45:00+05:30,STOP_LOSS,0.75,0.5,False,,,,False,,,,False,,False,False,False,False,False
11,2026-07-10,SELL,2026-07-10 09:30:00+05:30,2026-07-10 09:35:00+05:30,1065.16715,6.632849999999962,1071.8,1051.90145,2026-07-10 09:45:00+05:30,STOP_LOSS,0.75,0.75,False,,,,False,,,,False,,False,False,False,False,False
11,2026-07-10,SELL,2026-07-10 09:30:00+05:30,2026-07-10 09:35:00+05:30,1065.16715,6.632849999999962,1071.8,1051.90145,2026-07-10 09:45:00+05:30,STOP_LOSS,0.75,1.0,False,,,,False,,,,False,,False,False,False,False,False
11,2026-07-10,SELL,2026-07-10 09:30:00+05:30,2026-07-10 09:35:00+05:30,1065.16715,6.632849999999962,1071.8,1051.90145,2026-07-10 09:45:00+05:30,STOP_LOSS,1.0,0.25,False,,,,False,,,,False,,False,False,False,False,False
11,2026-07-10,SELL,2026-07-10 09:30:00+05:30,2026-07-10 09:35:00+05:30,1065.16715,6.632849999999962,1071.8,1051.90145,2026-07-10 09:45:00+05:30,STOP_LOSS,1.0,0.5,False,,,,False,,,,False,,False,False,False,False,False
11,2026-07-10,SELL,2026-07-10 09:30:00+05:30,2026-07-10 09:35:00+05:30,1065.16715,6.632849999999962,1071.8,1051.90145,2026-07-10 09:45:00+05:30,STOP_LOSS,1.0,0.75,False,,,,False,,,,False,,False,False,False,False,False
11,2026-07-10,SELL,2026-07-10 09:30:00+05:30,2026-07-10 09:35:00+05:30,1065.16715,6.632849999999962,1071.8,1051.90145,2026-07-10 09:45:00+05:30,STOP_LOSS,1.0,1.0,False,,,,False,,,,False,,False,False,False,False,False
11,2026-07-10,SELL,2026-07-10 09:30:00+05:30,2026-07-10 09:35:00+05:30,1065.16715,6.632849999999962,1071.8,1051.90145,2026-07-10 09:45:00+05:30,STOP_LOSS,1.25,0.25,False,,,,False,,,,False,,False,False,False,False,False
11,2026-07-10,SELL,2026-07-10 09:30:00+05:30,2026-07-10 09:35:00+05:30,1065.16715,6.632849999999962,1071.8,1051.90145,2026-07-10 09:45:00+05:30,STOP_LOSS,1.25,0.5,False,,,,False,,,,False,,False,False,False,False,False
11,2026-07-10,SELL,2026-07-10 09:30:00+05:30,2026-07-10 09:35:00+05:30,1065.16715,6.632849999999962,1071.8,1051.90145,2026-07-10 09:45:00+05:30,STOP_LOSS,1.25,0.75,False,,,,False,,,,False,,False,False,False,False,False
11,2026-07-10,SELL,2026-07-10 09:30:00+05:30,2026-07-10 09:35:00+05:30,1065.16715,6.632849999999962,1071.8,1051.90145,2026-07-10 09:45:00+05:30,STOP_LOSS,1.25,1.0,False,,,,False,,,,False,,False,False,False,False,False
11,2026-07-10,SELL,2026-07-10 09:30:00+05:30,2026-07-10 09:35:00+05:30,1065.16715,6.632849999999962,1071.8,1051.90145,2026-07-10 09:45:00+05:30,STOP_LOSS,1.5,0.25,False,,,,False,,,,False,,False,False,False,False,False
11,2026-07-10,SELL,2026-07-10 09:30:00+05:30,2026-07-10 09:35:00+05:30,1065.16715,6.632849999999962,1071.8,1051.90145,2026-07-10 09:45:00+05:30,STOP_LOSS,1.5,0.5,False,,,,False,,,,False,,False,False,False,False,False
11,2026-07-10,SELL,2026-07-10 09:30:00+05:30,2026-07-10 09:35:00+05:30,1065.16715,6.632849999999962,1071.8,1051.90145,2026-07-10 09:45:00+05:30,STOP_LOSS,1.5,0.75,False,,,,False,,,,False,,False,False,False,False,False
11,2026-07-10,SELL,2026-07-10 09:30:00+05:30,2026-07-10 09:35:00+05:30,1065.16715,6.632849999999962,1071.8,1051.90145,2026-07-10 09:45:00+05:30,STOP_LOSS,1.5,1.0,False,,,,False,,,,False,,False,False,False,False,False
12,2026-07-10,SELL,2026-07-10 09:50:00+05:30,2026-07-10 09:55:00+05:30,1068.16565,2.734349999999949,1070.9,1062.6969500000002,2026-07-10 10:15:00+05:30,STOP_LOSS,0.5,0.25,True,2026-07-10 09:55:00+05:30,1066.0,0.7920163841497814,True,2026-07-10 10:00:00+05:30,1066.6835875,0.25,False,,False,False,True,False,False
12,2026-07-10,SELL,2026-07-10 09:50:00+05:30,2026-07-10 09:55:00+05:30,1068.16565,2.734349999999949,1070.9,1062.6969500000002,2026-07-10 10:15:00+05:30,STOP_LOSS,0.5,0.5,True,2026-07-10 09:55:00+05:30,1066.0,0.7920163841497814,True,2026-07-10 10:00:00+05:30,1067.3671749999999,0.5,False,,False,False,True,False,False
12,2026-07-10,SELL,2026-07-10 09:50:00+05:30,2026-07-10 09:55:00+05:30,1068.16565,2.734349999999949,1070.9,1062.6969500000002,2026-07-10 10:15:00+05:30,STOP_LOSS,0.5,0.75,True,2026-07-10 09:55:00+05:30,1066.0,0.7920163841497814,True,2026-07-10 10:00:00+05:30,1068.0507625,0.75,False,,False,False,True,False,False
12,2026-07-10,SELL,2026-07-10 09:50:00+05:30,2026-07-10 09:55:00+05:30,1068.16565,2.734349999999949,1070.9,1062.6969500000002,2026-07-10 10:15:00+05:30,STOP_LOSS,0.5,1.0,True,2026-07-10 09:55:00+05:30,1066.0,0.7920163841497814,True,2026-07-10 10:00:00+05:30,1068.73435,1.0,False,,False,False,True,False,False
12,2026-07-10,SELL,2026-07-10 09:50:00+05:30,2026-07-10 09:55:00+05:30,1068.16565,2.734349999999949,1070.9,1062.6969500000002,2026-07-10 10:15:00+05:30,STOP_LOSS,0.75,0.25,True,2026-07-10 09:55:00+05:30,1066.0,0.7920163841497814,True,2026-07-10 10:00:00+05:30,1066.6835875,0.25,False,,False,False,True,False,False
12,2026-07-10,SELL,2026-07-10 09:50:00+05:30,2026-07-10 09:55:00+05:30,1068.16565,2.734349999999949,1070.9,1062.6969500000002,2026-07-10 10:15:00+05:30,STOP_LOSS,0.75,0.5,True,2026-07-10 09:55:00+05:30,1066.0,0.7920163841497814,True,2026-07-10 10:00:00+05:30,1067.3671749999999,0.5,False,,False,False,True,False,False
12,2026-07-10,SELL,2026-07-10 09:50:00+05:30,2026-07-10 09:55:00+05:30,1068.16565,2.734349999999949,1070.9,1062.6969500000002,2026-07-10 10:15:00+05:30,STOP_LOSS,0.75,0.75,True,2026-07-10 09:55:00+05:30,1066.0,0.7920163841497814,True,2026-07-10 10:00:00+05:30,1068.0507625,0.75,False,,False,False,True,False,False
12,2026-07-10,SELL,2026-07-10 09:50:00+05:30,2026-07-10 09:55:00+05:30,1068.16565,2.734349999999949,1070.9,1062.6969500000002,2026-07-10 10:15:00+05:30,STOP_LOSS,0.75,1.0,True,2026-07-10 09:55:00+05:30,1066.0,0.7920163841497814,True,2026-07-10 10:00:00+05:30,1068.73435,1.0,False,,False,False,True,False,False
12,2026-07-10,SELL,2026-07-10 09:50:00+05:30,2026-07-10 09:55:00+05:30,1068.16565,2.734349999999949,1070.9,1062.6969500000002,2026-07-10 10:15:00+05:30,STOP_LOSS,1.0,0.25,False,,,,False,,,,False,,False,False,False,False,False
12,2026-07-10,SELL,2026-07-10 09:50:00+05:30,2026-07-10 09:55:00+05:30,1068.16565,2.734349999999949,1070.9,1062.6969500000002,2026-07-10 10:15:00+05:30,STOP_LOSS,1.0,0.5,False,,,,False,,,,False,,False,False,False,False,False
12,2026-07-10,SELL,2026-07-10 09:50:00+05:30,2026-07-10 09:55:00+05:30,1068.16565,2.734349999999949,1070.9,1062.6969500000002,2026-07-10 10:15:00+05:30,STOP_LOSS,1.0,0.75,False,,,,False,,,,False,,False,False,False,False,False
12,2026-07-10,SELL,2026-07-10 09:50:00+05:30,2026-07-10 09:55:00+05:30,1068.16565,2.734349999999949,1070.9,1062.6969500000002,2026-07-10 10:15:00+05:30,STOP_LOSS,1.0,1.0,False,,,,False,,,,False,,False,False,False,False,False
12,2026-07-10,SELL,2026-07-10 09:50:00+05:30,2026-07-10 09:55:00+05:30,1068.16565,2.734349999999949,1070.9,1062.6969500000002,2026-07-10 10:15:00+05:30,STOP_LOSS,1.25,0.25,False,,,,False,,,,False,,False,False,False,False,False
12,2026-07-10,SELL,2026-07-10 09:50:00+05:30,2026-07-10 09:55:00+05:30,1068.16565,2.734349999999949,1070.9,1062.6969500000002,2026-07-10 10:15:00+05:30,STOP_LOSS,1.25,0.5,False,,,,False,,,,False,,False,False,False,False,False
12,2026-07-10,SELL,2026-07-10 09:50:00+05:30,2026-07-10 09:55:00+05:30,1068.16565,2.734349999999949,1070.9,1062.6969500000002,2026-07-10 10:15:00+05:30,STOP_LOSS,1.25,0.75,False,,,,False,,,,False,,False,False,False,False,False
12,2026-07-10,SELL,2026-07-10 09:50:00+05:30,2026-07-10 09:55:00+05:30,1068.16565,2.734349999999949,1070.9,1062.6969500000002,2026-07-10 10:15:00+05:30,STOP_LOSS,1.25,1.0,False,,,,False,,,,False,,False,False,False,False,False
12,2026-07-10,SELL,2026-07-10 09:50:00+05:30,2026-07-10 09:55:00+05:30,1068.16565,2.734349999999949,1070.9,1062.6969500000002,2026-07-10 10:15:00+05:30,STOP_LOSS,1.5,0.25,False,,,,False,,,,False,,False,False,False,False,False
12,2026-07-10,SELL,2026-07-10 09:50:00+05:30,2026-07-10 09:55:00+05:30,1068.16565,2.734349999999949,1070.9,1062.6969500000002,2026-07-10 10:15:00+05:30,STOP_LOSS,1.5,0.5,False,,,,False,,,,False,,False,False,False,False,False
12,2026-07-10,SELL,2026-07-10 09:50:00+05:30,2026-07-10 09:55:00+05:30,1068.16565,2.734349999999949,1070.9,1062.6969500000002,2026-07-10 10:15:00+05:30,STOP_LOSS,1.5,0.75,False,,,,False,,,,False,,False,False,False,False,False
12,2026-07-10,SELL,2026-07-10 09:50:00+05:30,2026-07-10 09:55:00+05:30,1068.16565,2.734349999999949,1070.9,1062.6969500000002,2026-07-10 10:15:00+05:30,STOP_LOSS,1.5,1.0,False,,,,False,,,,False,,False,False,False,False,False
13,2026-07-10,SELL,2026-07-10 10:20:00+05:30,2026-07-10 10:25:00+05:30,1067.76585,2.534149999999954,1070.3,1062.69755,2026-07-10 10:25:00+05:30,STOP_LOSS,0.5,0.25,False,,,,False,,,,False,,False,False,False,False,False
13,2026-07-10,SELL,2026-07-10 10:20:00+05:30,2026-07-10 10:25:00+05:30,1067.76585,2.534149999999954,1070.3,1062.69755,2026-07-10 10:25:00+05:30,STOP_LOSS,0.5,0.5,False,,,,False,,,,False,,False,False,False,False,False
13,2026-07-10,SELL,2026-07-10 10:20:00+05:30,2026-07-10 10:25:00+05:30,1067.76585,2.534149999999954,1070.3,1062.69755,2026-07-10 10:25:00+05:30,STOP_LOSS,0.5,0.75,False,,,,False,,,,False,,False,False,False,False,False
13,2026-07-10,SELL,2026-07-10 10:20:00+05:30,2026-07-10 10:25:00+05:30,1067.76585,2.534149999999954,1070.3,1062.69755,2026-07-10 10:25:00+05:30,STOP_LOSS,0.5,1.0,False,,,,False,,,,False,,False,False,False,False,False
13,2026-07-10,SELL,2026-07-10 10:20:00+05:30,2026-07-10 10:25:00+05:30,1067.76585,2.534149999999954,1070.3,1062.69755,2026-07-10 10:25:00+05:30,STOP_LOSS,0.75,0.25,False,,,,False,,,,False,,False,False,False,False,False
13,2026-07-10,SELL,2026-07-10 10:20:00+05:30,2026-07-10 10:25:00+05:30,1067.76585,2.534149999999954,1070.3,1062.69755,2026-07-10 10:25:00+05:30,STOP_LOSS,0.75,0.5,False,,,,False,,,,False,,False,False,False,False,False
13,2026-07-10,SELL,2026-07-10 10:20:00+05:30,2026-07-10 10:25:00+05:30,1067.76585,2.534149999999954,1070.3,1062.69755,2026-07-10 10:25:00+05:30,STOP_LOSS,0.75,0.75,False,,,,False,,,,False,,False,False,False,False,False
13,2026-07-10,SELL,2026-07-10 10:20:00+05:30,2026-07-10 10:25:00+05:30,1067.76585,2.534149999999954,1070.3,1062.69755,2026-07-10 10:25:00+05:30,STOP_LOSS,0.75,1.0,False,,,,False,,,,False,,False,False,False,False,False
13,2026-07-10,SELL,2026-07-10 10:20:00+05:30,2026-07-10 10:25:00+05:30,1067.76585,2.534149999999954,1070.3,1062.69755,2026-07-10 10:25:00+05:30,STOP_LOSS,1.0,0.25,False,,,,False,,,,False,,False,False,False,False,False
13,2026-07-10,SELL,2026-07-10 10:20:00+05:30,2026-07-10 10:25:00+05:30,1067.76585,2.534149999999954,1070.3,1062.69755,2026-07-10 10:25:00+05:30,STOP_LOSS,1.0,0.5,False,,,,False,,,,False,,False,False,False,False,False
13,2026-07-10,SELL,2026-07-10 10:20:00+05:30,2026-07-10 10:25:00+05:30,1067.76585,2.534149999999954,1070.3,1062.69755,2026-07-10 10:25:00+05:30,STOP_LOSS,1.0,0.75,False,,,,False,,,,False,,False,False,False,False,False
13,2026-07-10,SELL,2026-07-10 10:20:00+05:30,2026-07-10 10:25:00+05:30,1067.76585,2.534149999999954,1070.3,1062.69755,2026-07-10 10:25:00+05:30,STOP_LOSS,1.0,1.0,False,,,,False,,,,False,,False,False,False,False,False
13,2026-07-10,SELL,2026-07-10 10:20:00+05:30,2026-07-10 10:25:00+05:30,1067.76585,2.534149999999954,1070.3,1062.69755,2026-07-10 10:25:00+05:30,STOP_LOSS,1.25,0.25,False,,,,False,,,,False,,False,False,False,False,False
13,2026-07-10,SELL,2026-07-10 10:20:00+05:30,2026-07-10 10:25:00+05:30,1067.76585,2.534149999999954,1070.3,1062.69755,2026-07-10 10:25:00+05:30,STOP_LOSS,1.25,0.5,False,,,,False,,,,False,,False,False,False,False,False
13,2026-07-10,SELL,2026-07-10 10:20:00+05:30,2026-07-10 10:25:00+05:30,1067.76585,2.534149999999954,1070.3,1062.69755,2026-07-10 10:25:00+05:30,STOP_LOSS,1.25,0.75,False,,,,False,,,,False,,False,False,False,False,False
13,2026-07-10,SELL,2026-07-10 10:20:00+05:30,2026-07-10 10:25:00+05:30,1067.76585,2.534149999999954,1070.3,1062.69755,2026-07-10 10:25:00+05:30,STOP_LOSS,1.25,1.0,False,,,,False,,,,False,,False,False,False,False,False
13,2026-07-10,SELL,2026-07-10 10:20:00+05:30,2026-07-10 10:25:00+05:30,1067.76585,2.534149999999954,1070.3,1062.69755,2026-07-10 10:25:00+05:30,STOP_LOSS,1.5,0.25,False,,,,False,,,,False,,False,False,False,False,False
13,2026-07-10,SELL,2026-07-10 10:20:00+05:30,2026-07-10 10:25:00+05:30,1067.76585,2.534149999999954,1070.3,1062.69755,2026-07-10 10:25:00+05:30,STOP_LOSS,1.5,0.5,False,,,,False,,,,False,,False,False,False,False,False
13,2026-07-10,SELL,2026-07-10 10:20:00+05:30,2026-07-10 10:25:00+05:30,1067.76585,2.534149999999954,1070.3,1062.69755,2026-07-10 10:25:00+05:30,STOP_LOSS,1.5,0.75,False,,,,False,,,,False,,False,False,False,False,False
13,2026-07-10,SELL,2026-07-10 10:20:00+05:30,2026-07-10 10:25:00+05:30,1067.76585,2.534149999999954,1070.3,1062.69755,2026-07-10 10:25:00+05:30,STOP_LOSS,1.5,1.0,False,,,,False,,,,False,,False,False,False,False,False
14,2026-07-10,SELL,2026-07-10 10:30:00+05:30,2026-07-10 10:35:00+05:30,1066.96625,3.433750000000145,1070.4,1060.0987499999997,2026-07-10 10:40:00+05:30,STOP_LOSS,0.5,0.25,False,,,,False,,,,False,,False,False,False,False,False
14,2026-07-10,SELL,2026-07-10 10:30:00+05:30,2026-07-10 10:35:00+05:30,1066.96625,3.433750000000145,1070.4,1060.0987499999997,2026-07-10 10:40:00+05:30,STOP_LOSS,0.5,0.5,False,,,,False,,,,False,,False,False,False,False,False
14,2026-07-10,SELL,2026-07-10 10:30:00+05:30,2026-07-10 10:35:00+05:30,1066.96625,3.433750000000145,1070.4,1060.0987499999997,2026-07-10 10:40:00+05:30,STOP_LOSS,0.5,0.75,False,,,,False,,,,False,,False,False,False,False,False
14,2026-07-10,SELL,2026-07-10 10:30:00+05:30,2026-07-10 10:35:00+05:30,1066.96625,3.433750000000145,1070.4,1060.0987499999997,2026-07-10 10:40:00+05:30,STOP_LOSS,0.5,1.0,False,,,,False,,,,False,,False,False,False,False,False
14,2026-07-10,SELL,2026-07-10 10:30:00+05:30,2026-07-10 10:35:00+05:30,1066.96625,3.433750000000145,1070.4,1060.0987499999997,2026-07-10 10:40:00+05:30,STOP_LOSS,0.75,0.25,False,,,,False,,,,False,,False,False,False,False,False
14,2026-07-10,SELL,2026-07-10 10:30:00+05:30,2026-07-10 10:35:00+05:30,1066.96625,3.433750000000145,1070.4,1060.0987499999997,2026-07-10 10:40:00+05:30,STOP_LOSS,0.75,0.5,False,,,,False,,,,False,,False,False,False,False,False
14,2026-07-10,SELL,2026-07-10 10:30:00+05:30,2026-07-10 10:35:00+05:30,1066.96625,3.433750000000145,1070.4,1060.0987499999997,2026-07-10 10:40:00+05:30,STOP_LOSS,0.75,0.75,False,,,,False,,,,False,,False,False,False,False,False
14,2026-07-10,SELL,2026-07-10 10:30:00+05:30,2026-07-10 10:35:00+05:30,1066.96625,3.433750000000145,1070.4,1060.0987499999997,2026-07-10 10:40:00+05:30,STOP_LOSS,0.75,1.0,False,,,,False,,,,False,,False,False,False,False,False
14,2026-07-10,SELL,2026-07-10 10:30:00+05:30,2026-07-10 10:35:00+05:30,1066.96625,3.433750000000145,1070.4,1060.0987499999997,2026-07-10 10:40:00+05:30,STOP_LOSS,1.0,0.25,False,,,,False,,,,False,,False,False,False,False,False
14,2026-07-10,SELL,2026-07-10 10:30:00+05:30,2026-07-10 10:35:00+05:30,1066.96625,3.433750000000145,1070.4,1060.0987499999997,2026-07-10 10:40:00+05:30,STOP_LOSS,1.0,0.5,False,,,,False,,,,False,,False,False,False,False,False
14,2026-07-10,SELL,2026-07-10 10:30:00+05:30,2026-07-10 10:35:00+05:30,1066.96625,3.433750000000145,1070.4,1060.0987499999997,2026-07-10 10:40:00+05:30,STOP_LOSS,1.0,0.75,False,,,,False,,,,False,,False,False,False,False,False
14,2026-07-10,SELL,2026-07-10 10:30:00+05:30,2026-07-10 10:35:00+05:30,1066.96625,3.433750000000145,1070.4,1060.0987499999997,2026-07-10 10:40:00+05:30,STOP_LOSS,1.0,1.0,False,,,,False,,,,False,,False,False,False,False,False
14,2026-07-10,SELL,2026-07-10 10:30:00+05:30,2026-07-10 10:35:00+05:30,1066.96625,3.433750000000145,1070.4,1060.0987499999997,2026-07-10 10:40:00+05:30,STOP_LOSS,1.25,0.25,False,,,,False,,,,False,,False,False,False,False,False
14,2026-07-10,SELL,2026-07-10 10:30:00+05:30,2026-07-10 10:35:00+05:30,1066.96625,3.433750000000145,1070.4,1060.0987499999997,2026-07-10 10:40:00+05:30,STOP_LOSS,1.25,0.5,False,,,,False,,,,False,,False,False,False,False,False
14,2026-07-10,SELL,2026-07-10 10:30:00+05:30,2026-07-10 10:35:00+05:30,1066.96625,3.433750000000145,1070.4,1060.0987499999997,2026-07-10 10:40:00+05:30,STOP_LOSS,1.25,0.75,False,,,,False,,,,False,,False,False,False,False,False
14,2026-07-10,SELL,2026-07-10 10:30:00+05:30,2026-07-10 10:35:00+05:30,1066.96625,3.433750000000145,1070.4,1060.0987499999997,2026-07-10 10:40:00+05:30,STOP_LOSS,1.25,1.0,False,,,,False,,,,False,,False,False,False,False,False
14,2026-07-10,SELL,2026-07-10 10:30:00+05:30,2026-07-10 10:35:00+05:30,1066.96625,3.433750000000145,1070.4,1060.0987499999997,2026-07-10 10:40:00+05:30,STOP_LOSS,1.5,0.25,False,,,,False,,,,False,,False,False,False,False,False
14,2026-07-10,SELL,2026-07-10 10:30:00+05:30,2026-07-10 10:35:00+05:30,1066.96625,3.433750000000145,1070.4,1060.0987499999997,2026-07-10 10:40:00+05:30,STOP_LOSS,1.5,0.5,False,,,,False,,,,False,,False,False,False,False,False
14,2026-07-10,SELL,2026-07-10 10:30:00+05:30,2026-07-10 10:35:00+05:30,1066.96625,3.433750000000145,1070.4,1060.0987499999997,2026-07-10 10:40:00+05:30,STOP_LOSS,1.5,0.75,False,,,,False,,,,False,,False,False,False,False,False
14,2026-07-10,SELL,2026-07-10 10:30:00+05:30,2026-07-10 10:35:00+05:30,1066.96625,3.433750000000145,1070.4,1060.0987499999997,2026-07-10 10:40:00+05:30,STOP_LOSS,1.5,1.0,False,,,,False,,,,False,,False,False,False,False,False
15,2026-07-10,SELL,2026-07-10 11:50:00+05:30,2026-07-10 11:55:00+05:30,1067.36605,6.333949999999959,1073.7,1054.6981500000002,2026-07-10 13:10:00+05:30,STOP_LOSS,0.5,0.25,False,,,,False,,,,False,,False,False,False,False,False
15,2026-07-10,SELL,2026-07-10 11:50:00+05:30,2026-07-10 11:55:00+05:30,1067.36605,6.333949999999959,1073.7,1054.6981500000002,2026-07-10 13:10:00+05:30,STOP_LOSS,0.5,0.5,False,,,,False,,,,False,,False,False,False,False,False
15,2026-07-10,SELL,2026-07-10 11:50:00+05:30,2026-07-10 11:55:00+05:30,1067.36605,6.333949999999959,1073.7,1054.6981500000002,2026-07-10 13:10:00+05:30,STOP_LOSS,0.5,0.75,False,,,,False,,,,False,,False,False,False,False,False
15,2026-07-10,SELL,2026-07-10 11:50:00+05:30,2026-07-10 11:55:00+05:30,1067.36605,6.333949999999959,1073.7,1054.6981500000002,2026-07-10 13:10:00+05:30,STOP_LOSS,0.5,1.0,False,,,,False,,,,False,,False,False,False,False,False
15,2026-07-10,SELL,2026-07-10 11:50:00+05:30,2026-07-10 11:55:00+05:30,1067.36605,6.333949999999959,1073.7,1054.6981500000002,2026-07-10 13:10:00+05:30,STOP_LOSS,0.75,0.25,False,,,,False,,,,False,,False,False,False,False,False
15,2026-07-10,SELL,2026-07-10 11:50:00+05:30,2026-07-10 11:55:00+05:30,1067.36605,6.333949999999959,1073.7,1054.6981500000002,2026-07-10 13:10:00+05:30,STOP_LOSS,0.75,0.5,False,,,,False,,,,False,,False,False,False,False,False
15,2026-07-10,SELL,2026-07-10 11:50:00+05:30,2026-07-10 11:55:00+05:30,1067.36605,6.333949999999959,1073.7,1054.6981500000002,2026-07-10 13:10:00+05:30,STOP_LOSS,0.75,0.75,False,,,,False,,,,False,,False,False,False,False,False
15,2026-07-10,SELL,2026-07-10 11:50:00+05:30,2026-07-10 11:55:00+05:30,1067.36605,6.333949999999959,1073.7,1054.6981500000002,2026-07-10 13:10:00+05:30,STOP_LOSS,0.75,1.0,False,,,,False,,,,False,,False,False,False,False,False
15,2026-07-10,SELL,2026-07-10 11:50:00+05:30,2026-07-10 11:55:00+05:30,1067.36605,6.333949999999959,1073.7,1054.6981500000002,2026-07-10 13:10:00+05:30,STOP_LOSS,1.0,0.25,False,,,,False,,,,False,,False,False,False,False,False
15,2026-07-10,SELL,2026-07-10 11:50:00+05:30,2026-07-10 11:55:00+05:30,1067.36605,6.333949999999959,1073.7,1054.6981500000002,2026-07-10 13:10:00+05:30,STOP_LOSS,1.0,0.5,False,,,,False,,,,False,,False,False,False,False,False
15,2026-07-10,SELL,2026-07-10 11:50:00+05:30,2026-07-10 11:55:00+05:30,1067.36605,6.333949999999959,1073.7,1054.6981500000002,2026-07-10 13:10:00+05:30,STOP_LOSS,1.0,0.75,False,,,,False,,,,False,,False,False,False,False,False
15,2026-07-10,SELL,2026-07-10 11:50:00+05:30,2026-07-10 11:55:00+05:30,1067.36605,6.333949999999959,1073.7,1054.6981500000002,2026-07-10 13:10:00+05:30,STOP_LOSS,1.0,1.0,False,,,,False,,,,False,,False,False,False,False,False
15,2026-07-10,SELL,2026-07-10 11:50:00+05:30,2026-07-10 11:55:00+05:30,1067.36605,6.333949999999959,1073.7,1054.6981500000002,2026-07-10 13:10:00+05:30,STOP_LOSS,1.25,0.25,False,,,,False,,,,False,,False,False,False,False,False
15,2026-07-10,SELL,2026-07-10 11:50:00+05:30,2026-07-10 11:55:00+05:30,1067.36605,6.333949999999959,1073.7,1054.6981500000002,2026-07-10 13:10:00+05:30,STOP_LOSS,1.25,0.5,False,,,,False,,,,False,,False,False,False,False,False
15,2026-07-10,SELL,2026-07-10 11:50:00+05:30,2026-07-10 11:55:00+05:30,1067.36605,6.333949999999959,1073.7,1054.6981500000002,2026-07-10 13:10:00+05:30,STOP_LOSS,1.25,0.75,False,,,,False,,,,False,,False,False,False,False,False
15,2026-07-10,SELL,2026-07-10 11:50:00+05:30,2026-07-10 11:55:00+05:30,1067.36605,6.333949999999959,1073.7,1054.6981500000002,2026-07-10 13:10:00+05:30,STOP_LOSS,1.25,1.0,False,,,,False,,,,False,,False,False,False,False,False
15,2026-07-10,SELL,2026-07-10 11:50:00+05:30,2026-07-10 11:55:00+05:30,1067.36605,6.333949999999959,1073.7,1054.6981500000002,2026-07-10 13:10:00+05:30,STOP_LOSS,1.5,0.25,False,,,,False,,,,False,,False,False,False,False,False
15,2026-07-10,SELL,2026-07-10 11:50:00+05:30,2026-07-10 11:55:00+05:30,1067.36605,6.333949999999959,1073.7,1054.6981500000002,2026-07-10 13:10:00+05:30,STOP_LOSS,1.5,0.5,False,,,,False,,,,False,,False,False,False,False,False
15,2026-07-10,SELL,2026-07-10 11:50:00+05:30,2026-07-10 11:55:00+05:30,1067.36605,6.333949999999959,1073.7,1054.6981500000002,2026-07-10 13:10:00+05:30,STOP_LOSS,1.5,0.75,False,,,,False,,,,False,,False,False,False,False,False
15,2026-07-10,SELL,2026-07-10 11:50:00+05:30,2026-07-10 11:55:00+05:30,1067.36605,6.333949999999959,1073.7,1054.6981500000002,2026-07-10 13:10:00+05:30,STOP_LOSS,1.5,1.0,False,,,,False,,,,False,,False,False,False,False,False
16,2026-07-10,SELL,2026-07-10 14:45:00+05:30,2026-07-10 14:50:00+05:30,1067.96575,1.3342499999998836,1069.3,1065.2972500000003,2026-07-10 15:05:00+05:30,STOP_LOSS,0.5,0.25,True,2026-07-10 14:50:00+05:30,1065.5,1.8480419711450524,True,2026-07-10 15:05:00+05:30,1065.8335625,0.25,False,,False,False,False,False,False
16,2026-07-10,SELL,2026-07-10 14:45:00+05:30,2026-07-10 14:50:00+05:30,1067.96575,1.3342499999998836,1069.3,1065.2972500000003,2026-07-10 15:05:00+05:30,STOP_LOSS,0.5,0.5,True,2026-07-10 14:50:00+05:30,1065.5,1.8480419711450524,True,2026-07-10 15:05:00+05:30,1066.167125,0.5,False,,False,False,False,False,False
16,2026-07-10,SELL,2026-07-10 14:45:00+05:30,2026-07-10 14:50:00+05:30,1067.96575,1.3342499999998836,1069.3,1065.2972500000003,2026-07-10 15:05:00+05:30,STOP_LOSS,0.5,0.75,True,2026-07-10 14:50:00+05:30,1065.5,1.8480419711450524,True,2026-07-10 15:05:00+05:30,1066.5006875,0.75,False,,False,False,False,False,False
16,2026-07-10,SELL,2026-07-10 14:45:00+05:30,2026-07-10 14:50:00+05:30,1067.96575,1.3342499999998836,1069.3,1065.2972500000003,2026-07-10 15:05:00+05:30,STOP_LOSS,0.5,1.0,True,2026-07-10 14:50:00+05:30,1065.5,1.8480419711450524,True,2026-07-10 15:05:00+05:30,1066.8342499999999,1.0,False,,False,False,False,False,False
16,2026-07-10,SELL,2026-07-10 14:45:00+05:30,2026-07-10 14:50:00+05:30,1067.96575,1.3342499999998836,1069.3,1065.2972500000003,2026-07-10 15:05:00+05:30,STOP_LOSS,0.75,0.25,True,2026-07-10 14:55:00+05:30,1065.5,1.8480419711450524,True,2026-07-10 15:05:00+05:30,1065.8335625,0.25,False,,False,False,False,False,False
16,2026-07-10,SELL,2026-07-10 14:45:00+05:30,2026-07-10 14:50:00+05:30,1067.96575,1.3342499999998836,1069.3,1065.2972500000003,2026-07-10 15:05:00+05:30,STOP_LOSS,0.75,0.5,True,2026-07-10 14:55:00+05:30,1065.5,1.8480419711450524,True,2026-07-10 15:05:00+05:30,1066.167125,0.5,False,,False,False,False,False,False
16,2026-07-10,SELL,2026-07-10 14:45:00+05:30,2026-07-10 14:50:00+05:30,1067.96575,1.3342499999998836,1069.3,1065.2972500000003,2026-07-10 15:05:00+05:30,STOP_LOSS,0.75,0.75,True,2026-07-10 14:55:00+05:30,1065.5,1.8480419711450524,True,2026-07-10 15:05:00+05:30,1066.5006875,0.75,False,,False,False,False,False,False
16,2026-07-10,SELL,2026-07-10 14:45:00+05:30,2026-07-10 14:50:00+05:30,1067.96575,1.3342499999998836,1069.3,1065.2972500000003,2026-07-10 15:05:00+05:30,STOP_LOSS,0.75,1.0,True,2026-07-10 14:55:00+05:30,1065.5,1.8480419711450524,True,2026-07-10 15:05:00+05:30,1066.8342499999999,1.0,False,,False,False,False,False,False
16,2026-07-10,SELL,2026-07-10 14:45:00+05:30,2026-07-10 14:50:00+05:30,1067.96575,1.3342499999998836,1069.3,1065.2972500000003,2026-07-10 15:05:00+05:30,STOP_LOSS,1.0,0.25,True,2026-07-10 15:00:00+05:30,1065.5,1.8480419711450524,True,2026-07-10 15:05:00+05:30,1065.8335625,0.25,False,,False,False,False,False,False
16,2026-07-10,SELL,2026-07-10 14:45:00+05:30,2026-07-10 14:50:00+05:30,1067.96575,1.3342499999998836,1069.3,1065.2972500000003,2026-07-10 15:05:00+05:30,STOP_LOSS,1.0,0.5,True,2026-07-10 15:00:00+05:30,1065.5,1.8480419711450524,True,2026-07-10 15:05:00+05:30,1066.167125,0.5,False,,False,False,False,False,False
16,2026-07-10,SELL,2026-07-10 14:45:00+05:30,2026-07-10 14:50:00+05:30,1067.96575,1.3342499999998836,1069.3,1065.2972500000003,2026-07-10 15:05:00+05:30,STOP_LOSS,1.0,0.75,True,2026-07-10 15:00:00+05:30,1065.5,1.8480419711450524,True,2026-07-10 15:05:00+05:30,1066.5006875,0.75,False,,False,False,False,False,False
16,2026-07-10,SELL,2026-07-10 14:45:00+05:30,2026-07-10 14:50:00+05:30,1067.96575,1.3342499999998836,1069.3,1065.2972500000003,2026-07-10 15:05:00+05:30,STOP_LOSS,1.0,1.0,True,2026-07-10 15:00:00+05:30,1065.5,1.8480419711450524,True,2026-07-10 15:05:00+05:30,1066.8342499999999,1.0,False,,False,False,False,False,False
16,2026-07-10,SELL,2026-07-10 14:45:00+05:30,2026-07-10 14:50:00+05:30,1067.96575,1.3342499999998836,1069.3,1065.2972500000003,2026-07-10 15:05:00+05:30,STOP_LOSS,1.25,0.25,True,2026-07-10 15:00:00+05:30,1065.5,1.8480419711450524,True,2026-07-10 15:05:00+05:30,1065.8335625,0.25,False,,False,False,False,False,False
16,2026-07-10,SELL,2026-07-10 14:45:00+05:30,2026-07-10 14:50:00+05:30,1067.96575,1.3342499999998836,1069.3,1065.2972500000003,2026-07-10 15:05:00+05:30,STOP_LOSS,1.25,0.5,True,2026-07-10 15:00:00+05:30,1065.5,1.8480419711450524,True,2026-07-10 15:05:00+05:30,1066.167125,0.5,False,,False,False,False,False,False
16,2026-07-10,SELL,2026-07-10 14:45:00+05:30,2026-07-10 14:50:00+05:30,1067.96575,1.3342499999998836,1069.3,1065.2972500000003,2026-07-10 15:05:00+05:30,STOP_LOSS,1.25,0.75,True,2026-07-10 15:00:00+05:30,1065.5,1.8480419711450524,True,2026-07-10 15:05:00+05:30,1066.5006875,0.75,False,,False,False,False,False,False
16,2026-07-10,SELL,2026-07-10 14:45:00+05:30,2026-07-10 14:50:00+05:30,1067.96575,1.3342499999998836,1069.3,1065.2972500000003,2026-07-10 15:05:00+05:30,STOP_LOSS,1.25,1.0,True,2026-07-10 15:00:00+05:30,1065.5,1.8480419711450524,True,2026-07-10 15:05:00+05:30,1066.8342499999999,1.0,False,,False,False,False,False,False
16,2026-07-10,SELL,2026-07-10 14:45:00+05:30,2026-07-10 14:50:00+05:30,1067.96575,1.3342499999998836,1069.3,1065.2972500000003,2026-07-10 15:05:00+05:30,STOP_LOSS,1.5,0.25,True,2026-07-10 15:00:00+05:30,1065.5,1.8480419711450524,True,2026-07-10 15:05:00+05:30,1065.8335625,0.25,False,,False,False,False,False,False
16,2026-07-10,SELL,2026-07-10 14:45:00+05:30,2026-07-10 14:50:00+05:30,1067.96575,1.3342499999998836,1069.3,1065.2972500000003,2026-07-10 15:05:00+05:30,STOP_LOSS,1.5,0.5,True,2026-07-10 15:00:00+05:30,1065.5,1.8480419711450524,True,2026-07-10 15:05:00+05:30,1066.167125,0.5,False,,False,False,False,False,False
16,2026-07-10,SELL,2026-07-10 14:45:00+05:30,2026-07-10 14:50:00+05:30,1067.96575,1.3342499999998836,1069.3,1065.2972500000003,2026-07-10 15:05:00+05:30,STOP_LOSS,1.5,0.75,True,2026-07-10 15:00:00+05:30,1065.5,1.8480419711450524,True,2026-07-10 15:05:00+05:30,1066.5006875,0.75,False,,False,False,False,False,False
16,2026-07-10,SELL,2026-07-10 14:45:00+05:30,2026-07-10 14:50:00+05:30,1067.96575,1.3342499999998836,1069.3,1065.2972500000003,2026-07-10 15:05:00+05:30,STOP_LOSS,1.5,1.0,True,2026-07-10 15:00:00+05:30,1065.5,1.8480419711450524,True,2026-07-10 15:05:00+05:30,1066.8342499999999,1.0,False,,False,False,False,False,False
17,2026-07-13,BUY,2026-07-13 10:40:00+05:30,2026-07-13 10:45:00+05:30,1075.5375,5.037499999999909,1070.5,1085.6124999999995,2026-07-13 11:10:00+05:30,TARGET,0.5,0.25,True,2026-07-13 10:45:00+05:30,1085.9,2.05707196029784,True,2026-07-13 10:55:00+05:30,1080.740625,0.25,False,,False,False,False,False,False
17,2026-07-13,BUY,2026-07-13 10:40:00+05:30,2026-07-13 10:45:00+05:30,1075.5375,5.037499999999909,1070.5,1085.6124999999995,2026-07-13 11:10:00+05:30,TARGET,0.5,0.5,True,2026-07-13 10:45:00+05:30,1085.9,2.05707196029784,True,2026-07-13 10:55:00+05:30,1079.48125,0.5,False,,False,False,False,False,False
17,2026-07-13,BUY,2026-07-13 10:40:00+05:30,2026-07-13 10:45:00+05:30,1075.5375,5.037499999999909,1070.5,1085.6124999999995,2026-07-13 11:10:00+05:30,TARGET,0.5,0.75,True,2026-07-13 10:45:00+05:30,1085.9,2.05707196029784,True,2026-07-13 11:05:00+05:30,1078.2218750000002,0.75,False,,False,False,False,False,False
17,2026-07-13,BUY,2026-07-13 10:40:00+05:30,2026-07-13 10:45:00+05:30,1075.5375,5.037499999999909,1070.5,1085.6124999999995,2026-07-13 11:10:00+05:30,TARGET,0.5,1.0,True,2026-07-13 10:45:00+05:30,1085.9,2.05707196029784,False,,,,False,,False,False,False,False,False
17,2026-07-13,BUY,2026-07-13 10:40:00+05:30,2026-07-13 10:45:00+05:30,1075.5375,5.037499999999909,1070.5,1085.6124999999995,2026-07-13 11:10:00+05:30,TARGET,0.75,0.25,True,2026-07-13 10:45:00+05:30,1085.9,2.05707196029784,True,2026-07-13 10:55:00+05:30,1080.740625,0.25,False,,False,False,False,False,False
17,2026-07-13,BUY,2026-07-13 10:40:00+05:30,2026-07-13 10:45:00+05:30,1075.5375,5.037499999999909,1070.5,1085.6124999999995,2026-07-13 11:10:00+05:30,TARGET,0.75,0.5,True,2026-07-13 10:45:00+05:30,1085.9,2.05707196029784,True,2026-07-13 10:55:00+05:30,1079.48125,0.5,False,,False,False,False,False,False
17,2026-07-13,BUY,2026-07-13 10:40:00+05:30,2026-07-13 10:45:00+05:30,1075.5375,5.037499999999909,1070.5,1085.6124999999995,2026-07-13 11:10:00+05:30,TARGET,0.75,0.75,True,2026-07-13 10:45:00+05:30,1085.9,2.05707196029784,True,2026-07-13 11:05:00+05:30,1078.2218750000002,0.75,False,,False,False,False,False,False
17,2026-07-13,BUY,2026-07-13 10:40:00+05:30,2026-07-13 10:45:00+05:30,1075.5375,5.037499999999909,1070.5,1085.6124999999995,2026-07-13 11:10:00+05:30,TARGET,0.75,1.0,True,2026-07-13 10:45:00+05:30,1085.9,2.05707196029784,False,,,,False,,False,False,False,False,False
17,2026-07-13,BUY,2026-07-13 10:40:00+05:30,2026-07-13 10:45:00+05:30,1075.5375,5.037499999999909,1070.5,1085.6124999999995,2026-07-13 11:10:00+05:30,TARGET,1.0,0.25,True,2026-07-13 10:45:00+05:30,1085.9,2.05707196029784,True,2026-07-13 10:55:00+05:30,1080.740625,0.25,False,,False,False,False,False,False
17,2026-07-13,BUY,2026-07-13 10:40:00+05:30,2026-07-13 10:45:00+05:30,1075.5375,5.037499999999909,1070.5,1085.6124999999995,2026-07-13 11:10:00+05:30,TARGET,1.0,0.5,True,2026-07-13 10:45:00+05:30,1085.9,2.05707196029784,True,2026-07-13 10:55:00+05:30,1079.48125,0.5,False,,False,False,False,False,False
17,2026-07-13,BUY,2026-07-13 10:40:00+05:30,2026-07-13 10:45:00+05:30,1075.5375,5.037499999999909,1070.5,1085.6124999999995,2026-07-13 11:10:00+05:30,TARGET,1.0,0.75,True,2026-07-13 10:45:00+05:30,1085.9,2.05707196029784,True,2026-07-13 11:05:00+05:30,1078.2218750000002,0.75,False,,False,False,False,False,False
17,2026-07-13,BUY,2026-07-13 10:40:00+05:30,2026-07-13 10:45:00+05:30,1075.5375,5.037499999999909,1070.5,1085.6124999999995,2026-07-13 11:10:00+05:30,TARGET,1.0,1.0,True,2026-07-13 10:45:00+05:30,1085.9,2.05707196029784,False,,,,False,,False,False,False,False,False
17,2026-07-13,BUY,2026-07-13 10:40:00+05:30,2026-07-13 10:45:00+05:30,1075.5375,5.037499999999909,1070.5,1085.6124999999995,2026-07-13 11:10:00+05:30,TARGET,1.25,0.25,True,2026-07-13 10:50:00+05:30,1085.9,2.05707196029784,True,2026-07-13 10:55:00+05:30,1080.740625,0.25,False,,False,False,False,False,False
17,2026-07-13,BUY,2026-07-13 10:40:00+05:30,2026-07-13 10:45:00+05:30,1075.5375,5.037499999999909,1070.5,1085.6124999999995,2026-07-13 11:10:00+05:30,TARGET,1.25,0.5,True,2026-07-13 10:50:00+05:30,1085.9,2.05707196029784,True,2026-07-13 10:55:00+05:30,1079.48125,0.5,False,,False,False,False,False,False
17,2026-07-13,BUY,2026-07-13 10:40:00+05:30,2026-07-13 10:45:00+05:30,1075.5375,5.037499999999909,1070.5,1085.6124999999995,2026-07-13 11:10:00+05:30,TARGET,1.25,0.75,True,2026-07-13 10:50:00+05:30,1085.9,2.05707196029784,True,2026-07-13 11:05:00+05:30,1078.2218750000002,0.75,False,,False,False,False,False,False
17,2026-07-13,BUY,2026-07-13 10:40:00+05:30,2026-07-13 10:45:00+05:30,1075.5375,5.037499999999909,1070.5,1085.6124999999995,2026-07-13 11:10:00+05:30,TARGET,1.25,1.0,True,2026-07-13 10:50:00+05:30,1085.9,2.05707196029784,False,,,,False,,False,False,False,False,False
17,2026-07-13,BUY,2026-07-13 10:40:00+05:30,2026-07-13 10:45:00+05:30,1075.5375,5.037499999999909,1070.5,1085.6124999999995,2026-07-13 11:10:00+05:30,TARGET,1.5,0.25,True,2026-07-13 11:10:00+05:30,1085.9,2.05707196029784,False,,,,False,,False,False,False,False,False
17,2026-07-13,BUY,2026-07-13 10:40:00+05:30,2026-07-13 10:45:00+05:30,1075.5375,5.037499999999909,1070.5,1085.6124999999995,2026-07-13 11:10:00+05:30,TARGET,1.5,0.5,True,2026-07-13 11:10:00+05:30,1085.9,2.05707196029784,False,,,,False,,False,False,False,False,False
17,2026-07-13,BUY,2026-07-13 10:40:00+05:30,2026-07-13 10:45:00+05:30,1075.5375,5.037499999999909,1070.5,1085.6124999999995,2026-07-13 11:10:00+05:30,TARGET,1.5,0.75,True,2026-07-13 11:10:00+05:30,1085.9,2.05707196029784,False,,,,False,,False,False,False,False,False
17,2026-07-13,BUY,2026-07-13 10:40:00+05:30,2026-07-13 10:45:00+05:30,1075.5375,5.037499999999909,1070.5,1085.6124999999995,2026-07-13 11:10:00+05:30,TARGET,1.5,1.0,True,2026-07-13 11:10:00+05:30,1085.9,2.05707196029784,False,,,,False,,False,False,False,False,False
18,2026-07-14,SELL,2026-07-14 09:30:00+05:30,2026-07-14 09:35:00+05:30,1101.74885,4.951150000000098,1106.7,1091.8465499999998,2026-07-14 10:15:00+05:30,TARGET,0.5,0.25,True,2026-07-14 09:35:00+05:30,1091.7,2.029599184027893,True,2026-07-14 09:40:00+05:30,1099.2377875,0.25,False,,False,False,False,False,False
18,2026-07-14,SELL,2026-07-14 09:30:00+05:30,2026-07-14 09:35:00+05:30,1101.74885,4.951150000000098,1106.7,1091.8465499999998,2026-07-14 10:15:00+05:30,TARGET,0.5,0.5,True,2026-07-14 09:35:00+05:30,1091.7,2.029599184027893,True,2026-07-14 09:40:00+05:30,1100.475575,0.5,False,,False,False,False,False,False
18,2026-07-14,SELL,2026-07-14 09:30:00+05:30,2026-07-14 09:35:00+05:30,1101.74885,4.951150000000098,1106.7,1091.8465499999998,2026-07-14 10:15:00+05:30,TARGET,0.5,0.75,True,2026-07-14 09:35:00+05:30,1091.7,2.029599184027893,False,,,,False,,False,False,False,False,False
18,2026-07-14,SELL,2026-07-14 09:30:00+05:30,2026-07-14 09:35:00+05:30,1101.74885,4.951150000000098,1106.7,1091.8465499999998,2026-07-14 10:15:00+05:30,TARGET,0.5,1.0,True,2026-07-14 09:35:00+05:30,1091.7,2.029599184027893,False,,,,False,,False,False,False,False,False
18,2026-07-14,SELL,2026-07-14 09:30:00+05:30,2026-07-14 09:35:00+05:30,1101.74885,4.951150000000098,1106.7,1091.8465499999998,2026-07-14 10:15:00+05:30,TARGET,0.75,0.25,True,2026-07-14 09:35:00+05:30,1091.7,2.029599184027893,True,2026-07-14 09:40:00+05:30,1099.2377875,0.25,False,,False,False,False,False,False
18,2026-07-14,SELL,2026-07-14 09:30:00+05:30,2026-07-14 09:35:00+05:30,1101.74885,4.951150000000098,1106.7,1091.8465499999998,2026-07-14 10:15:00+05:30,TARGET,0.75,0.5,True,2026-07-14 09:35:00+05:30,1091.7,2.029599184027893,True,2026-07-14 09:40:00+05:30,1100.475575,0.5,False,,False,False,False,False,False
18,2026-07-14,SELL,2026-07-14 09:30:00+05:30,2026-07-14 09:35:00+05:30,1101.74885,4.951150000000098,1106.7,1091.8465499999998,2026-07-14 10:15:00+05:30,TARGET,0.75,0.75,True,2026-07-14 09:35:00+05:30,1091.7,2.029599184027893,False,,,,False,,False,False,False,False,False
18,2026-07-14,SELL,2026-07-14 09:30:00+05:30,2026-07-14 09:35:00+05:30,1101.74885,4.951150000000098,1106.7,1091.8465499999998,2026-07-14 10:15:00+05:30,TARGET,0.75,1.0,True,2026-07-14 09:35:00+05:30,1091.7,2.029599184027893,False,,,,False,,False,False,False,False,False
18,2026-07-14,SELL,2026-07-14 09:30:00+05:30,2026-07-14 09:35:00+05:30,1101.74885,4.951150000000098,1106.7,1091.8465499999998,2026-07-14 10:15:00+05:30,TARGET,1.0,0.25,True,2026-07-14 09:55:00+05:30,1091.7,2.029599184027893,True,2026-07-14 10:10:00+05:30,1095.0377875,0.25,False,,False,False,False,False,False
18,2026-07-14,SELL,2026-07-14 09:30:00+05:30,2026-07-14 09:35:00+05:30,1101.74885,4.951150000000098,1106.7,1091.8465499999998,2026-07-14 10:15:00+05:30,TARGET,1.0,0.5,True,2026-07-14 09:55:00+05:30,1091.7,2.029599184027893,True,2026-07-14 10:10:00+05:30,1096.2755750000001,0.5,False,,False,False,False,False,False
18,2026-07-14,SELL,2026-07-14 09:30:00+05:30,2026-07-14 09:35:00+05:30,1101.74885,4.951150000000098,1106.7,1091.8465499999998,2026-07-14 10:15:00+05:30,TARGET,1.0,0.75,True,2026-07-14 09:55:00+05:30,1091.7,2.029599184027893,False,,,,False,,False,False,False,False,False
18,2026-07-14,SELL,2026-07-14 09:30:00+05:30,2026-07-14 09:35:00+05:30,1101.74885,4.951150000000098,1106.7,1091.8465499999998,2026-07-14 10:15:00+05:30,TARGET,1.0,1.0,True,2026-07-14 09:55:00+05:30,1091.7,2.029599184027893,False,,,,False,,False,False,False,False,False
18,2026-07-14,SELL,2026-07-14 09:30:00+05:30,2026-07-14 09:35:00+05:30,1101.74885,4.951150000000098,1106.7,1091.8465499999998,2026-07-14 10:15:00+05:30,TARGET,1.25,0.25,True,2026-07-14 09:55:00+05:30,1091.7,2.029599184027893,True,2026-07-14 10:10:00+05:30,1095.0377875,0.25,False,,False,False,False,False,False
18,2026-07-14,SELL,2026-07-14 09:30:00+05:30,2026-07-14 09:35:00+05:30,1101.74885,4.951150000000098,1106.7,1091.8465499999998,2026-07-14 10:15:00+05:30,TARGET,1.25,0.5,True,2026-07-14 09:55:00+05:30,1091.7,2.029599184027893,True,2026-07-14 10:10:00+05:30,1096.2755750000001,0.5,False,,False,False,False,False,False
18,2026-07-14,SELL,2026-07-14 09:30:00+05:30,2026-07-14 09:35:00+05:30,1101.74885,4.951150000000098,1106.7,1091.8465499999998,2026-07-14 10:15:00+05:30,TARGET,1.25,0.75,True,2026-07-14 09:55:00+05:30,1091.7,2.029599184027893,False,,,,False,,False,False,False,False,False
18,2026-07-14,SELL,2026-07-14 09:30:00+05:30,2026-07-14 09:35:00+05:30,1101.74885,4.951150000000098,1106.7,1091.8465499999998,2026-07-14 10:15:00+05:30,TARGET,1.25,1.0,True,2026-07-14 09:55:00+05:30,1091.7,2.029599184027893,False,,,,False,,False,False,False,False,False
18,2026-07-14,SELL,2026-07-14 09:30:00+05:30,2026-07-14 09:35:00+05:30,1101.74885,4.951150000000098,1106.7,1091.8465499999998,2026-07-14 10:15:00+05:30,TARGET,1.5,0.25,True,2026-07-14 10:00:00+05:30,1091.7,2.029599184027893,True,2026-07-14 10:10:00+05:30,1095.0377875,0.25,False,,False,False,False,False,False
18,2026-07-14,SELL,2026-07-14 09:30:00+05:30,2026-07-14 09:35:00+05:30,1101.74885,4.951150000000098,1106.7,1091.8465499999998,2026-07-14 10:15:00+05:30,TARGET,1.5,0.5,True,2026-07-14 10:00:00+05:30,1091.7,2.029599184027893,True,2026-07-14 10:10:00+05:30,1096.2755750000001,0.5,False,,False,False,False,False,False
18,2026-07-14,SELL,2026-07-14 09:30:00+05:30,2026-07-14 09:35:00+05:30,1101.74885,4.951150000000098,1106.7,1091.8465499999998,2026-07-14 10:15:00+05:30,TARGET,1.5,0.75,True,2026-07-14 10:00:00+05:30,1091.7,2.029599184027893,False,,,,False,,False,False,False,False,False
18,2026-07-14,SELL,2026-07-14 09:30:00+05:30,2026-07-14 09:35:00+05:30,1101.74885,4.951150000000098,1106.7,1091.8465499999998,2026-07-14 10:15:00+05:30,TARGET,1.5,1.0,True,2026-07-14 10:00:00+05:30,1091.7,2.029599184027893,False,,,,False,,False,False,False,False,False
19,2026-07-14,SELL,2026-07-14 10:40:00+05:30,2026-07-14 10:45:00+05:30,1099.6499,5.350099999999884,1105.0,1088.9497000000003,2026-07-14 13:55:00+05:30,STOP_LOSS,0.5,0.25,True,2026-07-14 10:45:00+05:30,1090.0,1.8036859124128704,True,2026-07-14 10:50:00+05:30,1097.837525,0.25,False,,False,False,False,False,False
19,2026-07-14,SELL,2026-07-14 10:40:00+05:30,2026-07-14 10:45:00+05:30,1099.6499,5.350099999999884,1105.0,1088.9497000000003,2026-07-14 13:55:00+05:30,STOP_LOSS,0.5,0.5,True,2026-07-14 10:45:00+05:30,1090.0,1.8036859124128704,True,2026-07-14 10:50:00+05:30,1099.1750499999998,0.5,False,,False,False,False,False,False
19,2026-07-14,SELL,2026-07-14 10:40:00+05:30,2026-07-14 10:45:00+05:30,1099.6499,5.350099999999884,1105.0,1088.9497000000003,2026-07-14 13:55:00+05:30,STOP_LOSS,0.5,0.75,True,2026-07-14 10:45:00+05:30,1090.0,1.8036859124128704,True,2026-07-14 10:55:00+05:30,1100.512575,0.75,False,,False,False,False,False,False
19,2026-07-14,SELL,2026-07-14 10:40:00+05:30,2026-07-14 10:45:00+05:30,1099.6499,5.350099999999884,1105.0,1088.9497000000003,2026-07-14 13:55:00+05:30,STOP_LOSS,0.5,1.0,True,2026-07-14 10:45:00+05:30,1090.0,1.8036859124128704,True,2026-07-14 11:00:00+05:30,1101.8500999999999,1.0,False,,False,False,False,False,False
19,2026-07-14,SELL,2026-07-14 10:40:00+05:30,2026-07-14 10:45:00+05:30,1099.6499,5.350099999999884,1105.0,1088.9497000000003,2026-07-14 13:55:00+05:30,STOP_LOSS,0.75,0.25,True,2026-07-14 12:05:00+05:30,1090.0,1.8036859124128704,True,2026-07-14 12:20:00+05:30,1094.537525,0.25,False,,False,False,False,False,False
19,2026-07-14,SELL,2026-07-14 10:40:00+05:30,2026-07-14 10:45:00+05:30,1099.6499,5.350099999999884,1105.0,1088.9497000000003,2026-07-14 13:55:00+05:30,STOP_LOSS,0.75,0.5,True,2026-07-14 12:05:00+05:30,1090.0,1.8036859124128704,True,2026-07-14 12:20:00+05:30,1095.87505,0.5,False,,False,False,False,False,False
19,2026-07-14,SELL,2026-07-14 10:40:00+05:30,2026-07-14 10:45:00+05:30,1099.6499,5.350099999999884,1105.0,1088.9497000000003,2026-07-14 13:55:00+05:30,STOP_LOSS,0.75,0.75,True,2026-07-14 12:05:00+05:30,1090.0,1.8036859124128704,True,2026-07-14 12:55:00+05:30,1095.1125749999999,0.75,False,,False,False,False,False,False
19,2026-07-14,SELL,2026-07-14 10:40:00+05:30,2026-07-14 10:45:00+05:30,1099.6499,5.350099999999884,1105.0,1088.9497000000003,2026-07-14 13:55:00+05:30,STOP_LOSS,0.75,1.0,True,2026-07-14 12:05:00+05:30,1090.0,1.8036859124128704,True,2026-07-14 13:55:00+05:30,1095.3500999999999,1.0,False,,False,False,False,False,False
19,2026-07-14,SELL,2026-07-14 10:40:00+05:30,2026-07-14 10:45:00+05:30,1099.6499,5.350099999999884,1105.0,1088.9497000000003,2026-07-14 13:55:00+05:30,STOP_LOSS,1.0,0.25,True,2026-07-14 12:05:00+05:30,1090.0,1.8036859124128704,True,2026-07-14 12:20:00+05:30,1094.537525,0.25,False,,False,False,False,False,False
19,2026-07-14,SELL,2026-07-14 10:40:00+05:30,2026-07-14 10:45:00+05:30,1099.6499,5.350099999999884,1105.0,1088.9497000000003,2026-07-14 13:55:00+05:30,STOP_LOSS,1.0,0.5,True,2026-07-14 12:05:00+05:30,1090.0,1.8036859124128704,True,2026-07-14 12:20:00+05:30,1095.87505,0.5,False,,False,False,False,False,False
19,2026-07-14,SELL,2026-07-14 10:40:00+05:30,2026-07-14 10:45:00+05:30,1099.6499,5.350099999999884,1105.0,1088.9497000000003,2026-07-14 13:55:00+05:30,STOP_LOSS,1.0,0.75,True,2026-07-14 12:05:00+05:30,1090.0,1.8036859124128704,True,2026-07-14 12:55:00+05:30,1095.1125749999999,0.75,False,,False,False,False,False,False
19,2026-07-14,SELL,2026-07-14 10:40:00+05:30,2026-07-14 10:45:00+05:30,1099.6499,5.350099999999884,1105.0,1088.9497000000003,2026-07-14 13:55:00+05:30,STOP_LOSS,1.0,1.0,True,2026-07-14 12:05:00+05:30,1090.0,1.8036859124128704,True,2026-07-14 13:55:00+05:30,1095.3500999999999,1.0,False,,False,False,False,False,False
19,2026-07-14,SELL,2026-07-14 10:40:00+05:30,2026-07-14 10:45:00+05:30,1099.6499,5.350099999999884,1105.0,1088.9497000000003,2026-07-14 13:55:00+05:30,STOP_LOSS,1.25,0.25,True,2026-07-14 12:35:00+05:30,1090.0,1.8036859124128704,True,2026-07-14 12:40:00+05:30,1092.4375249999998,0.25,False,,False,False,False,False,False
19,2026-07-14,SELL,2026-07-14 10:40:00+05:30,2026-07-14 10:45:00+05:30,1099.6499,5.350099999999884,1105.0,1088.9497000000003,2026-07-14 13:55:00+05:30,STOP_LOSS,1.25,0.5,True,2026-07-14 12:35:00+05:30,1090.0,1.8036859124128704,True,2026-07-14 12:40:00+05:30,1093.7750499999997,0.5,False,,False,False,False,False,False
19,2026-07-14,SELL,2026-07-14 10:40:00+05:30,2026-07-14 10:45:00+05:30,1099.6499,5.350099999999884,1105.0,1088.9497000000003,2026-07-14 13:55:00+05:30,STOP_LOSS,1.25,0.75,True,2026-07-14 12:35:00+05:30,1090.0,1.8036859124128704,True,2026-07-14 12:55:00+05:30,1095.1125749999999,0.75,False,,False,False,False,False,False
19,2026-07-14,SELL,2026-07-14 10:40:00+05:30,2026-07-14 10:45:00+05:30,1099.6499,5.350099999999884,1105.0,1088.9497000000003,2026-07-14 13:55:00+05:30,STOP_LOSS,1.25,1.0,True,2026-07-14 12:35:00+05:30,1090.0,1.8036859124128704,True,2026-07-14 13:55:00+05:30,1095.3500999999999,1.0,False,,False,False,False,False,False
19,2026-07-14,SELL,2026-07-14 10:40:00+05:30,2026-07-14 10:45:00+05:30,1099.6499,5.350099999999884,1105.0,1088.9497000000003,2026-07-14 13:55:00+05:30,STOP_LOSS,1.5,0.25,True,2026-07-14 12:35:00+05:30,1090.0,1.8036859124128704,True,2026-07-14 12:40:00+05:30,1092.4375249999998,0.25,False,,False,False,False,False,False
19,2026-07-14,SELL,2026-07-14 10:40:00+05:30,2026-07-14 10:45:00+05:30,1099.6499,5.350099999999884,1105.0,1088.9497000000003,2026-07-14 13:55:00+05:30,STOP_LOSS,1.5,0.5,True,2026-07-14 12:35:00+05:30,1090.0,1.8036859124128704,True,2026-07-14 12:40:00+05:30,1093.7750499999997,0.5,False,,False,False,False,False,False
19,2026-07-14,SELL,2026-07-14 10:40:00+05:30,2026-07-14 10:45:00+05:30,1099.6499,5.350099999999884,1105.0,1088.9497000000003,2026-07-14 13:55:00+05:30,STOP_LOSS,1.5,0.75,True,2026-07-14 12:35:00+05:30,1090.0,1.8036859124128704,True,2026-07-14 12:55:00+05:30,1095.1125749999999,0.75,False,,False,False,False,False,False
19,2026-07-14,SELL,2026-07-14 10:40:00+05:30,2026-07-14 10:45:00+05:30,1099.6499,5.350099999999884,1105.0,1088.9497000000003,2026-07-14 13:55:00+05:30,STOP_LOSS,1.5,1.0,True,2026-07-14 12:35:00+05:30,1090.0,1.8036859124128704,True,2026-07-14 13:55:00+05:30,1095.3500999999999,1.0,False,,False,False,False,False,False
20,2026-07-16,SELL,2026-07-16 15:20:00+05:30,2026-07-16 15:25:00+05:30,1080.0597,1.5402999999998883,1081.6,1076.9791000000002,2026-07-16 15:25:00+05:30,STOP_LOSS,0.5,0.25,True,2026-07-16 15:25:00+05:30,1077.9,1.4021294553009716,False,,,,False,,False,False,False,False,False
20,2026-07-16,SELL,2026-07-16 15:20:00+05:30,2026-07-16 15:25:00+05:30,1080.0597,1.5402999999998883,1081.6,1076.9791000000002,2026-07-16 15:25:00+05:30,STOP_LOSS,0.5,0.5,True,2026-07-16 15:25:00+05:30,1077.9,1.4021294553009716,False,,,,False,,False,False,False,False,False
20,2026-07-16,SELL,2026-07-16 15:20:00+05:30,2026-07-16 15:25:00+05:30,1080.0597,1.5402999999998883,1081.6,1076.9791000000002,2026-07-16 15:25:00+05:30,STOP_LOSS,0.5,0.75,True,2026-07-16 15:25:00+05:30,1077.9,1.4021294553009716,False,,,,False,,False,False,False,False,False
20,2026-07-16,SELL,2026-07-16 15:20:00+05:30,2026-07-16 15:25:00+05:30,1080.0597,1.5402999999998883,1081.6,1076.9791000000002,2026-07-16 15:25:00+05:30,STOP_LOSS,0.5,1.0,True,2026-07-16 15:25:00+05:30,1077.9,1.4021294553009716,False,,,,False,,False,False,False,False,False
20,2026-07-16,SELL,2026-07-16 15:20:00+05:30,2026-07-16 15:25:00+05:30,1080.0597,1.5402999999998883,1081.6,1076.9791000000002,2026-07-16 15:25:00+05:30,STOP_LOSS,0.75,0.25,True,2026-07-16 15:25:00+05:30,1077.9,1.4021294553009716,False,,,,False,,False,False,False,False,False
20,2026-07-16,SELL,2026-07-16 15:20:00+05:30,2026-07-16 15:25:00+05:30,1080.0597,1.5402999999998883,1081.6,1076.9791000000002,2026-07-16 15:25:00+05:30,STOP_LOSS,0.75,0.5,True,2026-07-16 15:25:00+05:30,1077.9,1.4021294553009716,False,,,,False,,False,False,False,False,False
20,2026-07-16,SELL,2026-07-16 15:20:00+05:30,2026-07-16 15:25:00+05:30,1080.0597,1.5402999999998883,1081.6,1076.9791000000002,2026-07-16 15:25:00+05:30,STOP_LOSS,0.75,0.75,True,2026-07-16 15:25:00+05:30,1077.9,1.4021294553009716,False,,,,False,,False,False,False,False,False
20,2026-07-16,SELL,2026-07-16 15:20:00+05:30,2026-07-16 15:25:00+05:30,1080.0597,1.5402999999998883,1081.6,1076.9791000000002,2026-07-16 15:25:00+05:30,STOP_LOSS,0.75,1.0,True,2026-07-16 15:25:00+05:30,1077.9,1.4021294553009716,False,,,,False,,False,False,False,False,False
20,2026-07-16,SELL,2026-07-16 15:20:00+05:30,2026-07-16 15:25:00+05:30,1080.0597,1.5402999999998883,1081.6,1076.9791000000002,2026-07-16 15:25:00+05:30,STOP_LOSS,1.0,0.25,True,2026-07-16 15:25:00+05:30,1077.9,1.4021294553009716,False,,,,False,,False,False,False,False,False
20,2026-07-16,SELL,2026-07-16 15:20:00+05:30,2026-07-16 15:25:00+05:30,1080.0597,1.5402999999998883,1081.6,1076.9791000000002,2026-07-16 15:25:00+05:30,STOP_LOSS,1.0,0.5,True,2026-07-16 15:25:00+05:30,1077.9,1.4021294553009716,False,,,,False,,False,False,False,False,False
20,2026-07-16,SELL,2026-07-16 15:20:00+05:30,2026-07-16 15:25:00+05:30,1080.0597,1.5402999999998883,1081.6,1076.9791000000002,2026-07-16 15:25:00+05:30,STOP_LOSS,1.0,0.75,True,2026-07-16 15:25:00+05:30,1077.9,1.4021294553009716,False,,,,False,,False,False,False,False,False
20,2026-07-16,SELL,2026-07-16 15:20:00+05:30,2026-07-16 15:25:00+05:30,1080.0597,1.5402999999998883,1081.6,1076.9791000000002,2026-07-16 15:25:00+05:30,STOP_LOSS,1.0,1.0,True,2026-07-16 15:25:00+05:30,1077.9,1.4021294553009716,False,,,,False,,False,False,False,False,False
20,2026-07-16,SELL,2026-07-16 15:20:00+05:30,2026-07-16 15:25:00+05:30,1080.0597,1.5402999999998883,1081.6,1076.9791000000002,2026-07-16 15:25:00+05:30,STOP_LOSS,1.25,0.25,True,2026-07-16 15:25:00+05:30,1077.9,1.4021294553009716,False,,,,False,,False,False,False,False,False
20,2026-07-16,SELL,2026-07-16 15:20:00+05:30,2026-07-16 15:25:00+05:30,1080.0597,1.5402999999998883,1081.6,1076.9791000000002,2026-07-16 15:25:00+05:30,STOP_LOSS,1.25,0.5,True,2026-07-16 15:25:00+05:30,1077.9,1.4021294553009716,False,,,,False,,False,False,False,False,False
20,2026-07-16,SELL,2026-07-16 15:20:00+05:30,2026-07-16 15:25:00+05:30,1080.0597,1.5402999999998883,1081.6,1076.9791000000002,2026-07-16 15:25:00+05:30,STOP_LOSS,1.25,0.75,True,2026-07-16 15:25:00+05:30,1077.9,1.4021294553009716,False,,,,False,,False,False,False,False,False
20,2026-07-16,SELL,2026-07-16 15:20:00+05:30,2026-07-16 15:25:00+05:30,1080.0597,1.5402999999998883,1081.6,1076.9791000000002,2026-07-16 15:25:00+05:30,STOP_LOSS,1.25,1.0,True,2026-07-16 15:25:00+05:30,1077.9,1.4021294553009716,False,,,,False,,False,False,False,False,False
20,2026-07-16,SELL,2026-07-16 15:20:00+05:30,2026-07-16 15:25:00+05:30,1080.0597,1.5402999999998883,1081.6,1076.9791000000002,2026-07-16 15:25:00+05:30,STOP_LOSS,1.5,0.25,False,,,,False,,,,False,,False,False,False,False,False
20,2026-07-16,SELL,2026-07-16 15:20:00+05:30,2026-07-16 15:25:00+05:30,1080.0597,1.5402999999998883,1081.6,1076.9791000000002,2026-07-16 15:25:00+05:30,STOP_LOSS,1.5,0.5,False,,,,False,,,,False,,False,False,False,False,False
20,2026-07-16,SELL,2026-07-16 15:20:00+05:30,2026-07-16 15:25:00+05:30,1080.0597,1.5402999999998883,1081.6,1076.9791000000002,2026-07-16 15:25:00+05:30,STOP_LOSS,1.5,0.75,False,,,,False,,,,False,,False,False,False,False,False
20,2026-07-16,SELL,2026-07-16 15:20:00+05:30,2026-07-16 15:25:00+05:30,1080.0597,1.5402999999998883,1081.6,1076.9791000000002,2026-07-16 15:25:00+05:30,STOP_LOSS,1.5,1.0,False,,,,False,,,,False,,False,False,False,False,False
21,2026-07-17,SELL,2026-07-17 09:30:00+05:30,2026-07-17 09:35:00+05:30,1101.449,3.65099999999984,1105.1,1094.1470000000004,2026-07-17 09:35:00+05:30,STOP_LOSS,0.5,0.25,False,,,,False,,,,False,,False,False,False,False,False
21,2026-07-17,SELL,2026-07-17 09:30:00+05:30,2026-07-17 09:35:00+05:30,1101.449,3.65099999999984,1105.1,1094.1470000000004,2026-07-17 09:35:00+05:30,STOP_LOSS,0.5,0.5,False,,,,False,,,,False,,False,False,False,False,False
21,2026-07-17,SELL,2026-07-17 09:30:00+05:30,2026-07-17 09:35:00+05:30,1101.449,3.65099999999984,1105.1,1094.1470000000004,2026-07-17 09:35:00+05:30,STOP_LOSS,0.5,0.75,False,,,,False,,,,False,,False,False,False,False,False
21,2026-07-17,SELL,2026-07-17 09:30:00+05:30,2026-07-17 09:35:00+05:30,1101.449,3.65099999999984,1105.1,1094.1470000000004,2026-07-17 09:35:00+05:30,STOP_LOSS,0.5,1.0,False,,,,False,,,,False,,False,False,False,False,False
21,2026-07-17,SELL,2026-07-17 09:30:00+05:30,2026-07-17 09:35:00+05:30,1101.449,3.65099999999984,1105.1,1094.1470000000004,2026-07-17 09:35:00+05:30,STOP_LOSS,0.75,0.25,False,,,,False,,,,False,,False,False,False,False,False
21,2026-07-17,SELL,2026-07-17 09:30:00+05:30,2026-07-17 09:35:00+05:30,1101.449,3.65099999999984,1105.1,1094.1470000000004,2026-07-17 09:35:00+05:30,STOP_LOSS,0.75,0.5,False,,,,False,,,,False,,False,False,False,False,False
21,2026-07-17,SELL,2026-07-17 09:30:00+05:30,2026-07-17 09:35:00+05:30,1101.449,3.65099999999984,1105.1,1094.1470000000004,2026-07-17 09:35:00+05:30,STOP_LOSS,0.75,0.75,False,,,,False,,,,False,,False,False,False,False,False
21,2026-07-17,SELL,2026-07-17 09:30:00+05:30,2026-07-17 09:35:00+05:30,1101.449,3.65099999999984,1105.1,1094.1470000000004,2026-07-17 09:35:00+05:30,STOP_LOSS,0.75,1.0,False,,,,False,,,,False,,False,False,False,False,False
21,2026-07-17,SELL,2026-07-17 09:30:00+05:30,2026-07-17 09:35:00+05:30,1101.449,3.65099999999984,1105.1,1094.1470000000004,2026-07-17 09:35:00+05:30,STOP_LOSS,1.0,0.25,False,,,,False,,,,False,,False,False,False,False,False
21,2026-07-17,SELL,2026-07-17 09:30:00+05:30,2026-07-17 09:35:00+05:30,1101.449,3.65099999999984,1105.1,1094.1470000000004,2026-07-17 09:35:00+05:30,STOP_LOSS,1.0,0.5,False,,,,False,,,,False,,False,False,False,False,False
21,2026-07-17,SELL,2026-07-17 09:30:00+05:30,2026-07-17 09:35:00+05:30,1101.449,3.65099999999984,1105.1,1094.1470000000004,2026-07-17 09:35:00+05:30,STOP_LOSS,1.0,0.75,False,,,,False,,,,False,,False,False,False,False,False
21,2026-07-17,SELL,2026-07-17 09:30:00+05:30,2026-07-17 09:35:00+05:30,1101.449,3.65099999999984,1105.1,1094.1470000000004,2026-07-17 09:35:00+05:30,STOP_LOSS,1.0,1.0,False,,,,False,,,,False,,False,False,False,False,False
21,2026-07-17,SELL,2026-07-17 09:30:00+05:30,2026-07-17 09:35:00+05:30,1101.449,3.65099999999984,1105.1,1094.1470000000004,2026-07-17 09:35:00+05:30,STOP_LOSS,1.25,0.25,False,,,,False,,,,False,,False,False,False,False,False
21,2026-07-17,SELL,2026-07-17 09:30:00+05:30,2026-07-17 09:35:00+05:30,1101.449,3.65099999999984,1105.1,1094.1470000000004,2026-07-17 09:35:00+05:30,STOP_LOSS,1.25,0.5,False,,,,False,,,,False,,False,False,False,False,False
21,2026-07-17,SELL,2026-07-17 09:30:00+05:30,2026-07-17 09:35:00+05:30,1101.449,3.65099999999984,1105.1,1094.1470000000004,2026-07-17 09:35:00+05:30,STOP_LOSS,1.25,0.75,False,,,,False,,,,False,,False,False,False,False,False
21,2026-07-17,SELL,2026-07-17 09:30:00+05:30,2026-07-17 09:35:00+05:30,1101.449,3.65099999999984,1105.1,1094.1470000000004,2026-07-17 09:35:00+05:30,STOP_LOSS,1.25,1.0,False,,,,False,,,,False,,False,False,False,False,False
21,2026-07-17,SELL,2026-07-17 09:30:00+05:30,2026-07-17 09:35:00+05:30,1101.449,3.65099999999984,1105.1,1094.1470000000004,2026-07-17 09:35:00+05:30,STOP_LOSS,1.5,0.25,False,,,,False,,,,False,,False,False,False,False,False
21,2026-07-17,SELL,2026-07-17 09:30:00+05:30,2026-07-17 09:35:00+05:30,1101.449,3.65099999999984,1105.1,1094.1470000000004,2026-07-17 09:35:00+05:30,STOP_LOSS,1.5,0.5,False,,,,False,,,,False,,False,False,False,False,False
21,2026-07-17,SELL,2026-07-17 09:30:00+05:30,2026-07-17 09:35:00+05:30,1101.449,3.65099999999984,1105.1,1094.1470000000004,2026-07-17 09:35:00+05:30,STOP_LOSS,1.5,0.75,False,,,,False,,,,False,,False,False,False,False,False
21,2026-07-17,SELL,2026-07-17 09:30:00+05:30,2026-07-17 09:35:00+05:30,1101.449,3.65099999999984,1105.1,1094.1470000000004,2026-07-17 09:35:00+05:30,STOP_LOSS,1.5,1.0,False,,,,False,,,,False,,False,False,False,False,False
22,2026-07-17,SELL,2026-07-17 09:40:00+05:30,2026-07-17 09:45:00+05:30,1103.94775,1.952250000000049,1105.9,1100.04325,2026-07-17 09:45:00+05:30,TARGET,0.5,0.25,True,2026-07-17 09:45:00+05:30,1097.5,3.3027276219745834,False,,,,False,,False,False,False,False,False
22,2026-07-17,SELL,2026-07-17 09:40:00+05:30,2026-07-17 09:45:00+05:30,1103.94775,1.952250000000049,1105.9,1100.04325,2026-07-17 09:45:00+05:30,TARGET,0.5,0.5,True,2026-07-17 09:45:00+05:30,1097.5,3.3027276219745834,False,,,,False,,False,False,False,False,False
22,2026-07-17,SELL,2026-07-17 09:40:00+05:30,2026-07-17 09:45:00+05:30,1103.94775,1.952250000000049,1105.9,1100.04325,2026-07-17 09:45:00+05:30,TARGET,0.5,0.75,True,2026-07-17 09:45:00+05:30,1097.5,3.3027276219745834,False,,,,False,,False,False,False,False,False
22,2026-07-17,SELL,2026-07-17 09:40:00+05:30,2026-07-17 09:45:00+05:30,1103.94775,1.952250000000049,1105.9,1100.04325,2026-07-17 09:45:00+05:30,TARGET,0.5,1.0,True,2026-07-17 09:45:00+05:30,1097.5,3.3027276219745834,False,,,,False,,False,False,False,False,False
22,2026-07-17,SELL,2026-07-17 09:40:00+05:30,2026-07-17 09:45:00+05:30,1103.94775,1.952250000000049,1105.9,1100.04325,2026-07-17 09:45:00+05:30,TARGET,0.75,0.25,True,2026-07-17 09:45:00+05:30,1097.5,3.3027276219745834,False,,,,False,,False,False,False,False,False
22,2026-07-17,SELL,2026-07-17 09:40:00+05:30,2026-07-17 09:45:00+05:30,1103.94775,1.952250000000049,1105.9,1100.04325,2026-07-17 09:45:00+05:30,TARGET,0.75,0.5,True,2026-07-17 09:45:00+05:30,1097.5,3.3027276219745834,False,,,,False,,False,False,False,False,False
22,2026-07-17,SELL,2026-07-17 09:40:00+05:30,2026-07-17 09:45:00+05:30,1103.94775,1.952250000000049,1105.9,1100.04325,2026-07-17 09:45:00+05:30,TARGET,0.75,0.75,True,2026-07-17 09:45:00+05:30,1097.5,3.3027276219745834,False,,,,False,,False,False,False,False,False
22,2026-07-17,SELL,2026-07-17 09:40:00+05:30,2026-07-17 09:45:00+05:30,1103.94775,1.952250000000049,1105.9,1100.04325,2026-07-17 09:45:00+05:30,TARGET,0.75,1.0,True,2026-07-17 09:45:00+05:30,1097.5,3.3027276219745834,False,,,,False,,False,False,False,False,False
22,2026-07-17,SELL,2026-07-17 09:40:00+05:30,2026-07-17 09:45:00+05:30,1103.94775,1.952250000000049,1105.9,1100.04325,2026-07-17 09:45:00+05:30,TARGET,1.0,0.25,True,2026-07-17 09:45:00+05:30,1097.5,3.3027276219745834,False,,,,False,,False,False,False,False,False
22,2026-07-17,SELL,2026-07-17 09:40:00+05:30,2026-07-17 09:45:00+05:30,1103.94775,1.952250000000049,1105.9,1100.04325,2026-07-17 09:45:00+05:30,TARGET,1.0,0.5,True,2026-07-17 09:45:00+05:30,1097.5,3.3027276219745834,False,,,,False,,False,False,False,False,False
22,2026-07-17,SELL,2026-07-17 09:40:00+05:30,2026-07-17 09:45:00+05:30,1103.94775,1.952250000000049,1105.9,1100.04325,2026-07-17 09:45:00+05:30,TARGET,1.0,0.75,True,2026-07-17 09:45:00+05:30,1097.5,3.3027276219745834,False,,,,False,,False,False,False,False,False
22,2026-07-17,SELL,2026-07-17 09:40:00+05:30,2026-07-17 09:45:00+05:30,1103.94775,1.952250000000049,1105.9,1100.04325,2026-07-17 09:45:00+05:30,TARGET,1.0,1.0,True,2026-07-17 09:45:00+05:30,1097.5,3.3027276219745834,False,,,,False,,False,False,False,False,False
22,2026-07-17,SELL,2026-07-17 09:40:00+05:30,2026-07-17 09:45:00+05:30,1103.94775,1.952250000000049,1105.9,1100.04325,2026-07-17 09:45:00+05:30,TARGET,1.25,0.25,True,2026-07-17 09:45:00+05:30,1097.5,3.3027276219745834,False,,,,False,,False,False,False,False,False
22,2026-07-17,SELL,2026-07-17 09:40:00+05:30,2026-07-17 09:45:00+05:30,1103.94775,1.952250000000049,1105.9,1100.04325,2026-07-17 09:45:00+05:30,TARGET,1.25,0.5,True,2026-07-17 09:45:00+05:30,1097.5,3.3027276219745834,False,,,,False,,False,False,False,False,False
22,2026-07-17,SELL,2026-07-17 09:40:00+05:30,2026-07-17 09:45:00+05:30,1103.94775,1.952250000000049,1105.9,1100.04325,2026-07-17 09:45:00+05:30,TARGET,1.25,0.75,True,2026-07-17 09:45:00+05:30,1097.5,3.3027276219745834,False,,,,False,,False,False,False,False,False
22,2026-07-17,SELL,2026-07-17 09:40:00+05:30,2026-07-17 09:45:00+05:30,1103.94775,1.952250000000049,1105.9,1100.04325,2026-07-17 09:45:00+05:30,TARGET,1.25,1.0,True,2026-07-17 09:45:00+05:30,1097.5,3.3027276219745834,False,,,,False,,False,False,False,False,False
22,2026-07-17,SELL,2026-07-17 09:40:00+05:30,2026-07-17 09:45:00+05:30,1103.94775,1.952250000000049,1105.9,1100.04325,2026-07-17 09:45:00+05:30,TARGET,1.5,0.25,True,2026-07-17 09:45:00+05:30,1097.5,3.3027276219745834,False,,,,False,,False,False,False,False,False
22,2026-07-17,SELL,2026-07-17 09:40:00+05:30,2026-07-17 09:45:00+05:30,1103.94775,1.952250000000049,1105.9,1100.04325,2026-07-17 09:45:00+05:30,TARGET,1.5,0.5,True,2026-07-17 09:45:00+05:30,1097.5,3.3027276219745834,False,,,,False,,False,False,False,False,False
22,2026-07-17,SELL,2026-07-17 09:40:00+05:30,2026-07-17 09:45:00+05:30,1103.94775,1.952250000000049,1105.9,1100.04325,2026-07-17 09:45:00+05:30,TARGET,1.5,0.75,True,2026-07-17 09:45:00+05:30,1097.5,3.3027276219745834,False,,,,False,,False,False,False,False,False
22,2026-07-17,SELL,2026-07-17 09:40:00+05:30,2026-07-17 09:45:00+05:30,1103.94775,1.952250000000049,1105.9,1100.04325,2026-07-17 09:45:00+05:30,TARGET,1.5,1.0,True,2026-07-17 09:45:00+05:30,1097.5,3.3027276219745834,False,,,,False,,False,False,False,False,False
23,2026-07-20,SELL,2026-07-20 10:10:00+05:30,2026-07-20 10:15:00+05:30,1089.95475,3.0452499999998963,1093.0,1083.8642500000003,2026-07-20 10:20:00+05:30,STOP_LOSS,0.5,0.25,False,,,,False,,,,False,,False,False,False,False,False
23,2026-07-20,SELL,2026-07-20 10:10:00+05:30,2026-07-20 10:15:00+05:30,1089.95475,3.0452499999998963,1093.0,1083.8642500000003,2026-07-20 10:20:00+05:30,STOP_LOSS,0.5,0.5,False,,,,False,,,,False,,False,False,False,False,False
23,2026-07-20,SELL,2026-07-20 10:10:00+05:30,2026-07-20 10:15:00+05:30,1089.95475,3.0452499999998963,1093.0,1083.8642500000003,2026-07-20 10:20:00+05:30,STOP_LOSS,0.5,0.75,False,,,,False,,,,False,,False,False,False,False,False
23,2026-07-20,SELL,2026-07-20 10:10:00+05:30,2026-07-20 10:15:00+05:30,1089.95475,3.0452499999998963,1093.0,1083.8642500000003,2026-07-20 10:20:00+05:30,STOP_LOSS,0.5,1.0,False,,,,False,,,,False,,False,False,False,False,False
23,2026-07-20,SELL,2026-07-20 10:10:00+05:30,2026-07-20 10:15:00+05:30,1089.95475,3.0452499999998963,1093.0,1083.8642500000003,2026-07-20 10:20:00+05:30,STOP_LOSS,0.75,0.25,False,,,,False,,,,False,,False,False,False,False,False
23,2026-07-20,SELL,2026-07-20 10:10:00+05:30,2026-07-20 10:15:00+05:30,1089.95475,3.0452499999998963,1093.0,1083.8642500000003,2026-07-20 10:20:00+05:30,STOP_LOSS,0.75,0.5,False,,,,False,,,,False,,False,False,False,False,False
23,2026-07-20,SELL,2026-07-20 10:10:00+05:30,2026-07-20 10:15:00+05:30,1089.95475,3.0452499999998963,1093.0,1083.8642500000003,2026-07-20 10:20:00+05:30,STOP_LOSS,0.75,0.75,False,,,,False,,,,False,,False,False,False,False,False
23,2026-07-20,SELL,2026-07-20 10:10:00+05:30,2026-07-20 10:15:00+05:30,1089.95475,3.0452499999998963,1093.0,1083.8642500000003,2026-07-20 10:20:00+05:30,STOP_LOSS,0.75,1.0,False,,,,False,,,,False,,False,False,False,False,False
23,2026-07-20,SELL,2026-07-20 10:10:00+05:30,2026-07-20 10:15:00+05:30,1089.95475,3.0452499999998963,1093.0,1083.8642500000003,2026-07-20 10:20:00+05:30,STOP_LOSS,1.0,0.25,False,,,,False,,,,False,,False,False,False,False,False
23,2026-07-20,SELL,2026-07-20 10:10:00+05:30,2026-07-20 10:15:00+05:30,1089.95475,3.0452499999998963,1093.0,1083.8642500000003,2026-07-20 10:20:00+05:30,STOP_LOSS,1.0,0.5,False,,,,False,,,,False,,False,False,False,False,False
23,2026-07-20,SELL,2026-07-20 10:10:00+05:30,2026-07-20 10:15:00+05:30,1089.95475,3.0452499999998963,1093.0,1083.8642500000003,2026-07-20 10:20:00+05:30,STOP_LOSS,1.0,0.75,False,,,,False,,,,False,,False,False,False,False,False
23,2026-07-20,SELL,2026-07-20 10:10:00+05:30,2026-07-20 10:15:00+05:30,1089.95475,3.0452499999998963,1093.0,1083.8642500000003,2026-07-20 10:20:00+05:30,STOP_LOSS,1.0,1.0,False,,,,False,,,,False,,False,False,False,False,False
23,2026-07-20,SELL,2026-07-20 10:10:00+05:30,2026-07-20 10:15:00+05:30,1089.95475,3.0452499999998963,1093.0,1083.8642500000003,2026-07-20 10:20:00+05:30,STOP_LOSS,1.25,0.25,False,,,,False,,,,False,,False,False,False,False,False
23,2026-07-20,SELL,2026-07-20 10:10:00+05:30,2026-07-20 10:15:00+05:30,1089.95475,3.0452499999998963,1093.0,1083.8642500000003,2026-07-20 10:20:00+05:30,STOP_LOSS,1.25,0.5,False,,,,False,,,,False,,False,False,False,False,False
23,2026-07-20,SELL,2026-07-20 10:10:00+05:30,2026-07-20 10:15:00+05:30,1089.95475,3.0452499999998963,1093.0,1083.8642500000003,2026-07-20 10:20:00+05:30,STOP_LOSS,1.25,0.75,False,,,,False,,,,False,,False,False,False,False,False
23,2026-07-20,SELL,2026-07-20 10:10:00+05:30,2026-07-20 10:15:00+05:30,1089.95475,3.0452499999998963,1093.0,1083.8642500000003,2026-07-20 10:20:00+05:30,STOP_LOSS,1.25,1.0,False,,,,False,,,,False,,False,False,False,False,False
23,2026-07-20,SELL,2026-07-20 10:10:00+05:30,2026-07-20 10:15:00+05:30,1089.95475,3.0452499999998963,1093.0,1083.8642500000003,2026-07-20 10:20:00+05:30,STOP_LOSS,1.5,0.25,False,,,,False,,,,False,,False,False,False,False,False
23,2026-07-20,SELL,2026-07-20 10:10:00+05:30,2026-07-20 10:15:00+05:30,1089.95475,3.0452499999998963,1093.0,1083.8642500000003,2026-07-20 10:20:00+05:30,STOP_LOSS,1.5,0.5,False,,,,False,,,,False,,False,False,False,False,False
23,2026-07-20,SELL,2026-07-20 10:10:00+05:30,2026-07-20 10:15:00+05:30,1089.95475,3.0452499999998963,1093.0,1083.8642500000003,2026-07-20 10:20:00+05:30,STOP_LOSS,1.5,0.75,False,,,,False,,,,False,,False,False,False,False,False
23,2026-07-20,SELL,2026-07-20 10:10:00+05:30,2026-07-20 10:15:00+05:30,1089.95475,3.0452499999998963,1093.0,1083.8642500000003,2026-07-20 10:20:00+05:30,STOP_LOSS,1.5,1.0,False,,,,False,,,,False,,False,False,False,False,False
24,2026-07-20,SELL,2026-07-20 11:40:00+05:30,2026-07-20 11:45:00+05:30,1090.0547,1.8453000000001796,1091.9,1086.3640999999996,2026-07-20 12:10:00+05:30,TARGET,0.5,0.25,True,2026-07-20 11:50:00+05:30,1085.3,2.576654202568414,True,2026-07-20 11:55:00+05:30,1088.961325,0.25,False,,False,False,False,False,False
24,2026-07-20,SELL,2026-07-20 11:40:00+05:30,2026-07-20 11:45:00+05:30,1090.0547,1.8453000000001796,1091.9,1086.3640999999996,2026-07-20 12:10:00+05:30,TARGET,0.5,0.5,True,2026-07-20 11:50:00+05:30,1085.3,2.576654202568414,False,,,,False,,False,False,False,False,False
24,2026-07-20,SELL,2026-07-20 11:40:00+05:30,2026-07-20 11:45:00+05:30,1090.0547,1.8453000000001796,1091.9,1086.3640999999996,2026-07-20 12:10:00+05:30,TARGET,0.5,0.75,True,2026-07-20 11:50:00+05:30,1085.3,2.576654202568414,False,,,,False,,False,False,False,False,False
24,2026-07-20,SELL,2026-07-20 11:40:00+05:30,2026-07-20 11:45:00+05:30,1090.0547,1.8453000000001796,1091.9,1086.3640999999996,2026-07-20 12:10:00+05:30,TARGET,0.5,1.0,True,2026-07-20 11:50:00+05:30,1085.3,2.576654202568414,False,,,,False,,False,False,False,False,False
24,2026-07-20,SELL,2026-07-20 11:40:00+05:30,2026-07-20 11:45:00+05:30,1090.0547,1.8453000000001796,1091.9,1086.3640999999996,2026-07-20 12:10:00+05:30,TARGET,0.75,0.25,True,2026-07-20 11:50:00+05:30,1085.3,2.576654202568414,True,2026-07-20 11:55:00+05:30,1088.961325,0.25,False,,False,False,False,False,False
24,2026-07-20,SELL,2026-07-20 11:40:00+05:30,2026-07-20 11:45:00+05:30,1090.0547,1.8453000000001796,1091.9,1086.3640999999996,2026-07-20 12:10:00+05:30,TARGET,0.75,0.5,True,2026-07-20 11:50:00+05:30,1085.3,2.576654202568414,False,,,,False,,False,False,False,False,False
24,2026-07-20,SELL,2026-07-20 11:40:00+05:30,2026-07-20 11:45:00+05:30,1090.0547,1.8453000000001796,1091.9,1086.3640999999996,2026-07-20 12:10:00+05:30,TARGET,0.75,0.75,True,2026-07-20 11:50:00+05:30,1085.3,2.576654202568414,False,,,,False,,False,False,False,False,False
24,2026-07-20,SELL,2026-07-20 11:40:00+05:30,2026-07-20 11:45:00+05:30,1090.0547,1.8453000000001796,1091.9,1086.3640999999996,2026-07-20 12:10:00+05:30,TARGET,0.75,1.0,True,2026-07-20 11:50:00+05:30,1085.3,2.576654202568414,False,,,,False,,False,False,False,False,False
24,2026-07-20,SELL,2026-07-20 11:40:00+05:30,2026-07-20 11:45:00+05:30,1090.0547,1.8453000000001796,1091.9,1086.3640999999996,2026-07-20 12:10:00+05:30,TARGET,1.0,0.25,True,2026-07-20 12:05:00+05:30,1085.3,2.576654202568414,False,,,,False,,False,False,False,False,False
24,2026-07-20,SELL,2026-07-20 11:40:00+05:30,2026-07-20 11:45:00+05:30,1090.0547,1.8453000000001796,1091.9,1086.3640999999996,2026-07-20 12:10:00+05:30,TARGET,1.0,0.5,True,2026-07-20 12:05:00+05:30,1085.3,2.576654202568414,False,,,,False,,False,False,False,False,False
24,2026-07-20,SELL,2026-07-20 11:40:00+05:30,2026-07-20 11:45:00+05:30,1090.0547,1.8453000000001796,1091.9,1086.3640999999996,2026-07-20 12:10:00+05:30,TARGET,1.0,0.75,True,2026-07-20 12:05:00+05:30,1085.3,2.576654202568414,False,,,,False,,False,False,False,False,False
24,2026-07-20,SELL,2026-07-20 11:40:00+05:30,2026-07-20 11:45:00+05:30,1090.0547,1.8453000000001796,1091.9,1086.3640999999996,2026-07-20 12:10:00+05:30,TARGET,1.0,1.0,True,2026-07-20 12:05:00+05:30,1085.3,2.576654202568414,False,,,,False,,False,False,False,False,False
24,2026-07-20,SELL,2026-07-20 11:40:00+05:30,2026-07-20 11:45:00+05:30,1090.0547,1.8453000000001796,1091.9,1086.3640999999996,2026-07-20 12:10:00+05:30,TARGET,1.25,0.25,True,2026-07-20 12:05:00+05:30,1085.3,2.576654202568414,False,,,,False,,False,False,False,False,False
24,2026-07-20,SELL,2026-07-20 11:40:00+05:30,2026-07-20 11:45:00+05:30,1090.0547,1.8453000000001796,1091.9,1086.3640999999996,2026-07-20 12:10:00+05:30,TARGET,1.25,0.5,True,2026-07-20 12:05:00+05:30,1085.3,2.576654202568414,False,,,,False,,False,False,False,False,False
24,2026-07-20,SELL,2026-07-20 11:40:00+05:30,2026-07-20 11:45:00+05:30,1090.0547,1.8453000000001796,1091.9,1086.3640999999996,2026-07-20 12:10:00+05:30,TARGET,1.25,0.75,True,2026-07-20 12:05:00+05:30,1085.3,2.576654202568414,False,,,,False,,False,False,False,False,False
24,2026-07-20,SELL,2026-07-20 11:40:00+05:30,2026-07-20 11:45:00+05:30,1090.0547,1.8453000000001796,1091.9,1086.3640999999996,2026-07-20 12:10:00+05:30,TARGET,1.25,1.0,True,2026-07-20 12:05:00+05:30,1085.3,2.576654202568414,False,,,,False,,False,False,False,False,False
24,2026-07-20,SELL,2026-07-20 11:40:00+05:30,2026-07-20 11:45:00+05:30,1090.0547,1.8453000000001796,1091.9,1086.3640999999996,2026-07-20 12:10:00+05:30,TARGET,1.5,0.25,True,2026-07-20 12:10:00+05:30,1085.3,2.576654202568414,False,,,,False,,False,False,False,False,False
24,2026-07-20,SELL,2026-07-20 11:40:00+05:30,2026-07-20 11:45:00+05:30,1090.0547,1.8453000000001796,1091.9,1086.3640999999996,2026-07-20 12:10:00+05:30,TARGET,1.5,0.5,True,2026-07-20 12:10:00+05:30,1085.3,2.576654202568414,False,,,,False,,False,False,False,False,False
24,2026-07-20,SELL,2026-07-20 11:40:00+05:30,2026-07-20 11:45:00+05:30,1090.0547,1.8453000000001796,1091.9,1086.3640999999996,2026-07-20 12:10:00+05:30,TARGET,1.5,0.75,True,2026-07-20 12:10:00+05:30,1085.3,2.576654202568414,False,,,,False,,False,False,False,False,False
24,2026-07-20,SELL,2026-07-20 11:40:00+05:30,2026-07-20 11:45:00+05:30,1090.0547,1.8453000000001796,1091.9,1086.3640999999996,2026-07-20 12:10:00+05:30,TARGET,1.5,1.0,True,2026-07-20 12:10:00+05:30,1085.3,2.576654202568414,False,,,,False,,False,False,False,False,False
25,2026-07-20,SELL,2026-07-20 13:50:00+05:30,2026-07-20 13:55:00+05:30,1089.8548,1.845199999999977,1091.7,1086.1644,2026-07-20 15:05:00+05:30,TARGET,0.5,0.25,True,2026-07-20 14:25:00+05:30,1085.5,2.3600693691741395,True,2026-07-20 14:30:00+05:30,1089.0612999999998,0.25,False,,False,False,False,False,False
25,2026-07-20,SELL,2026-07-20 13:50:00+05:30,2026-07-20 13:55:00+05:30,1089.8548,1.845199999999977,1091.7,1086.1644,2026-07-20 15:05:00+05:30,TARGET,0.5,0.5,True,2026-07-20 14:25:00+05:30,1085.5,2.3600693691741395,True,2026-07-20 14:30:00+05:30,1089.5225999999998,0.5,False,,False,False,False,False,False
25,2026-07-20,SELL,2026-07-20 13:50:00+05:30,2026-07-20 13:55:00+05:30,1089.8548,1.845199999999977,1091.7,1086.1644,2026-07-20 15:05:00+05:30,TARGET,0.5,0.75,True,2026-07-20 14:25:00+05:30,1085.5,2.3600693691741395,True,2026-07-20 14:30:00+05:30,1089.9839,0.75,False,,False,False,False,False,False
25,2026-07-20,SELL,2026-07-20 13:50:00+05:30,2026-07-20 13:55:00+05:30,1089.8548,1.845199999999977,1091.7,1086.1644,2026-07-20 15:05:00+05:30,TARGET,0.5,1.0,True,2026-07-20 14:25:00+05:30,1085.5,2.3600693691741395,True,2026-07-20 14:30:00+05:30,1090.4451999999999,1.0,False,,False,False,False,False,False
25,2026-07-20,SELL,2026-07-20 13:50:00+05:30,2026-07-20 13:55:00+05:30,1089.8548,1.845199999999977,1091.7,1086.1644,2026-07-20 15:05:00+05:30,TARGET,0.75,0.25,True,2026-07-20 15:00:00+05:30,1085.5,2.3600693691741395,False,,,,False,,False,False,False,False,False
25,2026-07-20,SELL,2026-07-20 13:50:00+05:30,2026-07-20 13:55:00+05:30,1089.8548,1.845199999999977,1091.7,1086.1644,2026-07-20 15:05:00+05:30,TARGET,0.75,0.5,True,2026-07-20 15:00:00+05:30,1085.5,2.3600693691741395,False,,,,False,,False,False,False,False,False
25,2026-07-20,SELL,2026-07-20 13:50:00+05:30,2026-07-20 13:55:00+05:30,1089.8548,1.845199999999977,1091.7,1086.1644,2026-07-20 15:05:00+05:30,TARGET,0.75,0.75,True,2026-07-20 15:00:00+05:30,1085.5,2.3600693691741395,False,,,,False,,False,False,False,False,False
25,2026-07-20,SELL,2026-07-20 13:50:00+05:30,2026-07-20 13:55:00+05:30,1089.8548,1.845199999999977,1091.7,1086.1644,2026-07-20 15:05:00+05:30,TARGET,0.75,1.0,True,2026-07-20 15:00:00+05:30,1085.5,2.3600693691741395,False,,,,False,,False,False,False,False,False
25,2026-07-20,SELL,2026-07-20 13:50:00+05:30,2026-07-20 13:55:00+05:30,1089.8548,1.845199999999977,1091.7,1086.1644,2026-07-20 15:05:00+05:30,TARGET,1.0,0.25,True,2026-07-20 15:00:00+05:30,1085.5,2.3600693691741395,False,,,,False,,False,False,False,False,False
25,2026-07-20,SELL,2026-07-20 13:50:00+05:30,2026-07-20 13:55:00+05:30,1089.8548,1.845199999999977,1091.7,1086.1644,2026-07-20 15:05:00+05:30,TARGET,1.0,0.5,True,2026-07-20 15:00:00+05:30,1085.5,2.3600693691741395,False,,,,False,,False,False,False,False,False
25,2026-07-20,SELL,2026-07-20 13:50:00+05:30,2026-07-20 13:55:00+05:30,1089.8548,1.845199999999977,1091.7,1086.1644,2026-07-20 15:05:00+05:30,TARGET,1.0,0.75,True,2026-07-20 15:00:00+05:30,1085.5,2.3600693691741395,False,,,,False,,False,False,False,False,False
25,2026-07-20,SELL,2026-07-20 13:50:00+05:30,2026-07-20 13:55:00+05:30,1089.8548,1.845199999999977,1091.7,1086.1644,2026-07-20 15:05:00+05:30,TARGET,1.0,1.0,True,2026-07-20 15:00:00+05:30,1085.5,2.3600693691741395,False,,,,False,,False,False,False,False,False
25,2026-07-20,SELL,2026-07-20 13:50:00+05:30,2026-07-20 13:55:00+05:30,1089.8548,1.845199999999977,1091.7,1086.1644,2026-07-20 15:05:00+05:30,TARGET,1.25,0.25,True,2026-07-20 15:00:00+05:30,1085.5,2.3600693691741395,False,,,,False,,False,False,False,False,False
25,2026-07-20,SELL,2026-07-20 13:50:00+05:30,2026-07-20 13:55:00+05:30,1089.8548,1.845199999999977,1091.7,1086.1644,2026-07-20 15:05:00+05:30,TARGET,1.25,0.5,True,2026-07-20 15:00:00+05:30,1085.5,2.3600693691741395,False,,,,False,,False,False,False,False,False
25,2026-07-20,SELL,2026-07-20 13:50:00+05:30,2026-07-20 13:55:00+05:30,1089.8548,1.845199999999977,1091.7,1086.1644,2026-07-20 15:05:00+05:30,TARGET,1.25,0.75,True,2026-07-20 15:00:00+05:30,1085.5,2.3600693691741395,False,,,,False,,False,False,False,False,False
25,2026-07-20,SELL,2026-07-20 13:50:00+05:30,2026-07-20 13:55:00+05:30,1089.8548,1.845199999999977,1091.7,1086.1644,2026-07-20 15:05:00+05:30,TARGET,1.25,1.0,True,2026-07-20 15:00:00+05:30,1085.5,2.3600693691741395,False,,,,False,,False,False,False,False,False
25,2026-07-20,SELL,2026-07-20 13:50:00+05:30,2026-07-20 13:55:00+05:30,1089.8548,1.845199999999977,1091.7,1086.1644,2026-07-20 15:05:00+05:30,TARGET,1.5,0.25,True,2026-07-20 15:00:00+05:30,1085.5,2.3600693691741395,False,,,,False,,False,False,False,False,False
25,2026-07-20,SELL,2026-07-20 13:50:00+05:30,2026-07-20 13:55:00+05:30,1089.8548,1.845199999999977,1091.7,1086.1644,2026-07-20 15:05:00+05:30,TARGET,1.5,0.5,True,2026-07-20 15:00:00+05:30,1085.5,2.3600693691741395,False,,,,False,,False,False,False,False,False
25,2026-07-20,SELL,2026-07-20 13:50:00+05:30,2026-07-20 13:55:00+05:30,1089.8548,1.845199999999977,1091.7,1086.1644,2026-07-20 15:05:00+05:30,TARGET,1.5,0.75,True,2026-07-20 15:00:00+05:30,1085.5,2.3600693691741395,False,,,,False,,False,False,False,False,False
25,2026-07-20,SELL,2026-07-20 13:50:00+05:30,2026-07-20 13:55:00+05:30,1089.8548,1.845199999999977,1091.7,1086.1644,2026-07-20 15:05:00+05:30,TARGET,1.5,1.0,True,2026-07-20 15:00:00+05:30,1085.5,2.3600693691741395,False,,,,False,,False,False,False,False,False
26,2026-07-21,SELL,2026-07-21 09:45:00+05:30,2026-07-21 09:50:00+05:30,1076.56145,8.338550000000168,1084.9,1059.8843499999996,2026-07-21 11:10:00+05:30,STOP_LOSS,0.5,0.25,True,2026-07-21 10:20:00+05:30,1067.2,1.1226712078238648,True,2026-07-21 10:25:00+05:30,1074.1846375,0.25,False,,False,False,False,False,False
26,2026-07-21,SELL,2026-07-21 09:45:00+05:30,2026-07-21 09:50:00+05:30,1076.56145,8.338550000000168,1084.9,1059.8843499999996,2026-07-21 11:10:00+05:30,STOP_LOSS,0.5,0.5,True,2026-07-21 10:20:00+05:30,1067.2,1.1226712078238648,True,2026-07-21 11:00:00+05:30,1071.369275,0.5,False,,False,False,False,False,False
26,2026-07-21,SELL,2026-07-21 09:45:00+05:30,2026-07-21 09:50:00+05:30,1076.56145,8.338550000000168,1084.9,1059.8843499999996,2026-07-21 11:10:00+05:30,STOP_LOSS,0.5,0.75,True,2026-07-21 10:20:00+05:30,1067.2,1.1226712078238648,True,2026-07-21 11:00:00+05:30,1073.4539125000001,0.75,False,,False,False,False,False,False
26,2026-07-21,SELL,2026-07-21 09:45:00+05:30,2026-07-21 09:50:00+05:30,1076.56145,8.338550000000168,1084.9,1059.8843499999996,2026-07-21 11:10:00+05:30,STOP_LOSS,0.5,1.0,True,2026-07-21 10:20:00+05:30,1067.2,1.1226712078238648,True,2026-07-21 11:10:00+05:30,1075.5385500000002,1.0,False,,False,False,False,False,False
26,2026-07-21,SELL,2026-07-21 09:45:00+05:30,2026-07-21 09:50:00+05:30,1076.56145,8.338550000000168,1084.9,1059.8843499999996,2026-07-21 11:10:00+05:30,STOP_LOSS,0.75,0.25,True,2026-07-21 10:45:00+05:30,1067.2,1.1226712078238648,True,2026-07-21 10:55:00+05:30,1069.2846375000001,0.25,False,,False,False,False,False,False
26,2026-07-21,SELL,2026-07-21 09:45:00+05:30,2026-07-21 09:50:00+05:30,1076.56145,8.338550000000168,1084.9,1059.8843499999996,2026-07-21 11:10:00+05:30,STOP_LOSS,0.75,0.5,True,2026-07-21 10:45:00+05:30,1067.2,1.1226712078238648,True,2026-07-21 11:00:00+05:30,1071.369275,0.5,False,,False,False,False,False,False
26,2026-07-21,SELL,2026-07-21 09:45:00+05:30,2026-07-21 09:50:00+05:30,1076.56145,8.338550000000168,1084.9,1059.8843499999996,2026-07-21 11:10:00+05:30,STOP_LOSS,0.75,0.75,True,2026-07-21 10:45:00+05:30,1067.2,1.1226712078238648,True,2026-07-21 11:00:00+05:30,1073.4539125000001,0.75,False,,False,False,False,False,False
26,2026-07-21,SELL,2026-07-21 09:45:00+05:30,2026-07-21 09:50:00+05:30,1076.56145,8.338550000000168,1084.9,1059.8843499999996,2026-07-21 11:10:00+05:30,STOP_LOSS,0.75,1.0,True,2026-07-21 10:45:00+05:30,1067.2,1.1226712078238648,True,2026-07-21 11:10:00+05:30,1075.5385500000002,1.0,False,,False,False,False,False,False
26,2026-07-21,SELL,2026-07-21 09:45:00+05:30,2026-07-21 09:50:00+05:30,1076.56145,8.338550000000168,1084.9,1059.8843499999996,2026-07-21 11:10:00+05:30,STOP_LOSS,1.0,0.25,True,2026-07-21 10:50:00+05:30,1067.2,1.1226712078238648,True,2026-07-21 10:55:00+05:30,1069.2846375000001,0.25,False,,False,False,False,False,False
26,2026-07-21,SELL,2026-07-21 09:45:00+05:30,2026-07-21 09:50:00+05:30,1076.56145,8.338550000000168,1084.9,1059.8843499999996,2026-07-21 11:10:00+05:30,STOP_LOSS,1.0,0.5,True,2026-07-21 10:50:00+05:30,1067.2,1.1226712078238648,True,2026-07-21 11:00:00+05:30,1071.369275,0.5,False,,False,False,False,False,False
26,2026-07-21,SELL,2026-07-21 09:45:00+05:30,2026-07-21 09:50:00+05:30,1076.56145,8.338550000000168,1084.9,1059.8843499999996,2026-07-21 11:10:00+05:30,STOP_LOSS,1.0,0.75,True,2026-07-21 10:50:00+05:30,1067.2,1.1226712078238648,True,2026-07-21 11:00:00+05:30,1073.4539125000001,0.75,False,,False,False,False,False,False
26,2026-07-21,SELL,2026-07-21 09:45:00+05:30,2026-07-21 09:50:00+05:30,1076.56145,8.338550000000168,1084.9,1059.8843499999996,2026-07-21 11:10:00+05:30,STOP_LOSS,1.0,1.0,True,2026-07-21 10:50:00+05:30,1067.2,1.1226712078238648,True,2026-07-21 11:10:00+05:30,1075.5385500000002,1.0,False,,False,False,False,False,False
26,2026-07-21,SELL,2026-07-21 09:45:00+05:30,2026-07-21 09:50:00+05:30,1076.56145,8.338550000000168,1084.9,1059.8843499999996,2026-07-21 11:10:00+05:30,STOP_LOSS,1.25,0.25,False,,,,False,,,,False,,False,False,False,False,False
26,2026-07-21,SELL,2026-07-21 09:45:00+05:30,2026-07-21 09:50:00+05:30,1076.56145,8.338550000000168,1084.9,1059.8843499999996,2026-07-21 11:10:00+05:30,STOP_LOSS,1.25,0.5,False,,,,False,,,,False,,False,False,False,False,False
26,2026-07-21,SELL,2026-07-21 09:45:00+05:30,2026-07-21 09:50:00+05:30,1076.56145,8.338550000000168,1084.9,1059.8843499999996,2026-07-21 11:10:00+05:30,STOP_LOSS,1.25,0.75,False,,,,False,,,,False,,False,False,False,False,False
26,2026-07-21,SELL,2026-07-21 09:45:00+05:30,2026-07-21 09:50:00+05:30,1076.56145,8.338550000000168,1084.9,1059.8843499999996,2026-07-21 11:10:00+05:30,STOP_LOSS,1.25,1.0,False,,,,False,,,,False,,False,False,False,False,False
26,2026-07-21,SELL,2026-07-21 09:45:00+05:30,2026-07-21 09:50:00+05:30,1076.56145,8.338550000000168,1084.9,1059.8843499999996,2026-07-21 11:10:00+05:30,STOP_LOSS,1.5,0.25,False,,,,False,,,,False,,False,False,False,False,False
26,2026-07-21,SELL,2026-07-21 09:45:00+05:30,2026-07-21 09:50:00+05:30,1076.56145,8.338550000000168,1084.9,1059.8843499999996,2026-07-21 11:10:00+05:30,STOP_LOSS,1.5,0.5,False,,,,False,,,,False,,False,False,False,False,False
26,2026-07-21,SELL,2026-07-21 09:45:00+05:30,2026-07-21 09:50:00+05:30,1076.56145,8.338550000000168,1084.9,1059.8843499999996,2026-07-21 11:10:00+05:30,STOP_LOSS,1.5,0.75,False,,,,False,,,,False,,False,False,False,False,False
26,2026-07-21,SELL,2026-07-21 09:45:00+05:30,2026-07-21 09:50:00+05:30,1076.56145,8.338550000000168,1084.9,1059.8843499999996,2026-07-21 11:10:00+05:30,STOP_LOSS,1.5,1.0,False,,,,False,,,,False,,False,False,False,False,False
27,2026-07-22,SELL,2026-07-22 10:20:00+05:30,2026-07-22 10:25:00+05:30,1058.0707,4.229299999999967,1062.3,1049.6121,2026-07-22 12:35:00+05:30,TARGET,0.5,0.25,True,2026-07-22 11:15:00+05:30,1048.3,2.310240465325257,True,2026-07-22 11:20:00+05:30,1056.057325,0.25,False,,False,False,False,False,False
27,2026-07-22,SELL,2026-07-22 10:20:00+05:30,2026-07-22 10:25:00+05:30,1058.0707,4.229299999999967,1062.3,1049.6121,2026-07-22 12:35:00+05:30,TARGET,0.5,0.5,True,2026-07-22 11:15:00+05:30,1048.3,2.310240465325257,True,2026-07-22 11:20:00+05:30,1057.11465,0.5,False,,False,False,False,False,False
27,2026-07-22,SELL,2026-07-22 10:20:00+05:30,2026-07-22 10:25:00+05:30,1058.0707,4.229299999999967,1062.3,1049.6121,2026-07-22 12:35:00+05:30,TARGET,0.5,0.75,True,2026-07-22 11:15:00+05:30,1048.3,2.310240465325257,True,2026-07-22 11:20:00+05:30,1058.171975,0.75,False,,False,False,False,False,False
27,2026-07-22,SELL,2026-07-22 10:20:00+05:30,2026-07-22 10:25:00+05:30,1058.0707,4.229299999999967,1062.3,1049.6121,2026-07-22 12:35:00+05:30,TARGET,0.5,1.0,True,2026-07-22 11:15:00+05:30,1048.3,2.310240465325257,True,2026-07-22 11:20:00+05:30,1059.2293,1.0,False,,False,False,False,False,False
27,2026-07-22,SELL,2026-07-22 10:20:00+05:30,2026-07-22 10:25:00+05:30,1058.0707,4.229299999999967,1062.3,1049.6121,2026-07-22 12:35:00+05:30,TARGET,0.75,0.25,True,2026-07-22 12:20:00+05:30,1048.3,2.310240465325257,False,,,,False,,False,False,False,False,False
27,2026-07-22,SELL,2026-07-22 10:20:00+05:30,2026-07-22 10:25:00+05:30,1058.0707,4.229299999999967,1062.3,1049.6121,2026-07-22 12:35:00+05:30,TARGET,0.75,0.5,True,2026-07-22 12:20:00+05:30,1048.3,2.310240465325257,False,,,,False,,False,False,False,False,False
27,2026-07-22,SELL,2026-07-22 10:20:00+05:30,2026-07-22 10:25:00+05:30,1058.0707,4.229299999999967,1062.3,1049.6121,2026-07-22 12:35:00+05:30,TARGET,0.75,0.75,True,2026-07-22 12:20:00+05:30,1048.3,2.310240465325257,False,,,,False,,False,False,False,False,False
27,2026-07-22,SELL,2026-07-22 10:20:00+05:30,2026-07-22 10:25:00+05:30,1058.0707,4.229299999999967,1062.3,1049.6121,2026-07-22 12:35:00+05:30,TARGET,0.75,1.0,True,2026-07-22 12:20:00+05:30,1048.3,2.310240465325257,False,,,,False,,False,False,False,False,False
27,2026-07-22,SELL,2026-07-22 10:20:00+05:30,2026-07-22 10:25:00+05:30,1058.0707,4.229299999999967,1062.3,1049.6121,2026-07-22 12:35:00+05:30,TARGET,1.0,0.25,True,2026-07-22 12:20:00+05:30,1048.3,2.310240465325257,False,,,,False,,False,False,False,False,False
27,2026-07-22,SELL,2026-07-22 10:20:00+05:30,2026-07-22 10:25:00+05:30,1058.0707,4.229299999999967,1062.3,1049.6121,2026-07-22 12:35:00+05:30,TARGET,1.0,0.5,True,2026-07-22 12:20:00+05:30,1048.3,2.310240465325257,False,,,,False,,False,False,False,False,False
27,2026-07-22,SELL,2026-07-22 10:20:00+05:30,2026-07-22 10:25:00+05:30,1058.0707,4.229299999999967,1062.3,1049.6121,2026-07-22 12:35:00+05:30,TARGET,1.0,0.75,True,2026-07-22 12:20:00+05:30,1048.3,2.310240465325257,False,,,,False,,False,False,False,False,False
27,2026-07-22,SELL,2026-07-22 10:20:00+05:30,2026-07-22 10:25:00+05:30,1058.0707,4.229299999999967,1062.3,1049.6121,2026-07-22 12:35:00+05:30,TARGET,1.0,1.0,True,2026-07-22 12:20:00+05:30,1048.3,2.310240465325257,False,,,,False,,False,False,False,False,False
27,2026-07-22,SELL,2026-07-22 10:20:00+05:30,2026-07-22 10:25:00+05:30,1058.0707,4.229299999999967,1062.3,1049.6121,2026-07-22 12:35:00+05:30,TARGET,1.25,0.25,True,2026-07-22 12:30:00+05:30,1048.3,2.310240465325257,False,,,,False,,False,False,False,False,False
27,2026-07-22,SELL,2026-07-22 10:20:00+05:30,2026-07-22 10:25:00+05:30,1058.0707,4.229299999999967,1062.3,1049.6121,2026-07-22 12:35:00+05:30,TARGET,1.25,0.5,True,2026-07-22 12:30:00+05:30,1048.3,2.310240465325257,False,,,,False,,False,False,False,False,False
27,2026-07-22,SELL,2026-07-22 10:20:00+05:30,2026-07-22 10:25:00+05:30,1058.0707,4.229299999999967,1062.3,1049.6121,2026-07-22 12:35:00+05:30,TARGET,1.25,0.75,True,2026-07-22 12:30:00+05:30,1048.3,2.310240465325257,False,,,,False,,False,False,False,False,False
27,2026-07-22,SELL,2026-07-22 10:20:00+05:30,2026-07-22 10:25:00+05:30,1058.0707,4.229299999999967,1062.3,1049.6121,2026-07-22 12:35:00+05:30,TARGET,1.25,1.0,True,2026-07-22 12:30:00+05:30,1048.3,2.310240465325257,False,,,,False,,False,False,False,False,False
27,2026-07-22,SELL,2026-07-22 10:20:00+05:30,2026-07-22 10:25:00+05:30,1058.0707,4.229299999999967,1062.3,1049.6121,2026-07-22 12:35:00+05:30,TARGET,1.5,0.25,True,2026-07-22 12:35:00+05:30,1048.3,2.310240465325257,False,,,,False,,False,False,False,False,False
27,2026-07-22,SELL,2026-07-22 10:20:00+05:30,2026-07-22 10:25:00+05:30,1058.0707,4.229299999999967,1062.3,1049.6121,2026-07-22 12:35:00+05:30,TARGET,1.5,0.5,True,2026-07-22 12:35:00+05:30,1048.3,2.310240465325257,False,,,,False,,False,False,False,False,False
27,2026-07-22,SELL,2026-07-22 10:20:00+05:30,2026-07-22 10:25:00+05:30,1058.0707,4.229299999999967,1062.3,1049.6121,2026-07-22 12:35:00+05:30,TARGET,1.5,0.75,True,2026-07-22 12:35:00+05:30,1048.3,2.310240465325257,False,,,,False,,False,False,False,False,False
27,2026-07-22,SELL,2026-07-22 10:20:00+05:30,2026-07-22 10:25:00+05:30,1058.0707,4.229299999999967,1062.3,1049.6121,2026-07-22 12:35:00+05:30,TARGET,1.5,1.0,True,2026-07-22 12:35:00+05:30,1048.3,2.310240465325257,False,,,,False,,False,False,False,False,False
28,2026-07-23,BUY,2026-07-23 11:10:00+05:30,2026-07-23 11:15:00+05:30,1049.1243,5.224299999999857,1043.9,1059.5728999999997,2026-07-23 11:25:00+05:30,STOP_LOSS,0.5,0.25,False,,,,False,,,,False,,False,False,False,False,False
28,2026-07-23,BUY,2026-07-23 11:10:00+05:30,2026-07-23 11:15:00+05:30,1049.1243,5.224299999999857,1043.9,1059.5728999999997,2026-07-23 11:25:00+05:30,STOP_LOSS,0.5,0.5,False,,,,False,,,,False,,False,False,False,False,False
28,2026-07-23,BUY,2026-07-23 11:10:00+05:30,2026-07-23 11:15:00+05:30,1049.1243,5.224299999999857,1043.9,1059.5728999999997,2026-07-23 11:25:00+05:30,STOP_LOSS,0.5,0.75,False,,,,False,,,,False,,False,False,False,False,False
28,2026-07-23,BUY,2026-07-23 11:10:00+05:30,2026-07-23 11:15:00+05:30,1049.1243,5.224299999999857,1043.9,1059.5728999999997,2026-07-23 11:25:00+05:30,STOP_LOSS,0.5,1.0,False,,,,False,,,,False,,False,False,False,False,False
28,2026-07-23,BUY,2026-07-23 11:10:00+05:30,2026-07-23 11:15:00+05:30,1049.1243,5.224299999999857,1043.9,1059.5728999999997,2026-07-23 11:25:00+05:30,STOP_LOSS,0.75,0.25,False,,,,False,,,,False,,False,False,False,False,False
28,2026-07-23,BUY,2026-07-23 11:10:00+05:30,2026-07-23 11:15:00+05:30,1049.1243,5.224299999999857,1043.9,1059.5728999999997,2026-07-23 11:25:00+05:30,STOP_LOSS,0.75,0.5,False,,,,False,,,,False,,False,False,False,False,False
28,2026-07-23,BUY,2026-07-23 11:10:00+05:30,2026-07-23 11:15:00+05:30,1049.1243,5.224299999999857,1043.9,1059.5728999999997,2026-07-23 11:25:00+05:30,STOP_LOSS,0.75,0.75,False,,,,False,,,,False,,False,False,False,False,False
28,2026-07-23,BUY,2026-07-23 11:10:00+05:30,2026-07-23 11:15:00+05:30,1049.1243,5.224299999999857,1043.9,1059.5728999999997,2026-07-23 11:25:00+05:30,STOP_LOSS,0.75,1.0,False,,,,False,,,,False,,False,False,False,False,False
28,2026-07-23,BUY,2026-07-23 11:10:00+05:30,2026-07-23 11:15:00+05:30,1049.1243,5.224299999999857,1043.9,1059.5728999999997,2026-07-23 11:25:00+05:30,STOP_LOSS,1.0,0.25,False,,,,False,,,,False,,False,False,False,False,False
28,2026-07-23,BUY,2026-07-23 11:10:00+05:30,2026-07-23 11:15:00+05:30,1049.1243,5.224299999999857,1043.9,1059.5728999999997,2026-07-23 11:25:00+05:30,STOP_LOSS,1.0,0.5,False,,,,False,,,,False,,False,False,False,False,False
28,2026-07-23,BUY,2026-07-23 11:10:00+05:30,2026-07-23 11:15:00+05:30,1049.1243,5.224299999999857,1043.9,1059.5728999999997,2026-07-23 11:25:00+05:30,STOP_LOSS,1.0,0.75,False,,,,False,,,,False,,False,False,False,False,False
28,2026-07-23,BUY,2026-07-23 11:10:00+05:30,2026-07-23 11:15:00+05:30,1049.1243,5.224299999999857,1043.9,1059.5728999999997,2026-07-23 11:25:00+05:30,STOP_LOSS,1.0,1.0,False,,,,False,,,,False,,False,False,False,False,False
28,2026-07-23,BUY,2026-07-23 11:10:00+05:30,2026-07-23 11:15:00+05:30,1049.1243,5.224299999999857,1043.9,1059.5728999999997,2026-07-23 11:25:00+05:30,STOP_LOSS,1.25,0.25,False,,,,False,,,,False,,False,False,False,False,False
28,2026-07-23,BUY,2026-07-23 11:10:00+05:30,2026-07-23 11:15:00+05:30,1049.1243,5.224299999999857,1043.9,1059.5728999999997,2026-07-23 11:25:00+05:30,STOP_LOSS,1.25,0.5,False,,,,False,,,,False,,False,False,False,False,False
28,2026-07-23,BUY,2026-07-23 11:10:00+05:30,2026-07-23 11:15:00+05:30,1049.1243,5.224299999999857,1043.9,1059.5728999999997,2026-07-23 11:25:00+05:30,STOP_LOSS,1.25,0.75,False,,,,False,,,,False,,False,False,False,False,False
28,2026-07-23,BUY,2026-07-23 11:10:00+05:30,2026-07-23 11:15:00+05:30,1049.1243,5.224299999999857,1043.9,1059.5728999999997,2026-07-23 11:25:00+05:30,STOP_LOSS,1.25,1.0,False,,,,False,,,,False,,False,False,False,False,False
28,2026-07-23,BUY,2026-07-23 11:10:00+05:30,2026-07-23 11:15:00+05:30,1049.1243,5.224299999999857,1043.9,1059.5728999999997,2026-07-23 11:25:00+05:30,STOP_LOSS,1.5,0.25,False,,,,False,,,,False,,False,False,False,False,False
28,2026-07-23,BUY,2026-07-23 11:10:00+05:30,2026-07-23 11:15:00+05:30,1049.1243,5.224299999999857,1043.9,1059.5728999999997,2026-07-23 11:25:00+05:30,STOP_LOSS,1.5,0.5,False,,,,False,,,,False,,False,False,False,False,False
28,2026-07-23,BUY,2026-07-23 11:10:00+05:30,2026-07-23 11:15:00+05:30,1049.1243,5.224299999999857,1043.9,1059.5728999999997,2026-07-23 11:25:00+05:30,STOP_LOSS,1.5,0.75,False,,,,False,,,,False,,False,False,False,False,False
28,2026-07-23,BUY,2026-07-23 11:10:00+05:30,2026-07-23 11:15:00+05:30,1049.1243,5.224299999999857,1043.9,1059.5728999999997,2026-07-23 11:25:00+05:30,STOP_LOSS,1.5,1.0,False,,,,False,,,,False,,False,False,False,False,False
29,2026-07-23,BUY,2026-07-23 11:45:00+05:30,2026-07-23 11:50:00+05:30,1048.62405,2.5240499999999884,1046.1,1053.67215,2026-07-23 12:00:00+05:30,TARGET,0.5,0.25,True,2026-07-23 11:50:00+05:30,1054.9,2.4864602523722676,False,,,,False,,False,False,False,False,False
29,2026-07-23,BUY,2026-07-23 11:45:00+05:30,2026-07-23 11:50:00+05:30,1048.62405,2.5240499999999884,1046.1,1053.67215,2026-07-23 12:00:00+05:30,TARGET,0.5,0.5,True,2026-07-23 11:50:00+05:30,1054.9,2.4864602523722676,False,,,,False,,False,False,False,False,False
29,2026-07-23,BUY,2026-07-23 11:45:00+05:30,2026-07-23 11:50:00+05:30,1048.62405,2.5240499999999884,1046.1,1053.67215,2026-07-23 12:00:00+05:30,TARGET,0.5,0.75,True,2026-07-23 11:50:00+05:30,1054.9,2.4864602523722676,False,,,,False,,False,False,False,False,False
29,2026-07-23,BUY,2026-07-23 11:45:00+05:30,2026-07-23 11:50:00+05:30,1048.62405,2.5240499999999884,1046.1,1053.67215,2026-07-23 12:00:00+05:30,TARGET,0.5,1.0,True,2026-07-23 11:50:00+05:30,1054.9,2.4864602523722676,False,,,,False,,False,False,False,False,False
29,2026-07-23,BUY,2026-07-23 11:45:00+05:30,2026-07-23 11:50:00+05:30,1048.62405,2.5240499999999884,1046.1,1053.67215,2026-07-23 12:00:00+05:30,TARGET,0.75,0.25,True,2026-07-23 11:50:00+05:30,1054.9,2.4864602523722676,False,,,,False,,False,False,False,False,False
29,2026-07-23,BUY,2026-07-23 11:45:00+05:30,2026-07-23 11:50:00+05:30,1048.62405,2.5240499999999884,1046.1,1053.67215,2026-07-23 12:00:00+05:30,TARGET,0.75,0.5,True,2026-07-23 11:50:00+05:30,1054.9,2.4864602523722676,False,,,,False,,False,False,False,False,False
29,2026-07-23,BUY,2026-07-23 11:45:00+05:30,2026-07-23 11:50:00+05:30,1048.62405,2.5240499999999884,1046.1,1053.67215,2026-07-23 12:00:00+05:30,TARGET,0.75,0.75,True,2026-07-23 11:50:00+05:30,1054.9,2.4864602523722676,False,,,,False,,False,False,False,False,False
29,2026-07-23,BUY,2026-07-23 11:45:00+05:30,2026-07-23 11:50:00+05:30,1048.62405,2.5240499999999884,1046.1,1053.67215,2026-07-23 12:00:00+05:30,TARGET,0.75,1.0,True,2026-07-23 11:50:00+05:30,1054.9,2.4864602523722676,False,,,,False,,False,False,False,False,False
29,2026-07-23,BUY,2026-07-23 11:45:00+05:30,2026-07-23 11:50:00+05:30,1048.62405,2.5240499999999884,1046.1,1053.67215,2026-07-23 12:00:00+05:30,TARGET,1.0,0.25,True,2026-07-23 11:50:00+05:30,1054.9,2.4864602523722676,False,,,,False,,False,False,False,False,False
29,2026-07-23,BUY,2026-07-23 11:45:00+05:30,2026-07-23 11:50:00+05:30,1048.62405,2.5240499999999884,1046.1,1053.67215,2026-07-23 12:00:00+05:30,TARGET,1.0,0.5,True,2026-07-23 11:50:00+05:30,1054.9,2.4864602523722676,False,,,,False,,False,False,False,False,False
29,2026-07-23,BUY,2026-07-23 11:45:00+05:30,2026-07-23 11:50:00+05:30,1048.62405,2.5240499999999884,1046.1,1053.67215,2026-07-23 12:00:00+05:30,TARGET,1.0,0.75,True,2026-07-23 11:50:00+05:30,1054.9,2.4864602523722676,False,,,,False,,False,False,False,False,False
29,2026-07-23,BUY,2026-07-23 11:45:00+05:30,2026-07-23 11:50:00+05:30,1048.62405,2.5240499999999884,1046.1,1053.67215,2026-07-23 12:00:00+05:30,TARGET,1.0,1.0,True,2026-07-23 11:50:00+05:30,1054.9,2.4864602523722676,False,,,,False,,False,False,False,False,False
29,2026-07-23,BUY,2026-07-23 11:45:00+05:30,2026-07-23 11:50:00+05:30,1048.62405,2.5240499999999884,1046.1,1053.67215,2026-07-23 12:00:00+05:30,TARGET,1.25,0.25,True,2026-07-23 11:55:00+05:30,1054.9,2.4864602523722676,False,,,,False,,False,False,False,False,False
29,2026-07-23,BUY,2026-07-23 11:45:00+05:30,2026-07-23 11:50:00+05:30,1048.62405,2.5240499999999884,1046.1,1053.67215,2026-07-23 12:00:00+05:30,TARGET,1.25,0.5,True,2026-07-23 11:55:00+05:30,1054.9,2.4864602523722676,False,,,,False,,False,False,False,False,False
29,2026-07-23,BUY,2026-07-23 11:45:00+05:30,2026-07-23 11:50:00+05:30,1048.62405,2.5240499999999884,1046.1,1053.67215,2026-07-23 12:00:00+05:30,TARGET,1.25,0.75,True,2026-07-23 11:55:00+05:30,1054.9,2.4864602523722676,False,,,,False,,False,False,False,False,False
29,2026-07-23,BUY,2026-07-23 11:45:00+05:30,2026-07-23 11:50:00+05:30,1048.62405,2.5240499999999884,1046.1,1053.67215,2026-07-23 12:00:00+05:30,TARGET,1.25,1.0,True,2026-07-23 11:55:00+05:30,1054.9,2.4864602523722676,False,,,,False,,False,False,False,False,False
29,2026-07-23,BUY,2026-07-23 11:45:00+05:30,2026-07-23 11:50:00+05:30,1048.62405,2.5240499999999884,1046.1,1053.67215,2026-07-23 12:00:00+05:30,TARGET,1.5,0.25,True,2026-07-23 11:55:00+05:30,1054.9,2.4864602523722676,False,,,,False,,False,False,False,False,False
29,2026-07-23,BUY,2026-07-23 11:45:00+05:30,2026-07-23 11:50:00+05:30,1048.62405,2.5240499999999884,1046.1,1053.67215,2026-07-23 12:00:00+05:30,TARGET,1.5,0.5,True,2026-07-23 11:55:00+05:30,1054.9,2.4864602523722676,False,,,,False,,False,False,False,False,False
29,2026-07-23,BUY,2026-07-23 11:45:00+05:30,2026-07-23 11:50:00+05:30,1048.62405,2.5240499999999884,1046.1,1053.67215,2026-07-23 12:00:00+05:30,TARGET,1.5,0.75,True,2026-07-23 11:55:00+05:30,1054.9,2.4864602523722676,False,,,,False,,False,False,False,False,False
29,2026-07-23,BUY,2026-07-23 11:45:00+05:30,2026-07-23 11:50:00+05:30,1048.62405,2.5240499999999884,1046.1,1053.67215,2026-07-23 12:00:00+05:30,TARGET,1.5,1.0,True,2026-07-23 11:55:00+05:30,1054.9,2.4864602523722676,False,,,,False,,False,False,False,False,False
30,2026-07-23,BUY,2026-07-23 14:15:00+05:30,2026-07-23 14:20:00+05:30,1047.82365,2.8236500000000437,1045.0,1053.47095,2026-07-23 14:30:00+05:30,TARGET,0.5,0.25,True,2026-07-23 14:25:00+05:30,1055.0,2.5415154144457865,False,,,,False,,False,False,False,False,False
30,2026-07-23,BUY,2026-07-23 14:15:00+05:30,2026-07-23 14:20:00+05:30,1047.82365,2.8236500000000437,1045.0,1053.47095,2026-07-23 14:30:00+05:30,TARGET,0.5,0.5,True,2026-07-23 14:25:00+05:30,1055.0,2.5415154144457865,False,,,,False,,False,False,False,False,False
30,2026-07-23,BUY,2026-07-23 14:15:00+05:30,2026-07-23 14:20:00+05:30,1047.82365,2.8236500000000437,1045.0,1053.47095,2026-07-23 14:30:00+05:30,TARGET,0.5,0.75,True,2026-07-23 14:25:00+05:30,1055.0,2.5415154144457865,False,,,,False,,False,False,False,False,False
30,2026-07-23,BUY,2026-07-23 14:15:00+05:30,2026-07-23 14:20:00+05:30,1047.82365,2.8236500000000437,1045.0,1053.47095,2026-07-23 14:30:00+05:30,TARGET,0.5,1.0,True,2026-07-23 14:25:00+05:30,1055.0,2.5415154144457865,False,,,,False,,False,False,False,False,False
30,2026-07-23,BUY,2026-07-23 14:15:00+05:30,2026-07-23 14:20:00+05:30,1047.82365,2.8236500000000437,1045.0,1053.47095,2026-07-23 14:30:00+05:30,TARGET,0.75,0.25,True,2026-07-23 14:30:00+05:30,1055.0,2.5415154144457865,False,,,,False,,False,False,False,False,False
30,2026-07-23,BUY,2026-07-23 14:15:00+05:30,2026-07-23 14:20:00+05:30,1047.82365,2.8236500000000437,1045.0,1053.47095,2026-07-23 14:30:00+05:30,TARGET,0.75,0.5,True,2026-07-23 14:30:00+05:30,1055.0,2.5415154144457865,False,,,,False,,False,False,False,False,False
30,2026-07-23,BUY,2026-07-23 14:15:00+05:30,2026-07-23 14:20:00+05:30,1047.82365,2.8236500000000437,1045.0,1053.47095,2026-07-23 14:30:00+05:30,TARGET,0.75,0.75,True,2026-07-23 14:30:00+05:30,1055.0,2.5415154144457865,False,,,,False,,False,False,False,False,False
30,2026-07-23,BUY,2026-07-23 14:15:00+05:30,2026-07-23 14:20:00+05:30,1047.82365,2.8236500000000437,1045.0,1053.47095,2026-07-23 14:30:00+05:30,TARGET,0.75,1.0,True,2026-07-23 14:30:00+05:30,1055.0,2.5415154144457865,False,,,,False,,False,False,False,False,False
30,2026-07-23,BUY,2026-07-23 14:15:00+05:30,2026-07-23 14:20:00+05:30,1047.82365,2.8236500000000437,1045.0,1053.47095,2026-07-23 14:30:00+05:30,TARGET,1.0,0.25,True,2026-07-23 14:30:00+05:30,1055.0,2.5415154144457865,False,,,,False,,False,False,False,False,False
30,2026-07-23,BUY,2026-07-23 14:15:00+05:30,2026-07-23 14:20:00+05:30,1047.82365,2.8236500000000437,1045.0,1053.47095,2026-07-23 14:30:00+05:30,TARGET,1.0,0.5,True,2026-07-23 14:30:00+05:30,1055.0,2.5415154144457865,False,,,,False,,False,False,False,False,False
30,2026-07-23,BUY,2026-07-23 14:15:00+05:30,2026-07-23 14:20:00+05:30,1047.82365,2.8236500000000437,1045.0,1053.47095,2026-07-23 14:30:00+05:30,TARGET,1.0,0.75,True,2026-07-23 14:30:00+05:30,1055.0,2.5415154144457865,False,,,,False,,False,False,False,False,False
30,2026-07-23,BUY,2026-07-23 14:15:00+05:30,2026-07-23 14:20:00+05:30,1047.82365,2.8236500000000437,1045.0,1053.47095,2026-07-23 14:30:00+05:30,TARGET,1.0,1.0,True,2026-07-23 14:30:00+05:30,1055.0,2.5415154144457865,False,,,,False,,False,False,False,False,False
30,2026-07-23,BUY,2026-07-23 14:15:00+05:30,2026-07-23 14:20:00+05:30,1047.82365,2.8236500000000437,1045.0,1053.47095,2026-07-23 14:30:00+05:30,TARGET,1.25,0.25,True,2026-07-23 14:30:00+05:30,1055.0,2.5415154144457865,False,,,,False,,False,False,False,False,False
30,2026-07-23,BUY,2026-07-23 14:15:00+05:30,2026-07-23 14:20:00+05:30,1047.82365,2.8236500000000437,1045.0,1053.47095,2026-07-23 14:30:00+05:30,TARGET,1.25,0.5,True,2026-07-23 14:30:00+05:30,1055.0,2.5415154144457865,False,,,,False,,False,False,False,False,False
30,2026-07-23,BUY,2026-07-23 14:15:00+05:30,2026-07-23 14:20:00+05:30,1047.82365,2.8236500000000437,1045.0,1053.47095,2026-07-23 14:30:00+05:30,TARGET,1.25,0.75,True,2026-07-23 14:30:00+05:30,1055.0,2.5415154144457865,False,,,,False,,False,False,False,False,False
30,2026-07-23,BUY,2026-07-23 14:15:00+05:30,2026-07-23 14:20:00+05:30,1047.82365,2.8236500000000437,1045.0,1053.47095,2026-07-23 14:30:00+05:30,TARGET,1.25,1.0,True,2026-07-23 14:30:00+05:30,1055.0,2.5415154144457865,False,,,,False,,False,False,False,False,False
30,2026-07-23,BUY,2026-07-23 14:15:00+05:30,2026-07-23 14:20:00+05:30,1047.82365,2.8236500000000437,1045.0,1053.47095,2026-07-23 14:30:00+05:30,TARGET,1.5,0.25,True,2026-07-23 14:30:00+05:30,1055.0,2.5415154144457865,False,,,,False,,False,False,False,False,False
30,2026-07-23,BUY,2026-07-23 14:15:00+05:30,2026-07-23 14:20:00+05:30,1047.82365,2.8236500000000437,1045.0,1053.47095,2026-07-23 14:30:00+05:30,TARGET,1.5,0.5,True,2026-07-23 14:30:00+05:30,1055.0,2.5415154144457865,False,,,,False,,False,False,False,False,False
30,2026-07-23,BUY,2026-07-23 14:15:00+05:30,2026-07-23 14:20:00+05:30,1047.82365,2.8236500000000437,1045.0,1053.47095,2026-07-23 14:30:00+05:30,TARGET,1.5,0.75,True,2026-07-23 14:30:00+05:30,1055.0,2.5415154144457865,False,,,,False,,False,False,False,False,False
30,2026-07-23,BUY,2026-07-23 14:15:00+05:30,2026-07-23 14:20:00+05:30,1047.82365,2.8236500000000437,1045.0,1053.47095,2026-07-23 14:30:00+05:30,TARGET,1.5,1.0,True,2026-07-23 14:30:00+05:30,1055.0,2.5415154144457865,False,,,,False,,False,False,False,False,False
31,2026-07-23,BUY,2026-07-23 15:05:00+05:30,2026-07-23 15:10:00+05:30,1047.6235499999998,3.5235499999998865,1044.1,1054.6706499999996,2026-07-23 15:10:00+05:30,STOP_LOSS,0.5,0.25,False,,,,False,,,,False,,False,False,False,False,False
31,2026-07-23,BUY,2026-07-23 15:05:00+05:30,2026-07-23 15:10:00+05:30,1047.6235499999998,3.5235499999998865,1044.1,1054.6706499999996,2026-07-23 15:10:00+05:30,STOP_LOSS,0.5,0.5,False,,,,False,,,,False,,False,False,False,False,False
31,2026-07-23,BUY,2026-07-23 15:05:00+05:30,2026-07-23 15:10:00+05:30,1047.6235499999998,3.5235499999998865,1044.1,1054.6706499999996,2026-07-23 15:10:00+05:30,STOP_LOSS,0.5,0.75,False,,,,False,,,,False,,False,False,False,False,False
31,2026-07-23,BUY,2026-07-23 15:05:00+05:30,2026-07-23 15:10:00+05:30,1047.6235499999998,3.5235499999998865,1044.1,1054.6706499999996,2026-07-23 15:10:00+05:30,STOP_LOSS,0.5,1.0,False,,,,False,,,,False,,False,False,False,False,False
31,2026-07-23,BUY,2026-07-23 15:05:00+05:30,2026-07-23 15:10:00+05:30,1047.6235499999998,3.5235499999998865,1044.1,1054.6706499999996,2026-07-23 15:10:00+05:30,STOP_LOSS,0.75,0.25,False,,,,False,,,,False,,False,False,False,False,False
31,2026-07-23,BUY,2026-07-23 15:05:00+05:30,2026-07-23 15:10:00+05:30,1047.6235499999998,3.5235499999998865,1044.1,1054.6706499999996,2026-07-23 15:10:00+05:30,STOP_LOSS,0.75,0.5,False,,,,False,,,,False,,False,False,False,False,False
31,2026-07-23,BUY,2026-07-23 15:05:00+05:30,2026-07-23 15:10:00+05:30,1047.6235499999998,3.5235499999998865,1044.1,1054.6706499999996,2026-07-23 15:10:00+05:30,STOP_LOSS,0.75,0.75,False,,,,False,,,,False,,False,False,False,False,False
31,2026-07-23,BUY,2026-07-23 15:05:00+05:30,2026-07-23 15:10:00+05:30,1047.6235499999998,3.5235499999998865,1044.1,1054.6706499999996,2026-07-23 15:10:00+05:30,STOP_LOSS,0.75,1.0,False,,,,False,,,,False,,False,False,False,False,False
31,2026-07-23,BUY,2026-07-23 15:05:00+05:30,2026-07-23 15:10:00+05:30,1047.6235499999998,3.5235499999998865,1044.1,1054.6706499999996,2026-07-23 15:10:00+05:30,STOP_LOSS,1.0,0.25,False,,,,False,,,,False,,False,False,False,False,False
31,2026-07-23,BUY,2026-07-23 15:05:00+05:30,2026-07-23 15:10:00+05:30,1047.6235499999998,3.5235499999998865,1044.1,1054.6706499999996,2026-07-23 15:10:00+05:30,STOP_LOSS,1.0,0.5,False,,,,False,,,,False,,False,False,False,False,False
31,2026-07-23,BUY,2026-07-23 15:05:00+05:30,2026-07-23 15:10:00+05:30,1047.6235499999998,3.5235499999998865,1044.1,1054.6706499999996,2026-07-23 15:10:00+05:30,STOP_LOSS,1.0,0.75,False,,,,False,,,,False,,False,False,False,False,False
31,2026-07-23,BUY,2026-07-23 15:05:00+05:30,2026-07-23 15:10:00+05:30,1047.6235499999998,3.5235499999998865,1044.1,1054.6706499999996,2026-07-23 15:10:00+05:30,STOP_LOSS,1.0,1.0,False,,,,False,,,,False,,False,False,False,False,False
31,2026-07-23,BUY,2026-07-23 15:05:00+05:30,2026-07-23 15:10:00+05:30,1047.6235499999998,3.5235499999998865,1044.1,1054.6706499999996,2026-07-23 15:10:00+05:30,STOP_LOSS,1.25,0.25,False,,,,False,,,,False,,False,False,False,False,False
31,2026-07-23,BUY,2026-07-23 15:05:00+05:30,2026-07-23 15:10:00+05:30,1047.6235499999998,3.5235499999998865,1044.1,1054.6706499999996,2026-07-23 15:10:00+05:30,STOP_LOSS,1.25,0.5,False,,,,False,,,,False,,False,False,False,False,False
31,2026-07-23,BUY,2026-07-23 15:05:00+05:30,2026-07-23 15:10:00+05:30,1047.6235499999998,3.5235499999998865,1044.1,1054.6706499999996,2026-07-23 15:10:00+05:30,STOP_LOSS,1.25,0.75,False,,,,False,,,,False,,False,False,False,False,False
31,2026-07-23,BUY,2026-07-23 15:05:00+05:30,2026-07-23 15:10:00+05:30,1047.6235499999998,3.5235499999998865,1044.1,1054.6706499999996,2026-07-23 15:10:00+05:30,STOP_LOSS,1.25,1.0,False,,,,False,,,,False,,False,False,False,False,False
31,2026-07-23,BUY,2026-07-23 15:05:00+05:30,2026-07-23 15:10:00+05:30,1047.6235499999998,3.5235499999998865,1044.1,1054.6706499999996,2026-07-23 15:10:00+05:30,STOP_LOSS,1.5,0.25,False,,,,False,,,,False,,False,False,False,False,False
31,2026-07-23,BUY,2026-07-23 15:05:00+05:30,2026-07-23 15:10:00+05:30,1047.6235499999998,3.5235499999998865,1044.1,1054.6706499999996,2026-07-23 15:10:00+05:30,STOP_LOSS,1.5,0.5,False,,,,False,,,,False,,False,False,False,False,False
31,2026-07-23,BUY,2026-07-23 15:05:00+05:30,2026-07-23 15:10:00+05:30,1047.6235499999998,3.5235499999998865,1044.1,1054.6706499999996,2026-07-23 15:10:00+05:30,STOP_LOSS,1.5,0.75,False,,,,False,,,,False,,False,False,False,False,False
31,2026-07-23,BUY,2026-07-23 15:05:00+05:30,2026-07-23 15:10:00+05:30,1047.6235499999998,3.5235499999998865,1044.1,1054.6706499999996,2026-07-23 15:10:00+05:30,STOP_LOSS,1.5,1.0,False,,,,False,,,,False,,False,False,False,False,False
32,2026-07-23,BUY,2026-07-23 15:20:00+05:30,2026-07-23 15:25:00+05:30,1051.22535,5.025349999999889,1046.2,1061.2760499999995,2026-07-23 15:25:00+05:30,END_OF_DAY,0.5,0.25,True,2026-07-23 15:25:00+05:30,1058.5,1.4475907150746168,False,,,,False,,False,False,False,False,False
32,2026-07-23,BUY,2026-07-23 15:20:00+05:30,2026-07-23 15:25:00+05:30,1051.22535,5.025349999999889,1046.2,1061.2760499999995,2026-07-23 15:25:00+05:30,END_OF_DAY,0.5,0.5,True,2026-07-23 15:25:00+05:30,1058.5,1.4475907150746168,False,,,,False,,False,False,False,False,False
32,2026-07-23,BUY,2026-07-23 15:20:00+05:30,2026-07-23 15:25:00+05:30,1051.22535,5.025349999999889,1046.2,1061.2760499999995,2026-07-23 15:25:00+05:30,END_OF_DAY,0.5,0.75,True,2026-07-23 15:25:00+05:30,1058.5,1.4475907150746168,False,,,,False,,False,False,False,False,False
32,2026-07-23,BUY,2026-07-23 15:20:00+05:30,2026-07-23 15:25:00+05:30,1051.22535,5.025349999999889,1046.2,1061.2760499999995,2026-07-23 15:25:00+05:30,END_OF_DAY,0.5,1.0,True,2026-07-23 15:25:00+05:30,1058.5,1.4475907150746168,False,,,,False,,False,False,False,False,False
32,2026-07-23,BUY,2026-07-23 15:20:00+05:30,2026-07-23 15:25:00+05:30,1051.22535,5.025349999999889,1046.2,1061.2760499999995,2026-07-23 15:25:00+05:30,END_OF_DAY,0.75,0.25,True,2026-07-23 15:25:00+05:30,1058.5,1.4475907150746168,False,,,,False,,False,False,False,False,False
32,2026-07-23,BUY,2026-07-23 15:20:00+05:30,2026-07-23 15:25:00+05:30,1051.22535,5.025349999999889,1046.2,1061.2760499999995,2026-07-23 15:25:00+05:30,END_OF_DAY,0.75,0.5,True,2026-07-23 15:25:00+05:30,1058.5,1.4475907150746168,False,,,,False,,False,False,False,False,False
32,2026-07-23,BUY,2026-07-23 15:20:00+05:30,2026-07-23 15:25:00+05:30,1051.22535,5.025349999999889,1046.2,1061.2760499999995,2026-07-23 15:25:00+05:30,END_OF_DAY,0.75,0.75,True,2026-07-23 15:25:00+05:30,1058.5,1.4475907150746168,False,,,,False,,False,False,False,False,False
32,2026-07-23,BUY,2026-07-23 15:20:00+05:30,2026-07-23 15:25:00+05:30,1051.22535,5.025349999999889,1046.2,1061.2760499999995,2026-07-23 15:25:00+05:30,END_OF_DAY,0.75,1.0,True,2026-07-23 15:25:00+05:30,1058.5,1.4475907150746168,False,,,,False,,False,False,False,False,False
32,2026-07-23,BUY,2026-07-23 15:20:00+05:30,2026-07-23 15:25:00+05:30,1051.22535,5.025349999999889,1046.2,1061.2760499999995,2026-07-23 15:25:00+05:30,END_OF_DAY,1.0,0.25,True,2026-07-23 15:25:00+05:30,1058.5,1.4475907150746168,False,,,,False,,False,False,False,False,False
32,2026-07-23,BUY,2026-07-23 15:20:00+05:30,2026-07-23 15:25:00+05:30,1051.22535,5.025349999999889,1046.2,1061.2760499999995,2026-07-23 15:25:00+05:30,END_OF_DAY,1.0,0.5,True,2026-07-23 15:25:00+05:30,1058.5,1.4475907150746168,False,,,,False,,False,False,False,False,False
32,2026-07-23,BUY,2026-07-23 15:20:00+05:30,2026-07-23 15:25:00+05:30,1051.22535,5.025349999999889,1046.2,1061.2760499999995,2026-07-23 15:25:00+05:30,END_OF_DAY,1.0,0.75,True,2026-07-23 15:25:00+05:30,1058.5,1.4475907150746168,False,,,,False,,False,False,False,False,False
32,2026-07-23,BUY,2026-07-23 15:20:00+05:30,2026-07-23 15:25:00+05:30,1051.22535,5.025349999999889,1046.2,1061.2760499999995,2026-07-23 15:25:00+05:30,END_OF_DAY,1.0,1.0,True,2026-07-23 15:25:00+05:30,1058.5,1.4475907150746168,False,,,,False,,False,False,False,False,False
32,2026-07-23,BUY,2026-07-23 15:20:00+05:30,2026-07-23 15:25:00+05:30,1051.22535,5.025349999999889,1046.2,1061.2760499999995,2026-07-23 15:25:00+05:30,END_OF_DAY,1.25,0.25,True,2026-07-23 15:25:00+05:30,1058.5,1.4475907150746168,False,,,,False,,False,False,False,False,False
32,2026-07-23,BUY,2026-07-23 15:20:00+05:30,2026-07-23 15:25:00+05:30,1051.22535,5.025349999999889,1046.2,1061.2760499999995,2026-07-23 15:25:00+05:30,END_OF_DAY,1.25,0.5,True,2026-07-23 15:25:00+05:30,1058.5,1.4475907150746168,False,,,,False,,False,False,False,False,False
32,2026-07-23,BUY,2026-07-23 15:20:00+05:30,2026-07-23 15:25:00+05:30,1051.22535,5.025349999999889,1046.2,1061.2760499999995,2026-07-23 15:25:00+05:30,END_OF_DAY,1.25,0.75,True,2026-07-23 15:25:00+05:30,1058.5,1.4475907150746168,False,,,,False,,False,False,False,False,False
32,2026-07-23,BUY,2026-07-23 15:20:00+05:30,2026-07-23 15:25:00+05:30,1051.22535,5.025349999999889,1046.2,1061.2760499999995,2026-07-23 15:25:00+05:30,END_OF_DAY,1.25,1.0,True,2026-07-23 15:25:00+05:30,1058.5,1.4475907150746168,False,,,,False,,False,False,False,False,False
32,2026-07-23,BUY,2026-07-23 15:20:00+05:30,2026-07-23 15:25:00+05:30,1051.22535,5.025349999999889,1046.2,1061.2760499999995,2026-07-23 15:25:00+05:30,END_OF_DAY,1.5,0.25,False,,,,False,,,,False,,False,False,False,False,False
32,2026-07-23,BUY,2026-07-23 15:20:00+05:30,2026-07-23 15:25:00+05:30,1051.22535,5.025349999999889,1046.2,1061.2760499999995,2026-07-23 15:25:00+05:30,END_OF_DAY,1.5,0.5,False,,,,False,,,,False,,False,False,False,False,False
32,2026-07-23,BUY,2026-07-23 15:20:00+05:30,2026-07-23 15:25:00+05:30,1051.22535,5.025349999999889,1046.2,1061.2760499999995,2026-07-23 15:25:00+05:30,END_OF_DAY,1.5,0.75,False,,,,False,,,,False,,False,False,False,False,False
32,2026-07-23,BUY,2026-07-23 15:20:00+05:30,2026-07-23 15:25:00+05:30,1051.22535,5.025349999999889,1046.2,1061.2760499999995,2026-07-23 15:25:00+05:30,END_OF_DAY,1.5,1.0,False,,,,False,,,,False,,False,False,False,False,False
33,2026-07-24,SELL,2026-07-24 10:25:00+05:30,2026-07-24 10:30:00+05:30,1021.98875,4.611249999999927,1026.6,1012.76625,2026-07-24 11:40:00+05:30,STOP_LOSS,0.5,0.25,True,2026-07-24 10:30:00+05:30,1013.9,1.7541339116291965,True,2026-07-24 10:35:00+05:30,1020.1528125,0.25,False,,False,False,False,False,False
33,2026-07-24,SELL,2026-07-24 10:25:00+05:30,2026-07-24 10:30:00+05:30,1021.98875,4.611249999999927,1026.6,1012.76625,2026-07-24 11:40:00+05:30,STOP_LOSS,0.5,0.5,True,2026-07-24 10:30:00+05:30,1013.9,1.7541339116291965,True,2026-07-24 10:35:00+05:30,1021.305625,0.5,False,,False,False,False,False,False
33,2026-07-24,SELL,2026-07-24 10:25:00+05:30,2026-07-24 10:30:00+05:30,1021.98875,4.611249999999927,1026.6,1012.76625,2026-07-24 11:40:00+05:30,STOP_LOSS,0.5,0.75,True,2026-07-24 10:30:00+05:30,1013.9,1.7541339116291965,True,2026-07-24 10:35:00+05:30,1022.4584375,0.75,False,,False,False,False,False,False
33,2026-07-24,SELL,2026-07-24 10:25:00+05:30,2026-07-24 10:30:00+05:30,1021.98875,4.611249999999927,1026.6,1012.76625,2026-07-24 11:40:00+05:30,STOP_LOSS,0.5,1.0,True,2026-07-24 10:30:00+05:30,1013.9,1.7541339116291965,True,2026-07-24 10:35:00+05:30,1023.6112499999999,1.0,False,,False,False,False,False,False
33,2026-07-24,SELL,2026-07-24 10:25:00+05:30,2026-07-24 10:30:00+05:30,1021.98875,4.611249999999927,1026.6,1012.76625,2026-07-24 11:40:00+05:30,STOP_LOSS,0.75,0.25,True,2026-07-24 11:05:00+05:30,1013.9,1.7541339116291965,True,2026-07-24 11:10:00+05:30,1019.3528125,0.25,False,,False,False,False,False,False
33,2026-07-24,SELL,2026-07-24 10:25:00+05:30,2026-07-24 10:30:00+05:30,1021.98875,4.611249999999927,1026.6,1012.76625,2026-07-24 11:40:00+05:30,STOP_LOSS,0.75,0.5,True,2026-07-24 11:05:00+05:30,1013.9,1.7541339116291965,True,2026-07-24 11:15:00+05:30,1020.505625,0.5,False,,False,False,False,False,False
33,2026-07-24,SELL,2026-07-24 10:25:00+05:30,2026-07-24 10:30:00+05:30,1021.98875,4.611249999999927,1026.6,1012.76625,2026-07-24 11:40:00+05:30,STOP_LOSS,0.75,0.75,True,2026-07-24 11:05:00+05:30,1013.9,1.7541339116291965,True,2026-07-24 11:35:00+05:30,1017.3584374999999,0.75,False,,False,False,False,False,False
33,2026-07-24,SELL,2026-07-24 10:25:00+05:30,2026-07-24 10:30:00+05:30,1021.98875,4.611249999999927,1026.6,1012.76625,2026-07-24 11:40:00+05:30,STOP_LOSS,0.75,1.0,True,2026-07-24 11:05:00+05:30,1013.9,1.7541339116291965,True,2026-07-24 11:40:00+05:30,1018.5112499999999,1.0,False,,False,False,False,False,False
33,2026-07-24,SELL,2026-07-24 10:25:00+05:30,2026-07-24 10:30:00+05:30,1021.98875,4.611249999999927,1026.6,1012.76625,2026-07-24 11:40:00+05:30,STOP_LOSS,1.0,0.25,True,2026-07-24 11:25:00+05:30,1013.9,1.7541339116291965,True,2026-07-24 11:35:00+05:30,1015.0528125,0.25,False,,False,False,False,False,False
33,2026-07-24,SELL,2026-07-24 10:25:00+05:30,2026-07-24 10:30:00+05:30,1021.98875,4.611249999999927,1026.6,1012.76625,2026-07-24 11:40:00+05:30,STOP_LOSS,1.0,0.5,True,2026-07-24 11:25:00+05:30,1013.9,1.7541339116291965,True,2026-07-24 11:35:00+05:30,1016.2056249999999,0.5,False,,False,False,False,False,False
33,2026-07-24,SELL,2026-07-24 10:25:00+05:30,2026-07-24 10:30:00+05:30,1021.98875,4.611249999999927,1026.6,1012.76625,2026-07-24 11:40:00+05:30,STOP_LOSS,1.0,0.75,True,2026-07-24 11:25:00+05:30,1013.9,1.7541339116291965,True,2026-07-24 11:35:00+05:30,1017.3584374999999,0.75,False,,False,False,False,False,False
33,2026-07-24,SELL,2026-07-24 10:25:00+05:30,2026-07-24 10:30:00+05:30,1021.98875,4.611249999999927,1026.6,1012.76625,2026-07-24 11:40:00+05:30,STOP_LOSS,1.0,1.0,True,2026-07-24 11:25:00+05:30,1013.9,1.7541339116291965,True,2026-07-24 11:40:00+05:30,1018.5112499999999,1.0,False,,False,False,False,False,False
33,2026-07-24,SELL,2026-07-24 10:25:00+05:30,2026-07-24 10:30:00+05:30,1021.98875,4.611249999999927,1026.6,1012.76625,2026-07-24 11:40:00+05:30,STOP_LOSS,1.25,0.25,True,2026-07-24 11:25:00+05:30,1013.9,1.7541339116291965,True,2026-07-24 11:35:00+05:30,1015.0528125,0.25,False,,False,False,False,False,False
33,2026-07-24,SELL,2026-07-24 10:25:00+05:30,2026-07-24 10:30:00+05:30,1021.98875,4.611249999999927,1026.6,1012.76625,2026-07-24 11:40:00+05:30,STOP_LOSS,1.25,0.5,True,2026-07-24 11:25:00+05:30,1013.9,1.7541339116291965,True,2026-07-24 11:35:00+05:30,1016.2056249999999,0.5,False,,False,False,False,False,False
33,2026-07-24,SELL,2026-07-24 10:25:00+05:30,2026-07-24 10:30:00+05:30,1021.98875,4.611249999999927,1026.6,1012.76625,2026-07-24 11:40:00+05:30,STOP_LOSS,1.25,0.75,True,2026-07-24 11:25:00+05:30,1013.9,1.7541339116291965,True,2026-07-24 11:35:00+05:30,1017.3584374999999,0.75,False,,False,False,False,False,False
33,2026-07-24,SELL,2026-07-24 10:25:00+05:30,2026-07-24 10:30:00+05:30,1021.98875,4.611249999999927,1026.6,1012.76625,2026-07-24 11:40:00+05:30,STOP_LOSS,1.25,1.0,True,2026-07-24 11:25:00+05:30,1013.9,1.7541339116291965,True,2026-07-24 11:40:00+05:30,1018.5112499999999,1.0,False,,False,False,False,False,False
33,2026-07-24,SELL,2026-07-24 10:25:00+05:30,2026-07-24 10:30:00+05:30,1021.98875,4.611249999999927,1026.6,1012.76625,2026-07-24 11:40:00+05:30,STOP_LOSS,1.5,0.25,True,2026-07-24 11:30:00+05:30,1013.9,1.7541339116291965,True,2026-07-24 11:35:00+05:30,1015.0528125,0.25,False,,False,False,False,False,False
33,2026-07-24,SELL,2026-07-24 10:25:00+05:30,2026-07-24 10:30:00+05:30,1021.98875,4.611249999999927,1026.6,1012.76625,2026-07-24 11:40:00+05:30,STOP_LOSS,1.5,0.5,True,2026-07-24 11:30:00+05:30,1013.9,1.7541339116291965,True,2026-07-24 11:35:00+05:30,1016.2056249999999,0.5,False,,False,False,False,False,False
33,2026-07-24,SELL,2026-07-24 10:25:00+05:30,2026-07-24 10:30:00+05:30,1021.98875,4.611249999999927,1026.6,1012.76625,2026-07-24 11:40:00+05:30,STOP_LOSS,1.5,0.75,True,2026-07-24 11:30:00+05:30,1013.9,1.7541339116291965,True,2026-07-24 11:35:00+05:30,1017.3584374999999,0.75,False,,False,False,False,False,False
33,2026-07-24,SELL,2026-07-24 10:25:00+05:30,2026-07-24 10:30:00+05:30,1021.98875,4.611249999999927,1026.6,1012.76625,2026-07-24 11:40:00+05:30,STOP_LOSS,1.5,1.0,True,2026-07-24 11:30:00+05:30,1013.9,1.7541339116291965,True,2026-07-24 11:40:00+05:30,1018.5112499999999,1.0,False,,False,False,False,False,False
34,2026-07-27,BUY,2026-07-27 09:30:00+05:30,2026-07-27 09:35:00+05:30,1075.03725,6.0372500000000855,1069.0,1087.1117500000005,2026-07-27 13:30:00+05:30,STOP_LOSS,0.5,0.25,True,2026-07-27 11:00:00+05:30,1082.0,1.1532982732203927,True,2026-07-27 11:05:00+05:30,1078.4906875,0.25,False,,False,False,False,False,False
34,2026-07-27,BUY,2026-07-27 09:30:00+05:30,2026-07-27 09:35:00+05:30,1075.03725,6.0372500000000855,1069.0,1087.1117500000005,2026-07-27 13:30:00+05:30,STOP_LOSS,0.5,0.5,True,2026-07-27 11:00:00+05:30,1082.0,1.1532982732203927,True,2026-07-27 11:05:00+05:30,1076.9813749999998,0.5,False,,False,False,False,False,False
34,2026-07-27,BUY,2026-07-27 09:30:00+05:30,2026-07-27 09:35:00+05:30,1075.03725,6.0372500000000855,1069.0,1087.1117500000005,2026-07-27 13:30:00+05:30,STOP_LOSS,0.5,0.75,True,2026-07-27 11:00:00+05:30,1082.0,1.1532982732203927,True,2026-07-27 11:15:00+05:30,1075.4720625,0.75,False,,False,False,False,False,False
34,2026-07-27,BUY,2026-07-27 09:30:00+05:30,2026-07-27 09:35:00+05:30,1075.03725,6.0372500000000855,1069.0,1087.1117500000005,2026-07-27 13:30:00+05:30,STOP_LOSS,0.5,1.0,True,2026-07-27 11:00:00+05:30,1082.0,1.1532982732203927,False,,,,False,,False,False,False,False,False
34,2026-07-27,BUY,2026-07-27 09:30:00+05:30,2026-07-27 09:35:00+05:30,1075.03725,6.0372500000000855,1069.0,1087.1117500000005,2026-07-27 13:30:00+05:30,STOP_LOSS,0.75,0.25,True,2026-07-27 11:00:00+05:30,1082.0,1.1532982732203927,True,2026-07-27 11:05:00+05:30,1078.4906875,0.25,False,,False,False,False,False,False
34,2026-07-27,BUY,2026-07-27 09:30:00+05:30,2026-07-27 09:35:00+05:30,1075.03725,6.0372500000000855,1069.0,1087.1117500000005,2026-07-27 13:30:00+05:30,STOP_LOSS,0.75,0.5,True,2026-07-27 11:00:00+05:30,1082.0,1.1532982732203927,True,2026-07-27 11:05:00+05:30,1076.9813749999998,0.5,False,,False,False,False,False,False
34,2026-07-27,BUY,2026-07-27 09:30:00+05:30,2026-07-27 09:35:00+05:30,1075.03725,6.0372500000000855,1069.0,1087.1117500000005,2026-07-27 13:30:00+05:30,STOP_LOSS,0.75,0.75,True,2026-07-27 11:00:00+05:30,1082.0,1.1532982732203927,True,2026-07-27 11:15:00+05:30,1075.4720625,0.75,False,,False,False,False,False,False
34,2026-07-27,BUY,2026-07-27 09:30:00+05:30,2026-07-27 09:35:00+05:30,1075.03725,6.0372500000000855,1069.0,1087.1117500000005,2026-07-27 13:30:00+05:30,STOP_LOSS,0.75,1.0,True,2026-07-27 11:00:00+05:30,1082.0,1.1532982732203927,False,,,,False,,False,False,False,False,False
34,2026-07-27,BUY,2026-07-27 09:30:00+05:30,2026-07-27 09:35:00+05:30,1075.03725,6.0372500000000855,1069.0,1087.1117500000005,2026-07-27 13:30:00+05:30,STOP_LOSS,1.0,0.25,True,2026-07-27 13:05:00+05:30,1082.0,1.1532982732203927,True,2026-07-27 13:10:00+05:30,1080.4906875,0.25,False,,False,False,False,False,False
34,2026-07-27,BUY,2026-07-27 09:30:00+05:30,2026-07-27 09:35:00+05:30,1075.03725,6.0372500000000855,1069.0,1087.1117500000005,2026-07-27 13:30:00+05:30,STOP_LOSS,1.0,0.5,True,2026-07-27 13:05:00+05:30,1082.0,1.1532982732203927,True,2026-07-27 13:25:00+05:30,1078.9813749999998,0.5,False,,False,False,False,False,False
34,2026-07-27,BUY,2026-07-27 09:30:00+05:30,2026-07-27 09:35:00+05:30,1075.03725,6.0372500000000855,1069.0,1087.1117500000005,2026-07-27 13:30:00+05:30,STOP_LOSS,1.0,0.75,True,2026-07-27 13:05:00+05:30,1082.0,1.1532982732203927,True,2026-07-27 13:30:00+05:30,1077.4720625,0.75,False,,False,False,False,False,False
34,2026-07-27,BUY,2026-07-27 09:30:00+05:30,2026-07-27 09:35:00+05:30,1075.03725,6.0372500000000855,1069.0,1087.1117500000005,2026-07-27 13:30:00+05:30,STOP_LOSS,1.0,1.0,True,2026-07-27 13:05:00+05:30,1082.0,1.1532982732203927,False,,,,False,,False,False,False,False,False
34,2026-07-27,BUY,2026-07-27 09:30:00+05:30,2026-07-27 09:35:00+05:30,1075.03725,6.0372500000000855,1069.0,1087.1117500000005,2026-07-27 13:30:00+05:30,STOP_LOSS,1.25,0.25,False,,,,False,,,,False,,False,False,False,False,False
34,2026-07-27,BUY,2026-07-27 09:30:00+05:30,2026-07-27 09:35:00+05:30,1075.03725,6.0372500000000855,1069.0,1087.1117500000005,2026-07-27 13:30:00+05:30,STOP_LOSS,1.25,0.5,False,,,,False,,,,False,,False,False,False,False,False
34,2026-07-27,BUY,2026-07-27 09:30:00+05:30,2026-07-27 09:35:00+05:30,1075.03725,6.0372500000000855,1069.0,1087.1117500000005,2026-07-27 13:30:00+05:30,STOP_LOSS,1.25,0.75,False,,,,False,,,,False,,False,False,False,False,False
34,2026-07-27,BUY,2026-07-27 09:30:00+05:30,2026-07-27 09:35:00+05:30,1075.03725,6.0372500000000855,1069.0,1087.1117500000005,2026-07-27 13:30:00+05:30,STOP_LOSS,1.25,1.0,False,,,,False,,,,False,,False,False,False,False,False
34,2026-07-27,BUY,2026-07-27 09:30:00+05:30,2026-07-27 09:35:00+05:30,1075.03725,6.0372500000000855,1069.0,1087.1117500000005,2026-07-27 13:30:00+05:30,STOP_LOSS,1.5,0.25,False,,,,False,,,,False,,False,False,False,False,False
34,2026-07-27,BUY,2026-07-27 09:30:00+05:30,2026-07-27 09:35:00+05:30,1075.03725,6.0372500000000855,1069.0,1087.1117500000005,2026-07-27 13:30:00+05:30,STOP_LOSS,1.5,0.5,False,,,,False,,,,False,,False,False,False,False,False
34,2026-07-27,BUY,2026-07-27 09:30:00+05:30,2026-07-27 09:35:00+05:30,1075.03725,6.0372500000000855,1069.0,1087.1117500000005,2026-07-27 13:30:00+05:30,STOP_LOSS,1.5,0.75,False,,,,False,,,,False,,False,False,False,False,False
34,2026-07-27,BUY,2026-07-27 09:30:00+05:30,2026-07-27 09:35:00+05:30,1075.03725,6.0372500000000855,1069.0,1087.1117500000005,2026-07-27 13:30:00+05:30,STOP_LOSS,1.5,1.0,False,,,,False,,,,False,,False,False,False,False,False
35,2026-07-28,BUY,2026-07-28 09:30:00+05:30,2026-07-28 09:35:00+05:30,1110.6550499999998,4.955049999999801,1105.7,1120.5651499999994,2026-07-28 11:15:00+05:30,STOP_LOSS,0.5,0.25,True,2026-07-28 09:40:00+05:30,1115.8,1.0383245375930241,True,2026-07-28 09:45:00+05:30,1114.5612375,0.25,False,,False,False,True,False,False
35,2026-07-28,BUY,2026-07-28 09:30:00+05:30,2026-07-28 09:35:00+05:30,1110.6550499999998,4.955049999999801,1105.7,1120.5651499999994,2026-07-28 11:15:00+05:30,STOP_LOSS,0.5,0.5,True,2026-07-28 09:40:00+05:30,1115.8,1.0383245375930241,True,2026-07-28 09:45:00+05:30,1113.322475,0.5,False,,False,False,True,False,False
35,2026-07-28,BUY,2026-07-28 09:30:00+05:30,2026-07-28 09:35:00+05:30,1110.6550499999998,4.955049999999801,1105.7,1120.5651499999994,2026-07-28 11:15:00+05:30,STOP_LOSS,0.5,0.75,True,2026-07-28 09:40:00+05:30,1115.8,1.0383245375930241,True,2026-07-28 09:45:00+05:30,1112.0837125,0.75,False,,False,False,True,False,False
35,2026-07-28,BUY,2026-07-28 09:30:00+05:30,2026-07-28 09:35:00+05:30,1110.6550499999998,4.955049999999801,1105.7,1120.5651499999994,2026-07-28 11:15:00+05:30,STOP_LOSS,0.5,1.0,True,2026-07-28 09:40:00+05:30,1115.8,1.0383245375930241,True,2026-07-28 09:45:00+05:30,1110.8449500000002,1.0,False,,False,False,True,False,False
35,2026-07-28,BUY,2026-07-28 09:30:00+05:30,2026-07-28 09:35:00+05:30,1110.6550499999998,4.955049999999801,1105.7,1120.5651499999994,2026-07-28 11:15:00+05:30,STOP_LOSS,0.75,0.25,True,2026-07-28 09:40:00+05:30,1115.8,1.0383245375930241,True,2026-07-28 09:45:00+05:30,1114.5612375,0.25,False,,False,False,True,False,False
35,2026-07-28,BUY,2026-07-28 09:30:00+05:30,2026-07-28 09:35:00+05:30,1110.6550499999998,4.955049999999801,1105.7,1120.5651499999994,2026-07-28 11:15:00+05:30,STOP_LOSS,0.75,0.5,True,2026-07-28 09:40:00+05:30,1115.8,1.0383245375930241,True,2026-07-28 09:45:00+05:30,1113.322475,0.5,False,,False,False,True,False,False
35,2026-07-28,BUY,2026-07-28 09:30:00+05:30,2026-07-28 09:35:00+05:30,1110.6550499999998,4.955049999999801,1105.7,1120.5651499999994,2026-07-28 11:15:00+05:30,STOP_LOSS,0.75,0.75,True,2026-07-28 09:40:00+05:30,1115.8,1.0383245375930241,True,2026-07-28 09:45:00+05:30,1112.0837125,0.75,False,,False,False,True,False,False
35,2026-07-28,BUY,2026-07-28 09:30:00+05:30,2026-07-28 09:35:00+05:30,1110.6550499999998,4.955049999999801,1105.7,1120.5651499999994,2026-07-28 11:15:00+05:30,STOP_LOSS,0.75,1.0,True,2026-07-28 09:40:00+05:30,1115.8,1.0383245375930241,True,2026-07-28 09:45:00+05:30,1110.8449500000002,1.0,False,,False,False,True,False,False
35,2026-07-28,BUY,2026-07-28 09:30:00+05:30,2026-07-28 09:35:00+05:30,1110.6550499999998,4.955049999999801,1105.7,1120.5651499999994,2026-07-28 11:15:00+05:30,STOP_LOSS,1.0,0.25,True,2026-07-28 09:40:00+05:30,1115.8,1.0383245375930241,True,2026-07-28 09:45:00+05:30,1114.5612375,0.25,False,,False,False,True,False,False
35,2026-07-28,BUY,2026-07-28 09:30:00+05:30,2026-07-28 09:35:00+05:30,1110.6550499999998,4.955049999999801,1105.7,1120.5651499999994,2026-07-28 11:15:00+05:30,STOP_LOSS,1.0,0.5,True,2026-07-28 09:40:00+05:30,1115.8,1.0383245375930241,True,2026-07-28 09:45:00+05:30,1113.322475,0.5,False,,False,False,True,False,False
35,2026-07-28,BUY,2026-07-28 09:30:00+05:30,2026-07-28 09:35:00+05:30,1110.6550499999998,4.955049999999801,1105.7,1120.5651499999994,2026-07-28 11:15:00+05:30,STOP_LOSS,1.0,0.75,True,2026-07-28 09:40:00+05:30,1115.8,1.0383245375930241,True,2026-07-28 09:45:00+05:30,1112.0837125,0.75,False,,False,False,True,False,False
35,2026-07-28,BUY,2026-07-28 09:30:00+05:30,2026-07-28 09:35:00+05:30,1110.6550499999998,4.955049999999801,1105.7,1120.5651499999994,2026-07-28 11:15:00+05:30,STOP_LOSS,1.0,1.0,True,2026-07-28 09:40:00+05:30,1115.8,1.0383245375930241,True,2026-07-28 09:45:00+05:30,1110.8449500000002,1.0,False,,False,False,True,False,False
35,2026-07-28,BUY,2026-07-28 09:30:00+05:30,2026-07-28 09:35:00+05:30,1110.6550499999998,4.955049999999801,1105.7,1120.5651499999994,2026-07-28 11:15:00+05:30,STOP_LOSS,1.25,0.25,False,,,,False,,,,False,,False,False,False,False,False
35,2026-07-28,BUY,2026-07-28 09:30:00+05:30,2026-07-28 09:35:00+05:30,1110.6550499999998,4.955049999999801,1105.7,1120.5651499999994,2026-07-28 11:15:00+05:30,STOP_LOSS,1.25,0.5,False,,,,False,,,,False,,False,False,False,False,False
35,2026-07-28,BUY,2026-07-28 09:30:00+05:30,2026-07-28 09:35:00+05:30,1110.6550499999998,4.955049999999801,1105.7,1120.5651499999994,2026-07-28 11:15:00+05:30,STOP_LOSS,1.25,0.75,False,,,,False,,,,False,,False,False,False,False,False
35,2026-07-28,BUY,2026-07-28 09:30:00+05:30,2026-07-28 09:35:00+05:30,1110.6550499999998,4.955049999999801,1105.7,1120.5651499999994,2026-07-28 11:15:00+05:30,STOP_LOSS,1.25,1.0,False,,,,False,,,,False,,False,False,False,False,False
35,2026-07-28,BUY,2026-07-28 09:30:00+05:30,2026-07-28 09:35:00+05:30,1110.6550499999998,4.955049999999801,1105.7,1120.5651499999994,2026-07-28 11:15:00+05:30,STOP_LOSS,1.5,0.25,False,,,,False,,,,False,,False,False,False,False,False
35,2026-07-28,BUY,2026-07-28 09:30:00+05:30,2026-07-28 09:35:00+05:30,1110.6550499999998,4.955049999999801,1105.7,1120.5651499999994,2026-07-28 11:15:00+05:30,STOP_LOSS,1.5,0.5,False,,,,False,,,,False,,False,False,False,False,False
35,2026-07-28,BUY,2026-07-28 09:30:00+05:30,2026-07-28 09:35:00+05:30,1110.6550499999998,4.955049999999801,1105.7,1120.5651499999994,2026-07-28 11:15:00+05:30,STOP_LOSS,1.5,0.75,False,,,,False,,,,False,,False,False,False,False,False
35,2026-07-28,BUY,2026-07-28 09:30:00+05:30,2026-07-28 09:35:00+05:30,1110.6550499999998,4.955049999999801,1105.7,1120.5651499999994,2026-07-28 11:15:00+05:30,STOP_LOSS,1.5,1.0,False,,,,False,,,,False,,False,False,False,False,False
36,2026-07-28,BUY,2026-07-28 11:45:00+05:30,2026-07-28 11:50:00+05:30,1111.85565,4.855649999999969,1107.0,1121.56695,2026-07-28 12:30:00+05:30,STOP_LOSS,0.5,0.25,True,2026-07-28 12:00:00+05:30,1118.5,1.3683749858412517,True,2026-07-28 12:15:00+05:30,1117.2860875000001,0.25,False,,False,False,False,False,False
36,2026-07-28,BUY,2026-07-28 11:45:00+05:30,2026-07-28 11:50:00+05:30,1111.85565,4.855649999999969,1107.0,1121.56695,2026-07-28 12:30:00+05:30,STOP_LOSS,0.5,0.5,True,2026-07-28 12:00:00+05:30,1118.5,1.3683749858412517,True,2026-07-28 12:15:00+05:30,1116.072175,0.5,False,,False,False,False,False,False
36,2026-07-28,BUY,2026-07-28 11:45:00+05:30,2026-07-28 11:50:00+05:30,1111.85565,4.855649999999969,1107.0,1121.56695,2026-07-28 12:30:00+05:30,STOP_LOSS,0.5,0.75,True,2026-07-28 12:00:00+05:30,1118.5,1.3683749858412517,True,2026-07-28 12:15:00+05:30,1114.8582625,0.75,False,,False,False,False,False,False
36,2026-07-28,BUY,2026-07-28 11:45:00+05:30,2026-07-28 11:50:00+05:30,1111.85565,4.855649999999969,1107.0,1121.56695,2026-07-28 12:30:00+05:30,STOP_LOSS,0.5,1.0,True,2026-07-28 12:00:00+05:30,1118.5,1.3683749858412517,True,2026-07-28 12:20:00+05:30,1113.64435,1.0,False,,False,False,False,False,False
36,2026-07-28,BUY,2026-07-28 11:45:00+05:30,2026-07-28 11:50:00+05:30,1111.85565,4.855649999999969,1107.0,1121.56695,2026-07-28 12:30:00+05:30,STOP_LOSS,0.75,0.25,True,2026-07-28 12:10:00+05:30,1118.5,1.3683749858412517,True,2026-07-28 12:15:00+05:30,1117.2860875000001,0.25,False,,False,False,False,False,False
36,2026-07-28,BUY,2026-07-28 11:45:00+05:30,2026-07-28 11:50:00+05:30,1111.85565,4.855649999999969,1107.0,1121.56695,2026-07-28 12:30:00+05:30,STOP_LOSS,0.75,0.5,True,2026-07-28 12:10:00+05:30,1118.5,1.3683749858412517,True,2026-07-28 12:15:00+05:30,1116.072175,0.5,False,,False,False,False,False,False
36,2026-07-28,BUY,2026-07-28 11:45:00+05:30,2026-07-28 11:50:00+05:30,1111.85565,4.855649999999969,1107.0,1121.56695,2026-07-28 12:30:00+05:30,STOP_LOSS,0.75,0.75,True,2026-07-28 12:10:00+05:30,1118.5,1.3683749858412517,True,2026-07-28 12:15:00+05:30,1114.8582625,0.75,False,,False,False,False,False,False
36,2026-07-28,BUY,2026-07-28 11:45:00+05:30,2026-07-28 11:50:00+05:30,1111.85565,4.855649999999969,1107.0,1121.56695,2026-07-28 12:30:00+05:30,STOP_LOSS,0.75,1.0,True,2026-07-28 12:10:00+05:30,1118.5,1.3683749858412517,True,2026-07-28 12:20:00+05:30,1113.64435,1.0,False,,False,False,False,False,False
36,2026-07-28,BUY,2026-07-28 11:45:00+05:30,2026-07-28 11:50:00+05:30,1111.85565,4.855649999999969,1107.0,1121.56695,2026-07-28 12:30:00+05:30,STOP_LOSS,1.0,0.25,True,2026-07-28 12:10:00+05:30,1118.5,1.3683749858412517,True,2026-07-28 12:15:00+05:30,1117.2860875000001,0.25,False,,False,False,False,False,False
36,2026-07-28,BUY,2026-07-28 11:45:00+05:30,2026-07-28 11:50:00+05:30,1111.85565,4.855649999999969,1107.0,1121.56695,2026-07-28 12:30:00+05:30,STOP_LOSS,1.0,0.5,True,2026-07-28 12:10:00+05:30,1118.5,1.3683749858412517,True,2026-07-28 12:15:00+05:30,1116.072175,0.5,False,,False,False,False,False,False
36,2026-07-28,BUY,2026-07-28 11:45:00+05:30,2026-07-28 11:50:00+05:30,1111.85565,4.855649999999969,1107.0,1121.56695,2026-07-28 12:30:00+05:30,STOP_LOSS,1.0,0.75,True,2026-07-28 12:10:00+05:30,1118.5,1.3683749858412517,True,2026-07-28 12:15:00+05:30,1114.8582625,0.75,False,,False,False,False,False,False
36,2026-07-28,BUY,2026-07-28 11:45:00+05:30,2026-07-28 11:50:00+05:30,1111.85565,4.855649999999969,1107.0,1121.56695,2026-07-28 12:30:00+05:30,STOP_LOSS,1.0,1.0,True,2026-07-28 12:10:00+05:30,1118.5,1.3683749858412517,True,2026-07-28 12:20:00+05:30,1113.64435,1.0,False,,False,False,False,False,False
36,2026-07-28,BUY,2026-07-28 11:45:00+05:30,2026-07-28 11:50:00+05:30,1111.85565,4.855649999999969,1107.0,1121.56695,2026-07-28 12:30:00+05:30,STOP_LOSS,1.25,0.25,True,2026-07-28 12:10:00+05:30,1118.5,1.3683749858412517,True,2026-07-28 12:15:00+05:30,1117.2860875000001,0.25,False,,False,False,False,False,False
36,2026-07-28,BUY,2026-07-28 11:45:00+05:30,2026-07-28 11:50:00+05:30,1111.85565,4.855649999999969,1107.0,1121.56695,2026-07-28 12:30:00+05:30,STOP_LOSS,1.25,0.5,True,2026-07-28 12:10:00+05:30,1118.5,1.3683749858412517,True,2026-07-28 12:15:00+05:30,1116.072175,0.5,False,,False,False,False,False,False
36,2026-07-28,BUY,2026-07-28 11:45:00+05:30,2026-07-28 11:50:00+05:30,1111.85565,4.855649999999969,1107.0,1121.56695,2026-07-28 12:30:00+05:30,STOP_LOSS,1.25,0.75,True,2026-07-28 12:10:00+05:30,1118.5,1.3683749858412517,True,2026-07-28 12:15:00+05:30,1114.8582625,0.75,False,,False,False,False,False,False
36,2026-07-28,BUY,2026-07-28 11:45:00+05:30,2026-07-28 11:50:00+05:30,1111.85565,4.855649999999969,1107.0,1121.56695,2026-07-28 12:30:00+05:30,STOP_LOSS,1.25,1.0,True,2026-07-28 12:10:00+05:30,1118.5,1.3683749858412517,True,2026-07-28 12:20:00+05:30,1113.64435,1.0,False,,False,False,False,False,False
36,2026-07-28,BUY,2026-07-28 11:45:00+05:30,2026-07-28 11:50:00+05:30,1111.85565,4.855649999999969,1107.0,1121.56695,2026-07-28 12:30:00+05:30,STOP_LOSS,1.5,0.25,False,,,,False,,,,False,,False,False,False,False,False
36,2026-07-28,BUY,2026-07-28 11:45:00+05:30,2026-07-28 11:50:00+05:30,1111.85565,4.855649999999969,1107.0,1121.56695,2026-07-28 12:30:00+05:30,STOP_LOSS,1.5,0.5,False,,,,False,,,,False,,False,False,False,False,False
36,2026-07-28,BUY,2026-07-28 11:45:00+05:30,2026-07-28 11:50:00+05:30,1111.85565,4.855649999999969,1107.0,1121.56695,2026-07-28 12:30:00+05:30,STOP_LOSS,1.5,0.75,False,,,,False,,,,False,,False,False,False,False,False
36,2026-07-28,BUY,2026-07-28 11:45:00+05:30,2026-07-28 11:50:00+05:30,1111.85565,4.855649999999969,1107.0,1121.56695,2026-07-28 12:30:00+05:30,STOP_LOSS,1.5,1.0,False,,,,False,,,,False,,False,False,False,False,False
37,2026-07-29,BUY,2026-07-29 10:20:00+05:30,2026-07-29 10:25:00+05:30,1154.9772,6.977200000000039,1148.0,1168.9316,2026-07-29 11:50:00+05:30,STOP_LOSS,0.5,0.25,True,2026-07-29 10:55:00+05:30,1164.5,1.3648454967608652,True,2026-07-29 11:05:00+05:30,1159.6557,0.25,False,,False,False,False,False,False
37,2026-07-29,BUY,2026-07-29 10:20:00+05:30,2026-07-29 10:25:00+05:30,1154.9772,6.977200000000039,1148.0,1168.9316,2026-07-29 11:50:00+05:30,STOP_LOSS,0.5,0.5,True,2026-07-29 10:55:00+05:30,1164.5,1.3648454967608652,True,2026-07-29 11:05:00+05:30,1157.9114,0.5,False,,False,False,False,False,False
37,2026-07-29,BUY,2026-07-29 10:20:00+05:30,2026-07-29 10:25:00+05:30,1154.9772,6.977200000000039,1148.0,1168.9316,2026-07-29 11:50:00+05:30,STOP_LOSS,0.5,0.75,True,2026-07-29 10:55:00+05:30,1164.5,1.3648454967608652,True,2026-07-29 11:30:00+05:30,1159.2671,0.75,False,,False,False,False,False,False
37,2026-07-29,BUY,2026-07-29 10:20:00+05:30,2026-07-29 10:25:00+05:30,1154.9772,6.977200000000039,1148.0,1168.9316,2026-07-29 11:50:00+05:30,STOP_LOSS,0.5,1.0,True,2026-07-29 10:55:00+05:30,1164.5,1.3648454967608652,True,2026-07-29 11:35:00+05:30,1157.5228,1.0,False,,False,False,False,False,False
37,2026-07-29,BUY,2026-07-29 10:20:00+05:30,2026-07-29 10:25:00+05:30,1154.9772,6.977200000000039,1148.0,1168.9316,2026-07-29 11:50:00+05:30,STOP_LOSS,0.75,0.25,True,2026-07-29 11:00:00+05:30,1164.5,1.3648454967608652,True,2026-07-29 11:05:00+05:30,1159.6557,0.25,False,,False,False,False,False,False
37,2026-07-29,BUY,2026-07-29 10:20:00+05:30,2026-07-29 10:25:00+05:30,1154.9772,6.977200000000039,1148.0,1168.9316,2026-07-29 11:50:00+05:30,STOP_LOSS,0.75,0.5,True,2026-07-29 11:00:00+05:30,1164.5,1.3648454967608652,True,2026-07-29 11:05:00+05:30,1157.9114,0.5,False,,False,False,False,False,False
37,2026-07-29,BUY,2026-07-29 10:20:00+05:30,2026-07-29 10:25:00+05:30,1154.9772,6.977200000000039,1148.0,1168.9316,2026-07-29 11:50:00+05:30,STOP_LOSS,0.75,0.75,True,2026-07-29 11:00:00+05:30,1164.5,1.3648454967608652,True,2026-07-29 11:30:00+05:30,1159.2671,0.75,False,,False,False,False,False,False
37,2026-07-29,BUY,2026-07-29 10:20:00+05:30,2026-07-29 10:25:00+05:30,1154.9772,6.977200000000039,1148.0,1168.9316,2026-07-29 11:50:00+05:30,STOP_LOSS,0.75,1.0,True,2026-07-29 11:00:00+05:30,1164.5,1.3648454967608652,True,2026-07-29 11:35:00+05:30,1157.5228,1.0,False,,False,False,False,False,False
37,2026-07-29,BUY,2026-07-29 10:20:00+05:30,2026-07-29 10:25:00+05:30,1154.9772,6.977200000000039,1148.0,1168.9316,2026-07-29 11:50:00+05:30,STOP_LOSS,1.0,0.25,True,2026-07-29 11:15:00+05:30,1164.5,1.3648454967608652,True,2026-07-29 11:25:00+05:30,1162.7557,0.25,False,,False,False,False,False,False
37,2026-07-29,BUY,2026-07-29 10:20:00+05:30,2026-07-29 10:25:00+05:30,1154.9772,6.977200000000039,1148.0,1168.9316,2026-07-29 11:50:00+05:30,STOP_LOSS,1.0,0.5,True,2026-07-29 11:15:00+05:30,1164.5,1.3648454967608652,True,2026-07-29 11:30:00+05:30,1161.0113999999999,0.5,False,,False,False,False,False,False
37,2026-07-29,BUY,2026-07-29 10:20:00+05:30,2026-07-29 10:25:00+05:30,1154.9772,6.977200000000039,1148.0,1168.9316,2026-07-29 11:50:00+05:30,STOP_LOSS,1.0,0.75,True,2026-07-29 11:15:00+05:30,1164.5,1.3648454967608652,True,2026-07-29 11:30:00+05:30,1159.2671,0.75,False,,False,False,False,False,False
37,2026-07-29,BUY,2026-07-29 10:20:00+05:30,2026-07-29 10:25:00+05:30,1154.9772,6.977200000000039,1148.0,1168.9316,2026-07-29 11:50:00+05:30,STOP_LOSS,1.0,1.0,True,2026-07-29 11:15:00+05:30,1164.5,1.3648454967608652,True,2026-07-29 11:35:00+05:30,1157.5228,1.0,False,,False,False,False,False,False
37,2026-07-29,BUY,2026-07-29 10:20:00+05:30,2026-07-29 10:25:00+05:30,1154.9772,6.977200000000039,1148.0,1168.9316,2026-07-29 11:50:00+05:30,STOP_LOSS,1.25,0.25,True,2026-07-29 11:20:00+05:30,1164.5,1.3648454967608652,True,2026-07-29 11:25:00+05:30,1162.7557,0.25,False,,False,False,False,False,False
37,2026-07-29,BUY,2026-07-29 10:20:00+05:30,2026-07-29 10:25:00+05:30,1154.9772,6.977200000000039,1148.0,1168.9316,2026-07-29 11:50:00+05:30,STOP_LOSS,1.25,0.5,True,2026-07-29 11:20:00+05:30,1164.5,1.3648454967608652,True,2026-07-29 11:30:00+05:30,1161.0113999999999,0.5,False,,False,False,False,False,False
37,2026-07-29,BUY,2026-07-29 10:20:00+05:30,2026-07-29 10:25:00+05:30,1154.9772,6.977200000000039,1148.0,1168.9316,2026-07-29 11:50:00+05:30,STOP_LOSS,1.25,0.75,True,2026-07-29 11:20:00+05:30,1164.5,1.3648454967608652,True,2026-07-29 11:30:00+05:30,1159.2671,0.75,False,,False,False,False,False,False
37,2026-07-29,BUY,2026-07-29 10:20:00+05:30,2026-07-29 10:25:00+05:30,1154.9772,6.977200000000039,1148.0,1168.9316,2026-07-29 11:50:00+05:30,STOP_LOSS,1.25,1.0,True,2026-07-29 11:20:00+05:30,1164.5,1.3648454967608652,True,2026-07-29 11:35:00+05:30,1157.5228,1.0,False,,False,False,False,False,False
37,2026-07-29,BUY,2026-07-29 10:20:00+05:30,2026-07-29 10:25:00+05:30,1154.9772,6.977200000000039,1148.0,1168.9316,2026-07-29 11:50:00+05:30,STOP_LOSS,1.5,0.25,False,,,,False,,,,False,,False,False,False,False,False
37,2026-07-29,BUY,2026-07-29 10:20:00+05:30,2026-07-29 10:25:00+05:30,1154.9772,6.977200000000039,1148.0,1168.9316,2026-07-29 11:50:00+05:30,STOP_LOSS,1.5,0.5,False,,,,False,,,,False,,False,False,False,False,False
37,2026-07-29,BUY,2026-07-29 10:20:00+05:30,2026-07-29 10:25:00+05:30,1154.9772,6.977200000000039,1148.0,1168.9316,2026-07-29 11:50:00+05:30,STOP_LOSS,1.5,0.75,False,,,,False,,,,False,,False,False,False,False,False
37,2026-07-29,BUY,2026-07-29 10:20:00+05:30,2026-07-29 10:25:00+05:30,1154.9772,6.977200000000039,1148.0,1168.9316,2026-07-29 11:50:00+05:30,STOP_LOSS,1.5,1.0,False,,,,False,,,,False,,False,False,False,False,False
38,2026-07-29,BUY,2026-07-29 13:15:00+05:30,2026-07-29 13:20:00+05:30,1153.7766,2.876600000000053,1150.9,1159.5298000000005,2026-07-29 14:40:00+05:30,STOP_LOSS,0.5,0.25,True,2026-07-29 13:25:00+05:30,1158.7,1.711534450392838,True,2026-07-29 13:35:00+05:30,1155.88085,0.25,False,,False,False,False,False,False
38,2026-07-29,BUY,2026-07-29 13:15:00+05:30,2026-07-29 13:20:00+05:30,1153.7766,2.876600000000053,1150.9,1159.5298000000005,2026-07-29 14:40:00+05:30,STOP_LOSS,0.5,0.5,True,2026-07-29 13:25:00+05:30,1158.7,1.711534450392838,True,2026-07-29 13:35:00+05:30,1155.1616999999999,0.5,False,,False,False,False,False,False
38,2026-07-29,BUY,2026-07-29 13:15:00+05:30,2026-07-29 13:20:00+05:30,1153.7766,2.876600000000053,1150.9,1159.5298000000005,2026-07-29 14:40:00+05:30,STOP_LOSS,0.5,0.75,True,2026-07-29 13:25:00+05:30,1158.7,1.711534450392838,True,2026-07-29 13:50:00+05:30,1155.4425499999998,0.75,False,,False,False,False,False,False
38,2026-07-29,BUY,2026-07-29 13:15:00+05:30,2026-07-29 13:20:00+05:30,1153.7766,2.876600000000053,1150.9,1159.5298000000005,2026-07-29 14:40:00+05:30,STOP_LOSS,0.5,1.0,True,2026-07-29 13:25:00+05:30,1158.7,1.711534450392838,True,2026-07-29 13:50:00+05:30,1154.7233999999999,1.0,False,,False,False,False,False,False
38,2026-07-29,BUY,2026-07-29 13:15:00+05:30,2026-07-29 13:20:00+05:30,1153.7766,2.876600000000053,1150.9,1159.5298000000005,2026-07-29 14:40:00+05:30,STOP_LOSS,0.75,0.25,True,2026-07-29 13:25:00+05:30,1158.7,1.711534450392838,True,2026-07-29 13:35:00+05:30,1155.88085,0.25,False,,False,False,False,False,False
38,2026-07-29,BUY,2026-07-29 13:15:00+05:30,2026-07-29 13:20:00+05:30,1153.7766,2.876600000000053,1150.9,1159.5298000000005,2026-07-29 14:40:00+05:30,STOP_LOSS,0.75,0.5,True,2026-07-29 13:25:00+05:30,1158.7,1.711534450392838,True,2026-07-29 13:35:00+05:30,1155.1616999999999,0.5,False,,False,False,False,False,False
38,2026-07-29,BUY,2026-07-29 13:15:00+05:30,2026-07-29 13:20:00+05:30,1153.7766,2.876600000000053,1150.9,1159.5298000000005,2026-07-29 14:40:00+05:30,STOP_LOSS,0.75,0.75,True,2026-07-29 13:25:00+05:30,1158.7,1.711534450392838,True,2026-07-29 13:50:00+05:30,1155.4425499999998,0.75,False,,False,False,False,False,False
38,2026-07-29,BUY,2026-07-29 13:15:00+05:30,2026-07-29 13:20:00+05:30,1153.7766,2.876600000000053,1150.9,1159.5298000000005,2026-07-29 14:40:00+05:30,STOP_LOSS,0.75,1.0,True,2026-07-29 13:25:00+05:30,1158.7,1.711534450392838,True,2026-07-29 13:50:00+05:30,1154.7233999999999,1.0,False,,False,False,False,False,False
38,2026-07-29,BUY,2026-07-29 13:15:00+05:30,2026-07-29 13:20:00+05:30,1153.7766,2.876600000000053,1150.9,1159.5298000000005,2026-07-29 14:40:00+05:30,STOP_LOSS,1.0,0.25,True,2026-07-29 13:40:00+05:30,1158.7,1.711534450392838,True,2026-07-29 13:50:00+05:30,1156.88085,0.25,False,,False,False,False,False,False
38,2026-07-29,BUY,2026-07-29 13:15:00+05:30,2026-07-29 13:20:00+05:30,1153.7766,2.876600000000053,1150.9,1159.5298000000005,2026-07-29 14:40:00+05:30,STOP_LOSS,1.0,0.5,True,2026-07-29 13:40:00+05:30,1158.7,1.711534450392838,True,2026-07-29 13:50:00+05:30,1156.1616999999999,0.5,False,,False,False,False,False,False
38,2026-07-29,BUY,2026-07-29 13:15:00+05:30,2026-07-29 13:20:00+05:30,1153.7766,2.876600000000053,1150.9,1159.5298000000005,2026-07-29 14:40:00+05:30,STOP_LOSS,1.0,0.75,True,2026-07-29 13:40:00+05:30,1158.7,1.711534450392838,True,2026-07-29 13:50:00+05:30,1155.4425499999998,0.75,False,,False,False,False,False,False
38,2026-07-29,BUY,2026-07-29 13:15:00+05:30,2026-07-29 13:20:00+05:30,1153.7766,2.876600000000053,1150.9,1159.5298000000005,2026-07-29 14:40:00+05:30,STOP_LOSS,1.0,1.0,True,2026-07-29 13:40:00+05:30,1158.7,1.711534450392838,True,2026-07-29 13:50:00+05:30,1154.7233999999999,1.0,False,,False,False,False,False,False
38,2026-07-29,BUY,2026-07-29 13:15:00+05:30,2026-07-29 13:20:00+05:30,1153.7766,2.876600000000053,1150.9,1159.5298000000005,2026-07-29 14:40:00+05:30,STOP_LOSS,1.25,0.25,True,2026-07-29 13:40:00+05:30,1158.7,1.711534450392838,True,2026-07-29 13:50:00+05:30,1156.88085,0.25,False,,False,False,False,False,False
38,2026-07-29,BUY,2026-07-29 13:15:00+05:30,2026-07-29 13:20:00+05:30,1153.7766,2.876600000000053,1150.9,1159.5298000000005,2026-07-29 14:40:00+05:30,STOP_LOSS,1.25,0.5,True,2026-07-29 13:40:00+05:30,1158.7,1.711534450392838,True,2026-07-29 13:50:00+05:30,1156.1616999999999,0.5,False,,False,False,False,False,False
38,2026-07-29,BUY,2026-07-29 13:15:00+05:30,2026-07-29 13:20:00+05:30,1153.7766,2.876600000000053,1150.9,1159.5298000000005,2026-07-29 14:40:00+05:30,STOP_LOSS,1.25,0.75,True,2026-07-29 13:40:00+05:30,1158.7,1.711534450392838,True,2026-07-29 13:50:00+05:30,1155.4425499999998,0.75,False,,False,False,False,False,False
38,2026-07-29,BUY,2026-07-29 13:15:00+05:30,2026-07-29 13:20:00+05:30,1153.7766,2.876600000000053,1150.9,1159.5298000000005,2026-07-29 14:40:00+05:30,STOP_LOSS,1.25,1.0,True,2026-07-29 13:40:00+05:30,1158.7,1.711534450392838,True,2026-07-29 13:50:00+05:30,1154.7233999999999,1.0,False,,False,False,False,False,False
38,2026-07-29,BUY,2026-07-29 13:15:00+05:30,2026-07-29 13:20:00+05:30,1153.7766,2.876600000000053,1150.9,1159.5298000000005,2026-07-29 14:40:00+05:30,STOP_LOSS,1.5,0.25,True,2026-07-29 13:55:00+05:30,1158.7,1.711534450392838,True,2026-07-29 14:00:00+05:30,1157.78085,0.25,False,,False,False,False,False,False
38,2026-07-29,BUY,2026-07-29 13:15:00+05:30,2026-07-29 13:20:00+05:30,1153.7766,2.876600000000053,1150.9,1159.5298000000005,2026-07-29 14:40:00+05:30,STOP_LOSS,1.5,0.5,True,2026-07-29 13:55:00+05:30,1158.7,1.711534450392838,True,2026-07-29 14:00:00+05:30,1157.0617,0.5,False,,False,False,False,False,False
38,2026-07-29,BUY,2026-07-29 13:15:00+05:30,2026-07-29 13:20:00+05:30,1153.7766,2.876600000000053,1150.9,1159.5298000000005,2026-07-29 14:40:00+05:30,STOP_LOSS,1.5,0.75,True,2026-07-29 13:55:00+05:30,1158.7,1.711534450392838,True,2026-07-29 14:00:00+05:30,1156.3425499999998,0.75,False,,False,False,False,False,False
38,2026-07-29,BUY,2026-07-29 13:15:00+05:30,2026-07-29 13:20:00+05:30,1153.7766,2.876600000000053,1150.9,1159.5298000000005,2026-07-29 14:40:00+05:30,STOP_LOSS,1.5,1.0,True,2026-07-29 13:55:00+05:30,1158.7,1.711534450392838,True,2026-07-29 14:35:00+05:30,1155.8234,1.0,False,,False,False,False,False,False
39,2026-07-30,SELL,2026-07-30 14:05:00+05:30,2026-07-30 14:10:00+05:30,1165.31705,3.982949999999846,1169.3,1157.3511500000004,2026-07-30 14:35:00+05:30,TARGET,0.5,0.25,True,2026-07-30 14:10:00+05:30,1157.1,2.063056277382472,False,,,,False,,False,False,False,False,False
39,2026-07-30,SELL,2026-07-30 14:05:00+05:30,2026-07-30 14:10:00+05:30,1165.31705,3.982949999999846,1169.3,1157.3511500000004,2026-07-30 14:35:00+05:30,TARGET,0.5,0.5,True,2026-07-30 14:10:00+05:30,1157.1,2.063056277382472,False,,,,False,,False,False,False,False,False
39,2026-07-30,SELL,2026-07-30 14:05:00+05:30,2026-07-30 14:10:00+05:30,1165.31705,3.982949999999846,1169.3,1157.3511500000004,2026-07-30 14:35:00+05:30,TARGET,0.5,0.75,True,2026-07-30 14:10:00+05:30,1157.1,2.063056277382472,False,,,,False,,False,False,False,False,False
39,2026-07-30,SELL,2026-07-30 14:05:00+05:30,2026-07-30 14:10:00+05:30,1165.31705,3.982949999999846,1169.3,1157.3511500000004,2026-07-30 14:35:00+05:30,TARGET,0.5,1.0,True,2026-07-30 14:10:00+05:30,1157.1,2.063056277382472,False,,,,False,,False,False,False,False,False
39,2026-07-30,SELL,2026-07-30 14:05:00+05:30,2026-07-30 14:10:00+05:30,1165.31705,3.982949999999846,1169.3,1157.3511500000004,2026-07-30 14:35:00+05:30,TARGET,0.75,0.25,True,2026-07-30 14:15:00+05:30,1157.1,2.063056277382472,False,,,,False,,False,False,False,False,False
39,2026-07-30,SELL,2026-07-30 14:05:00+05:30,2026-07-30 14:10:00+05:30,1165.31705,3.982949999999846,1169.3,1157.3511500000004,2026-07-30 14:35:00+05:30,TARGET,0.75,0.5,True,2026-07-30 14:15:00+05:30,1157.1,2.063056277382472,False,,,,False,,False,False,False,False,False
39,2026-07-30,SELL,2026-07-30 14:05:00+05:30,2026-07-30 14:10:00+05:30,1165.31705,3.982949999999846,1169.3,1157.3511500000004,2026-07-30 14:35:00+05:30,TARGET,0.75,0.75,True,2026-07-30 14:15:00+05:30,1157.1,2.063056277382472,False,,,,False,,False,False,False,False,False
39,2026-07-30,SELL,2026-07-30 14:05:00+05:30,2026-07-30 14:10:00+05:30,1165.31705,3.982949999999846,1169.3,1157.3511500000004,2026-07-30 14:35:00+05:30,TARGET,0.75,1.0,True,2026-07-30 14:15:00+05:30,1157.1,2.063056277382472,False,,,,False,,False,False,False,False,False
39,2026-07-30,SELL,2026-07-30 14:05:00+05:30,2026-07-30 14:10:00+05:30,1165.31705,3.982949999999846,1169.3,1157.3511500000004,2026-07-30 14:35:00+05:30,TARGET,1.0,0.25,True,2026-07-30 14:15:00+05:30,1157.1,2.063056277382472,False,,,,False,,False,False,False,False,False
39,2026-07-30,SELL,2026-07-30 14:05:00+05:30,2026-07-30 14:10:00+05:30,1165.31705,3.982949999999846,1169.3,1157.3511500000004,2026-07-30 14:35:00+05:30,TARGET,1.0,0.5,True,2026-07-30 14:15:00+05:30,1157.1,2.063056277382472,False,,,,False,,False,False,False,False,False
39,2026-07-30,SELL,2026-07-30 14:05:00+05:30,2026-07-30 14:10:00+05:30,1165.31705,3.982949999999846,1169.3,1157.3511500000004,2026-07-30 14:35:00+05:30,TARGET,1.0,0.75,True,2026-07-30 14:15:00+05:30,1157.1,2.063056277382472,False,,,,False,,False,False,False,False,False
39,2026-07-30,SELL,2026-07-30 14:05:00+05:30,2026-07-30 14:10:00+05:30,1165.31705,3.982949999999846,1169.3,1157.3511500000004,2026-07-30 14:35:00+05:30,TARGET,1.0,1.0,True,2026-07-30 14:15:00+05:30,1157.1,2.063056277382472,False,,,,False,,False,False,False,False,False
39,2026-07-30,SELL,2026-07-30 14:05:00+05:30,2026-07-30 14:10:00+05:30,1165.31705,3.982949999999846,1169.3,1157.3511500000004,2026-07-30 14:35:00+05:30,TARGET,1.25,0.25,True,2026-07-30 14:15:00+05:30,1157.1,2.063056277382472,False,,,,False,,False,False,False,False,False
39,2026-07-30,SELL,2026-07-30 14:05:00+05:30,2026-07-30 14:10:00+05:30,1165.31705,3.982949999999846,1169.3,1157.3511500000004,2026-07-30 14:35:00+05:30,TARGET,1.25,0.5,True,2026-07-30 14:15:00+05:30,1157.1,2.063056277382472,False,,,,False,,False,False,False,False,False
39,2026-07-30,SELL,2026-07-30 14:05:00+05:30,2026-07-30 14:10:00+05:30,1165.31705,3.982949999999846,1169.3,1157.3511500000004,2026-07-30 14:35:00+05:30,TARGET,1.25,0.75,True,2026-07-30 14:15:00+05:30,1157.1,2.063056277382472,False,,,,False,,False,False,False,False,False
39,2026-07-30,SELL,2026-07-30 14:05:00+05:30,2026-07-30 14:10:00+05:30,1165.31705,3.982949999999846,1169.3,1157.3511500000004,2026-07-30 14:35:00+05:30,TARGET,1.25,1.0,True,2026-07-30 14:15:00+05:30,1157.1,2.063056277382472,False,,,,False,,False,False,False,False,False
39,2026-07-30,SELL,2026-07-30 14:05:00+05:30,2026-07-30 14:10:00+05:30,1165.31705,3.982949999999846,1169.3,1157.3511500000004,2026-07-30 14:35:00+05:30,TARGET,1.5,0.25,True,2026-07-30 14:15:00+05:30,1157.1,2.063056277382472,False,,,,False,,False,False,False,False,False
39,2026-07-30,SELL,2026-07-30 14:05:00+05:30,2026-07-30 14:10:00+05:30,1165.31705,3.982949999999846,1169.3,1157.3511500000004,2026-07-30 14:35:00+05:30,TARGET,1.5,0.5,True,2026-07-30 14:15:00+05:30,1157.1,2.063056277382472,False,,,,False,,False,False,False,False,False
39,2026-07-30,SELL,2026-07-30 14:05:00+05:30,2026-07-30 14:10:00+05:30,1165.31705,3.982949999999846,1169.3,1157.3511500000004,2026-07-30 14:35:00+05:30,TARGET,1.5,0.75,True,2026-07-30 14:15:00+05:30,1157.1,2.063056277382472,False,,,,False,,False,False,False,False,False
39,2026-07-30,SELL,2026-07-30 14:05:00+05:30,2026-07-30 14:10:00+05:30,1165.31705,3.982949999999846,1169.3,1157.3511500000004,2026-07-30 14:35:00+05:30,TARGET,1.5,1.0,True,2026-07-30 14:15:00+05:30,1157.1,2.063056277382472,False,,,,False,,False,False,False,False,False
40,2026-07-31,BUY,2026-07-31 09:40:00+05:30,2026-07-31 09:45:00+05:30,1122.3609,6.260899999999992,1116.1,1134.8827,2026-07-31 11:10:00+05:30,TARGET,0.5,0.25,True,2026-07-31 09:45:00+05:30,1136.4,2.2423453497101384,True,2026-07-31 09:50:00+05:30,1125.0347749999999,0.25,False,,False,False,False,False,False
40,2026-07-31,BUY,2026-07-31 09:40:00+05:30,2026-07-31 09:45:00+05:30,1122.3609,6.260899999999992,1116.1,1134.8827,2026-07-31 11:10:00+05:30,TARGET,0.5,0.5,True,2026-07-31 09:45:00+05:30,1136.4,2.2423453497101384,True,2026-07-31 09:50:00+05:30,1123.4695499999998,0.5,False,,False,False,False,False,False
40,2026-07-31,BUY,2026-07-31 09:40:00+05:30,2026-07-31 09:45:00+05:30,1122.3609,6.260899999999992,1116.1,1134.8827,2026-07-31 11:10:00+05:30,TARGET,0.5,0.75,True,2026-07-31 09:45:00+05:30,1136.4,2.2423453497101384,True,2026-07-31 09:50:00+05:30,1121.904325,0.75,False,,False,False,False,False,False
40,2026-07-31,BUY,2026-07-31 09:40:00+05:30,2026-07-31 09:45:00+05:30,1122.3609,6.260899999999992,1116.1,1134.8827,2026-07-31 11:10:00+05:30,TARGET,0.5,1.0,True,2026-07-31 09:45:00+05:30,1136.4,2.2423453497101384,False,,,,False,,False,False,False,False,False
40,2026-07-31,BUY,2026-07-31 09:40:00+05:30,2026-07-31 09:45:00+05:30,1122.3609,6.260899999999992,1116.1,1134.8827,2026-07-31 11:10:00+05:30,TARGET,0.75,0.25,True,2026-07-31 10:35:00+05:30,1136.4,2.2423453497101384,True,2026-07-31 10:50:00+05:30,1129.134775,0.25,False,,False,False,False,False,False
40,2026-07-31,BUY,2026-07-31 09:40:00+05:30,2026-07-31 09:45:00+05:30,1122.3609,6.260899999999992,1116.1,1134.8827,2026-07-31 11:10:00+05:30,TARGET,0.75,0.5,True,2026-07-31 10:35:00+05:30,1136.4,2.2423453497101384,False,,,,False,,False,False,False,False,False
40,2026-07-31,BUY,2026-07-31 09:40:00+05:30,2026-07-31 09:45:00+05:30,1122.3609,6.260899999999992,1116.1,1134.8827,2026-07-31 11:10:00+05:30,TARGET,0.75,0.75,True,2026-07-31 10:35:00+05:30,1136.4,2.2423453497101384,False,,,,False,,False,False,False,False,False
40,2026-07-31,BUY,2026-07-31 09:40:00+05:30,2026-07-31 09:45:00+05:30,1122.3609,6.260899999999992,1116.1,1134.8827,2026-07-31 11:10:00+05:30,TARGET,0.75,1.0,True,2026-07-31 10:35:00+05:30,1136.4,2.2423453497101384,False,,,,False,,False,False,False,False,False
40,2026-07-31,BUY,2026-07-31 09:40:00+05:30,2026-07-31 09:45:00+05:30,1122.3609,6.260899999999992,1116.1,1134.8827,2026-07-31 11:10:00+05:30,TARGET,1.0,0.25,True,2026-07-31 10:40:00+05:30,1136.4,2.2423453497101384,True,2026-07-31 10:50:00+05:30,1129.134775,0.25,False,,False,False,False,False,False
40,2026-07-31,BUY,2026-07-31 09:40:00+05:30,2026-07-31 09:45:00+05:30,1122.3609,6.260899999999992,1116.1,1134.8827,2026-07-31 11:10:00+05:30,TARGET,1.0,0.5,True,2026-07-31 10:40:00+05:30,1136.4,2.2423453497101384,False,,,,False,,False,False,False,False,False
40,2026-07-31,BUY,2026-07-31 09:40:00+05:30,2026-07-31 09:45:00+05:30,1122.3609,6.260899999999992,1116.1,1134.8827,2026-07-31 11:10:00+05:30,TARGET,1.0,0.75,True,2026-07-31 10:40:00+05:30,1136.4,2.2423453497101384,False,,,,False,,False,False,False,False,False
40,2026-07-31,BUY,2026-07-31 09:40:00+05:30,2026-07-31 09:45:00+05:30,1122.3609,6.260899999999992,1116.1,1134.8827,2026-07-31 11:10:00+05:30,TARGET,1.0,1.0,True,2026-07-31 10:40:00+05:30,1136.4,2.2423453497101384,False,,,,False,,False,False,False,False,False
40,2026-07-31,BUY,2026-07-31 09:40:00+05:30,2026-07-31 09:45:00+05:30,1122.3609,6.260899999999992,1116.1,1134.8827,2026-07-31 11:10:00+05:30,TARGET,1.25,0.25,True,2026-07-31 10:45:00+05:30,1136.4,2.2423453497101384,True,2026-07-31 10:50:00+05:30,1129.134775,0.25,False,,False,False,False,False,False
40,2026-07-31,BUY,2026-07-31 09:40:00+05:30,2026-07-31 09:45:00+05:30,1122.3609,6.260899999999992,1116.1,1134.8827,2026-07-31 11:10:00+05:30,TARGET,1.25,0.5,True,2026-07-31 10:45:00+05:30,1136.4,2.2423453497101384,False,,,,False,,False,False,False,False,False
40,2026-07-31,BUY,2026-07-31 09:40:00+05:30,2026-07-31 09:45:00+05:30,1122.3609,6.260899999999992,1116.1,1134.8827,2026-07-31 11:10:00+05:30,TARGET,1.25,0.75,True,2026-07-31 10:45:00+05:30,1136.4,2.2423453497101384,False,,,,False,,False,False,False,False,False
40,2026-07-31,BUY,2026-07-31 09:40:00+05:30,2026-07-31 09:45:00+05:30,1122.3609,6.260899999999992,1116.1,1134.8827,2026-07-31 11:10:00+05:30,TARGET,1.25,1.0,True,2026-07-31 10:45:00+05:30,1136.4,2.2423453497101384,False,,,,False,,False,False,False,False,False
40,2026-07-31,BUY,2026-07-31 09:40:00+05:30,2026-07-31 09:45:00+05:30,1122.3609,6.260899999999992,1116.1,1134.8827,2026-07-31 11:10:00+05:30,TARGET,1.5,0.25,True,2026-07-31 10:55:00+05:30,1136.4,2.2423453497101384,False,,,,False,,False,False,False,False,False
40,2026-07-31,BUY,2026-07-31 09:40:00+05:30,2026-07-31 09:45:00+05:30,1122.3609,6.260899999999992,1116.1,1134.8827,2026-07-31 11:10:00+05:30,TARGET,1.5,0.5,True,2026-07-31 10:55:00+05:30,1136.4,2.2423453497101384,False,,,,False,,False,False,False,False,False
40,2026-07-31,BUY,2026-07-31 09:40:00+05:30,2026-07-31 09:45:00+05:30,1122.3609,6.260899999999992,1116.1,1134.8827,2026-07-31 11:10:00+05:30,TARGET,1.5,0.75,True,2026-07-31 10:55:00+05:30,1136.4,2.2423453497101384,False,,,,False,,False,False,False,False,False
40,2026-07-31,BUY,2026-07-31 09:40:00+05:30,2026-07-31 09:45:00+05:30,1122.3609,6.260899999999992,1116.1,1134.8827,2026-07-31 11:10:00+05:30,TARGET,1.5,1.0,True,2026-07-31 10:55:00+05:30,1136.4,2.2423453497101384,False,,,,False,,False,False,False,False,False
41,2026-07-31,BUY,2026-07-31 14:45:00+05:30,2026-07-31 14:50:00+05:30,1129.7646,2.764599999999973,1127.0,1135.2938,2026-07-31 14:50:00+05:30,STOP_LOSS,0.5,0.25,False,,,,False,,,,False,,False,False,False,False,False
41,2026-07-31,BUY,2026-07-31 14:45:00+05:30,2026-07-31 14:50:00+05:30,1129.7646,2.764599999999973,1127.0,1135.2938,2026-07-31 14:50:00+05:30,STOP_LOSS,0.5,0.5,False,,,,False,,,,False,,False,False,False,False,False
41,2026-07-31,BUY,2026-07-31 14:45:00+05:30,2026-07-31 14:50:00+05:30,1129.7646,2.764599999999973,1127.0,1135.2938,2026-07-31 14:50:00+05:30,STOP_LOSS,0.5,0.75,False,,,,False,,,,False,,False,False,False,False,False
41,2026-07-31,BUY,2026-07-31 14:45:00+05:30,2026-07-31 14:50:00+05:30,1129.7646,2.764599999999973,1127.0,1135.2938,2026-07-31 14:50:00+05:30,STOP_LOSS,0.5,1.0,False,,,,False,,,,False,,False,False,False,False,False
41,2026-07-31,BUY,2026-07-31 14:45:00+05:30,2026-07-31 14:50:00+05:30,1129.7646,2.764599999999973,1127.0,1135.2938,2026-07-31 14:50:00+05:30,STOP_LOSS,0.75,0.25,False,,,,False,,,,False,,False,False,False,False,False
41,2026-07-31,BUY,2026-07-31 14:45:00+05:30,2026-07-31 14:50:00+05:30,1129.7646,2.764599999999973,1127.0,1135.2938,2026-07-31 14:50:00+05:30,STOP_LOSS,0.75,0.5,False,,,,False,,,,False,,False,False,False,False,False
41,2026-07-31,BUY,2026-07-31 14:45:00+05:30,2026-07-31 14:50:00+05:30,1129.7646,2.764599999999973,1127.0,1135.2938,2026-07-31 14:50:00+05:30,STOP_LOSS,0.75,0.75,False,,,,False,,,,False,,False,False,False,False,False
41,2026-07-31,BUY,2026-07-31 14:45:00+05:30,2026-07-31 14:50:00+05:30,1129.7646,2.764599999999973,1127.0,1135.2938,2026-07-31 14:50:00+05:30,STOP_LOSS,0.75,1.0,False,,,,False,,,,False,,False,False,False,False,False
41,2026-07-31,BUY,2026-07-31 14:45:00+05:30,2026-07-31 14:50:00+05:30,1129.7646,2.764599999999973,1127.0,1135.2938,2026-07-31 14:50:00+05:30,STOP_LOSS,1.0,0.25,False,,,,False,,,,False,,False,False,False,False,False
41,2026-07-31,BUY,2026-07-31 14:45:00+05:30,2026-07-31 14:50:00+05:30,1129.7646,2.764599999999973,1127.0,1135.2938,2026-07-31 14:50:00+05:30,STOP_LOSS,1.0,0.5,False,,,,False,,,,False,,False,False,False,False,False
41,2026-07-31,BUY,2026-07-31 14:45:00+05:30,2026-07-31 14:50:00+05:30,1129.7646,2.764599999999973,1127.0,1135.2938,2026-07-31 14:50:00+05:30,STOP_LOSS,1.0,0.75,False,,,,False,,,,False,,False,False,False,False,False
41,2026-07-31,BUY,2026-07-31 14:45:00+05:30,2026-07-31 14:50:00+05:30,1129.7646,2.764599999999973,1127.0,1135.2938,2026-07-31 14:50:00+05:30,STOP_LOSS,1.0,1.0,False,,,,False,,,,False,,False,False,False,False,False
41,2026-07-31,BUY,2026-07-31 14:45:00+05:30,2026-07-31 14:50:00+05:30,1129.7646,2.764599999999973,1127.0,1135.2938,2026-07-31 14:50:00+05:30,STOP_LOSS,1.25,0.25,False,,,,False,,,,False,,False,False,False,False,False
41,2026-07-31,BUY,2026-07-31 14:45:00+05:30,2026-07-31 14:50:00+05:30,1129.7646,2.764599999999973,1127.0,1135.2938,2026-07-31 14:50:00+05:30,STOP_LOSS,1.25,0.5,False,,,,False,,,,False,,False,False,False,False,False
41,2026-07-31,BUY,2026-07-31 14:45:00+05:30,2026-07-31 14:50:00+05:30,1129.7646,2.764599999999973,1127.0,1135.2938,2026-07-31 14:50:00+05:30,STOP_LOSS,1.25,0.75,False,,,,False,,,,False,,False,False,False,False,False
41,2026-07-31,BUY,2026-07-31 14:45:00+05:30,2026-07-31 14:50:00+05:30,1129.7646,2.764599999999973,1127.0,1135.2938,2026-07-31 14:50:00+05:30,STOP_LOSS,1.25,1.0,False,,,,False,,,,False,,False,False,False,False,False
41,2026-07-31,BUY,2026-07-31 14:45:00+05:30,2026-07-31 14:50:00+05:30,1129.7646,2.764599999999973,1127.0,1135.2938,2026-07-31 14:50:00+05:30,STOP_LOSS,1.5,0.25,False,,,,False,,,,False,,False,False,False,False,False
41,2026-07-31,BUY,2026-07-31 14:45:00+05:30,2026-07-31 14:50:00+05:30,1129.7646,2.764599999999973,1127.0,1135.2938,2026-07-31 14:50:00+05:30,STOP_LOSS,1.5,0.5,False,,,,False,,,,False,,False,False,False,False,False
41,2026-07-31,BUY,2026-07-31 14:45:00+05:30,2026-07-31 14:50:00+05:30,1129.7646,2.764599999999973,1127.0,1135.2938,2026-07-31 14:50:00+05:30,STOP_LOSS,1.5,0.75,False,,,,False,,,,False,,False,False,False,False,False
41,2026-07-31,BUY,2026-07-31 14:45:00+05:30,2026-07-31 14:50:00+05:30,1129.7646,2.764599999999973,1127.0,1135.2938,2026-07-31 14:50:00+05:30,STOP_LOSS,1.5,1.0,False,,,,False,,,,False,,False,False,False,False,False
42,2026-07-31,BUY,2026-07-31 14:55:00+05:30,2026-07-31 15:00:00+05:30,1128.06375,1.7637500000000728,1126.3,1131.5912500000002,2026-07-31 15:05:00+05:30,TARGET,0.5,0.25,True,2026-07-31 15:00:00+05:30,1131.6,2.0049610205526496,False,,,,False,,False,False,False,False,False
42,2026-07-31,BUY,2026-07-31 14:55:00+05:30,2026-07-31 15:00:00+05:30,1128.06375,1.7637500000000728,1126.3,1131.5912500000002,2026-07-31 15:05:00+05:30,TARGET,0.5,0.5,True,2026-07-31 15:00:00+05:30,1131.6,2.0049610205526496,False,,,,False,,False,False,False,False,False
42,2026-07-31,BUY,2026-07-31 14:55:00+05:30,2026-07-31 15:00:00+05:30,1128.06375,1.7637500000000728,1126.3,1131.5912500000002,2026-07-31 15:05:00+05:30,TARGET,0.5,0.75,True,2026-07-31 15:00:00+05:30,1131.6,2.0049610205526496,False,,,,False,,False,False,False,False,False
42,2026-07-31,BUY,2026-07-31 14:55:00+05:30,2026-07-31 15:00:00+05:30,1128.06375,1.7637500000000728,1126.3,1131.5912500000002,2026-07-31 15:05:00+05:30,TARGET,0.5,1.0,True,2026-07-31 15:00:00+05:30,1131.6,2.0049610205526496,False,,,,False,,False,False,False,False,False
42,2026-07-31,BUY,2026-07-31 14:55:00+05:30,2026-07-31 15:00:00+05:30,1128.06375,1.7637500000000728,1126.3,1131.5912500000002,2026-07-31 15:05:00+05:30,TARGET,0.75,0.25,True,2026-07-31 15:00:00+05:30,1131.6,2.0049610205526496,False,,,,False,,False,False,False,False,False
42,2026-07-31,BUY,2026-07-31 14:55:00+05:30,2026-07-31 15:00:00+05:30,1128.06375,1.7637500000000728,1126.3,1131.5912500000002,2026-07-31 15:05:00+05:30,TARGET,0.75,0.5,True,2026-07-31 15:00:00+05:30,1131.6,2.0049610205526496,False,,,,False,,False,False,False,False,False
42,2026-07-31,BUY,2026-07-31 14:55:00+05:30,2026-07-31 15:00:00+05:30,1128.06375,1.7637500000000728,1126.3,1131.5912500000002,2026-07-31 15:05:00+05:30,TARGET,0.75,0.75,True,2026-07-31 15:00:00+05:30,1131.6,2.0049610205526496,False,,,,False,,False,False,False,False,False
42,2026-07-31,BUY,2026-07-31 14:55:00+05:30,2026-07-31 15:00:00+05:30,1128.06375,1.7637500000000728,1126.3,1131.5912500000002,2026-07-31 15:05:00+05:30,TARGET,0.75,1.0,True,2026-07-31 15:00:00+05:30,1131.6,2.0049610205526496,False,,,,False,,False,False,False,False,False
42,2026-07-31,BUY,2026-07-31 14:55:00+05:30,2026-07-31 15:00:00+05:30,1128.06375,1.7637500000000728,1126.3,1131.5912500000002,2026-07-31 15:05:00+05:30,TARGET,1.0,0.25,True,2026-07-31 15:05:00+05:30,1131.6,2.0049610205526496,False,,,,False,,False,False,False,False,False
42,2026-07-31,BUY,2026-07-31 14:55:00+05:30,2026-07-31 15:00:00+05:30,1128.06375,1.7637500000000728,1126.3,1131.5912500000002,2026-07-31 15:05:00+05:30,TARGET,1.0,0.5,True,2026-07-31 15:05:00+05:30,1131.6,2.0049610205526496,False,,,,False,,False,False,False,False,False
42,2026-07-31,BUY,2026-07-31 14:55:00+05:30,2026-07-31 15:00:00+05:30,1128.06375,1.7637500000000728,1126.3,1131.5912500000002,2026-07-31 15:05:00+05:30,TARGET,1.0,0.75,True,2026-07-31 15:05:00+05:30,1131.6,2.0049610205526496,False,,,,False,,False,False,False,False,False
42,2026-07-31,BUY,2026-07-31 14:55:00+05:30,2026-07-31 15:00:00+05:30,1128.06375,1.7637500000000728,1126.3,1131.5912500000002,2026-07-31 15:05:00+05:30,TARGET,1.0,1.0,True,2026-07-31 15:05:00+05:30,1131.6,2.0049610205526496,False,,,,False,,False,False,False,False,False
42,2026-07-31,BUY,2026-07-31 14:55:00+05:30,2026-07-31 15:00:00+05:30,1128.06375,1.7637500000000728,1126.3,1131.5912500000002,2026-07-31 15:05:00+05:30,TARGET,1.25,0.25,True,2026-07-31 15:05:00+05:30,1131.6,2.0049610205526496,False,,,,False,,False,False,False,False,False
42,2026-07-31,BUY,2026-07-31 14:55:00+05:30,2026-07-31 15:00:00+05:30,1128.06375,1.7637500000000728,1126.3,1131.5912500000002,2026-07-31 15:05:00+05:30,TARGET,1.25,0.5,True,2026-07-31 15:05:00+05:30,1131.6,2.0049610205526496,False,,,,False,,False,False,False,False,False
42,2026-07-31,BUY,2026-07-31 14:55:00+05:30,2026-07-31 15:00:00+05:30,1128.06375,1.7637500000000728,1126.3,1131.5912500000002,2026-07-31 15:05:00+05:30,TARGET,1.25,0.75,True,2026-07-31 15:05:00+05:30,1131.6,2.0049610205526496,False,,,,False,,False,False,False,False,False
42,2026-07-31,BUY,2026-07-31 14:55:00+05:30,2026-07-31 15:00:00+05:30,1128.06375,1.7637500000000728,1126.3,1131.5912500000002,2026-07-31 15:05:00+05:30,TARGET,1.25,1.0,True,2026-07-31 15:05:00+05:30,1131.6,2.0049610205526496,False,,,,False,,False,False,False,False,False
42,2026-07-31,BUY,2026-07-31 14:55:00+05:30,2026-07-31 15:00:00+05:30,1128.06375,1.7637500000000728,1126.3,1131.5912500000002,2026-07-31 15:05:00+05:30,TARGET,1.5,0.25,True,2026-07-31 15:05:00+05:30,1131.6,2.0049610205526496,False,,,,False,,False,False,False,False,False
42,2026-07-31,BUY,2026-07-31 14:55:00+05:30,2026-07-31 15:00:00+05:30,1128.06375,1.7637500000000728,1126.3,1131.5912500000002,2026-07-31 15:05:00+05:30,TARGET,1.5,0.5,True,2026-07-31 15:05:00+05:30,1131.6,2.0049610205526496,False,,,,False,,False,False,False,False,False
42,2026-07-31,BUY,2026-07-31 14:55:00+05:30,2026-07-31 15:00:00+05:30,1128.06375,1.7637500000000728,1126.3,1131.5912500000002,2026-07-31 15:05:00+05:30,TARGET,1.5,0.75,True,2026-07-31 15:05:00+05:30,1131.6,2.0049610205526496,False,,,,False,,False,False,False,False,False
42,2026-07-31,BUY,2026-07-31 14:55:00+05:30,2026-07-31 15:00:00+05:30,1128.06375,1.7637500000000728,1126.3,1131.5912500000002,2026-07-31 15:05:00+05:30,TARGET,1.5,1.0,True,2026-07-31 15:05:00+05:30,1131.6,2.0049610205526496,False,,,,False,,False,False,False,False,False
43,2026-08-03,BUY,2026-08-03 10:10:00+05:30,2026-08-03 10:15:00+05:30,1158.67905,7.679049999999961,1151.0,1174.03715,2026-08-03 14:15:00+05:30,STOP_LOSS,0.5,0.25,True,2026-08-03 12:05:00+05:30,1171.0,1.6044888365097376,True,2026-08-03 12:20:00+05:30,1162.6802375,0.25,False,,False,False,False,False,False
43,2026-08-03,BUY,2026-08-03 10:10:00+05:30,2026-08-03 10:15:00+05:30,1158.67905,7.679049999999961,1151.0,1174.03715,2026-08-03 14:15:00+05:30,STOP_LOSS,0.5,0.5,True,2026-08-03 12:05:00+05:30,1171.0,1.6044888365097376,True,2026-08-03 14:15:00+05:30,1167.1604750000001,0.5,False,,False,False,False,False,False
43,2026-08-03,BUY,2026-08-03 10:10:00+05:30,2026-08-03 10:15:00+05:30,1158.67905,7.679049999999961,1151.0,1174.03715,2026-08-03 14:15:00+05:30,STOP_LOSS,0.5,0.75,True,2026-08-03 12:05:00+05:30,1171.0,1.6044888365097376,False,,,,False,,False,False,False,False,False
43,2026-08-03,BUY,2026-08-03 10:10:00+05:30,2026-08-03 10:15:00+05:30,1158.67905,7.679049999999961,1151.0,1174.03715,2026-08-03 14:15:00+05:30,STOP_LOSS,0.5,1.0,True,2026-08-03 12:05:00+05:30,1171.0,1.6044888365097376,False,,,,False,,False,False,False,False,False
43,2026-08-03,BUY,2026-08-03 10:10:00+05:30,2026-08-03 10:15:00+05:30,1158.67905,7.679049999999961,1151.0,1174.03715,2026-08-03 14:15:00+05:30,STOP_LOSS,0.75,0.25,True,2026-08-03 12:10:00+05:30,1171.0,1.6044888365097376,True,2026-08-03 12:20:00+05:30,1162.6802375,0.25,False,,False,False,False,False,False
43,2026-08-03,BUY,2026-08-03 10:10:00+05:30,2026-08-03 10:15:00+05:30,1158.67905,7.679049999999961,1151.0,1174.03715,2026-08-03 14:15:00+05:30,STOP_LOSS,0.75,0.5,True,2026-08-03 12:10:00+05:30,1171.0,1.6044888365097376,True,2026-08-03 14:15:00+05:30,1167.1604750000001,0.5,False,,False,False,False,False,False
43,2026-08-03,BUY,2026-08-03 10:10:00+05:30,2026-08-03 10:15:00+05:30,1158.67905,7.679049999999961,1151.0,1174.03715,2026-08-03 14:15:00+05:30,STOP_LOSS,0.75,0.75,True,2026-08-03 12:10:00+05:30,1171.0,1.6044888365097376,False,,,,False,,False,False,False,False,False
43,2026-08-03,BUY,2026-08-03 10:10:00+05:30,2026-08-03 10:15:00+05:30,1158.67905,7.679049999999961,1151.0,1174.03715,2026-08-03 14:15:00+05:30,STOP_LOSS,0.75,1.0,True,2026-08-03 12:10:00+05:30,1171.0,1.6044888365097376,False,,,,False,,False,False,False,False,False
43,2026-08-03,BUY,2026-08-03 10:10:00+05:30,2026-08-03 10:15:00+05:30,1158.67905,7.679049999999961,1151.0,1174.03715,2026-08-03 14:15:00+05:30,STOP_LOSS,1.0,0.25,True,2026-08-03 12:35:00+05:30,1171.0,1.6044888365097376,True,2026-08-03 12:40:00+05:30,1164.6802375,0.25,False,,False,False,False,False,False
43,2026-08-03,BUY,2026-08-03 10:10:00+05:30,2026-08-03 10:15:00+05:30,1158.67905,7.679049999999961,1151.0,1174.03715,2026-08-03 14:15:00+05:30,STOP_LOSS,1.0,0.5,True,2026-08-03 12:35:00+05:30,1171.0,1.6044888365097376,True,2026-08-03 14:15:00+05:30,1167.1604750000001,0.5,False,,False,False,False,False,False
43,2026-08-03,BUY,2026-08-03 10:10:00+05:30,2026-08-03 10:15:00+05:30,1158.67905,7.679049999999961,1151.0,1174.03715,2026-08-03 14:15:00+05:30,STOP_LOSS,1.0,0.75,True,2026-08-03 12:35:00+05:30,1171.0,1.6044888365097376,False,,,,False,,False,False,False,False,False
43,2026-08-03,BUY,2026-08-03 10:10:00+05:30,2026-08-03 10:15:00+05:30,1158.67905,7.679049999999961,1151.0,1174.03715,2026-08-03 14:15:00+05:30,STOP_LOSS,1.0,1.0,True,2026-08-03 12:35:00+05:30,1171.0,1.6044888365097376,False,,,,False,,False,False,False,False,False
43,2026-08-03,BUY,2026-08-03 10:10:00+05:30,2026-08-03 10:15:00+05:30,1158.67905,7.679049999999961,1151.0,1174.03715,2026-08-03 14:15:00+05:30,STOP_LOSS,1.25,0.25,True,2026-08-03 13:40:00+05:30,1171.0,1.6044888365097376,True,2026-08-03 13:50:00+05:30,1167.8802375,0.25,False,,False,False,False,False,False
43,2026-08-03,BUY,2026-08-03 10:10:00+05:30,2026-08-03 10:15:00+05:30,1158.67905,7.679049999999961,1151.0,1174.03715,2026-08-03 14:15:00+05:30,STOP_LOSS,1.25,0.5,True,2026-08-03 13:40:00+05:30,1171.0,1.6044888365097376,True,2026-08-03 14:15:00+05:30,1167.1604750000001,0.5,False,,False,False,False,False,False
43,2026-08-03,BUY,2026-08-03 10:10:00+05:30,2026-08-03 10:15:00+05:30,1158.67905,7.679049999999961,1151.0,1174.03715,2026-08-03 14:15:00+05:30,STOP_LOSS,1.25,0.75,True,2026-08-03 13:40:00+05:30,1171.0,1.6044888365097376,False,,,,False,,False,False,False,False,False
43,2026-08-03,BUY,2026-08-03 10:10:00+05:30,2026-08-03 10:15:00+05:30,1158.67905,7.679049999999961,1151.0,1174.03715,2026-08-03 14:15:00+05:30,STOP_LOSS,1.25,1.0,True,2026-08-03 13:40:00+05:30,1171.0,1.6044888365097376,False,,,,False,,False,False,False,False,False
43,2026-08-03,BUY,2026-08-03 10:10:00+05:30,2026-08-03 10:15:00+05:30,1158.67905,7.679049999999961,1151.0,1174.03715,2026-08-03 14:15:00+05:30,STOP_LOSS,1.5,0.25,True,2026-08-03 14:10:00+05:30,1171.0,1.6044888365097376,True,2026-08-03 14:15:00+05:30,1169.0802375,0.25,False,,False,False,False,False,False
43,2026-08-03,BUY,2026-08-03 10:10:00+05:30,2026-08-03 10:15:00+05:30,1158.67905,7.679049999999961,1151.0,1174.03715,2026-08-03 14:15:00+05:30,STOP_LOSS,1.5,0.5,True,2026-08-03 14:10:00+05:30,1171.0,1.6044888365097376,True,2026-08-03 14:15:00+05:30,1167.1604750000001,0.5,False,,False,False,False,False,False
43,2026-08-03,BUY,2026-08-03 10:10:00+05:30,2026-08-03 10:15:00+05:30,1158.67905,7.679049999999961,1151.0,1174.03715,2026-08-03 14:15:00+05:30,STOP_LOSS,1.5,0.75,True,2026-08-03 14:10:00+05:30,1171.0,1.6044888365097376,False,,,,False,,False,False,False,False,False
43,2026-08-03,BUY,2026-08-03 10:10:00+05:30,2026-08-03 10:15:00+05:30,1158.67905,7.679049999999961,1151.0,1174.03715,2026-08-03 14:15:00+05:30,STOP_LOSS,1.5,1.0,True,2026-08-03 14:10:00+05:30,1171.0,1.6044888365097376,False,,,,False,,False,False,False,False,False
44,2026-08-04,SELL,2026-08-04 09:50:00+05:30,2026-08-04 09:55:00+05:30,1160.4195,2.580500000000029,1163.0,1155.2585,2026-08-04 11:05:00+05:30,STOP_LOSS,0.5,0.25,True,2026-08-04 10:00:00+05:30,1156.4,1.557643867467481,True,2026-08-04 10:10:00+05:30,1157.845125,0.25,False,,False,False,False,False,False
44,2026-08-04,SELL,2026-08-04 09:50:00+05:30,2026-08-04 09:55:00+05:30,1160.4195,2.580500000000029,1163.0,1155.2585,2026-08-04 11:05:00+05:30,STOP_LOSS,0.5,0.5,True,2026-08-04 10:00:00+05:30,1156.4,1.557643867467481,True,2026-08-04 10:10:00+05:30,1158.49025,0.5,False,,False,False,False,False,False
44,2026-08-04,SELL,2026-08-04 09:50:00+05:30,2026-08-04 09:55:00+05:30,1160.4195,2.580500000000029,1163.0,1155.2585,2026-08-04 11:05:00+05:30,STOP_LOSS,0.5,0.75,True,2026-08-04 10:00:00+05:30,1156.4,1.557643867467481,True,2026-08-04 10:10:00+05:30,1159.135375,0.75,False,,False,False,False,False,False
44,2026-08-04,SELL,2026-08-04 09:50:00+05:30,2026-08-04 09:55:00+05:30,1160.4195,2.580500000000029,1163.0,1155.2585,2026-08-04 11:05:00+05:30,STOP_LOSS,0.5,1.0,True,2026-08-04 10:00:00+05:30,1156.4,1.557643867467481,True,2026-08-04 11:00:00+05:30,1158.9805000000001,1.0,False,,False,False,False,False,False
44,2026-08-04,SELL,2026-08-04 09:50:00+05:30,2026-08-04 09:55:00+05:30,1160.4195,2.580500000000029,1163.0,1155.2585,2026-08-04 11:05:00+05:30,STOP_LOSS,0.75,0.25,True,2026-08-04 10:00:00+05:30,1156.4,1.557643867467481,True,2026-08-04 10:10:00+05:30,1157.845125,0.25,False,,False,False,False,False,False
44,2026-08-04,SELL,2026-08-04 09:50:00+05:30,2026-08-04 09:55:00+05:30,1160.4195,2.580500000000029,1163.0,1155.2585,2026-08-04 11:05:00+05:30,STOP_LOSS,0.75,0.5,True,2026-08-04 10:00:00+05:30,1156.4,1.557643867467481,True,2026-08-04 10:10:00+05:30,1158.49025,0.5,False,,False,False,False,False,False
44,2026-08-04,SELL,2026-08-04 09:50:00+05:30,2026-08-04 09:55:00+05:30,1160.4195,2.580500000000029,1163.0,1155.2585,2026-08-04 11:05:00+05:30,STOP_LOSS,0.75,0.75,True,2026-08-04 10:00:00+05:30,1156.4,1.557643867467481,True,2026-08-04 10:10:00+05:30,1159.135375,0.75,False,,False,False,False,False,False
44,2026-08-04,SELL,2026-08-04 09:50:00+05:30,2026-08-04 09:55:00+05:30,1160.4195,2.580500000000029,1163.0,1155.2585,2026-08-04 11:05:00+05:30,STOP_LOSS,0.75,1.0,True,2026-08-04 10:00:00+05:30,1156.4,1.557643867467481,True,2026-08-04 11:00:00+05:30,1158.9805000000001,1.0,False,,False,False,False,False,False
44,2026-08-04,SELL,2026-08-04 09:50:00+05:30,2026-08-04 09:55:00+05:30,1160.4195,2.580500000000029,1163.0,1155.2585,2026-08-04 11:05:00+05:30,STOP_LOSS,1.0,0.25,True,2026-08-04 10:00:00+05:30,1156.4,1.557643867467481,True,2026-08-04 10:10:00+05:30,1157.845125,0.25,False,,False,False,False,False,False
44,2026-08-04,SELL,2026-08-04 09:50:00+05:30,2026-08-04 09:55:00+05:30,1160.4195,2.580500000000029,1163.0,1155.2585,2026-08-04 11:05:00+05:30,STOP_LOSS,1.0,0.5,True,2026-08-04 10:00:00+05:30,1156.4,1.557643867467481,True,2026-08-04 10:10:00+05:30,1158.49025,0.5,False,,False,False,False,False,False
44,2026-08-04,SELL,2026-08-04 09:50:00+05:30,2026-08-04 09:55:00+05:30,1160.4195,2.580500000000029,1163.0,1155.2585,2026-08-04 11:05:00+05:30,STOP_LOSS,1.0,0.75,True,2026-08-04 10:00:00+05:30,1156.4,1.557643867467481,True,2026-08-04 10:10:00+05:30,1159.135375,0.75,False,,False,False,False,False,False
44,2026-08-04,SELL,2026-08-04 09:50:00+05:30,2026-08-04 09:55:00+05:30,1160.4195,2.580500000000029,1163.0,1155.2585,2026-08-04 11:05:00+05:30,STOP_LOSS,1.0,1.0,True,2026-08-04 10:00:00+05:30,1156.4,1.557643867467481,True,2026-08-04 11:00:00+05:30,1158.9805000000001,1.0,False,,False,False,False,False,False
44,2026-08-04,SELL,2026-08-04 09:50:00+05:30,2026-08-04 09:55:00+05:30,1160.4195,2.580500000000029,1163.0,1155.2585,2026-08-04 11:05:00+05:30,STOP_LOSS,1.25,0.25,True,2026-08-04 10:45:00+05:30,1156.4,1.557643867467481,True,2026-08-04 10:50:00+05:30,1157.045125,0.25,False,,False,False,False,False,False
44,2026-08-04,SELL,2026-08-04 09:50:00+05:30,2026-08-04 09:55:00+05:30,1160.4195,2.580500000000029,1163.0,1155.2585,2026-08-04 11:05:00+05:30,STOP_LOSS,1.25,0.5,True,2026-08-04 10:45:00+05:30,1156.4,1.557643867467481,True,2026-08-04 10:50:00+05:30,1157.69025,0.5,False,,False,False,False,False,False
44,2026-08-04,SELL,2026-08-04 09:50:00+05:30,2026-08-04 09:55:00+05:30,1160.4195,2.580500000000029,1163.0,1155.2585,2026-08-04 11:05:00+05:30,STOP_LOSS,1.25,0.75,True,2026-08-04 10:45:00+05:30,1156.4,1.557643867467481,True,2026-08-04 10:50:00+05:30,1158.335375,0.75,False,,False,False,False,False,False
44,2026-08-04,SELL,2026-08-04 09:50:00+05:30,2026-08-04 09:55:00+05:30,1160.4195,2.580500000000029,1163.0,1155.2585,2026-08-04 11:05:00+05:30,STOP_LOSS,1.25,1.0,True,2026-08-04 10:45:00+05:30,1156.4,1.557643867467481,True,2026-08-04 11:00:00+05:30,1158.9805000000001,1.0,False,,False,False,False,False,False
44,2026-08-04,SELL,2026-08-04 09:50:00+05:30,2026-08-04 09:55:00+05:30,1160.4195,2.580500000000029,1163.0,1155.2585,2026-08-04 11:05:00+05:30,STOP_LOSS,1.5,0.25,True,2026-08-04 10:45:00+05:30,1156.4,1.557643867467481,True,2026-08-04 10:50:00+05:30,1157.045125,0.25,False,,False,False,False,False,False
44,2026-08-04,SELL,2026-08-04 09:50:00+05:30,2026-08-04 09:55:00+05:30,1160.4195,2.580500000000029,1163.0,1155.2585,2026-08-04 11:05:00+05:30,STOP_LOSS,1.5,0.5,True,2026-08-04 10:45:00+05:30,1156.4,1.557643867467481,True,2026-08-04 10:50:00+05:30,1157.69025,0.5,False,,False,False,False,False,False
44,2026-08-04,SELL,2026-08-04 09:50:00+05:30,2026-08-04 09:55:00+05:30,1160.4195,2.580500000000029,1163.0,1155.2585,2026-08-04 11:05:00+05:30,STOP_LOSS,1.5,0.75,True,2026-08-04 10:45:00+05:30,1156.4,1.557643867467481,True,2026-08-04 10:50:00+05:30,1158.335375,0.75,False,,False,False,False,False,False
44,2026-08-04,SELL,2026-08-04 09:50:00+05:30,2026-08-04 09:55:00+05:30,1160.4195,2.580500000000029,1163.0,1155.2585,2026-08-04 11:05:00+05:30,STOP_LOSS,1.5,1.0,True,2026-08-04 10:45:00+05:30,1156.4,1.557643867467481,True,2026-08-04 11:00:00+05:30,1158.9805000000001,1.0,False,,False,False,False,False,False
45,2026-08-04,SELL,2026-08-04 11:40:00+05:30,2026-08-04 11:45:00+05:30,1160.4195,2.180499999999938,1162.6,1156.0585,2026-08-04 12:00:00+05:30,TARGET,0.5,0.25,True,2026-08-04 11:45:00+05:30,1155.8,2.1185507911030257,False,,,,False,,False,False,False,False,False
45,2026-08-04,SELL,2026-08-04 11:40:00+05:30,2026-08-04 11:45:00+05:30,1160.4195,2.180499999999938,1162.6,1156.0585,2026-08-04 12:00:00+05:30,TARGET,0.5,0.5,True,2026-08-04 11:45:00+05:30,1155.8,2.1185507911030257,False,,,,False,,False,False,False,False,False
45,2026-08-04,SELL,2026-08-04 11:40:00+05:30,2026-08-04 11:45:00+05:30,1160.4195,2.180499999999938,1162.6,1156.0585,2026-08-04 12:00:00+05:30,TARGET,0.5,0.75,True,2026-08-04 11:45:00+05:30,1155.8,2.1185507911030257,False,,,,False,,False,False,False,False,False
45,2026-08-04,SELL,2026-08-04 11:40:00+05:30,2026-08-04 11:45:00+05:30,1160.4195,2.180499999999938,1162.6,1156.0585,2026-08-04 12:00:00+05:30,TARGET,0.5,1.0,True,2026-08-04 11:45:00+05:30,1155.8,2.1185507911030257,False,,,,False,,False,False,False,False,False
45,2026-08-04,SELL,2026-08-04 11:40:00+05:30,2026-08-04 11:45:00+05:30,1160.4195,2.180499999999938,1162.6,1156.0585,2026-08-04 12:00:00+05:30,TARGET,0.75,0.25,True,2026-08-04 11:45:00+05:30,1155.8,2.1185507911030257,False,,,,False,,False,False,False,False,False
45,2026-08-04,SELL,2026-08-04 11:40:00+05:30,2026-08-04 11:45:00+05:30,1160.4195,2.180499999999938,1162.6,1156.0585,2026-08-04 12:00:00+05:30,TARGET,0.75,0.5,True,2026-08-04 11:45:00+05:30,1155.8,2.1185507911030257,False,,,,False,,False,False,False,False,False
45,2026-08-04,SELL,2026-08-04 11:40:00+05:30,2026-08-04 11:45:00+05:30,1160.4195,2.180499999999938,1162.6,1156.0585,2026-08-04 12:00:00+05:30,TARGET,0.75,0.75,True,2026-08-04 11:45:00+05:30,1155.8,2.1185507911030257,False,,,,False,,False,False,False,False,False
45,2026-08-04,SELL,2026-08-04 11:40:00+05:30,2026-08-04 11:45:00+05:30,1160.4195,2.180499999999938,1162.6,1156.0585,2026-08-04 12:00:00+05:30,TARGET,0.75,1.0,True,2026-08-04 11:45:00+05:30,1155.8,2.1185507911030257,False,,,,False,,False,False,False,False,False
45,2026-08-04,SELL,2026-08-04 11:40:00+05:30,2026-08-04 11:45:00+05:30,1160.4195,2.180499999999938,1162.6,1156.0585,2026-08-04 12:00:00+05:30,TARGET,1.0,0.25,True,2026-08-04 11:50:00+05:30,1155.8,2.1185507911030257,False,,,,False,,False,False,False,False,False
45,2026-08-04,SELL,2026-08-04 11:40:00+05:30,2026-08-04 11:45:00+05:30,1160.4195,2.180499999999938,1162.6,1156.0585,2026-08-04 12:00:00+05:30,TARGET,1.0,0.5,True,2026-08-04 11:50:00+05:30,1155.8,2.1185507911030257,False,,,,False,,False,False,False,False,False
45,2026-08-04,SELL,2026-08-04 11:40:00+05:30,2026-08-04 11:45:00+05:30,1160.4195,2.180499999999938,1162.6,1156.0585,2026-08-04 12:00:00+05:30,TARGET,1.0,0.75,True,2026-08-04 11:50:00+05:30,1155.8,2.1185507911030257,False,,,,False,,False,False,False,False,False
45,2026-08-04,SELL,2026-08-04 11:40:00+05:30,2026-08-04 11:45:00+05:30,1160.4195,2.180499999999938,1162.6,1156.0585,2026-08-04 12:00:00+05:30,TARGET,1.0,1.0,True,2026-08-04 11:50:00+05:30,1155.8,2.1185507911030257,False,,,,False,,False,False,False,False,False
45,2026-08-04,SELL,2026-08-04 11:40:00+05:30,2026-08-04 11:45:00+05:30,1160.4195,2.180499999999938,1162.6,1156.0585,2026-08-04 12:00:00+05:30,TARGET,1.25,0.25,True,2026-08-04 11:55:00+05:30,1155.8,2.1185507911030257,False,,,,False,,False,False,False,False,False
45,2026-08-04,SELL,2026-08-04 11:40:00+05:30,2026-08-04 11:45:00+05:30,1160.4195,2.180499999999938,1162.6,1156.0585,2026-08-04 12:00:00+05:30,TARGET,1.25,0.5,True,2026-08-04 11:55:00+05:30,1155.8,2.1185507911030257,False,,,,False,,False,False,False,False,False
45,2026-08-04,SELL,2026-08-04 11:40:00+05:30,2026-08-04 11:45:00+05:30,1160.4195,2.180499999999938,1162.6,1156.0585,2026-08-04 12:00:00+05:30,TARGET,1.25,0.75,True,2026-08-04 11:55:00+05:30,1155.8,2.1185507911030257,False,,,,False,,False,False,False,False,False
45,2026-08-04,SELL,2026-08-04 11:40:00+05:30,2026-08-04 11:45:00+05:30,1160.4195,2.180499999999938,1162.6,1156.0585,2026-08-04 12:00:00+05:30,TARGET,1.25,1.0,True,2026-08-04 11:55:00+05:30,1155.8,2.1185507911030257,False,,,,False,,False,False,False,False,False
45,2026-08-04,SELL,2026-08-04 11:40:00+05:30,2026-08-04 11:45:00+05:30,1160.4195,2.180499999999938,1162.6,1156.0585,2026-08-04 12:00:00+05:30,TARGET,1.5,0.25,True,2026-08-04 12:00:00+05:30,1155.8,2.1185507911030257,False,,,,False,,False,False,False,False,False
45,2026-08-04,SELL,2026-08-04 11:40:00+05:30,2026-08-04 11:45:00+05:30,1160.4195,2.180499999999938,1162.6,1156.0585,2026-08-04 12:00:00+05:30,TARGET,1.5,0.5,True,2026-08-04 12:00:00+05:30,1155.8,2.1185507911030257,False,,,,False,,False,False,False,False,False
45,2026-08-04,SELL,2026-08-04 11:40:00+05:30,2026-08-04 11:45:00+05:30,1160.4195,2.180499999999938,1162.6,1156.0585,2026-08-04 12:00:00+05:30,TARGET,1.5,0.75,True,2026-08-04 12:00:00+05:30,1155.8,2.1185507911030257,False,,,,False,,False,False,False,False,False
45,2026-08-04,SELL,2026-08-04 11:40:00+05:30,2026-08-04 11:45:00+05:30,1160.4195,2.180499999999938,1162.6,1156.0585,2026-08-04 12:00:00+05:30,TARGET,1.5,1.0,True,2026-08-04 12:00:00+05:30,1155.8,2.1185507911030257,False,,,,False,,False,False,False,False,False
46,2026-08-04,SELL,2026-08-04 13:45:00+05:30,2026-08-04 13:50:00+05:30,1159.12015,1.4798499999999422,1160.6,1156.16045,2026-08-04 14:05:00+05:30,STOP_LOSS,0.5,0.25,False,,,,False,,,,False,,False,False,False,False,False
46,2026-08-04,SELL,2026-08-04 13:45:00+05:30,2026-08-04 13:50:00+05:30,1159.12015,1.4798499999999422,1160.6,1156.16045,2026-08-04 14:05:00+05:30,STOP_LOSS,0.5,0.5,False,,,,False,,,,False,,False,False,False,False,False
46,2026-08-04,SELL,2026-08-04 13:45:00+05:30,2026-08-04 13:50:00+05:30,1159.12015,1.4798499999999422,1160.6,1156.16045,2026-08-04 14:05:00+05:30,STOP_LOSS,0.5,0.75,False,,,,False,,,,False,,False,False,False,False,False
46,2026-08-04,SELL,2026-08-04 13:45:00+05:30,2026-08-04 13:50:00+05:30,1159.12015,1.4798499999999422,1160.6,1156.16045,2026-08-04 14:05:00+05:30,STOP_LOSS,0.5,1.0,False,,,,False,,,,False,,False,False,False,False,False
46,2026-08-04,SELL,2026-08-04 13:45:00+05:30,2026-08-04 13:50:00+05:30,1159.12015,1.4798499999999422,1160.6,1156.16045,2026-08-04 14:05:00+05:30,STOP_LOSS,0.75,0.25,False,,,,False,,,,False,,False,False,False,False,False
46,2026-08-04,SELL,2026-08-04 13:45:00+05:30,2026-08-04 13:50:00+05:30,1159.12015,1.4798499999999422,1160.6,1156.16045,2026-08-04 14:05:00+05:30,STOP_LOSS,0.75,0.5,False,,,,False,,,,False,,False,False,False,False,False
46,2026-08-04,SELL,2026-08-04 13:45:00+05:30,2026-08-04 13:50:00+05:30,1159.12015,1.4798499999999422,1160.6,1156.16045,2026-08-04 14:05:00+05:30,STOP_LOSS,0.75,0.75,False,,,,False,,,,False,,False,False,False,False,False
46,2026-08-04,SELL,2026-08-04 13:45:00+05:30,2026-08-04 13:50:00+05:30,1159.12015,1.4798499999999422,1160.6,1156.16045,2026-08-04 14:05:00+05:30,STOP_LOSS,0.75,1.0,False,,,,False,,,,False,,False,False,False,False,False
46,2026-08-04,SELL,2026-08-04 13:45:00+05:30,2026-08-04 13:50:00+05:30,1159.12015,1.4798499999999422,1160.6,1156.16045,2026-08-04 14:05:00+05:30,STOP_LOSS,1.0,0.25,False,,,,False,,,,False,,False,False,False,False,False
46,2026-08-04,SELL,2026-08-04 13:45:00+05:30,2026-08-04 13:50:00+05:30,1159.12015,1.4798499999999422,1160.6,1156.16045,2026-08-04 14:05:00+05:30,STOP_LOSS,1.0,0.5,False,,,,False,,,,False,,False,False,False,False,False
46,2026-08-04,SELL,2026-08-04 13:45:00+05:30,2026-08-04 13:50:00+05:30,1159.12015,1.4798499999999422,1160.6,1156.16045,2026-08-04 14:05:00+05:30,STOP_LOSS,1.0,0.75,False,,,,False,,,,False,,False,False,False,False,False
46,2026-08-04,SELL,2026-08-04 13:45:00+05:30,2026-08-04 13:50:00+05:30,1159.12015,1.4798499999999422,1160.6,1156.16045,2026-08-04 14:05:00+05:30,STOP_LOSS,1.0,1.0,False,,,,False,,,,False,,False,False,False,False,False
46,2026-08-04,SELL,2026-08-04 13:45:00+05:30,2026-08-04 13:50:00+05:30,1159.12015,1.4798499999999422,1160.6,1156.16045,2026-08-04 14:05:00+05:30,STOP_LOSS,1.25,0.25,False,,,,False,,,,False,,False,False,False,False,False
46,2026-08-04,SELL,2026-08-04 13:45:00+05:30,2026-08-04 13:50:00+05:30,1159.12015,1.4798499999999422,1160.6,1156.16045,2026-08-04 14:05:00+05:30,STOP_LOSS,1.25,0.5,False,,,,False,,,,False,,False,False,False,False,False
46,2026-08-04,SELL,2026-08-04 13:45:00+05:30,2026-08-04 13:50:00+05:30,1159.12015,1.4798499999999422,1160.6,1156.16045,2026-08-04 14:05:00+05:30,STOP_LOSS,1.25,0.75,False,,,,False,,,,False,,False,False,False,False,False
46,2026-08-04,SELL,2026-08-04 13:45:00+05:30,2026-08-04 13:50:00+05:30,1159.12015,1.4798499999999422,1160.6,1156.16045,2026-08-04 14:05:00+05:30,STOP_LOSS,1.25,1.0,False,,,,False,,,,False,,False,False,False,False,False
46,2026-08-04,SELL,2026-08-04 13:45:00+05:30,2026-08-04 13:50:00+05:30,1159.12015,1.4798499999999422,1160.6,1156.16045,2026-08-04 14:05:00+05:30,STOP_LOSS,1.5,0.25,False,,,,False,,,,False,,False,False,False,False,False
46,2026-08-04,SELL,2026-08-04 13:45:00+05:30,2026-08-04 13:50:00+05:30,1159.12015,1.4798499999999422,1160.6,1156.16045,2026-08-04 14:05:00+05:30,STOP_LOSS,1.5,0.5,False,,,,False,,,,False,,False,False,False,False,False
46,2026-08-04,SELL,2026-08-04 13:45:00+05:30,2026-08-04 13:50:00+05:30,1159.12015,1.4798499999999422,1160.6,1156.16045,2026-08-04 14:05:00+05:30,STOP_LOSS,1.5,0.75,False,,,,False,,,,False,,False,False,False,False,False
46,2026-08-04,SELL,2026-08-04 13:45:00+05:30,2026-08-04 13:50:00+05:30,1159.12015,1.4798499999999422,1160.6,1156.16045,2026-08-04 14:05:00+05:30,STOP_LOSS,1.5,1.0,False,,,,False,,,,False,,False,False,False,False,False
47,2026-08-04,SELL,2026-08-04 14:10:00+05:30,2026-08-04 14:15:00+05:30,1159.0202,1.279800000000023,1160.3,1156.4606,2026-08-04 14:30:00+05:30,STOP_LOSS,0.5,0.25,True,2026-08-04 14:20:00+05:30,1158.0,0.7971558055945565,True,2026-08-04 14:25:00+05:30,1158.31995,0.25,False,,False,False,True,False,False
47,2026-08-04,SELL,2026-08-04 14:10:00+05:30,2026-08-04 14:15:00+05:30,1159.0202,1.279800000000023,1160.3,1156.4606,2026-08-04 14:30:00+05:30,STOP_LOSS,0.5,0.5,True,2026-08-04 14:20:00+05:30,1158.0,0.7971558055945565,True,2026-08-04 14:25:00+05:30,1158.6399000000001,0.5,False,,False,False,True,False,False
47,2026-08-04,SELL,2026-08-04 14:10:00+05:30,2026-08-04 14:15:00+05:30,1159.0202,1.279800000000023,1160.3,1156.4606,2026-08-04 14:30:00+05:30,STOP_LOSS,0.5,0.75,True,2026-08-04 14:20:00+05:30,1158.0,0.7971558055945565,True,2026-08-04 14:25:00+05:30,1158.95985,0.75,False,,False,False,True,False,False
47,2026-08-04,SELL,2026-08-04 14:10:00+05:30,2026-08-04 14:15:00+05:30,1159.0202,1.279800000000023,1160.3,1156.4606,2026-08-04 14:30:00+05:30,STOP_LOSS,0.5,1.0,True,2026-08-04 14:20:00+05:30,1158.0,0.7971558055945565,True,2026-08-04 14:25:00+05:30,1159.2798,1.0,False,,False,False,True,False,False
47,2026-08-04,SELL,2026-08-04 14:10:00+05:30,2026-08-04 14:15:00+05:30,1159.0202,1.279800000000023,1160.3,1156.4606,2026-08-04 14:30:00+05:30,STOP_LOSS,0.75,0.25,True,2026-08-04 14:20:00+05:30,1158.0,0.7971558055945565,True,2026-08-04 14:25:00+05:30,1158.31995,0.25,False,,False,False,True,False,False
47,2026-08-04,SELL,2026-08-04 14:10:00+05:30,2026-08-04 14:15:00+05:30,1159.0202,1.279800000000023,1160.3,1156.4606,2026-08-04 14:30:00+05:30,STOP_LOSS,0.75,0.5,True,2026-08-04 14:20:00+05:30,1158.0,0.7971558055945565,True,2026-08-04 14:25:00+05:30,1158.6399000000001,0.5,False,,False,False,True,False,False
47,2026-08-04,SELL,2026-08-04 14:10:00+05:30,2026-08-04 14:15:00+05:30,1159.0202,1.279800000000023,1160.3,1156.4606,2026-08-04 14:30:00+05:30,STOP_LOSS,0.75,0.75,True,2026-08-04 14:20:00+05:30,1158.0,0.7971558055945565,True,2026-08-04 14:25:00+05:30,1158.95985,0.75,False,,False,False,True,False,False
47,2026-08-04,SELL,2026-08-04 14:10:00+05:30,2026-08-04 14:15:00+05:30,1159.0202,1.279800000000023,1160.3,1156.4606,2026-08-04 14:30:00+05:30,STOP_LOSS,0.75,1.0,True,2026-08-04 14:20:00+05:30,1158.0,0.7971558055945565,True,2026-08-04 14:25:00+05:30,1159.2798,1.0,False,,False,False,True,False,False
47,2026-08-04,SELL,2026-08-04 14:10:00+05:30,2026-08-04 14:15:00+05:30,1159.0202,1.279800000000023,1160.3,1156.4606,2026-08-04 14:30:00+05:30,STOP_LOSS,1.0,0.25,False,,,,False,,,,False,,False,False,False,False,False
47,2026-08-04,SELL,2026-08-04 14:10:00+05:30,2026-08-04 14:15:00+05:30,1159.0202,1.279800000000023,1160.3,1156.4606,2026-08-04 14:30:00+05:30,STOP_LOSS,1.0,0.5,False,,,,False,,,,False,,False,False,False,False,False
47,2026-08-04,SELL,2026-08-04 14:10:00+05:30,2026-08-04 14:15:00+05:30,1159.0202,1.279800000000023,1160.3,1156.4606,2026-08-04 14:30:00+05:30,STOP_LOSS,1.0,0.75,False,,,,False,,,,False,,False,False,False,False,False
47,2026-08-04,SELL,2026-08-04 14:10:00+05:30,2026-08-04 14:15:00+05:30,1159.0202,1.279800000000023,1160.3,1156.4606,2026-08-04 14:30:00+05:30,STOP_LOSS,1.0,1.0,False,,,,False,,,,False,,False,False,False,False,False
47,2026-08-04,SELL,2026-08-04 14:10:00+05:30,2026-08-04 14:15:00+05:30,1159.0202,1.279800000000023,1160.3,1156.4606,2026-08-04 14:30:00+05:30,STOP_LOSS,1.25,0.25,False,,,,False,,,,False,,False,False,False,False,False
47,2026-08-04,SELL,2026-08-04 14:10:00+05:30,2026-08-04 14:15:00+05:30,1159.0202,1.279800000000023,1160.3,1156.4606,2026-08-04 14:30:00+05:30,STOP_LOSS,1.25,0.5,False,,,,False,,,,False,,False,False,False,False,False
47,2026-08-04,SELL,2026-08-04 14:10:00+05:30,2026-08-04 14:15:00+05:30,1159.0202,1.279800000000023,1160.3,1156.4606,2026-08-04 14:30:00+05:30,STOP_LOSS,1.25,0.75,False,,,,False,,,,False,,False,False,False,False,False
47,2026-08-04,SELL,2026-08-04 14:10:00+05:30,2026-08-04 14:15:00+05:30,1159.0202,1.279800000000023,1160.3,1156.4606,2026-08-04 14:30:00+05:30,STOP_LOSS,1.25,1.0,False,,,,False,,,,False,,False,False,False,False,False
47,2026-08-04,SELL,2026-08-04 14:10:00+05:30,2026-08-04 14:15:00+05:30,1159.0202,1.279800000000023,1160.3,1156.4606,2026-08-04 14:30:00+05:30,STOP_LOSS,1.5,0.25,False,,,,False,,,,False,,False,False,False,False,False
47,2026-08-04,SELL,2026-08-04 14:10:00+05:30,2026-08-04 14:15:00+05:30,1159.0202,1.279800000000023,1160.3,1156.4606,2026-08-04 14:30:00+05:30,STOP_LOSS,1.5,0.5,False,,,,False,,,,False,,False,False,False,False,False
47,2026-08-04,SELL,2026-08-04 14:10:00+05:30,2026-08-04 14:15:00+05:30,1159.0202,1.279800000000023,1160.3,1156.4606,2026-08-04 14:30:00+05:30,STOP_LOSS,1.5,0.75,False,,,,False,,,,False,,False,False,False,False,False
47,2026-08-04,SELL,2026-08-04 14:10:00+05:30,2026-08-04 14:15:00+05:30,1159.0202,1.279800000000023,1160.3,1156.4606,2026-08-04 14:30:00+05:30,STOP_LOSS,1.5,1.0,False,,,,False,,,,False,,False,False,False,False,False
48,2026-08-05,SELL,2026-08-05 09:50:00+05:30,2026-08-05 09:55:00+05:30,1163.6179,4.182099999999991,1167.8,1155.2537,2026-08-05 10:20:00+05:30,STOP_LOSS,0.5,0.25,False,,,,False,,,,False,,False,False,False,False,False
48,2026-08-05,SELL,2026-08-05 09:50:00+05:30,2026-08-05 09:55:00+05:30,1163.6179,4.182099999999991,1167.8,1155.2537,2026-08-05 10:20:00+05:30,STOP_LOSS,0.5,0.5,False,,,,False,,,,False,,False,False,False,False,False
48,2026-08-05,SELL,2026-08-05 09:50:00+05:30,2026-08-05 09:55:00+05:30,1163.6179,4.182099999999991,1167.8,1155.2537,2026-08-05 10:20:00+05:30,STOP_LOSS,0.5,0.75,False,,,,False,,,,False,,False,False,False,False,False
48,2026-08-05,SELL,2026-08-05 09:50:00+05:30,2026-08-05 09:55:00+05:30,1163.6179,4.182099999999991,1167.8,1155.2537,2026-08-05 10:20:00+05:30,STOP_LOSS,0.5,1.0,False,,,,False,,,,False,,False,False,False,False,False
48,2026-08-05,SELL,2026-08-05 09:50:00+05:30,2026-08-05 09:55:00+05:30,1163.6179,4.182099999999991,1167.8,1155.2537,2026-08-05 10:20:00+05:30,STOP_LOSS,0.75,0.25,False,,,,False,,,,False,,False,False,False,False,False
48,2026-08-05,SELL,2026-08-05 09:50:00+05:30,2026-08-05 09:55:00+05:30,1163.6179,4.182099999999991,1167.8,1155.2537,2026-08-05 10:20:00+05:30,STOP_LOSS,0.75,0.5,False,,,,False,,,,False,,False,False,False,False,False
48,2026-08-05,SELL,2026-08-05 09:50:00+05:30,2026-08-05 09:55:00+05:30,1163.6179,4.182099999999991,1167.8,1155.2537,2026-08-05 10:20:00+05:30,STOP_LOSS,0.75,0.75,False,,,,False,,,,False,,False,False,False,False,False
48,2026-08-05,SELL,2026-08-05 09:50:00+05:30,2026-08-05 09:55:00+05:30,1163.6179,4.182099999999991,1167.8,1155.2537,2026-08-05 10:20:00+05:30,STOP_LOSS,0.75,1.0,False,,,,False,,,,False,,False,False,False,False,False
48,2026-08-05,SELL,2026-08-05 09:50:00+05:30,2026-08-05 09:55:00+05:30,1163.6179,4.182099999999991,1167.8,1155.2537,2026-08-05 10:20:00+05:30,STOP_LOSS,1.0,0.25,False,,,,False,,,,False,,False,False,False,False,False
48,2026-08-05,SELL,2026-08-05 09:50:00+05:30,2026-08-05 09:55:00+05:30,1163.6179,4.182099999999991,1167.8,1155.2537,2026-08-05 10:20:00+05:30,STOP_LOSS,1.0,0.5,False,,,,False,,,,False,,False,False,False,False,False
48,2026-08-05,SELL,2026-08-05 09:50:00+05:30,2026-08-05 09:55:00+05:30,1163.6179,4.182099999999991,1167.8,1155.2537,2026-08-05 10:20:00+05:30,STOP_LOSS,1.0,0.75,False,,,,False,,,,False,,False,False,False,False,False
48,2026-08-05,SELL,2026-08-05 09:50:00+05:30,2026-08-05 09:55:00+05:30,1163.6179,4.182099999999991,1167.8,1155.2537,2026-08-05 10:20:00+05:30,STOP_LOSS,1.0,1.0,False,,,,False,,,,False,,False,False,False,False,False
48,2026-08-05,SELL,2026-08-05 09:50:00+05:30,2026-08-05 09:55:00+05:30,1163.6179,4.182099999999991,1167.8,1155.2537,2026-08-05 10:20:00+05:30,STOP_LOSS,1.25,0.25,False,,,,False,,,,False,,False,False,False,False,False
48,2026-08-05,SELL,2026-08-05 09:50:00+05:30,2026-08-05 09:55:00+05:30,1163.6179,4.182099999999991,1167.8,1155.2537,2026-08-05 10:20:00+05:30,STOP_LOSS,1.25,0.5,False,,,,False,,,,False,,False,False,False,False,False
48,2026-08-05,SELL,2026-08-05 09:50:00+05:30,2026-08-05 09:55:00+05:30,1163.6179,4.182099999999991,1167.8,1155.2537,2026-08-05 10:20:00+05:30,STOP_LOSS,1.25,0.75,False,,,,False,,,,False,,False,False,False,False,False
48,2026-08-05,SELL,2026-08-05 09:50:00+05:30,2026-08-05 09:55:00+05:30,1163.6179,4.182099999999991,1167.8,1155.2537,2026-08-05 10:20:00+05:30,STOP_LOSS,1.25,1.0,False,,,,False,,,,False,,False,False,False,False,False
48,2026-08-05,SELL,2026-08-05 09:50:00+05:30,2026-08-05 09:55:00+05:30,1163.6179,4.182099999999991,1167.8,1155.2537,2026-08-05 10:20:00+05:30,STOP_LOSS,1.5,0.25,False,,,,False,,,,False,,False,False,False,False,False
48,2026-08-05,SELL,2026-08-05 09:50:00+05:30,2026-08-05 09:55:00+05:30,1163.6179,4.182099999999991,1167.8,1155.2537,2026-08-05 10:20:00+05:30,STOP_LOSS,1.5,0.5,False,,,,False,,,,False,,False,False,False,False,False
48,2026-08-05,SELL,2026-08-05 09:50:00+05:30,2026-08-05 09:55:00+05:30,1163.6179,4.182099999999991,1167.8,1155.2537,2026-08-05 10:20:00+05:30,STOP_LOSS,1.5,0.75,False,,,,False,,,,False,,False,False,False,False,False
48,2026-08-05,SELL,2026-08-05 09:50:00+05:30,2026-08-05 09:55:00+05:30,1163.6179,4.182099999999991,1167.8,1155.2537,2026-08-05 10:20:00+05:30,STOP_LOSS,1.5,1.0,False,,,,False,,,,False,,False,False,False,False,False
49,2026-08-05,SELL,2026-08-05 13:40:00+05:30,2026-08-05 13:45:00+05:30,1164.5174499999998,2.18255000000022,1166.7,1160.1523499999994,2026-08-05 14:35:00+05:30,STOP_LOSS,0.5,0.25,False,,,,False,,,,False,,False,False,False,False,False
49,2026-08-05,SELL,2026-08-05 13:40:00+05:30,2026-08-05 13:45:00+05:30,1164.5174499999998,2.18255000000022,1166.7,1160.1523499999994,2026-08-05 14:35:00+05:30,STOP_LOSS,0.5,0.5,False,,,,False,,,,False,,False,False,False,False,False
49,2026-08-05,SELL,2026-08-05 13:40:00+05:30,2026-08-05 13:45:00+05:30,1164.5174499999998,2.18255000000022,1166.7,1160.1523499999994,2026-08-05 14:35:00+05:30,STOP_LOSS,0.5,0.75,False,,,,False,,,,False,,False,False,False,False,False
49,2026-08-05,SELL,2026-08-05 13:40:00+05:30,2026-08-05 13:45:00+05:30,1164.5174499999998,2.18255000000022,1166.7,1160.1523499999994,2026-08-05 14:35:00+05:30,STOP_LOSS,0.5,1.0,False,,,,False,,,,False,,False,False,False,False,False
49,2026-08-05,SELL,2026-08-05 13:40:00+05:30,2026-08-05 13:45:00+05:30,1164.5174499999998,2.18255000000022,1166.7,1160.1523499999994,2026-08-05 14:35:00+05:30,STOP_LOSS,0.75,0.25,False,,,,False,,,,False,,False,False,False,False,False
49,2026-08-05,SELL,2026-08-05 13:40:00+05:30,2026-08-05 13:45:00+05:30,1164.5174499999998,2.18255000000022,1166.7,1160.1523499999994,2026-08-05 14:35:00+05:30,STOP_LOSS,0.75,0.5,False,,,,False,,,,False,,False,False,False,False,False
49,2026-08-05,SELL,2026-08-05 13:40:00+05:30,2026-08-05 13:45:00+05:30,1164.5174499999998,2.18255000000022,1166.7,1160.1523499999994,2026-08-05 14:35:00+05:30,STOP_LOSS,0.75,0.75,False,,,,False,,,,False,,False,False,False,False,False
49,2026-08-05,SELL,2026-08-05 13:40:00+05:30,2026-08-05 13:45:00+05:30,1164.5174499999998,2.18255000000022,1166.7,1160.1523499999994,2026-08-05 14:35:00+05:30,STOP_LOSS,0.75,1.0,False,,,,False,,,,False,,False,False,False,False,False
49,2026-08-05,SELL,2026-08-05 13:40:00+05:30,2026-08-05 13:45:00+05:30,1164.5174499999998,2.18255000000022,1166.7,1160.1523499999994,2026-08-05 14:35:00+05:30,STOP_LOSS,1.0,0.25,False,,,,False,,,,False,,False,False,False,False,False
49,2026-08-05,SELL,2026-08-05 13:40:00+05:30,2026-08-05 13:45:00+05:30,1164.5174499999998,2.18255000000022,1166.7,1160.1523499999994,2026-08-05 14:35:00+05:30,STOP_LOSS,1.0,0.5,False,,,,False,,,,False,,False,False,False,False,False
49,2026-08-05,SELL,2026-08-05 13:40:00+05:30,2026-08-05 13:45:00+05:30,1164.5174499999998,2.18255000000022,1166.7,1160.1523499999994,2026-08-05 14:35:00+05:30,STOP_LOSS,1.0,0.75,False,,,,False,,,,False,,False,False,False,False,False
49,2026-08-05,SELL,2026-08-05 13:40:00+05:30,2026-08-05 13:45:00+05:30,1164.5174499999998,2.18255000000022,1166.7,1160.1523499999994,2026-08-05 14:35:00+05:30,STOP_LOSS,1.0,1.0,False,,,,False,,,,False,,False,False,False,False,False
49,2026-08-05,SELL,2026-08-05 13:40:00+05:30,2026-08-05 13:45:00+05:30,1164.5174499999998,2.18255000000022,1166.7,1160.1523499999994,2026-08-05 14:35:00+05:30,STOP_LOSS,1.25,0.25,False,,,,False,,,,False,,False,False,False,False,False
49,2026-08-05,SELL,2026-08-05 13:40:00+05:30,2026-08-05 13:45:00+05:30,1164.5174499999998,2.18255000000022,1166.7,1160.1523499999994,2026-08-05 14:35:00+05:30,STOP_LOSS,1.25,0.5,False,,,,False,,,,False,,False,False,False,False,False
49,2026-08-05,SELL,2026-08-05 13:40:00+05:30,2026-08-05 13:45:00+05:30,1164.5174499999998,2.18255000000022,1166.7,1160.1523499999994,2026-08-05 14:35:00+05:30,STOP_LOSS,1.25,0.75,False,,,,False,,,,False,,False,False,False,False,False
49,2026-08-05,SELL,2026-08-05 13:40:00+05:30,2026-08-05 13:45:00+05:30,1164.5174499999998,2.18255000000022,1166.7,1160.1523499999994,2026-08-05 14:35:00+05:30,STOP_LOSS,1.25,1.0,False,,,,False,,,,False,,False,False,False,False,False
49,2026-08-05,SELL,2026-08-05 13:40:00+05:30,2026-08-05 13:45:00+05:30,1164.5174499999998,2.18255000000022,1166.7,1160.1523499999994,2026-08-05 14:35:00+05:30,STOP_LOSS,1.5,0.25,False,,,,False,,,,False,,False,False,False,False,False
49,2026-08-05,SELL,2026-08-05 13:40:00+05:30,2026-08-05 13:45:00+05:30,1164.5174499999998,2.18255000000022,1166.7,1160.1523499999994,2026-08-05 14:35:00+05:30,STOP_LOSS,1.5,0.5,False,,,,False,,,,False,,False,False,False,False,False
49,2026-08-05,SELL,2026-08-05 13:40:00+05:30,2026-08-05 13:45:00+05:30,1164.5174499999998,2.18255000000022,1166.7,1160.1523499999994,2026-08-05 14:35:00+05:30,STOP_LOSS,1.5,0.75,False,,,,False,,,,False,,False,False,False,False,False
49,2026-08-05,SELL,2026-08-05 13:40:00+05:30,2026-08-05 13:45:00+05:30,1164.5174499999998,2.18255000000022,1166.7,1160.1523499999994,2026-08-05 14:35:00+05:30,STOP_LOSS,1.5,1.0,False,,,,False,,,,False,,False,False,False,False,False
50,2026-08-06,SELL,2026-08-06 10:05:00+05:30,2026-08-06 10:10:00+05:30,1169.11515,1.1848499999998694,1170.3,1166.7454500000003,2026-08-06 10:10:00+05:30,STOP_LOSS,0.5,0.25,False,,,,False,,,,False,,False,False,False,False,False
50,2026-08-06,SELL,2026-08-06 10:05:00+05:30,2026-08-06 10:10:00+05:30,1169.11515,1.1848499999998694,1170.3,1166.7454500000003,2026-08-06 10:10:00+05:30,STOP_LOSS,0.5,0.5,False,,,,False,,,,False,,False,False,False,False,False
50,2026-08-06,SELL,2026-08-06 10:05:00+05:30,2026-08-06 10:10:00+05:30,1169.11515,1.1848499999998694,1170.3,1166.7454500000003,2026-08-06 10:10:00+05:30,STOP_LOSS,0.5,0.75,False,,,,False,,,,False,,False,False,False,False,False
50,2026-08-06,SELL,2026-08-06 10:05:00+05:30,2026-08-06 10:10:00+05:30,1169.11515,1.1848499999998694,1170.3,1166.7454500000003,2026-08-06 10:10:00+05:30,STOP_LOSS,0.5,1.0,False,,,,False,,,,False,,False,False,False,False,False
50,2026-08-06,SELL,2026-08-06 10:05:00+05:30,2026-08-06 10:10:00+05:30,1169.11515,1.1848499999998694,1170.3,1166.7454500000003,2026-08-06 10:10:00+05:30,STOP_LOSS,0.75,0.25,False,,,,False,,,,False,,False,False,False,False,False
50,2026-08-06,SELL,2026-08-06 10:05:00+05:30,2026-08-06 10:10:00+05:30,1169.11515,1.1848499999998694,1170.3,1166.7454500000003,2026-08-06 10:10:00+05:30,STOP_LOSS,0.75,0.5,False,,,,False,,,,False,,False,False,False,False,False
50,2026-08-06,SELL,2026-08-06 10:05:00+05:30,2026-08-06 10:10:00+05:30,1169.11515,1.1848499999998694,1170.3,1166.7454500000003,2026-08-06 10:10:00+05:30,STOP_LOSS,0.75,0.75,False,,,,False,,,,False,,False,False,False,False,False
50,2026-08-06,SELL,2026-08-06 10:05:00+05:30,2026-08-06 10:10:00+05:30,1169.11515,1.1848499999998694,1170.3,1166.7454500000003,2026-08-06 10:10:00+05:30,STOP_LOSS,0.75,1.0,False,,,,False,,,,False,,False,False,False,False,False
50,2026-08-06,SELL,2026-08-06 10:05:00+05:30,2026-08-06 10:10:00+05:30,1169.11515,1.1848499999998694,1170.3,1166.7454500000003,2026-08-06 10:10:00+05:30,STOP_LOSS,1.0,0.25,False,,,,False,,,,False,,False,False,False,False,False
50,2026-08-06,SELL,2026-08-06 10:05:00+05:30,2026-08-06 10:10:00+05:30,1169.11515,1.1848499999998694,1170.3,1166.7454500000003,2026-08-06 10:10:00+05:30,STOP_LOSS,1.0,0.5,False,,,,False,,,,False,,False,False,False,False,False
50,2026-08-06,SELL,2026-08-06 10:05:00+05:30,2026-08-06 10:10:00+05:30,1169.11515,1.1848499999998694,1170.3,1166.7454500000003,2026-08-06 10:10:00+05:30,STOP_LOSS,1.0,0.75,False,,,,False,,,,False,,False,False,False,False,False
50,2026-08-06,SELL,2026-08-06 10:05:00+05:30,2026-08-06 10:10:00+05:30,1169.11515,1.1848499999998694,1170.3,1166.7454500000003,2026-08-06 10:10:00+05:30,STOP_LOSS,1.0,1.0,False,,,,False,,,,False,,False,False,False,False,False
50,2026-08-06,SELL,2026-08-06 10:05:00+05:30,2026-08-06 10:10:00+05:30,1169.11515,1.1848499999998694,1170.3,1166.7454500000003,2026-08-06 10:10:00+05:30,STOP_LOSS,1.25,0.25,False,,,,False,,,,False,,False,False,False,False,False
50,2026-08-06,SELL,2026-08-06 10:05:00+05:30,2026-08-06 10:10:00+05:30,1169.11515,1.1848499999998694,1170.3,1166.7454500000003,2026-08-06 10:10:00+05:30,STOP_LOSS,1.25,0.5,False,,,,False,,,,False,,False,False,False,False,False
50,2026-08-06,SELL,2026-08-06 10:05:00+05:30,2026-08-06 10:10:00+05:30,1169.11515,1.1848499999998694,1170.3,1166.7454500000003,2026-08-06 10:10:00+05:30,STOP_LOSS,1.25,0.75,False,,,,False,,,,False,,False,False,False,False,False
50,2026-08-06,SELL,2026-08-06 10:05:00+05:30,2026-08-06 10:10:00+05:30,1169.11515,1.1848499999998694,1170.3,1166.7454500000003,2026-08-06 10:10:00+05:30,STOP_LOSS,1.25,1.0,False,,,,False,,,,False,,False,False,False,False,False
50,2026-08-06,SELL,2026-08-06 10:05:00+05:30,2026-08-06 10:10:00+05:30,1169.11515,1.1848499999998694,1170.3,1166.7454500000003,2026-08-06 10:10:00+05:30,STOP_LOSS,1.5,0.25,False,,,,False,,,,False,,False,False,False,False,False
50,2026-08-06,SELL,2026-08-06 10:05:00+05:30,2026-08-06 10:10:00+05:30,1169.11515,1.1848499999998694,1170.3,1166.7454500000003,2026-08-06 10:10:00+05:30,STOP_LOSS,1.5,0.5,False,,,,False,,,,False,,False,False,False,False,False
50,2026-08-06,SELL,2026-08-06 10:05:00+05:30,2026-08-06 10:10:00+05:30,1169.11515,1.1848499999998694,1170.3,1166.7454500000003,2026-08-06 10:10:00+05:30,STOP_LOSS,1.5,0.75,False,,,,False,,,,False,,False,False,False,False,False
50,2026-08-06,SELL,2026-08-06 10:05:00+05:30,2026-08-06 10:10:00+05:30,1169.11515,1.1848499999998694,1170.3,1166.7454500000003,2026-08-06 10:10:00+05:30,STOP_LOSS,1.5,1.0,False,,,,False,,,,False,,False,False,False,False,False
51,2026-08-06,SELL,2026-08-06 10:25:00+05:30,2026-08-06 10:30:00+05:30,1167.91575,3.084250000000111,1171.0,1161.7472499999997,2026-08-06 10:30:00+05:30,STOP_LOSS,0.5,0.25,False,,,,False,,,,False,,False,False,False,False,False
51,2026-08-06,SELL,2026-08-06 10:25:00+05:30,2026-08-06 10:30:00+05:30,1167.91575,3.084250000000111,1171.0,1161.7472499999997,2026-08-06 10:30:00+05:30,STOP_LOSS,0.5,0.5,False,,,,False,,,,False,,False,False,False,False,False
51,2026-08-06,SELL,2026-08-06 10:25:00+05:30,2026-08-06 10:30:00+05:30,1167.91575,3.084250000000111,1171.0,1161.7472499999997,2026-08-06 10:30:00+05:30,STOP_LOSS,0.5,0.75,False,,,,False,,,,False,,False,False,False,False,False
51,2026-08-06,SELL,2026-08-06 10:25:00+05:30,2026-08-06 10:30:00+05:30,1167.91575,3.084250000000111,1171.0,1161.7472499999997,2026-08-06 10:30:00+05:30,STOP_LOSS,0.5,1.0,False,,,,False,,,,False,,False,False,False,False,False
51,2026-08-06,SELL,2026-08-06 10:25:00+05:30,2026-08-06 10:30:00+05:30,1167.91575,3.084250000000111,1171.0,1161.7472499999997,2026-08-06 10:30:00+05:30,STOP_LOSS,0.75,0.25,False,,,,False,,,,False,,False,False,False,False,False
51,2026-08-06,SELL,2026-08-06 10:25:00+05:30,2026-08-06 10:30:00+05:30,1167.91575,3.084250000000111,1171.0,1161.7472499999997,2026-08-06 10:30:00+05:30,STOP_LOSS,0.75,0.5,False,,,,False,,,,False,,False,False,False,False,False
51,2026-08-06,SELL,2026-08-06 10:25:00+05:30,2026-08-06 10:30:00+05:30,1167.91575,3.084250000000111,1171.0,1161.7472499999997,2026-08-06 10:30:00+05:30,STOP_LOSS,0.75,0.75,False,,,,False,,,,False,,False,False,False,False,False
51,2026-08-06,SELL,2026-08-06 10:25:00+05:30,2026-08-06 10:30:00+05:30,1167.91575,3.084250000000111,1171.0,1161.7472499999997,2026-08-06 10:30:00+05:30,STOP_LOSS,0.75,1.0,False,,,,False,,,,False,,False,False,False,False,False
51,2026-08-06,SELL,2026-08-06 10:25:00+05:30,2026-08-06 10:30:00+05:30,1167.91575,3.084250000000111,1171.0,1161.7472499999997,2026-08-06 10:30:00+05:30,STOP_LOSS,1.0,0.25,False,,,,False,,,,False,,False,False,False,False,False
51,2026-08-06,SELL,2026-08-06 10:25:00+05:30,2026-08-06 10:30:00+05:30,1167.91575,3.084250000000111,1171.0,1161.7472499999997,2026-08-06 10:30:00+05:30,STOP_LOSS,1.0,0.5,False,,,,False,,,,False,,False,False,False,False,False
51,2026-08-06,SELL,2026-08-06 10:25:00+05:30,2026-08-06 10:30:00+05:30,1167.91575,3.084250000000111,1171.0,1161.7472499999997,2026-08-06 10:30:00+05:30,STOP_LOSS,1.0,0.75,False,,,,False,,,,False,,False,False,False,False,False
51,2026-08-06,SELL,2026-08-06 10:25:00+05:30,2026-08-06 10:30:00+05:30,1167.91575,3.084250000000111,1171.0,1161.7472499999997,2026-08-06 10:30:00+05:30,STOP_LOSS,1.0,1.0,False,,,,False,,,,False,,False,False,False,False,False
51,2026-08-06,SELL,2026-08-06 10:25:00+05:30,2026-08-06 10:30:00+05:30,1167.91575,3.084250000000111,1171.0,1161.7472499999997,2026-08-06 10:30:00+05:30,STOP_LOSS,1.25,0.25,False,,,,False,,,,False,,False,False,False,False,False
51,2026-08-06,SELL,2026-08-06 10:25:00+05:30,2026-08-06 10:30:00+05:30,1167.91575,3.084250000000111,1171.0,1161.7472499999997,2026-08-06 10:30:00+05:30,STOP_LOSS,1.25,0.5,False,,,,False,,,,False,,False,False,False,False,False
51,2026-08-06,SELL,2026-08-06 10:25:00+05:30,2026-08-06 10:30:00+05:30,1167.91575,3.084250000000111,1171.0,1161.7472499999997,2026-08-06 10:30:00+05:30,STOP_LOSS,1.25,0.75,False,,,,False,,,,False,,False,False,False,False,False
51,2026-08-06,SELL,2026-08-06 10:25:00+05:30,2026-08-06 10:30:00+05:30,1167.91575,3.084250000000111,1171.0,1161.7472499999997,2026-08-06 10:30:00+05:30,STOP_LOSS,1.25,1.0,False,,,,False,,,,False,,False,False,False,False,False
51,2026-08-06,SELL,2026-08-06 10:25:00+05:30,2026-08-06 10:30:00+05:30,1167.91575,3.084250000000111,1171.0,1161.7472499999997,2026-08-06 10:30:00+05:30,STOP_LOSS,1.5,0.25,False,,,,False,,,,False,,False,False,False,False,False
51,2026-08-06,SELL,2026-08-06 10:25:00+05:30,2026-08-06 10:30:00+05:30,1167.91575,3.084250000000111,1171.0,1161.7472499999997,2026-08-06 10:30:00+05:30,STOP_LOSS,1.5,0.5,False,,,,False,,,,False,,False,False,False,False,False
51,2026-08-06,SELL,2026-08-06 10:25:00+05:30,2026-08-06 10:30:00+05:30,1167.91575,3.084250000000111,1171.0,1161.7472499999997,2026-08-06 10:30:00+05:30,STOP_LOSS,1.5,0.75,False,,,,False,,,,False,,False,False,False,False,False
51,2026-08-06,SELL,2026-08-06 10:25:00+05:30,2026-08-06 10:30:00+05:30,1167.91575,3.084250000000111,1171.0,1161.7472499999997,2026-08-06 10:30:00+05:30,STOP_LOSS,1.5,1.0,False,,,,False,,,,False,,False,False,False,False,False
52,2026-08-06,SELL,2026-08-06 10:40:00+05:30,2026-08-06 10:45:00+05:30,1168.4155,2.78449999999998,1171.2,1162.8465,2026-08-06 11:30:00+05:30,STOP_LOSS,0.5,0.25,True,2026-08-06 10:55:00+05:30,1166.8,0.580175974142619,True,2026-08-06 11:05:00+05:30,1167.496125,0.25,False,,False,False,True,False,False
52,2026-08-06,SELL,2026-08-06 10:40:00+05:30,2026-08-06 10:45:00+05:30,1168.4155,2.78449999999998,1171.2,1162.8465,2026-08-06 11:30:00+05:30,STOP_LOSS,0.5,0.5,True,2026-08-06 10:55:00+05:30,1166.8,0.580175974142619,True,2026-08-06 11:10:00+05:30,1168.19225,0.5,False,,False,False,True,False,False
52,2026-08-06,SELL,2026-08-06 10:40:00+05:30,2026-08-06 10:45:00+05:30,1168.4155,2.78449999999998,1171.2,1162.8465,2026-08-06 11:30:00+05:30,STOP_LOSS,0.5,0.75,True,2026-08-06 10:55:00+05:30,1166.8,0.580175974142619,True,2026-08-06 11:25:00+05:30,1168.888375,0.75,False,,False,False,True,False,False
52,2026-08-06,SELL,2026-08-06 10:40:00+05:30,2026-08-06 10:45:00+05:30,1168.4155,2.78449999999998,1171.2,1162.8465,2026-08-06 11:30:00+05:30,STOP_LOSS,0.5,1.0,True,2026-08-06 10:55:00+05:30,1166.8,0.580175974142619,True,2026-08-06 11:25:00+05:30,1169.5845,1.0,False,,False,False,True,False,False
52,2026-08-06,SELL,2026-08-06 10:40:00+05:30,2026-08-06 10:45:00+05:30,1168.4155,2.78449999999998,1171.2,1162.8465,2026-08-06 11:30:00+05:30,STOP_LOSS,0.75,0.25,False,,,,False,,,,False,,False,False,False,False,False
52,2026-08-06,SELL,2026-08-06 10:40:00+05:30,2026-08-06 10:45:00+05:30,1168.4155,2.78449999999998,1171.2,1162.8465,2026-08-06 11:30:00+05:30,STOP_LOSS,0.75,0.5,False,,,,False,,,,False,,False,False,False,False,False
52,2026-08-06,SELL,2026-08-06 10:40:00+05:30,2026-08-06 10:45:00+05:30,1168.4155,2.78449999999998,1171.2,1162.8465,2026-08-06 11:30:00+05:30,STOP_LOSS,0.75,0.75,False,,,,False,,,,False,,False,False,False,False,False
52,2026-08-06,SELL,2026-08-06 10:40:00+05:30,2026-08-06 10:45:00+05:30,1168.4155,2.78449999999998,1171.2,1162.8465,2026-08-06 11:30:00+05:30,STOP_LOSS,0.75,1.0,False,,,,False,,,,False,,False,False,False,False,False
52,2026-08-06,SELL,2026-08-06 10:40:00+05:30,2026-08-06 10:45:00+05:30,1168.4155,2.78449999999998,1171.2,1162.8465,2026-08-06 11:30:00+05:30,STOP_LOSS,1.0,0.25,False,,,,False,,,,False,,False,False,False,False,False
52,2026-08-06,SELL,2026-08-06 10:40:00+05:30,2026-08-06 10:45:00+05:30,1168.4155,2.78449999999998,1171.2,1162.8465,2026-08-06 11:30:00+05:30,STOP_LOSS,1.0,0.5,False,,,,False,,,,False,,False,False,False,False,False
52,2026-08-06,SELL,2026-08-06 10:40:00+05:30,2026-08-06 10:45:00+05:30,1168.4155,2.78449999999998,1171.2,1162.8465,2026-08-06 11:30:00+05:30,STOP_LOSS,1.0,0.75,False,,,,False,,,,False,,False,False,False,False,False
52,2026-08-06,SELL,2026-08-06 10:40:00+05:30,2026-08-06 10:45:00+05:30,1168.4155,2.78449999999998,1171.2,1162.8465,2026-08-06 11:30:00+05:30,STOP_LOSS,1.0,1.0,False,,,,False,,,,False,,False,False,False,False,False
52,2026-08-06,SELL,2026-08-06 10:40:00+05:30,2026-08-06 10:45:00+05:30,1168.4155,2.78449999999998,1171.2,1162.8465,2026-08-06 11:30:00+05:30,STOP_LOSS,1.25,0.25,False,,,,False,,,,False,,False,False,False,False,False
52,2026-08-06,SELL,2026-08-06 10:40:00+05:30,2026-08-06 10:45:00+05:30,1168.4155,2.78449999999998,1171.2,1162.8465,2026-08-06 11:30:00+05:30,STOP_LOSS,1.25,0.5,False,,,,False,,,,False,,False,False,False,False,False
52,2026-08-06,SELL,2026-08-06 10:40:00+05:30,2026-08-06 10:45:00+05:30,1168.4155,2.78449999999998,1171.2,1162.8465,2026-08-06 11:30:00+05:30,STOP_LOSS,1.25,0.75,False,,,,False,,,,False,,False,False,False,False,False
52,2026-08-06,SELL,2026-08-06 10:40:00+05:30,2026-08-06 10:45:00+05:30,1168.4155,2.78449999999998,1171.2,1162.8465,2026-08-06 11:30:00+05:30,STOP_LOSS,1.25,1.0,False,,,,False,,,,False,,False,False,False,False,False
52,2026-08-06,SELL,2026-08-06 10:40:00+05:30,2026-08-06 10:45:00+05:30,1168.4155,2.78449999999998,1171.2,1162.8465,2026-08-06 11:30:00+05:30,STOP_LOSS,1.5,0.25,False,,,,False,,,,False,,False,False,False,False,False
52,2026-08-06,SELL,2026-08-06 10:40:00+05:30,2026-08-06 10:45:00+05:30,1168.4155,2.78449999999998,1171.2,1162.8465,2026-08-06 11:30:00+05:30,STOP_LOSS,1.5,0.5,False,,,,False,,,,False,,False,False,False,False,False
52,2026-08-06,SELL,2026-08-06 10:40:00+05:30,2026-08-06 10:45:00+05:30,1168.4155,2.78449999999998,1171.2,1162.8465,2026-08-06 11:30:00+05:30,STOP_LOSS,1.5,0.75,False,,,,False,,,,False,,False,False,False,False,False
52,2026-08-06,SELL,2026-08-06 10:40:00+05:30,2026-08-06 10:45:00+05:30,1168.4155,2.78449999999998,1171.2,1162.8465,2026-08-06 11:30:00+05:30,STOP_LOSS,1.5,1.0,False,,,,False,,,,False,,False,False,False,False,False
53,2026-08-06,SELL,2026-08-06 11:45:00+05:30,2026-08-06 11:50:00+05:30,1169.51495,0.9850500000000012,1170.5,1167.54485,2026-08-06 11:50:00+05:30,STOP_LOSS,0.5,0.25,False,,,,False,,,,False,,False,False,False,False,False
53,2026-08-06,SELL,2026-08-06 11:45:00+05:30,2026-08-06 11:50:00+05:30,1169.51495,0.9850500000000012,1170.5,1167.54485,2026-08-06 11:50:00+05:30,STOP_LOSS,0.5,0.5,False,,,,False,,,,False,,False,False,False,False,False
53,2026-08-06,SELL,2026-08-06 11:45:00+05:30,2026-08-06 11:50:00+05:30,1169.51495,0.9850500000000012,1170.5,1167.54485,2026-08-06 11:50:00+05:30,STOP_LOSS,0.5,0.75,False,,,,False,,,,False,,False,False,False,False,False
53,2026-08-06,SELL,2026-08-06 11:45:00+05:30,2026-08-06 11:50:00+05:30,1169.51495,0.9850500000000012,1170.5,1167.54485,2026-08-06 11:50:00+05:30,STOP_LOSS,0.5,1.0,False,,,,False,,,,False,,False,False,False,False,False
53,2026-08-06,SELL,2026-08-06 11:45:00+05:30,2026-08-06 11:50:00+05:30,1169.51495,0.9850500000000012,1170.5,1167.54485,2026-08-06 11:50:00+05:30,STOP_LOSS,0.75,0.25,False,,,,False,,,,False,,False,False,False,False,False
53,2026-08-06,SELL,2026-08-06 11:45:00+05:30,2026-08-06 11:50:00+05:30,1169.51495,0.9850500000000012,1170.5,1167.54485,2026-08-06 11:50:00+05:30,STOP_LOSS,0.75,0.5,False,,,,False,,,,False,,False,False,False,False,False
53,2026-08-06,SELL,2026-08-06 11:45:00+05:30,2026-08-06 11:50:00+05:30,1169.51495,0.9850500000000012,1170.5,1167.54485,2026-08-06 11:50:00+05:30,STOP_LOSS,0.75,0.75,False,,,,False,,,,False,,False,False,False,False,False
53,2026-08-06,SELL,2026-08-06 11:45:00+05:30,2026-08-06 11:50:00+05:30,1169.51495,0.9850500000000012,1170.5,1167.54485,2026-08-06 11:50:00+05:30,STOP_LOSS,0.75,1.0,False,,,,False,,,,False,,False,False,False,False,False
53,2026-08-06,SELL,2026-08-06 11:45:00+05:30,2026-08-06 11:50:00+05:30,1169.51495,0.9850500000000012,1170.5,1167.54485,2026-08-06 11:50:00+05:30,STOP_LOSS,1.0,0.25,False,,,,False,,,,False,,False,False,False,False,False
53,2026-08-06,SELL,2026-08-06 11:45:00+05:30,2026-08-06 11:50:00+05:30,1169.51495,0.9850500000000012,1170.5,1167.54485,2026-08-06 11:50:00+05:30,STOP_LOSS,1.0,0.5,False,,,,False,,,,False,,False,False,False,False,False
53,2026-08-06,SELL,2026-08-06 11:45:00+05:30,2026-08-06 11:50:00+05:30,1169.51495,0.9850500000000012,1170.5,1167.54485,2026-08-06 11:50:00+05:30,STOP_LOSS,1.0,0.75,False,,,,False,,,,False,,False,False,False,False,False
53,2026-08-06,SELL,2026-08-06 11:45:00+05:30,2026-08-06 11:50:00+05:30,1169.51495,0.9850500000000012,1170.5,1167.54485,2026-08-06 11:50:00+05:30,STOP_LOSS,1.0,1.0,False,,,,False,,,,False,,False,False,False,False,False
53,2026-08-06,SELL,2026-08-06 11:45:00+05:30,2026-08-06 11:50:00+05:30,1169.51495,0.9850500000000012,1170.5,1167.54485,2026-08-06 11:50:00+05:30,STOP_LOSS,1.25,0.25,False,,,,False,,,,False,,False,False,False,False,False
53,2026-08-06,SELL,2026-08-06 11:45:00+05:30,2026-08-06 11:50:00+05:30,1169.51495,0.9850500000000012,1170.5,1167.54485,2026-08-06 11:50:00+05:30,STOP_LOSS,1.25,0.5,False,,,,False,,,,False,,False,False,False,False,False
53,2026-08-06,SELL,2026-08-06 11:45:00+05:30,2026-08-06 11:50:00+05:30,1169.51495,0.9850500000000012,1170.5,1167.54485,2026-08-06 11:50:00+05:30,STOP_LOSS,1.25,0.75,False,,,,False,,,,False,,False,False,False,False,False
53,2026-08-06,SELL,2026-08-06 11:45:00+05:30,2026-08-06 11:50:00+05:30,1169.51495,0.9850500000000012,1170.5,1167.54485,2026-08-06 11:50:00+05:30,STOP_LOSS,1.25,1.0,False,,,,False,,,,False,,False,False,False,False,False
53,2026-08-06,SELL,2026-08-06 11:45:00+05:30,2026-08-06 11:50:00+05:30,1169.51495,0.9850500000000012,1170.5,1167.54485,2026-08-06 11:50:00+05:30,STOP_LOSS,1.5,0.25,False,,,,False,,,,False,,False,False,False,False,False
53,2026-08-06,SELL,2026-08-06 11:45:00+05:30,2026-08-06 11:50:00+05:30,1169.51495,0.9850500000000012,1170.5,1167.54485,2026-08-06 11:50:00+05:30,STOP_LOSS,1.5,0.5,False,,,,False,,,,False,,False,False,False,False,False
53,2026-08-06,SELL,2026-08-06 11:45:00+05:30,2026-08-06 11:50:00+05:30,1169.51495,0.9850500000000012,1170.5,1167.54485,2026-08-06 11:50:00+05:30,STOP_LOSS,1.5,0.75,False,,,,False,,,,False,,False,False,False,False,False
53,2026-08-06,SELL,2026-08-06 11:45:00+05:30,2026-08-06 11:50:00+05:30,1169.51495,0.9850500000000012,1170.5,1167.54485,2026-08-06 11:50:00+05:30,STOP_LOSS,1.5,1.0,False,,,,False,,,,False,,False,False,False,False,False
54,2026-08-06,SELL,2026-08-06 12:20:00+05:30,2026-08-06 12:25:00+05:30,1169.0151999999998,1.284800000000132,1170.3,1166.4455999999996,2026-08-06 12:30:00+05:30,STOP_LOSS,0.5,0.25,False,,,,False,,,,False,,False,False,False,False,False
54,2026-08-06,SELL,2026-08-06 12:20:00+05:30,2026-08-06 12:25:00+05:30,1169.0151999999998,1.284800000000132,1170.3,1166.4455999999996,2026-08-06 12:30:00+05:30,STOP_LOSS,0.5,0.5,False,,,,False,,,,False,,False,False,False,False,False
54,2026-08-06,SELL,2026-08-06 12:20:00+05:30,2026-08-06 12:25:00+05:30,1169.0151999999998,1.284800000000132,1170.3,1166.4455999999996,2026-08-06 12:30:00+05:30,STOP_LOSS,0.5,0.75,False,,,,False,,,,False,,False,False,False,False,False
54,2026-08-06,SELL,2026-08-06 12:20:00+05:30,2026-08-06 12:25:00+05:30,1169.0151999999998,1.284800000000132,1170.3,1166.4455999999996,2026-08-06 12:30:00+05:30,STOP_LOSS,0.5,1.0,False,,,,False,,,,False,,False,False,False,False,False
54,2026-08-06,SELL,2026-08-06 12:20:00+05:30,2026-08-06 12:25:00+05:30,1169.0151999999998,1.284800000000132,1170.3,1166.4455999999996,2026-08-06 12:30:00+05:30,STOP_LOSS,0.75,0.25,False,,,,False,,,,False,,False,False,False,False,False
54,2026-08-06,SELL,2026-08-06 12:20:00+05:30,2026-08-06 12:25:00+05:30,1169.0151999999998,1.284800000000132,1170.3,1166.4455999999996,2026-08-06 12:30:00+05:30,STOP_LOSS,0.75,0.5,False,,,,False,,,,False,,False,False,False,False,False
54,2026-08-06,SELL,2026-08-06 12:20:00+05:30,2026-08-06 12:25:00+05:30,1169.0151999999998,1.284800000000132,1170.3,1166.4455999999996,2026-08-06 12:30:00+05:30,STOP_LOSS,0.75,0.75,False,,,,False,,,,False,,False,False,False,False,False
54,2026-08-06,SELL,2026-08-06 12:20:00+05:30,2026-08-06 12:25:00+05:30,1169.0151999999998,1.284800000000132,1170.3,1166.4455999999996,2026-08-06 12:30:00+05:30,STOP_LOSS,0.75,1.0,False,,,,False,,,,False,,False,False,False,False,False
54,2026-08-06,SELL,2026-08-06 12:20:00+05:30,2026-08-06 12:25:00+05:30,1169.0151999999998,1.284800000000132,1170.3,1166.4455999999996,2026-08-06 12:30:00+05:30,STOP_LOSS,1.0,0.25,False,,,,False,,,,False,,False,False,False,False,False
54,2026-08-06,SELL,2026-08-06 12:20:00+05:30,2026-08-06 12:25:00+05:30,1169.0151999999998,1.284800000000132,1170.3,1166.4455999999996,2026-08-06 12:30:00+05:30,STOP_LOSS,1.0,0.5,False,,,,False,,,,False,,False,False,False,False,False
54,2026-08-06,SELL,2026-08-06 12:20:00+05:30,2026-08-06 12:25:00+05:30,1169.0151999999998,1.284800000000132,1170.3,1166.4455999999996,2026-08-06 12:30:00+05:30,STOP_LOSS,1.0,0.75,False,,,,False,,,,False,,False,False,False,False,False
54,2026-08-06,SELL,2026-08-06 12:20:00+05:30,2026-08-06 12:25:00+05:30,1169.0151999999998,1.284800000000132,1170.3,1166.4455999999996,2026-08-06 12:30:00+05:30,STOP_LOSS,1.0,1.0,False,,,,False,,,,False,,False,False,False,False,False
54,2026-08-06,SELL,2026-08-06 12:20:00+05:30,2026-08-06 12:25:00+05:30,1169.0151999999998,1.284800000000132,1170.3,1166.4455999999996,2026-08-06 12:30:00+05:30,STOP_LOSS,1.25,0.25,False,,,,False,,,,False,,False,False,False,False,False
54,2026-08-06,SELL,2026-08-06 12:20:00+05:30,2026-08-06 12:25:00+05:30,1169.0151999999998,1.284800000000132,1170.3,1166.4455999999996,2026-08-06 12:30:00+05:30,STOP_LOSS,1.25,0.5,False,,,,False,,,,False,,False,False,False,False,False
54,2026-08-06,SELL,2026-08-06 12:20:00+05:30,2026-08-06 12:25:00+05:30,1169.0151999999998,1.284800000000132,1170.3,1166.4455999999996,2026-08-06 12:30:00+05:30,STOP_LOSS,1.25,0.75,False,,,,False,,,,False,,False,False,False,False,False
54,2026-08-06,SELL,2026-08-06 12:20:00+05:30,2026-08-06 12:25:00+05:30,1169.0151999999998,1.284800000000132,1170.3,1166.4455999999996,2026-08-06 12:30:00+05:30,STOP_LOSS,1.25,1.0,False,,,,False,,,,False,,False,False,False,False,False
54,2026-08-06,SELL,2026-08-06 12:20:00+05:30,2026-08-06 12:25:00+05:30,1169.0151999999998,1.284800000000132,1170.3,1166.4455999999996,2026-08-06 12:30:00+05:30,STOP_LOSS,1.5,0.25,False,,,,False,,,,False,,False,False,False,False,False
54,2026-08-06,SELL,2026-08-06 12:20:00+05:30,2026-08-06 12:25:00+05:30,1169.0151999999998,1.284800000000132,1170.3,1166.4455999999996,2026-08-06 12:30:00+05:30,STOP_LOSS,1.5,0.5,False,,,,False,,,,False,,False,False,False,False,False
54,2026-08-06,SELL,2026-08-06 12:20:00+05:30,2026-08-06 12:25:00+05:30,1169.0151999999998,1.284800000000132,1170.3,1166.4455999999996,2026-08-06 12:30:00+05:30,STOP_LOSS,1.5,0.75,False,,,,False,,,,False,,False,False,False,False,False
54,2026-08-06,SELL,2026-08-06 12:20:00+05:30,2026-08-06 12:25:00+05:30,1169.0151999999998,1.284800000000132,1170.3,1166.4455999999996,2026-08-06 12:30:00+05:30,STOP_LOSS,1.5,1.0,False,,,,False,,,,False,,False,False,False,False,False
55,2026-08-07,BUY,2026-08-07 09:30:00+05:30,2026-08-07 09:35:00+05:30,1180.69005,5.490049999999883,1175.2,1191.6701499999997,2026-08-07 10:10:00+05:30,STOP_LOSS,0.5,0.25,False,,,,False,,,,False,,False,False,False,False,False
55,2026-08-07,BUY,2026-08-07 09:30:00+05:30,2026-08-07 09:35:00+05:30,1180.69005,5.490049999999883,1175.2,1191.6701499999997,2026-08-07 10:10:00+05:30,STOP_LOSS,0.5,0.5,False,,,,False,,,,False,,False,False,False,False,False
55,2026-08-07,BUY,2026-08-07 09:30:00+05:30,2026-08-07 09:35:00+05:30,1180.69005,5.490049999999883,1175.2,1191.6701499999997,2026-08-07 10:10:00+05:30,STOP_LOSS,0.5,0.75,False,,,,False,,,,False,,False,False,False,False,False
55,2026-08-07,BUY,2026-08-07 09:30:00+05:30,2026-08-07 09:35:00+05:30,1180.69005,5.490049999999883,1175.2,1191.6701499999997,2026-08-07 10:10:00+05:30,STOP_LOSS,0.5,1.0,False,,,,False,,,,False,,False,False,False,False,False
55,2026-08-07,BUY,2026-08-07 09:30:00+05:30,2026-08-07 09:35:00+05:30,1180.69005,5.490049999999883,1175.2,1191.6701499999997,2026-08-07 10:10:00+05:30,STOP_LOSS,0.75,0.25,False,,,,False,,,,False,,False,False,False,False,False
55,2026-08-07,BUY,2026-08-07 09:30:00+05:30,2026-08-07 09:35:00+05:30,1180.69005,5.490049999999883,1175.2,1191.6701499999997,2026-08-07 10:10:00+05:30,STOP_LOSS,0.75,0.5,False,,,,False,,,,False,,False,False,False,False,False
55,2026-08-07,BUY,2026-08-07 09:30:00+05:30,2026-08-07 09:35:00+05:30,1180.69005,5.490049999999883,1175.2,1191.6701499999997,2026-08-07 10:10:00+05:30,STOP_LOSS,0.75,0.75,False,,,,False,,,,False,,False,False,False,False,False
55,2026-08-07,BUY,2026-08-07 09:30:00+05:30,2026-08-07 09:35:00+05:30,1180.69005,5.490049999999883,1175.2,1191.6701499999997,2026-08-07 10:10:00+05:30,STOP_LOSS,0.75,1.0,False,,,,False,,,,False,,False,False,False,False,False
55,2026-08-07,BUY,2026-08-07 09:30:00+05:30,2026-08-07 09:35:00+05:30,1180.69005,5.490049999999883,1175.2,1191.6701499999997,2026-08-07 10:10:00+05:30,STOP_LOSS,1.0,0.25,False,,,,False,,,,False,,False,False,False,False,False
55,2026-08-07,BUY,2026-08-07 09:30:00+05:30,2026-08-07 09:35:00+05:30,1180.69005,5.490049999999883,1175.2,1191.6701499999997,2026-08-07 10:10:00+05:30,STOP_LOSS,1.0,0.5,False,,,,False,,,,False,,False,False,False,False,False
55,2026-08-07,BUY,2026-08-07 09:30:00+05:30,2026-08-07 09:35:00+05:30,1180.69005,5.490049999999883,1175.2,1191.6701499999997,2026-08-07 10:10:00+05:30,STOP_LOSS,1.0,0.75,False,,,,False,,,,False,,False,False,False,False,False
55,2026-08-07,BUY,2026-08-07 09:30:00+05:30,2026-08-07 09:35:00+05:30,1180.69005,5.490049999999883,1175.2,1191.6701499999997,2026-08-07 10:10:00+05:30,STOP_LOSS,1.0,1.0,False,,,,False,,,,False,,False,False,False,False,False
55,2026-08-07,BUY,2026-08-07 09:30:00+05:30,2026-08-07 09:35:00+05:30,1180.69005,5.490049999999883,1175.2,1191.6701499999997,2026-08-07 10:10:00+05:30,STOP_LOSS,1.25,0.25,False,,,,False,,,,False,,False,False,False,False,False
55,2026-08-07,BUY,2026-08-07 09:30:00+05:30,2026-08-07 09:35:00+05:30,1180.69005,5.490049999999883,1175.2,1191.6701499999997,2026-08-07 10:10:00+05:30,STOP_LOSS,1.25,0.5,False,,,,False,,,,False,,False,False,False,False,False
55,2026-08-07,BUY,2026-08-07 09:30:00+05:30,2026-08-07 09:35:00+05:30,1180.69005,5.490049999999883,1175.2,1191.6701499999997,2026-08-07 10:10:00+05:30,STOP_LOSS,1.25,0.75,False,,,,False,,,,False,,False,False,False,False,False
55,2026-08-07,BUY,2026-08-07 09:30:00+05:30,2026-08-07 09:35:00+05:30,1180.69005,5.490049999999883,1175.2,1191.6701499999997,2026-08-07 10:10:00+05:30,STOP_LOSS,1.25,1.0,False,,,,False,,,,False,,False,False,False,False,False
55,2026-08-07,BUY,2026-08-07 09:30:00+05:30,2026-08-07 09:35:00+05:30,1180.69005,5.490049999999883,1175.2,1191.6701499999997,2026-08-07 10:10:00+05:30,STOP_LOSS,1.5,0.25,False,,,,False,,,,False,,False,False,False,False,False
55,2026-08-07,BUY,2026-08-07 09:30:00+05:30,2026-08-07 09:35:00+05:30,1180.69005,5.490049999999883,1175.2,1191.6701499999997,2026-08-07 10:10:00+05:30,STOP_LOSS,1.5,0.5,False,,,,False,,,,False,,False,False,False,False,False
55,2026-08-07,BUY,2026-08-07 09:30:00+05:30,2026-08-07 09:35:00+05:30,1180.69005,5.490049999999883,1175.2,1191.6701499999997,2026-08-07 10:10:00+05:30,STOP_LOSS,1.5,0.75,False,,,,False,,,,False,,False,False,False,False,False
55,2026-08-07,BUY,2026-08-07 09:30:00+05:30,2026-08-07 09:35:00+05:30,1180.69005,5.490049999999883,1175.2,1191.6701499999997,2026-08-07 10:10:00+05:30,STOP_LOSS,1.5,1.0,False,,,,False,,,,False,,False,False,False,False,False
56,2026-08-07,BUY,2026-08-07 13:40:00+05:30,2026-08-07 13:45:00+05:30,1179.9897,2.18970000000013,1177.8,1184.3691000000003,2026-08-07 13:45:00+05:30,STOP_LOSS,0.5,0.25,False,,,,False,,,,False,,False,False,False,False,False
56,2026-08-07,BUY,2026-08-07 13:40:00+05:30,2026-08-07 13:45:00+05:30,1179.9897,2.18970000000013,1177.8,1184.3691000000003,2026-08-07 13:45:00+05:30,STOP_LOSS,0.5,0.5,False,,,,False,,,,False,,False,False,False,False,False
56,2026-08-07,BUY,2026-08-07 13:40:00+05:30,2026-08-07 13:45:00+05:30,1179.9897,2.18970000000013,1177.8,1184.3691000000003,2026-08-07 13:45:00+05:30,STOP_LOSS,0.5,0.75,False,,,,False,,,,False,,False,False,False,False,False
56,2026-08-07,BUY,2026-08-07 13:40:00+05:30,2026-08-07 13:45:00+05:30,1179.9897,2.18970000000013,1177.8,1184.3691000000003,2026-08-07 13:45:00+05:30,STOP_LOSS,0.5,1.0,False,,,,False,,,,False,,False,False,False,False,False
56,2026-08-07,BUY,2026-08-07 13:40:00+05:30,2026-08-07 13:45:00+05:30,1179.9897,2.18970000000013,1177.8,1184.3691000000003,2026-08-07 13:45:00+05:30,STOP_LOSS,0.75,0.25,False,,,,False,,,,False,,False,False,False,False,False
56,2026-08-07,BUY,2026-08-07 13:40:00+05:30,2026-08-07 13:45:00+05:30,1179.9897,2.18970000000013,1177.8,1184.3691000000003,2026-08-07 13:45:00+05:30,STOP_LOSS,0.75,0.5,False,,,,False,,,,False,,False,False,False,False,False
56,2026-08-07,BUY,2026-08-07 13:40:00+05:30,2026-08-07 13:45:00+05:30,1179.9897,2.18970000000013,1177.8,1184.3691000000003,2026-08-07 13:45:00+05:30,STOP_LOSS,0.75,0.75,False,,,,False,,,,False,,False,False,False,False,False
56,2026-08-07,BUY,2026-08-07 13:40:00+05:30,2026-08-07 13:45:00+05:30,1179.9897,2.18970000000013,1177.8,1184.3691000000003,2026-08-07 13:45:00+05:30,STOP_LOSS,0.75,1.0,False,,,,False,,,,False,,False,False,False,False,False
56,2026-08-07,BUY,2026-08-07 13:40:00+05:30,2026-08-07 13:45:00+05:30,1179.9897,2.18970000000013,1177.8,1184.3691000000003,2026-08-07 13:45:00+05:30,STOP_LOSS,1.0,0.25,False,,,,False,,,,False,,False,False,False,False,False
56,2026-08-07,BUY,2026-08-07 13:40:00+05:30,2026-08-07 13:45:00+05:30,1179.9897,2.18970000000013,1177.8,1184.3691000000003,2026-08-07 13:45:00+05:30,STOP_LOSS,1.0,0.5,False,,,,False,,,,False,,False,False,False,False,False
56,2026-08-07,BUY,2026-08-07 13:40:00+05:30,2026-08-07 13:45:00+05:30,1179.9897,2.18970000000013,1177.8,1184.3691000000003,2026-08-07 13:45:00+05:30,STOP_LOSS,1.0,0.75,False,,,,False,,,,False,,False,False,False,False,False
56,2026-08-07,BUY,2026-08-07 13:40:00+05:30,2026-08-07 13:45:00+05:30,1179.9897,2.18970000000013,1177.8,1184.3691000000003,2026-08-07 13:45:00+05:30,STOP_LOSS,1.0,1.0,False,,,,False,,,,False,,False,False,False,False,False
56,2026-08-07,BUY,2026-08-07 13:40:00+05:30,2026-08-07 13:45:00+05:30,1179.9897,2.18970000000013,1177.8,1184.3691000000003,2026-08-07 13:45:00+05:30,STOP_LOSS,1.25,0.25,False,,,,False,,,,False,,False,False,False,False,False
56,2026-08-07,BUY,2026-08-07 13:40:00+05:30,2026-08-07 13:45:00+05:30,1179.9897,2.18970000000013,1177.8,1184.3691000000003,2026-08-07 13:45:00+05:30,STOP_LOSS,1.25,0.5,False,,,,False,,,,False,,False,False,False,False,False
56,2026-08-07,BUY,2026-08-07 13:40:00+05:30,2026-08-07 13:45:00+05:30,1179.9897,2.18970000000013,1177.8,1184.3691000000003,2026-08-07 13:45:00+05:30,STOP_LOSS,1.25,0.75,False,,,,False,,,,False,,False,False,False,False,False
56,2026-08-07,BUY,2026-08-07 13:40:00+05:30,2026-08-07 13:45:00+05:30,1179.9897,2.18970000000013,1177.8,1184.3691000000003,2026-08-07 13:45:00+05:30,STOP_LOSS,1.25,1.0,False,,,,False,,,,False,,False,False,False,False,False
56,2026-08-07,BUY,2026-08-07 13:40:00+05:30,2026-08-07 13:45:00+05:30,1179.9897,2.18970000000013,1177.8,1184.3691000000003,2026-08-07 13:45:00+05:30,STOP_LOSS,1.5,0.25,False,,,,False,,,,False,,False,False,False,False,False
56,2026-08-07,BUY,2026-08-07 13:40:00+05:30,2026-08-07 13:45:00+05:30,1179.9897,2.18970000000013,1177.8,1184.3691000000003,2026-08-07 13:45:00+05:30,STOP_LOSS,1.5,0.5,False,,,,False,,,,False,,False,False,False,False,False
56,2026-08-07,BUY,2026-08-07 13:40:00+05:30,2026-08-07 13:45:00+05:30,1179.9897,2.18970000000013,1177.8,1184.3691000000003,2026-08-07 13:45:00+05:30,STOP_LOSS,1.5,0.75,False,,,,False,,,,False,,False,False,False,False,False
56,2026-08-07,BUY,2026-08-07 13:40:00+05:30,2026-08-07 13:45:00+05:30,1179.9897,2.18970000000013,1177.8,1184.3691000000003,2026-08-07 13:45:00+05:30,STOP_LOSS,1.5,1.0,False,,,,False,,,,False,,False,False,False,False,False
57,2026-08-07,BUY,2026-08-07 14:20:00+05:30,2026-08-07 14:25:00+05:30,1178.88915,2.3891499999999724,1176.5,1183.66745,2026-08-07 14:50:00+05:30,STOP_LOSS,0.5,0.25,False,,,,False,,,,False,,False,False,False,False,False
57,2026-08-07,BUY,2026-08-07 14:20:00+05:30,2026-08-07 14:25:00+05:30,1178.88915,2.3891499999999724,1176.5,1183.66745,2026-08-07 14:50:00+05:30,STOP_LOSS,0.5,0.5,False,,,,False,,,,False,,False,False,False,False,False
57,2026-08-07,BUY,2026-08-07 14:20:00+05:30,2026-08-07 14:25:00+05:30,1178.88915,2.3891499999999724,1176.5,1183.66745,2026-08-07 14:50:00+05:30,STOP_LOSS,0.5,0.75,False,,,,False,,,,False,,False,False,False,False,False
57,2026-08-07,BUY,2026-08-07 14:20:00+05:30,2026-08-07 14:25:00+05:30,1178.88915,2.3891499999999724,1176.5,1183.66745,2026-08-07 14:50:00+05:30,STOP_LOSS,0.5,1.0,False,,,,False,,,,False,,False,False,False,False,False
57,2026-08-07,BUY,2026-08-07 14:20:00+05:30,2026-08-07 14:25:00+05:30,1178.88915,2.3891499999999724,1176.5,1183.66745,2026-08-07 14:50:00+05:30,STOP_LOSS,0.75,0.25,False,,,,False,,,,False,,False,False,False,False,False
57,2026-08-07,BUY,2026-08-07 14:20:00+05:30,2026-08-07 14:25:00+05:30,1178.88915,2.3891499999999724,1176.5,1183.66745,2026-08-07 14:50:00+05:30,STOP_LOSS,0.75,0.5,False,,,,False,,,,False,,False,False,False,False,False
57,2026-08-07,BUY,2026-08-07 14:20:00+05:30,2026-08-07 14:25:00+05:30,1178.88915,2.3891499999999724,1176.5,1183.66745,2026-08-07 14:50:00+05:30,STOP_LOSS,0.75,0.75,False,,,,False,,,,False,,False,False,False,False,False
57,2026-08-07,BUY,2026-08-07 14:20:00+05:30,2026-08-07 14:25:00+05:30,1178.88915,2.3891499999999724,1176.5,1183.66745,2026-08-07 14:50:00+05:30,STOP_LOSS,0.75,1.0,False,,,,False,,,,False,,False,False,False,False,False
57,2026-08-07,BUY,2026-08-07 14:20:00+05:30,2026-08-07 14:25:00+05:30,1178.88915,2.3891499999999724,1176.5,1183.66745,2026-08-07 14:50:00+05:30,STOP_LOSS,1.0,0.25,False,,,,False,,,,False,,False,False,False,False,False
57,2026-08-07,BUY,2026-08-07 14:20:00+05:30,2026-08-07 14:25:00+05:30,1178.88915,2.3891499999999724,1176.5,1183.66745,2026-08-07 14:50:00+05:30,STOP_LOSS,1.0,0.5,False,,,,False,,,,False,,False,False,False,False,False
57,2026-08-07,BUY,2026-08-07 14:20:00+05:30,2026-08-07 14:25:00+05:30,1178.88915,2.3891499999999724,1176.5,1183.66745,2026-08-07 14:50:00+05:30,STOP_LOSS,1.0,0.75,False,,,,False,,,,False,,False,False,False,False,False
57,2026-08-07,BUY,2026-08-07 14:20:00+05:30,2026-08-07 14:25:00+05:30,1178.88915,2.3891499999999724,1176.5,1183.66745,2026-08-07 14:50:00+05:30,STOP_LOSS,1.0,1.0,False,,,,False,,,,False,,False,False,False,False,False
57,2026-08-07,BUY,2026-08-07 14:20:00+05:30,2026-08-07 14:25:00+05:30,1178.88915,2.3891499999999724,1176.5,1183.66745,2026-08-07 14:50:00+05:30,STOP_LOSS,1.25,0.25,False,,,,False,,,,False,,False,False,False,False,False
57,2026-08-07,BUY,2026-08-07 14:20:00+05:30,2026-08-07 14:25:00+05:30,1178.88915,2.3891499999999724,1176.5,1183.66745,2026-08-07 14:50:00+05:30,STOP_LOSS,1.25,0.5,False,,,,False,,,,False,,False,False,False,False,False
57,2026-08-07,BUY,2026-08-07 14:20:00+05:30,2026-08-07 14:25:00+05:30,1178.88915,2.3891499999999724,1176.5,1183.66745,2026-08-07 14:50:00+05:30,STOP_LOSS,1.25,0.75,False,,,,False,,,,False,,False,False,False,False,False
57,2026-08-07,BUY,2026-08-07 14:20:00+05:30,2026-08-07 14:25:00+05:30,1178.88915,2.3891499999999724,1176.5,1183.66745,2026-08-07 14:50:00+05:30,STOP_LOSS,1.25,1.0,False,,,,False,,,,False,,False,False,False,False,False
57,2026-08-07,BUY,2026-08-07 14:20:00+05:30,2026-08-07 14:25:00+05:30,1178.88915,2.3891499999999724,1176.5,1183.66745,2026-08-07 14:50:00+05:30,STOP_LOSS,1.5,0.25,False,,,,False,,,,False,,False,False,False,False,False
57,2026-08-07,BUY,2026-08-07 14:20:00+05:30,2026-08-07 14:25:00+05:30,1178.88915,2.3891499999999724,1176.5,1183.66745,2026-08-07 14:50:00+05:30,STOP_LOSS,1.5,0.5,False,,,,False,,,,False,,False,False,False,False,False
57,2026-08-07,BUY,2026-08-07 14:20:00+05:30,2026-08-07 14:25:00+05:30,1178.88915,2.3891499999999724,1176.5,1183.66745,2026-08-07 14:50:00+05:30,STOP_LOSS,1.5,0.75,False,,,,False,,,,False,,False,False,False,False,False
57,2026-08-07,BUY,2026-08-07 14:20:00+05:30,2026-08-07 14:25:00+05:30,1178.88915,2.3891499999999724,1176.5,1183.66745,2026-08-07 14:50:00+05:30,STOP_LOSS,1.5,1.0,False,,,,False,,,,False,,False,False,False,False,False
58,2026-08-10,BUY,2026-08-10 09:55:00+05:30,2026-08-10 10:00:00+05:30,1189.9947000000002,11.19470000000024,1178.8,1212.384100000001,2026-08-10 11:50:00+05:30,STOP_LOSS,0.5,0.25,False,,,,False,,,,False,,False,False,False,False,False
58,2026-08-10,BUY,2026-08-10 09:55:00+05:30,2026-08-10 10:00:00+05:30,1189.9947000000002,11.19470000000024,1178.8,1212.384100000001,2026-08-10 11:50:00+05:30,STOP_LOSS,0.5,0.5,False,,,,False,,,,False,,False,False,False,False,False
58,2026-08-10,BUY,2026-08-10 09:55:00+05:30,2026-08-10 10:00:00+05:30,1189.9947000000002,11.19470000000024,1178.8,1212.384100000001,2026-08-10 11:50:00+05:30,STOP_LOSS,0.5,0.75,False,,,,False,,,,False,,False,False,False,False,False
58,2026-08-10,BUY,2026-08-10 09:55:00+05:30,2026-08-10 10:00:00+05:30,1189.9947000000002,11.19470000000024,1178.8,1212.384100000001,2026-08-10 11:50:00+05:30,STOP_LOSS,0.5,1.0,False,,,,False,,,,False,,False,False,False,False,False
58,2026-08-10,BUY,2026-08-10 09:55:00+05:30,2026-08-10 10:00:00+05:30,1189.9947000000002,11.19470000000024,1178.8,1212.384100000001,2026-08-10 11:50:00+05:30,STOP_LOSS,0.75,0.25,False,,,,False,,,,False,,False,False,False,False,False
58,2026-08-10,BUY,2026-08-10 09:55:00+05:30,2026-08-10 10:00:00+05:30,1189.9947000000002,11.19470000000024,1178.8,1212.384100000001,2026-08-10 11:50:00+05:30,STOP_LOSS,0.75,0.5,False,,,,False,,,,False,,False,False,False,False,False
58,2026-08-10,BUY,2026-08-10 09:55:00+05:30,2026-08-10 10:00:00+05:30,1189.9947000000002,11.19470000000024,1178.8,1212.384100000001,2026-08-10 11:50:00+05:30,STOP_LOSS,0.75,0.75,False,,,,False,,,,False,,False,False,False,False,False
58,2026-08-10,BUY,2026-08-10 09:55:00+05:30,2026-08-10 10:00:00+05:30,1189.9947000000002,11.19470000000024,1178.8,1212.384100000001,2026-08-10 11:50:00+05:30,STOP_LOSS,0.75,1.0,False,,,,False,,,,False,,False,False,False,False,False
58,2026-08-10,BUY,2026-08-10 09:55:00+05:30,2026-08-10 10:00:00+05:30,1189.9947000000002,11.19470000000024,1178.8,1212.384100000001,2026-08-10 11:50:00+05:30,STOP_LOSS,1.0,0.25,False,,,,False,,,,False,,False,False,False,False,False
58,2026-08-10,BUY,2026-08-10 09:55:00+05:30,2026-08-10 10:00:00+05:30,1189.9947000000002,11.19470000000024,1178.8,1212.384100000001,2026-08-10 11:50:00+05:30,STOP_LOSS,1.0,0.5,False,,,,False,,,,False,,False,False,False,False,False
58,2026-08-10,BUY,2026-08-10 09:55:00+05:30,2026-08-10 10:00:00+05:30,1189.9947000000002,11.19470000000024,1178.8,1212.384100000001,2026-08-10 11:50:00+05:30,STOP_LOSS,1.0,0.75,False,,,,False,,,,False,,False,False,False,False,False
58,2026-08-10,BUY,2026-08-10 09:55:00+05:30,2026-08-10 10:00:00+05:30,1189.9947000000002,11.19470000000024,1178.8,1212.384100000001,2026-08-10 11:50:00+05:30,STOP_LOSS,1.0,1.0,False,,,,False,,,,False,,False,False,False,False,False
58,2026-08-10,BUY,2026-08-10 09:55:00+05:30,2026-08-10 10:00:00+05:30,1189.9947000000002,11.19470000000024,1178.8,1212.384100000001,2026-08-10 11:50:00+05:30,STOP_LOSS,1.25,0.25,False,,,,False,,,,False,,False,False,False,False,False
58,2026-08-10,BUY,2026-08-10 09:55:00+05:30,2026-08-10 10:00:00+05:30,1189.9947000000002,11.19470000000024,1178.8,1212.384100000001,2026-08-10 11:50:00+05:30,STOP_LOSS,1.25,0.5,False,,,,False,,,,False,,False,False,False,False,False
58,2026-08-10,BUY,2026-08-10 09:55:00+05:30,2026-08-10 10:00:00+05:30,1189.9947000000002,11.19470000000024,1178.8,1212.384100000001,2026-08-10 11:50:00+05:30,STOP_LOSS,1.25,0.75,False,,,,False,,,,False,,False,False,False,False,False
58,2026-08-10,BUY,2026-08-10 09:55:00+05:30,2026-08-10 10:00:00+05:30,1189.9947000000002,11.19470000000024,1178.8,1212.384100000001,2026-08-10 11:50:00+05:30,STOP_LOSS,1.25,1.0,False,,,,False,,,,False,,False,False,False,False,False
58,2026-08-10,BUY,2026-08-10 09:55:00+05:30,2026-08-10 10:00:00+05:30,1189.9947000000002,11.19470000000024,1178.8,1212.384100000001,2026-08-10 11:50:00+05:30,STOP_LOSS,1.5,0.25,False,,,,False,,,,False,,False,False,False,False,False
58,2026-08-10,BUY,2026-08-10 09:55:00+05:30,2026-08-10 10:00:00+05:30,1189.9947000000002,11.19470000000024,1178.8,1212.384100000001,2026-08-10 11:50:00+05:30,STOP_LOSS,1.5,0.5,False,,,,False,,,,False,,False,False,False,False,False
58,2026-08-10,BUY,2026-08-10 09:55:00+05:30,2026-08-10 10:00:00+05:30,1189.9947000000002,11.19470000000024,1178.8,1212.384100000001,2026-08-10 11:50:00+05:30,STOP_LOSS,1.5,0.75,False,,,,False,,,,False,,False,False,False,False,False
58,2026-08-10,BUY,2026-08-10 09:55:00+05:30,2026-08-10 10:00:00+05:30,1189.9947000000002,11.19470000000024,1178.8,1212.384100000001,2026-08-10 11:50:00+05:30,STOP_LOSS,1.5,1.0,False,,,,False,,,,False,,False,False,False,False,False
59,2026-08-10,BUY,2026-08-10 13:40:00+05:30,2026-08-10 13:45:00+05:30,1186.29285,1.5928499999999983,1184.7,1189.47855,2026-08-10 13:50:00+05:30,STOP_LOSS,0.5,0.25,False,,,,False,,,,False,,False,False,False,False,False
59,2026-08-10,BUY,2026-08-10 13:40:00+05:30,2026-08-10 13:45:00+05:30,1186.29285,1.5928499999999983,1184.7,1189.47855,2026-08-10 13:50:00+05:30,STOP_LOSS,0.5,0.5,False,,,,False,,,,False,,False,False,False,False,False
59,2026-08-10,BUY,2026-08-10 13:40:00+05:30,2026-08-10 13:45:00+05:30,1186.29285,1.5928499999999983,1184.7,1189.47855,2026-08-10 13:50:00+05:30,STOP_LOSS,0.5,0.75,False,,,,False,,,,False,,False,False,False,False,False
59,2026-08-10,BUY,2026-08-10 13:40:00+05:30,2026-08-10 13:45:00+05:30,1186.29285,1.5928499999999983,1184.7,1189.47855,2026-08-10 13:50:00+05:30,STOP_LOSS,0.5,1.0,False,,,,False,,,,False,,False,False,False,False,False
59,2026-08-10,BUY,2026-08-10 13:40:00+05:30,2026-08-10 13:45:00+05:30,1186.29285,1.5928499999999983,1184.7,1189.47855,2026-08-10 13:50:00+05:30,STOP_LOSS,0.75,0.25,False,,,,False,,,,False,,False,False,False,False,False
59,2026-08-10,BUY,2026-08-10 13:40:00+05:30,2026-08-10 13:45:00+05:30,1186.29285,1.5928499999999983,1184.7,1189.47855,2026-08-10 13:50:00+05:30,STOP_LOSS,0.75,0.5,False,,,,False,,,,False,,False,False,False,False,False
59,2026-08-10,BUY,2026-08-10 13:40:00+05:30,2026-08-10 13:45:00+05:30,1186.29285,1.5928499999999983,1184.7,1189.47855,2026-08-10 13:50:00+05:30,STOP_LOSS,0.75,0.75,False,,,,False,,,,False,,False,False,False,False,False
59,2026-08-10,BUY,2026-08-10 13:40:00+05:30,2026-08-10 13:45:00+05:30,1186.29285,1.5928499999999983,1184.7,1189.47855,2026-08-10 13:50:00+05:30,STOP_LOSS,0.75,1.0,False,,,,False,,,,False,,False,False,False,False,False
59,2026-08-10,BUY,2026-08-10 13:40:00+05:30,2026-08-10 13:45:00+05:30,1186.29285,1.5928499999999983,1184.7,1189.47855,2026-08-10 13:50:00+05:30,STOP_LOSS,1.0,0.25,False,,,,False,,,,False,,False,False,False,False,False
59,2026-08-10,BUY,2026-08-10 13:40:00+05:30,2026-08-10 13:45:00+05:30,1186.29285,1.5928499999999983,1184.7,1189.47855,2026-08-10 13:50:00+05:30,STOP_LOSS,1.0,0.5,False,,,,False,,,,False,,False,False,False,False,False
59,2026-08-10,BUY,2026-08-10 13:40:00+05:30,2026-08-10 13:45:00+05:30,1186.29285,1.5928499999999983,1184.7,1189.47855,2026-08-10 13:50:00+05:30,STOP_LOSS,1.0,0.75,False,,,,False,,,,False,,False,False,False,False,False
59,2026-08-10,BUY,2026-08-10 13:40:00+05:30,2026-08-10 13:45:00+05:30,1186.29285,1.5928499999999983,1184.7,1189.47855,2026-08-10 13:50:00+05:30,STOP_LOSS,1.0,1.0,False,,,,False,,,,False,,False,False,False,False,False
59,2026-08-10,BUY,2026-08-10 13:40:00+05:30,2026-08-10 13:45:00+05:30,1186.29285,1.5928499999999983,1184.7,1189.47855,2026-08-10 13:50:00+05:30,STOP_LOSS,1.25,0.25,False,,,,False,,,,False,,False,False,False,False,False
59,2026-08-10,BUY,2026-08-10 13:40:00+05:30,2026-08-10 13:45:00+05:30,1186.29285,1.5928499999999983,1184.7,1189.47855,2026-08-10 13:50:00+05:30,STOP_LOSS,1.25,0.5,False,,,,False,,,,False,,False,False,False,False,False
59,2026-08-10,BUY,2026-08-10 13:40:00+05:30,2026-08-10 13:45:00+05:30,1186.29285,1.5928499999999983,1184.7,1189.47855,2026-08-10 13:50:00+05:30,STOP_LOSS,1.25,0.75,False,,,,False,,,,False,,False,False,False,False,False
59,2026-08-10,BUY,2026-08-10 13:40:00+05:30,2026-08-10 13:45:00+05:30,1186.29285,1.5928499999999983,1184.7,1189.47855,2026-08-10 13:50:00+05:30,STOP_LOSS,1.25,1.0,False,,,,False,,,,False,,False,False,False,False,False
59,2026-08-10,BUY,2026-08-10 13:40:00+05:30,2026-08-10 13:45:00+05:30,1186.29285,1.5928499999999983,1184.7,1189.47855,2026-08-10 13:50:00+05:30,STOP_LOSS,1.5,0.25,False,,,,False,,,,False,,False,False,False,False,False
59,2026-08-10,BUY,2026-08-10 13:40:00+05:30,2026-08-10 13:45:00+05:30,1186.29285,1.5928499999999983,1184.7,1189.47855,2026-08-10 13:50:00+05:30,STOP_LOSS,1.5,0.5,False,,,,False,,,,False,,False,False,False,False,False
59,2026-08-10,BUY,2026-08-10 13:40:00+05:30,2026-08-10 13:45:00+05:30,1186.29285,1.5928499999999983,1184.7,1189.47855,2026-08-10 13:50:00+05:30,STOP_LOSS,1.5,0.75,False,,,,False,,,,False,,False,False,False,False,False
59,2026-08-10,BUY,2026-08-10 13:40:00+05:30,2026-08-10 13:45:00+05:30,1186.29285,1.5928499999999983,1184.7,1189.47855,2026-08-10 13:50:00+05:30,STOP_LOSS,1.5,1.0,False,,,,False,,,,False,,False,False,False,False,False
60,2026-08-10,BUY,2026-08-10 14:25:00+05:30,2026-08-10 14:30:00+05:30,1186.29285,3.192850000000135,1183.1,1192.6785500000003,2026-08-10 14:40:00+05:30,STOP_LOSS,0.5,0.25,False,,,,False,,,,False,,False,False,False,False,False
60,2026-08-10,BUY,2026-08-10 14:25:00+05:30,2026-08-10 14:30:00+05:30,1186.29285,3.192850000000135,1183.1,1192.6785500000003,2026-08-10 14:40:00+05:30,STOP_LOSS,0.5,0.5,False,,,,False,,,,False,,False,False,False,False,False
60,2026-08-10,BUY,2026-08-10 14:25:00+05:30,2026-08-10 14:30:00+05:30,1186.29285,3.192850000000135,1183.1,1192.6785500000003,2026-08-10 14:40:00+05:30,STOP_LOSS,0.5,0.75,False,,,,False,,,,False,,False,False,False,False,False
60,2026-08-10,BUY,2026-08-10 14:25:00+05:30,2026-08-10 14:30:00+05:30,1186.29285,3.192850000000135,1183.1,1192.6785500000003,2026-08-10 14:40:00+05:30,STOP_LOSS,0.5,1.0,False,,,,False,,,,False,,False,False,False,False,False
60,2026-08-10,BUY,2026-08-10 14:25:00+05:30,2026-08-10 14:30:00+05:30,1186.29285,3.192850000000135,1183.1,1192.6785500000003,2026-08-10 14:40:00+05:30,STOP_LOSS,0.75,0.25,False,,,,False,,,,False,,False,False,False,False,False
60,2026-08-10,BUY,2026-08-10 14:25:00+05:30,2026-08-10 14:30:00+05:30,1186.29285,3.192850000000135,1183.1,1192.6785500000003,2026-08-10 14:40:00+05:30,STOP_LOSS,0.75,0.5,False,,,,False,,,,False,,False,False,False,False,False
60,2026-08-10,BUY,2026-08-10 14:25:00+05:30,2026-08-10 14:30:00+05:30,1186.29285,3.192850000000135,1183.1,1192.6785500000003,2026-08-10 14:40:00+05:30,STOP_LOSS,0.75,0.75,False,,,,False,,,,False,,False,False,False,False,False
60,2026-08-10,BUY,2026-08-10 14:25:00+05:30,2026-08-10 14:30:00+05:30,1186.29285,3.192850000000135,1183.1,1192.6785500000003,2026-08-10 14:40:00+05:30,STOP_LOSS,0.75,1.0,False,,,,False,,,,False,,False,False,False,False,False
60,2026-08-10,BUY,2026-08-10 14:25:00+05:30,2026-08-10 14:30:00+05:30,1186.29285,3.192850000000135,1183.1,1192.6785500000003,2026-08-10 14:40:00+05:30,STOP_LOSS,1.0,0.25,False,,,,False,,,,False,,False,False,False,False,False
60,2026-08-10,BUY,2026-08-10 14:25:00+05:30,2026-08-10 14:30:00+05:30,1186.29285,3.192850000000135,1183.1,1192.6785500000003,2026-08-10 14:40:00+05:30,STOP_LOSS,1.0,0.5,False,,,,False,,,,False,,False,False,False,False,False
60,2026-08-10,BUY,2026-08-10 14:25:00+05:30,2026-08-10 14:30:00+05:30,1186.29285,3.192850000000135,1183.1,1192.6785500000003,2026-08-10 14:40:00+05:30,STOP_LOSS,1.0,0.75,False,,,,False,,,,False,,False,False,False,False,False
60,2026-08-10,BUY,2026-08-10 14:25:00+05:30,2026-08-10 14:30:00+05:30,1186.29285,3.192850000000135,1183.1,1192.6785500000003,2026-08-10 14:40:00+05:30,STOP_LOSS,1.0,1.0,False,,,,False,,,,False,,False,False,False,False,False
60,2026-08-10,BUY,2026-08-10 14:25:00+05:30,2026-08-10 14:30:00+05:30,1186.29285,3.192850000000135,1183.1,1192.6785500000003,2026-08-10 14:40:00+05:30,STOP_LOSS,1.25,0.25,False,,,,False,,,,False,,False,False,False,False,False
60,2026-08-10,BUY,2026-08-10 14:25:00+05:30,2026-08-10 14:30:00+05:30,1186.29285,3.192850000000135,1183.1,1192.6785500000003,2026-08-10 14:40:00+05:30,STOP_LOSS,1.25,0.5,False,,,,False,,,,False,,False,False,False,False,False
60,2026-08-10,BUY,2026-08-10 14:25:00+05:30,2026-08-10 14:30:00+05:30,1186.29285,3.192850000000135,1183.1,1192.6785500000003,2026-08-10 14:40:00+05:30,STOP_LOSS,1.25,0.75,False,,,,False,,,,False,,False,False,False,False,False
60,2026-08-10,BUY,2026-08-10 14:25:00+05:30,2026-08-10 14:30:00+05:30,1186.29285,3.192850000000135,1183.1,1192.6785500000003,2026-08-10 14:40:00+05:30,STOP_LOSS,1.25,1.0,False,,,,False,,,,False,,False,False,False,False,False
60,2026-08-10,BUY,2026-08-10 14:25:00+05:30,2026-08-10 14:30:00+05:30,1186.29285,3.192850000000135,1183.1,1192.6785500000003,2026-08-10 14:40:00+05:30,STOP_LOSS,1.5,0.25,False,,,,False,,,,False,,False,False,False,False,False
60,2026-08-10,BUY,2026-08-10 14:25:00+05:30,2026-08-10 14:30:00+05:30,1186.29285,3.192850000000135,1183.1,1192.6785500000003,2026-08-10 14:40:00+05:30,STOP_LOSS,1.5,0.5,False,,,,False,,,,False,,False,False,False,False,False
60,2026-08-10,BUY,2026-08-10 14:25:00+05:30,2026-08-10 14:30:00+05:30,1186.29285,3.192850000000135,1183.1,1192.6785500000003,2026-08-10 14:40:00+05:30,STOP_LOSS,1.5,0.75,False,,,,False,,,,False,,False,False,False,False,False
60,2026-08-10,BUY,2026-08-10 14:25:00+05:30,2026-08-10 14:30:00+05:30,1186.29285,3.192850000000135,1183.1,1192.6785500000003,2026-08-10 14:40:00+05:30,STOP_LOSS,1.5,1.0,False,,,,False,,,,False,,False,False,False,False,False
61,2026-08-11,BUY,2026-08-11 09:30:00+05:30,2026-08-11 09:35:00+05:30,1193.7966,4.796600000000126,1189.0,1203.3898000000004,2026-08-11 09:40:00+05:30,STOP_LOSS,0.5,0.25,False,,,,False,,,,False,,False,False,False,False,False
61,2026-08-11,BUY,2026-08-11 09:30:00+05:30,2026-08-11 09:35:00+05:30,1193.7966,4.796600000000126,1189.0,1203.3898000000004,2026-08-11 09:40:00+05:30,STOP_LOSS,0.5,0.5,False,,,,False,,,,False,,False,False,False,False,False
61,2026-08-11,BUY,2026-08-11 09:30:00+05:30,2026-08-11 09:35:00+05:30,1193.7966,4.796600000000126,1189.0,1203.3898000000004,2026-08-11 09:40:00+05:30,STOP_LOSS,0.5,0.75,False,,,,False,,,,False,,False,False,False,False,False
61,2026-08-11,BUY,2026-08-11 09:30:00+05:30,2026-08-11 09:35:00+05:30,1193.7966,4.796600000000126,1189.0,1203.3898000000004,2026-08-11 09:40:00+05:30,STOP_LOSS,0.5,1.0,False,,,,False,,,,False,,False,False,False,False,False
61,2026-08-11,BUY,2026-08-11 09:30:00+05:30,2026-08-11 09:35:00+05:30,1193.7966,4.796600000000126,1189.0,1203.3898000000004,2026-08-11 09:40:00+05:30,STOP_LOSS,0.75,0.25,False,,,,False,,,,False,,False,False,False,False,False
61,2026-08-11,BUY,2026-08-11 09:30:00+05:30,2026-08-11 09:35:00+05:30,1193.7966,4.796600000000126,1189.0,1203.3898000000004,2026-08-11 09:40:00+05:30,STOP_LOSS,0.75,0.5,False,,,,False,,,,False,,False,False,False,False,False
61,2026-08-11,BUY,2026-08-11 09:30:00+05:30,2026-08-11 09:35:00+05:30,1193.7966,4.796600000000126,1189.0,1203.3898000000004,2026-08-11 09:40:00+05:30,STOP_LOSS,0.75,0.75,False,,,,False,,,,False,,False,False,False,False,False
61,2026-08-11,BUY,2026-08-11 09:30:00+05:30,2026-08-11 09:35:00+05:30,1193.7966,4.796600000000126,1189.0,1203.3898000000004,2026-08-11 09:40:00+05:30,STOP_LOSS,0.75,1.0,False,,,,False,,,,False,,False,False,False,False,False
61,2026-08-11,BUY,2026-08-11 09:30:00+05:30,2026-08-11 09:35:00+05:30,1193.7966,4.796600000000126,1189.0,1203.3898000000004,2026-08-11 09:40:00+05:30,STOP_LOSS,1.0,0.25,False,,,,False,,,,False,,False,False,False,False,False
61,2026-08-11,BUY,2026-08-11 09:30:00+05:30,2026-08-11 09:35:00+05:30,1193.7966,4.796600000000126,1189.0,1203.3898000000004,2026-08-11 09:40:00+05:30,STOP_LOSS,1.0,0.5,False,,,,False,,,,False,,False,False,False,False,False
61,2026-08-11,BUY,2026-08-11 09:30:00+05:30,2026-08-11 09:35:00+05:30,1193.7966,4.796600000000126,1189.0,1203.3898000000004,2026-08-11 09:40:00+05:30,STOP_LOSS,1.0,0.75,False,,,,False,,,,False,,False,False,False,False,False
61,2026-08-11,BUY,2026-08-11 09:30:00+05:30,2026-08-11 09:35:00+05:30,1193.7966,4.796600000000126,1189.0,1203.3898000000004,2026-08-11 09:40:00+05:30,STOP_LOSS,1.0,1.0,False,,,,False,,,,False,,False,False,False,False,False
61,2026-08-11,BUY,2026-08-11 09:30:00+05:30,2026-08-11 09:35:00+05:30,1193.7966,4.796600000000126,1189.0,1203.3898000000004,2026-08-11 09:40:00+05:30,STOP_LOSS,1.25,0.25,False,,,,False,,,,False,,False,False,False,False,False
61,2026-08-11,BUY,2026-08-11 09:30:00+05:30,2026-08-11 09:35:00+05:30,1193.7966,4.796600000000126,1189.0,1203.3898000000004,2026-08-11 09:40:00+05:30,STOP_LOSS,1.25,0.5,False,,,,False,,,,False,,False,False,False,False,False
61,2026-08-11,BUY,2026-08-11 09:30:00+05:30,2026-08-11 09:35:00+05:30,1193.7966,4.796600000000126,1189.0,1203.3898000000004,2026-08-11 09:40:00+05:30,STOP_LOSS,1.25,0.75,False,,,,False,,,,False,,False,False,False,False,False
61,2026-08-11,BUY,2026-08-11 09:30:00+05:30,2026-08-11 09:35:00+05:30,1193.7966,4.796600000000126,1189.0,1203.3898000000004,2026-08-11 09:40:00+05:30,STOP_LOSS,1.25,1.0,False,,,,False,,,,False,,False,False,False,False,False
61,2026-08-11,BUY,2026-08-11 09:30:00+05:30,2026-08-11 09:35:00+05:30,1193.7966,4.796600000000126,1189.0,1203.3898000000004,2026-08-11 09:40:00+05:30,STOP_LOSS,1.5,0.25,False,,,,False,,,,False,,False,False,False,False,False
61,2026-08-11,BUY,2026-08-11 09:30:00+05:30,2026-08-11 09:35:00+05:30,1193.7966,4.796600000000126,1189.0,1203.3898000000004,2026-08-11 09:40:00+05:30,STOP_LOSS,1.5,0.5,False,,,,False,,,,False,,False,False,False,False,False
61,2026-08-11,BUY,2026-08-11 09:30:00+05:30,2026-08-11 09:35:00+05:30,1193.7966,4.796600000000126,1189.0,1203.3898000000004,2026-08-11 09:40:00+05:30,STOP_LOSS,1.5,0.75,False,,,,False,,,,False,,False,False,False,False,False
61,2026-08-11,BUY,2026-08-11 09:30:00+05:30,2026-08-11 09:35:00+05:30,1193.7966,4.796600000000126,1189.0,1203.3898000000004,2026-08-11 09:40:00+05:30,STOP_LOSS,1.5,1.0,False,,,,False,,,,False,,False,False,False,False,False
